timestamp_sec,amplitude_rms,frequency_centroid_hz
0.0,1.3276667e-06,8811.96478319524
0.1,2.6657402e-05,9551.109230729946
0.2,2.6689258e-05,9934.258423795618
0.3,2.7383616e-05,9852.980644530442
0.4,2.688739e-05,9695.690949894915
0.5,2.7058184e-05,9859.04199820873
0.6,4.331348e-05,8805.23916529198
0.7,2.9911955e-05,9406.65192253606
0.8,2.9249548e-05,9518.265308671675
0.9,2.6302248e-05,9748.900841154598
1.0,2.770897e-05,9722.695423688461
1.1,2.639784e-05,9815.094190419157
1.2,3.3394037e-05,9451.24826621399
1.3,2.6553364e-05,9863.159939938105
1.4,0.002113841,4651.386908743843
1.5,0.03814593,1876.324866544232
1.6,0.013062641,3285.6703009174057
1.7,0.0052381726,7356.093384735399
1.8,0.012480591,2842.06295117557
1.9,0.0077846553,2094.485191309821
2.0,0.00831792,2433.5870445643345
2.1,0.0051750755,2276.7605049670788
2.2,0.0002938406,3303.09392209585
2.3,0.00013063491,5277.887427164989
2.4,4.3877248e-05,7959.327703575116
2.5,3.0628617e-05,8888.699139994182
2.6,3.2146225e-05,8790.549626482298
2.7,3.161063e-05,9383.804136437922
2.8,2.7061582e-05,9462.84869915011
2.9,3.0494866e-05,9553.672134443053
3.0,0.00020235815,5818.998239041595
3.1,0.043433376,1518.6618758486031
3.2,0.039769392,1904.461885430936
3.3,0.009772543,3000.9441226304775
3.4,0.018058944,1079.769918192189
3.5,0.009456217,2596.2402375136653
3.6,0.005866099,8297.889739847436
3.7,0.049390152,2164.5024406229522
3.8,0.04567714,1689.0622442580557
3.9,0.030454464,1093.2505480009181
4.0,0.012814636,1087.1246399866511
4.1,0.0010351647,1598.455346548158
4.2,0.0056229853,2777.191358915433
4.3,0.00026845973,4166.600107272558
4.4,0.005067805,2594.4790636092066
4.5,0.0029587063,2124.7815744926133
4.6,0.00018791466,4316.177489412305
4.7,6.0136666e-05,7474.160040398843
4.8,3.496813e-05,9098.650244192324
4.9,2.7041631e-05,9898.319804733246
5.0,4.3074622e-05,9139.118211405948
5.1,5.2822415e-05,8674.904780638457
5.2,2.5918125e-05,9686.905473444409
5.3,2.630679e-05,9789.154533116754
5.4,2.677636e-05,9780.728509654295
5.5,2.755862e-05,9954.845895073895
5.6,7.397058e-05,8017.854111573938
5.7,0.005049695,8776.65613946269
5.8,0.011541687,2877.4790981979327
5.9,0.009995986,2130.4587325768066
6.0,0.012820946,827.148829350971
6.1,0.009647946,1471.1695399699902
6.2,0.0011050099,2192.881073234665
6.3,0.00014118748,5426.693720495798
6.4,9.7594566e-05,6826.467125098653
6.5,3.1292766e-05,9104.139560301674
6.6,3.380118e-05,8902.748381834774
6.7,4.3259013e-05,8733.839096619831
6.8,2.5435815e-05,9533.344331040687
6.9,3.0595907e-05,9156.326466250848
7.0,2.6170945e-05,9548.51660655469
7.1,3.6075253e-05,8889.77747547755
7.2,0.012969159,1035.210900701296
7.3,0.04787162,1786.791706381729
7.4,0.025765477,2429.32262197867
7.5,0.03508569,1383.7162412551215
7.6,0.06027398,1188.2500965212134
7.7,0.022900494,1590.2444758006939
7.8,0.0028097287,2815.726689992664
7.9,0.013246494,2376.149587494331
8.0,0.0049841264,2654.88800053727
8.1,0.0003214272,3465.922141138283
8.2,0.0030749056,1809.2521835508046
8.3,0.002097217,1297.1079947829542
8.4,0.00023813226,4533.0318972748655
8.5,3.832511e-05,8193.05731197753
8.6,3.4298424e-05,9037.307202081332
8.7,2.6659176e-05,9640.766240556346
8.8,2.7070464e-05,9748.47016571521
8.9,4.1664644e-05,9482.789016912346
9.0,0.0010257263,8217.926759953409
9.1,0.007566695,4232.325389716745
9.2,0.0031486421,8550.624347457753
9.3,0.004933883,4934.945343416509
9.4,0.010840303,943.4410739011803
9.5,0.0066136625,2222.7990646985045
9.6,0.0028936376,4705.887923164896
9.7,0.0016129452,6992.9648897192465
9.8,0.0037249278,1636.4880994613156
9.9,0.0040185917,2164.795919286509
10.0,0.003112328,8155.522510830542
10.1,0.0011097278,7309.82227476066
10.2,0.00011582798,7194.626132257657
10.3,5.2173065e-05,8340.911897197851
10.4,2.6363157e-05,9621.209305728577
10.5,2.7338718e-05,9528.844039790682
10.6,2.7665701e-05,10036.704169339708
10.7,2.6135178e-05,9810.286442352957
10.8,2.6180518e-05,9762.368062316855
10.9,3.2887037e-05,9342.621049840294
11.0,2.5723493e-05,9462.328012505473
11.1,5.9171514e-05,8196.738174544655
11.2,2.5885574e-05,9669.769285201426
11.3,4.0985095e-05,8988.49276775156
11.4,2.9152121e-05,9348.294676482263
11.5,2.6847509e-05,9908.220286738228
11.6,2.6388454e-05,9839.124782235922
11.7,2.5994777e-05,9798.38435065711
11.8,2.7157066e-05,9660.121049908343
11.9,5.8694473e-05,8490.455231978282
12.0,2.689561e-05,9654.044294706488
12.1,2.6519638e-05,9555.580339173091
12.2,2.538596e-05,9643.299089208558
12.3,2.7024033e-05,10050.348892606278
12.4,2.890194e-05,9600.149811918633
12.5,0.004382128,1189.7777424624103
12.6,0.033018228,1962.1289171542453
12.7,0.006744172,2783.629622812844
12.8,0.043940652,1832.3150185429495
12.9,0.020073004,2777.5699281509887
13.0,0.025497986,1614.4990782206194
13.1,0.03006147,1508.6013058586598
13.2,0.010484847,1007.8763564986942
13.3,0.019381955,2206.1774958889214
13.4,0.025658136,1755.0930655747356
13.5,0.01709721,869.0510160760178
13.6,0.010324631,1216.4053366706419
13.7,0.011905337,1047.1064297695832
13.8,0.0036471603,1314.4265441484183
13.9,0.001844142,5920.058875974397
14.0,0.0029817899,7957.583184276294
14.1,0.0061548073,1907.1910040812018
14.2,0.012002654,1396.1568301221246
14.3,0.01798609,987.3544079550409
14.4,0.04234215,2120.82341160441
14.5,0.024942208,2177.3851585304124
14.6,0.0026967207,2042.0292195020459
14.7,0.00362021,1573.4441887688715
14.8,0.0017259079,2834.6687630021797
14.9,0.0046593044,1730.3824127476933
15.0,0.0064933836,1006.1913773148214
15.1,0.0061358963,1461.8692757187187
15.2,0.002766538,2495.4971550524147
15.3,0.003800884,2061.1896909731977
15.4,0.0016061387,1827.5272721280664
15.5,0.00010818677,5546.361157726953
15.6,3.9663006e-05,8212.094750476355
15.7,3.3004864e-05,8800.009792994219
15.8,2.6502383e-05,9597.98851151511
15.9,2.6792106e-05,9788.933707518754
16.0,3.670907e-05,9398.433221298888
16.1,2.6520373e-05,9743.187397044818
16.2,2.704274e-05,9660.589986053667
16.3,3.1588716e-05,9554.568472114166
16.4,6.3811705e-05,9319.403871035202
16.5,2.9504665e-05,9686.193179519321
16.6,0.000110671965,5382.662872990194
16.7,0.023219524,1669.1339023719474
16.8,0.02648364,1502.781787086474
16.9,0.002822108,1558.8796662655573
17.0,0.0039402302,2376.16139293452
17.1,0.0062161763,2143.2097771291587
17.2,0.0068818787,1335.2096415396927
17.3,0.015293669,1315.987487148251
17.4,0.008426325,1761.6579144431994
17.5,0.008666113,3159.1217075116256
17.6,0.015914584,1361.6136150040356
17.7,0.012998426,1377.980172245087
17.8,0.0010464494,2629.723542517413
17.9,0.010417272,1792.4298860918043
18.0,0.011570249,1750.9471656727612
18.1,0.011560952,1072.8381577202188
18.2,0.0049296725,1444.4700191931174
18.3,0.00038437,2660.755675262427
18.4,0.00013065069,5097.456198506719
18.5,6.807831e-05,7394.011814696631
18.6,3.1606993e-05,8788.161545955041
18.7,2.7344056e-05,9409.192289150975
18.8,4.4261516e-05,8786.740423563828
18.9,8.6921726e-05,7723.268355652922
19.0,0.0057607004,2284.035149158754
19.1,0.011337199,1698.5743362780559
19.2,0.007036255,1989.2915255755208
19.3,0.0059759067,1300.732020761588
19.4,0.003855039,2051.56819052023
19.5,0.0055171587,7049.895559470896
19.6,0.000521089,6610.380868548586
19.7,0.0009718491,2672.4657242550265
19.8,5.9950253e-05,6741.006763336057
19.9,4.4673954e-05,7633.14107738885
20.0,2.7443466e-05,9530.153663542618
20.1,2.6465634e-05,9717.651781283726
20.2,2.8156972e-05,9958.318623263916
20.3,2.6121737e-05,9568.587626138979
20.4,2.7010801e-05,9878.231106788806
20.5,2.6539581e-05,9795.13043748944
20.6,3.2082833e-05,9203.446416200866
20.7,2.6954382e-05,9473.990144682524
20.8,2.6493704e-05,9607.507648667743
20.9,3.9452403e-05,9299.119256190177
21.0,2.5594914e-05,9677.905106619299
21.1,2.1090915e-05,9698.450853483688
21.2,2.1230278e-05,9751.681200471437
21.3,2.0700587e-05,9677.61525327895
21.4,2.0794247e-05,9700.678589067607
21.5,1.9847252e-05,9589.352598238605
21.6,2.0822315e-05,9705.092210702252
21.7,2.0980102e-05,9635.072512724993
21.8,2.0256244e-05,9618.977071119263
21.9,2.0696363e-05,9377.598803563087
22.0,0.0010106392,7353.168929131893
22.1,0.004040318,3235.8654821570162
22.2,0.006153672,3023.8526060779022
22.3,0.0073749083,3725.948010808923
22.4,0.005679525,9083.42660770397
22.5,0.011577242,4461.265338467753
22.6,0.0024999804,2694.021857535141
22.7,0.0036958652,1968.8836259539883
22.8,0.0026648573,2732.4076663796177
22.9,0.002329534,4025.8440657123483
23.0,0.0017585709,5402.755326919621
23.1,0.00012016792,5574.999377668861
23.2,0.00044915907,6266.459828388122
23.3,0.00048301087,6509.945786725519
23.4,0.00019676042,6277.649298962148
23.5,3.714188e-05,7079.26641529144
23.6,0.0009604252,4665.041774799676
23.7,0.007983696,3869.1528867679285
23.8,0.01659702,4274.145160069286
23.9,0.00043763415,3938.039325984524
24.0,0.008638763,4243.717079044653
24.1,0.00022067795,3967.0299914427114
24.2,0.004793522,6255.2316392033645
24.3,0.0027765806,3338.1555428554816
24.4,0.00111227,4173.890869868646
24.5,0.0014934026,3532.0613906564377
24.6,0.0015905623,4285.206186513995
24.7,0.0014966036,5183.435459206858
24.8,0.00031524544,4676.285779367796
24.9,3.0840012e-05,8027.73968518358
25.0,2.2026334e-05,9401.943970312856
25.1,2.0579331e-05,9520.672402910794
25.2,2.1249556e-05,9490.786372836988
25.3,2.1361797e-05,9682.10022488996
25.4,0.0001967687,9947.559501890233
25.5,0.0030665945,5123.3873817348
25.6,0.007524051,4478.195451731676
25.7,0.0017920975,4568.470407801062
25.8,0.0005653589,7693.549659878006
25.9,0.0011696308,6504.477387286832
26.0,0.0023820065,3854.182826094061
26.1,0.0023637365,5423.925893692722
26.2,0.00017503157,5346.734083094889
26.3,6.436021e-05,7376.768235611116
26.4,2.8202527e-05,9421.979683850652
26.5,2.6451156e-05,9918.927549310596
26.6,2.6052507e-05,9632.489511683496
26.7,2.5449237e-05,9884.29593968029
26.8,2.6104532e-05,9771.255390600163
26.9,2.747852e-05,9912.73633192647
27.0,2.6511978e-05,9774.828760507153
27.1,2.6168938e-05,9670.248712116681
27.2,2.6745609e-05,9906.006685150143
27.3,2.7328235e-05,9571.052297095033
27.4,3.2120875e-05,9576.395743385727
27.5,2.7331587e-05,9849.1794021104
27.6,4.1254214e-05,8651.636536909165
27.7,2.873374e-05,9582.885234973353
27.8,2.5642184e-05,9754.04399626499
27.9,3.230617e-05,9171.317115140819
28.0,2.692844e-05,9733.028976334746
28.1,3.2826465e-05,9444.021132760794
28.2,2.6332038e-05,9735.567450350398
28.3,2.6573756e-05,9831.559450641515
28.4,2.6624999e-05,9530.28774899582
28.5,4.3661446e-05,9347.811048131805
28.6,3.4094683e-05,9139.173259053507
28.7,0.00010667891,7318.3147382388415
28.8,0.026673762,1581.8208709839519
28.9,0.02668237,1625.4963122731021
29.0,0.0031181206,1480.1405337682409
29.1,0.009146909,2638.417652682664
29.2,0.010759007,1194.977671132328
29.3,0.009302558,1729.2623126648568
29.4,0.0041716415,1470.5531102373914
29.5,0.00019242895,4661.565610758889
29.6,8.8570414e-05,6695.263332909897
29.7,3.8946528e-05,8711.274897876057
29.8,2.8675442e-05,9267.687602196887
29.9,2.7540978e-05,9432.39127227409
30.0,2.6707627e-05,9644.342706922844
30.1,4.001575e-05,8933.30396562783
30.2,0.0021330358,3476.9972706318867
30.3,0.05925212,1765.312394088951
30.4,0.037616238,1796.7315361758067
30.5,0.0070705055,7556.192527108544
30.6,0.022073174,2372.8511840868446
30.7,0.026576305,967.1452019186429
30.8,0.02691881,1499.562481764312
30.9,0.02161753,1638.8500998399168
31.0,0.008659725,3753.7404706476646
31.1,0.014936981,1436.178070593487
31.2,0.0109696,1113.8053870549286
31.3,0.01980867,943.2103700378766
31.4,0.014955719,1205.5850192548914
31.5,0.0085939225,1327.792884224043
31.6,0.00094916153,2797.087907545816
31.7,0.00025884047,4418.303010801656
31.8,6.822491e-05,7544.840546752675
31.9,4.387738e-05,8478.209844363022
32.0,3.8055998e-05,8356.683246030787
32.1,2.8585053e-05,9547.200623934714
32.2,2.6693879e-05,9567.155710146802
32.3,2.6410667e-05,9510.092779804894
32.4,2.659408e-05,9844.237482781438
32.5,2.619289e-05,9725.715291945226
32.6,0.010649332,972.4906375115368
32.7,0.021280238,1350.4667955928637
32.8,0.02385728,1862.0098242607264
32.9,0.02939232,1184.3259680000065
33.0,0.026288718,1297.0111355611677
33.1,0.0052282983,1829.0476976351756
33.2,0.0017911833,2508.1755332843136
33.3,0.013734747,1610.999132604567
33.4,0.0011711916,2455.8440044148747
33.5,0.0018684864,3349.939632155118
33.6,0.0026016976,1319.6634180572564
33.7,0.00021238434,3672.6841692630333
33.8,5.8826077e-05,7273.988408345444
33.9,3.618866e-05,8567.343190566025
34.0,2.6198266e-05,9481.344022166475
34.1,3.9511935e-05,8762.927373565977
34.2,2.7199138e-05,9737.008610292582
34.3,2.7090553e-05,9697.966278387139
34.4,0.002130978,7949.837433910194
34.5,0.006055299,4544.5557803071615
34.6,0.0032740363,7806.452867555743
34.7,0.0071981912,2616.9638419059834
34.8,0.009412833,894.6764238583793
34.9,0.008176811,2493.82498256541
35.0,0.0013883808,5116.014774904269
35.1,0.0021592882,5921.13859273026
35.2,0.0044088718,1283.9275684936854
35.3,0.0027731743,4177.729328426183
35.4,0.0027598036,7643.81060656975
35.5,0.00010934119,6382.418121914355
35.6,3.2690452e-05,8538.233952136125
35.7,2.7229267e-05,9371.856586841805
35.8,2.657364e-05,9592.516085771209
35.9,2.5125722e-05,9698.985793457927
36.0,2.6780683e-05,9758.75431808729
36.1,4.4855857e-05,8942.368967827082
36.2,3.2864682e-05,9361.613574262394
36.3,8.39852e-05,8374.935009542492
36.4,3.152149e-05,9239.593597273502
36.5,2.6597401e-05,9658.044903327263
36.6,3.245962e-05,9291.465317964492
36.7,3.346413e-05,9261.862573242655
36.8,2.6932203e-05,9684.601425147233
36.9,3.3970446e-05,9592.79756993681
37.0,3.3634773e-05,9287.864343031304
37.1,2.6550157e-05,9812.119353773385
37.2,0.00010051435,9323.033175633856
37.3,2.9585528e-05,9591.130292984328
37.4,2.7384323e-05,9933.397976542863
37.5,2.7125061e-05,9674.843143402739
37.6,2.5698344e-05,9579.649697143375
37.7,2.6138769e-05,9678.394022902738
37.8,8.7694105e-05,8422.037255903402
37.9,0.014346978,1683.0394754654722
38.0,0.03222238,1355.274750940348
38.1,0.0437745,1474.3848235863425
38.2,0.026709348,1824.053972301183
38.3,0.024434915,1884.0053072334363
38.4,0.0046443064,2265.7362728715475
38.5,0.004303559,1749.9631584904264
38.6,0.0137674725,1022.8096021273421
38.7,0.026578052,1284.2039504104332
38.8,0.009004816,1877.501146590548
38.9,0.009083592,2045.9343962225996
39.0,0.00079697964,2207.132594120135
39.1,0.0053244284,1575.059394211698
39.2,0.0043732417,1156.223335030469
39.3,0.0018543776,1468.542113894981
39.4,8.036965e-05,6936.027847459728
39.5,4.0691197e-05,8087.5963323334745
39.6,2.8967594e-05,9200.136145269451
39.7,2.7006927e-05,9512.158335901031
39.8,3.693943e-05,9407.513750002629
39.9,2.746105e-05,9422.881982896726
40.0,2.6556554e-05,9713.376175736328
40.1,0.007946043,2326.2957160428564
40.2,0.0012373282,2518.8053326395934
40.3,0.0058750724,2470.6551064798646
40.4,0.0041514356,2679.744689574359
40.5,0.005660806,2011.8305906220382
40.6,0.0033003618,1414.606552304082
40.7,0.00028191137,3280.003375402338
40.8,6.921711e-05,7075.779843064801
40.9,3.0513196e-05,8841.834839757676
41.0,2.7341655e-05,9358.36792310135
41.1,2.7206226e-05,9635.934581684305
41.2,2.7179303e-05,9779.938187010792
41.3,2.8627328e-05,9526.397418289056
41.4,2.6661102e-05,9953.054041555019
41.5,2.6519456e-05,9971.494926938512
41.6,2.6383108e-05,9768.21868425627
41.7,0.006504048,2890.1066037516266
41.8,0.039691634,1895.2983636382762
41.9,0.019056702,979.8554543151018
42.0,0.0022089041,4047.4276072271005
42.1,0.016530572,1651.7195521299468
42.2,0.016672727,2268.3437226673627
42.3,0.03720665,1553.507948250764
42.4,0.03620374,1285.4733825590179
42.5,0.0068038725,4146.133936807815
42.6,0.0011198695,3590.64735008932
42.7,0.0020959142,3115.389756597825
42.8,0.004615726,2642.6862692723757
42.9,0.008048944,1986.4658491375421
43.0,0.0029927169,1288.9339736600673
43.1,0.00035707932,3329.4286728517045
43.2,0.0001314865,5923.232372781922
43.3,4.4714794e-05,7982.24977155057
43.4,2.7440103e-05,9298.212595344648
43.5,2.5854963e-05,9337.084992889506
43.6,2.7415206e-05,9744.469379144946
43.7,2.6571775e-05,9844.697644451953
43.8,2.7010312e-05,9674.943728406608
43.9,2.62706e-05,9732.632467984782
44.0,2.8027622e-05,9762.789349334294
44.1,3.5848396e-05,9623.69041942692
44.2,2.6856815e-05,9775.836184089429
44.3,0.0026304533,2469.133480546989
44.4,0.017032852,1713.7006223266076
44.5,0.006743581,1944.8658275487853
44.6,0.001935716,1926.022130164052
44.7,0.00029603572,3518.4257981314204
44.8,8.231592e-05,6064.744907874151
44.9,4.1662905e-05,8263.357540762752
45.0,2.9095278e-05,9107.992967723261
45.1,2.703632e-05,9760.25667302736
45.2,2.67268e-05,9711.814097511897
45.3,4.5449866e-05,8631.740225052552
45.4,2.5821391e-05,9636.526424706886
45.5,2.641918e-05,9706.32594708589
45.6,2.6104546e-05,9733.165623998842
45.7,0.003243668,1498.4484738368537
45.8,0.0125298165,1183.8549169058867
45.9,0.012677746,2184.1214748579723
46.0,0.0018109981,3010.2800611054013
46.1,0.0037547383,2726.4741584199214
46.2,0.0038388672,2576.197747035774
46.3,0.0006751481,3170.984615529973
46.4,0.002451931,2666.4834444812846
46.5,0.0016759317,3196.0554506443023
46.6,0.00013931954,5285.168194616779
46.7,0.0012828102,3798.6798668945803
46.8,0.00031387556,3759.1291061676816
46.9,4.6651774e-05,7505.616886171188
47.0,3.2107742e-05,8983.464435093234
47.1,2.7327193e-05,9512.405862196907
47.2,5.469404e-05,8364.448258571672
47.3,3.9997813e-05,9521.913099122572
47.4,2.5855135e-05,9968.233171465588
47.5,2.7700062e-05,9890.22589341703
47.6,2.6405869e-05,9610.703177808038
47.7,2.6995522e-05,9768.025998683263
47.8,2.6257576e-05,9589.757387016783
47.9,3.3199463e-05,9262.490492230074
48.0,4.6687543e-05,8331.372836086084
48.1,4.0322957e-05,8913.68389129444
48.2,5.437181e-05,8112.088892127389
48.3,2.6515727e-05,9618.451624447405
48.4,2.8291266e-05,9724.367252167573
48.5,2.717985e-05,9767.262061337373
48.6,2.7011049e-05,9575.02116373952
48.7,4.1029478e-05,8717.266685089073
48.8,2.6722812e-05,9715.8656500008
48.9,2.7578022e-05,9839.49716311455
49.0,2.6299567e-05,9855.552915202788
49.1,2.6465183e-05,9589.192750829929
49.2,3.798647e-05,8946.612672451454
49.3,5.329093e-05,9163.05282925039
49.4,2.9758548e-05,9511.359174770858
49.5,2.7152244e-05,9880.91266620328
49.6,3.6188576e-05,8680.408463513588
49.7,0.00013031026,6237.835568141643
49.8,0.01848446,1824.1360839680947
49.9,0.04789834,2438.4339413065977
50.0,0.043233104,2419.386301393407
50.1,0.033995952,1987.041832107525
50.2,0.026888305,1986.6741827259325
50.3,0.042526104,1718.0344848662219
50.4,0.024266299,1254.9039004418592
50.5,0.0023730353,1784.4863315408813
50.6,0.012618589,2081.2287668201448
50.7,0.018276758,1123.6283234559717
50.8,0.02355042,1494.583490982316
50.9,0.03499266,1478.3330996691711
51.0,0.017731747,1055.3323959712259
51.1,0.011175666,1301.7897907913054
51.2,0.0056118676,1052.428009636454
51.3,0.003583172,1498.971321224483
51.4,0.0003893331,2768.7581007828408
51.5,7.731199e-05,6391.209886127612
51.6,3.433244e-05,8594.727140713489
51.7,2.9324372e-05,9245.914472078957
51.8,4.6730736e-05,8217.655900800397
51.9,2.8768885e-05,9323.936957718233
52.0,3.8148544e-05,8864.718135019011
52.1,9.645853e-05,7655.023065809886
52.2,3.214733e-05,9454.406303788764
52.3,0.00028114556,5534.565146788673
52.4,0.0001628806,6639.762458244522
52.5,6.625715e-05,8619.893977950656
52.6,0.000242792,5352.412524646983
52.7,0.00011550792,7761.798654410412
52.8,0.017510887,1776.11345640107
52.9,0.023261717,1475.5885730247785
53.0,0.0042594955,7335.369283290579
53.1,0.008994821,2640.598395480335
53.2,0.010687453,1608.8993046731775
53.3,0.008563232,1912.4323405945972
53.4,0.0026992685,5054.633973108143
53.5,0.0004954139,4112.2381544087175
53.6,0.0052235317,2312.3375637468857
53.7,0.005240641,2356.0697146184407
53.8,0.0046795933,2341.401099627683
53.9,0.00093031686,2284.544547863517
54.0,0.0004558808,4965.1911867299095
54.1,0.0011910705,2648.2220916034944
54.2,0.00026517233,4759.680913175777
54.3,0.0003611704,4705.010146871922
54.4,7.870111e-05,8337.374508743913
54.5,4.0511524e-05,8760.771475355396
54.6,2.7332908e-05,9781.476238385827
54.7,0.0003821755,4683.045276483726
54.8,0.0005205182,3763.8344441893305
54.9,0.00047076395,4252.009954969226
55.0,0.00019145299,5743.048319333953
55.1,2.7537955e-05,9620.404324927555
55.2,2.6466701e-05,9603.482772302645
55.3,2.6415019e-05,9677.036548791519
55.4,2.9503055e-05,9939.405476689564
55.5,0.00019483165,6175.276612253915
55.6,0.00026170435,5473.510546986779
55.7,0.00018304055,6513.74220594342
55.8,0.0001717984,6341.511092416897
55.9,5.6313984e-05,8715.635828689237
56.0,0.000107971595,7583.53137844969
56.1,0.000112664056,8012.276124780823
56.2,2.6571586e-05,9550.60881418169
56.3,5.724294e-05,8345.135615836174
56.4,3.072709e-05,9648.062537314461
56.5,2.7326565e-05,9585.562061873461
56.6,4.3939846e-05,9175.089552671623
56.7,2.6456266e-05,9671.549708631292
56.8,2.8386336e-05,9940.488598601696
56.9,3.1360316e-05,9451.928381100868
57.0,2.6782596e-05,9917.960292513715
57.1,2.5888074e-05,9554.641014657267
57.2,2.7705555e-05,9883.933176911214
57.3,0.00047703454,2872.7248129918653
57.4,0.021520572,1220.968852575493
57.5,0.03439713,1674.8432263718812
57.6,0.002700004,2455.8282517263397
57.7,0.012393158,2457.298171976158
57.8,0.0024181535,3120.529398834059
57.9,0.0060865795,3213.191360463018
58.0,0.0047844304,2742.084351189201
58.1,0.006604163,2710.789271298381
58.2,0.00043769102,4037.5514512565114
58.3,0.009902145,1917.9918251617125
58.4,0.008870234,1721.4406383253759
58.5,0.00069357496,2943.8756478476207
58.6,0.0022008428,6667.420321913371
58.7,0.006159793,2137.478729572302
58.8,0.0010226845,2883.0354764822073
58.9,0.00173654,3452.148344872123
59.0,0.0035749078,2039.2849057815977
59.1,0.00023409989,3987.04075035382
59.2,8.766089e-05,6248.602950629354
59.3,4.9293216e-05,8229.654970055319
59.4,2.8264429e-05,9370.274521554136
59.5,2.660641e-05,9591.519162042212
59.6,2.5959056e-05,9691.592509888447
59.7,3.9803555e-05,9322.223983300642
59.8,2.6422498e-05,9784.463311532922
59.9,2.7129248e-05,9771.136479378783
60.0,3.2009768e-05,9696.018463236549
60.1,2.6818543e-05,9674.30104021843
60.2,6.5351815e-05,8135.041463116425
60.3,2.617899e-05,9729.827817309611
60.4,2.6943597e-05,9577.30978535496
60.5,3.840171e-05,9511.20332168198
60.6,0.035351157,1382.0607663680082
60.7,0.026307594,1204.8598053521778
60.8,0.0073511647,1674.6769257848773
60.9,0.009822395,1708.224290006429
61.0,0.009740903,1337.826190267005
61.1,0.014641599,1507.1614451367968
61.2,0.005998038,7342.084459944612
61.3,0.0014106772,5869.164720756173
61.4,0.0032361613,4678.466784420248
61.5,0.005084738,1573.561539927823
61.6,0.008676256,1304.0996939401896
61.7,0.0053722793,1365.037802571028
61.8,0.00033554432,3447.957137895083
61.9,0.0008510099,3553.9279603175996
62.0,0.00073430367,3853.9889814171684
62.1,0.00023710105,4129.82627921082
62.2,4.7510304e-05,8053.337136512999
62.3,2.789712e-05,9268.099890604153
62.4,2.6745955e-05,9617.917326607867
62.5,2.6375104e-05,9646.822643443973
62.6,2.5511748e-05,9624.37207004306
62.7,2.6107473e-05,9891.11515368345
62.8,0.020725278,2337.3894948897687
62.9,0.025838614,1585.238736755826
63.0,0.028213969,824.1397456569553
63.1,0.020333247,1659.002645046023
63.2,0.015066501,1663.7761984033032
63.3,0.00669009,1221.3633676561979
63.4,0.009986101,1895.7124238192798
63.5,0.0077828104,1163.1600740487688
63.6,0.01867206,1490.5846098364173
63.7,0.037425894,1556.477045676254
63.8,0.035611756,1502.2555191930887
63.9,0.038366098,1223.5572800901382
64.0,0.03636345,1157.4637584539985
64.1,0.03607401,1100.8835482374695
64.2,0.032774083,1151.0850534305841
64.3,0.004303747,1244.8503696487094
64.4,0.0009905222,2148.478655985703
64.5,0.00797952,2324.9297780348606
64.6,0.008916699,4407.56298158587
64.7,0.0012246837,7407.808870486946
64.8,0.0025298118,2461.581824875046
64.9,0.0011994054,4609.635042137153
65.0,0.0013688686,6079.352466691462
65.1,0.004046065,1323.8558098860055
65.2,0.003578226,1670.5592998450238
65.3,0.0020879777,4169.943075989262
65.4,0.0026954229,8751.904623605657
65.5,0.0009272719,7125.539640479104
65.6,4.164909e-05,8113.939937915005
65.7,4.2612897e-05,8776.785417373922
65.8,2.74344e-05,9831.030450621518
65.9,2.6559996e-05,9584.756643809505
66.0,2.6637665e-05,9737.553590215386
66.1,2.5142426e-05,9681.259389492392
66.2,2.6446936e-05,9979.870130943327
66.3,2.6362624e-05,9729.668380503652
66.4,2.7722295e-05,9902.932782557536
66.5,2.8729793e-05,9634.217954772581
66.6,3.3592012e-05,9251.492936774017
66.7,2.7572592e-05,9632.032861594038
66.8,3.442007e-05,9231.201490458756
66.9,2.6734162e-05,9639.55595340606
67.0,2.6034852e-05,9928.999743101675
67.1,2.6171467e-05,9712.216663064044
67.2,2.9286324e-05,9595.70532134308
67.3,2.702936e-05,9521.70438794838
67.4,2.80597e-05,9631.147928361974
67.5,3.0446889e-05,9560.39629324848
67.6,2.7320872e-05,9790.833303096635
67.7,3.4061144e-05,9304.304692216683
67.8,3.2948737e-05,9041.808644463166
67.9,2.7546013e-05,9828.542707733737
68.0,3.0183823e-05,9532.193120800766
68.1,2.8980077e-05,9710.913879545587
68.2,4.014521e-05,9472.790512224648
68.3,2.7138329e-05,9859.578512293563
68.4,0.0008187581,5344.894034572619
68.5,0.0017763366,6292.6982177891205
68.6,0.007894828,4130.237863505961
68.7,0.03577746,1580.7665549961102
68.8,0.022635344,1642.5618687596764
68.9,0.02241286,777.3791497272373
69.0,0.00933783,1544.8905872304206
69.1,0.004778037,1218.1346506825148
69.2,0.009055864,2152.418387162954
69.3,0.005941245,7492.557767559547
69.4,0.0025287778,5905.8931031469365
69.5,0.0034482386,2921.382292546962
69.6,0.006043409,1632.4283706631372
69.7,0.0023394434,7234.058057772851
69.8,0.004125255,6548.844240004395
69.9,0.01912348,2231.954007460295
70.0,0.0011741315,2602.279300007316
70.1,0.032129884,1063.214344440407
70.2,0.038128965,1229.6855604587518
70.3,0.021129038,1573.3715829443156
70.4,0.0014952285,1745.7497170578133
70.5,0.008010584,1976.65235483557
70.6,0.001197,3001.7409735773485
70.7,0.0009922945,3263.2284954712895
70.8,0.0046604443,2243.7163024086376
70.9,0.008861569,1679.8480157592805
71.0,0.005414762,1160.8408323258845
71.1,0.004417348,1215.5922248036409
71.2,0.0019114041,1755.3238179629652
71.3,0.0011021704,1813.4610616693012
71.4,5.2844985e-05,7042.9117390093015
71.5,3.711685e-05,8536.467806866765
71.6,2.9501462e-05,9260.38631813831
71.7,3.565098e-05,9224.193609977254
71.8,3.7494974e-05,8846.408141433527
71.9,3.8489394e-05,8730.247975744665
72.0,2.7073627e-05,9864.02999130272
72.1,2.5212958e-05,9577.89948188866
72.2,4.355346e-05,8560.676911412236
72.3,2.6627567e-05,9981.355250207638
72.4,0.002842778,5122.974196575524
72.5,0.0062791435,7367.425292762804
72.6,0.0047499198,6214.610298094626
72.7,0.006152019,3046.0208968393813
72.8,0.017888121,1907.3758229392565
72.9,0.023472697,1431.1695466496478
73.0,0.02363338,1820.5822263671419
73.1,0.0027205064,2605.089753585552
73.2,0.009902966,1691.9731782210938
73.3,0.004091833,1155.559583719616
73.4,0.0012353458,2952.8043073201143
73.5,0.0010673088,2997.9216437244368
73.6,0.0009964152,5205.181502617673
73.7,0.0011005715,3051.452386877614
73.8,0.00013968776,5038.004661810737
73.9,3.297119e-05,8673.090084541778
74.0,3.968235e-05,9142.026015522777
74.1,3.8037742e-05,9282.639283694836
74.2,2.6437532e-05,9738.739491593853
74.3,2.6571355e-05,9777.163310858972
74.4,2.7234448e-05,9939.780481491078
74.5,4.5406123e-05,8832.800574500117
74.6,2.5926482e-05,9646.86851433109
74.7,2.6450136e-05,9580.78648544191
74.8,2.6856504e-05,9484.644700945553
74.9,2.8271259e-05,9360.713182538915
75.0,2.5726067e-05,9597.844059861018
75.1,3.390605e-05,9609.637289826907
75.2,3.3966204e-05,9328.914142846912
75.3,2.6140266e-05,9906.685305880197
75.4,2.6724774e-05,9725.151272175597
75.5,2.634152e-05,9792.702621029066
75.6,2.6519585e-05,9628.882056187156
75.7,3.300626e-05,8996.792178688731
75.8,2.5674079e-05,9672.432592145651
75.9,3.2522657e-05,9175.249155887708
76.0,3.0611234e-05,9510.95494752198
76.1,2.6450558e-05,9707.292745278908
76.2,2.8143346e-05,9653.30894592236
76.3,2.934357e-05,9600.256103147554
76.4,2.610395e-05,9606.154604079087
76.5,4.0255047e-05,9016.58319785854
76.6,3.457107e-05,9110.469027909621
76.7,2.7085105e-05,9686.037537983597
76.8,0.00051988446,2879.8291673916683
76.9,0.025400449,2555.479284550631
77.0,0.04317506,1610.2173202878428
77.1,0.050926387,1426.870131529812
77.2,0.012544689,1468.350954471705
77.3,0.012263181,1767.4046276976974
77.4,0.001623883,3118.6293211142597
77.5,0.0099242395,992.1675241389624
77.6,0.011790557,1037.9601075702265
77.7,0.016579408,1389.352861305624
77.8,0.009084084,1677.1451490291156
77.9,0.0009336869,2444.275621757096
78.0,0.001957208,3576.8114957443695
78.1,0.0030178046,1348.7630561455735
78.2,0.0010443989,1706.4395200375816
78.3,7.366427e-05,6376.442436575836
78.4,4.195286e-05,8449.402596403403
78.5,2.7454127e-05,9377.357188472633
78.6,2.7013304e-05,9411.90318632713
78.7,2.679734e-05,9697.091111317919
78.8,2.8343018e-05,9299.055091856193
78.9,2.6619728e-05,9669.388101705696
79.0,2.6460284e-05,9789.524723102302
79.1,2.7077805e-05,9868.848146779688
79.2,3.4626442e-05,9579.454555959233
79.3,0.0018551908,3101.7831417692387
79.4,0.01795778,2067.5996646809444
79.5,0.023051452,1900.3032414614147
79.6,0.018850086,1877.950351548012
79.7,0.028737053,1425.4181768615238
79.8,0.033692777,1274.2316647721582
79.9,0.020603675,870.3867253215211
80.0,0.015100788,1377.0189712642364
80.1,0.012184595,1721.716788463497
80.2,0.0047896355,1678.7188510572782
80.3,0.0021678726,3726.915475440422
80.4,0.0026256163,7622.401176069092
80.5,0.002250408,5902.0128561029305
80.6,0.0024196438,7728.47463903356
80.7,0.0028873128,3822.4540417626404
80.8,0.004640526,833.2852768496717
80.9,0.0027384767,1452.98959313584
81.0,0.00020397155,4946.400200662647
81.1,5.0502793e-05,8106.499790136644
81.2,3.074897e-05,9215.453574315681
81.3,2.7460346e-05,9571.436431365471
81.4,2.7290684e-05,9549.75440664311
81.5,3.5596426e-05,9311.150343472676
81.6,2.6788823e-05,9559.304327946362
81.7,2.5452675e-05,9623.513298228982
81.8,2.6918631e-05,9761.513305537026
81.9,4.114449e-05,9274.020120720521
82.0,2.7293074e-05,9747.615239100334
82.1,3.593465e-05,9008.162002923422
82.2,2.7554348e-05,9829.0540648465
82.3,2.6615227e-05,9761.26194541337
82.4,0.008345193,1409.5328372868187
82.5,0.01812933,1651.0360706915947
82.6,0.012943536,1875.039422704403
82.7,0.0021182026,7600.347319653401
82.8,0.0055386694,2955.0753675688356
82.9,0.006583191,2135.7607769125407
83.0,0.005954471,1574.5904727307725
83.1,0.0023290801,2211.9749287236236
83.2,0.002533805,5980.859875320064
83.3,0.00012604303,6258.122847236025
83.4,0.003810844,2387.5648999907667
83.5,0.0014558511,3495.6200198127954
83.6,0.0003966738,3826.8620441211942
83.7,6.3995474e-05,7142.382953957334
83.8,3.058327e-05,9183.635557980188
83.9,3.091785e-05,9449.856292311477
84.0,3.6470705e-05,9302.659552703315
84.1,2.7076494e-05,9568.014346090487
84.2,2.612867e-05,9740.197820113282
84.3,3.126018e-05,8998.423535699063
84.4,2.7092925e-05,9668.803318395509
84.5,2.5816042e-05,9829.975437706347
84.6,3.7640195e-05,8785.596239333874
84.7,4.223786e-05,8770.682175932636
84.8,2.7016147e-05,9943.482720396627
84.9,2.639084e-05,9779.166410142592
85.0,2.631126e-05,9512.708964222711
85.1,2.743698e-05,9767.372727594622
85.2,3.492886e-05,9324.573398399116
85.3,3.0428893e-05,9746.54475520228
85.4,2.715663e-05,9640.764046887118
85.5,2.611457e-05,9614.975731790184
85.6,2.6776766e-05,9554.497973851412
85.7,2.6638569e-05,9848.359938908829
85.8,3.20684e-05,9594.541542357356
85.9,2.6989963e-05,9618.72770042211
86.0,2.6636197e-05,9880.858202936153
86.1,3.213181e-05,9539.702883240485
86.2,0.006682535,851.6015311335893
86.3,0.009136864,1665.4862415621697
86.4,0.0041864226,7583.760619656829
86.5,0.028436841,849.5486655937617
86.6,0.028503958,1557.4239713434001
86.7,0.017309533,2591.793260442769
86.8,0.03539851,1810.3753087152083
86.9,0.027001172,1386.6994777122661
87.0,0.031297866,1352.5165717058233
87.1,0.028653722,1619.4448412125598
87.2,0.022455435,1550.9676039695382
87.3,0.0012986615,2028.2757893332791
87.4,0.009137162,1809.8082178111608
87.5,0.0072195255,984.6124508139051
87.6,0.0033903834,1261.2747664087428
87.7,0.00019008438,4253.532520217656
87.8,6.696967e-05,6947.3312194145765
87.9,3.2546526e-05,8647.40787711202
88.0,2.7239295e-05,9330.512872336236
88.1,2.7072318e-05,9867.90991308591
88.2,2.5871454e-05,9676.066655293429
88.3,2.69539e-05,9707.744529136773
88.4,2.7504786e-05,9938.751994251797
88.5,2.620589e-05,9668.428973025946
88.6,2.5845266e-05,9416.332944286507
88.7,2.667995e-05,9735.057499816361
88.8,2.7026423e-05,9641.150058513378
88.9,2.6289621e-05,9680.8218431152
89.0,0.001110939,4293.639688706219
89.1,0.018289682,1444.6540642478708
89.2,0.04008967,1385.4768517407724
89.3,0.034735087,1562.2410325430626
89.4,0.02156526,1655.6857658237195
89.5,0.0038061244,2310.1541657527064
89.6,0.0015567888,2655.1432311642457
89.7,0.012191385,1160.5401362560697
89.8,0.017367596,1369.388462830314
89.9,0.009054575,1641.9166003796838
90.0,0.0024501465,3047.6770112051895
90.1,0.0019546093,3841.632039122719
90.2,0.003147908,1572.170922394997
90.3,0.00041547758,3002.236157914117
90.4,5.7659585e-05,6947.368539433844
90.5,3.1633175e-05,8985.267837699872
90.6,2.8585642e-05,9353.416648715138
90.7,2.7358967e-05,9698.492812872646
90.8,2.627426e-05,9880.140025153145
90.9,2.7134478e-05,9725.022990837493
91.0,2.6821433e-05,9904.323718196429
91.1,3.5717e-05,9459.214283176756
91.2,3.6496287e-05,9130.718083245116
91.3,2.6503143e-05,9925.926361253174
91.4,2.6641268e-05,9735.533735548783
91.5,2.67589e-05,9788.648042581357
91.6,0.0024341124,2539.1017144404223
91.7,0.005961075,1687.8795666017077
91.8,0.0022649837,2382.7541118106683
91.9,0.0051889475,2285.2759614880633
92.0,0.0018535034,7146.496923178149
92.1,0.0051891687,5547.880628593463
92.2,0.012640112,1932.3220823006657
92.3,0.010301365,1632.7460005930752
92.4,0.004535535,2261.9314539334605
92.5,0.0016138583,2262.2029751450004
92.6,0.00023856097,4277.473246887614
92.7,8.326912e-05,6640.55943493955
92.8,3.2738593e-05,8893.12237191196
92.9,2.6629714e-05,9418.486223184023
93.0,2.6121234e-05,9327.860334818577
93.1,2.7840379e-05,9899.326379777107
93.2,0.00044124783,3596.0268137242037
93.3,0.0136103295,1493.3646917420417
93.4,0.005944651,3089.6034270090895
93.5,0.013758221,2161.4962406493187
93.6,0.005164868,1966.2489896641346
93.7,0.0011002598,3056.5573255654053
93.8,0.0038385727,1640.1199114897113
93.9,0.0032937084,1140.004207059963
94.0,0.005246728,1233.7052559148956
94.1,0.0002091292,4322.192317390356
94.2,0.008241842,1981.4245438710882
94.3,0.008646257,1162.000440512077
94.4,0.003870002,6642.6867174799
94.5,0.003201902,4868.675322175579
94.6,0.005149733,1738.7893819914646
94.7,0.0055674096,1735.360746888533
94.8,0.00487243,1215.9390979134146
94.9,0.0030064313,1494.8835738541554
95.0,0.001778039,1799.2486351843354
95.1,0.00011798523,5638.839049085427
95.2,3.9521823e-05,8302.7134152568
95.3,2.802828e-05,9356.823555791301
95.4,2.6124868e-05,9481.372076655862
95.5,2.7251355e-05,9587.125183528835
95.6,3.7577134e-05,8779.412415423238
95.7,2.6741176e-05,9761.306122059159
95.8,9.1183654e-05,8465.370689870228
95.9,0.009592734,1780.6893533435914
96.0,0.0006772403,2442.3652164872337
96.1,0.0017263971,3443.159461205103
96.2,0.0036187954,2354.9365391684496
96.3,0.00015931008,5171.008161510102
96.4,0.0011946091,4901.016261060928
96.5,0.0029080699,1399.7450190947302
96.6,0.002096889,2295.3597387079626
96.7,0.001623835,9348.011646006726
96.8,0.00062183564,7415.601113331606
96.9,4.731969e-05,8585.08677712171
97.0,3.437695e-05,9515.843852558308
97.1,2.7219718e-05,9795.423014547117
97.2,2.67529e-05,9780.014927031712
97.3,3.1221465e-05,9489.96484872774
97.4,2.7325666e-05,9817.8401064384
97.5,2.7010661e-05,9835.341549971445
97.6,2.6969317e-05,9754.28972483033
97.7,4.023162e-05,8835.083687330745
97.8,2.9382181e-05,9682.746452903084
97.9,2.7326243e-05,9895.546044155737
98.0,2.5633977e-05,9627.135888812574
98.1,2.7144164e-05,9938.150537058511
98.2,4.8109578e-05,9108.740397819263
98.3,2.692467e-05,9790.714901348874
98.4,2.6800793e-05,9767.643530480163
98.5,4.9426562e-05,8372.406889593381
98.6,3.2250067e-05,9339.867160375637
98.7,2.658012e-05,9525.87277310922
98.8,2.6155878e-05,9550.464434205742
98.9,3.522872e-05,8932.155870706763
99.0,6.218466e-05,8419.971397557681
99.1,3.3234875e-05,9534.852662688127
99.2,2.736309e-05,9637.250593987295
99.3,2.582857e-05,9573.909581250937
99.4,2.5995821e-05,9869.547912941613
99.5,3.3313416e-05,9570.59559813366
99.6,2.631983e-05,9587.784673993414
99.7,2.6181535e-05,9578.92869445149
99.8,2.6982614e-05,9753.562642317142
99.9,2.7845312e-05,9493.78534139907
100.0,2.650071e-05,9823.888088232894
100.1,3.4529672e-05,9511.588559194844
100.2,2.6289248e-05,9627.612240869541
100.3,3.577228e-05,9387.342990641591
100.4,2.681475e-05,9837.08967458912
100.5,0.0030316648,2079.402176626762
100.6,0.039006516,1913.3910358082733
100.7,0.028277617,1906.6705222191606
100.8,0.005092318,7966.536154643654
100.9,0.029919801,1753.4269454379787
101.0,0.0025519817,1870.151235324062
101.1,0.019520601,1716.412039725447
101.2,0.01717866,1618.03789850946
101.3,0.011602773,1729.594561804683
101.4,0.0047314754,5102.906010749755
101.5,0.0032119195,9010.884774687394
101.6,0.01664446,1867.2388768387107
101.7,0.013720267,1817.3185490027097
101.8,0.009078768,1491.4884341442635
101.9,0.0039714766,4294.410144947374
102.0,0.011862669,1806.2086867496591
102.1,0.0041679796,1462.3975696835828
102.2,0.00042957478,3670.7465017234495
102.3,0.0003498866,4253.842250190017
102.4,0.0001326233,6992.645100793388
102.5,3.6589943e-05,8929.071879214152
102.6,2.8462704e-05,9474.801419058382
102.7,2.9649582e-05,9642.96380630588
102.8,3.1416603e-05,9563.556395503005
102.9,2.7356959e-05,9493.45648231237
103.0,3.834728e-05,8931.248140488198
103.1,2.560416e-05,9440.899217838334
103.2,2.8327102e-05,9351.979387407977
103.3,0.024954693,1582.682012408663
103.4,0.009850864,1158.6327369779422
103.5,0.031579576,1148.2353082868206
103.6,0.018126134,1427.4032404221934
103.7,0.0018433507,3561.002676880078
103.8,0.0015634947,3479.5633767233853
103.9,0.0017196069,2793.364551198175
104.0,0.00480175,1158.5825230594264
104.1,0.004184309,2894.6444328131806
104.2,0.0009175571,4082.9505786736604
104.3,0.004046793,2060.3601518205796
104.4,0.00040420747,2834.2018781405986
104.5,9.816829e-05,6042.87752182986
104.6,5.7317746e-05,7334.071698042697
104.7,2.8921184e-05,9186.260849499475
104.8,3.3004406e-05,9454.4767232124
104.9,3.978396e-05,9125.786768536003
105.0,2.5759891e-05,9655.351632196222
105.1,2.9798031e-05,9775.460223780501
105.2,5.2767053e-05,8979.8187355352
105.3,2.7227692e-05,9762.128226526063
105.4,2.7647979e-05,9714.102234419794
105.5,0.002646718,6012.374611808102
105.6,0.020012906,993.7864243493789
105.7,0.025152307,1103.372054459471
105.8,0.0030805303,1686.3442455622417
105.9,0.0068605444,6939.873747687499
106.0,0.007060106,3440.0122230351435
106.1,0.008368215,2133.6841487638
106.2,0.0060680145,1615.2188368731877
106.3,0.0005633036,3389.5686954260877
106.4,0.00039214545,4364.278923738405
106.5,0.0033843883,2232.903607053294
106.6,0.0038148253,1665.0546990447187
106.7,0.00037906072,3740.890479681284
106.8,8.5585285e-05,7005.509534432287
106.9,2.8364653e-05,9179.436127680516
107.0,2.7354821e-05,9559.643281260747
107.1,2.7442744e-05,9578.359643779211
107.2,2.577934e-05,9653.147903302688
107.3,3.348319e-05,8900.376428312582
107.4,2.6873611e-05,9749.810351692675
107.5,0.00093932997,3626.3911268111724
107.6,0.0054292846,1820.7044779399703
107.7,0.0043847384,2587.7436506242175
107.8,0.0035248855,3330.4967227003654
107.9,0.004036266,2224.2481809685323
108.0,0.0003826964,3737.131605796578
108.1,0.0025367301,3313.8867637859857
108.2,0.0014155229,7966.202043888177
108.3,0.0033682561,1359.73571571073
108.4,0.0021066817,2092.0936984418495
108.5,0.0015777898,7847.5548062390535
108.6,0.00029029354,7454.680817934167
108.7,3.2390104e-05,8782.176827796684
108.8,5.2879142e-05,8795.887871583891
108.9,2.6845291e-05,9662.120544512649
109.0,2.8504404e-05,9842.253109427995
109.1,2.5845608e-05,9700.325779521172
109.2,2.7414377e-05,9613.256760403176
109.3,2.6085174e-05,9791.235429203574
109.4,2.9373547e-05,9630.374164171906
109.5,4.3815227e-05,8611.501038852337
109.6,2.6808564e-05,9580.032632549857
109.7,2.7282364e-05,9807.330856666173
109.8,2.9209592e-05,9777.140158037277
109.9,2.6874664e-05,9752.553388791799
110.0,3.0298623e-05,9369.646461256692
110.1,2.6904825e-05,9683.556653098543
110.2,2.5336642e-05,9543.051398905074
110.3,4.5451237e-05,8469.952350898413
110.4,0.0007592175,6759.126509161071
110.5,0.009977511,1092.758857793348
110.6,0.0013634171,1793.3526633807146
110.7,0.00013618232,5949.189483333207
110.8,7.2910254e-05,7197.280238808682
110.9,4.1298572e-05,8921.206695210556
111.0,2.9952611e-05,9365.590274438375
111.1,0.003182817,2320.404653435138
111.2,0.0053894464,4262.129686762835
111.3,0.0038962201,5061.746285223763
111.4,0.003301139,8030.374877218656
111.5,0.0032962782,5209.534938187344
111.6,0.0061282334,2399.1468117082754
111.7,0.0060214405,2507.933511789724
111.8,0.006036098,1840.7603980871484
111.9,0.0039058428,1709.2610767076912
112.0,0.002222044,1964.1918380216475
112.1,0.00018758628,4270.64028754312
112.2,4.8891667e-05,7371.763240287467
112.3,3.065698e-05,8943.04115836936
112.4,4.4857723e-05,8792.857058804133
112.5,2.6767728e-05,9693.82941727743
112.6,2.7238633e-05,9727.295156370117
112.7,3.5201505e-05,9234.678102272246
112.8,2.7105767e-05,9665.197548582611
112.9,3.7210364e-05,8794.654946857732
113.0,2.6421378e-05,9599.744837448477
113.1,2.524848e-05,9839.018989704753
113.2,2.7946298e-05,9886.538590009672
113.3,2.7561438e-05,9507.584677266404
113.4,2.6981284e-05,9706.897750100134
113.5,2.6381125e-05,9667.45696924599
113.6,2.6933592e-05,9789.632314325885
113.7,0.00019624627,5821.644233474656
113.8,0.0034718798,1918.8747065400285
113.9,0.0029369562,1611.6225476573272
114.0,0.004294588,1998.7831477924435
114.1,0.0028525577,1998.3450289712198
114.2,0.00050815823,3780.897045153639
114.3,0.00087795476,3889.7586487643243
114.4,0.0024126747,3497.0721612507805
114.5,0.00032946057,4035.323830319647
114.6,4.0456867e-05,7765.5806164369615
114.7,4.6048863e-05,8832.202303801045
114.8,2.7355054e-05,9749.492659192216
114.9,2.7690065e-05,9607.379483033183
115.0,4.2460306e-05,8919.10326227155
115.1,3.3520904e-05,9359.625761759193
115.2,2.9804069e-05,9573.749725997312
115.3,2.7988617e-05,9719.754392706025
115.4,2.64203e-05,9761.309842944873
115.5,2.6453947e-05,9553.979180953886
115.6,2.7357604e-05,9781.946065273643
115.7,2.6752748e-05,9823.605942440001
115.8,2.6567124e-05,9661.523464733029
115.9,3.602696e-05,8755.566860848056
116.0,2.6831372e-05,9517.139689569185
116.1,3.5087356e-05,9203.721785737414
116.2,2.6848786e-05,9916.254491341724
116.3,2.6192953e-05,9656.790445893219
116.4,3.576015e-05,8927.589308452356
116.5,0.0014077012,5928.431155800465
116.6,0.0054269657,2280.7851304477167
116.7,0.0018686734,2011.6028184787142
116.8,0.0057326555,1685.8761519247712
116.9,0.0025883063,2204.19876539376
117.0,0.0015396059,2588.419630562
117.1,0.0007479952,3668.2336624650634
117.2,0.0028248713,2279.733340928433
117.3,0.0010951812,2442.3988694284626
117.4,0.00035970708,5186.899459512882
117.5,3.239812e-05,8382.802142888842
117.6,0.0005949739,3938.8049567227963
117.7,0.002786116,2190.26876753462
117.8,0.0016029502,1755.0157641553678
117.9,0.001190681,2432.6161276808807
118.0,0.0006840233,3518.4502164434225
118.1,5.5786302e-05,7606.895722337311
118.2,3.348898e-05,8625.995816260573
118.3,2.675011e-05,9332.224392599046
118.4,3.7419322e-05,9326.845497766752
118.5,2.7824195e-05,9781.757300225265
118.6,2.6565309e-05,9891.937860654427
118.7,3.0719842e-05,9086.661856112572
118.8,4.1584786e-05,9182.34251834049
118.9,3.5832396e-05,9244.610213502374
119.0,3.435553e-05,8981.705285689935
119.1,8.154057e-05,9109.077218827662
119.2,3.0576884e-05,9406.40906974919
119.3,2.676514e-05,9626.659568395606
119.4,2.6863832e-05,9961.509109079527
119.5,2.7106153e-05,9828.33305649181
119.6,2.6873768e-05,9640.086577198143
119.7,2.7290513e-05,9613.375635859156
119.8,3.491699e-05,9288.823523510571
119.9,2.6497582e-05,9827.280795460229
120.0,2.611072e-05,9876.97069410102
120.1,2.788329e-05,9655.259412119485
120.2,2.576954e-05,9714.174994574763
120.3,4.2795626e-05,8763.875444834914
120.4,0.015473298,1210.8493479813728
120.5,0.0067617097,8442.727213433838
120.6,0.015447897,2356.822167969647
120.7,0.0032774196,4963.86688916388
120.8,0.028322617,1633.160444851595
120.9,0.026095308,1359.1684634137455
121.0,0.02125245,1225.8640597635322
121.1,0.017455477,1628.4895061260447
121.2,0.0013939714,1782.9100066336848
121.3,0.0029644498,2961.51296224789
121.4,0.0044242353,2176.621486031682
121.5,0.0041889152,1852.5270927459787
121.6,0.004356708,1425.1212537613383
121.7,0.0028995068,1233.7789045588565
121.8,0.0018371317,2301.8404351635877
121.9,0.0010094286,2365.3672520381083
122.0,0.0001766981,4643.999554284739
122.1,3.9583723e-05,7901.954372984602
122.2,3.671528e-05,8706.649523582615
122.3,2.7115595e-05,9323.4523287221
122.4,3.3043747e-05,9690.94246094847
122.5,3.2369157e-05,9344.608362438757
122.6,2.6812086e-05,9641.189107278838
122.7,2.7827342e-05,9893.240517763541
122.8,2.762237e-05,9662.756206529113
122.9,9.4811076e-05,8379.26174064387
123.0,5.8179587e-05,8058.730886105699
123.1,5.2150972e-05,9215.422281136322
123.2,5.696791e-05,8743.9065154263
123.3,0.0016713783,6117.277966041793
123.4,0.022310792,1674.3750044659134
123.5,0.025936525,869.535703654435
123.6,0.017074415,1162.5290712700319
123.7,0.0019812693,5169.243990740805
123.8,0.005039256,5738.923512594994
123.9,0.010767743,1356.9436945009672
124.0,0.017896453,1312.4578151369897
124.1,0.014737505,1294.7889319601586
124.2,0.011879909,1485.9860892296958
124.3,0.008493042,1802.8660419843243
124.4,0.004504747,1739.4801603728058
124.5,0.0013011063,2684.419837153016
124.6,0.00014996497,5708.8829302883805
124.7,0.013234621,1654.6530235310513
124.8,0.028861497,1039.517341801719
124.9,0.032721788,1245.545379098205
125.0,0.026814038,1293.2276802479948
125.1,0.02511515,987.5379922687393
125.2,0.012085648,772.1670251660352
125.3,0.0017092717,3245.070165888142
125.4,0.0025965308,3022.7610336274324
125.5,0.0025229852,8029.397776722656
125.6,0.0015643738,2961.643991607857
125.7,0.0022278705,2269.348627960593
125.8,0.0027575968,2121.802370226709
125.9,0.0010636596,2190.1546221098724
126.0,0.00010913084,6284.128282790636
126.1,0.0021194508,3046.496481367815
126.2,0.001753456,2053.5889462357068
126.3,0.0011463112,1876.014875033125
126.4,0.0014864303,3046.509037215741
126.5,0.0004945262,3437.088266555909
126.6,0.0006273121,3013.0891214100957
126.7,0.00052234996,4777.70905867229
126.8,0.002177348,1813.8878113060832
126.9,0.00027760374,3680.1481312404503
127.0,4.7611236e-05,8277.761261440703
127.1,4.180763e-05,8837.513050708447
127.2,3.345968e-05,8896.546640711538
127.3,2.5938318e-05,9595.243179504241
127.4,2.755277e-05,9806.687594173038
127.5,3.5067864e-05,9299.07740908515
127.6,9.919662e-05,7191.225291653278
127.7,2.6434009e-05,9968.813222768138
127.8,3.889433e-05,8958.601870706472
127.9,2.6192369e-05,9535.455187836349
128.0,3.7772505e-05,9044.50144803152
128.1,5.0670347e-05,8658.061217987182
128.2,2.6504698e-05,9798.77389939833
128.3,2.674831e-05,9801.815732298332
128.4,2.7094982e-05,9875.25809818834
128.5,8.720553e-05,8602.533439104991
128.6,0.007578914,2810.2364981056903
128.7,0.00787441,2261.699442063403
128.8,0.006673403,1740.0206249790413
128.9,0.007988741,876.0067522484917
129.0,0.009508749,1352.5793032799575
129.1,0.008551637,1381.424556195484
129.2,0.0003611974,3444.1781999907844
129.3,0.00055693125,3852.947899277019
129.4,0.00025683144,4087.938914691518
129.5,5.6699402e-05,7232.570292594439
129.6,3.2704967e-05,9219.129065751778
129.7,2.7701088e-05,9272.30488054073
129.8,0.0052426066,6824.11539459044
129.9,0.023681547,2724.718733659548
130.0,0.028155524,1484.7791909318544
130.1,0.020887937,1694.1951704591472
130.2,0.004694514,5570.805718003467
130.3,0.0075790924,1275.4462144560578
130.4,0.0041227713,1457.8024745548316
130.5,0.0007079725,3998.4502862693516
130.6,0.0029187168,1205.8173099125001
130.7,0.0020168163,1172.4237157427926
130.8,0.00022626077,4613.245842040746
130.9,7.3544135e-05,6824.868038562485
131.0,3.500659e-05,8635.929918689257
131.1,5.0472925e-05,8841.180794864144
131.2,2.7027769e-05,9579.236185720623
131.3,0.0014170443,6219.531294863311
131.4,0.008843165,1391.0996685327787
131.5,0.005744832,1435.1500987375898
131.6,0.0050474345,2505.9758687093977
131.7,0.0002567688,3349.708791197992
131.8,0.003422999,2894.7114016481146
131.9,0.00028286708,4378.587819422181
132.0,0.0017334359,4866.522152184589
132.1,0.0036624805,1124.8410659322512
132.2,0.0024882278,2128.3753605891916
132.3,0.0022314342,7357.365458505024
132.4,0.00084110553,7691.163116228028
132.5,7.006558e-05,7284.3150145720365
132.6,9.329713e-05,7981.393484059479
132.7,2.7635984e-05,9742.591165812308
132.8,4.758468e-05,9130.426091315276
132.9,2.6942926e-05,9457.489637746154
133.0,3.3163025e-05,9525.172028478832
133.1,2.6627356e-05,9744.810686097328
133.2,2.6444519e-05,10025.903147606741
133.3,2.8791692e-05,9633.379129180677
133.4,2.9952818e-05,9369.164956779001
133.5,9.7907156e-05,7054.363108937294
133.6,2.7909615e-05,9792.339007059978
133.7,2.5354435e-05,9709.797955354205
133.8,3.26296e-05,9464.612911142282
133.9,2.6808655e-05,9595.911569710484
134.0,2.7778508e-05,9646.80430946041
134.1,2.5876678e-05,9635.005964026826
134.2,3.075128e-05,9263.499351602451
134.3,2.7636579e-05,9896.86888924671
134.4,2.7679873e-05,9854.698238838184
134.5,2.6728036e-05,9863.42780681267
134.6,2.68548e-05,9778.939063477066
134.7,3.5991136e-05,9230.736734825963
134.8,2.6455411e-05,9606.949628013434
134.9,2.6903068e-05,9622.13876695175
135.0,3.8280512e-05,9031.568821804018
135.1,2.6442822e-05,9780.916201654454
135.2,2.5274596e-05,9540.448739686934
135.3,2.947181e-05,9725.521048345694
135.4,2.7333039e-05,9749.109220552844
135.5,2.5860307e-05,9767.746802564432
135.6,3.050774e-05,9585.078124425829
135.7,2.8273087e-05,9808.434288414668
135.8,2.6579008e-05,9761.57598436002
135.9,2.5870952e-05,9542.771190570791
136.0,2.5388252e-05,9546.501122925161
136.1,2.5680456e-05,9622.150013041006
136.2,2.7061113e-05,9765.544853064303
136.3,2.7310341e-05,9812.259224439473
136.4,2.7720693e-05,9783.70015543383
136.5,0.011866951,2465.2718718665246
136.6,0.023150386,1454.8535119728742
136.7,0.011398816,2478.743127264928
136.8,0.01156207,1898.278386771918
136.9,0.027173394,1617.3293141419913
137.0,0.026177661,1701.6359763189039
137.1,0.030331867,1258.379900677391
137.2,0.0140724005,1658.1929101196936
137.3,0.0055807536,7452.295032628849
137.4,0.0035954374,4842.221178904555
137.5,0.02466481,2226.4871493033506
137.6,0.040806256,1475.8074674397221
137.7,0.01818532,1652.697429030205
137.8,0.02195823,1173.8541114417214
137.9,0.022564184,1225.3358573759756
138.0,0.010712491,1914.2913703811541
138.1,0.0012744825,2522.1958977299
138.2,0.010231892,2289.44015995311
138.3,0.0017151603,3069.4202745568664
138.4,0.004055775,3227.617309896673
138.5,0.009558826,1325.498154571491
138.6,0.0059580947,1411.9751744807088
138.7,0.004347914,1580.4093238665712
138.8,0.0019968327,2144.315911292459
138.9,0.000111816094,5979.278356178314
139.0,4.635535e-05,7819.340582239653
139.1,2.8341155e-05,9483.547688677547
139.2,3.3085173e-05,9156.810401827222
139.3,2.5784373e-05,9372.97580752269
139.4,3.2495656e-05,9399.537486010664
139.5,2.7333559e-05,9849.608982252268
139.6,2.7195158e-05,9617.400712862065
139.7,2.653921e-05,9691.95078694978
139.8,2.8260296e-05,9694.481196197312
139.9,2.8051028e-05,9629.256402881829
140.0,3.0495472e-05,9664.183245760223
140.1,3.228184e-05,9638.138059298695
140.2,3.1584306e-05,9968.914135672563
140.3,3.0554707e-05,9807.50512928969
140.4,3.0732273e-05,9852.879005830357
140.5,3.756115e-05,9260.270206015399
140.6,4.3472366e-05,8880.845209525949
140.7,0.006260887,2295.181653486981
140.8,0.008147673,1315.5159408927693
140.9,0.009760987,2177.0659982046245
141.0,0.0045301835,2602.1907034171395
141.1,0.0039933533,1363.015219116577
141.2,0.0038235208,1327.627895976612
141.3,0.0016254453,3040.985786317092
141.4,0.0070183836,2282.7305182837326
141.5,0.008478809,2075.5182712426645
141.6,0.0026392303,2699.0247457679766
141.7,0.004476217,1067.0580495063673
141.8,0.004079557,1418.5906330389626
141.9,0.0016696234,1726.4611726963442
142.0,0.0005381695,3440.4960919688065
142.1,0.0006719308,3317.0469118358633
142.2,9.881902e-05,6373.000307867951
142.3,3.260551e-05,9288.848419156286
142.4,3.130563e-05,9889.119426330599
142.5,3.152859e-05,9833.272055191013
142.6,3.2398664e-05,9609.327889835131
142.7,0.011931026,1864.4959974896071
142.8,0.02169099,2044.2517704405645
142.9,0.016602766,2201.106629895646
143.0,0.012644883,2136.1283247850592
143.1,0.0049862564,7136.369917495202
143.2,0.006308681,6822.552133506111
143.3,0.01005887,3085.293582005639
143.4,0.0024519118,4275.141753523176
143.5,0.0025394082,3188.9254556409765
143.6,0.0021122578,2062.046157958532
143.7,0.0027769827,2938.199896057108
143.8,0.0046081026,1604.845733980859
143.9,0.004389883,1514.900599277378
144.0,0.004398226,1604.8765196195498
144.1,0.0026578156,2136.180754074067
144.2,0.0005453611,3032.3152914880393
144.3,8.644578e-05,7029.700795919318
144.4,3.879637e-05,8727.882514257244
144.5,3.2598542e-05,9429.420731464576
144.6,3.1191506e-05,9762.085444078053
144.7,3.13947e-05,9780.076775399175
144.8,3.067719e-05,9726.643837416437
144.9,3.093103e-05,9795.77465004976
145.0,3.114568e-05,9821.13962103996
145.1,5.6028173e-05,8057.9060323639305
145.2,2.7093545e-05,9528.977691736756
145.3,3.445297e-05,8861.034165450004
145.4,3.0600422e-05,9586.230388101994
145.5,2.8360451e-05,9411.769710324039
145.6,2.7149015e-05,9941.369619480196
145.7,2.739806e-05,9717.393072267574
145.8,3.022854e-05,9454.616159632717
145.9,0.0059438194,1902.9702398847082
146.0,0.004243528,7430.988831548352
146.1,0.01046639,2344.778513342213
146.2,0.0019394428,3170.690895283621
146.3,0.0035226396,1836.7498043634614
146.4,0.008127423,1777.7679609178958
146.5,0.015044115,1472.1638369660507
146.6,0.013886677,726.2632049945466
146.7,0.004421385,2069.9359431864327
146.8,0.0039000825,1431.0316412814132
146.9,0.0017707706,1497.8954931037406
147.0,0.00012525645,5481.298290225358
147.1,4.5169185e-05,8109.529969324266
147.2,3.1708198e-05,9044.886852937121
147.3,3.3278317e-05,9215.82030592193
147.4,2.6572628e-05,9723.050502916634
147.5,2.858837e-05,9498.756794037994
147.6,2.5195539e-05,9949.93513761575
147.7,0.0013161245,3225.4971348910626
147.8,0.004930286,2684.094415254716
147.9,0.010137611,2517.253188464185
148.0,0.0014203031,2161.076865060098
148.1,0.011892047,1590.6498695685857
148.2,0.012307627,1962.9413707316962
148.3,0.0010996398,2301.982210430824
148.4,0.00069291674,3802.699732348353
148.5,0.0029938251,2050.7328182311735
148.6,0.00011022442,6475.151585407921
148.7,0.0017953718,5093.489248656614
148.8,0.0014841976,1732.5026678121328
148.9,0.0009479034,3048.804847580492
149.0,0.0014644924,7231.356949375468
149.1,0.00019702184,6938.406268268027
149.2,4.3978314e-05,8504.15784197008
149.3,4.171249e-05,8856.357437035313
149.4,4.2530442e-05,9299.718722593781
149.5,2.6803024e-05,9739.639017926282
149.6,2.0409998e-05,9546.16810979356
149.7,2.0621974e-05,9535.417958247952
149.8,2.0785874e-05,9687.15856422418
149.9,2.0762265e-05,9892.127144525915
150.0,2.0536412e-05,9504.643153376634
150.1,2.1145674e-05,9315.752938701646
150.2,2.0803689e-05,9881.411032543565
150.3,2.002768e-05,9410.278829043273
150.4,1.9908779e-05,9549.446004411702
150.5,2.029126e-05,9507.4911058543
150.6,2.0782592e-05,9684.663100062819
150.7,2.0957925e-05,9444.546754504212
150.8,1.9988689e-05,9637.953808384667
150.9,2.0810585e-05,9559.58712820296
151.0,2.0603922e-05,9788.466037269023
151.1,2.0425767e-05,9566.920830012243
151.2,2.075583e-05,9721.401780355467
151.3,2.0631252e-05,9593.54597110897
151.4,2.0993062e-05,9404.490075298829
151.5,2.141194e-05,9709.708621422858
151.6,2.0304407e-05,9556.688469545665
151.7,2.0478903e-05,9345.244444557502
151.8,2.0586009e-05,9411.5782345169
151.9,2.0214571e-05,9550.317216844189
152.0,2.0372778e-05,9459.457283824286
152.1,2.119829e-05,9470.223012116796
152.2,2.05764e-05,9450.345803904533
152.3,2.1636557e-05,9662.183905993126
152.4,2.0924459e-05,9627.675522546631
152.5,2.7006748e-05,9514.17355964847
152.6,2.6291298e-05,9656.040285973631
152.7,0.0035710626,3371.5168468713573
152.8,0.008720976,2065.652667503192
152.9,0.009901376,1281.2529477862654
153.0,0.007501876,2443.765627106698
153.1,0.008897147,1884.0332817004132
153.2,0.0025874944,1671.2106284407457
153.3,0.01087243,1715.9033545955047
153.4,0.012412004,1546.5357645743495
153.5,0.0078793,1379.2162465510178
153.6,0.0006103881,2475.4130352448883
153.7,0.0011119508,3975.1242671106215
153.8,0.00053984113,3633.338663008523
153.9,0.00020414476,4617.524716139866
154.0,4.095569e-05,8547.874379672507
154.1,2.784422e-05,9294.142636151362
154.2,2.7441234e-05,9671.017225586198
154.3,2.65677e-05,9806.350850080453
154.4,2.679262e-05,9714.96957119984
154.5,2.6780925e-05,9823.279571235205
154.6,2.57227e-05,9577.603757486555
154.7,0.0022313981,1847.2223418862172
154.8,0.025693705,1563.9726646753413
154.9,0.019083858,1321.5801047307864
155.0,0.024884349,1677.247273835824
155.1,0.016716741,1877.7636856812549
155.2,0.017464662,817.3455869222016
155.3,0.023596264,1186.3643231567312
155.4,0.013721294,1136.358541486026
155.5,0.011153658,1497.9773435113611
155.6,0.001717364,2257.7218251942168
155.7,0.00485118,1799.61994331992
155.8,0.0016894944,1567.1099457447085
155.9,0.00012525026,5152.0419652282735
156.0,5.0038587e-05,7868.507345605731
156.1,2.8812228e-05,9388.604735581368
156.2,2.8837405e-05,9579.003725795934
156.3,2.7105587e-05,9710.685828588827
156.4,9.326657e-05,7848.559066415868
156.5,0.013397183,1650.4673921550484
156.6,0.004392356,3263.3562085870008
156.7,0.011732649,1866.739625901884
156.8,0.01019782,1783.614004486227
156.9,0.010092502,2122.452259834788
157.0,0.021613734,1345.7837992498912
157.1,0.0060136626,1757.5857538745067
157.2,0.0011284271,3280.1599205191083
157.3,0.0013010148,2765.788737017281
157.4,0.0013699963,5641.207612528276
157.5,0.0030656045,1644.8034652605475
157.6,0.0031585086,6811.223529064098
157.7,0.0002754599,7570.064728832793
157.8,0.002519766,2034.114151797382
157.9,0.00015128746,5291.559971613252
158.0,5.663806e-05,7300.6410276911665
158.1,3.0173345e-05,9170.591831674747
158.2,2.7314181e-05,9572.37065727337
158.3,2.6005066e-05,9674.491936369366
158.4,2.6779522e-05,9794.467033037025
158.5,2.6503192e-05,9861.326070485102
158.6,2.6241056e-05,9900.199718927339
158.7,2.6945716e-05,9817.517820558418
158.8,3.295186e-05,9230.761636541312
158.9,4.1458323e-05,8960.167246939629
159.0,2.9924004e-05,9709.70088911252
159.1,4.072461e-05,8734.993209042968
159.2,2.6568507e-05,9641.054843050268
159.3,0.00014315895,6110.277783265038
159.4,2.6745436e-05,9667.7397848594
159.5,2.7216212e-05,9619.004039038993
159.6,2.713428e-05,9741.274285751033
159.7,2.8047647e-05,9839.349770893301
159.8,2.6292448e-05,9683.562255531562
159.9,4.4040386e-05,8686.635339251545
160.0,0.00018169693,7368.0194008618855
160.1,0.021563912,1810.712522695281
160.2,0.0036559042,2054.1599024599273
160.3,0.0005554584,2610.4760264861743
160.4,0.00016750899,4604.441687553874
160.5,0.0013925143,4863.791418561865
160.6,0.0041904696,2586.716208488245
160.7,0.012570451,1833.4621995015314
160.8,0.007846844,1578.8577136677134
160.9,0.0014253677,2136.7490243753546
161.0,0.0018419329,4028.222935039783
161.1,0.017319838,1834.2757817350246
161.2,0.014574064,1948.6476028165769
161.3,0.019238936,1426.9860017185038
161.4,0.009784,1103.3409793255623
161.5,0.0006574726,2958.5285864306475
161.6,0.0032347036,2244.609221284937
161.7,0.0032187714,2104.27451833621
161.8,0.00054105866,3013.628514612477
161.9,5.5380824e-05,6865.612872803187
162.0,5.581325e-05,7383.820237311351
162.1,2.7487109e-05,9294.285404442895
162.2,2.6887923e-05,9606.869856684005
162.3,3.5968682e-05,9155.738893068481
162.4,2.5866928e-05,9683.412175505155
162.5,2.6545871e-05,9632.423605586682
162.6,2.5603144e-05,9583.52648276992
162.7,2.7453942e-05,9994.898998184877
162.8,2.6818128e-05,9747.885771389789
162.9,2.6252314e-05,9804.984677389155
163.0,3.8389644e-05,9486.384762786925
163.1,2.860431e-05,9460.766953241398
163.2,2.8709926e-05,9568.172458199886
163.3,2.5799294e-05,9581.030709756995
163.4,2.561993e-05,9778.004317936988
163.5,0.0021131749,4232.142350591344
163.6,0.006303346,2073.61776264909
163.7,0.008514082,2099.09409491983
163.8,0.0055625685,2380.740324224429
163.9,0.003212703,2434.6485677640926
164.0,0.00014518118,4874.829665326286
164.1,6.040537e-05,7451.9019548354545
164.2,4.4397562e-05,8403.173836695481
164.3,2.743617e-05,9461.72108429634
164.4,2.7214675e-05,9481.230003634508
164.5,2.8134913e-05,9900.04340151542
164.6,2.5744866e-05,9720.944771743449
164.7,2.6245218e-05,9734.288867081548
164.8,3.3646735e-05,9162.874409716824
164.9,3.918226e-05,8954.42833678949
165.0,0.0019434454,4086.489255074209
165.1,0.018946767,1402.1111551815566
165.2,0.03034264,1633.1502061144047
165.3,0.00904572,3970.5929780998604
165.4,0.010119923,2627.561327067361
165.5,0.00084014697,2631.1293728196188
165.6,0.0046933643,4396.663741747871
165.7,0.009431661,1884.273343639778
165.8,0.00658007,3834.5213144244153
165.9,0.008575414,1904.8590807145051
166.0,0.006447619,2609.8392782904903
166.1,0.0003967833,3746.6331259423505
166.2,0.0019671933,2061.9010245520785
166.3,0.0014296164,1533.670713772721
166.4,7.0298905e-05,6506.633730639701
166.5,3.1892017e-05,8883.01237221189
166.6,5.1416257e-05,8136.376761901756
166.7,2.684932e-05,9623.100905972951
166.8,3.614575e-05,8928.09465549705
166.9,2.6864996e-05,9747.465301663375
167.0,2.6811114e-05,9911.335165918725
167.1,2.6142756e-05,9726.24982161152
167.2,0.00047845102,8247.980384643613
167.3,0.0061077424,1963.895574560886
167.4,0.0054427003,1548.6426543996831
167.5,0.00049331057,2982.486909940907
167.6,0.0009022901,3685.2751599795683
167.7,0.0041792514,2381.334238141643
167.8,0.00032382915,5732.6138246298
167.9,0.002090144,2249.817891434474
168.0,0.002579597,1869.4885436891989
168.1,0.0013441482,7034.666045682607
168.2,0.0018205122,9179.20092934815
168.3,5.3379717e-05,7495.633420279916
168.4,2.8114493e-05,9351.896742165794
168.5,2.6860476e-05,9590.682624045981
168.6,2.7031427e-05,9646.979364167744
168.7,3.6379053e-05,9295.57015685511
168.8,2.6124391e-05,9705.164190465544
168.9,2.6183212e-05,9671.695035247292
169.0,3.6245325e-05,9045.89125209931
169.1,4.3799e-05,8924.666649818791
169.2,2.5431431e-05,9748.980014195364
169.3,2.7015594e-05,9842.81520803499
169.4,2.6389534e-05,9899.683601570967
169.5,2.6778378e-05,9368.183095354372
169.6,4.1653973e-05,9402.110847992244
169.7,2.7333757e-05,9633.286425497507
169.8,3.451177e-05,9575.868306714152
169.9,2.6812822e-05,9489.89557700232
170.0,2.6279035e-05,9728.786820308891
170.1,2.660593e-05,9800.413883548437
170.2,3.0055708e-05,9699.634118685208
170.3,0.00028734584,4989.226760325033
170.4,0.005514086,7553.484894332023
170.5,0.0008603724,4810.20037541756
170.6,0.023558069,1382.876849409355
170.7,0.0071017738,7335.379766617427
170.8,0.017093927,2365.6080771714646
170.9,0.01138775,4234.9371677302115
171.0,0.0011694172,7518.140071945405
171.1,0.00691923,2567.418304394952
171.2,0.0056108474,1649.723808767393
171.3,0.00042188016,3232.664372637818
171.4,0.00067326863,3560.01649310203
171.5,0.0002097152,4696.508384903695
171.6,2.897292e-05,9110.891894505934
171.7,2.655035e-05,9613.015041122926
171.8,3.0504925e-05,9495.385849797603
171.9,9.004659e-05,8556.597685106759
172.0,0.031386305,1402.0610383139806
172.1,0.0023679126,1328.4734913939371
172.2,0.02515703,1570.8468331230104
172.3,0.016749108,1760.0898576332536
172.4,0.0015284693,1704.1353904539387
172.5,0.00056638516,2762.825880253894
172.6,0.0002514044,4539.970967298962
172.7,5.801461e-05,7987.213066452274
172.8,3.2142274e-05,8995.675314524036
172.9,3.141032e-05,9109.540913330722
173.0,2.6459746e-05,9650.5673770504
173.1,2.6911915e-05,9723.797394651243
173.2,0.027645342,965.9252737993777
173.3,0.029288953,1736.034540544033
173.4,0.022334324,1283.9026501304709
173.5,0.01254987,2399.746200598729
173.6,0.003291633,5636.536171479805
173.7,0.011746665,3250.6360565312957
173.8,0.0064214324,2609.586835579607
173.9,0.010532719,1919.65763130351
174.0,0.004247259,1690.2254088067505
174.1,0.0002945874,3217.634826486462
174.2,8.73676e-05,5699.526685639092
174.3,4.8705082e-05,7549.787452714741
174.4,3.656415e-05,8571.444871239613
174.5,2.7607679e-05,9672.270975925232
174.6,2.6495636e-05,9532.015009255512
174.7,0.00010778196,7493.620051418537
174.8,0.012281671,1305.903365958504
174.9,0.025485186,1318.2195859724288
175.0,0.007791229,2315.501140095864
175.1,0.010798171,2083.3930163302102
175.2,0.0046318895,6244.975198316013
175.3,0.0133641595,1224.9197106239958
175.4,0.0011510714,2193.1136167851105
175.5,0.0019980676,3920.40704524544
175.6,0.0022347996,6230.9407876784835
175.7,0.0050116745,1200.6842571175916
175.8,0.0034863392,5727.078438132317
175.9,0.00039916456,7226.815965360616
176.0,0.0019155613,2291.4553313656465
176.1,0.00014696943,4537.035482143028
176.2,4.6759455e-05,7930.3757592649545
176.3,3.4422355e-05,8887.387875746828
176.4,3.211359e-05,9469.399461384373
176.5,2.69459e-05,9605.662673357363
176.6,4.2337222e-05,8878.991993689844
176.7,2.7225635e-05,9680.581192699414
176.8,2.7210652e-05,9857.479030602753
176.9,3.1039246e-05,9692.665087170863
177.0,2.6928026e-05,9585.862747753337
177.1,2.6888369e-05,9686.537953034
177.2,2.760857e-05,10040.946125898055
177.3,2.6487845e-05,9939.021429171211
177.4,2.7365884e-05,9892.523067984484
177.5,2.6646474e-05,9648.381546331279
177.6,3.410625e-05,9182.046927794116
177.7,2.6748223e-05,9636.284576497286
177.8,2.7582208e-05,9732.671659684807
177.9,2.6296304e-05,9773.294285683281
178.0,2.6670556e-05,9685.208334926792
178.1,2.5554733e-05,9712.1876290057
178.2,2.5708707e-05,9622.72938773629
178.3,2.696275e-05,10109.68503857193
178.4,3.101061e-05,9501.048383379442
178.5,0.0013927076,8432.754077722322
178.6,0.018945847,4229.36467042933
178.7,0.019677106,1715.896302371114
178.8,0.0026386697,5531.049390817427
178.9,0.023020089,1236.1440974665793
179.0,0.031269427,1585.4107045511491
179.1,0.023347653,2055.309329677143
179.2,0.010717406,2013.3220858121088
179.3,0.0008851829,2186.8998951554486
179.4,0.010914873,1792.2826622671812
179.5,0.0047846367,1917.093452201728
179.6,0.0003538435,3243.4437277190873
179.7,0.0001365893,5491.7012077145
179.8,5.4164935e-05,7594.851778858949
179.9,3.3187673e-05,8769.422652554837
180.0,2.6867214e-05,9454.190304391013
180.1,2.6916023e-05,9568.259125830726
180.2,0.0050804038,1023.497261603371
180.3,0.024812656,2316.237852662067
180.4,0.017089568,2578.0982039688056
180.5,0.01976,1596.2637128182662
180.6,0.0179089,826.9150989303656
180.7,0.007881875,1405.5503983889416
180.8,0.0081081875,806.6953672510436
180.9,0.008986189,1381.629105540596
181.0,0.0010406413,2330.4012613612263
181.1,0.009208261,2201.1702493167068
181.2,0.0058025317,1372.904910180904
181.3,0.0048785936,1394.7115580247444
181.4,0.0013395038,1631.9805624549308
181.5,0.00012649888,5138.630004631865
181.6,5.1862815e-05,7592.225479774252
181.7,4.814557e-05,7937.019153678833
181.8,2.7461681e-05,9785.895544648578
181.9,0.0006814346,7558.213538255237
182.0,0.008469115,7277.6615308819155
182.1,0.003748496,4114.2823769153565
182.2,0.0025942158,2820.9478031607036
182.3,0.0013366424,3609.900342927971
182.4,0.000110274406,5462.897888495915
182.5,0.0004337032,6661.283758184303
182.6,0.0025218623,1909.2268866719585
182.7,8.2283026e-05,6853.00981409156
182.8,4.4281183e-05,7987.378968241141
182.9,2.8503422e-05,9472.5620265508
183.0,2.8013992e-05,9682.480679582488
183.1,2.6756974e-05,9689.399549724574
183.2,2.6019597e-05,9775.941786566156
183.3,2.7081926e-05,9594.73345259021
183.4,2.6619404e-05,9627.487965301636
183.5,3.7374484e-05,9354.051428368308
183.6,7.8405654e-05,8005.090862727357
183.7,9.7249635e-05,7457.6047969205065
183.8,3.5205878e-05,8849.891854329519
183.9,2.6417069e-05,9834.847095199526
184.0,2.6454849e-05,9721.592302679717
184.1,3.7749724e-05,9057.622736095038
184.2,2.6757554e-05,9931.420901318497
184.3,2.6507032e-05,9898.092073431002
184.4,0.00015169388,8554.688439271067
184.5,0.02102588,1446.789824517762
184.6,0.032204267,1988.2126192539952
184.7,0.00513103,6834.153884765182
184.8,0.0062800874,2051.5435948760974
184.9,0.0011722608,5279.7694557555005
185.0,0.00035362478,4803.28809811865
185.1,0.0014792227,2535.145447928535
185.2,0.0012346964,1624.4401783569022
185.3,6.3795946e-05,6868.09682006291
185.4,7.336571e-05,8041.733456593625
185.5,2.7504546e-05,9289.782974076079
185.6,2.5529154e-05,9698.055337742126
185.7,0.0001223341,6751.758519533305
185.8,3.130146e-05,9221.838069232997
185.9,2.6093216e-05,9589.563162954444
186.0,3.8105125e-05,8949.431447968658
186.1,4.231395e-05,9228.453818022375
186.2,9.1570895e-05,8437.042946626112
186.3,0.006641015,2376.3745867787106
186.4,0.0155662475,1343.1987656531023
186.5,0.0015423539,2208.0838565184436
186.6,0.0044021644,2739.5738853593452
186.7,0.007459389,2290.979733182982
186.8,0.010704531,1817.0103856666533
186.9,0.0071969093,1055.12161555853
187.0,0.005885845,1702.28799649426
187.1,0.00031951143,3360.141965642863
187.2,0.00014072937,6174.849533511449
187.3,3.61173e-05,8509.125482975884
187.4,2.787384e-05,9514.977482070102
187.5,2.614286e-05,9443.986240087186
187.6,2.71664e-05,9988.648771365068
187.7,2.6473554e-05,9799.92264012193
187.8,2.6050293e-05,9838.596601256748
187.9,2.6423266e-05,9782.022016359319
188.0,2.6645059e-05,9836.838577162276
188.1,2.6864165e-05,9633.608212408542
188.2,5.067155e-05,8704.232690840492
188.3,2.6691545e-05,9867.222158542076
188.4,2.9056026e-05,9713.023827730842
188.5,2.60704e-05,9641.039542203825
188.6,2.6011061e-05,9523.263721636347
188.7,0.005606477,953.5726227330192
188.8,0.0188138,2271.9242134747974
188.9,0.0023620077,3943.590124687626
189.0,0.022587089,2313.8747350367166
189.1,0.009419305,2732.9930050988914
189.2,0.010365452,1629.5687966105443
189.3,0.017889654,1805.3639418403286
189.4,0.008180237,2512.2792521298525
189.5,0.007161601,1481.7822902956382
189.6,0.014036399,1561.4184475776674
189.7,0.0048684054,1891.0469662009132
189.8,0.050978046,1490.9332035210682
189.9,0.047219135,1717.296914866424
190.0,0.044606913,1639.7044517343982
190.1,0.012427047,1024.2358100343172
190.2,0.0011476575,2090.2707582701596
190.3,0.01413355,1588.1017158927102
190.4,0.0018302714,5927.935140151444
190.5,0.012502165,1932.864202719109
190.6,0.0029918815,3388.4044060993724
190.7,0.010528897,1992.7902977717167
190.8,0.013461749,1541.2026991974074
190.9,0.014412494,1222.2561607022167
191.0,0.0076290728,860.9349157967084
191.1,0.0042899516,1832.9935621816385
191.2,0.0036694147,1496.0193824390237
191.3,0.0014897895,1720.0080372536665
191.4,0.00011292387,5745.753983859263
191.5,3.3203945e-05,8505.718964007363
191.6,3.0049969e-05,9318.761192764225
191.7,2.75607e-05,9618.59667990453
191.8,2.7880162e-05,9642.617907545462
191.9,3.555835e-05,8989.468714022238
192.0,2.5903852e-05,9762.656938632528
192.1,2.636282e-05,9628.27121524815
192.2,2.8687e-05,9356.165410937692
192.3,2.651621e-05,9771.268441620827
192.4,2.6625454e-05,9771.446587346449
192.5,0.0018865443,3231.01215756868
192.6,0.007693946,1969.7630883453521
192.7,0.0060125166,2148.3782123922597
192.8,0.009970891,905.8988194748732
192.9,0.007687371,1787.8280579616546
193.0,0.00052965875,2667.1153407082793
193.1,0.0014510266,3014.8875677771
193.2,0.0002492405,4113.326931427895
193.3,4.61379e-05,7760.592843301315
193.4,2.798444e-05,9331.353451192075
193.5,3.369137e-05,9122.486685721375
193.6,2.767285e-05,9914.383177649288
193.7,2.655149e-05,9625.80287086406
193.8,2.5594856e-05,9663.53759254231
193.9,2.6295053e-05,9659.01812305148
194.0,4.349617e-05,8833.107950297112
194.1,2.6060678e-05,9775.450438563523
194.2,0.003316613,1634.4631473390477
194.3,0.0099776555,2407.6765804359748
194.4,0.018640975,1998.5895941996023
194.5,0.014174919,1646.8197174698194
194.6,0.009326,2569.775421072015
194.7,0.005802973,7157.954150869267
194.8,0.0048407293,6310.587567558615
194.9,0.008836411,2413.5100792168714
195.0,0.0012050996,4138.623748078326
195.1,0.0077785007,1948.2220473356656
195.2,0.007117444,1632.1324335981321
195.3,0.007418042,917.1888854254785
195.4,0.008611993,1374.1131564143948
195.5,0.009517291,1102.754250699126
195.6,0.005920516,1924.637598437978
195.7,0.00086830166,2862.981375830515
195.8,0.00085156376,3420.449449057551
195.9,0.0012836615,3662.0533793282
196.0,0.0023842442,2724.9091961698305
196.1,0.0027463147,1996.299653298523
196.2,0.002102443,1430.336492172967
196.3,0.0015952961,1687.7985877632734
196.4,0.0005210384,2651.2500234940044
196.5,5.34497e-05,6998.570836553776
196.6,3.3149525e-05,8317.521771879383
196.7,2.7578788e-05,9792.603989452673
196.8,2.6641483e-05,9660.651000698143
196.9,2.614754e-05,9635.292026213148
197.0,2.722495e-05,9967.64862602247
197.1,2.618902e-05,9651.440842644026
197.2,3.909709e-05,8543.917003328104
197.3,2.7211949e-05,9907.671290330383
197.4,2.6115136e-05,9550.462239721131
197.5,2.6486372e-05,9739.683147378486
197.6,4.1204054e-05,8666.594701291408
197.7,2.6640215e-05,9844.53355162145
197.8,2.7276612e-05,9887.890696953284
197.9,2.8026814e-05,9632.588896033332
198.0,2.6910122e-05,9798.554365520818
198.1,0.00071974605,3337.7569139447423
198.2,0.0050536687,6173.129564415415
198.3,0.005879076,7087.910605258344
198.4,0.007797126,3514.7974052175528
198.5,0.013939863,2348.88919552509
198.6,0.019062433,1363.093057637246
198.7,0.02078352,1588.4032899341937
198.8,0.013650407,1485.7990107402134
198.9,0.011930701,1889.2452754698245
199.0,0.010143469,1768.3391717621807
199.1,0.0066490485,854.5147707980534
199.2,0.0072180848,1167.945967426592
199.3,0.0052372767,1949.2352109591668
199.4,0.0018277538,3062.3541395344064
199.5,0.0038952564,1660.5705798416548
199.6,0.00042766033,3275.112790929684
199.7,9.267144e-05,6392.486571032145
199.8,4.0894432e-05,8173.20868316167
199.9,3.8256247e-05,8982.799151814832
200.0,2.7672622e-05,9446.04013035717
200.1,2.617179e-05,9675.897046233908
200.2,2.551697e-05,9720.056596928276
200.3,2.6214579e-05,9875.085858844559
200.4,2.6790007e-05,9727.832954907477
200.5,2.6379774e-05,9845.947080741034
200.6,3.564431e-05,9176.93633263653
200.7,0.0054126424,2325.050160275188
200.8,0.022552287,1585.5825762998747
200.9,0.009060957,956.6405665587315
201.0,0.0076087485,1778.5666802071564
201.1,0.008909246,1679.6796071192257
201.2,0.0010332131,2222.17870397179
201.3,0.0110092955,1539.4952485106755
201.4,0.013733728,736.1592013363493
201.5,0.015043462,1396.9889431258264
201.6,0.014680908,1492.6879658184255
201.7,0.002515495,3161.6655234455698
201.8,0.00020911275,4665.669513250986
201.9,0.0017237111,3217.2320722377267
202.0,0.00210184,1493.440829573277
202.1,0.0019839841,3468.7799305386334
202.2,0.0015359313,8455.926374416875
202.3,0.00069718494,7291.906451542537
202.4,3.117758e-05,8776.39744236765
202.5,2.6927917e-05,9562.744546603446
202.6,2.7462225e-05,9469.061964670756
202.7,2.438101e-05,9555.116848946594
202.8,2.0818501e-05,9485.018104532672
202.9,2.0125988e-05,9292.459870829583
203.0,2.0627647e-05,9586.606828323856
203.1,2.009307e-05,9453.119697169768
203.2,2.0592306e-05,9329.975261600317
203.3,2.1391745e-05,9584.878361430936
203.4,2.0970583e-05,9596.69872886757
203.5,2.1269983e-05,9700.65554809174
203.6,2.0897172e-05,9415.17650938997
203.7,2.0093674e-05,9604.003823646191
203.8,2.1040434e-05,9592.324756616727
203.9,2.0549887e-05,9438.178054156453
204.0,2.0388716e-05,9274.33111531836
204.1,2.0544572e-05,9425.669519607849
204.2,2.171483e-05,9809.550366002022
204.3,2.0913763e-05,9659.907261288708
204.4,2.0595759e-05,9750.8481738559
204.5,2.0803976e-05,9558.034362519138
204.6,2.10205e-05,9509.887670278446
204.7,2.102463e-05,9502.372740686696
204.8,2.1129983e-05,9709.415299701139
204.9,0.0021514986,2670.5700235293925
205.0,0.00878421,2980.4605809598197
205.1,0.0085760355,3915.245140665662
205.2,0.0011068657,8718.99206634161
205.3,0.003248748,3038.6112022353946
205.4,0.0022304354,2061.2413046552074
205.5,0.0022085865,2836.612480353061
205.6,0.0024682556,2983.5317976561064
205.7,0.00012719994,4772.269586670854
205.8,0.00040339664,5612.957561649211
205.9,0.0007754024,5944.806637021643
206.0,0.0003820891,5436.018199163794
206.1,4.305023e-05,7002.506286078102
206.2,0.0002741355,8761.652536277017
206.3,0.007453525,3758.0709651573793
206.4,0.0057538687,4216.977808408682
206.5,0.006875341,7928.360225037794
206.6,0.013269791,4284.60218844226
206.7,0.000878025,2937.4575975561347
206.8,0.003970448,3210.4269606858707
206.9,0.0027494093,3278.8454807419353
207.0,0.0005922964,5526.33661894471
207.1,5.1822164e-05,6589.522831468196
207.2,2.610897e-05,8668.58808646365
207.3,2.2278173e-05,9140.679361739625
207.4,2.0574302e-05,9593.203305562825
207.5,2.0515186e-05,9472.726692161803
207.6,2.0723755e-05,9460.435092587228
207.7,2.1028882e-05,9347.113845275398
207.8,2.085773e-05,9486.673656886358
207.9,2.0932855e-05,9638.545971854459
208.0,2.0849915e-05,9403.293374514673
208.1,2.0567402e-05,9492.790406409213
208.2,2.1336673e-05,9548.976970061758
208.3,2.0750178e-05,9727.078550568716
208.4,2.0965734e-05,9629.03603113145
208.5,2.1211179e-05,9415.06375681375
208.6,2.0244115e-05,9789.326954290102
208.7,2.1001e-05,9644.078832222107
208.8,2.0740936e-05,9582.576928835686
208.9,2.0738766e-05,9574.504161109544
209.0,2.6439235e-05,9580.214004168109
209.1,2.6560745e-05,9583.526001040864
209.2,4.0302435e-05,9131.894668489746
209.3,2.6152959e-05,9919.223098175347
209.4,0.008278972,1264.3268221956557
209.5,0.0217844,1636.8904334501165
209.6,0.010810387,2187.1902861199596
209.7,0.0042931223,7457.989282119449
209.8,0.009374032,2323.1219721979337
209.9,0.005065001,2294.594353994489
210.0,0.01046482,1813.3957558402185
210.1,0.0063826744,2934.960713070377
210.2,0.00631968,2610.8925508360853
210.3,0.006587891,3656.0257726093914
210.4,0.0084435195,4089.552085819545
210.5,0.008992236,2179.564481657062
210.6,0.0007493741,2310.4532938013945
210.7,0.0020852415,2367.5404893800187
210.8,0.0002811755,3570.2055766949106
210.9,0.0016277799,2699.5417760169757
211.0,0.0003091879,3716.034368362344
211.1,6.0284186e-05,7008.104220131005
211.2,3.1781237e-05,8804.414125133217
211.3,2.7002838e-05,9581.283677342828
211.4,4.0062983e-05,9248.779541044243
211.5,2.680621e-05,10073.800499165694
211.6,2.7402111e-05,9642.506056566106
211.7,2.710134e-05,9672.385234217552
211.8,0.003338203,1845.6791123912105
211.9,0.00669726,1659.4188931382257
212.0,0.0078070993,2602.345972841726
212.1,0.007264306,2332.026468832304
212.2,0.0063849576,1167.390106780246
212.3,0.0040102904,1489.5341371855427
212.4,0.00022340353,4719.860069441188
212.5,9.00159e-05,6611.518151255204
212.6,5.4018015e-05,7715.750984855722
212.7,0.00012508896,8246.706479119828
212.8,2.6932426e-05,9686.537159670846
212.9,2.6590016e-05,9664.637150421742
213.0,0.0010932963,3582.407476831704
213.1,0.0121585615,2005.1050545402013
213.2,0.0034084688,3150.262079560387
213.3,0.005640466,2416.344404124233
213.4,0.006587328,2245.7932351262216
213.5,0.0016600126,4603.139502589114
213.6,0.00071160734,6799.876324708127
213.7,0.0030435796,2019.3824187247744
213.8,0.002942822,1644.9478804500975
213.9,0.0020865272,6437.461677051926
214.0,0.0016018706,8256.609551852549
214.1,0.00017841991,6553.78385062712
214.2,2.9707002e-05,8925.223041024234
214.3,2.8421744e-05,9457.705880729198
214.4,2.7644486e-05,9644.162793612773
214.5,2.6255693e-05,9737.796410610124
214.6,2.691017e-05,9722.897946909714
214.7,2.833784e-05,9586.093884451235
214.8,2.6394893e-05,9680.419036939438
214.9,2.6212716e-05,9692.403629634555
215.0,2.5851687e-05,9500.831036335856
215.1,2.6158028e-05,9891.909158316254
215.2,2.904346e-05,9698.51991216386
215.3,2.6858226e-05,9753.245339574234
215.4,2.7240078e-05,9908.988910701624
215.5,4.5992532e-05,8503.48788771163
215.6,2.937109e-05,9527.234312651735
215.7,5.2860727e-05,8718.24695903783
215.8,2.650202e-05,9816.353451568146
215.9,2.9218507e-05,9298.222009722325
216.0,2.6921203e-05,9839.193058443017
216.1,2.6453059e-05,9711.479600668286
216.2,3.580584e-05,9363.122904602536
216.3,0.0021590071,2850.4315649584823
216.4,0.0009640383,2063.7785481061405
216.5,0.005563736,2332.894269802079
216.6,0.003625676,2247.6126832193913
216.7,0.00797935,1703.5973756141075
216.8,0.003715251,2481.962592330021
216.9,0.0037760506,1374.2414880213564
217.0,0.0034410907,1337.1272894152773
217.1,0.0005298073,3052.5003259829646
217.2,7.09283e-05,6023.712626498185
217.3,4.2362e-05,7903.389121302454
217.4,2.7863367e-05,9362.535503519986
217.5,2.7151751e-05,9683.19982467471
217.6,2.6854448e-05,9550.293710103237
217.7,2.6406318e-05,9704.663317791688
217.8,2.5368405e-05,10128.88540522143
217.9,0.0034779785,1352.7326759828456
218.0,0.000592178,5047.285728471506
218.1,0.0038089913,2237.638381769235
218.2,0.0005502248,2843.799062053651
218.3,0.00011168429,5761.079158352148
218.4,4.3212087e-05,8281.487903748855
218.5,4.6280038e-05,8689.074296613297
218.6,4.9676106e-05,8873.750174806963
218.7,3.0021616e-05,9427.764783593935
218.8,3.116688e-05,9557.89703238304
218.9,2.5953943e-05,9766.822672063996
219.0,2.662815e-05,9896.71762606285
219.1,2.9757432e-05,9562.902046054412
219.2,2.7402768e-05,9727.529490728475
219.3,4.7591282e-05,8984.344274450421
219.4,4.087814e-05,9061.008433578974
219.5,3.5608315e-05,9648.802196945588
219.6,0.008365822,1142.0092996967428
219.7,0.0017575676,3694.56515051682
219.8,0.004357899,2672.338712487469
219.9,0.0035427478,2822.5952927743474
220.0,0.0044326987,1241.5178113574266
220.1,0.0032946463,1453.5779859389581
220.2,0.00016277534,4223.072385098469
220.3,5.6588055e-05,6973.154195513969
220.4,3.3298715e-05,8765.871219322944
220.5,4.05746e-05,8739.299623963514
220.6,3.0047631e-05,9121.983388953517
220.7,5.9817798e-05,8343.357637849575
220.8,4.098164e-05,8749.051531249195
220.9,4.4423865e-05,8924.935343881345
221.0,2.6471589e-05,9687.276446363901
221.1,0.0026540994,3831.008894584676
221.2,0.018805197,1894.8144632482258
221.3,0.0060804905,2179.380756205601
221.4,0.0019874924,4801.074445546701
221.5,0.008881626,781.0238812835274
221.6,0.0038601959,1299.2697243523876
221.7,0.0035474123,6978.128425586481
221.8,0.003694115,3874.9281310244296
221.9,0.007341222,933.9584845445211
222.0,0.0014993687,2384.4603840775935
222.1,0.0035107883,1652.0351242036904
222.2,0.0011041807,1757.4454012354909
222.3,7.684017e-05,6422.453060633721
222.4,3.6573303e-05,8419.096256844135
222.5,2.808246e-05,9569.679187406247
222.6,2.6316055e-05,9585.866841856689
222.7,3.066838e-05,9355.171344209235
222.8,2.6676038e-05,9711.823730901246
222.9,2.6675443e-05,9856.938846538924
223.0,2.6826116e-05,9741.629135594103
223.1,2.6843847e-05,9892.728554141866
223.2,2.8745813e-05,9626.229491837643
223.3,2.6024773e-05,9637.257427503915
223.4,2.87515e-05,9697.978272302096
223.5,2.6975764e-05,9783.869014502912
223.6,0.00012329376,7333.639095951265
223.7,3.3082466e-05,9502.85228704123
223.8,2.6076705e-05,9729.565966235572
223.9,2.6922427e-05,9625.28937538464
224.0,3.0019386e-05,9476.131649086961
224.1,3.0386163e-05,9395.653322778837
224.2,2.6962614e-05,9699.416146299045
224.3,3.8975217e-05,9523.19923389833
224.4,3.4744364e-05,9239.787720194649
224.5,2.798921e-05,9763.55579139144
224.6,0.016016137,2395.6206114647925
224.7,0.023950212,850.5644042453009
224.8,0.026989179,1521.9588641572388
224.9,0.010488799,794.5353748026242
225.0,0.008357028,987.2247639049677
225.1,0.007069093,1232.9677414791377
225.2,0.009410276,807.7993663400765
225.3,0.013885215,1682.9307572536993
225.4,0.0033266663,1944.3840113567446
225.5,0.0026519608,1321.927651649976
225.6,0.0017223873,1538.7263647638888
225.7,0.0013545511,2921.7445342980477
225.8,0.00033930814,3834.270845759734
225.9,0.004628323,1887.6991907071558
226.0,0.005489413,1737.731824774605
226.1,0.0013515725,3777.790008892086
226.2,0.000639784,3091.5760301952832
226.3,0.003185922,2805.9486411355083
226.4,0.003948477,2017.1331825907757
226.5,0.00084162765,3727.3607758983662
226.6,0.0037527776,1867.8582799551252
226.7,0.0020308918,1992.8869847251162
226.8,0.00034847742,3440.4588235881965
226.9,5.940146e-05,7159.741189110786
227.0,3.5141715e-05,8585.83432482519
227.1,5.0798684e-05,8562.292653028719
227.2,2.6287953e-05,9640.507848821457
227.3,2.6677551e-05,9537.483143709786
227.4,2.6429929e-05,9670.56236773366
227.5,2.5873993e-05,9586.276778652058
227.6,2.5969386e-05,9651.210355285188
227.7,2.6523394e-05,9563.00229014225
227.8,3.0191932e-05,9278.005655248024
227.9,2.6293887e-05,9888.297368406355
228.0,2.7017364e-05,9832.906473413226
228.1,3.9249924e-05,9156.950248435453
228.2,3.0357354e-05,9642.67651915118
228.3,2.6186895e-05,9696.68027105605
228.4,0.0002743111,4785.444059956679
228.5,0.009366326,1665.432305949536
228.6,0.014236212,1668.294298093756
228.7,0.0035470885,2998.778050855688
228.8,0.0011043581,2828.581603537461
228.9,0.002873996,1367.118839902571
229.0,0.0026863266,1553.7847938686486
229.1,0.0003964016,2838.2389754985043
229.2,8.314778e-05,6873.870003831429
229.3,0.00012131802,6918.190384039445
229.4,2.7008722e-05,9437.811785173419
229.5,2.5765903e-05,9824.206455155985
229.6,2.6553853e-05,9623.056665382423
229.7,2.5682157e-05,9804.316657240983
229.8,2.6801426e-05,9845.721172030886
229.9,2.7263079e-05,9674.190103998291
230.0,2.6905676e-05,9778.536362702922
230.1,2.5981519e-05,9855.565330332527
230.2,0.001558821,4303.054075287676
230.3,0.0057933605,2240.1589248537334
230.4,0.006115397,1891.9490249842431
230.5,0.0059286496,2440.3981090283114
230.6,0.008989092,1365.7526683824753
230.7,0.012949102,967.6381142890579
230.8,0.009672795,2014.099430275283
230.9,0.0057785274,4710.1953068020275
231.0,0.013591622,1407.3496380187994
231.1,0.0015100413,1622.7384865685
231.2,0.001171013,3604.9655249348416
231.3,0.0024214452,2538.8632105917927
231.4,0.0014538734,2649.394235115412
231.5,9.0009744e-05,6311.0107405026265
231.6,4.5702836e-05,8188.113287973898
231.7,3.0285382e-05,9467.008997279123
231.8,2.7443808e-05,9505.026318800725
231.9,2.7240647e-05,9429.78691943542
232.0,2.6955297e-05,9706.890385650737
232.1,2.6631487e-05,9781.735095574331
232.2,2.7555823e-05,9819.311826977377
232.3,2.5869504e-05,9698.513959033298
232.4,2.6637354e-05,9872.261408557764
232.5,3.3375425e-05,9474.36759247023
232.6,2.761495e-05,9478.166249868293
232.7,2.792824e-05,9735.451251570466
232.8,4.6520705e-05,9071.995102174453
232.9,4.205468e-05,8722.254896847258
233.0,2.8856586e-05,9373.61879951539
233.1,2.6873442e-05,9833.863321310735
233.2,2.644536e-05,9705.484250236397
233.3,2.6135263e-05,9792.249697388132
233.4,2.6542999e-05,9638.424850019805
233.5,0.0010471345,3610.491698924896
233.6,0.00812126,1810.9864322707012
233.7,0.030371284,1628.807421206227
233.8,0.017013906,925.1995945478404
233.9,0.02492933,1051.9199385097409
234.0,0.028570443,1387.8012877847088
234.1,0.005707713,6504.588314778025
234.2,0.016309787,1494.237554242985
234.3,0.018656155,673.6371080545453
234.4,0.033059027,1434.3237684541507
234.5,0.036076933,1101.406636382
234.6,0.030127486,915.2747895663033
234.7,0.0064662993,1508.5938986854433
234.8,0.010725783,2121.0466050883188
234.9,0.0007096174,2662.9719891605782
235.0,0.0028490662,2274.3553445460857
235.1,0.001699556,1889.8668717806572
235.2,0.00012366362,5383.255082184272
235.3,4.18601e-05,7702.131234824665
235.4,0.000108794724,6286.499388365166
235.5,2.6827318e-05,9749.747157837552
235.6,2.735417e-05,9684.939440733346
235.7,2.6580028e-05,9754.428275980765
235.8,2.628242e-05,9895.997493589388
235.9,4.9546037e-05,8640.756908353496
236.0,4.3595115e-05,9448.047675385964
236.1,0.0046610823,5341.132012183179
236.2,0.008427705,1314.032479583117
236.3,0.013554053,1414.0042947750221
236.4,0.0014215048,2146.563343559116
236.5,0.007449687,6595.70434984192
236.6,0.012480903,1810.16659693573
236.7,0.0015420868,3459.279586315689
236.8,0.004850997,1879.8440806966528
236.9,0.0011949271,3090.324003915137
237.0,0.004997483,2211.90610859106
237.1,0.0070450576,1677.605430581984
237.2,0.00728794,2107.231597595501
237.3,0.00496281,1106.218357615801
237.4,0.0022891292,2419.798554181749
237.5,0.0022602172,7749.770225014153
237.6,0.00033753633,6292.719543533138
237.7,3.534835e-05,8507.477576711615
237.8,3.2716416e-05,9017.266798871817
237.9,3.6903682e-05,8943.122585682044
238.0,2.7112554e-05,9923.941795196755
238.1,2.6758204e-05,9825.047302614934
238.2,2.6676642e-05,9781.884731431743
238.3,2.9391509e-05,9747.82246504406
238.4,2.7262446e-05,9727.912249586736
238.5,2.7351602e-05,9978.015656798856
238.6,2.632394e-05,9637.979473496867
238.7,2.7504748e-05,9963.039423976054
238.8,2.6754353e-05,9740.619202801468
238.9,3.390619e-05,9158.509153870313
239.0,2.6717174e-05,9889.325709064693
239.1,2.7232734e-05,9874.657672088486
239.2,2.6535346e-05,9758.436219298303
239.3,2.6749001e-05,9839.150498883506
239.4,2.7609045e-05,9622.42485701708
239.5,2.5151061e-05,9537.346355044447
239.6,0.0027117804,2746.2476688964157
239.7,0.0010785265,2752.2550949935026
239.8,0.0067217196,2079.9394424105185
239.9,0.0064718984,1334.9009059951552
240.0,0.0055497224,1845.522543719277
240.1,0.004146832,1773.216369717043
240.2,0.000999084,2160.4353628027366
240.3,8.110621e-05,5891.535336225246
240.4,4.800161e-05,7462.311767895695
240.5,2.9699751e-05,9112.77963209641
240.6,2.727632e-05,9696.587442522363
240.7,2.6767822e-05,9473.997986897655
240.8,2.6935479e-05,9538.919299323614
240.9,2.658495e-05,9816.969716131676
241.0,2.670181e-05,9714.824473694369
241.1,2.6439337e-05,9924.482706352213
241.2,2.6869719e-05,9864.571355941021
241.3,2.6271315e-05,9732.961146456888
241.4,0.0063259657,1448.646809443581
241.5,0.0062841703,1089.8052177581326
241.6,0.004585301,2608.4606576663377
241.7,0.0037786602,2796.5138366833594
241.8,0.0041217995,1656.3248770153418
241.9,0.0019952266,6080.791484058624
242.0,0.0030481424,6751.513003312135
242.1,0.0044871685,2430.852876725793
242.2,0.005748765,2139.757726978727
242.3,0.001196416,3292.410637731432
242.4,0.0041205604,1668.3843762929744
242.5,0.00069587096,2353.579415489439
242.6,6.8471934e-05,6765.225395306663
242.7,4.4720284e-05,8204.771026712555
242.8,3.2196614e-05,9123.21144504193
242.9,2.8020879e-05,9413.893928177646
243.0,2.7577356e-05,9409.266820259996
243.1,4.282768e-05,9066.627298085637
243.2,2.9458857e-05,9524.951032635065
243.3,2.723528e-05,9540.878246099712
243.4,2.6879246e-05,9670.64425659216
243.5,2.6977157e-05,9747.624417257863
243.6,0.0012279886,5278.727452807199
243.7,0.009358034,2325.440387031688
243.8,0.00800682,1337.8566975531435
243.9,0.003532849,2549.3166996851432
244.0,0.0033055784,7078.2831976145335
244.1,0.006177264,4876.618074481876
244.2,0.0061227507,1929.4462106922765
244.3,0.0015645992,2380.574637398033
244.4,0.004977749,1847.705348725214
244.5,0.0070971316,1758.3567695649933
244.6,0.005400462,1686.2843399326619
244.7,0.0027744498,5964.783130371403
244.8,0.0041969605,7426.4347628356545
244.9,5.8109217e-05,7266.367034660521
245.0,0.0023108262,2778.0513992236793
245.1,0.0008786107,3135.1926496186325
245.2,8.152038e-05,6778.169264137528
245.3,3.653279e-05,8955.634990099568
245.4,2.8020417e-05,9411.525815111667
245.5,2.9036744e-05,9852.14092144615
245.6,2.7366563e-05,9750.702306106683
245.7,2.7555165e-05,9759.635752241733
245.8,2.6744008e-05,9806.125507365678
245.9,2.6568327e-05,9808.3987838957
246.0,2.5858904e-05,9873.805282797462
246.1,2.5637606e-05,9646.66889922966
246.2,0.00010096279,6878.907981068171
246.3,4.4227476e-05,8984.221199191568
246.4,2.583782e-05,9586.844626403688
246.5,2.606674e-05,9645.957166226744
246.6,3.0109044e-05,9210.114295762862
246.7,2.6567799e-05,9852.455544678103
246.8,3.156125e-05,9095.991829037255
246.9,2.671685e-05,9911.45354053689
247.0,4.0075418e-05,8974.17866141631
247.1,2.6966227e-05,9922.216052077452
247.2,2.5979296e-05,9661.696859900367
247.3,2.7045404e-05,9815.637946893912
247.4,2.68671e-05,9538.266320740924
247.5,4.3295593e-05,9163.720649777602
247.6,0.006791995,2010.8613780150013
247.7,0.0074395635,1938.150762714664
247.8,0.00086621183,2279.3721606633453
247.9,0.0074070464,1938.2879632351567
248.0,0.0073878276,1099.2050236004818
248.1,0.0062827063,1430.771237733322
248.2,0.0019864773,1806.834391342021
248.3,0.00012819823,5811.768620679019
248.4,4.0629693e-05,8212.57732656747
248.5,3.319924e-05,9276.195457817004
248.6,2.7763059e-05,9578.596440500263
248.7,2.7171378e-05,9593.491041998066
248.8,2.7518328e-05,9471.23219727818
248.9,0.0029125956,7874.099176295471
249.0,0.0007989785,5120.773487721971
249.1,0.007762673,2271.0940751238873
249.2,0.0035732125,7923.523675033655
249.3,0.0059175747,5206.524536547272
249.4,0.0023553895,7544.39252471092
249.5,0.0047900965,5131.0638720300285
249.6,0.0011082676,7691.8810779693395
249.7,0.001665591,8281.730067877526
249.8,0.00028831567,5870.879152600641
249.9,2.9314837e-05,8990.149583457749
250.0,2.8456616e-05,9839.897240081093
250.1,2.7302138e-05,9414.569172619833
250.2,2.6734895e-05,9866.51534878544
250.3,2.7063184e-05,9740.399088872848
250.4,2.6199052e-05,9933.832899919773
250.5,2.728652e-05,9846.938987108408
250.6,2.9127767e-05,9710.73928026008
250.7,0.004530236,2201.7617943755267
250.8,0.019976107,1750.5724906279306
250.9,0.005271322,1545.0470743388212
251.0,0.0045961547,2696.3980407641557
251.1,0.005836577,1624.9997202068398
251.2,0.0031195772,1315.4984007011399
251.3,0.0012280277,1522.3517054786312
251.4,9.026603e-05,6528.591638451646
251.5,4.270592e-05,8165.362984004313
251.6,3.8903403e-05,8770.486449364878
251.7,2.7455468e-05,9740.465550704288
251.8,2.843838e-05,9528.039772402744
251.9,3.3538858e-05,9323.30138912312
252.0,2.5674539e-05,9786.84526491895
252.1,9.046746e-05,7286.537172614644
252.2,0.00790113,1495.2901608531622
252.3,0.0017338379,3348.5798031140394
252.4,0.005993522,2034.57981402235
252.5,0.0005159421,2629.014144101803
252.6,0.004780048,2622.4598858944214
252.7,0.0002204812,4758.322992601683
252.8,0.002158869,3964.3696588564662
252.9,0.0023973205,1740.0053933659065
253.0,0.001813047,3410.1766351627757
253.1,0.0024109795,7883.902175396404
253.2,0.0002742094,6709.664992985963
253.3,3.120914e-05,8522.521743569814
253.4,2.8152272e-05,9342.869840216932
253.5,2.6359729e-05,9527.223539889485
253.6,2.7460032e-05,9759.954481853492
253.7,2.579762e-05,9714.130747314603
253.8,2.5777359e-05,9730.686942708791
253.9,2.5919482e-05,9720.560053842626
254.0,2.7366706e-05,9866.916528601956
254.1,2.7119655e-05,9745.054022576871
254.2,2.6325948e-05,9625.18850229635
254.3,2.7025419e-05,9741.809960197797
254.4,2.7431588e-05,10019.664997495212
254.5,2.6723561e-05,9812.658157388467
254.6,2.7345162e-05,9878.08222827312
254.7,4.277771e-05,8732.418972673884
254.8,2.7031154e-05,9864.52967637344
254.9,2.7048165e-05,9839.805712351306
255.0,2.6249158e-05,9717.119051156335
255.1,2.7239195e-05,9932.901133532252
255.2,2.7846327e-05,9779.39342019293
255.3,2.7138618e-05,9824.762171398732
255.4,4.8983806e-05,8783.75251223985
255.5,6.90117e-05,8316.955887837736
255.6,0.01921573,1608.9037784721447
255.7,0.02312689,1498.6279567693
255.8,0.0071265167,5600.5887532231045
255.9,0.006936702,4534.2944834353675
256.0,0.014318406,1657.5634917704717
256.1,0.013138907,1204.465281971345
256.2,0.010709706,1012.0452818301077
256.3,0.014419135,1024.6586563637957
256.4,0.007409849,1473.3274542970428
256.5,0.00067106285,2613.3539932228464
256.6,0.0015491454,3941.1868269857737
256.7,0.004527345,1510.5006301619464
256.8,0.0048343176,1180.251162977961
256.9,0.0016099472,1594.6823079114265
257.0,0.00014060487,5494.16642378094
257.1,5.024299e-05,8076.116153129255
257.2,3.7409012e-05,8642.05154380343
257.3,3.533624e-05,8933.84207184989
257.4,3.1947526e-05,9515.232079516403
257.5,0.006361894,1995.0879246906836
257.6,0.0055094576,1506.6923433131196
257.7,0.0053601484,1064.036226818897
257.8,0.0027192137,3230.561170781395
257.9,0.0032701525,1918.166148550385
258.0,0.0029130075,1182.2745577956198
258.1,0.0002943839,4055.426558664436
258.2,6.788045e-05,7545.273011584187
258.3,3.3131448e-05,9110.163715396073
258.4,3.167827e-05,9226.050340695498
258.5,2.702787e-05,9664.475194679839
258.6,2.709839e-05,9692.968830522856
258.7,4.4119315e-05,8761.082481851114
258.8,5.000173e-05,8517.56806576833
258.9,2.648154e-05,9757.50946973698
259.0,2.6535921e-05,9727.117791710438
259.1,2.7438604e-05,9561.008430075617
259.2,0.0001052862,6951.177921233524
259.3,0.007543428,1078.2285653343456
259.4,0.012364903,1102.6412504855316
259.5,0.007875316,2053.979938590838
259.6,0.0006334687,3100.5845697901505
259.7,0.00320546,7474.709763352623
259.8,0.0073252507,2297.869709060703
259.9,0.002005645,1622.3286103795022
260.0,0.00014844602,5579.702363534634
260.1,0.0007947855,3651.05799083586
260.2,0.00050650456,2816.1992172348505
260.3,3.939782e-05,7962.353684093201
260.4,2.7447819e-05,9239.590068821457
260.5,2.7110891e-05,9767.927988493713
260.6,2.6690754e-05,9798.453884095406
260.7,2.6831733e-05,9853.223144865966
260.8,0.002778043,2178.9058519740684
260.9,0.0034624948,1630.4301483415845
261.0,0.0016737535,6762.280813957018
261.1,0.0031452584,5573.536307193087
261.2,0.0021476818,1589.3098758310746
261.3,0.001557867,2218.456987081961
261.4,0.002028594,7952.999391518539
261.5,0.00047010544,7682.114159620973
261.6,4.563603e-05,8400.553859564308
261.7,2.7995671e-05,9369.982989253487
261.8,2.6867938e-05,9618.252357460176
261.9,3.6018464e-05,9366.744383030022
262.0,2.646393e-05,9547.171364905575
262.1,2.6490574e-05,9676.213418045372
262.2,2.5302486e-05,9811.423764287174
262.3,2.7074608e-05,9805.37821216132
262.4,2.6649634e-05,9741.610140485183
262.5,2.7183552e-05,9744.558864201925
262.6,2.9876852e-05,9395.043895070858
262.7,2.596376e-05,9680.988226967704
262.8,2.5772724e-05,9502.850116864443
262.9,2.8536664e-05,9718.687369390937
263.0,3.8126287e-05,8905.010826298336
263.1,2.6086067e-05,9631.799624813619
263.2,2.6677963e-05,9809.891846744335
263.3,2.7615293e-05,9611.66575988988
263.4,2.676375e-05,9781.440472432529
263.5,2.5841611e-05,9877.228189652833
263.6,3.8710867e-05,8819.41785380872
263.7,2.6373675e-05,9514.399819961325
263.8,0.00012689603,7212.115085657711
263.9,0.018004963,1797.3534949778746
264.0,0.020704748,1706.1374860852932
264.1,0.0033441063,7633.423456569684
264.2,0.019561933,1460.795684211162
264.3,0.015171234,1086.8327977117015
264.4,0.015209949,1221.0473400544975
264.5,0.0020321114,5006.803709890871
264.6,0.0006541194,3833.4256118368157
264.7,0.0048858263,2163.532363300029
264.8,0.0038502638,2742.7942670565208
264.9,0.00025545948,4259.0305371973645
265.0,0.0030065838,1644.10414899229
265.1,0.0012855657,1597.6777517768887
265.2,6.506061e-05,6601.254457152361
265.3,4.3548152e-05,7943.5254484555335
265.4,2.7872708e-05,9464.996400290529
265.5,2.7295604e-05,9777.122600978462
265.6,2.5750478e-05,9584.318507514357
265.7,2.5814394e-05,9540.764811344197
265.8,2.7703094e-05,9501.86815108479
265.9,2.8521541e-05,9721.627158454994
266.0,0.007521314,2160.021387411007
266.1,0.0086093545,1694.988832702018
266.2,0.004362526,2251.2959474800855
266.3,0.0072981426,1449.6964600291667
266.4,0.0059229396,1536.7084381399236
266.5,0.0038111657,1758.2917135789482
266.6,0.00011637093,6281.943830957858
266.7,4.8644426e-05,8220.289654396962
266.8,3.297211e-05,8944.555224675127
266.9,2.6539992e-05,9440.058278723682
267.0,2.6979647e-05,9937.299107562787
267.1,0.0006243822,5071.490165369241
267.2,0.0022541946,6423.164586613694
267.3,0.005892111,2971.2946836013316
267.4,0.015648482,1489.4811992095765
267.5,0.017740585,1565.6257254576528
267.6,0.01716015,1514.1086885759742
267.7,0.019048274,1545.9247719158345
267.8,0.021381976,1089.2883954071879
267.9,0.008079714,924.2478683290047
268.0,0.002501938,5749.617203477779
268.1,0.0033197452,7433.863542891992
268.2,0.0006553373,7164.102385398983
268.3,0.0019912475,1867.5538223987996
268.4,0.0004650729,3019.7285950463734
268.5,5.3805434e-05,7338.320641117552
268.6,2.934818e-05,9001.29903904063
268.7,2.7096237e-05,9723.949100987844
268.8,2.7097803e-05,9721.785296198694
268.9,2.6907013e-05,9766.414531237146
269.0,4.7919628e-05,8669.99254010009
269.1,2.6266489e-05,9838.35075588472
269.2,2.614999e-05,9716.33062965902
269.3,2.602231e-05,9768.771202419817
269.4,2.596487e-05,9685.956636578769
269.5,2.6799555e-05,9760.883343928392
269.6,4.68963e-05,8571.35965654636
269.7,2.5593103e-05,9804.40092964039
269.8,2.6005417e-05,9877.737809980255
269.9,3.9010207e-05,9264.86288687746
270.0,2.6939535e-05,9812.249715171529
270.1,0.0007319515,3653.7482686239982
270.2,0.0051922146,1558.5090579416035
270.3,0.0063313935,1876.101583821777
270.4,0.0006395367,3021.568940461817
270.5,0.0047599743,1769.6381321269869
270.6,0.0032827642,1211.355347001758
270.7,0.0030467336,1276.4387311342628
270.8,0.0007023487,2367.4792822962568
270.9,7.830733e-05,6674.668696941485
271.0,3.4659173e-05,8692.849431272858
271.1,2.7594944e-05,9502.35656078213
271.2,3.4671426e-05,9178.305907947832
271.3,2.6334526e-05,9548.731818697755
271.4,2.6348389e-05,9650.885398209646
271.5,2.6421292e-05,9820.51977873388
271.6,2.6943197e-05,9874.9853773131
271.7,5.9270435e-05,8730.043526813202
271.8,3.8960403e-05,9029.093722248957
271.9,0.0083796205,868.9113088235391
272.0,0.014369881,1402.593620190184
272.1,0.017096272,1609.5034620221802
272.2,0.020491773,768.6452413872662
272.3,0.03391992,1079.8678766916278
272.4,0.028501706,936.41402784454
272.5,0.001658054,1486.6892427114763
272.6,0.009128694,1738.2280542050707
272.7,0.009352772,1970.0414502754502
272.8,0.0009815276,2225.1473330808603
272.9,0.0011096838,3884.3227224563543
273.0,0.0023353726,1267.2214521961953
273.1,0.0005465453,2646.120096766355
273.2,7.067122e-05,6756.850439092653
273.3,5.0285445e-05,7960.48131337073
273.4,2.7461765e-05,9750.18394344364
273.5,4.374915e-05,9188.035062608778
273.6,2.6941882e-05,9748.347561814124
273.7,2.9258325e-05,9514.964573953193
273.8,0.0022116578,8455.613114076486
273.9,0.004018988,7261.381493812019
274.0,0.002659803,7700.549122069393
274.1,0.008610656,873.6052339902537
274.2,0.005869519,920.8203683944722
274.3,0.004914811,2147.9252505733607
274.4,0.0002583165,4560.363827870749
274.5,0.0010000933,6239.391410027072
274.6,0.003503987,1144.4861712972079
274.7,0.0023055275,1884.1504051515603
274.8,0.0015333454,8304.702629784926
274.9,0.00044687482,9134.10686135363
275.0,5.4439188e-05,7778.362161177427
275.1,2.8373646e-05,9505.087533341575
275.2,2.6279096e-05,9689.623409126636
275.3,2.5959871e-05,9707.01984748313
275.4,2.5987381e-05,9736.026098213059
275.5,2.6671985e-05,9903.610732718156
275.6,3.4597524e-05,9165.66847849719
275.7,2.6623378e-05,9747.161194000666
275.8,2.7431839e-05,9829.767374778066
275.9,2.5953246e-05,9681.49457576595
276.0,8.7803215e-05,7728.824114052203
276.1,2.6728883e-05,9805.427800058571
276.2,2.563082e-05,9596.786400495628
276.3,4.422933e-05,8765.48531930535
276.4,2.5490353e-05,9617.13434021105
276.5,3.8066955e-05,9541.439573385393
276.6,2.6268406e-05,9788.531627622295
276.7,3.010965e-05,9424.080222716308
276.8,2.9157687e-05,9640.579491549533
276.9,3.650137e-05,9187.028740135833
277.0,2.6269767e-05,9834.785226123078
277.1,4.2191485e-05,8826.360040748536
277.2,2.9121757e-05,9500.971414507807
277.3,2.8730074e-05,9636.42319580106
277.4,2.717198e-05,9826.511982650602
277.5,2.749096e-05,9415.998826711628
277.6,2.6424601e-05,9779.958219869004
277.7,2.610117e-05,9844.136720874625
277.8,2.6998e-05,9839.921334271168
277.9,2.6455225e-05,9745.998042903784
278.0,2.6278425e-05,9762.352351836402
278.1,0.011533834,1050.2767811495066
278.2,0.013908269,1559.948171845655
278.3,0.0133190425,1314.251051379798
278.4,0.0046716197,2399.58781884165
278.5,0.0004554561,2913.1836131061336
278.6,0.021885479,1472.5983059276568
278.7,0.0031469078,2594.5298882519346
278.8,0.010515516,1470.0185109455656
278.9,0.014135078,1305.8687485142648
279.0,0.02748432,879.0126256074188
279.1,0.01071957,837.6507132241887
279.2,0.009680508,1242.0892479468823
279.3,0.0067319744,1076.9126508685083
279.4,0.002858765,1172.5262887924782
279.5,0.00015783425,5183.57612869076
279.6,0.00019922107,4227.837531627212
279.7,0.00015391549,5180.670002240694
279.8,7.356479e-05,7096.062197303049
279.9,2.8352588e-05,9396.624468582913
280.0,2.8676068e-05,9630.656237213425
280.1,4.0323797e-05,9405.21187553721
280.2,2.7160502e-05,9616.32890378473
280.3,0.015709644,1147.4945177821705
280.4,0.013976929,953.6184857313797
280.5,0.0069425246,7001.826004225768
280.6,0.0005686495,4793.376739180478
280.7,0.007327078,2474.4395030562087
280.8,0.0061710076,2178.349049741365
280.9,0.0006671294,3918.0554905044414
281.0,0.004110982,1714.9706300576067
281.1,0.006862783,1497.4832772423727
281.2,0.0058961166,1306.9020698895472
281.3,0.004485141,943.8532262847689
281.4,0.0022130255,1665.1630860544801
281.5,0.00048950146,2431.707434163817
281.6,5.5709952e-05,6772.005889795249
281.7,3.4205295e-05,8751.974751368161
281.8,2.7158892e-05,9382.260351081599
281.9,4.1966552e-05,8387.97090919506
282.0,2.5341229e-05,9727.221330371265
282.1,2.7761142e-05,9734.086417308841
282.2,2.704823e-05,9509.519589758294
282.3,4.2016356e-05,8874.780957004641
282.4,2.7514814e-05,9894.335332028848
282.5,2.7109112e-05,9674.824329662022
282.6,2.6890693e-05,9528.590190368988
282.7,0.0002804759,4486.097310957626
282.8,0.004130224,7213.584034885232
282.9,0.0054952395,7229.823592992327
283.0,0.0065132547,2327.7635370965795
283.1,0.003936011,3645.603603322369
283.2,0.008037223,854.1872805698918
283.3,0.0048039034,1996.013975023033
283.4,0.0012458934,2763.6885185592173
283.5,0.0029571604,2034.2632096751513
283.6,0.0029833522,1370.7885062716423
283.7,0.0016391402,2207.32259859993
283.8,0.0016839536,2377.6917667780585
283.9,0.00017597,4638.764012837877
284.0,0.001194319,3287.743499389065
284.1,0.00012849763,5342.802033079937
284.2,3.4722914e-05,8473.83097334899
284.3,2.859589e-05,9620.410375826777
284.4,2.6559299e-05,9676.664977977325
284.5,2.697859e-05,9062.55818100898
284.6,2.1234768e-05,9662.600123020227
284.7,2.1104217e-05,9601.757692675259
284.8,2.1084274e-05,9358.14833315044
284.9,1.9867945e-05,9485.864107298801
285.0,2.0456619e-05,9631.361983990892
285.1,2.0693245e-05,9786.289220660803
285.2,2.0384829e-05,9328.558501257377
285.3,2.1030643e-05,9722.942661032273
285.4,2.1176495e-05,9408.518559395605
285.5,2.1390715e-05,9654.689484515266
285.6,0.009223764,4787.127319445794
285.7,0.0013948766,5614.511630341589
285.8,0.0037039176,3263.253472981647
285.9,0.001094462,5866.505280973825
286.0,7.081419e-05,6641.895676012149
286.1,3.184197e-05,7953.164948596594
286.2,0.0054025985,4283.846029952631
286.3,0.0049798586,5859.469066055861
286.4,0.0043657008,5979.843461390193
286.5,0.002500371,6321.754956097448
286.6,0.0011517775,6710.440495771514
286.7,0.0001424097,4787.46599287814
286.8,0.002766885,2412.6187138413147
286.9,0.005327497,2903.460371537527
287.0,0.022531016,4678.016126014292
287.1,0.00055971474,4017.8859239968015
287.2,0.0051995977,6566.849610010006
287.3,0.003160852,3929.6113899153906
287.4,0.0007381328,4591.919752636131
287.5,0.0007925808,6355.135832847432
287.6,0.0008702981,6194.91609227908
287.7,0.00040827197,5461.651698542608
287.8,6.0557722e-05,6902.763501126895
287.9,0.0052276184,2223.321979167455
288.0,0.0143246865,3429.4262938593383
288.1,0.003545691,2058.0572068419065
288.2,0.00093174964,2872.1421019333075
288.3,0.0027464696,2430.559329803904
288.4,0.006308094,2397.925355610557
288.5,0.015242099,3516.689198903877
288.6,0.00074490707,3185.217823741821
288.7,0.013907877,3645.485633844299
288.8,0.0039470904,1859.3009256646951
288.9,0.003992229,3292.8020287614518
289.0,0.0040998044,2362.7266970816704
289.1,0.0029646114,2765.881354558576
289.2,0.0024696565,3332.4193932628064
289.3,0.0001243547,5544.5520203310625
289.4,0.008369498,3984.300768850517
289.5,0.009993484,3374.1241576305188
289.6,0.01606492,4465.345848259119
289.7,0.018450974,5153.682311881444
289.8,0.014815575,4874.180474880126
289.9,0.0054615964,3024.533543955863
290.0,0.0025362573,4031.482569366697
290.1,0.0022790974,4600.058477181089
290.2,0.00030040354,4619.222740521231
290.3,4.066163e-05,7064.791543792091
290.4,2.2735103e-05,8744.62926670912
290.5,2.0841911e-05,9166.659010626754
290.6,2.1121432e-05,9548.857293137928
290.7,2.0853295e-05,9568.73099797808
290.8,2.0069354e-05,9732.4445676315
290.9,2.0970723e-05,9657.660305906289
291.0,2.0786982e-05,9612.709031830598
291.1,2.0902522e-05,9476.25860819077
291.2,2.1537076e-05,9687.118414341378
291.3,2.25446e-05,9673.098617327025
291.4,0.005296948,4328.571665295979
291.5,0.003975208,2914.8997223405513
291.6,0.005037363,2660.4724466605444
291.7,0.0058262944,3147.361269226085
291.8,0.0076673413,3371.192197872298
291.9,0.011148335,2743.7910769173373
292.0,0.013287241,3241.7505691048555
292.1,0.0049951216,9808.900026067062
292.2,0.0015319772,5978.016312976206
292.3,0.01029147,3910.210546734028
292.4,0.0039590388,9061.308600855062
292.5,0.0045007775,9328.896504424447
292.6,0.0020523323,5528.3117959648325
292.7,0.0029125381,5069.549981569778
292.8,0.0031894697,4597.231438597213
292.9,0.002702716,4489.967465335265
293.0,0.0017105801,4760.736359077707
293.1,0.00010383574,6872.768858227659
293.2,0.00035424295,6049.802721940477
293.3,0.0024629512,5883.128204203536
293.4,0.0022901124,5828.3684691420385
293.5,0.001359523,5938.007309350957
293.6,0.0010785423,6988.540846645091
293.7,0.0006321993,6055.477340482826
293.8,0.00032657318,4925.9436322269485
293.9,3.1496624e-05,8163.692164990967
294.0,0.0011015036,4313.0324238451885
294.1,0.00467328,2800.5382294784768
294.2,0.003462971,2973.6914098219913
294.3,0.005195468,2610.8655926216074
294.4,0.005423053,2955.2762526263828
294.5,0.0053021526,3004.757380742012
294.6,0.0036679332,3528.4924007011177
294.7,0.0031322183,3391.853134233254
294.8,0.0021063967,3811.054703824402
294.9,0.00034492745,4809.291865669412
295.0,0.0018204515,6086.839106888632
295.1,0.0010394673,5872.815285884671
295.2,3.9542727e-05,7019.599327212658
295.3,0.02441272,3124.4612889880427
295.4,0.0068677207,3355.300176048936
295.5,0.0006307366,3381.6620719307543
295.6,0.0038897668,5780.837651993588
295.7,0.013078616,3334.098536220399
295.8,0.0023283283,3966.355454265114
295.9,0.0020600369,2885.708146077274
296.0,0.0022726092,3743.4465795891756
296.1,0.002281427,4032.540029604916
296.2,0.0005830449,4929.460791831616
296.3,4.6027842e-05,6738.510891406868
296.4,2.219047e-05,8507.321025635865
296.5,2.139341e-05,9363.932523455096
296.6,2.1075417e-05,9714.336920895266
296.7,2.0613155e-05,9456.379513483982
296.8,2.0745718e-05,9594.043301049944
296.9,2.0178215e-05,9629.90019657386
297.0,2.0351004e-05,9527.77773388038
297.1,2.0379277e-05,9425.409237033236
297.2,2.0821797e-05,9612.634055688035
297.3,2.1408014e-05,9568.405403185327
297.4,2.1158985e-05,9577.937344381284
297.5,2.1054233e-05,9492.676226443396
297.6,2.0913758e-05,9278.621375562532
297.7,2.065225e-05,9752.115179981669
297.8,2.0691841e-05,9653.479714821875
297.9,2.0666572e-05,9558.866350450957
298.0,2.1023205e-05,9579.830039490424
298.1,2.1639533e-05,9663.241696016225
298.2,2.5751498e-05,9821.735806947272
298.3,2.6623366e-05,9770.450711412155
298.4,2.7899816e-05,9891.594593077876
298.5,9.8772754e-05,7643.9608673889525
298.6,0.01427975,1410.7319285010003
298.7,0.01563299,1821.3507573083755
298.8,0.025122793,1626.6324225909227
298.9,0.004756949,6957.310263085629
299.0,0.012540956,1875.9959399606894
299.1,0.020984529,1044.943467485952
299.2,0.01607471,2144.219108066146
299.3,0.015059554,1801.2901270617515
299.4,0.009605659,1868.8820083854496
299.5,0.007596191,1821.7217620787783
299.6,0.00615958,927.4855163048435
299.7,0.0024256508,1998.892814198693
299.8,0.0008271034,2159.0729736395633
299.9,7.229805e-05,6458.103168516607
300.0,3.519977e-05,8526.593621668279
300.1,4.308824e-05,8579.10296448993
300.2,2.7295244e-05,9531.906180610646
300.3,2.6873626e-05,9898.583715050796
300.4,2.6199757e-05,9551.438822414642
300.5,2.7347915e-05,9799.341787262132
300.6,4.6939906e-05,8480.04213887738
300.7,2.5313071e-05,9697.6230067891
300.8,0.0069005513,1356.524129842025
300.9,0.018409597,1027.3961403047706
301.0,0.005416693,5403.866852847263
301.1,0.0036710552,8047.123904619624
301.2,0.0076047378,2596.752121478466
301.3,0.0071571185,1306.199830546094
301.4,0.003768582,1565.3077502376104
301.5,0.0019336311,4358.320639980262
301.6,0.00039831467,5631.881523828524
301.7,0.0032996894,6978.987012250686
301.8,0.002501663,2364.4979044136176
301.9,0.00049694395,3157.2522118767492
302.0,5.951237e-05,7594.981125361359
302.1,3.3807715e-05,8882.103597337751
302.2,2.6792044e-05,9472.550165933164
302.3,2.6098758e-05,9455.255291530339
302.4,2.5699515e-05,9775.127370947761
302.5,3.311064e-05,9203.145687815126
302.6,2.6420286e-05,9662.907656780542
302.7,2.7764936e-05,9666.837778035362
302.8,2.719156e-05,9769.973200328626
302.9,4.1759235e-05,8790.309844986974
303.0,2.5995152e-05,9538.362560797761
303.1,4.1685726e-05,8688.68019393017
303.2,2.7916232e-05,9827.585147287253
303.3,2.5991754e-05,9973.590085965514
303.4,4.359071e-05,9123.105310315646
303.5,2.6955715e-05,9792.706244320007
303.6,2.705062e-05,9648.044047505016
303.7,2.7071772e-05,9893.178776778761
303.8,2.6280532e-05,9592.997640278263
303.9,5.529495e-05,8703.561347324017
304.0,2.6190444e-05,9598.225750726564
304.1,2.6875157e-05,9860.919722866038
304.2,4.9863804e-05,8427.059877715728
304.3,0.0032359266,3283.2773019038104
304.4,0.00895153,1957.907251620605
304.5,0.015358094,2190.3215063257344
304.6,0.005751124,3218.6626267626707
304.7,0.016569741,1290.9003463354575
304.8,0.015150098,1861.5317169697842
304.9,0.01683052,2053.7347981613893
305.0,0.0058170175,3667.37065524786
305.1,0.011193418,2065.1679087284715
305.2,0.013040175,1570.0196723557954
305.3,0.014620141,1624.252706179975
305.4,0.022083169,1417.6300190688512
305.5,0.022250546,1431.5855469199405
305.6,0.0027136062,1377.735670586157
305.7,0.0055921976,1793.8277420932789
305.8,0.0054717935,1212.4358650851236
305.9,0.004910577,6163.8121736201665
306.0,0.007697037,1236.6726653547312
306.1,0.007722801,1403.1719369618204
306.2,0.0052048583,1609.0878187223968
306.3,0.005644295,1116.8392277123837
306.4,0.0027573865,1778.2543314681973
306.5,0.00012806627,5571.03232937655
306.6,7.1734925e-05,7553.782584452696
306.7,3.5012163e-05,9282.482134728463
306.8,2.645151e-05,9551.543462102807
306.9,2.6615862e-05,9554.538724278962
307.0,2.712813e-05,9683.431420648642
307.1,2.6693748e-05,9898.535069633777
307.2,5.9845104e-05,8214.273527489662
307.3,2.5927478e-05,9701.381399441705
307.4,5.0551476e-05,9321.054900979807
307.5,2.658309e-05,9867.400467971896
307.6,2.7639924e-05,9905.215697316184
307.7,3.7227805e-05,9225.5742305145
307.8,2.5677455e-05,9919.470980485883
307.9,2.8066132e-05,9710.377730024717
308.0,0.011434154,1064.1165037606163
308.1,0.01736243,2056.315390589109
308.2,0.008444479,7867.8769794099835
308.3,0.00775865,2200.071189538241
308.4,0.0057447394,2174.832196399819
308.5,0.0020409424,6892.942851021963
308.6,0.009796007,1741.183907261443
308.7,0.010994863,1856.4823840194347
308.8,0.0080722505,1807.8601664541243
308.9,0.005261709,1785.83263826773
309.0,0.0004759589,2881.4869207531437
309.1,0.0001292447,5586.7730856446005
309.2,6.552341e-05,7081.495246867693
309.3,2.9692877e-05,9148.19891449609
309.4,2.7206084e-05,9496.943164509095
309.5,2.7903923e-05,9122.17523892508
309.6,4.0089366e-05,8714.859745273614
309.7,3.6020392e-05,8918.388535115095
309.8,6.5952314e-05,8318.515547069153
309.9,2.9950594e-05,9458.922771403675
310.0,0.0022545902,6362.157329241623
310.1,0.005385358,1949.1910953604859
310.2,0.011802851,1315.2405562906013
310.3,0.004111556,2360.9135966080585
310.4,0.0045521413,7871.807200812302
310.5,0.004673109,5902.411121973155
310.6,0.003199705,2093.2709676104314
310.7,0.00081121334,3712.757924421443
310.8,0.0007012406,3324.069333548694
310.9,0.0029745256,2476.78631409665
311.0,0.003964562,1409.9160008916867
311.1,0.0044352394,7608.483285377295
311.2,0.0047528245,1703.838987706866
311.3,0.0035099771,1921.5316728150408
311.4,0.0023687857,7769.4165861831
311.5,0.00090170995,9557.654089832988
311.6,3.6168185e-05,8284.639819172455
311.7,2.797759e-05,9338.802239433466
311.8,3.0918913e-05,9305.249744909079
311.9,2.8974857e-05,9623.550223071656
312.0,2.7262917e-05,9687.025173582979
312.1,2.6139882e-05,9579.990079520656
312.2,2.66355e-05,9721.772933963373
312.3,2.6146776e-05,9773.43029615117
312.4,2.6844993e-05,9654.415809690403
312.5,2.613846e-05,9738.461053416531
312.6,2.6589443e-05,9771.388431031972
312.7,2.515149e-05,9735.57394870475
312.8,2.6945241e-05,9554.76341059613
312.9,2.926488e-05,9534.226775881194
313.0,2.628989e-05,9710.11146049402
313.1,3.102136e-05,9219.14316407296
313.2,2.647781e-05,9588.432503713753
313.3,2.5918445e-05,9646.150013392798
313.4,2.7398886e-05,9635.3153707139
313.5,3.879872e-05,9036.515411794946
313.6,2.7424308e-05,9803.152347300587
313.7,2.7096181e-05,9771.852918981502
313.8,4.5297813e-05,8670.205962205378
313.9,8.258651e-05,7389.2361574074675
314.0,0.01180264,1687.460134690654
314.1,0.010065154,880.2789970390912
314.2,0.0066438904,1926.0751988040404
314.3,0.0049133617,2744.6119463201044
314.4,0.0002723655,4024.5418783981427
314.5,0.0025405823,3190.1547869934902
314.6,0.004302874,1904.6002618426992
314.7,0.0034295318,1397.867661960166
314.8,0.001568938,3261.9821881083
314.9,0.00015052053,5588.800705536039
315.0,0.002082785,3010.3132321771445
315.1,0.002031004,1504.394313766439
315.2,0.00018107652,4377.997382666554
315.3,5.092225e-05,7741.792970957843
315.4,2.9905834e-05,9465.219151216384
315.5,2.5578956e-05,9719.57555052936
315.6,2.7221151e-05,9685.859961852739
315.7,2.707447e-05,9769.717280725634
315.8,3.5325957e-05,9120.5297665142
315.9,2.6202872e-05,9383.701055608472
316.0,2.6603559e-05,9803.014006153471
316.1,4.1817293e-05,8612.22974800237
316.2,4.5250734e-05,9034.055478793844
316.3,0.012715532,1110.7818756057147
316.4,0.016711837,1237.0948777572094
316.5,0.0141048655,1317.7748435581657
316.6,0.012824067,1653.4470008304681
316.7,0.00637001,2126.6811473572016
316.8,0.0010469741,2846.6131919596583
316.9,0.0027296997,2351.8101371048483
317.0,0.0035758321,5917.610341587446
317.1,0.0007290633,6912.915127239672
317.2,0.0019796873,2801.205010446017
317.3,0.0017794883,6381.183958285874
317.4,6.582624e-05,7602.934145634254
317.5,0.0048467796,2304.8899739579174
317.6,0.0013053939,4184.073370274473
317.7,0.00038718226,4029.068670059141
317.8,5.295551e-05,7895.994003735643
317.9,3.700421e-05,8978.025820910556
318.0,5.3611115e-05,8356.95408178398
318.1,3.0233363e-05,9269.657731281974
318.2,8.33847e-05,7055.734835191835
318.3,3.3162138e-05,9211.84585302575
318.4,2.797451e-05,9834.66332297343
318.5,3.1498228e-05,9660.21094534648
318.6,3.5036588e-05,8989.074391117636
318.7,2.7425833e-05,9899.282769131427
318.8,2.6378799e-05,9674.64422098359
318.9,2.9500563e-05,9472.88532918076
319.0,3.64463e-05,8801.55594477464
319.1,6.284054e-05,8214.981944994539
319.2,2.6690155e-05,9915.473955296491
319.3,2.557825e-05,9924.510945613123
319.4,2.7217062e-05,9779.810014922488
319.5,0.00010517604,7665.669620932353
319.6,0.011759438,1127.7935804828044
319.7,0.023215553,992.1897635460056
319.8,0.038771592,1224.9056466322559
319.9,0.026514476,1452.6782776515333
320.0,0.005974736,6798.829586179136
320.1,0.011782853,2058.8762923597787
320.2,0.009902959,2313.283415592143
320.3,0.0013846592,3058.4918702357245
320.4,0.0049952706,1943.1669794831757
320.5,0.004495579,1788.8527056173057
320.6,0.0032835177,1610.3106142684767
320.7,0.00033418208,3410.0327642603984
320.8,6.5732434e-05,6678.613219964724
320.9,3.6674708e-05,8547.717371291828
321.0,2.8641536e-05,9303.88858297645
321.1,2.6745902e-05,9787.095616162025
321.2,3.894158e-05,9096.561220138638
321.3,4.022199e-05,9116.476008588397
321.4,2.7961858e-05,9637.359981434734
321.5,2.6554908e-05,9618.04763453799
321.6,0.0016578328,3356.431976792532
321.7,0.0027127198,3103.16480093722
321.8,0.0037103316,2088.9846344127163
321.9,0.0017538791,3508.972674563979
322.0,0.0058800504,1392.4222591447435
322.1,0.0071082786,854.3763833501168
322.2,0.006460805,1675.4328863795477
322.3,0.0014330348,2197.7703943911483
322.4,0.00013593999,6255.260297604133
322.5,3.838629e-05,8875.228648937995
322.6,3.041253e-05,9253.98336303228
322.7,2.8124621e-05,9387.453460495042
322.8,2.6406402e-05,9656.016080412755
322.9,3.1707368e-05,9538.622816780482
323.0,3.5291e-05,9310.694602373484
323.1,2.8609762e-05,9185.57187496698
323.2,0.0039505954,2791.435028279725
323.3,0.00070093654,2319.299965657633
323.4,0.012849852,2150.301746583539
323.5,0.0060444344,2323.3334434896046
323.6,0.0045071016,6991.654243057982
323.7,0.0035146733,5486.5576992701035
323.8,0.008884226,859.1486496882821
323.9,0.009820148,1386.2508174886134
324.0,0.0005773223,2760.587413369423
324.1,0.0034269379,1844.9248893094586
324.2,0.0035582676,1860.7751351018344
324.3,0.0032993488,1624.711820849981
324.4,0.0039587975,1034.4091259239026
324.5,0.0020713846,1866.224963327895
324.6,0.00015411858,4624.989974555416
324.7,3.8828286e-05,8146.314146813846
324.8,4.287412e-05,8713.324053751297
324.9,2.6643453e-05,9439.751982115009
325.0,2.7100998e-05,9811.124781381903
325.1,2.7727778e-05,9808.264397816401
325.2,2.8388193e-05,9291.514450083343
325.3,2.5503752e-05,9885.885205830922
325.4,2.64445e-05,9846.764568860668
325.5,2.6305546e-05,9822.51297521585
325.6,2.643687e-05,9742.26996982157
325.7,2.7227336e-05,9967.42299201565
325.8,3.6198144e-05,9313.327289408448
325.9,3.878654e-05,8882.158725915264
326.0,0.0024416198,5953.567517434657
326.1,0.008715823,1303.4465962218574
326.2,0.0151565755,1362.105877731375
326.3,0.0020977657,1869.4007048789706
326.4,0.0045265993,6559.9827965457935
326.5,0.014723854,920.6919666712641
326.6,0.01892825,1298.2919084624502
326.7,0.013220926,1392.9349474024982
326.8,0.0101183755,1937.6361877976908
326.9,0.0042120195,3455.2938731925055
327.0,0.00022253282,5301.031630603333
327.1,0.0019307769,2444.2439499660877
327.2,0.0025119071,1735.5746917411966
327.3,0.00043155265,2817.2753850728664
327.4,0.0010047352,3455.076756808179
327.5,0.0015268287,2683.5465798868
327.6,0.0006614464,3793.0301912495015
327.7,0.00070004363,3332.5565077307488
327.8,4.270097e-05,8061.252782622882
327.9,3.5322355e-05,9126.241675622496
328.0,2.6884198e-05,9640.013136685022
328.1,2.6305828e-05,9753.774507568756
328.2,2.9882942e-05,9638.444365290701
328.3,2.6659774e-05,9797.552583554307
328.4,2.5604553e-05,9450.60461002904
328.5,3.4099092e-05,8982.776637994126
328.6,2.8048338e-05,9654.849184457842
328.7,2.759534e-05,9756.432023232128
328.8,2.5720652e-05,9622.443350265215
328.9,2.6403392e-05,9687.143270927905
329.0,2.714598e-05,9839.36163280273
329.1,2.680837e-05,9917.111679749898
329.2,6.439449e-05,8025.659128702426
329.3,3.368251e-05,9041.784058468415
329.4,2.6446216e-05,9802.837265258999
329.5,2.5747282e-05,9814.156699301984
329.6,2.6072594e-05,9714.51765839499
329.7,2.670447e-05,9732.047410950245
329.8,2.6855205e-05,9472.948979707398
329.9,3.9550738e-05,8629.372825035993
330.0,2.6895863e-05,9755.605996699496
330.1,2.6214417e-05,9737.428340608509
330.2,2.6591806e-05,9783.512668727486
330.3,2.722277e-05,9769.834167224588
330.4,4.754844e-05,9343.678542007838
330.5,0.004827108,8068.672744455191
330.6,0.015681991,2249.5157527781666
330.7,0.054173112,1587.227091275276
330.8,0.003611233,1452.774869853647
330.9,0.0076693897,1792.901332447536
331.0,0.018311646,1500.4793585086093
331.1,0.013700875,865.6551090225996
331.2,0.002675908,1423.8961560803841
331.3,0.018399652,1664.6755743815593
331.4,0.0033518076,6983.744875160309
331.5,0.006526728,2145.8708660754874
331.6,0.0012333124,2448.8729536524997
331.7,0.0047430587,2050.143415278774
331.8,0.0069106673,1697.877037246672
331.9,0.013844291,1138.7282741965068
332.0,0.007881745,819.2423799027164
332.1,0.0029052163,1611.001892866941
332.2,0.00024784653,3776.7418748152586
332.3,8.44968e-05,6546.652020284393
332.4,3.450421e-05,8875.738817273083
332.5,3.0877698e-05,9168.964846156337
332.6,2.6864358e-05,9809.507888011529
332.7,2.8155293e-05,9468.928238937895
332.8,2.6146943e-05,9594.48488057979
332.9,2.9864796e-05,9382.377697064636
333.0,2.8586815e-05,9566.562822284695
333.1,3.2399617e-05,9479.513015224846
333.2,2.6828571e-05,9647.90863163104
333.3,2.6682665e-05,9817.317820305125
333.4,0.004460114,2097.5675520124782
333.5,0.0029551715,1486.0531153838256
333.6,0.0032898781,2279.020598117109
333.7,0.0043264166,2488.1026487225727
333.8,0.003660439,7014.710410451216
333.9,0.004453143,5258.121434136516
334.0,0.014710658,2006.7029519662476
334.1,0.0063893544,2100.7387784464345
334.2,0.0016046423,2047.1674113520621
334.3,0.00018335387,4529.605590810761
334.4,8.03787e-05,7013.456276031211
334.5,3.5909372e-05,8616.532562349177
334.6,3.3807653e-05,9022.110582034782
334.7,2.5903313e-05,9446.976268389186
334.8,2.7253776e-05,9763.976670124037
334.9,2.6722639e-05,9733.87747663409
335.0,2.6523156e-05,9798.145620144915
335.1,2.7445105e-05,9754.947196901816
335.2,2.5952395e-05,9997.428237606262
335.3,0.000118054486,7045.061978837151
335.4,2.6907852e-05,9502.916501185746
335.5,0.00057452125,5357.5218177683955
335.6,0.0035566827,1996.6576550238508
335.7,0.0077813827,1210.5616364462694
335.8,0.0012953905,2554.2938959097596
335.9,0.00021147857,4040.657469687128
336.0,0.0034896878,2090.911791046876
336.1,0.00026714522,3711.88357718725
336.2,0.0016926783,3084.2588267861815
336.3,0.0016676581,1980.1508075301736
336.4,0.00016203367,4869.1067559861485
336.5,4.3265496e-05,7620.545083395587
336.6,2.8679102e-05,9209.700728933452
336.7,4.7621976e-05,8239.977663581747
336.8,2.6716894e-05,9833.452178915286
336.9,2.638055e-05,9563.708195134317
337.0,2.6128837e-05,9705.466935792394
337.1,2.0521007e-05,9224.91262106206
337.2,2.1765823e-05,9988.240535622881
337.3,2.1296672e-05,9626.664783379356
337.4,2.0583773e-05,9253.512697503722
337.5,2.12595e-05,9514.15333165821
337.6,2.1041578e-05,9391.530626965494
337.7,2.0667956e-05,9759.716293764122
337.8,2.045559e-05,9520.603373138929
337.9,2.1404654e-05,9492.604892312705
338.0,2.0653002e-05,9594.61731445138
338.1,1.9761854e-05,9379.661806912813
338.2,2.0424983e-05,9655.084515652168
338.3,2.0748805e-05,9507.900386164385
338.4,2.0916988e-05,9333.769753626737
338.5,2.148464e-05,9672.07645783521
338.6,1.968273e-05,9218.036580602886
338.7,2.1274109e-05,9674.537844107752
338.8,2.0209467e-05,9515.979389922892
338.9,2.0417623e-05,9469.17347370086
339.0,2.0966903e-05,9460.637292304418
339.1,2.0541063e-05,9773.562920627519
339.2,2.0741922e-05,9535.067398636984
339.3,2.0893507e-05,9544.577392451645
339.4,2.0938514e-05,9737.956571126058
339.5,2.1138483e-05,9883.89086884508
339.6,2.0761992e-05,9576.013199543442
339.7,2.0891819e-05,9412.959535240141
339.8,3.3104556e-05,9145.677697371819
339.9,2.6860993e-05,9844.90515907261
340.0,2.5499494e-05,9795.606149661435
340.1,0.0059739985,1219.7263916968263
340.2,0.01870029,1209.3594935678311
340.3,0.01406976,1909.820725856291
340.4,0.007648215,1088.2957210920363
340.5,0.0036701052,1364.2465774242255
340.6,0.0031664579,1337.8322347675546
340.7,0.004458608,922.3698619022257
340.8,0.00396964,1833.587356358523
340.9,0.0011540615,3611.3928499963426
341.0,0.0038618876,1532.6943913595733
341.1,0.0035096053,1136.352895787616
341.2,0.0012956447,1447.4892462017053
341.3,9.7476564e-05,5872.701224948194
341.4,0.0001035341,5993.3904255679445
341.5,6.493407e-05,7613.828064514619
341.6,3.3744658e-05,9251.505204515139
341.7,4.310997e-05,8653.001997424537
341.8,2.7198654e-05,9713.418032186652
341.9,9.4452094e-05,7381.355291243068
342.0,0.0237293,1499.5867041262297
342.1,0.022409905,1259.3341003432993
342.2,0.019730292,1610.198841193253
342.3,0.018894605,1253.0713857327537
342.4,0.01121683,1098.3381094542124
342.5,0.0080452915,929.1591600127499
342.6,0.011475574,1125.7487532486057
342.7,0.005343437,1389.6259553265209
342.8,0.0008436001,2356.5468727239686
342.9,0.0037212463,2044.0636642632626
343.0,0.0044477726,965.2075278749418
343.1,0.0023144507,1115.5850927613521
343.2,0.00011106886,5743.342696598971
343.3,5.5836717e-05,7579.586064919579
343.4,2.8703731e-05,9326.913307717296
343.5,3.0314406e-05,9426.435680838807
343.6,2.6519172e-05,9601.180812237804
343.7,2.630785e-05,9824.080165032401
343.8,2.649173e-05,9837.425881580466
343.9,2.5579313e-05,9808.308033851043
344.0,2.597413e-05,9890.771498564063
344.1,2.6620575e-05,9644.200080605538
344.2,3.335013e-05,9091.897894546084
344.3,0.0033739493,2737.519974550059
344.4,0.004646652,2416.8927468913053
344.5,0.00042349496,2934.6269616693053
344.6,0.0039088405,1734.8823680034952
344.7,0.00576669,1506.0323529294428
344.8,0.0063548856,1923.2867569744124
344.9,0.00060701586,2496.3005230890776
345.0,0.0029045017,5805.409346942199
345.1,0.0028024511,7185.38142461319
345.2,0.0021855165,3553.966333930917
345.3,0.0036238243,1952.4356652983106
345.4,0.0005194952,4289.737289063433
345.5,0.0020113706,1832.6292028489456
345.6,0.00020993208,4435.143201914738
345.7,4.793176e-05,7483.227011937198
345.8,3.0731142e-05,9096.485601983837
345.9,2.6378715e-05,9487.375249743422
346.0,2.7678005e-05,9600.588938949128
346.1,3.7920705e-05,8936.141134665244
346.2,3.2101398e-05,9744.67336273998
346.3,5.2098865e-05,8490.453168090839
346.4,2.7287948e-05,9626.074047995471
346.5,3.2110347e-05,9040.16738440672
346.6,2.7197326e-05,9421.831878163846
346.7,2.6847418e-05,9727.660204226111
346.8,0.00063861744,4976.655826752144
346.9,0.0050292425,1695.1119242608881
347.0,0.0016272616,5643.336343074741
347.1,0.004515689,3000.822434200316
347.2,0.0064741517,1897.617001931168
347.3,0.00981906,1883.8389572609258
347.4,0.0072697354,1777.6093391645418
347.5,0.00076798076,3530.85327093428
347.6,0.00054551393,3615.773887767278
347.7,0.002591797,1547.7706088275272
347.8,0.0021298423,1796.6931329298684
347.9,0.0011264521,3012.9586424487024
348.0,0.000565929,6294.069245695098
348.1,0.0013941444,5498.476523566068
348.2,0.002001744,1744.6230450616142
348.3,0.0010711466,5550.055163103827
348.4,0.0010336853,9714.551408312387
348.5,4.287489e-05,8580.93170517635
348.6,4.7010817e-05,8743.362461570792
348.7,4.3996184e-05,8562.569667914475
348.8,9.162979e-05,6932.950034993393
348.9,2.7202477e-05,9841.221623134094
349.0,2.6816537e-05,9616.697467672646
349.1,2.675233e-05,9667.661796803211
349.2,4.5855257e-05,8589.961991685053
349.3,2.667221e-05,9798.119799161095
349.4,2.5853156e-05,9588.362277433276
349.5,2.8255286e-05,9393.122635708136
349.6,2.6179365e-05,9665.506089631064
349.7,3.1683354e-05,9770.097730123927
349.8,2.6348109e-05,9556.980927883724
349.9,2.5704203e-05,9586.782746095325
350.0,2.6834088e-05,9566.592872633244
350.1,2.7163778e-05,9882.764796004121
350.2,2.63532e-05,9632.852542725825
350.3,2.6695587e-05,9625.15255226046
350.4,2.5344887e-05,9615.805498484533
350.5,2.6285834e-05,9539.122397526295
350.6,2.6548538e-05,9717.13871810813
350.7,2.643971e-05,9655.058583963273
350.8,2.678009e-05,9815.144347311303
350.9,2.6470128e-05,9579.597409628239
351.0,2.6338057e-05,9620.903184983463
351.1,2.6999684e-05,10019.107380904421
351.2,2.6365644e-05,9698.297508363217
351.3,2.6928825e-05,9500.16895712064
351.4,2.6899725e-05,9830.543749125975
351.5,4.2584685e-05,8707.043035047287
351.6,0.012866567,1898.7441217173773
351.7,0.0010794072,3824.0022335352796
351.8,0.005618498,6139.768965893652
351.9,0.022926359,1729.3308103657796
352.0,0.0023660786,4639.255293612273
352.1,0.0049917926,5907.402435974421
352.2,0.0056100166,6277.578883584053
352.3,0.0055818385,3455.96175669876
352.4,0.00097544387,3076.9790320775483
352.5,0.00014603048,5965.344157889444
352.6,0.0037124641,2206.235263715437
352.7,0.0021598006,1782.115425306301
352.8,0.00019678517,3954.7477487479628
352.9,7.393066e-05,6569.835385446866
353.0,3.370468e-05,8534.169864073714
353.1,4.3960525e-05,9432.117475549265
353.2,2.6634976e-05,9677.138381498937
353.3,2.9518907e-05,9688.247171663701
353.4,2.8721319e-05,9788.702691287785
353.5,3.350988e-05,9909.2419354563
353.6,3.3140586e-05,9000.49802638316
353.7,2.6774293e-05,9886.155618909288
353.8,2.9014316e-05,9685.31753803878
353.9,0.012895214,2157.4539478222678
354.0,0.010359103,1817.6236444534125
354.1,0.01751422,1630.0692877241884
354.2,0.018482577,1398.8849490779028
354.3,0.0019359658,1630.9750382167545
354.4,0.007175358,2775.7210704059435
354.5,0.0008341734,2767.8994543419376
354.6,6.980167e-05,7678.819274442749
354.7,0.0036641303,1924.4010915742765
354.8,0.0023110234,1461.4652608527017
354.9,0.00074215606,2368.373568349846
355.0,6.807734e-05,6243.483578498284
355.1,3.4341196e-05,8408.833808116127
355.2,2.8000388e-05,9409.486040509597
355.3,2.6751854e-05,9582.660355165674
355.4,0.00011353741,8238.45375115379
355.5,4.2477768e-05,9039.812124463122
355.6,0.0012395638,2984.8752836875337
355.7,0.002281727,1788.1335794676822
355.8,0.0033821312,1965.7872510101913
355.9,0.0061244774,1576.5024208932746
356.0,0.0032225382,2361.9237565193916
356.1,0.0025959203,1726.1172120336773
356.2,0.00027801105,3463.7179635872876
356.3,0.0030276068,2321.551628979417
356.4,0.0029187158,1865.0128924204164
356.5,0.00082306075,5884.725669141185
356.6,0.0018564701,2191.8143539654493
356.7,0.00015129484,4639.469821920517
356.8,6.0248192e-05,7281.541883637075
356.9,8.5979766e-05,7597.5482776613335
357.0,6.3116415e-05,8652.36050610906
357.1,2.8004693e-05,9787.645232247078
357.2,2.6543534e-05,9320.24012138776
357.3,3.7060843e-05,9257.485291809518
357.4,2.823526e-05,9720.757317543728
357.5,2.8307652e-05,9529.786316942016
357.6,4.3519078e-05,8891.070614511085
357.7,2.6541948e-05,9871.773416639724
357.8,2.7668897e-05,9871.673186033246
357.9,2.7224849e-05,9993.80155992425
358.0,3.872563e-05,8758.743614277775
358.1,2.6327976e-05,9782.120282828659
358.2,2.796164e-05,9642.26150414827
358.3,2.6931635e-05,9462.13287252683
358.4,2.5810852e-05,9710.039124680481
358.5,2.7150794e-05,9582.097252739717
358.6,4.200328e-05,9225.557347887458
358.7,0.0006470844,7632.2660695374625
358.8,0.0056991754,5952.476143998065
358.9,0.020273704,1384.8273962136316
359.0,0.0020582655,1864.5400518509832
359.1,0.019463794,1600.9849413544418
359.2,0.019410945,1388.678767960394
359.3,0.005311646,2404.9711430725647
359.4,0.010788108,1722.8215962165539
359.5,0.0014261111,2288.8372701559883
359.6,0.009486558,865.174598762497
359.7,0.0089483,1792.8509270442958
359.8,0.0008228039,2495.7739472752637
359.9,0.00021096121,5174.391022411453
360.0,0.00012759477,6807.583424918807
360.1,6.26776e-05,7610.844755297576
360.2,2.9014343e-05,9601.232040761859
360.3,2.7900951e-05,9740.444792576809
360.4,2.6461685e-05,9660.395626717567
360.5,2.695432e-05,9677.449186503725
360.6,2.727638e-05,9570.725911049376
360.7,3.0674673e-05,10046.205113871089
360.8,3.1529748e-05,9867.413094808064
360.9,3.132563e-05,9643.162320526406
361.0,3.1519205e-05,9872.698905533525
361.1,3.140649e-05,9673.910042041869
361.2,3.1014144e-05,9738.863040712286
361.3,3.098638e-05,9789.058501051044
361.4,0.00027810747,4944.5990335669685
361.5,0.009537034,2446.6867866358
361.6,0.00999067,2330.2431022241917
361.7,0.001363449,2355.7306816345226
361.8,0.005776201,2439.07112882385
361.9,0.004882151,1366.815893037551
362.0,0.00120123,1563.3314843192966
362.1,0.0024086277,3779.6865568657686
362.2,0.004789955,2062.865688750587
362.3,0.003464104,2567.9822633966087
362.4,0.0041172826,2497.428908187969
362.5,0.005226012,1435.507497737522
362.6,0.0036382882,1470.1083508288884
362.7,0.00026636472,3812.7484589881983
362.8,0.00069914496,3331.7390036431116
362.9,0.0004132137,3553.9664112851997
363.0,3.8230617e-05,8695.718297478532
363.1,3.1607382e-05,9648.973210291235
363.2,3.0939747e-05,9781.695201049013
363.3,3.1293963e-05,9822.164223060285
363.4,0.0020208664,4260.24102028903
363.5,0.013492986,2534.8895273125845
363.6,0.016569661,2281.3259536364117
363.7,0.0090388255,2001.3631708477192
363.8,0.008827258,2484.475332968884
363.9,0.0053843553,7392.459057531634
364.0,0.0066468786,6445.734235408933
364.1,0.009437929,2772.66585733651
364.2,0.00043488,4073.2812445033333
364.3,0.003926029,1709.371380620892
364.4,0.0012967632,2195.25039457447
364.5,0.004657158,1835.3953984888883
364.6,0.0051405625,1704.7004560762753
364.7,0.004121005,1344.690430878295
364.8,0.00480967,1917.4638215542493
364.9,0.001889888,2093.3537919129103
365.0,0.00013795128,5592.870099782107
365.1,4.9230315e-05,7995.755382153266
365.2,3.44957e-05,9159.837184899176
365.3,3.1982545e-05,9599.906214759238
365.4,3.178208e-05,9617.333400545394
365.5,3.170065e-05,9790.790811353
365.6,3.149272e-05,9996.26157753482
365.7,3.2076245e-05,9882.502681400363
365.8,3.1435462e-05,9880.355001518998
365.9,2.7087011e-05,9901.568421852478
366.0,2.6577338e-05,9696.686373031695
366.1,5.045413e-05,8174.75882466392
366.2,2.696468e-05,9639.692812893743
366.3,0.00068760954,2253.8511483598413
366.4,0.0046212245,1923.1142205076399
366.5,0.0063180802,1435.693517310708
366.6,0.0038620431,3619.5391393680807
366.7,0.0027438756,1516.2100472801471
366.8,0.0004325561,2942.155508243043
366.9,6.059577e-05,6999.3720999759535
367.0,3.37103e-05,8736.673180249922
367.1,3.2286785e-05,9332.945689208758
367.2,9.8292185e-05,7571.034416155506
367.3,2.6386526e-05,9555.927819244976
367.4,4.2550157e-05,9202.551011730073
367.5,3.9091425e-05,9121.688911815683
367.6,2.686004e-05,9911.898668071972
367.7,0.0036906446,2238.176507907598
367.8,0.012694383,1493.0608624402519
367.9,0.015507218,2457.740582356546
368.0,0.0021233493,7254.739690950146
368.1,0.0140528325,1300.8758745879963
368.2,0.0026951313,2427.619181076507
368.3,0.002768697,2677.43944471803
368.4,0.0020079992,4717.848323925728
368.5,0.001444579,5952.073415154915
368.6,0.0030632038,1240.6378490893565
368.7,0.002280282,1992.6842122086787
368.8,0.0020007996,7721.862376153854
368.9,0.00065095595,7001.705417403671
369.0,3.5311226e-05,8398.231062342498
369.1,2.808667e-05,9329.843670839264
369.2,2.6839913e-05,9461.782229326873
369.3,2.8693297e-05,9673.11640166281
369.4,2.6503805e-05,9715.655951723884
369.5,2.696116e-05,10023.55778607544
369.6,2.9458472e-05,9867.006312185442
369.7,3.389625e-05,9307.3800955105
369.8,2.6625725e-05,9885.496458969521
369.9,2.6079597e-05,9660.064918736636
370.0,2.646381e-05,9900.23198928451
370.1,4.3230484e-05,8493.388369776505
370.2,2.6655931e-05,9642.837164065095
370.3,2.6628151e-05,9719.83974662923
370.4,2.7355296e-05,9815.438699063863
370.5,2.7753766e-05,9976.812925604603
370.6,3.399017e-05,9439.67220783154
370.7,2.6200943e-05,9568.4915660591
370.8,3.482135e-05,9166.927386063364
370.9,3.9103077e-05,9132.758866384056
371.0,2.679617e-05,9739.256508906205
371.1,2.615732e-05,9890.128812553938
371.2,6.877286e-05,8719.27147550998
371.3,2.9201092e-05,9639.544941175604
371.4,0.0029002167,2543.0868183827165
371.5,0.0030493217,2833.7785880251135
371.6,0.0066454415,2008.3997576009212
371.7,0.00646323,7514.981447319595
371.8,0.0053935116,2329.9726927543743
371.9,0.00387691,1237.5194539611127
372.0,0.0016738843,1598.0062967261488
372.1,0.001815123,1807.8456008964047
372.2,0.002342566,2150.796350618207
372.3,0.0011477348,3051.393947269747
372.4,0.00017886586,4577.216409037085
372.5,4.5267945e-05,7880.161921832157
372.6,2.8940125e-05,9021.25729048565
372.7,2.7160315e-05,9682.174972996589
372.8,2.6986632e-05,9735.800947520958
372.9,2.6558866e-05,9775.439164055171
373.0,2.6232274e-05,9764.110116572989
373.1,3.1811658e-05,9422.840356386216
373.2,2.6001351e-05,9654.997147042064
373.3,7.0541886e-05,8307.182184559178
373.4,0.0029638489,7551.267137942998
373.5,0.001259903,2969.3342585558194
373.6,0.004566106,2381.4121224988576
373.7,0.0074481503,1957.3023505917135
373.8,0.007812766,2084.53770052235
373.9,0.0006190499,3137.4711414673957
374.0,0.0021601883,6581.887775934348
374.1,0.0015688301,4840.291594414885
374.2,0.0017009776,2795.948150113798
374.3,0.003647865,1644.5616246510601
374.4,0.008044464,1058.044919293219
374.5,0.008332134,1133.149503675379
374.6,0.009976661,782.5633512243166
374.7,0.0025860686,2072.878833799712
374.8,0.00023050915,4409.6103908477635
374.9,0.0013175001,2516.290205482806
375.0,0.00015064795,5154.359489856577
375.1,4.635385e-05,7498.780446789784
375.2,2.88634e-05,9486.81875047387
375.3,3.6060537e-05,8811.680382340895
375.4,2.631358e-05,9799.330802646478
375.5,2.706718e-05,9972.10710948416
375.6,2.7145335e-05,9890.063434000143
375.7,2.6726031e-05,9754.006050815566
375.8,2.7084005e-05,9518.564305365573
375.9,3.218839e-05,9428.264379082037
376.0,2.6332857e-05,9487.005672451862
376.1,2.708457e-05,9740.616906915646
376.2,2.7027774e-05,9799.983129536598
376.3,2.680189e-05,9732.194739381439
376.4,0.0015010382,8190.738157636375
376.5,0.0029160075,4916.181880310219
376.6,0.008532255,1698.5898597091848
376.7,0.008270613,775.9848826264965
376.8,0.0062035103,1039.0600327633706
376.9,0.0004737813,3006.760515563845
377.0,9.647807e-05,6073.554271062501
377.1,8.2507795e-05,6405.705425443889
377.2,3.5254056e-05,8702.682819077425
377.3,3.0187211e-05,9495.725163855961
377.4,2.8917124e-05,9714.300553519623
377.5,2.6326132e-05,9707.340504184775
377.6,3.3454562e-05,9441.368756999287
377.7,2.6292457e-05,9680.525730834801
377.8,5.1627278e-05,8604.602899461737
377.9,0.01269756,2332.3361609073636
378.0,0.005397491,1499.8799276294817
378.1,0.016539114,1530.8243892406297
378.2,0.016413035,1360.1148063241915
378.3,0.014581974,1195.5968285060865
378.4,0.001557064,5005.950376514481
378.5,0.0032279303,6373.9999265163315
378.6,0.0033404443,3896.4712991947595
378.7,0.0048926454,2803.266689171627
378.8,0.00597456,2040.7224926571114
378.9,0.0031895721,3661.0451030443774
379.0,0.0012380347,3991.0151576876515
379.1,0.0016147002,1823.4821743749067
379.2,7.15433e-05,6400.404065100118
379.3,4.1185667e-05,8593.616593389794
379.4,3.8460872e-05,8829.21636751348
379.5,2.7340733e-05,9516.9295950487
379.6,2.6916536e-05,9585.87748632818
379.7,2.7218472e-05,9609.526137674124
379.8,2.7101314e-05,9606.117345190289
379.9,2.7194448e-05,9761.313697680565
380.0,4.457497e-05,8756.716653687117
380.1,2.7308404e-05,9653.105038084665
380.2,2.7275872e-05,9869.223603674898
380.3,3.1841442e-05,9309.380469979911
380.4,0.0043546567,3049.364033958671
380.5,0.009930727,1730.314696367617
380.6,0.0027168768,1741.75399711763
380.7,0.00742702,2394.699289245952
380.8,0.00040452005,4545.338327570518
380.9,0.009068882,2102.2850285088166
381.0,0.008961826,1581.76924924194
381.1,0.0011162076,2755.480151203142
381.2,0.00020680846,4999.389330705128
381.3,6.9415866e-05,7318.468090469447
381.4,3.6436064e-05,8858.60177545913
381.5,2.9543595e-05,9329.545954720268
381.6,3.2262233e-05,9268.142697715015
381.7,0.0044881525,8020.740686260301
381.8,0.002745316,7949.772441727877
381.9,0.002505159,8128.303145846994
382.0,0.0024380663,5297.3048954955375
382.1,0.0042454614,2907.050661165854
382.2,0.008186517,2017.0400503568935
382.3,0.0040650964,2485.9346113096717
382.4,0.0002273523,4276.032352023081
382.5,0.0018053552,2302.511055752295
382.6,0.00014574373,4789.577089356117
382.7,3.6892427e-05,8164.300538674062
382.8,3.040511e-05,9123.741521480904
382.9,4.9627604e-05,8401.396108740071
383.0,3.0205867e-05,9486.013844799156
383.1,6.2344145e-05,8560.370447566009
383.2,0.0036010512,2641.297732058466
383.3,0.004620145,1744.844947158674
383.4,0.0061057755,1446.1851104811167
383.5,0.008154046,1430.6978599286574
383.6,0.00685525,1542.0277502068911
383.7,0.004369748,900.0875443195997
383.8,0.0011285183,1923.2547306711358
383.9,7.036697e-05,7015.468018158579
384.0,3.699022e-05,8507.594207961085
384.1,2.8243534e-05,9220.589735715414
384.2,2.746647e-05,9653.1726101156
384.3,2.7327444e-05,9590.384404597127
384.4,2.787963e-05,9788.427088600429
384.5,2.6407495e-05,9878.434607613899
384.6,2.9226121e-05,9732.312055179445
384.7,2.7650647e-05,9661.829606206731
384.8,2.7507354e-05,9817.783033205751
384.9,3.249111e-05,9486.215029603998
385.0,2.6970798e-05,9617.35137719387
385.1,2.5996547e-05,9576.462223416944
385.2,2.6453954e-05,9763.206658445433
385.3,2.696439e-05,9815.11121310377
385.4,2.9176797e-05,9176.08847419716
385.5,2.6852273e-05,9505.184768169227
385.6,2.6726397e-05,9802.643045054087
385.7,4.0406765e-05,9321.898119462923
385.8,0.00020256646,6490.691435504663
385.9,0.0074588973,7582.542624433672
386.0,0.017237462,2364.6052040296886
386.1,0.009345042,6686.310812327166
386.2,0.022005517,1460.5287319156287
386.3,0.008655937,707.8164397185496
386.4,0.0053147348,974.9264170266349
386.5,0.006021911,1163.0268824497546
386.6,0.0013059786,2387.9554813422774
386.7,0.002224981,3358.001103952904
386.8,0.0026384145,1337.2578384799494
386.9,0.00041676406,2613.687617095748
387.0,6.6960325e-05,6925.519067852023
387.1,3.1958396e-05,9038.098016974716
387.2,2.5986214e-05,9496.937095748934
387.3,3.7730446e-05,9207.902722688006
387.4,2.801427e-05,9774.027274574752
387.5,2.827843e-05,9744.3512885451
387.6,0.0035782866,1038.5699226923086
387.7,0.007847077,3620.347226865453
387.8,0.014632868,1502.375058901064
387.9,0.005098032,5681.061321465987
388.0,0.015294292,1530.0199405717012
388.1,0.015019635,913.4845845503245
388.2,0.015223808,1110.3657815459462
388.3,0.020243954,1090.0563209079132
388.4,0.020856705,1453.5613590998432
388.5,0.0017813123,2502.860808983386
388.6,0.0026601132,1882.8970698022163
388.7,0.004639842,2241.812312616314
388.8,0.0011976245,3996.684881676005
388.9,0.0001038513,5556.715586054495
389.0,5.5074543e-05,7697.833343067187
389.1,3.439546e-05,8924.188576685443
389.2,4.8403224e-05,8308.20033062898
389.3,4.2585023e-05,8632.002834920637
389.4,2.6446565e-05,9629.658142788128
389.5,3.1232077e-05,9231.436492976962
389.6,0.0018475131,3757.5136763888713
389.7,0.008794837,1681.3375242380132
389.8,0.0071009407,1811.3951952803102
389.9,0.004377204,2044.7467725042866
390.0,0.0041178865,2527.5880071665174
390.1,0.0063278703,1015.2867096203441
390.2,0.003500826,1615.0400147166074
390.3,0.00014636101,5324.421347826545
390.4,5.4859574e-05,7538.931158094685
390.5,3.069925e-05,8954.17621681255
390.6,2.7702548e-05,9639.09424523923
390.7,4.149492e-05,8644.111071762687
390.8,2.73021e-05,9632.854049140115
390.9,2.7985314e-05,9523.69342933814
391.0,2.112191e-05,9537.075095198052
391.1,2.0094958e-05,9685.754407081486
391.2,2.0690584e-05,9687.159312389591
391.3,2.0416259e-05,9533.210961375513
391.4,2.1104006e-05,9622.55112625392
391.5,2.0461443e-05,9545.695634366768
391.6,2.0202133e-05,9407.509075976226
391.7,1.9814419e-05,9459.714122710357
391.8,2.0221418e-05,9457.34673816976
391.9,2.8056007e-05,9898.138178289768
392.0,2.6751832e-05,9939.220335493545
392.1,2.6581854e-05,9699.154079804737
392.2,3.285627e-05,9061.874542579877
392.3,2.6525484e-05,9546.337984269094
392.4,3.8684277e-05,9322.680537184233
392.5,4.0089468e-05,9220.126528804294
392.6,6.817401e-05,7701.754515919198
392.7,3.4942925e-05,9293.680361424638
392.8,3.082851e-05,9644.656097250157
392.9,3.390061e-05,9419.646973186018
393.0,0.000116300434,9021.096495054659
393.1,0.004851442,8275.25702430965
393.2,0.03280404,1540.571686509942
393.3,0.023361595,788.9978541835643
393.4,0.020513562,1868.6523896696306
393.5,0.009008816,1987.6636164871807
393.6,0.0012213734,2134.8803482765334
393.7,0.016891098,2032.5897680903
393.8,0.015827617,1081.3426856760125
393.9,0.005339666,1009.6485650597951
394.0,0.00054672005,2601.299161342002
394.1,0.00028801485,4112.753417695547
394.2,0.00016624595,6076.1787800320935
394.3,9.985184e-05,7440.152888985874
394.4,2.9153374e-05,9357.737692523777
394.5,2.6642829e-05,9500.910956230005
394.6,0.0038041668,2213.653386039781
394.7,0.010470606,5108.20081906646
394.8,0.0047515715,7371.583204141983
394.9,0.0031670134,5230.321974481935
395.0,0.0031052062,7064.465335445258
395.1,0.0026731626,3961.033860413592
395.2,0.0065280776,2228.305575989573
395.3,0.0042902944,1640.486761032295
395.4,0.0030595493,7120.305211031269
395.5,0.00663467,3510.3511059588827
395.6,0.011111095,1223.545509900148
395.7,0.001561662,1752.646979578488
395.8,0.003921723,1295.8626724293167
395.9,0.0038615195,2010.2929562708864
396.0,0.0002308681,4282.5056933326505
396.1,8.0311096e-05,6738.623183645521
396.2,4.042179e-05,8172.691419306258
396.3,2.7853943e-05,9284.792912395831
396.4,2.8114822e-05,9669.42364843674
396.5,5.042004e-05,8680.092020584583
396.6,2.741935e-05,9409.506769746413
396.7,0.00010728441,7497.24274535724
396.8,0.005917703,1962.9669266604687
396.9,0.008947837,1927.9099631264376
397.0,0.0011541569,3511.224834570821
397.1,0.019274916,1536.9333284570037
397.2,0.022030028,1199.0363330075193
397.3,0.0053509367,1017.5191047393012
397.4,0.010559635,1159.8598677496673
397.5,0.013554159,970.896091624754
397.6,0.013856526,750.8902726550841
397.7,0.0071049524,1123.9560208731493
397.8,0.005647615,1273.2479716879504
397.9,0.0033796665,1052.4123720549965
398.0,0.00016246445,5356.730052080013
398.1,0.00023372669,4339.69805589638
398.2,0.00020497027,4788.454904424084
398.3,0.00015669448,5509.665768204868
398.4,0.0026798747,3240.9546566207136
398.5,0.036560785,3219.5197111724783
398.6,0.02411905,2238.1150331403037
398.7,0.021414703,2066.8197013856925
398.8,0.0065848893,7196.208141332995
398.9,0.010555205,3836.828913482725
399.0,0.0030384476,2423.8606074780164
399.1,0.0031754528,5549.470366447935
399.2,0.004055841,1326.5915036999245
399.3,0.014029174,1195.3641191341453
399.4,0.010875098,1070.7985744099474
399.5,0.0090808235,669.8143272457407
399.6,0.0044825044,1910.0710147899256
399.7,0.00037931825,3011.485747998324
399.8,0.0012145422,2764.9685662608777
399.9,0.00027049528,5365.483778981805
400.0,0.0012912583,5061.484169305549
400.1,0.0015510848,1866.2908306057511
400.2,0.002213223,3411.3765654096005
400.3,0.0019352452,8093.2607167126735
400.4,0.00015475435,6602.644805108891
400.5,5.8627793e-05,8115.622030003466
400.6,2.7355813e-05,9309.537195017938
400.7,2.6815715e-05,9720.614089927825
400.8,2.6046364e-05,9697.687620649594
400.9,7.080492e-05,7997.7570895955705
401.0,3.4412507e-05,9759.930412120217
401.1,2.7015485e-05,9721.740240203711
401.2,4.3886568e-05,8990.78032296798
401.3,3.401567e-05,9363.835058229037
401.4,4.0243118e-05,9328.260055749099
401.5,4.0013114e-05,8908.356418102408
401.6,2.8718747e-05,9529.849753178572
401.7,3.3659726e-05,9441.467950892351
401.8,2.7248625e-05,9725.401304736868
401.9,2.731513e-05,9820.767109369126
402.0,3.3363547e-05,9557.793552749868
402.1,2.6496791e-05,9881.060907153958
402.2,2.6803942e-05,9802.435917178287
402.3,0.00011330284,6603.693547321477
402.4,0.000116239506,6665.11719927418
402.5,2.8054208e-05,9784.314908924562
402.6,2.7383614e-05,9824.525612246878
402.7,2.9900595e-05,9475.92892820434
402.8,0.0033087218,2874.940220350907
402.9,0.0032651087,2093.7784565475104
403.0,0.00202087,7036.6558756265495
403.1,0.0044160993,4318.899660661266
403.2,0.0100548165,1924.6892161444925
403.3,0.011352498,917.0286392576687
403.4,0.0061401287,5152.021659013328
403.5,0.0065924926,7057.147331727743
403.6,0.0038750153,5788.950493068253
403.7,0.019955624,1734.2496149858234
403.8,0.014083278,904.7525969607956
403.9,0.013660748,1619.878327229551
404.0,0.041123252,1132.7460965843784
404.1,0.03011651,1242.2590033667072
404.2,0.009750067,1377.4401196150131
404.3,0.012400709,1348.8512509772038
404.4,0.013192594,1540.692025612429
404.5,0.0010055891,2167.2014655203297
404.6,0.0038342406,2745.819682395478
404.7,0.00081376184,6325.426026344168
404.8,0.0001352495,6246.332688179363
404.9,0.0027799357,2344.7808093801427
405.0,0.0008711113,2404.932146896922
405.1,8.819082e-05,6838.965025256233
405.2,3.5261917e-05,8759.038777991507
405.3,2.7664895e-05,9529.946487178078
405.4,2.6726315e-05,9672.042520719084
405.5,3.779998e-05,8948.083206934798
405.6,2.9682678e-05,9786.68318841504
405.7,2.841011e-05,9687.99174232795
405.8,3.0988864e-05,9069.285651520082
405.9,2.5973022e-05,9554.641324030545
406.0,3.9347713e-05,9284.451081886618
406.1,0.002134323,2266.5340948349544
406.2,0.008801398,1853.1234688882773
406.3,0.00055523106,2783.1500088330295
406.4,0.0131221805,1851.8219495704805
406.5,0.011790181,882.3533917758615
406.6,0.013158231,1378.368687766107
406.7,0.0019695747,1751.0324567114849
406.8,0.00035674698,3588.0926349085303
406.9,0.0002875967,4141.850204610684
407.0,8.866597e-05,6351.910433790086
407.1,5.2636435e-05,8382.035591490783
407.2,4.5881916e-05,9430.725476650992
407.3,2.7282606e-05,9577.693671298293
407.4,3.9199444e-05,8951.636501230114
407.5,0.0036941173,1687.3883682561652
407.6,0.017490838,2409.0400901920825
407.7,0.024509778,1965.7576038155446
407.8,0.021721352,1352.0756842731048
407.9,0.01939546,1592.0129309640915
408.0,0.015061945,1806.866622617317
408.1,0.013287506,1791.128795755223
408.2,0.01369333,1414.462999262781
408.3,0.004869134,922.6625893882548
408.4,0.0029965579,2115.8799381624585
408.5,0.00022617463,3453.612801672385
408.6,0.0024262462,2934.8952795914515
408.7,0.0003010961,4935.672746810047
408.8,0.0013886713,5801.272066350518
408.9,0.0023987466,1683.7946593137724
409.0,0.0022225503,2048.039349363613
409.1,0.0020950045,7902.737386444941
409.2,0.0006248694,5768.898549676838
409.3,3.5523615e-05,8307.396880383203
409.4,2.9379658e-05,9313.215934400592
409.5,4.6166388e-05,8737.15724728001
409.6,2.6529466e-05,9664.363292786162
409.7,2.6513553e-05,9732.574191027368
409.8,3.06639e-05,9675.708577941488
409.9,2.1332678e-05,9716.357535559386
410.0,2.029197e-05,9672.753299592106
410.1,2.1022404e-05,9539.519007831468
410.2,2.0723528e-05,9566.714358321013
410.3,2.0587306e-05,9466.670997251003
410.4,2.0602442e-05,9665.370230177748
410.5,2.1168047e-05,9589.614629025758
410.6,2.0656336e-05,9579.248048184147
410.7,2.1116339e-05,9853.494076518502
410.8,0.001356858,4555.9665883895195
410.9,0.01145725,2704.624361183358
411.0,0.009892725,2842.7704927506265
411.1,0.009481149,2955.378524860327
411.2,0.007335612,3362.6517246395115
411.3,0.005115015,3543.569954244197
411.4,0.0050252276,3772.520533512321
411.5,0.005006949,3681.9657142514543
411.6,0.0039527155,3693.8295290711067
411.7,0.0029959383,3448.465769766979
411.8,0.0007356839,4599.73131298954
411.9,0.0014249454,5874.818761920434
412.0,0.0008246776,5751.799192968562
412.1,3.1371423e-05,7634.914873673331
412.2,0.011472635,4109.353051290525
412.3,0.005180313,2783.9541515390365
412.4,0.00044372078,5465.3175175696715
412.5,0.0042779665,4813.33380622008
412.6,0.009673345,3301.887364275654
412.7,0.005727369,4101.060442128108
412.8,0.004416513,2623.990352108836
412.9,0.0040921075,3015.503233872063
413.0,0.0028251836,3656.690614397816
413.1,0.0024084123,4086.5887099396928
413.2,0.0010730347,4794.454925670638
413.3,0.00011870975,5231.712499229929
413.4,2.489795e-05,8376.330035197863
413.5,2.2149115e-05,9322.65003425177
413.6,2.1227726e-05,9523.91351663102
413.7,2.1614638e-05,9760.082249533767
413.8,2.088045e-05,9563.218745868073
413.9,0.0016790974,4833.142614925999
414.0,0.0002916812,6907.580217767234
414.1,0.00087553536,4540.894917092351
414.2,0.00064862083,2588.0499018040055
414.3,3.0705465e-05,8332.486200671347
414.4,2.3186762e-05,9110.268567316387
414.5,0.0021829442,6396.233068178988
414.6,0.0026651553,6223.0646770312
414.7,0.0020790698,6164.286621233052
414.8,0.0012386123,6111.681213786218
414.9,0.0003972295,6145.248333699402
415.0,3.4350902e-05,7607.688829166544
415.1,0.003426781,2846.6951794785323
415.2,0.005370919,3112.604180487593
415.3,0.000627038,5070.403704419893
415.4,0.006346632,3201.0053447103564
415.5,0.006763298,4298.038449385135
415.6,0.0016521544,3761.062241164602
415.7,0.005482625,3986.844962359275
415.8,0.008248514,3618.8359378242817
415.9,0.0071100583,4036.395919869086
416.0,0.0024026774,3653.545728535555
416.1,0.0038815292,4017.0243080369364
416.2,0.00095795695,6908.004817218285
416.3,0.0015371623,3861.9243923925073
416.4,0.0006859619,3694.5922724164807
416.5,0.002147832,3797.006228953066
416.6,0.00270791,4484.952322268597
416.7,0.0004139187,5032.544898419074
416.8,6.0342176e-05,6670.80592473443
416.9,2.2926859e-05,9065.132111973373
417.0,2.100079e-05,9423.56800819758
417.1,2.1207768e-05,9454.752166176731
417.2,0.0008712964,3151.5039549155085
417.3,0.009640629,3971.846196082291
417.4,0.009225602,4212.0526486819235
417.5,0.010456694,10898.708522682635
417.6,0.0057497057,3867.273873149208
417.7,0.0012280386,5970.380485401005
417.8,0.00034540388,7257.422521148765
417.9,0.0036864711,4107.2144610604455
418.0,0.0022224314,3115.2587401508995
418.1,0.0016783901,3550.287199494203
418.2,0.000548221,5233.974969119163
418.3,4.1158764e-05,6872.151514733101
418.4,2.4681967e-05,8564.657993248056
418.5,2.0871918e-05,9483.469289630433
418.6,2.0936413e-05,9332.63645001514
418.7,2.0030597e-05,9370.076862693553
418.8,2.0417405e-05,9607.594942380256
418.9,2.082403e-05,9791.135806358387
419.0,2.083851e-05,9605.773524874334
419.1,0.003515208,9988.655177026387
419.2,0.0025336074,2926.7798842289903
419.3,0.0021846748,7774.700826684523
419.4,0.0017718014,5674.986857044856
419.5,0.0045722127,3393.430126725978
419.6,0.0042056735,3473.629696963009
419.7,0.0030873327,3557.1724874774013
419.8,0.00013848914,4793.939389164545
419.9,6.145166e-05,5929.645603529263
420.0,9.495183e-05,5497.740782745703
420.1,4.0999825e-05,6748.288883889741
420.2,2.2012426e-05,9452.172166736042
420.3,2.1206604e-05,9487.212080636249
420.4,0.0027682518,3446.68474730009
420.5,0.0039126514,3307.7945811324034
420.6,0.005802997,3035.3119304389347
420.7,0.013774992,2416.383892741928
420.8,0.011544578,2556.3654967661128
420.9,0.00024785122,3619.85119391438
421.0,0.00021632227,4653.823341632395
421.1,3.797549e-05,7977.197007789149
421.2,2.8791535e-05,8834.240002133913
421.3,0.0011281542,7567.173978408848
421.4,0.003104885,4383.06783935364
421.5,0.005603468,2438.59284014865
421.6,0.0005608394,3707.6418944620536
421.7,0.0058867116,3930.2019793921545
421.8,0.0054210033,2842.968130056231
421.9,0.0019803203,2688.857692903517
422.0,0.0027042618,8094.105592483622
422.1,0.0092875,4131.803197531492
422.2,0.0014439815,2610.6539201406217
422.3,0.005146982,4250.589097951834
422.4,0.0022026515,8828.896544248792
422.5,0.0064842682,3628.6691150121333
422.6,0.0024335443,3752.9581351097167
422.7,0.0025450047,3929.5351807356333
422.8,0.002615759,3397.3644824634075
422.9,0.0017661315,4910.411437676517
423.0,0.0019548214,3175.9996712850457
423.1,7.120384e-05,6635.991011088638
423.2,3.1447096e-05,8344.322097399889
423.3,2.263288e-05,9342.437521293035
423.4,2.10753e-05,9467.055942656716
423.5,2.1577758e-05,9716.27582696556
423.6,2.1166159e-05,9536.535242846374
423.7,2.0677557e-05,9631.617980486477
423.8,0.00015399921,9493.188913465347
423.9,0.009152285,3548.209414289435
424.0,0.008655362,3445.1110081498828
424.1,0.0035427948,9177.508169474293
424.2,0.010458236,4066.5628539507643
424.3,0.01140127,4674.316779450343
424.4,0.0061014197,3522.0917549469514
424.5,0.0012739945,8520.50700591336
424.6,0.0035520901,3282.817805947302
424.7,0.004604062,3352.8981616977435
424.8,0.0021499442,2957.8253106372786
424.9,0.0027368441,4052.977866503944
425.0,0.0022292861,6058.448525075627
425.1,7.897077e-05,5508.598741087484
425.2,2.9562954e-05,7903.15768840635
425.3,2.172726e-05,9324.932491475833
425.4,2.0737116e-05,9484.451997965
425.5,1.9300365e-05,9605.949035338219
425.6,1.9626917e-05,9606.58001908864
425.7,1.8920375e-05,9573.558021482651
425.8,1.8741197e-05,9475.601772615422
425.9,1.8748415e-05,9219.890379562297
426.0,7.0278795e-05,11161.526498309207
426.1,7.105062e-05,11187.793818476797
426.2,7.22015e-05,11345.053289385309
426.3,7.099175e-05,11366.164470903219
426.4,7.647173e-05,11537.000715071921
426.5,7.8332894e-05,11496.100201030102
426.6,7.410264e-05,11283.765146030506
426.7,7.698382e-05,11506.554913046597
426.8,7.119056e-05,11268.891039802667
426.9,7.050188e-05,11466.553329976583
427.0,6.952045e-05,11056.082037966504
427.1,6.891149e-05,11279.883740053749
427.2,7.4751966e-05,11517.167524577591
427.3,7.329182e-05,10640.823735624868
427.4,7.109845e-05,10916.59754082262
427.5,7.2594186e-05,11410.127204858032
427.6,7.3377e-05,11222.200869996392
427.7,0.0020232012,5761.093050435969
427.8,0.024058824,1397.4745370673866
427.9,0.015253718,1589.520945459852
428.0,0.0035741099,7512.428054062483
428.1,0.0061174734,6263.419340973201
428.2,0.0014500109,4238.291538876892
428.3,0.007982186,2287.6518784155514
428.4,0.007002012,1772.3988996265266
428.5,0.00944086,2021.479131453914
428.6,0.005533542,7775.795442036447
428.7,0.006709928,6664.572531493636
428.8,0.004944662,2824.398879395717
428.9,0.0024903745,2300.288404523034
429.0,0.0016257046,2436.919533203213
429.1,0.00056233857,4066.658519668845
429.2,9.280388e-05,9407.690459989508
429.3,0.0043009324,1761.2171244943934
429.4,0.0012631337,3659.5329651695806
429.5,0.0026829962,1988.7472745225975
429.6,0.0022404178,3385.316296183318
429.7,0.001488134,2810.3528311513555
429.8,0.0012908863,2856.4812959294304
429.9,0.000111152,8270.508852068633
430.0,7.418362e-05,10150.446518238548
430.1,7.298407e-05,11214.793920201917
430.2,7.378839e-05,11389.10471153767
430.3,8.0572136e-05,11626.634623376618
430.4,6.747624e-05,11166.088621653875
430.5,7.005303e-05,10864.586252310575
430.6,7.166505e-05,11189.271285903387
430.7,8.268524e-05,11198.319009594221
430.8,7.612484e-05,11181.661484775155
430.9,7.409721e-05,11370.519860698438
431.0,8.708545e-05,10440.471727657052
431.1,0.017764697,1134.640883129702
431.2,0.022096785,1330.9460619781241
431.3,0.004934206,6492.834236562028
431.4,0.004866267,6435.593160332928
431.5,0.0030968362,2535.5731688853434
431.6,0.012229108,1573.875827678968
431.7,0.009634953,1114.5678136964248
431.8,0.016348643,1873.4086998215266
431.9,0.01812962,1446.342842637928
432.0,0.008332699,1109.9818126632758
432.1,0.012821926,1445.5210541179338
432.2,0.01327623,1444.9328628017165
432.3,0.014440526,1167.2791482315693
432.4,0.0017183335,2295.0487421128696
432.5,0.0036781009,2280.7735242374433
432.6,0.004787314,1978.5876302407764
432.7,0.0029658703,2335.039337929461
432.8,0.005305632,2199.4713409200394
432.9,0.005058766,1895.717797910669
433.0,0.002578878,2958.9280620512154
433.1,0.0030781298,2260.665936488159
433.2,0.0009845005,3306.9907300942104
433.3,0.00019210446,7374.688721809709
433.4,8.547296e-05,10201.88564806474
433.5,8.0975035e-05,10685.573293782849
433.6,7.6250115e-05,11303.370303710242
433.7,7.853595e-05,11361.972925326118
433.8,8.000773e-05,11075.824413691651
433.9,9.698484e-05,10228.870005843832
434.0,6.986935e-05,11064.439966084086
434.1,7.563557e-05,11399.708134341694
434.2,7.562167e-05,11276.852239261983
434.3,7.468783e-05,11399.592023262012
434.4,7.8631354e-05,11247.622991940307
434.5,0.000108360924,10196.879209565912
434.6,0.009903219,1228.3197493091716
434.7,0.00561542,1757.4249789419598
434.8,0.0017555867,2174.6223730446454
434.9,0.00017125314,8091.317821734923
435.0,0.00022830216,6054.57457290843
435.1,0.00016231462,7842.707958534643
435.2,7.962797e-05,10109.044994441374
435.3,7.4199954e-05,11529.565913997598
435.4,7.2184106e-05,11330.587994577269
435.5,7.715657e-05,11261.700826543945
435.6,7.42695e-05,11060.719792684959
435.7,0.0010269325,8676.221718918472
435.8,0.022137096,2018.7756069999548
435.9,0.022179171,1928.29766308112
436.0,0.009333244,1189.0280064379938
436.1,0.00064552267,3390.8929293547917
436.2,0.0012733139,3236.576235827556
436.3,0.0034652285,3376.680992364686
436.4,0.0026189643,2778.557590644061
436.5,0.00527855,2161.5501300490528
436.6,0.0041031316,2245.805106865724
436.7,0.0020248431,2144.670321399245
436.8,0.00015133756,7874.657027611609
436.9,9.3912706e-05,10120.15289721206
437.0,7.199461e-05,10734.015631520626
437.1,7.5131946e-05,11213.941307941986
437.2,7.0034264e-05,10825.201377485639
437.3,8.467962e-05,11037.593106118129
437.4,7.5093245e-05,11249.523654629837
437.5,0.00035456612,8282.136343464445
437.6,0.0028509735,7066.214716090697
437.7,0.0012259221,3927.519235450157
437.8,0.003615985,2726.688491028699
437.9,0.002880389,2419.7933080991297
438.0,0.0034742162,2349.669221122309
438.1,0.0012806803,2826.787769483207
438.2,0.0012272408,2852.853078787577
438.3,0.00014933453,7387.05675431727
438.4,8.061712e-05,10665.422556254309
438.5,7.542769e-05,11233.40608641464
438.6,0.00013215284,10332.212284279878
438.7,7.44465e-05,11293.305704687215
438.8,7.226674e-05,11505.666895955248
438.9,7.546416e-05,11318.237262034445
439.0,7.66794e-05,11471.521589408683
439.1,7.1355505e-05,11692.125583987849
439.2,6.959187e-05,11269.434322756824
439.3,7.488954e-05,11370.150154406505
439.4,7.356697e-05,11617.20349053499
439.5,7.050997e-05,11273.197040604686
439.6,6.9183065e-05,11318.236688752371
439.7,7.017297e-05,11457.238750255601
439.8,6.861144e-05,11033.649583058728
439.9,7.49393e-05,11457.172464302204
440.0,7.037923e-05,11165.643960785826
440.1,7.481753e-05,11687.148393511467
440.2,6.658585e-05,11288.905289708231
440.3,7.236743e-05,11794.450672226163
440.4,6.8806454e-05,11366.305614941164
440.5,6.6969864e-05,11300.90997357449
440.6,7.423802e-05,11498.198771769437
440.7,6.7741305e-05,11069.210126961634
440.8,7.0653856e-05,11391.189628859354
440.9,8.171628e-05,11711.059962484082
441.0,7.0028174e-05,11091.243461255794
441.1,8.017782e-05,11554.295627109917
441.2,7.488524e-05,11447.716033077639
441.3,7.454076e-05,11451.33653649487
441.4,7.634496e-05,11287.48277758348
441.5,0.020416692,1569.9428415794
441.6,0.019887352,1185.8349207563733
441.7,0.016326,1952.286989547209
441.8,0.01542242,1598.9860049382887
441.9,0.012628515,1311.178831512088
442.0,0.014259156,1449.5419824102064
442.1,0.0050198664,7207.6743817459555
442.2,0.0019149367,5988.54357953247
442.3,0.0065032244,2151.7266628824027
442.4,0.0087404195,1310.2351280501953
442.5,0.005037885,1993.5902315890469
442.6,0.001871075,2263.844840612383
442.7,0.00012335795,8135.200735947313
442.8,7.9696874e-05,9958.415317225143
442.9,7.714628e-05,11127.45687962834
443.0,7.441082e-05,10916.167629605254
443.1,7.016354e-05,11264.082182204105
443.2,7.0372196e-05,11228.95714473489
443.3,7.411554e-05,10798.124143450977
443.4,7.015357e-05,11331.06447392076
443.5,6.9209e-05,10809.629090447728
443.6,0.00010133804,10750.418984091597
443.7,0.004500383,1828.3343390485388
443.8,0.009025313,1489.6573308518816
443.9,0.0055259466,2255.6904289104177
444.0,0.0017514155,3086.277550129683
444.1,0.0043665995,1717.9226598221785
444.2,0.009891542,1518.943987002402
444.3,0.0041856165,2032.9968284324677
444.4,0.0010716047,2832.647869147576
444.5,0.00013389355,7227.618395984973
444.6,9.04695e-05,9890.953828902933
444.7,7.516348e-05,10807.32127951609
444.8,7.510505e-05,11183.457072056537
444.9,0.000110481225,10254.344667863317
445.0,0.003614905,2222.2381812285093
445.1,0.0023892215,3705.905358075788
445.2,0.0029822206,2466.8561345122716
445.3,0.001476613,4381.267610964564
445.4,0.0022165247,2514.959202228064
445.5,0.0011422385,2644.594581213738
445.6,9.640805e-05,9702.123077358621
445.7,7.8166995e-05,10579.552645152373
445.8,7.294774e-05,10874.461244843209
445.9,0.00012578037,9312.566232637242
446.0,7.5347874e-05,11202.04726798688
446.1,7.8207464e-05,11389.331497775847
446.2,7.345168e-05,11553.004738237658
446.3,7.4841766e-05,11352.448496243735
446.4,7.339773e-05,11297.45847210101
446.5,7.50171e-05,11545.888712592958
446.6,7.650538e-05,11739.92707095515
446.7,6.7934154e-05,11314.303102957017
446.8,7.248559e-05,11428.037198896014
446.9,6.867499e-05,11290.25708539998
447.0,7.65718e-05,11457.592624997857
447.1,6.970448e-05,11446.942242865156
447.2,7.350046e-05,11530.611380114737
447.3,7.246441e-05,11565.969857710115
447.4,7.304989e-05,11240.38155000707
447.5,7.595452e-05,11239.19383381337
447.6,7.418344e-05,11371.046360926332
447.7,7.6868855e-05,11459.944173537111
447.8,7.519396e-05,11110.716658253215
447.9,6.7691944e-05,10697.762743813011
448.0,7.2026494e-05,11085.229862954802
448.1,7.40437e-05,11321.911855799342
448.2,7.2864e-05,11045.568757333938
448.3,8.2392486e-05,11488.89492166803
448.4,7.592583e-05,11329.795067224586
448.5,8.085074e-05,11397.565090603599
448.6,0.0059265317,2293.8274667269625
448.7,0.0011132129,3127.0370721928375
448.8,0.025033277,1561.6928453005914
448.9,0.021970082,1407.9859621535302
449.0,0.015844697,1077.1176503619358
449.1,0.0055702087,1671.8540799900584
449.2,0.0013875138,3317.3454482198604
449.3,0.004450526,2256.7879799585835
449.4,0.0083990665,1973.8841644337324
449.5,0.010057002,2527.2099088210634
449.6,0.004413531,1685.9950151975313
449.7,0.0023884452,2062.679731137493
449.8,0.0001233488,8109.038160393662
449.9,8.9177134e-05,10084.496796530524
450.0,7.775597e-05,10669.102878021366
450.1,7.7961246e-05,10920.671209572522
450.2,7.0765134e-05,11053.415567377868
450.3,7.870371e-05,11319.605003373686
450.4,9.191177e-05,11173.344147707325
450.5,0.01738931,2478.836765655475
450.6,0.019882878,2282.005655458717
450.7,0.02053031,1211.2726022528877
450.8,0.008356604,1824.2581419714675
450.9,0.0017323243,6739.246200337112
451.0,0.00077160663,5429.044278734712
451.1,0.0036092636,4375.647358445111
451.2,0.0047709798,6797.807470803069
451.3,0.0056820996,6493.074650884716
451.4,0.003815599,2605.62411966231
451.5,0.0037230644,1949.2082112618482
451.6,0.00021452796,6011.3745180412125
451.7,0.0011945404,4011.875083155872
451.8,0.0024181178,2653.0949190328556
451.9,0.0001535267,8374.187121426552
452.0,0.0009309534,4357.433635878847
452.1,0.0008703695,3840.352295007806
452.2,9.8244804e-05,10173.664555502364
452.3,7.341527e-05,10703.124248412303
452.4,7.335457e-05,11275.098506090157
452.5,8.477956e-05,11108.370504686944
452.6,7.471815e-05,11403.766450763258
452.7,8.375516e-05,10892.438486105408
452.8,7.0604045e-05,10968.775308269518
452.9,7.412033e-05,11153.111157087886
453.0,7.6993514e-05,11155.030607590563
453.1,7.82454e-05,11417.531549577721
453.2,7.1626295e-05,11302.165719841056
453.3,9.334119e-05,10431.185183315738
453.4,0.018362578,1438.8080075150804
453.5,0.016863167,1599.8827543574357
453.6,0.019942027,1669.3389072262596
453.7,0.0069517605,1716.0286643232598
453.8,0.0037859594,1545.379998365941
453.9,0.0041321497,1958.7203394190255
454.0,0.003146799,1760.6258163899593
454.1,0.0012425564,3296.252499170172
454.2,0.0004950165,4463.108143156718
454.3,0.0012367045,3621.7663039323725
454.4,0.00047286987,4413.383039980079
454.5,8.067875e-05,9832.396932849333
454.6,7.879988e-05,10964.679580558737
454.7,7.700455e-05,11044.716001794048
454.8,6.984386e-05,11176.870092965788
454.9,7.893796e-05,11476.278388923707
455.0,7.164148e-05,10977.54126689065
455.1,7.464764e-05,11346.084759181556
455.2,0.0020532054,3925.9197539189154
455.3,0.0015971964,3085.569318586615
455.4,0.0022934421,3788.4665926308357
455.5,0.0014442547,3171.097744015185
455.6,0.0047002626,1856.5088917572575
455.7,0.00031265384,5054.534922668092
455.8,0.005250345,2202.3273693178126
455.9,0.0042483667,2509.4474073395163
456.0,0.005102103,1567.936190434372
456.1,0.0023467888,5733.104088320895
456.2,0.0023975645,7289.038451026336
456.3,0.0011868783,3521.9900241291625
456.4,0.00019743848,6502.633842414969
456.5,8.044321e-05,10623.397272889804
456.6,7.8140474e-05,11118.977754896097
456.7,7.3913216e-05,11136.967280172968
456.8,7.370752e-05,11217.449353988659
456.9,6.9855e-05,11089.12956916592
457.0,7.6991404e-05,11618.853827891297
457.1,7.378227e-05,11508.560449012239
457.2,7.904837e-05,11441.086595044566
457.3,7.83162e-05,10818.482053601769
457.4,8.049067e-05,11445.613779876749
457.5,7.603118e-05,11510.465218681824
457.6,7.064511e-05,11481.615478647123
457.7,7.040594e-05,11416.141373564438
457.8,6.9336755e-05,11198.481620257593
457.9,7.052634e-05,11361.061505199259
458.0,6.611374e-05,11350.859093432002
458.1,7.277668e-05,11425.188529863426
458.2,6.56915e-05,11292.466402850718
458.3,7.366346e-05,11491.78658191769
458.4,6.7143585e-05,11307.405684358197
458.5,7.875777e-05,11640.734143183538
458.6,7.706771e-05,11775.478006931851
458.7,6.884138e-05,11428.362921735365
458.8,7.344858e-05,11316.904864004398
458.9,7.159605e-05,11065.574425589984
459.0,7.662545e-05,11486.831355290433
459.1,7.308475e-05,11395.617074241898
459.2,7.4959265e-05,11579.670037424128
459.3,6.682859e-05,11313.99142438353
459.4,7.423892e-05,11387.394834006267
459.5,7.012334e-05,11482.845486193806
459.6,6.9783164e-05,11113.995417165619
459.7,7.487697e-05,11491.045149359583
459.8,7.11859e-05,11543.557068888476
459.9,7.3978954e-05,11662.42220601506
460.0,7.052353e-05,11344.54025418487
460.1,7.045407e-05,11141.082496723844
460.2,7.5155454e-05,11397.632543632662
460.3,6.9297865e-05,11358.43012139692
460.4,6.602445e-05,11393.92773845448
460.5,7.221581e-05,11365.526544851418
460.6,6.8434725e-05,11340.183464174319
460.7,6.979295e-05,11188.864618091364
460.8,6.9513284e-05,11326.188089536932
460.9,7.613505e-05,11534.993446043116
461.0,7.356412e-05,11558.367552792482
461.1,7.147031e-05,11563.62682644444
461.2,7.011011e-05,11315.152548099286
461.3,6.853287e-05,11350.022516070314
461.4,7.21227e-05,11582.940268429975
461.5,6.529515e-05,11154.671885277578
461.6,7.504849e-05,11544.868778763912
461.7,7.2703806e-05,11081.217406933509
461.8,7.376104e-05,11408.203488606638
461.9,7.5603326e-05,11425.30000982483
462.0,7.988969e-05,11456.3633716181
462.1,7.571142e-05,11050.309502709719
462.2,7.943871e-05,11449.652984291966
462.3,7.554834e-05,11224.95581520902
462.4,6.992929e-05,11292.012959370692
462.5,7.3758936e-05,11235.340812317685
462.6,9.540175e-05,10289.285942639628
462.7,0.0140901,2504.7676316506545
462.8,0.00562668,8149.421403954251
462.9,0.027038964,1037.1155646947086
463.0,0.0325253,1103.751833059339
463.1,0.03376174,1611.195436358161
463.2,0.016638624,1864.6270715769842
463.3,0.0009289368,3436.0090973508018
463.4,0.02190677,1562.4479934481988
463.5,0.019996703,1446.2358833177138
463.6,0.018719833,1301.7965438535152
463.7,0.0019139368,2571.541196320113
463.8,0.0118428655,1923.1760197225597
463.9,0.01318683,1292.0032752157658
464.0,0.012727584,1411.0668738232143
464.1,0.00082068186,3433.998994273829
464.2,0.00039794086,5182.830181652413
464.3,0.0001263414,8204.205261185096
464.4,8.252465e-05,10514.547136993247
464.5,8.876644e-05,10469.856570081423
464.6,7.728047e-05,11379.70816403539
464.7,7.1735354e-05,11181.71597963545
464.8,0.00011135873,10527.816269682602
464.9,7.270349e-05,11267.882306412612
465.0,6.876687e-05,11301.438513030298
465.1,7.11306e-05,11122.633992761192
465.2,7.170894e-05,11397.862420341506
465.3,7.804981e-05,11576.246742548701
465.4,0.01042385,1366.1084683361607
465.5,0.025203684,1600.6910971461296
465.6,0.015782546,2011.6080217443837
465.7,0.00226089,2853.1475367246067
465.8,0.0040327394,1949.4513319120274
465.9,0.0041855983,1756.1165422853444
466.0,0.0048132,1651.6650533907186
466.1,0.0036298414,1843.8966147634046
466.2,0.005229206,2088.9368716516883
466.3,0.0033928393,1710.657791150144
466.4,0.0005913194,5184.052543418347
466.5,0.000114742434,9936.546498183014
466.6,7.827677e-05,10666.007759394019
466.7,7.5688586e-05,11176.778634623228
466.8,7.458838e-05,11351.756021578785
466.9,7.142553e-05,11284.804961643344
467.0,7.322538e-05,11014.966937520123
467.1,7.5380005e-05,11208.275923302726
467.2,7.625203e-05,11474.797292129868
467.3,7.8113626e-05,11412.89360544948
467.4,7.098249e-05,11287.505572953378
467.5,0.007694328,1414.3141985046957
467.6,0.023185523,1196.2184503735975
467.7,0.020991009,962.567813426723
467.8,0.017637482,1607.471493528581
467.9,0.0023108234,3819.0327561041763
468.0,0.010244014,2347.8608603859093
468.1,0.015534751,1088.2277889726756
468.2,0.012049994,1940.6319680026513
468.3,0.0006589379,4236.416400334294
468.4,0.00018106651,7804.333542562177
468.5,0.0013244945,3183.2893052997506
468.6,0.000161579,7893.885722155922
468.7,0.00020599541,8452.239185328131
468.8,9.116184e-05,10177.991590578846
468.9,7.732372e-05,11399.670234805782
469.0,7.3067065e-05,11199.601751981554
469.1,0.00026576655,7382.50909463493
469.2,0.002401329,2961.3072862954136
469.3,0.002051979,3703.071849461902
469.4,0.0046808757,2463.6443990625908
469.5,0.000778484,6221.312568059138
469.6,0.00569805,2436.5418074916624
469.7,0.0070811883,1789.0170420132486
469.8,0.007951441,1493.943622923258
469.9,0.0016456714,2776.6410557593163
470.0,0.0014414053,7302.835437101805
470.1,0.00086043763,7104.932250351281
470.2,8.745928e-05,10291.142599025417
470.3,7.1944254e-05,10963.65870905483
470.4,7.3709605e-05,11281.545131312896
470.5,7.715626e-05,11264.97416173643
470.6,7.639221e-05,11447.427671087877
470.7,0.00010523186,10572.55392298953
470.8,7.760834e-05,10891.02906516261
470.9,7.1431146e-05,11429.1115330772
471.0,7.8680714e-05,11458.78996298961
471.1,7.7230885e-05,11211.833515250408
471.2,7.380443e-05,11101.650086182983
471.3,7.605595e-05,11536.283076969838
471.4,8.1168844e-05,10599.397967359866
471.5,7.78249e-05,11401.476036690372
471.6,7.781119e-05,11562.457708954096
471.7,7.639492e-05,11604.348293011624
471.8,6.8775065e-05,11256.224804903928
471.9,7.930513e-05,11160.851502342242
472.0,7.6552344e-05,11094.327198192204
472.1,7.604453e-05,11502.500735541647
472.2,7.56766e-05,11213.282824850367
472.3,7.23005e-05,11076.298416986016
472.4,7.0918606e-05,11534.837429562673
472.5,7.490162e-05,11538.87212566318
472.6,7.6875935e-05,11509.245969841826
472.7,0.0029903972,7713.775461270184
472.8,0.013054665,1594.0012364017648
472.9,0.010086323,2004.7145069771009
473.0,0.0010172813,3595.2449715083694
473.1,0.0059621306,1982.5280479515263
473.2,0.0052005528,2878.2491210685707
473.3,0.0036771717,2205.128161761716
473.4,0.00042366286,4807.93437852982
473.5,0.00010601537,8667.288632182832
473.6,7.791947e-05,10414.14166677793
473.7,7.3372976e-05,10989.603044136395
473.8,7.700404e-05,11312.00188480107
473.9,7.38049e-05,11483.657838236171
474.0,7.374712e-05,11225.891151076683
474.1,7.563411e-05,11142.129788115697
474.2,7.077953e-05,11121.099156873624
474.3,7.076671e-05,11406.149961304298
474.4,7.473593e-05,11404.203179968566
474.5,0.0011203643,3978.2499122554937
474.6,0.019449811,1863.2777555302803
474.7,0.017750137,2297.2224847878997
474.8,0.020066142,1119.9953119854626
474.9,0.032415684,1169.7485682241668
475.0,0.020227613,1475.3389559143027
475.1,0.005698325,6298.541784078772
475.2,0.012479698,1770.2616151191864
475.3,0.016369177,1136.6536802250432
475.4,0.008638829,1972.191115384804
475.5,0.0014230178,3134.4852930303296
475.6,0.0010414142,2667.246686893375
475.7,9.865189e-05,9042.007869435272
475.8,8.21931e-05,10269.099713041629
475.9,8.5642496e-05,10632.868423207667
476.0,0.00012289104,10634.695080647627
476.1,7.525264e-05,11140.704530083469
476.2,7.39847e-05,10906.950604054446
476.3,7.131264e-05,11359.809866829652
476.4,7.861787e-05,11339.699566036856
476.5,7.675295e-05,11436.872129819687
476.6,7.610824e-05,11408.644087531322
476.7,7.9947175e-05,10961.4474583167
476.8,7.7236946e-05,11109.976776657095
476.9,8.0197504e-05,11192.36862363344
477.0,8.183032e-05,11193.976749416692
477.1,7.5993456e-05,11336.513508954684
477.2,8.022733e-05,10689.867380112864
477.3,0.0012202888,4173.571224838364
477.4,0.005720806,2570.5674385490775
477.5,0.008050859,2392.279895048429
477.6,0.011034834,2083.2428882725853
477.7,0.008342437,1315.4839047527698
477.8,0.004963206,1832.8744080683487
477.9,0.000436906,5158.976627832728
478.0,0.00010719889,9148.310014207767
478.1,7.919456e-05,10364.407155534624
478.2,7.556668e-05,11436.465173771958
478.3,7.225563e-05,11260.44762119268
478.4,7.923083e-05,10921.002156895789
478.5,8.204329e-05,11193.488682129557
478.6,7.9043995e-05,11475.439668811116
478.7,7.418521e-05,11153.971322128185
478.8,7.336544e-05,11139.973716545397
478.9,6.904971e-05,11128.922567105168
479.0,7.670519e-05,10686.32264723403
479.1,0.005422223,1811.8396229071857
479.2,0.0066437162,7576.3573400715695
479.3,0.005522997,4561.170559204307
479.4,0.005826031,2610.9791693417546
479.5,0.0015885171,3338.90048583949
479.6,0.0045111245,2146.7202848617735
479.7,0.0043794867,1992.177920257048
479.8,0.0033167223,2033.6552450782265
479.9,0.0013626821,3595.711388749692
480.0,0.00010409324,9009.6524218673
480.1,7.351516e-05,10466.823281570618
480.2,0.000112676964,9807.16090472967
480.3,7.77062e-05,11468.89087897515
480.4,7.2112896e-05,11043.472509923546
480.5,7.618003e-05,10992.18791536297
480.6,7.842104e-05,11495.378658482725
480.7,6.768965e-05,10818.528717524518
480.8,7.475489e-05,11312.332655795828
480.9,7.9559424e-05,11426.39640893594
481.0,8.7920096e-05,10830.456948994815
481.1,7.607553e-05,11022.213506377464
481.2,7.3809366e-05,11391.005713020855
481.3,7.48392e-05,11238.507754146605
481.4,7.0045346e-05,11050.316849166304
481.5,7.936244e-05,11545.462053356543
481.6,0.008519209,1822.5648836587006
481.7,0.010397013,1513.7003752453309
481.8,0.006908848,1516.2017006087299
481.9,0.002612183,3260.3464034546214
482.0,0.0029082615,2818.8598177452213
482.1,0.00045123344,6685.838683299207
482.2,0.0027075803,2706.89393151622
482.3,0.0018760209,2707.6724256624357
482.4,0.00020713235,6742.095073081205
482.5,9.0742105e-05,9531.430653508647
482.6,8.343054e-05,10799.57359877521
482.7,8.148898e-05,10701.557987904165
482.8,8.1310274e-05,11349.790989041801
482.9,7.581074e-05,10922.73560565118
483.0,6.987935e-05,11127.674586959205
483.1,7.7519006e-05,11538.63073648722
483.2,0.0031958928,2661.7273761975907
483.3,0.0048221136,2161.9905605489507
483.4,0.0070911823,7070.701300229853
483.5,0.002789452,2858.11976809402
483.6,0.0007148255,5897.070636326497
483.7,0.004601341,2005.7188452122414
483.8,0.0021186653,2432.290419943679
483.9,0.002313518,2876.592539988756
484.0,0.0031544836,2189.077859611502
484.1,0.0018301597,3762.7451502390013
484.2,0.0027218196,6352.144166086477
484.3,0.0024154778,2349.043840523886
484.4,0.00108835,3845.9336962854286
484.5,0.0010251609,8097.206952486892
484.6,9.7536285e-05,9389.634278276808
484.7,7.3219606e-05,11097.200044871322
484.8,7.187677e-05,11174.310027972313
484.9,7.527246e-05,11471.063418266118
485.0,7.29736e-05,11218.084957369152
485.1,7.1932176e-05,11211.992042481048
485.2,8.3043866e-05,10794.372094227903
485.3,8.425473e-05,11172.723984567454
485.4,7.396511e-05,11108.52381879319
485.5,7.400427e-05,11151.342114649424
485.6,7.203879e-05,10868.947804560077
485.7,8.0265476e-05,10368.196804481937
485.8,7.794825e-05,11208.902357573637
485.9,7.475766e-05,11362.77335960709
486.0,7.765141e-05,10989.28128136777
486.1,7.3269344e-05,11512.869814688716
486.2,7.663199e-05,11325.93641775429
486.3,7.8484394e-05,11684.467387957875
486.4,8.2527215e-05,11625.796635452556
486.5,0.004508026,7448.094194536287
486.6,0.0052275266,5143.029510249395
486.7,0.0021771658,4530.581357966893
486.8,0.00011848088,9267.401032143665
486.9,9.33871e-05,10187.065718629685
487.0,7.6361786e-05,10949.45407983621
487.1,0.0031448037,3451.927740686959
487.2,0.006027505,2495.3111939439527
487.3,0.008911627,2066.1989354179177
487.4,0.000749186,4883.136617705324
487.5,0.00599635,1422.3261264459597
487.6,0.0024405033,2122.3503358072203
487.7,0.00018330789,7821.703773357067
487.8,8.516056e-05,10339.304092212695
487.9,8.053745e-05,11384.9923757857
488.0,7.516201e-05,11165.541338652361
488.1,7.182142e-05,11111.432175206017
488.2,7.838978e-05,11513.644563910679
488.3,7.247193e-05,11260.795930997483
488.4,7.374923e-05,11303.85412475758
488.5,0.004491289,2249.817776685994
488.6,0.020753667,1426.0503226111164
488.7,0.024217384,1715.0510791494262
488.8,0.016129924,867.1485534013057
488.9,0.010633069,1369.8773392668409
489.0,0.00063997775,4288.647458942265
489.1,0.00030763648,5828.734629167568
489.2,0.00011167248,8325.876932871817
489.3,7.483573e-05,10602.488210123387
489.4,7.474936e-05,11280.050814635893
489.5,7.162924e-05,11183.555603926292
489.6,8.7951135e-05,11069.22560372708
489.7,0.00402626,9604.463463239452
489.8,0.009391377,4147.311317157846
489.9,0.014776505,2209.126647359813
490.0,0.0016494911,5505.671155924518
490.1,0.0033640692,7170.008756193058
490.2,0.009590282,2673.0500489094447
490.3,0.006398046,2403.1818777790577
490.4,0.0020356697,2664.347487298075
490.5,0.008619502,2040.455621997568
490.6,0.014852921,1268.7337443581728
490.7,0.00895862,1457.9372237467887
490.8,0.013151058,1364.105908030035
490.9,0.008457513,970.6981209094026
491.0,0.004405352,1500.7157207831888
491.1,0.0006290266,4406.228047466046
491.2,0.00012429406,8703.479386065921
491.3,8.7439315e-05,10298.930875186914
491.4,7.591596e-05,11320.535762729147
491.5,7.786177e-05,11378.882344757461
491.6,7.257926e-05,11277.503401773765
491.7,7.658004e-05,11349.593243693565
491.8,6.9365116e-05,11047.976916243333
491.9,7.750119e-05,11407.108438902995
492.0,7.765728e-05,11403.397253561257
492.1,7.713279e-05,11498.366661851345
492.2,6.821002e-05,11214.660652569764
492.3,7.451979e-05,11318.273962059084
492.4,0.0028278448,4222.292092836544
492.5,0.0070139263,2047.757829293514
492.6,0.00070097693,4226.502218771557
492.7,0.010634818,1538.6194431974575
492.8,0.011641242,1162.1809440548423
492.9,0.011515694,1429.6927815163845
493.0,0.008842642,1537.3251269275033
493.1,0.0014058064,4126.2628410669595
493.2,0.00024192022,7149.347577233535
493.3,0.00020619776,7262.382750408273
493.4,8.475921e-05,10987.998878819013
493.5,7.151838e-05,11270.777771417557
493.6,7.560269e-05,11097.50308609387
493.7,8.267789e-05,11524.164342549511
493.8,7.700805e-05,11461.34225142546
493.9,0.0031103028,7666.630268439959
494.0,0.015801642,2531.752892112253
494.1,0.0026310596,7645.880116093924
494.2,0.014394208,2145.5235999333527
494.3,0.019211983,1038.5535078647874
494.4,0.008886329,2129.5035141822427
494.5,0.0027364807,3487.466796303869
494.6,0.011956435,1260.4328532661823
494.7,0.018025825,801.4500284830436
494.8,0.014971582,1498.2206572154837
494.9,0.0055882703,1972.2441269390868
495.0,0.00047315162,5422.3049347188135
495.1,0.0026400206,2447.178652390345
495.2,0.0069794063,1552.669906352907
495.3,0.006932933,1192.7185514988787
495.4,0.0067312126,1068.7714195532756
495.5,0.004415838,1640.7691220295835
495.6,0.0024560161,1934.735314152023
495.7,0.00019117464,7433.308012364212
495.8,9.6546624e-05,9798.48286650571
495.9,8.61923e-05,11333.451946150562
496.0,7.325257e-05,11172.883398763197
496.1,8.116431e-05,11420.021144096809
496.2,7.466968e-05,11576.008734251507
496.3,7.784519e-05,11375.070469839156
496.4,7.585839e-05,11345.3544309361
496.5,8.0193335e-05,11593.317957326664
496.6,0.0019688914,4477.4569311887535
496.7,0.0056981565,7326.31814824789
496.8,0.0051372666,4886.852080611333
496.9,0.0027586438,4083.2545699999846
497.0,0.013845916,1910.5981956362148
497.1,0.019090597,1512.888901081268
497.2,0.0038964401,1819.4675234223064
497.3,0.0011368339,3390.3277713099405
497.4,0.0060260966,1694.5878696446948
497.5,0.0017549021,6618.945777899708
497.6,0.001797549,4525.335350197968
497.7,0.0002003286,6931.053812002939
497.8,0.00599434,1539.1710630187163
497.9,0.0071014664,1219.5302291153946
498.0,0.0031578601,1895.9038621334348
498.1,0.00020389722,7640.747189626154
498.2,0.00011232899,9699.527048381507
498.3,7.92763e-05,11261.349962382013
498.4,7.94661e-05,11363.918690962912
498.5,7.845874e-05,11470.280525865457
498.6,7.644485e-05,11469.561704813277
498.7,7.230816e-05,11338.159319380284
498.8,7.601948e-05,11345.207226985396
498.9,7.889824e-05,11679.597957314742
499.0,7.2761984e-05,11294.002469592215
499.1,7.099987e-05,11190.08005812727
499.2,8.013311e-05,11488.354638430978
499.3,0.00091308425,6314.447123946795
499.4,0.0106606465,1249.6288236213265
499.5,0.011371356,1637.2275230871883
499.6,0.0011013043,2904.1344014218034
499.7,0.0068565654,1666.1868399768466
499.8,0.005419916,1269.8113839420118
499.9,0.0041162814,1444.6861021204743
500.0,0.0031598909,4513.571875273893
500.1,0.005708848,7003.337765393885
500.2,0.002174549,3959.8130622364315
500.3,0.0068925573,1522.7352473591168
500.4,0.005792306,1155.1641428584849
500.5,0.0017062633,2340.820944668007
500.6,0.0001579301,7834.934866552089
500.7,9.1114875e-05,9976.116159319674
500.8,7.164852e-05,10413.536097088427
500.9,7.6582786e-05,11488.234354474549
501.0,7.9955935e-05,11554.520103120103
501.1,7.8062265e-05,11140.535988590904
501.2,7.161561e-05,11444.616299406582
501.3,7.758635e-05,11293.225485785726
501.4,7.826471e-05,11530.93252795137
501.5,8.006614e-05,11310.388064748568
501.6,0.0024506391,8510.833760086323
501.7,0.00018445535,8937.233618459617
501.8,0.0013694541,8169.570575205874
501.9,0.014614122,932.6120679171884
502.0,0.016232664,1482.2671275418777
502.1,0.010639357,1627.4797817981232
502.2,0.0006830056,3817.7277792645937
502.3,0.0017248286,2863.4107250247125
502.4,0.0018883632,2819.3043296967144
502.5,0.0014678187,3041.5069767174764
502.6,0.0015503995,2760.7327477578583
502.7,0.002057704,8388.143633394942
502.8,0.0010061698,9379.80774212706
502.9,8.165433e-05,10681.40841297657
503.0,7.399507e-05,11399.515087870588
503.1,7.534356e-05,11326.852454158972
503.2,7.90625e-05,11243.443679558772
503.3,7.258156e-05,11563.713403170097
503.4,7.1124225e-05,10985.447136045628
503.5,8.161291e-05,11550.374119224942
503.6,7.696793e-05,11372.211274900843
503.7,7.900177e-05,11763.171011392049
503.8,7.455529e-05,11394.461724768014
503.9,7.5246e-05,11157.307996887814
504.0,7.272448e-05,11312.655405202
504.1,7.899063e-05,11386.649115803926
504.2,7.3271665e-05,11437.645210683611
504.3,6.983314e-05,11301.580839943288
504.4,7.627576e-05,11400.039663291094
504.5,7.519745e-05,11294.403397297354
504.6,7.063335e-05,11335.961514490817
504.7,7.4286225e-05,11362.679862399007
504.8,7.827886e-05,11706.8673789991
504.9,7.588461e-05,11320.896390626118
505.0,0.021521663,3826.015188817013
505.1,0.029365953,3682.89798578674
505.2,0.017539974,5193.810354690392
505.3,0.02523334,10543.817178216763
505.4,0.010147286,4216.953600260735
505.5,0.006755446,3076.2617701126287
505.6,0.0066700988,3933.268023762667
505.7,0.026586851,10881.963320947068
505.8,0.011286835,10074.272073203338
505.9,0.010901078,3732.277545353315
506.0,0.006474946,3983.1198060930046
506.1,0.0063466867,3775.9600663609544
506.2,0.0054479474,4128.977619977532
506.3,0.004040095,4965.036651946756
506.4,0.0006335939,5420.639199305142
506.5,0.000103538594,8946.396847681035
506.6,8.1261474e-05,10273.119947982716
506.7,7.759234e-05,10961.151008992929
506.8,7.8608435e-05,11122.818265239195
506.9,0.016143503,4038.3881607529866
507.0,0.038863234,3369.9273307576213
507.1,0.06379892,3025.1610108810014
507.2,0.021685528,3274.6138463508923
507.3,0.0021730245,2553.899227831629
507.4,0.005474476,3673.757670205316
507.5,0.013827344,10840.333671575552
507.6,0.012970322,10715.857057876947
507.7,0.001324092,4567.774804619431
507.8,9.7841075e-05,9113.067794834806
507.9,8.170179e-05,10106.447123926622
508.0,7.1388946e-05,10933.60601684195
508.1,7.0704824e-05,11375.055706238865
508.2,7.3779935e-05,11211.190343870994
508.3,7.084336e-05,11116.536104128456
508.4,7.061423e-05,11319.776874268991
508.5,7.3652736e-05,11527.530456504184
508.6,7.480291e-05,11694.587968749347
508.7,0.04774073,3480.439726939694
508.8,0.037367154,3865.310366965139
508.9,0.006119931,2095.967674153448
509.0,0.0195191,3919.6421002946126
509.1,0.015831167,10615.13355170222
509.2,0.007929997,7491.890189242303
509.3,0.007540972,4047.601996840551
509.4,0.007215408,5011.010486577728
509.5,0.011320979,3293.226211445304
509.6,0.0027830296,4257.045341017926
509.7,0.00020313411,6746.537442097808
509.8,9.19179e-05,9579.08775429796
509.9,7.73277e-05,10452.80583301008
510.0,6.9900685e-05,10991.730335706883
510.1,7.312035e-05,11351.347729758247
510.2,0.013485187,2216.4457207312867
510.3,0.011633326,2276.169547557025
510.4,0.012618816,2784.4205061030534
510.5,0.0042128772,3951.573823328505
510.6,0.00018554437,7808.7053375088635
510.7,0.009865071,7985.516943881043
510.8,0.0072146617,3615.1649303188187
510.9,0.0033479405,3623.840713320242
511.0,0.00014397065,7772.5171949133255
511.1,8.480424e-05,9700.259579731111
511.2,7.48663e-05,10654.567973978705
511.3,7.4601456e-05,11477.998724271662
511.4,7.376947e-05,11478.226967125856
511.5,7.615276e-05,11530.402239441155
511.6,7.722568e-05,11561.261631186055
511.7,7.5823504e-05,11553.819572969582
511.8,7.806613e-05,11410.055442047253
511.9,7.4495576e-05,11476.722962581953
512.0,7.7546785e-05,11305.165653834243
512.1,7.161728e-05,11336.91033485965
512.2,8.046414e-05,11467.494675178988
512.3,7.67204e-05,11703.728933792447
512.4,7.1911585e-05,11283.06956382261
512.5,7.793736e-05,11490.95743570037
512.6,7.0381684e-05,11328.38712741523
512.7,7.350327e-05,11224.802506468644
512.8,7.6931625e-05,11448.41225390923
512.9,7.042872e-05,11222.053481975874
513.0,7.251058e-05,11362.714761390238
513.1,7.66816e-05,11590.736179655596
513.2,7.542395e-05,11596.770698549999
513.3,7.9841455e-05,10877.032263512834
513.4,8.187262e-05,11380.046663667179
513.5,8.2359555e-05,11542.658449674338
513.6,0.016329579,1390.3949873996385
513.7,0.021928534,1129.9372963259616
513.8,0.025804019,1834.6520484590123
513.9,0.01140742,2379.1609209465255
514.0,0.013920854,1351.4904246131327
514.1,0.01798481,1331.2324805055757
514.2,0.010420006,1733.5790456563916
514.3,0.027091457,1275.4723099884095
514.4,0.004366127,7645.528243288165
514.5,0.012827216,2446.6332410955965
514.6,0.016085654,1185.4710635141419
514.7,0.008212043,4032.4773150568344
514.8,0.002141701,7632.904337145136
514.9,0.017881056,1577.9190785401515
515.0,0.019329667,1327.9878322335294
515.1,0.020456193,1679.6693612469958
515.2,0.016951643,1159.1397171000658
515.3,0.010207145,1666.0698012933826
515.4,0.00074450206,4037.914107629326
515.5,0.0001424288,8967.820031087542
515.6,0.00010376483,9648.714263008125
515.7,8.330947e-05,11073.80002384229
515.8,7.905301e-05,10945.388584908698
515.9,7.403637e-05,11293.579326120858
516.0,7.529885e-05,11267.784820611045
516.1,8.1681144e-05,11111.326959735705
516.2,0.0021762843,3377.513309825883
516.3,0.0044845054,2197.85941882398
516.4,0.0145390285,1882.1127747470268
516.5,0.0118134245,2890.995251199114
516.6,0.0032088738,7382.330045104929
516.7,0.0071676364,2938.3832239829426
516.8,0.00038364314,5730.109395680375
516.9,0.003454181,2606.9934163277558
517.0,0.0008293998,5168.806164359859
517.1,0.0031410172,2653.172186981095
517.2,0.0039748573,2571.143715807713
517.3,0.0043545356,2097.617334894044
517.4,0.0013214962,5129.402046716622
517.5,0.0014366598,3364.246239280107
517.6,0.0015523249,7167.419465390947
517.7,0.00041265858,7412.343173800968
517.8,8.122548e-05,11106.705181774223
517.9,8.0731064e-05,11007.170322989143
518.0,7.5039396e-05,11112.470253320367
518.1,8.2486884e-05,11378.683172606328
518.2,8.0318365e-05,11490.28131760365
518.3,7.995913e-05,11326.80179670112
518.4,7.4875636e-05,11198.665085154524
518.5,7.460267e-05,11320.364040963459
518.6,8.065064e-05,11439.165747880732
518.7,7.422919e-05,11402.325664978256
518.8,8.136013e-05,11278.350149861033
518.9,7.4437856e-05,11002.689041857808
519.0,7.909957e-05,10920.868000230676
519.1,7.156067e-05,10692.399527700134
519.2,8.203349e-05,11055.92537171239
519.3,7.3531075e-05,11113.966055425351
519.4,7.791097e-05,11450.879383748541
519.5,7.8376e-05,11306.29008849553
519.6,7.919463e-05,11594.171208768952
519.7,7.942576e-05,10715.110009361386
519.8,7.2387345e-05,11161.99517676056
519.9,8.1323604e-05,11329.442033630507
520.0,8.0834165e-05,11486.910627554034
520.1,7.813203e-05,11552.733440552818
520.2,8.7250555e-05,11356.139073853772
520.3,9.056495e-05,10934.42342930593
520.4,0.002758804,8167.819252456575
520.5,0.040411532,1829.3089133324274
520.6,0.003408225,1971.0649730234677
520.7,0.004870409,4558.996909760749
520.8,0.02384723,996.8868859471407
520.9,0.024714746,1569.60571553803
521.0,0.017452385,1382.7144390683225
521.1,0.009951096,1741.249250384399
521.2,0.0024756135,7241.499137911933
521.3,0.010462975,2011.2624727467155
521.4,0.001964552,3246.726795627097
521.5,0.0095626125,1784.7378793010503
521.6,0.010395193,1419.7577868073279
521.7,0.002623299,2016.4246710083753
521.8,0.0003973007,4577.557018872574
521.9,0.0001487445,7874.16716634228
522.0,8.535023e-05,10397.297024684256
522.1,7.8743506e-05,10919.86973110638
522.2,8.20876e-05,10618.563853181266
522.3,0.00799337,1719.826673995431
522.4,0.005145666,1928.0543134677462
522.5,0.0026538786,7720.270239493229
522.6,0.018248044,1159.118064003331
522.7,0.018294271,1618.3596953095189
522.8,0.01482973,1705.6834635601085
522.9,0.010723213,1616.7626675107385
523.0,0.0021595643,6396.9664321273
523.1,0.0056664282,2515.963373332467
523.2,0.003938673,2435.5431356907316
523.3,0.009744549,1632.9947794866011
523.4,0.009071904,1099.6982138889691
523.5,0.01355829,1449.4189840162817
523.6,0.0026118343,6507.972686834781
523.7,0.00023865578,7162.309844861649
523.8,0.002162281,7102.691343484861
523.9,0.0003754953,6046.410924098003
524.0,7.537646e-05,10628.107512463721
524.1,7.900744e-05,11183.054176639507
524.2,7.738815e-05,11311.789318337616
524.3,7.3192e-05,11193.153706210564
524.4,7.998162e-05,11359.693768054418
524.5,8.206421e-05,11572.407632447786
524.6,7.290821e-05,11168.368919458033
524.7,7.457165e-05,11357.97166060844
524.8,7.639369e-05,11341.127154462567
524.9,0.008213179,1871.0386378318415
525.0,0.0068017463,1859.5105722092867
525.1,0.0038492538,2798.7088208263863
525.2,0.006296911,2051.6347014712446
525.3,0.004890349,1458.426337635858
525.4,0.006580522,1399.9520169947182
525.5,0.00016239674,7967.329908416126
525.6,0.0003306326,5478.366551729256
525.7,0.00019732486,7647.87612485644
525.8,8.129301e-05,10912.125228214136
525.9,7.385517e-05,11371.633916216488
526.0,7.243248e-05,11136.866428384408
526.1,8.32611e-05,11430.51202375218
526.2,0.0061875465,8492.200322238954
526.3,0.0012895328,6504.885583721838
526.4,0.013897922,2225.8085961124652
526.5,0.0041008354,7181.509533196645
526.6,0.0068353754,3303.5204287529823
526.7,0.001667561,4854.629952625937
526.8,0.003345079,2960.866096092085
526.9,0.00054863485,5920.649087895914
527.0,0.00088303135,4303.382881903893
527.1,0.0040363776,2145.3589679941897
527.2,0.005252926,7588.904965876263
527.3,0.0013003503,6042.494292305453
527.4,0.0008569803,3459.0987862791244
527.5,0.00010192318,9850.174564629417
527.6,7.948168e-05,10531.02436888982
527.7,7.396358e-05,11117.108140560063
527.8,8.0478094e-05,11374.115269133581
527.9,7.937811e-05,11506.062072171602
528.0,7.9844685e-05,11378.216039573937
528.1,8.0376725e-05,11480.332228371506
528.2,7.567313e-05,11537.590002315861
528.3,8.0938386e-05,11279.457317982891
528.4,8.09297e-05,11299.838143727562
528.5,7.786945e-05,11068.218853695143
528.6,7.54137e-05,11148.828030377394
528.7,7.553147e-05,11387.942653973507
528.8,7.866839e-05,11226.493114529894
528.9,8.1296865e-05,11546.686578654015
529.0,8.2535145e-05,11512.008471927904
529.1,0.000107413696,10312.445410959608
529.2,7.79437e-05,10976.981584168389
529.3,8.004964e-05,11357.518614507708
529.4,8.280176e-05,10671.769281226992
529.5,0.008763554,3196.8350581737946
529.6,0.06510199,3643.657282981374
529.7,0.044299494,3236.525395696991
529.8,0.015223148,8707.432846210864
529.9,0.03554898,12622.973432637802
530.0,0.018236166,4665.182860747125
530.1,0.010288394,4590.430416339841
530.2,0.0011208341,4870.170250722687
530.3,0.00023946428,6659.082309073627
530.4,0.003940696,7328.526892593156
530.5,0.003626223,7212.449129995603
530.6,0.0026608051,6502.417274797952
530.7,0.0010399085,6277.488766540064
530.8,0.00030280594,5720.2139772492965
530.9,0.0079360325,4152.583200035924
531.0,0.000969195,3665.661334686479
531.1,0.018898776,4331.29117368868
531.2,0.009037238,9588.489742797383
531.3,0.013601245,3630.816868545153
531.4,0.035989378,4238.571733347031
531.5,0.0008594782,4756.8178059389475
531.6,0.049531084,4238.90629128776
531.7,0.022459796,4516.468140410201
531.8,0.02776428,4335.044574729111
531.9,0.04200913,5073.940115547541
532.0,0.019593814,12216.734356113391
532.1,0.020596206,5337.786750304773
532.2,0.01892445,4086.9215144926884
532.3,0.0078148255,5333.056609797222
532.4,0.015237379,5028.442836625757
532.5,0.005663953,5903.05240473191
532.6,0.0004477504,5719.306002808935
532.7,0.0002345974,7301.877787415923
532.8,0.00011569106,9328.601264469744
532.9,0.005496499,2438.618042836646
533.0,0.02468815,3585.0621524766916
533.1,0.046873864,5284.619292905803
533.2,0.040650748,4502.1910621619745
533.3,0.015443858,11064.842418258251
533.4,0.017126882,4065.579140684039
533.5,0.012573668,5264.867719215026
533.6,0.0025189337,7204.6921351655055
533.7,0.00025804772,6476.762719804594
533.8,0.00013182055,8127.661427344981
533.9,9.186311e-05,9843.405285515182
534.0,7.457881e-05,11484.10293349499
534.1,7.5589385e-05,11475.096507425378
534.2,7.8303805e-05,11776.6704232627
534.3,7.155005e-05,11354.117801883698
534.4,7.4124626e-05,11638.494152502593
534.5,7.1195136e-05,11310.485016411845
534.6,7.537607e-05,11429.295018103396
534.7,7.258783e-05,11357.788669903817
534.8,0.042110503,2978.1755133148563
534.9,0.0010504554,3406.896923367181
535.0,0.017031938,3474.339742670916
535.1,0.009141184,8486.307275074163
535.2,0.021665497,6647.483245757558
535.3,0.004589928,3125.7407589278755
535.4,0.003086233,3225.878692824688
535.5,0.0008467126,4056.7947029639527
535.6,0.00011978753,7986.021583642039
535.7,9.1153895e-05,9950.713697657773
535.8,8.111719e-05,10985.870044374344
535.9,7.3065145e-05,11522.012290713981
536.0,7.035429e-05,11284.629554720095
536.1,7.081741e-05,11218.98663543275
536.2,7.111767e-05,11205.724886343989
536.3,7.011128e-05,11385.424259973875
536.4,7.288761e-05,11339.349807408227
536.5,0.0058751297,7232.110040693158
536.6,0.042659555,3825.8575187727733
536.7,0.001236811,3933.591912258011
536.8,0.008730539,5344.926376181596
536.9,0.0024721927,5504.809602777539
537.0,0.012533717,2682.288988848097
537.1,0.028462427,2474.9436288387687
537.2,0.03725469,2236.6245009654676
537.3,0.016319882,2812.7222404704285
537.4,0.0130147785,3198.309782653621
537.5,0.01267448,2848.692531877274
537.6,0.010472816,3642.1860015349603
537.7,0.0013604271,4235.642696444692
537.8,0.007847942,4720.256852208416
537.9,0.0090347,4782.731593121376
538.0,0.0050823907,4975.908159852403
538.1,0.0007462306,5108.202524332839
538.2,0.018778492,3878.1472420029813
538.3,0.0040666494,2729.74618074903
538.4,0.00018084637,7336.2308349626255
538.5,9.306314e-05,9881.085964650196
538.6,0.013493861,2003.1477093540316
538.7,0.010993918,2534.759127814107
538.8,0.017249716,3493.9812210901414
538.9,0.0026635001,5264.00185729218
539.0,0.023279212,3739.294447173156
539.1,0.02515263,3462.759822253897
539.2,0.002682045,7465.777746907708
539.3,0.017296774,8082.001561113746
539.4,0.027220154,3256.531820242686
539.5,0.002707931,3767.8480933880783
539.6,0.018534737,6323.756303476172
539.7,0.0019376521,5905.63959180398
539.8,0.0445689,3094.065364644679
539.9,0.037731502,3390.707880833767
540.0,0.014198123,2997.9239867792235
540.1,0.0073228264,4165.9037590252365
540.2,0.007191848,2551.9284086310327
540.3,0.0057666465,4305.334786245823
540.4,0.002408324,4875.030071105181
540.5,0.00014756086,7279.656159738477
540.6,9.470673e-05,9272.096036796667
540.7,7.2741386e-05,10824.813596364373
540.8,7.55467e-05,11272.164780561345
540.9,7.0888396e-05,11258.350895666894
541.0,6.7228975e-05,11068.614475177968
541.1,7.330056e-05,11477.250674317736
541.2,6.497546e-05,11310.279211503177
541.3,7.193074e-05,11369.598554746555
541.4,7.349408e-05,11425.419631501787
541.5,7.054963e-05,11160.420734625413
541.6,7.652789e-05,11490.41537880098
541.7,6.923238e-05,11249.988181651863
541.8,0.018138865,8093.731060733415
541.9,0.019569626,2564.253278648762
542.0,0.061290316,3133.6990542687777
542.1,0.0041334205,2771.843628084778
542.2,0.020774158,3120.6539684476334
542.3,0.054944523,3115.0969640414114
542.4,0.0044669546,2681.5987045743786
542.5,0.08154888,3551.320987112893
542.6,0.08690812,3378.9565785612253
542.7,0.051222097,4572.298957213519
542.8,0.001909592,3610.425485181408
542.9,0.033976156,3350.0882517464274
543.0,0.0058777803,7115.346878685251
543.1,0.011212181,2423.2182132258604
543.2,0.013380802,3651.0626639863735
543.3,0.00700563,5874.355506928576
543.4,0.010572349,2151.582727040133
543.5,0.058545206,4322.432769953351
543.6,0.056427833,4040.8793696030684
543.7,0.0013416337,3753.8336778879607
543.8,0.018533606,3015.0442431298516
543.9,0.016700448,4627.56772056788
544.0,0.013512631,4111.515374488259
544.1,0.0025823724,5401.110842102662
544.2,0.00027908478,6214.466307207436
544.3,0.00011812383,8786.245022160736
544.4,8.983651e-05,10457.894003316385
544.5,7.3065785e-05,11032.00735576145
544.6,7.2965595e-05,11261.202806309208
544.7,0.0026241818,4356.056799161546
544.8,0.010975883,4903.0083136153635
544.9,0.011101825,6093.1528599373905
545.0,0.0020944497,4937.37225047336
545.1,0.00020377572,6975.381588253909
545.2,9.477994e-05,9663.652225362688
545.3,8.186202e-05,10972.52078114292
545.4,7.528617e-05,11370.171984317905
545.5,7.2930445e-05,11575.716253203664
545.6,7.765894e-05,11429.080130023402
545.7,7.338951e-05,11440.23067058341
545.8,7.586877e-05,11611.536667856857
545.9,7.5409334e-05,11667.908529441745
546.0,7.9673824e-05,11573.226607909552
546.1,6.871879e-05,11025.956156656222
546.2,8.150326e-05,11782.966558241325
546.3,6.9100824e-05,11336.121516951516
546.4,0.013106883,2806.115524165589
546.5,0.0078237355,2977.8742639403836
546.6,0.024744196,1769.9045808964704
546.7,0.016705379,3170.086354002784
546.8,0.0062691164,9756.439078512563
546.9,0.012848342,2895.6714796996544
547.0,0.008642854,2960.856527164684
547.1,0.014271794,3258.272691985927
547.2,0.004408359,3438.4874191490026
547.3,0.0013813089,5214.051161755391
547.4,0.0025688508,5042.9959505579645
547.5,0.0016555014,5142.6588699371405
547.6,0.004347272,9160.55504683799
547.7,0.0091865035,9267.43465704419
547.8,0.013871706,4826.955822706672
547.9,0.015395523,9096.451528148897
548.0,0.008774483,7490.863879781735
548.1,0.008603529,3711.677829049464
548.2,0.021567019,10517.818919859594
548.3,0.014878705,4090.3327754228935
548.4,0.043388285,4157.166563433391
548.5,0.04020689,4435.780726576946
548.6,0.0034980692,4161.496342442042
548.7,0.009606927,3839.6017508207424
548.8,0.0067311996,3493.085862295914
548.9,0.007698375,3991.083631409069
549.0,0.0073126107,5221.852141788085
549.1,0.0014711715,5207.41039962003
549.2,0.000121536264,8532.385805583475
549.3,8.4658976e-05,10277.88554521443
549.4,7.1962124e-05,10286.066351679168
549.5,7.771906e-05,11557.307367779558
549.6,7.275901e-05,11383.720664292208
549.7,7.2015624e-05,11398.197970050023
549.8,7.0086506e-05,11574.409475243197
549.9,0.014643085,10300.738915026963
550.0,0.017639441,4564.543376637239
550.1,0.015446274,3262.0584249502267
550.2,0.003828555,3504.5115559164587
550.3,0.0124763595,3462.976470077983
550.4,0.008790448,3397.1333826376554
550.5,0.011191167,3332.3474181526262
550.6,0.024454854,4123.2955277611845
550.7,0.024481371,3002.8054804599315
550.8,0.016066507,2275.866269673122
550.9,0.003545181,5326.858569939248
551.0,0.004335225,2751.737466116671
551.1,0.007148022,3335.4214142928217
551.2,0.008849672,3245.5488881817278
551.3,0.0017620516,4206.921727580544
551.4,0.0015585321,5588.828632097311
551.5,0.0020104523,5635.4801065030315
551.6,0.0015638509,5215.675553487616
551.7,0.00033925465,5427.928659086054
551.8,0.004126217,9120.276764649363
551.9,0.011394694,8461.610080878887
552.0,0.007907531,4862.766854896565
552.1,0.006459792,2309.976602515333
552.2,0.004139164,4993.138569749108
552.3,0.01905363,2595.6165980925116
552.4,0.010011758,5908.0175029602415
552.5,0.02186691,3121.904134461942
552.6,0.024015795,9807.512546631639
552.7,0.011064424,7703.09166861047
552.8,0.008921531,4149.97625691253
552.9,0.013494113,2297.564305170214
553.0,0.00046478194,4600.576736694691
553.1,0.00082909036,3821.8109512775854
553.2,0.009622468,4055.0879249752934
553.3,0.0066131153,3124.5687311181596
553.4,0.0011603964,4409.044619350054
553.5,0.00015561361,7292.579496703235
553.6,8.930227e-05,9611.777832624824
553.7,8.06828e-05,10627.541632790753
553.8,7.6166856e-05,11308.560343714047
553.9,7.6942e-05,11561.065849436318
554.0,7.126464e-05,11429.992693301652
554.1,7.8318975e-05,11454.498016143007
554.2,7.2218776e-05,10986.01570599389
554.3,7.27283e-05,10966.050959659317
554.4,7.618635e-05,10889.007116270646
554.5,7.6384094e-05,11199.462403725633
554.6,7.52506e-05,11405.417912775987
554.7,7.63643e-05,11020.221269253716
554.8,7.5309275e-05,11588.793140477712
554.9,7.052075e-05,11294.011371729448
555.0,8.07406e-05,11423.551419603302
555.1,7.21054e-05,10957.136608325087
555.2,7.456046e-05,11313.224781737332
555.3,0.0070958775,1590.152026737901
555.4,0.00955077,1518.984720890754
555.5,0.008867717,2055.152873464154
555.6,0.009118215,1998.2501547508223
555.7,0.0061736247,1416.5284765438016
555.8,0.0063573904,1659.7192367024943
555.9,0.0005286728,4376.058883649033
556.0,0.00079656095,4071.7630625042343
556.1,0.0001804214,6978.179446627542
556.2,0.00010411929,10389.541206884594
556.3,7.362768e-05,10999.328570508324
556.4,7.8439174e-05,11536.413207541145
556.5,0.0044313306,2371.0091847073727
556.6,0.037611388,1638.6989911932662
556.7,0.017489024,3037.2950685719725
556.8,0.007184178,6253.135245389592
556.9,0.021391287,1959.3904772495682
557.0,0.011459404,1901.685286540649
557.1,0.0024639582,5339.726284831893
557.2,0.01189433,1585.1087584689142
557.3,0.010757081,1571.7013148146436
557.4,0.007028279,1801.2345756644772
557.5,0.012614008,1951.6615478495924
557.6,0.012330109,2002.5338605472452
557.7,0.017882766,1568.086062747137
557.8,0.008549358,1124.614033678604
557.9,0.00786467,1339.6414730061465
558.0,0.010723459,1087.525864076339
558.1,0.008366231,1585.2084480203143
558.2,0.0045398576,1713.4058636652635
558.3,0.0002447521,6749.10400513653
558.4,0.00012002583,8558.19646663765
558.5,8.41143e-05,10175.633646030983
558.6,8.218104e-05,10685.542175610286
558.7,7.536353e-05,11325.853555739366
558.8,0.00010903945,9688.47516820312
558.9,7.8687975e-05,11453.505625546008
559.0,0.00032367086,8715.311283659728
559.1,0.008519033,7822.357507949775
559.2,0.01735546,2094.8555629671564
559.3,0.01577819,1094.0989712446376
559.4,0.008900689,1810.1963032969506
559.5,0.002256375,2344.9120074664934
559.6,0.0039926046,5338.978323765059
559.7,0.012448674,1538.453829993496
559.8,0.0054740743,1249.2574703586351
559.9,0.00087393797,3155.3154716665294
560.0,0.0030926142,2344.167026188602
560.1,0.0047832336,7380.595730237215
560.2,0.00188189,3953.1539293525493
560.3,0.002921365,2391.0582616305705
560.4,0.0023619365,2289.3774149408137
560.5,0.0015956078,3909.1926374132663
560.6,0.0022775799,8292.528467001726
560.7,0.00045603875,7628.228451867494
560.8,8.322103e-05,10573.378835343792
560.9,7.594622e-05,11378.406137748736
561.0,7.418167e-05,11229.019150776883
561.1,7.512057e-05,10885.580838162825
561.2,6.881613e-05,10862.679932293628
561.3,7.985306e-05,11390.885275400431
561.4,7.174431e-05,11069.928192341813
561.5,7.641816e-05,11462.44848311994
561.6,7.816824e-05,11506.016048818785
561.7,7.6384196e-05,11183.232802437167
561.8,7.084905e-05,11190.125957614655
561.9,7.842407e-05,11365.703763694079
562.0,7.809132e-05,11256.422108919138
562.1,6.937948e-05,11004.54670716568
562.2,7.6087075e-05,11425.356653047405
562.3,7.264876e-05,10984.605417479375
562.4,6.6885426e-05,11287.90179918849
562.5,0.00012271384,8895.224357165247
562.6,0.0006609254,7947.490407392463
562.7,0.003231751,7794.486886795852
562.8,0.0026404557,5340.155081553822
562.9,0.00013744661,8208.294359059377
563.0,0.00010670367,9868.995632332364
563.1,0.0024432403,2763.0173970750247
563.2,0.00255042,2884.848865312192
563.3,0.0006912343,3646.329332307404
563.4,9.349639e-05,9023.611486641024
563.5,7.581283e-05,10988.168810492867
563.6,7.259543e-05,11182.964929503387
563.7,7.576618e-05,11401.852351895343
563.8,7.106377e-05,11420.215179680887
563.9,7.349315e-05,11246.219941402796
564.0,8.06246e-05,11441.366267393512
564.1,7.396229e-05,11480.983914694525
564.2,7.2150426e-05,11366.406604765456
564.3,9.640322e-05,10568.956500512073
564.4,0.011547811,2016.2056939407764
564.5,0.010358037,2272.7874045354433
564.6,0.0012159351,3100.0151272576168
564.7,0.0007356166,5045.728939543273
564.8,0.003742271,2340.0564171108153
564.9,0.0021229747,2173.0453253334426
565.0,0.00029320095,6525.5186326197
565.1,9.176574e-05,9993.93670950278
565.2,7.699272e-05,11023.013141845946
565.3,7.207536e-05,11146.731119654683
565.4,8.509344e-05,10687.758390830319
565.5,7.8661855e-05,11520.22215515354
565.6,8.016149e-05,11587.847262107161
565.7,7.674456e-05,11365.811720120386
565.8,6.981658e-05,10740.65639146862
565.9,7.519632e-05,11199.515701138713
566.0,6.9062364e-05,11261.406704447965
566.1,0.0024456407,3302.292282321272
566.2,0.008239567,1925.072284383191
566.3,0.00062486593,5209.20886393094
566.4,0.0043625827,2449.8762967863954
566.5,0.0039840825,6499.249218511984
566.6,0.005653337,6839.401353521045
566.7,0.0027972443,2367.6868468416105
566.8,0.0026442858,2589.5306910828913
566.9,0.0033359914,9220.770677132215
567.0,0.0009166405,8623.132081700485
567.1,7.705199e-05,10534.425638382214
567.2,7.042456e-05,11038.112595218758
567.3,7.4971336e-05,11286.878101477778
567.4,6.9947935e-05,11261.95253978444
567.5,7.308441e-05,11528.657018670192
567.6,7.560016e-05,11516.90932195287
567.7,7.4352676e-05,11220.930647102297
567.8,7.337344e-05,11404.313168237903
567.9,7.295117e-05,11422.577276893278
568.0,7.540741e-05,11206.168351162487
568.1,7.204696e-05,11106.626590344575
568.2,8.2537255e-05,11092.036927725601
568.3,7.0812785e-05,11030.093084066917
568.4,7.724828e-05,11556.463358392886
568.5,7.5604716e-05,11245.970506889482
568.6,7.6635115e-05,11587.045057722138
568.7,6.8899244e-05,10611.736503491942
568.8,7.5635995e-05,11274.876097823413
568.9,7.889728e-05,11597.595027319428
569.0,7.187298e-05,11042.71191501573
569.1,8.44226e-05,10981.2009098653
569.2,0.0033081046,8782.81669940452
569.3,0.0056172325,6768.55264438177
569.4,0.012770488,1750.0142728107476
569.5,0.0014976604,3759.421376663221
569.6,0.00131635,3653.5847385662473
569.7,0.0069768233,1789.414991790839
569.8,0.005638753,1865.4879948472872
569.9,0.00027092514,6095.360574679558
570.0,0.0028123325,2439.6832873438925
570.1,0.0008251702,3743.583140628412
570.2,0.008225583,1696.559113269642
570.3,0.008409189,1516.9027891528594
570.4,0.0015005125,3315.6463182729576
570.5,0.00020097196,7132.045224578886
570.6,0.00043516708,5167.66933714942
570.7,0.00014393055,8206.501214012298
570.8,8.462015e-05,10442.715497669225
570.9,7.671018e-05,11011.687270340237
571.0,8.492011e-05,10390.727901720164
571.1,6.698968e-05,10982.78492705675
571.2,7.629117e-05,11598.600171445343
571.3,0.0025474168,7955.870817154841
571.4,0.018913409,2169.188985497595
571.5,0.002889692,2013.5477953851591
571.6,0.00229785,6061.145657021799
571.7,0.008213718,2636.0394856335743
571.8,0.010129328,1740.0216284361113
571.9,0.010196207,1779.6820605505982
572.0,0.0065993993,1176.3940865537534
572.1,0.0047310586,1620.5262992651571
572.2,0.00027261462,6099.820629886995
572.3,0.00012380668,9272.105082606293
572.4,8.2677994e-05,10341.00406335964
572.5,7.9550606e-05,10998.775310976904
572.6,7.1891365e-05,10971.782266393773
572.7,7.215912e-05,11303.406921426653
572.8,7.209389e-05,11343.89656898837
572.9,7.5034135e-05,11404.79759266377
573.0,7.271004e-05,11452.009810051655
573.1,0.0025799873,8846.642571803513
573.2,0.010881874,2057.5283212117597
573.3,0.006465428,1904.9853945002678
573.4,0.0064197704,1598.9251803707575
573.5,0.007682651,1423.1015734816574
573.6,0.007677901,974.0392948639007
573.7,0.014824639,1426.3875576414678
573.8,0.008304433,1537.869909798948
573.9,0.0029357956,2684.247657657654
574.0,0.020235991,1492.5135901188942
574.1,0.016504023,1733.3954768620117
574.2,0.005233173,2073.9698121770834
574.3,0.0020304169,3085.2911655648154
574.4,0.00662001,1485.4610244132837
574.5,0.0075085107,1974.878120225228
574.6,0.0026910747,3668.37953414762
574.7,0.005908435,2227.154695503891
574.8,0.00066176464,3773.394562428829
574.9,0.00014571402,7929.992286147075
575.0,9.746293e-05,9310.075501661273
575.1,7.760969e-05,10918.645760053054
575.2,7.364556e-05,11180.132480596603
575.3,6.918747e-05,11102.895287983243
575.4,8.205191e-05,11323.611093477466
575.5,7.374519e-05,11316.98113730447
575.6,7.70034e-05,10904.882121273598
575.7,7.388583e-05,11466.626267817073
575.8,7.766907e-05,11383.142448565217
575.9,7.2750176e-05,11487.196813107279
576.0,7.442807e-05,10984.305157899835
576.1,0.009436592,1588.7135952285394
576.2,0.007592737,1885.6111594005101
576.3,0.001314033,3399.260113231767
576.4,0.0059439978,2639.998252604743
576.5,0.008012652,1657.8255573721192
576.6,0.0009156393,3394.5769352435395
576.7,0.002065752,2425.144435755242
576.8,0.009843544,1558.6718217949242
576.9,0.0043020295,2049.500352886438
577.0,0.0054293815,1558.2684980774657
577.1,0.002718907,1730.1483721855957
577.2,0.00023786948,7737.412663955328
577.3,0.00010246696,9845.287160957576
577.4,7.0114904e-05,10496.09231657262
577.5,7.67405e-05,11311.190478036235
577.6,7.6623895e-05,11530.441812954397
577.7,7.688896e-05,11284.666214545181
577.8,7.606148e-05,11176.213531400379
577.9,0.0069967173,2133.6911843958633
578.0,0.0009125142,5884.000084550882
578.1,0.004327707,2678.5844699899085
578.2,0.003879069,8154.971463448957
578.3,0.0019336734,4894.741239478437
578.4,0.0012185364,6375.204801370803
578.5,0.0014337695,6952.177046821954
578.6,0.0013279053,3150.8764117508535
578.7,0.0018001935,2284.173130064426
578.8,0.0014540111,7537.518764867893
578.9,0.001472193,9776.781911584176
579.0,0.00012991007,9851.064188256778
579.1,7.451044e-05,11063.815084806103
579.2,7.771472e-05,11287.091925120361
579.3,7.642748e-05,11371.898251049031
579.4,7.693268e-05,11209.376415700784
579.5,6.887479e-05,11024.142039410435
579.6,8.1111684e-05,10928.758223818986
579.7,9.057517e-05,10245.501817240998
579.8,8.089855e-05,11264.464581667746
579.9,7.475781e-05,11363.405198349064
580.0,6.7139634e-05,11366.948977211428
580.1,7.68582e-05,11342.000624820346
580.2,8.1031845e-05,11455.476296512566
580.3,7.261269e-05,11438.34506461928
580.4,7.387575e-05,11450.229093200043
580.5,7.4205025e-05,11339.269859050119
580.6,7.12331e-05,11325.742219646982
580.7,7.557477e-05,11255.406352611622
580.8,7.142074e-05,11036.215015113117
580.9,6.843547e-05,11058.33855196898
581.0,0.0001641518,9369.020309955877
581.1,7.2964525e-05,11313.36273466444
581.2,7.591075e-05,11317.068213104438
581.3,6.560615e-05,11168.24207220802
581.4,7.734224e-05,10901.602092989573
581.5,8.696855e-05,10835.846851229071
581.6,7.7835895e-05,11299.78837434268
581.7,7.323846e-05,11152.70042553424
581.8,9.638305e-05,10606.057768525417
581.9,0.014874451,1574.3844604521164
582.0,0.0011488782,3366.7451385165677
582.1,0.01676587,3150.209736497879
582.2,0.027459178,1963.1100902609014
582.3,0.008416119,5720.852266539838
582.4,0.0008717752,6498.582912397456
582.5,0.00304634,2819.9241838466296
582.6,0.0018547667,2894.070240575482
582.7,0.013914988,1814.5002416916918
582.8,0.009288756,1418.913472026257
582.9,0.0052977228,1911.3048548033607
583.0,0.00028928067,6560.060565993884
583.1,0.00016101939,8945.047915713962
583.2,7.056978e-05,10351.223844299304
583.3,7.0401584e-05,10569.879265193953
583.4,7.142469e-05,10943.628584790808
583.5,6.803694e-05,10534.961935988693
583.6,7.3815376e-05,11202.894256608084
583.7,6.901721e-05,11101.520664924677
583.8,7.4686046e-05,11451.055509256015
583.9,6.719789e-05,11063.19470242775
584.0,7.394674e-05,11357.188225430244
584.1,0.004593264,2107.2302432807674
584.2,0.016823836,2057.0170606041415
584.3,0.0019922368,2612.458584093375
584.4,0.009275432,2217.976497136009
584.5,0.010586377,1819.612841002783
584.6,0.00091998413,3775.0646271381734
584.7,0.005690039,3905.518595501791
584.8,0.0187862,1579.2005197711464
584.9,0.0063976827,7172.858919544882
585.0,0.014906008,1967.9770788433664
585.1,0.0023718819,7471.959448750294
585.2,0.010568873,2258.004279096931
585.3,0.008386822,1986.628215719691
585.4,0.0033894049,3547.127768717509
585.5,0.00051673123,4448.283021262413
585.6,0.004183507,2393.5651414902477
585.7,0.009163546,1454.964185973622
585.8,0.00826189,2362.3946710000537
585.9,0.0032901836,3534.819721475207
586.0,0.014400749,1882.3216084729213
586.1,0.0025078673,2241.89433839245
586.2,0.00037813932,4790.227481214638
586.3,0.00014351038,7722.37075389374
586.4,8.948191e-05,10118.497871632468
586.5,7.260214e-05,10915.597833432668
586.6,7.044499e-05,11035.210755803946
586.7,8.039455e-05,10807.393162284643
586.8,7.374134e-05,11335.097577880506
586.9,7.3697614e-05,11203.028438040212
587.0,7.0985574e-05,10901.12286991692
587.1,8.388169e-05,11104.479109168475
587.2,0.0032424096,3178.3663364420745
587.3,0.017378077,2335.161209130817
587.4,0.016113894,2166.956078378099
587.5,0.012739551,1548.3756052916076
587.6,0.009220248,7597.503850484273
587.7,0.006243963,4522.917062009029
587.8,0.012693062,1411.5396717764988
587.9,0.014967161,1380.3956982002624
588.0,0.0036053937,6440.857534708527
588.1,0.008442971,2160.2737984658193
588.2,0.015646098,1475.6396183011518
588.3,0.011811759,1528.4753642686546
588.4,0.0018983409,2564.712111284449
588.5,0.0026344087,4981.333374988231
588.6,0.005038907,2587.2516106045905
588.7,0.0006594931,6038.8700183555375
588.8,0.0028423322,3298.2377067974535
588.9,0.0027047242,2180.594419626381
589.0,0.0016795058,2910.9637273493995
589.1,0.0022718657,8204.01801020194
589.2,0.0012673354,7751.7481616655
589.3,8.2891784e-05,10228.729245567809
589.4,7.372259e-05,11172.055695839726
589.5,8.889119e-05,10245.437166353848
589.6,8.594876e-05,10567.734220807564
589.7,9.220636e-05,10364.80479229544
589.8,7.798148e-05,11467.34918749834
589.9,7.268268e-05,11079.415964289725
590.0,7.508152e-05,11159.09786406932
590.1,7.038493e-05,11382.560553598387
590.2,7.771549e-05,11537.113007960661
590.3,7.4470154e-05,11351.141624484597
590.4,7.4721254e-05,11311.164031808648
590.5,7.734352e-05,10670.86787031574
590.6,7.8396464e-05,11043.006709467923
590.7,7.171186e-05,11266.294395978128
590.8,9.441049e-05,10763.379019590831
590.9,0.002455355,2968.440348678672
591.0,0.013565766,1628.8682988876049
591.1,0.013300746,1662.0863553967406
591.2,0.022316052,1378.059593720812
591.3,0.018840993,1574.970399056535
591.4,0.0050783525,1619.610343089405
591.5,0.020490939,1398.0384090091225
591.6,0.0132341925,1554.233070502437
591.7,0.008398804,2021.4674102958677
591.8,0.009272816,2053.950682345089
591.9,0.002822191,2435.7811924937696
592.0,0.000242027,7157.265417567123
592.1,0.0006385392,4692.458478244967
592.2,0.00036450056,5298.329013029543
592.3,0.00010263115,8894.655545164438
592.4,7.2690724e-05,11274.343564959954
592.5,7.737589e-05,11086.318784128878
592.6,6.9921094e-05,11557.75776392176
592.7,0.00012661652,9960.181732063906
592.8,0.02127411,1486.0686666057425
592.9,0.036152173,1351.060016777041
593.0,0.00269224,2116.886518156023
593.1,0.01894489,1204.2672462338353
593.2,0.01883011,1552.5456082830704
593.3,0.014473849,2339.7416316938948
593.4,0.001402501,3324.268870195588
593.5,0.00264189,3029.7354301235046
593.6,0.007436483,1998.0104026672257
593.7,0.00947073,1715.1917593596047
593.8,0.012544723,2124.3416221426996
593.9,0.008788032,1740.1262294295364
594.0,0.0025740776,2353.2154293624344
594.1,0.00025825697,6822.923025821481
594.2,0.00011479922,8573.93127394595
594.3,8.068986e-05,9996.807162658719
594.4,7.491369e-05,11259.985909481888
594.5,7.753498e-05,11312.51970118154
594.6,7.365569e-05,11065.449725590513
594.7,7.337677e-05,11292.472129004242
594.8,8.7669236e-05,10791.33382303921
594.9,7.2613e-05,11416.862929466317
595.0,6.964302e-05,11000.341005442895
595.1,8.185236e-05,11561.159486847122
595.2,0.0040939306,1680.9765228046076
595.3,0.010294364,1336.455164562025
595.4,0.009095617,1587.1793027480232
595.5,0.004377901,7747.9265076644415
595.6,0.0029221592,5900.4695175805655
595.7,0.0084445225,2500.9044636530284
595.8,0.0044920254,1884.7929781295202
595.9,0.00081959687,3884.1461624756384
596.0,0.0017034699,3735.2600589767817
596.1,0.0036460469,2309.982341676566
596.2,0.0024658109,2163.8464322574573
596.3,0.00094116415,4862.427780206765
596.4,0.00068411964,5175.631376258215
596.5,9.31248e-05,9713.231560183704
596.6,7.563056e-05,11162.237579028038
596.7,7.4030846e-05,11168.007117557518
596.8,6.97333e-05,11110.86052554338
596.9,7.5889286e-05,10978.046704803673
597.0,7.079834e-05,11080.886547438728
597.1,7.399265e-05,10407.391714760306
597.2,7.564632e-05,11374.85452225759
597.3,7.139026e-05,11072.175600563585
597.4,7.8473706e-05,11410.109043547374
597.5,7.428417e-05,11317.867506248796
597.6,7.151095e-05,11406.775929556075
597.7,7.526479e-05,11224.074549945492
597.8,7.2826064e-05,11222.856995471639
597.9,7.506786e-05,11501.296155666798
598.0,7.099354e-05,11170.574229255342
598.1,7.192022e-05,11365.198621029778
598.2,7.983291e-05,11479.191081029565
598.3,7.455978e-05,11222.444263655503
598.4,7.3307405e-05,11168.992935720027
598.5,7.5865515e-05,11344.90776090337
598.6,0.002330741,2251.523143892356
598.7,0.0018635528,2534.02011710294
598.8,0.0060919505,2121.3333241917962
598.9,0.004602378,2228.89990116413
599.0,0.00398463,2161.8024106884077
599.1,0.004258561,1789.727407646853
599.2,0.0024516354,2040.3162720966484
599.3,0.00017672736,6968.859162716729
599.4,0.0001614553,7457.377989264283
599.5,7.970862e-05,10349.346018959492
599.6,7.209972e-05,11081.081404849952
599.7,7.597465e-05,11283.51147553105
599.8,6.833029e-05,11416.400257373747
599.9,7.270814e-05,11284.477629491812
600.0,7.5201584e-05,11256.993111331303
600.1,7.271657e-05,11061.504263524537
600.2,0.0045913826,2069.9649767483425
600.3,0.0017452006,2635.6829907351394
600.4,0.0016647319,7099.32793616831
600.5,0.0060639996,3057.2010470538407
600.6,0.007907427,1929.7922739582718
600.7,0.0100579765,1613.615676076815
600.8,0.0006427224,4387.573606339711
600.9,0.0069884267,2349.1793597019437
601.0,0.013739118,2149.891621711588
601.1,0.001185203,3940.602597295625
601.2,0.00933087,2256.5275615657256
601.3,0.0092721805,2380.2429913220567
601.4,0.0036348097,8296.68060008784
601.5,0.00089703064,7481.136452625697
601.6,0.00348779,2465.784147520408
601.7,0.00077155465,3909.1980501381295
601.8,0.005842888,2474.5942921742476
601.9,0.006329294,2046.8216703654523
602.0,0.0016586554,3013.9496101740197
602.1,0.0001086882,9363.837139208914
602.2,8.681145e-05,10941.602087018135
602.3,7.478898e-05,11202.699239430152
602.4,8.195182e-05,10875.25159560203
602.5,7.032702e-05,11223.812178850194
602.6,7.5680524e-05,11533.921844417888
602.7,7.210451e-05,11437.710067770833
602.8,7.519963e-05,11308.425945759533
602.9,7.4226016e-05,11391.062285236667
603.0,7.345309e-05,11382.708050491467
603.1,7.076198e-05,11117.333436812416
603.2,0.0056447457,2128.7750853627103
603.3,0.013544462,1428.363890491839
603.4,0.004982787,2193.561878738978
603.5,0.0018495303,3400.154977641528
603.6,0.001163601,4366.215477058159
603.7,0.00022008088,6371.391739707273
603.8,0.004870485,2212.5757691523377
603.9,0.00049939903,4387.009396055444
604.0,0.0018203259,4178.351924950719
604.1,0.00043361317,5367.71419022769
604.2,9.5797295e-05,9766.112542779403
604.3,7.951698e-05,10736.828095559893
604.4,7.603451e-05,11284.617970605525
604.5,7.709927e-05,11207.46442896645
604.6,8.7479304e-05,10840.40669937488
604.7,7.2662304e-05,11390.918268309817
604.8,7.431573e-05,11440.324927683596
604.9,8.4881234e-05,11238.542424589252
605.0,7.609926e-05,11360.978669957023
605.1,7.1423274e-05,11105.18230099071
605.2,7.737209e-05,10495.057297701655
605.3,7.247772e-05,11036.608957272778
605.4,7.186616e-05,11234.887630507423
605.5,0.0041948347,2023.1762020139065
605.6,0.012780109,1710.6032698208942
605.7,0.0076290676,3295.8739536573266
605.8,0.0048886538,6979.317882292065
605.9,0.011598215,2479.320633575973
606.0,0.0100879045,1779.5671867638107
606.1,0.0010908443,3154.5946862804312
606.2,0.0024168796,3014.341472925382
606.3,0.0053886925,1593.650170836993
606.4,0.0017349764,4230.21218258571
606.5,0.0055618505,1865.6623990189514
606.6,0.00474182,2429.1347527310927
606.7,0.0017634056,3230.996768499099
606.8,0.00012220445,9521.296137753796
606.9,0.00011845243,9492.816765637515
607.0,7.8796686e-05,11151.082147988813
607.1,7.256507e-05,11158.531996364809
607.2,7.831926e-05,11393.165858831202
607.3,7.214066e-05,11163.764984149715
607.4,6.882892e-05,11026.982043782846
607.5,7.622458e-05,11483.884280243126
607.6,7.266523e-05,11100.26679124728
607.7,7.265601e-05,10982.267912596944
607.8,0.0014376282,4514.964394795418
607.9,0.0011642411,4036.3598733929075
608.0,0.0057205963,2426.6995743126377
608.1,0.0037204751,7142.57849236286
608.2,0.0054227244,2905.725296000943
608.3,0.007571117,2456.4859851855135
608.4,0.00058016,4902.351493648919
608.5,0.0032549035,2688.020411677369
608.6,0.00039942574,6159.0563266502895
608.7,0.0012634096,7350.108642821032
608.8,0.0023253672,2313.2892119065887
608.9,0.0025744338,2191.6439968016757
609.0,0.0018307007,6760.652948561386
609.1,0.0016357806,8831.724358516072
609.2,0.00019895184,8143.062040196569
609.3,7.716628e-05,11166.159834317168
609.4,7.708413e-05,11490.955008323104
609.5,7.938977e-05,11275.929321156797
609.6,8.600759e-05,10801.195119070222
609.7,7.354965e-05,11389.750407016089
609.8,9.88926e-05,10700.71821646626
609.9,7.1223156e-05,11224.36360678327
610.0,7.2255556e-05,11368.482137376777
610.1,7.261642e-05,11269.896453317193
610.2,7.153076e-05,10959.037485085577
610.3,7.722178e-05,11409.990437288554
610.4,6.924123e-05,11385.969199912784
610.5,7.438604e-05,11080.90780395431
610.6,7.979707e-05,11369.890880529647
610.7,7.906473e-05,11023.255167377656
610.8,7.317329e-05,11330.10827069717
610.9,7.00268e-05,11058.526617261206
611.0,7.831931e-05,11420.003315786504
611.1,8.147192e-05,10957.205380413705
611.2,7.623176e-05,11238.610453145262
611.3,7.950357e-05,10694.600123780023
611.4,7.6142256e-05,11450.231632170831
611.5,8.9020876e-05,11151.948363613717
611.6,7.499876e-05,11216.817127226228
611.7,7.357326e-05,11265.089522306625
611.8,7.8218836e-05,11582.519999752218
611.9,6.7680005e-05,11191.903962084083
612.0,7.9502555e-05,11059.191289708227
612.1,7.8658326e-05,11248.84288911347
612.2,0.00010817787,9970.049624141315
612.3,7.25959e-05,11476.99027532816
612.4,7.5686556e-05,11278.5612220709
612.5,7.80683e-05,11273.537592817318
612.6,7.630496e-05,11146.67170130771
612.7,0.0070290193,1343.5492902755486
612.8,0.013798086,1424.8734661391295
612.9,0.024639081,1176.0974329985138
613.0,0.005151837,2121.1896987933897
613.1,0.0037886456,2857.7860429614957
613.2,0.0008265611,4190.848436350494
613.3,0.012795301,1663.444793341094
613.4,0.013854666,1769.4632831531708
613.5,0.008281772,1450.8081293963403
613.6,0.0044815764,2153.3613744417758
613.7,0.0037837173,2885.8288629103977
613.8,0.016358435,1188.2310832431924
613.9,0.0062503307,1594.8622788126145
614.0,0.0086940415,2055.478018928191
614.1,0.006720699,6933.684464644511
614.2,0.0011069981,6655.357779797008
614.3,0.003489113,5750.616751722494
614.4,0.0054758196,6941.702165357268
614.5,0.0012856055,5772.200177786658
614.6,0.0035890366,1888.7065886297692
614.7,0.0028441667,2193.7356593823706
614.8,0.00029056316,6014.837770766373
614.9,0.00011774851,9176.200492711163
615.0,7.390554e-05,10996.560403241992
615.1,7.2504045e-05,11091.90006672385
615.2,7.478861e-05,11246.05813069274
615.3,7.141662e-05,11039.189629452341
615.4,7.5772165e-05,11567.407922003951
615.5,7.137235e-05,11352.400721170934
615.6,7.177581e-05,10963.75053419892
615.7,6.941836e-05,10970.82644704075
615.8,0.0022745978,3818.5777254289096
615.9,0.010410784,1565.9112813731865
616.0,0.00517498,6849.369309034589
616.1,0.005405998,6368.886415377019
616.2,0.0035691555,2800.4333018728594
616.3,0.0072649643,1540.2476838554132
616.4,0.0076288413,1893.2034270098757
616.5,0.0006938161,4488.984182860311
616.6,0.0027972658,3236.335416089204
616.7,0.0020018788,2599.7698495409613
616.8,0.0016707332,2570.6128097884507
616.9,0.0004312917,5354.749895567595
617.0,8.6016626e-05,9871.935981437862
617.1,7.101695e-05,10888.870390129285
617.2,7.821356e-05,10739.365538570239
617.3,7.625822e-05,11541.823943302981
617.4,7.526192e-05,11438.152999653981
617.5,7.028945e-05,11011.263420382722
617.6,7.73656e-05,11328.4885698924
617.7,6.7273686e-05,11221.494078799886
617.8,7.1787676e-05,11336.075922605387
617.9,7.992447e-05,11576.767758852182
618.0,7.771085e-05,11386.843769792204
618.1,7.176424e-05,11117.24422834091
618.2,7.561035e-05,11446.814408838272
618.3,7.883193e-05,11347.536687875618
618.4,7.838756e-05,11610.336390234472
618.5,7.215776e-05,11199.055237288438
618.6,7.4781085e-05,10805.696598141454
618.7,7.180475e-05,11253.275023070717
618.8,7.5423784e-05,11370.091394223673
618.9,7.523721e-05,11080.311645395232
619.0,0.000121008896,9844.39584869744
619.1,7.639457e-05,11484.45655400582
619.2,7.068275e-05,11199.604582302884
619.3,7.50891e-05,11313.55156136526
619.4,7.213583e-05,10888.243124577593
619.5,0.0009534801,8076.514444944547
619.6,0.0037784907,7316.202242501891
619.7,0.007760392,2714.0994111624027
619.8,0.004490455,3065.322302537133
619.9,0.009618279,1636.090880916246
620.0,0.0014327727,3254.5689663004114
620.1,0.00048151563,5284.8928748503
620.2,0.0029893746,2227.3791855720965
620.3,0.0023140486,1884.8061881738186
620.4,0.00019441242,7418.18864721944
620.5,8.707825e-05,9761.48469585946
620.6,7.7160956e-05,10495.250571384207
620.7,7.466771e-05,11351.269483244412
620.8,6.792984e-05,10965.62338115654
620.9,7.597867e-05,11134.114863104565
621.0,7.491943e-05,11034.4615592417
621.1,8.297456e-05,10561.842574736356
621.2,0.0011696109,8135.971857339195
621.3,0.004355562,5619.897111282206
621.4,0.0058403974,2811.132523132228
621.5,0.00072168873,5011.440674020359
621.6,0.0049265074,2288.256160662342
621.7,0.005655947,1642.9354349072705
621.8,0.004146879,2445.244706779599
621.9,0.0011902375,4377.867196499231
622.0,0.0032218373,2949.2558374559867
622.1,0.0013824115,2702.100878234052
622.2,0.00011936913,8415.358199357213
622.3,8.140895e-05,10124.573044096083
622.4,7.151302e-05,11105.808389689997
622.5,7.323707e-05,11062.722457756483
622.6,7.334516e-05,11070.15911079532
622.7,6.99758e-05,11023.108655242071
622.8,7.895329e-05,11369.252730326938
622.9,7.1577546e-05,11453.907992100723
623.0,7.8364676e-05,11285.569850764745
623.1,7.550073e-05,11261.319143173863
623.2,7.321312e-05,11264.470138610515
623.3,7.290017e-05,11250.49423296363
623.4,7.436667e-05,10997.138169382664
623.5,7.2063805e-05,11141.263789649427
623.6,0.008101677,1442.3962877592055
623.7,0.00067741866,4247.843943343953
623.8,0.018041804,1790.5911155033514
623.9,0.01577879,1563.7193928448783
624.0,0.005995467,6330.540534183297
624.1,0.003923165,7425.182034736166
624.2,0.0052125026,3047.7365479558816
624.3,0.018168667,2035.826849298344
624.4,0.00095697725,3916.546428704095
624.5,0.006971636,1951.1035743291081
624.6,0.007225739,1351.584698934622
624.7,0.0031699666,3139.2233260773755
624.8,0.004666219,3708.6325374839143
624.9,0.002345867,6429.946723919185
625.0,0.008037646,2149.0318544884985
625.1,0.00647265,1413.004334325971
625.2,0.0020736381,5812.462117169294
625.3,0.0009231316,7630.250749810965
625.4,0.00072748295,5841.304331626342
625.5,0.00050389627,4639.8293777201925
625.6,8.071065e-05,10220.974450936199
625.7,7.538636e-05,11089.268747111519
625.8,0.00012778818,9411.389944164799
625.9,0.00019333298,8190.373439349398
626.0,8.0457736e-05,11537.985894308551
626.1,0.00010119718,10400.849659501455
626.2,8.175053e-05,11314.360885387487
626.3,7.488077e-05,11155.02185998648
626.4,8.598341e-05,10603.728139693396
626.5,8.01022e-05,10855.208853267744
626.6,8.148976e-05,11559.338348136238
626.7,0.005890293,2148.1446048324215
626.8,0.0068197763,7864.477869314484
626.9,0.006084497,6410.8800993818095
627.0,0.0060471697,2269.1964230475546
627.1,0.007267808,1504.3245295972679
627.2,0.007208371,2095.2385253806606
627.3,0.00082136644,5255.198724205322
627.4,0.0019156362,3436.1047435651335
627.5,0.0015675632,3729.6574319288466
627.6,0.0023071303,2176.540121155752
627.7,0.0037891474,2819.4698597188726
627.8,0.0011375413,3737.5572787336887
627.9,0.00018892417,8309.019406729416
628.0,8.783317e-05,9646.818848046581
628.1,7.5955286e-05,10861.439172368704
628.2,7.460518e-05,11181.959221090427
628.3,6.5902765e-05,10855.291917962913
628.4,7.074922e-05,11140.249044716938
628.5,7.4893054e-05,11347.273670701004
628.6,7.229258e-05,11269.338810801575
628.7,7.2481984e-05,10927.919186659594
628.8,8.46044e-05,10613.640729240717
628.9,7.566784e-05,11120.996196102582
629.0,7.961368e-05,11573.813429645184
629.1,0.00013585086,9016.920462417342
629.2,8.268075e-05,10896.93363302286
629.3,7.5829135e-05,11417.723761571011
629.4,7.259166e-05,11442.832276828709
629.5,7.675691e-05,11392.767674654817
629.6,7.461927e-05,11491.831091690792
629.7,7.194527e-05,10715.266082812243
629.8,7.4550175e-05,11248.067501545383
629.9,7.471326e-05,11464.01103647584
630.0,7.437595e-05,11295.99864723572
630.1,7.70745e-05,11455.794790520264
630.2,0.010068374,1307.9559899715682
630.3,0.0010543418,3611.982574111991
630.4,0.0074578803,2746.3976405696976
630.5,0.00040882538,5264.4634186437925
630.6,0.009962625,1724.33570816802
630.7,0.00596227,1646.516957953234
630.8,0.001383225,2840.756602521009
630.9,0.00015267711,7194.430000856124
631.0,9.807069e-05,9889.627977994944
631.1,8.371087e-05,10578.626831430014
631.2,7.293863e-05,11345.163204453509
631.3,6.684235e-05,10949.02230282106
631.4,7.854837e-05,11131.257801001608
631.5,7.3562136e-05,11159.013572555803
631.6,7.834965e-05,11215.74326560995
631.7,7.433613e-05,11402.692577155596
631.8,0.0030032697,4124.676485089104
631.9,0.022715323,1708.7698641123902
632.0,0.018655011,1154.0961483544502
632.1,0.021658303,1198.2226585537817
632.2,0.011450613,1773.8640710679485
632.3,0.004723776,6603.699624676898
632.4,0.0011010765,7218.31508661726
632.5,0.0028415648,3648.3393761223533
632.6,0.004886012,6446.950837302894
632.7,0.004153177,2311.6278292145093
632.8,0.005168392,1562.2078248567764
632.9,0.0030298235,1973.2228663650592
633.0,0.00020457493,6556.045050538556
633.1,8.41493e-05,9728.25311601721
633.2,7.299292e-05,10897.05219479027
633.3,7.580004e-05,11387.63131450334
633.4,7.553984e-05,11125.957680322845
633.5,7.313561e-05,11391.807107689883
633.6,7.2843985e-05,11260.69565014991
633.7,7.41954e-05,11238.06514550343
633.8,7.3221716e-05,10956.439198499365
633.9,7.807154e-05,11305.816567851894
634.0,6.966771e-05,11321.619924242334
634.1,7.185688e-05,11149.480513989745
634.2,7.250006e-05,11024.12819468926
634.3,7.631141e-05,11334.713049403907
634.4,0.0111882575,1454.6876333159785
634.5,0.003138466,3078.6646098048877
634.6,0.0042031994,6567.659010983541
634.7,0.004056307,2955.1827180003706
634.8,0.004862468,2012.394734289358
634.9,0.0038585283,2054.1823179925154
635.0,0.002215146,2181.706215242545
635.1,0.00012252823,8200.487942574533
635.2,8.373782e-05,10299.015998866698
635.3,7.539839e-05,11125.282384899718
635.4,7.715489e-05,11288.616422558916
635.5,7.375138e-05,10797.251360047694
635.6,8.044993e-05,11067.791127132874
635.7,7.401015e-05,11158.106812809865
635.8,7.214665e-05,11022.533923698225
635.9,7.692137e-05,11366.669104925972
636.0,0.00020450764,6510.299302595793
636.1,0.0035377394,2211.6654733083574
636.2,0.00022875663,6360.175413091875
636.3,0.0087204315,2801.120152854272
636.4,0.0077791405,2193.6807825364644
636.5,0.0015277184,3002.416957024513
636.6,0.0019345231,3711.6945540459274
636.7,0.005638169,1870.3646417701075
636.8,0.005163158,1698.2464959221834
636.9,0.0013501166,5055.493337154071
637.0,0.0005170657,5039.428313293848
637.1,0.000101205194,9680.939265141365
637.2,7.9270205e-05,11112.7162886489
637.3,8.092807e-05,11433.24188188329
637.4,8.2558225e-05,11648.964753921853
637.5,7.085154e-05,11386.814262250937
637.6,7.854066e-05,11194.239451966034
637.7,6.9244605e-05,11228.994358905433
637.8,8.1429695e-05,11636.73804791892
637.9,6.802216e-05,11351.038911374942
638.0,7.241966e-05,11602.03197387913
638.1,7.697614e-05,11587.184470678361
638.2,7.493518e-05,11277.589951913955
638.3,7.448836e-05,11504.602600061648
638.4,7.45236e-05,11609.514074167619
638.5,7.388696e-05,11505.097793400342
638.6,7.207157e-05,11402.06425505327
638.7,8.1912425e-05,11546.209843055056
638.8,7.638078e-05,11905.65847656667
638.9,7.251108e-05,11521.453284538367
639.0,8.015521e-05,11740.225356934301
639.1,7.025019e-05,11114.608601336848
639.2,7.4408046e-05,11355.631741660127
639.3,7.474227e-05,11428.93707829309
639.4,6.9346075e-05,11239.627317524113
639.5,7.486158e-05,11581.11902889217
639.6,0.0023659798,8633.579675356565
639.7,0.0132356975,4864.878185308004
639.8,0.060986012,3206.0053531822136
639.9,0.014922483,4338.119770007332
640.0,0.03853928,3941.2404297915286
640.1,0.06461518,4122.6182809499205
640.2,0.03957866,3534.2097308684915
640.3,0.070875116,4107.535869556373
640.4,0.016375309,1873.4543367748477
640.5,0.024304746,4618.064079832561
640.6,0.014516862,3328.492616196835
640.7,0.015819123,3272.6046677380423
640.8,0.026683027,11954.029258578572
640.9,0.057476357,3890.346409502353
641.0,0.0018468841,3967.543026408883
641.1,0.01963879,3785.7180473614226
641.2,0.00935097,9146.913860471148
641.3,0.029274104,3646.124988854186
641.4,0.02280636,2841.148613890659
641.5,0.020865709,3017.8339060121007
641.6,0.010841245,2195.065756725555
641.7,0.013601499,3990.9231108825497
641.8,0.005471304,4306.648287272359
641.9,0.00025018334,6710.676847474089
642.0,0.00015355353,8613.822293075844
642.1,7.646717e-05,10837.946555134618
642.2,7.6558004e-05,11346.80934302109
642.3,7.462032e-05,11350.735078862692
642.4,7.5280106e-05,11566.994486344944
642.5,0.022669803,3351.9516342694947
642.6,0.019384192,5199.870589493325
642.7,0.086449094,4065.6356032903686
642.8,0.02941585,3615.1003960409416
642.9,0.015408944,4973.160232953135
643.0,0.01987413,10221.550857571663
643.1,0.007199858,4712.534663353706
643.2,0.005006819,4640.146698681178
643.3,0.001691728,5424.654233149004
643.4,0.00017509026,7556.443576432424
643.5,0.000103623024,9230.308478951894
643.6,7.9215955e-05,10990.602926331496
643.7,7.400352e-05,11486.587529271788
643.8,7.63319e-05,11495.600934351365
643.9,7.327188e-05,11469.049545869733
644.0,7.0001726e-05,11346.851509998105
644.1,7.436712e-05,11465.71248155471
644.2,7.090749e-05,11526.770618578323
644.3,7.007617e-05,11350.980573592733
644.4,7.740642e-05,11555.188292292762
644.5,7.938189e-05,11502.12222324155
644.6,7.3406314e-05,11466.70480047315
644.7,7.036166e-05,11273.440699625127
644.8,7.716127e-05,11645.650287539744
644.9,0.027023904,2185.5926773920373
645.0,0.029724995,3296.3765346996024
645.1,0.010318412,3980.529262731634
645.2,0.00087247835,4120.710286776062
645.3,0.024274373,4067.3417641098195
645.4,0.021772258,2823.5650423582724
645.5,0.0014572232,3951.5540192998997
645.6,0.0265427,3424.7486965897206
645.7,0.002220325,6903.0471573906125
645.8,0.01616092,3504.138571791211
645.9,0.004523336,7680.638853590055
646.0,0.014056754,2101.720335322205
646.1,0.0020837008,5826.37996847643
646.2,0.010017141,2954.9475820665166
646.3,0.03217357,2878.7282948713428
646.4,0.018029869,3611.6289779210565
646.5,0.017474301,3007.746428698216
646.6,0.009455025,9320.005667541605
646.7,0.01219349,10266.032539600074
646.8,0.018652368,3692.09981478754
646.9,0.0009888677,4116.545155644836
647.0,0.017637013,2550.3094773136954
647.1,0.012673759,1860.703523899327
647.2,0.012975297,3071.3227091403123
647.3,0.0005817341,4247.138798177885
647.4,0.0123318285,3486.660707657361
647.5,0.011577713,1877.725944209486
647.6,0.01041868,2643.602736891669
647.7,0.0021591801,4717.983905925529
647.8,0.0057746014,2762.3001956721055
647.9,0.0046113958,3487.947550972159
648.0,0.002065617,4014.68933182228
648.1,0.0002426488,5933.7063329739485
648.2,0.0001058896,8428.690928917615
648.3,0.00011072419,8284.915685726177
648.4,0.00018783913,6693.851636524558
648.5,0.00010218397,8703.16165986291
648.6,7.261203e-05,11333.165443450993
648.7,8.229707e-05,11289.62864779832
648.8,7.6862e-05,11223.174549824533
648.9,7.0497925e-05,11299.3038731109
649.0,0.01324263,1285.6190384975594
649.1,0.013428938,2129.722230058835
649.2,0.0068849893,2463.863047287446
649.3,0.0058052633,2969.5055509234253
649.4,0.00041667122,5691.127693824617
649.5,0.018825222,2248.754730462638
649.6,0.020400248,1890.8670208893996
649.7,0.00767589,1973.3261361113255
649.8,0.020054307,3471.61145852797
649.9,0.012455604,1542.416315216724
650.0,0.009131399,2480.986374965031
650.1,0.007813239,4457.954530479432
650.2,0.009805346,3303.486861004695
650.3,0.0051730894,7046.558372232066
650.4,0.010960087,1946.2716182889849
650.5,0.044139102,4005.2484466500355
650.6,0.0122408755,3065.688037678691
650.7,0.008340198,2611.3005065658804
650.8,0.0034516195,3120.794999650094
650.9,0.0019327967,4455.28065389731
651.0,0.00023834374,6161.671427011894
651.1,8.53277e-05,9672.372378930668
651.2,7.591675e-05,10798.037710779405
651.3,7.2672956e-05,11455.200207256557
651.4,7.2311384e-05,11518.5875428314
651.5,6.883661e-05,11519.559786631417
651.6,6.540649e-05,11063.449206756366
651.7,7.057128e-05,11435.13308890487
651.8,6.940341e-05,11451.177795386835
651.9,7.797721e-05,11358.014218315471
652.0,7.358348e-05,11306.450125444813
652.1,7.7783676e-05,11593.882639797694
652.2,7.775998e-05,11946.11183392374
652.3,7.3613184e-05,11690.014263023842
652.4,8.0494574e-05,11069.83879489788
652.5,7.130443e-05,11491.008355779097
652.6,7.3658266e-05,11300.657779939505
652.7,8.0008795e-05,11695.977433207543
652.8,0.028525636,3050.745430762472
652.9,0.02890733,2936.117190155214
653.0,0.014991379,2467.7564855730993
653.1,0.01932944,1825.5015982470659
653.2,0.0343969,2321.7700874793027
653.3,0.052176155,4153.751521992482
653.4,0.0020980767,4501.751254561458
653.5,0.020429349,3410.975131172489
653.6,0.013077615,1539.2020483110382
653.7,0.016790505,1885.1985944467724
653.8,0.005255834,5066.20858964402
653.9,0.021007026,2085.6568250550004
654.0,0.012303716,2619.7174955222545
654.1,0.04106028,2527.836277431589
654.2,0.034316305,2165.831963212858
654.3,0.021593671,2966.741219722883
654.4,0.0013888124,3665.863049108894
654.5,0.00033884586,5667.584565245685
654.6,0.00013567544,9171.739523100592
654.7,8.0058e-05,10642.621119264088
654.8,7.465923e-05,11370.929531379894
654.9,0.035584148,3487.6142176158355
655.0,0.062113654,3456.4554225322254
655.1,0.021303182,1863.3962416312454
655.2,0.035204165,2753.227924578292
655.3,0.017848495,2331.3422861252657
655.4,0.0053020674,4189.301836424879
655.5,0.07793651,3899.531450416938
655.6,0.018098125,2146.362369781489
655.7,0.028005645,3160.887067342923
655.8,0.012257398,7633.1544740011595
655.9,0.0021683713,6742.551754573784
656.0,0.017626282,3110.491274978465
656.1,0.00046171353,5583.529861961189
656.2,0.030948963,3643.600137611269
656.3,0.02332682,2967.001237386766
656.4,0.030456794,3452.8311339398783
656.5,0.0126423165,2691.469666062956
656.6,0.0085840775,3171.3782915815264
656.7,0.01119374,2673.4618849941335
656.8,0.0076716864,3046.0192627435617
656.9,0.0008143162,4072.1692048516193
657.0,0.00013103666,7714.153097980882
657.1,8.0277714e-05,10296.46779271146
657.2,7.272264e-05,10954.885488087843
657.3,7.520232e-05,11370.156150294053
657.4,7.0845665e-05,11400.083830499552
657.5,6.962403e-05,11288.477453681424
657.6,7.66136e-05,11607.043223927605
657.7,7.349091e-05,11472.59615928137
657.8,0.0001570893,11130.387704418521
657.9,0.010582887,9681.027147475179
658.0,0.04362489,4712.64448483195
658.1,0.03362398,3397.8484001797683
658.2,0.0008809564,4517.510287209631
658.3,0.016978161,3187.712411370963
658.4,0.020141438,1457.0659070629972
658.5,0.019689165,2828.304593929829
658.6,0.01567194,8516.505775645244
658.7,0.06067391,3728.439922509719
658.8,0.011148889,2110.8276278362855
658.9,0.010942052,2388.3316285417127
659.0,0.013502009,2670.380370712412
659.1,0.011766844,3440.049071034159
659.2,0.00078902853,4112.3041335632815
659.3,0.0022377819,4169.670601484964
659.4,0.003406712,4496.1618669179425
659.5,0.0033423295,4811.554966977737
659.6,0.00018238481,6823.230783127963
659.7,0.07013474,3004.840773834293
659.8,0.09104273,3608.8895102548486
659.9,0.045636587,3202.857980074929
660.0,0.009365955,2753.5743645106186
660.1,0.005448954,4151.8084332922945
660.2,0.018589314,2100.3851659850866
660.3,0.000685464,3660.8784631091776
660.4,0.058676817,3457.356410725482
660.5,0.026920607,2729.9767656729314
660.6,0.0090143345,8016.9069678144115
660.7,0.035531167,3042.606772587329
660.8,0.0024835581,3519.0581626465996
660.9,0.038579296,2491.052569478737
661.0,0.06292623,3492.145123428498
661.1,0.06587072,3358.7567411712903
661.2,0.027664753,1539.558558962039
661.3,0.02365938,1660.905662461054
661.4,0.02738636,2575.8557978288413
661.5,0.020115564,2927.482699136984
661.6,0.0036533885,4490.066512202715
661.7,0.022908919,3622.8625451076637
661.8,0.016166054,1760.784747815286
661.9,0.02789372,3099.553482137377
662.0,0.013003098,7441.043210170468
662.1,0.00054400536,5132.631390777867
662.2,0.024375835,3680.651187519754
662.3,0.0008599094,4315.496114402187
662.4,0.0023126928,6033.302055659444
662.5,0.009238384,3231.226554159654
662.6,0.012389436,2859.5969534172064
662.7,0.0073104585,2867.7205602061936
662.8,0.003124757,3303.668181896808
662.9,0.00019827453,6506.414536241232
663.0,0.000117397256,8554.094640755728
663.1,7.954941e-05,10403.244660220807
663.2,7.5411284e-05,10976.723134616135
663.3,7.375111e-05,11187.23400441383
663.4,6.916035e-05,11224.351293794352
663.5,7.0004644e-05,11330.810813148348
663.6,6.797535e-05,10950.865024068462
663.7,6.648768e-05,10990.632563667803
663.8,7.532385e-05,11056.497779509953
663.9,0.0028264825,9990.150646020824
664.0,0.05162262,4001.0215336447864
664.1,0.0019481282,3978.488205188257
664.2,0.025860896,2561.633349446808
664.3,0.0149634,2369.6920784727577
664.4,0.017595783,3370.7187213845964
664.5,0.017144125,3613.8239382105344
664.6,0.005782108,8132.430445397953
664.7,0.011488412,2596.5831727254663
664.8,0.0462174,2727.5321088504134
664.9,0.017292734,1540.0923519154326
665.0,0.015309889,2728.762321550974
665.1,0.058622107,4250.832387961039
665.2,0.0060859616,1957.0535430081547
665.3,0.054512706,3456.1114285654785
665.4,0.022958204,2464.4787533657486
665.5,0.053301904,3193.384961341345
665.6,0.0053765904,4593.226808566993
665.7,0.014476747,2776.833255062421
665.8,0.0071146674,3596.5765087044847
665.9,0.024442503,3327.7315002707246
666.0,0.020385804,2718.642082667631
666.1,0.011789346,3097.238906759009
666.2,0.0005368596,4916.027604293968
666.3,0.0020049277,4781.135490064048
666.4,0.0012663638,4537.637676511856
666.5,0.0006150906,4762.888854935365
666.6,0.00015044738,7281.737638330411
666.7,0.043355495,3235.8870675834187
666.8,0.035638597,3351.0787046848077
666.9,0.001772426,5370.006242486855
667.0,0.038316634,2842.390141276211
667.1,0.011360703,3087.0071974887346
667.2,0.004014332,4314.061482804899
667.3,0.008518477,1537.9587362683055
667.4,0.01092722,2029.6988908633084
667.5,0.00790187,2082.6435600658633
667.6,0.006428981,4149.427057167433
667.7,0.0059739477,4456.042053120693
667.8,0.0005176452,4699.779596727731
667.9,0.0001131547,8818.811803191707
668.0,7.772675e-05,10567.277657106715
668.1,7.3720694e-05,11392.047826999715
668.2,7.050018e-05,11224.622778939225
668.3,7.5315394e-05,11239.374560934568
668.4,7.604915e-05,11449.402596367443
668.5,7.155825e-05,11266.011385607544
668.6,7.543648e-05,11521.082064499533
668.7,7.467459e-05,11480.866704973596
668.8,7.523e-05,11645.80391095374
668.9,8.131503e-05,11734.607405420655
669.0,8.100692e-05,11518.693567475828
669.1,7.685834e-05,11568.571811582158
669.2,7.5383825e-05,11680.461430546342
669.3,7.594215e-05,11680.021515277022
669.4,7.8211255e-05,11543.380016238996
669.5,7.146882e-05,11257.352705042278
669.6,0.027689511,3012.8180878327266
669.7,0.01994875,5298.264516565732
669.8,0.05576176,4696.644217606864
669.9,0.059458967,4482.744716411516
670.0,0.0487841,3804.6642549644193
670.1,0.019752847,3124.154196658655
670.2,0.00088150526,3623.5271200183406
670.3,0.022705344,3459.2857799321455
670.4,0.029214334,2696.0460684958284
670.5,0.01944435,2616.7989654886073
670.6,0.01833974,3058.534521018267
670.7,0.00960149,10971.275010125699
670.8,0.038841,3285.739998401074
670.9,0.032138538,3395.703934022279
671.0,0.01968324,3431.694811877028
671.1,0.03724539,3067.3122334873397
671.2,0.016772136,11151.831377982098
671.3,0.038460504,3981.862333930371
671.4,0.02615857,1955.3841317999536
671.5,0.026529757,2381.93712580788
671.6,0.071050234,3817.256636756875
671.7,0.0042952206,2784.702105265556
671.8,0.039001,5782.042539954522
671.9,0.025667354,3519.455400455707
672.0,0.01000463,4120.593603006559
672.1,0.0082508465,3578.63891139348
672.2,0.0061272606,4386.777944999298
672.3,0.00090999017,4572.581185458948
672.4,0.00014964478,8275.289748590541
672.5,9.107928e-05,9567.514786446704
672.6,8.4383224e-05,11301.301977431489
672.7,7.573098e-05,11413.356571735001
672.8,7.1290146e-05,11153.032183138523
672.9,7.331702e-05,11309.797224431139
673.0,7.639634e-05,11544.622182521103
673.1,7.7300974e-05,11416.064718553518
673.2,8.7126115e-05,11640.483842275406
673.3,0.03110899,4004.6373975932634
673.4,0.06425293,5675.862187664865
673.5,0.0021812776,4565.941926098243
673.6,0.055192,4960.108205037888
673.7,0.035947375,2631.495339370007
673.8,0.019100955,3374.699948155524
673.9,0.020626975,1734.4684414735848
674.0,0.050218605,4224.87224700836
674.1,0.054052863,4320.09457197266
674.2,0.021338765,3071.8513674187966
674.3,0.014585633,2102.467505979465
674.4,0.010820519,3603.667205115834
674.5,0.007632871,4535.400900592116
674.6,0.00038255073,5799.551885090465
674.7,0.0023515446,5579.864293978107
674.8,0.0017976747,5669.629718740567
674.9,0.0007384708,5740.863358336066
675.0,0.0007027501,7730.734999071326
675.1,0.022415906,11706.310124093794
675.2,0.045853913,4421.941005690695
675.3,0.042756446,4758.909727229791
675.4,0.02804923,3936.758154153341
675.5,0.004268515,7580.10923428868
675.6,0.02616771,1265.9168391336425
675.7,0.020894922,3188.5812397325826
675.8,0.006473155,7064.251018812613
675.9,0.00050762465,7598.891854504496
676.0,0.030489707,6312.619531954713
676.1,0.08011832,3988.4987125016837
676.2,0.020420818,7043.494576636713
676.3,0.0014387073,4650.912456603329
676.4,0.028429562,3450.164646502799
676.5,0.016530033,3332.5127643951673
676.6,0.0123578785,3220.234507253621
676.7,0.011978576,2663.6593947974234
676.8,0.0073031546,4137.882592210566
676.9,0.0069427127,4081.2589064864806
677.0,0.00097119197,4600.843265434778
677.1,0.00016898393,8500.559846484706
677.2,0.00013954185,9249.31484968163
677.3,8.2088816e-05,11066.131596881269
677.4,7.831702e-05,11612.26919490047
677.5,0.0034958888,2550.417299208466
677.6,0.020002447,4743.703486943014
677.7,0.030421644,3667.78556650843
677.8,0.011443824,2842.1866223609286
677.9,0.0065588397,4494.2836975935
678.0,0.014141603,10442.226420550034
678.1,0.013299812,9424.298855650426
678.2,0.012498709,4914.604995255326
678.3,0.013772625,4309.347310580795
678.4,0.00032154788,6116.100551461591
678.5,0.010064986,3178.728103894693
678.6,0.025857031,3262.0681387115615
678.7,0.010589259,2339.2273062104896
678.8,0.014523183,3305.776544801027
678.9,0.00785198,3264.714704196516
679.0,0.0014259107,5191.013221767358
679.1,0.00021708441,7266.754471414844
679.2,0.00011158188,9474.596966335628
679.3,7.923394e-05,10524.93526783202
679.4,7.0215756e-05,11389.13683061107
679.5,7.438972e-05,11552.440093261179
679.6,7.4393785e-05,11521.417547586076
679.7,7.656908e-05,11707.213189821197
679.8,7.317085e-05,11471.410732511631
679.9,7.713366e-05,11608.936330025872
680.0,7.0725575e-05,11259.09436342031
680.1,6.736096e-05,11113.725175932334
680.2,7.148166e-05,11305.178920538217
680.3,7.4953925e-05,11380.063798760808
680.4,6.650695e-05,11276.513563181084
680.5,7.538927e-05,11335.84352452204
680.6,7.4566145e-05,11227.841207488313
680.7,7.381041e-05,11563.348091094364
680.8,7.450118e-05,11679.228175774151
680.9,8.02149e-05,11314.575716142454
681.0,7.672241e-05,11373.571159704728
681.1,6.9355425e-05,11144.648480664659
681.2,7.42152e-05,11483.83857562297
681.3,8.161776e-05,11375.301544709866
681.4,7.4646654e-05,11115.801373344748
681.5,7.6694e-05,10613.859412286278
681.6,7.831868e-05,11257.87653745533
681.7,7.7442186e-05,11333.105813364426
681.8,7.8747405e-05,11149.142839862665
681.9,0.011701411,3197.589067955916
682.0,0.015937708,1546.546738304026
682.1,0.0153628625,1499.451542472711
682.2,0.0064936467,1554.110633099508
682.3,0.0046438565,1535.41135633079
682.4,0.0053837337,1490.8262197319532
682.5,0.0059906463,2211.9238442273745
682.6,0.0004119704,4569.350024582047
682.7,0.004951413,2280.050859698155
682.8,0.0024579607,2516.254340274729
682.9,0.0050988337,1802.200422848544
683.0,0.0010697542,2969.8501576521685
683.1,0.00014741806,7719.6923831268105
683.2,8.5417116e-05,10488.410718809873
683.3,7.430862e-05,10796.35376662156
683.4,7.715111e-05,11476.896797176074
683.5,8.2055216e-05,11612.452709839326
683.6,7.467962e-05,11242.131208218505
683.7,7.797205e-05,11267.089384887775
683.8,7.3420924e-05,11012.391824084707
683.9,7.597773e-05,11068.966955218588
684.0,0.00019068224,10039.374238030256
684.1,0.026149679,1859.745225079156
684.2,0.02609301,1880.1567762780967
684.3,0.0056829457,7185.015120362774
684.4,0.031941563,1845.1445618639564
684.5,0.020427842,1173.1169014141158
684.6,0.019174743,1645.6501291413774
684.7,0.0020837707,2537.620608994532
684.8,0.007354143,1588.8400488132972
684.9,0.011464188,2089.1265226324763
685.0,0.012500008,1301.9577446516982
685.1,0.022118712,1362.3225337782492
685.2,0.0126027735,1599.0495475742864
685.3,0.0075620324,1279.8257394868335
685.4,0.004726367,1443.8541436712064
685.5,0.0016215118,2196.0080908720392
685.6,0.00016175899,7955.329032750511
685.7,0.000112946065,9384.304216192899
685.8,7.510865e-05,10751.06431447576
685.9,7.6384924e-05,11378.53161270238
686.0,7.6342905e-05,11272.098860716012
686.1,0.00016723454,9494.926074319912
686.2,0.018547734,1735.3869381743868
686.3,0.025642214,1602.5768114718157
686.4,0.021567978,1162.153476105055
686.5,0.016832583,1677.024395323432
686.6,0.0014461367,2405.954394020425
686.7,0.006450646,2690.037977553108
686.8,0.005464487,7910.12928012509
686.9,0.005320882,3934.96821433939
687.0,0.00019790424,7455.090434304546
687.1,0.0056689256,2263.5530448196687
687.2,0.004503935,2453.0950610113196
687.3,0.004693696,7385.982416236024
687.4,0.0015955246,5497.743152773127
687.5,0.004587156,2858.3303903870033
687.6,0.0052249487,1612.476226077724
687.7,0.003864497,2064.3546520792765
687.8,0.0016334832,6105.703508100734
687.9,0.0021193405,8238.631015187177
688.0,0.00035698494,7927.322518502746
688.1,8.825248e-05,10844.377063787957
688.2,7.2054354e-05,11242.171152547726
688.3,6.900178e-05,11168.154943102934
688.4,7.1731185e-05,11350.776457097867
688.5,6.9932656e-05,11311.811174824747
688.6,7.7995675e-05,11026.01485227685
688.7,7.810624e-05,11086.965997859796
688.8,7.3552575e-05,11257.18338374007
688.9,7.5246106e-05,11456.806163504298
689.0,0.00011306137,10660.043446145268
689.1,7.7018325e-05,11321.860448257441
689.2,7.70486e-05,11435.440844693176
689.3,7.7876146e-05,11318.357433220077
689.4,7.489573e-05,11302.208855770885
689.5,7.027756e-05,11253.579896942685
689.6,7.2707095e-05,11063.386798251542
689.7,7.179321e-05,10490.882608152024
689.8,0.0036201188,3484.0886163696846
689.9,0.009123456,5614.862268387031
690.0,0.0071127866,2374.211933277247
690.1,0.021081295,1597.5158216791963
690.2,0.013955607,1160.9919356728747
690.3,0.021568036,1424.3211648122972
690.4,0.0022461256,2759.120342136722
690.5,0.024412332,1548.4920144392281
690.6,0.026932256,1738.8410442976485
690.7,0.026419023,1705.6845674331582
690.8,0.01145076,1497.6921767727536
690.9,0.018728636,1683.3972532739144
691.0,0.0024221593,1952.3620151368152
691.1,0.00072338077,3724.1817328619363
691.2,0.0005201986,4114.595031346673
691.3,0.0001542422,8822.3817074758
691.4,0.00010110965,10020.15070653958
691.5,0.00089945196,4271.099434338795
691.6,0.014264329,1818.1597779197475
691.7,0.00467142,3329.048033830936
691.8,0.02165417,1355.5841366093746
691.9,0.027531167,1198.1462772570026
692.0,0.021444125,2108.7171259344445
692.1,0.022415308,2370.1973618268257
692.2,0.016902914,1769.8535750007236
692.3,0.0116554545,2123.3953747836126
692.4,0.0064732297,7106.184966906974
692.5,0.0033578805,6066.799849343791
692.6,0.0022180548,4226.316170510719
692.7,0.0009305066,4589.509816973643
692.8,0.0014375993,3050.5400394362136
692.9,0.0006573562,4734.326875029589
693.0,0.003686546,2681.96147934532
693.1,0.0041020345,2244.1376273411834
693.2,0.0026627644,2364.7673721724195
693.3,0.00011306467,9276.95794353969
693.4,8.0938815e-05,10987.352434501925
693.5,7.905445e-05,11244.357528432636
693.6,7.626012e-05,11410.52364884252
693.7,7.156583e-05,11415.01877664237
693.8,7.234904e-05,10986.411757836617
693.9,0.0012409082,3848.323610230516
694.0,0.0066268197,2045.15453738964
694.1,0.005841887,1709.4622464675233
694.2,0.0022693544,3453.432008035309
694.3,0.0001813243,6444.949948163769
694.4,0.007198214,2457.2027369082934
694.5,0.006975895,7474.5213569715615
694.6,0.004645255,3044.3563449836383
694.7,0.0066888365,1576.8824900153081
694.8,0.0005641274,4140.657546954277
694.9,0.0027490843,2216.2045942523864
695.0,0.00037641553,5355.143020625064
695.1,0.001788764,2248.6508548026995
695.2,0.0006992396,4058.8104339377032
695.3,0.0017506891,2523.2115106718848
695.4,0.00014231287,8430.134349008844
695.5,8.2720675e-05,9837.58086016836
695.6,7.480033e-05,11041.848327268955
695.7,7.8429504e-05,11362.492068343516
695.8,7.507333e-05,11000.838685919067
695.9,7.342327e-05,11052.866320510868
696.0,7.007452e-05,11128.284480954711
696.1,8.170319e-05,10604.37960268995
696.2,7.71557e-05,11377.49971690113
696.3,7.4300435e-05,11482.824762950066
696.4,7.990364e-05,11530.93818383976
696.5,7.696519e-05,11237.165850295374
696.6,8.323685e-05,11084.129474094785
696.7,7.252816e-05,11312.184446595093
696.8,7.167889e-05,11406.030383078245
696.9,0.00027135975,7183.110810972399
697.0,0.0022933334,4167.921910877464
697.1,0.001283727,3570.586575400549
697.2,0.0045911698,2598.847696032424
697.3,0.000191568,6484.511638043088
697.4,0.0018583889,4255.687390878981
697.5,0.0004504261,4816.593650563455
697.6,7.77889e-05,9674.039314219168
697.7,8.0604084e-05,10938.172219547107
697.8,7.606298e-05,10797.449026341172
697.9,0.00014287386,9784.277121612377
698.0,7.212943e-05,10950.552711425604
698.1,7.4191674e-05,10994.70297112126
698.2,7.297514e-05,10966.277569874004
698.3,0.000115403316,9592.812229659188
698.4,8.4835985e-05,10840.294812224372
698.5,0.0003512498,6467.915223607847
698.6,0.002297886,5527.412586926786
698.7,0.00022921809,6447.8949473106895
698.8,0.0046722665,2315.492106118307
698.9,0.00031096803,5459.898604132672
699.0,0.0013323778,4223.710953760046
699.1,0.00011861022,8598.048555061345
699.2,7.5342316e-05,10919.244545320282
699.3,7.7744415e-05,11376.728966253522
699.4,7.318582e-05,11279.972112587711
699.5,8.1924896e-05,10856.483238639023
699.6,7.36162e-05,11223.058599896627
699.7,7.893262e-05,11064.172646621899
699.8,7.4317235e-05,11332.961263012021
699.9,7.47635e-05,10953.545072697358
700.0,6.647837e-05,10986.183982616378
700.1,7.379364e-05,11035.56498378389
700.2,7.936172e-05,11375.168015900186
700.3,0.0037877099,6738.971671180048
700.4,0.0020968453,5085.30802366676
700.5,0.00013364741,9020.009201649267
700.6,0.0035543295,2542.579020775249
700.7,0.0026826866,3317.9958255673764
700.8,0.0035617515,7692.666953408012
700.9,0.001311239,5337.919300156838
701.0,0.0035960216,2656.4353958668635
701.1,0.0027522182,2092.3129898424445
701.2,0.0022895362,2385.1374740891965
701.3,0.002056986,8415.137854994988
701.4,0.00095560803,8885.984287680065
701.5,7.555057e-05,10571.077855402456
701.6,7.418302e-05,11199.858047518752
701.7,7.536358e-05,11613.506493952871
701.8,7.3958145e-05,11162.041378436497
701.9,7.666011e-05,11484.035430539192
702.0,7.2710434e-05,11207.721582147497
702.1,7.567292e-05,11397.815409996823
702.2,0.00013689602,9492.451302248852
702.3,7.8398305e-05,11274.080626458326
702.4,7.579676e-05,11232.777864162998
702.5,7.9999256e-05,10680.265966938723
702.6,7.530065e-05,10670.535965837533
702.7,8.473265e-05,10395.637276134097
702.8,7.4494696e-05,10782.124072202674
702.9,7.3371906e-05,11505.50702686089
703.0,8.1674865e-05,11276.735848493525
703.1,7.212244e-05,11281.92268995937
703.2,7.102183e-05,11401.776742253685
703.3,7.308681e-05,11422.334603056966
703.4,7.428749e-05,11236.187686012856
703.5,7.2578645e-05,11364.953898333117
703.6,0.0016328084,7668.676776385788
703.7,0.0075081973,2316.815404503885
703.8,0.004272572,7079.195690679038
703.9,0.00036316612,7212.662335290714
704.0,0.0062046573,2003.4743464157302
704.1,0.0022472094,2373.88990586869
704.2,0.0001640013,8009.603452129978
704.3,0.00011294188,9102.348629222062
704.4,7.576851e-05,10911.187839619855
704.5,7.547053e-05,11154.032848251441
704.6,8.4056235e-05,11109.591533182607
704.7,7.352981e-05,11412.858269215836
704.8,7.58909e-05,11447.333184570783
704.9,7.504403e-05,10796.568323165979
705.0,7.59488e-05,11321.728197369282
705.1,0.0063557704,1520.5789730790766
705.2,0.03667901,1418.1178922334032
705.3,0.013926905,3253.7324277095668
705.4,0.009708636,4483.8905841089745
705.5,0.021065213,2060.354369077544
705.6,0.020163726,1454.6094176172546
705.7,0.0018995099,2413.1073222546324
705.8,0.016812576,1514.8008726524008
705.9,0.024120819,1352.8382878176
706.0,0.014458467,1633.4273097058517
706.1,0.016688304,1592.8081229714671
706.2,0.0008886829,3486.1316722308725
706.3,0.009435923,1504.1180814453437
706.4,0.008432938,1231.2721838631455
706.5,0.004335222,2280.8966487306675
706.6,0.00761783,1645.9544712512736
706.7,0.008211575,1446.1414336534276
706.8,0.0019750337,2346.128540054967
706.9,0.00024240935,6064.547112743981
707.0,0.0001008193,9117.068336462471
707.1,8.344096e-05,10246.076797524194
707.2,9.988492e-05,10468.46666788334
707.3,7.8461046e-05,11238.113886075564
707.4,7.3556956e-05,11184.556477037799
707.5,8.106975e-05,10148.698713560541
707.6,7.7664554e-05,11545.827407862136
707.7,0.0036718298,1953.384319604603
707.8,0.01029321,3070.1156452186324
707.9,0.027993886,1848.8313693526895
708.0,0.018187067,1631.981302857979
708.1,0.0043042363,6696.510203455069
708.2,0.0045040804,6334.464305754433
708.3,0.011219819,2388.6672746059116
708.4,0.0011663086,4135.219059526709
708.5,0.0040606637,2583.1654352512123
708.6,0.0047836863,2020.8725812103155
708.7,0.0052033453,2120.065369063331
708.8,0.0047939285,1985.3947290564493
708.9,0.0012873651,3344.328996803676
709.0,0.0055266367,2131.441527653297
709.1,0.015724666,1857.5061031961059
709.2,0.008331533,2686.623690543795
709.3,0.005963009,7207.214461871248
709.4,0.004276226,5222.736380555312
709.5,0.012974481,987.3029867998881
709.6,0.01489496,1380.152537185359
709.7,0.0033579466,3323.928723440109
709.8,0.003173231,2443.8258042195966
709.9,0.0054868576,2355.2778702588394
710.0,0.0045522195,2106.892368370058
710.1,0.0026868836,2004.5816853432098
710.2,0.0033052124,1519.5714404805194
710.3,0.0020949924,1665.6050795030174
710.4,0.0001496793,7393.383861810671
710.5,8.901251e-05,9829.410316510373
710.6,7.499962e-05,10760.260191573827
710.7,7.1161805e-05,10927.422230229986
710.8,7.441367e-05,11326.245609504913
710.9,7.815445e-05,11487.302227428685
711.0,8.119975e-05,11344.935953063146
711.1,0.0006317628,4481.866947156634
711.2,0.0022634643,4032.0978016676872
711.3,0.0057726623,2015.2754638760666
711.4,0.0064289393,1862.0221629933394
711.5,0.0032287787,8080.7170855238855
711.6,0.003938953,3197.633190837158
711.7,0.0054393415,1601.9403547892216
711.8,0.0020825164,2630.0143869498675
711.9,0.0027795436,6302.94802972161
712.0,0.00022633516,8324.221353114088
712.1,0.00082801917,3751.2419960075454
712.2,8.961245e-05,9716.202194606518
712.3,7.376286e-05,10394.510843190492
712.4,7.7516954e-05,11539.531412750965
712.5,7.339709e-05,11091.19034294137
712.6,7.339609e-05,11142.636598858197
712.7,7.76383e-05,11399.750085031903
712.8,9.477741e-05,10563.198019378342
712.9,6.772033e-05,11009.764153674285
713.0,7.919658e-05,11563.391920647548
713.1,7.528515e-05,11126.064063353031
713.2,7.196931e-05,11318.71556750678
713.3,7.7819604e-05,11646.428783697962
713.4,7.318648e-05,11062.791820140177
713.5,7.654577e-05,10925.768748119135
713.6,7.647141e-05,11115.163419105347
713.7,8.000249e-05,10955.979310770837
713.8,7.737453e-05,10996.39374682229
713.9,7.432981e-05,11434.965456765785
714.0,6.96592e-05,11096.414170407847
714.1,7.156891e-05,11299.274187954292
714.2,7.1757226e-05,11431.42642467083
714.3,7.6214994e-05,11381.52861297609
714.4,7.549008e-05,11078.074908393268
714.5,7.103838e-05,11235.542160488936
714.6,7.230314e-05,11544.835571705826
714.7,6.8233436e-05,11000.055675740185
714.8,6.7984576e-05,11209.554715779645
714.9,7.207208e-05,11228.671326269658
715.0,6.964852e-05,11483.477689791009
715.1,6.962208e-05,11013.76412074949
715.2,7.230321e-05,11509.29260543555
715.3,7.027272e-05,11495.544820779078
715.4,7.6541946e-05,11600.342928693348
715.5,6.86503e-05,11297.76749412817
715.6,0.025645006,2641.622568138555
715.7,0.032743298,2172.9906941348772
715.8,0.030568566,3944.474700641904
715.9,0.004904003,3186.6122008253524
716.0,0.01473065,4848.810756612894
716.1,0.014928804,2458.6641865061893
716.2,0.007879821,1964.218377705972
716.3,0.00453478,2877.4521775703306
716.4,0.0068180845,3405.3841554175374
716.5,0.020248106,3227.5706377898027
716.6,0.013708824,3499.2214149966153
716.7,0.0181083,2714.6527284276776
716.8,0.018756067,2710.847797116302
716.9,0.010902591,3516.030288680756
717.0,0.00057290954,4652.4644789729045
717.1,0.00013704863,8183.330027576575
717.2,8.771057e-05,9467.251266573452
717.3,7.639203e-05,10814.677954974311
717.4,7.449781e-05,11169.316414654699
717.5,0.0028573985,5521.224829960837
717.6,0.004103412,3689.8901321637404
717.7,0.00015301541,7263.8062423145475
717.8,8.5881366e-05,8914.16771414287
717.9,7.3727366e-05,10822.530510064536
718.0,6.559601e-05,10806.95164142281
718.1,0.01383279,3707.457354112571
718.2,0.01937977,2107.2575915907996
718.3,0.019564137,3399.0952622920745
718.4,0.006640254,3867.8959170325893
718.5,0.029492872,4339.286606401003
718.6,0.008278087,2857.1862376140234
718.7,0.00031607907,6051.906028074867
718.8,0.006961558,4748.360067009526
718.9,0.0030275711,4790.54581472342
719.0,0.00035128935,5110.417333807791
719.1,9.737966e-05,9211.161740310583
719.2,7.388255e-05,10517.328207045506
719.3,6.792285e-05,10953.819912629982
719.4,7.620909e-05,11503.95844953544
719.5,6.918176e-05,11275.194020631463
719.6,6.8236994e-05,11285.58807125908
719.7,7.263582e-05,11375.651411619987
719.8,7.08095e-05,11266.871916213915
719.9,7.329173e-05,11284.912020128488
720.0,0.015351549,2403.6064926652257
720.1,0.0055691698,3312.176958402538
720.2,0.04807014,4194.423837746612
720.3,0.007606377,7879.433993274106
720.4,0.010952026,5989.908168146912
720.5,0.0022139165,7204.6936959218165
720.6,0.0178402,2513.9240707498384
720.7,0.0014439526,3123.1772592072393
720.8,0.005016599,4447.984501787673
720.9,0.014522198,2151.629281801123
721.0,0.016643204,3135.228987224656
721.1,0.0059430758,3414.162044442888
721.2,0.022781394,3271.4380622587714
721.3,0.015143448,3457.332798499776
721.4,0.014527479,3580.8414956050765
721.5,0.0009939807,3196.1435887511334
721.6,0.02526308,3831.81922996751
721.7,0.009013524,2572.925186484136
721.8,0.013308761,4107.782098486199
721.9,0.0019079152,7269.533037299099
722.0,0.012581858,5248.164449978266
722.1,0.016996685,3564.529288225117
722.2,0.0060153506,2233.0152436709122
722.3,0.00418748,3140.6480951331423
722.4,0.0037220696,3488.730462974664
722.5,0.0040399646,3932.901187808223
722.6,0.0017371422,4356.510827069853
722.7,0.00021327312,6070.046189257209
722.8,0.00011054101,8596.430617808015
722.9,0.00086206803,5560.665232976891
723.0,0.0010773665,5439.24970045655
723.1,0.0008134669,5653.83530268601
723.2,0.00041033348,5715.480396634074
723.3,0.000108136286,8858.790804948381
723.4,0.019294215,3560.764818905256
723.5,0.002812989,4878.76167777999
723.6,0.00035988263,6730.969731809419
723.7,0.011133459,8240.241517609833
723.8,0.014057096,3012.586446486573
723.9,0.010765699,9135.558227655229
724.0,0.008163421,7719.025103815329
724.1,0.0066101705,4456.761000722805
724.2,0.0020982611,6089.821849713018
724.3,0.010770142,4288.110609383148
724.4,0.020690665,2886.6166682404537
724.5,0.00060101907,5447.397714767205
724.6,0.017596954,3046.2981439353957
724.7,0.033592638,3370.279078501618
724.8,0.010253857,7475.983573881542
724.9,0.006167683,6152.224675689275
725.0,0.0029837398,6205.206588362501
725.1,0.004775127,3237.342175483538
725.2,0.019478224,3787.310989825296
725.3,0.0072291503,8842.318128211456
725.4,0.011769199,2348.17790644721
725.5,0.011671487,2245.5433926257024
725.6,0.020310653,3336.614691427368
725.7,0.025142344,3978.8177372340956
725.8,0.010244567,2472.7544803894807
725.9,0.0065382794,3839.865746704436
726.0,0.004179555,3336.580912580805
726.1,0.0046149897,2450.366821413637
726.2,0.0027703352,3285.268020454081
726.3,0.000597203,5024.17047750687
726.4,0.000115888804,8222.835938496282
726.5,7.9089376e-05,9994.277976858846
726.6,7.279243e-05,11030.453195674283
726.7,7.494943e-05,11644.206190342378
726.8,7.6015756e-05,11448.721656136504
726.9,6.9948466e-05,11118.296550698416
727.0,7.1657894e-05,11445.949248035813
727.1,7.137805e-05,11386.579298306067
727.2,7.29375e-05,10972.45581391151
727.3,6.9318434e-05,11406.312764568773
727.4,7.906532e-05,11457.000254305665
727.5,7.488838e-05,11530.84688026106
727.6,7.463204e-05,11499.25004054151
727.7,6.863103e-05,11243.546644111942
727.8,7.429054e-05,11324.081586140863
727.9,0.0011433212,4438.819196064764
728.0,0.022572845,2132.563113683434
728.1,0.04542359,4397.7834495431725
728.2,0.011220978,3246.97041654253
728.3,0.022405177,10266.363448344131
728.4,0.009738188,4272.431900623255
728.5,0.0044616316,3072.0006378392036
728.6,0.0077519594,3673.708250406946
728.7,0.007270384,3895.4424602044455
728.8,0.0006694268,5119.4577969917555
728.9,0.00014557323,8364.211185544282
729.0,9.2749346e-05,9496.07617449686
729.1,7.977593e-05,10945.364598922997
729.2,7.2612835e-05,11140.53335854291
729.3,7.566294e-05,11289.264901064349
729.4,7.503965e-05,11525.282522126457
729.5,8.069911e-05,11693.762144660574
729.6,0.0035387403,7249.639041796629
729.7,0.0014823141,3578.440690535557
729.8,0.021720123,2520.1946132828098
729.9,0.039212998,3782.3061345772844
730.0,0.013390307,2019.456403925562
730.1,0.017631534,2183.599687820599
730.2,0.012580724,2131.520530513234
730.3,0.009179096,11063.271349048795
730.4,0.017781144,11378.467730893975
730.5,0.0118602095,3525.8666539102333
730.6,0.00038768892,6288.204371388445
730.7,0.0001373807,9146.723741680918
730.8,9.614643e-05,10518.043765586664
730.9,0.02691254,3437.756446867964
731.0,0.0012915218,2960.7086465453217
731.1,0.019509748,3557.493961285528
731.2,0.012923119,3355.2403430114286
731.3,0.01564901,4536.849688613451
731.4,0.0012789664,4346.058348329974
731.5,0.08787802,2677.8211759268324
731.6,0.016280035,1558.481534375989
731.7,0.017041197,3466.8574746045224
731.8,0.053619467,4374.893077334897
731.9,0.0032036437,2798.2712219247333
732.0,0.0153022,10222.4454634185
732.1,0.0075892615,7225.152375952698
732.2,0.012610964,4126.262511898076
732.3,0.004369422,3577.300383785006
732.4,0.004074578,4005.4611503553447
732.5,0.0006957699,5156.781120944399
732.6,0.00015445138,8439.123579113017
732.7,0.000100268095,9577.095998320048
732.8,7.0950846e-05,11252.380445470659
732.9,6.858949e-05,11263.064037445174
733.0,7.503875e-05,11536.441922236492
733.1,7.999825e-05,11679.89661853795
733.2,7.663494e-05,11333.047372285215
733.3,7.363524e-05,11475.162624814362
733.4,7.6460296e-05,11588.364170962277
733.5,6.621892e-05,11238.009608003722
733.6,8.300342e-05,11514.173132465161
733.7,7.392614e-05,11248.610487197475
733.8,7.423814e-05,11290.290029046693
733.9,7.186073e-05,11509.017926830227
734.0,7.395905e-05,11485.12208325235
734.1,7.659837e-05,11548.785972533351
734.2,0.03229457,2313.5620932121114
734.3,0.00556671,3848.721391017785
734.4,0.027476313,2688.82242813898
734.5,0.03028705,3847.1410945898183
734.6,0.0062948093,4432.223847103302
734.7,0.020775437,3332.5890234633807
734.8,0.031246912,3208.1862893419884
734.9,0.019659411,2464.4990395393406
735.0,0.011520306,2414.897868710922
735.1,0.0064507127,2250.0530173493894
735.2,0.0103456285,2767.030479188826
735.3,0.0031760875,3673.0706291739207
735.4,0.000116633084,9005.570899315924
735.5,8.6622065e-05,9979.367902074868
735.6,7.389772e-05,10902.339477259033
735.7,7.398798e-05,11471.332506334078
735.8,7.905477e-05,11479.468659173928
735.9,7.088876e-05,11091.166010952866
736.0,0.0066844206,5600.754175139775
736.1,0.00048579025,5153.45492421442
736.2,0.014318046,2758.8047631592335
736.3,0.004329094,3371.142380883177
736.4,0.037305377,3038.638162594534
736.5,0.03100061,3427.763165619261
736.6,0.0009486823,3412.5487006449366
736.7,0.012907943,3322.8308185831243
736.8,0.0057347594,2601.9941073260666
736.9,0.005127582,7734.412937880251
737.0,0.0060204505,3037.4986616069978
737.1,0.008009924,2752.516705868006
737.2,0.0067512193,3343.146915398195
737.3,0.0015032629,4912.808463853965
737.4,0.000169176,7061.8121728709075
737.5,8.810748e-05,9877.705409429831
737.6,7.137417e-05,10489.679993536018
737.7,7.845862e-05,11722.960311940087
737.8,7.1011484e-05,11478.06979913276
737.9,7.0714734e-05,11272.19480333861
738.0,7.081907e-05,11388.768016090371
738.1,7.231974e-05,11398.493558958753
738.2,7.116995e-05,11507.500145637747
738.3,7.1026996e-05,11441.088941354039
738.4,7.39988e-05,11386.800962967453
738.5,0.01347837,2076.439477549284
738.6,0.03730289,2427.9307997680653
738.7,0.012838307,1878.701978177537
738.8,0.032355227,3128.9272676995865
738.9,0.016628282,2900.429541490944
739.0,0.0029933618,5070.434453236238
739.1,0.015515432,2117.5703079747345
739.2,0.024169317,3070.15212527
739.3,0.045478545,3327.402040730972
739.4,0.02047588,3410.9676058518494
739.5,0.009569291,7644.074901613174
739.6,0.010918167,6547.541073716577
739.7,0.016039385,2541.541753667334
739.8,0.0011937043,3846.0025755654824
739.9,0.015831096,3116.404227390911
740.0,0.02178736,2205.7988098767687
740.1,0.004077455,5191.320717464656
740.2,0.0033276153,3688.5475316392217
740.3,0.00016816914,7348.496946543132
740.4,0.018918209,3487.4901552709352
740.5,0.020905118,3341.479456531894
740.6,0.008953267,2293.7107345754307
740.7,0.004700331,2892.426238910498
740.8,0.00031474867,6045.71834009331
740.9,0.0025531629,4765.270790027416
741.0,0.01889206,3043.466222481062
741.1,0.00719544,1728.2357955068805
741.2,0.00025660847,6106.8669558531765
741.3,0.0054709096,3204.648075700357
741.4,0.0001883928,6320.080794088816
741.5,0.0025895964,3615.3222610651746
741.6,0.0010535882,5181.906030945838
741.7,9.580387e-05,9702.242415535082
741.8,7.151389e-05,10329.01229523069
741.9,6.467956e-05,11135.329006329743
742.0,6.9212736e-05,11180.1559803046
742.1,7.216767e-05,11440.001115390904
742.2,7.107942e-05,11258.500361206694
742.3,8.024301e-05,11305.453111275267
742.4,7.542684e-05,10618.657533851774
742.5,7.5040894e-05,11294.220390276261
742.6,7.8373414e-05,11318.842550224492
742.7,7.544506e-05,11409.93832313147
742.8,0.0001629409,9569.898058957311
742.9,7.834165e-05,11390.751232403365
743.0,7.639499e-05,11212.017818518072
743.1,7.9015976e-05,11346.462855510315
743.2,8.003305e-05,11458.99816708672
743.3,7.625114e-05,11347.54941322067
743.4,7.419829e-05,11237.06285189617
743.5,7.333585e-05,11293.318946893647
743.6,8.6383196e-05,10683.028065835098
743.7,7.156812e-05,11151.428666126114
743.8,7.157309e-05,11073.025637978168
743.9,0.002461462,3183.97667588276
744.0,0.021775402,1593.8548415578643
744.1,0.025650714,1534.8615691093967
744.2,0.002287143,1707.9895877710644
744.3,0.013122016,1751.7599615938022
744.4,0.011068651,1312.9921747232388
744.5,0.0009296963,3349.8160528709186
744.6,0.010872483,1165.9863162627348
744.7,0.016658245,1263.4458856643641
744.8,0.018295484,1555.5682121509162
744.9,0.009830243,2449.3954169176377
745.0,0.003452377,2134.698165425393
745.1,0.012279802,1461.6417827864943
745.2,0.01153321,1382.9654453839858
745.3,0.018133847,1364.0426630592917
745.4,0.015741277,1450.9967022012609
745.5,0.011389185,1265.4384224757844
745.6,0.0009849907,3448.2850047661636
745.7,0.0026140953,1881.8896556603995
745.8,0.00013108688,7925.772926521737
745.9,0.004853693,1815.7645849608957
746.0,0.0037470418,1471.9727149607056
746.1,0.0010467344,3240.540505871634
746.2,0.00011049348,8525.771511402054
746.3,9.937226e-05,10144.255132210063
746.4,7.610871e-05,11138.977620977257
746.5,7.0221744e-05,11023.742448149836
746.6,7.5117816e-05,11238.128113017798
746.7,0.0075181853,1086.6385057876246
746.8,0.009541591,1291.1518540997959
746.9,0.013093625,1459.2924438288514
747.0,0.009108115,3156.524951106906
747.1,0.004872435,6490.561932656174
747.2,0.005214309,6795.3394456707665
747.3,0.0047701066,2177.7950165266666
747.4,0.0027122553,5299.3815963341885
747.5,0.0011972537,8548.745943156438
747.6,0.0027595686,2780.7505027179473
747.7,0.00021355173,7199.202470958145
747.8,9.716566e-05,9699.442232190278
747.9,7.6543416e-05,11259.087593122236
748.0,7.291584e-05,11411.478291225307
748.1,8.309613e-05,10748.337885978288
748.2,7.605905e-05,10976.35069507335
748.3,7.721327e-05,11149.717868230178
748.4,7.663183e-05,11370.936501091759
748.5,7.565665e-05,11300.556914576184
748.6,7.734702e-05,11376.816903571318
748.7,7.467943e-05,11286.63956587414
748.8,8.108115e-05,10878.375895601339
748.9,7.1132934e-05,10883.680090785914
749.0,7.443355e-05,11473.39176049902
749.1,6.969975e-05,11078.803010752184
749.2,7.548903e-05,11294.102870491986
749.3,0.00012775208,9798.015993634264
749.4,7.394155e-05,11151.603390833929
749.5,7.317835e-05,11148.335379748482
749.6,0.010936039,2041.8518229615377
749.7,0.011369828,1725.9367775573273
749.8,0.0077888733,1223.9529996890665
749.9,0.006021245,2252.8929337125473
750.0,0.0035612525,1492.8300954968136
750.1,0.0002359719,6818.223445206536
750.2,0.0037484174,1842.6794330672674
750.3,0.0029402084,1758.8191288790963
750.4,0.00014403214,8011.188072820998
750.5,0.00020510757,7302.046953372516
750.6,9.379138e-05,10444.377115641133
750.7,7.6232405e-05,11147.83271820113
750.8,7.381571e-05,11335.053832889093
750.9,7.15956e-05,11058.528704562148
751.0,7.24959e-05,11246.962490372782
751.1,7.099601e-05,10928.755718563796
751.2,0.0049615363,2984.6178749184282
751.3,0.0013618319,3184.2225038969273
751.4,0.029280938,1563.9454146260355
751.5,0.03421436,1527.5307946850924
751.6,0.011716498,1620.228133350762
751.7,0.0101626245,1629.649725100429
751.8,0.0013901101,6581.586158487668
751.9,0.006281006,1507.0242131031248
752.0,0.0015817954,4150.071763764143
752.1,0.00088873436,7367.692756452294
752.2,0.002451113,3098.799621014048
752.3,0.000286368,7214.455267046139
752.4,0.001832783,8184.729485637461
752.5,0.0018929257,2783.338748434284
752.6,0.00016146086,8485.236833211065
752.7,7.728156e-05,11128.758598731341
752.8,7.49506e-05,11145.362179299578
752.9,7.56181e-05,11007.400312942355
753.0,7.102383e-05,11460.258391148283
753.1,7.8364705e-05,11183.201743646958
753.2,8.103241e-05,11416.49391804942
753.3,8.101922e-05,11372.056705754252
753.4,7.828482e-05,10715.92650209472
753.5,0.00093578495,4092.699167616483
753.6,0.004920166,2138.3872887032653
753.7,0.0038083177,2399.396418348163
753.8,0.011909872,1941.0830346908929
753.9,0.009848939,1573.3641028017992
754.0,0.006912327,1915.5763395807298
754.1,0.0006448669,4945.519927798296
754.2,0.00032051076,5200.982603178503
754.3,0.0001800367,6920.257972880561
754.4,7.658574e-05,10693.042235748584
754.5,7.322924e-05,10935.529630957615
754.6,6.7367895e-05,11161.821704431795
754.7,0.0055106115,8021.210926650732
754.8,0.012339478,5116.972953658499
754.9,0.023821816,1172.1535765168971
755.0,0.0028900788,2663.021540433848
755.1,0.0044001522,2564.463016842907
755.2,0.0153360795,1221.8589209916602
755.3,0.006488323,1764.8972866543268
755.4,0.0041734693,2474.9086036940816
755.5,0.0010260808,4866.49077863709
755.6,0.0010930141,5243.679889096486
755.7,0.0037197913,2714.769094405513
755.8,0.0076217353,1882.5212047699044
755.9,0.0044434457,1774.0141658239118
756.0,0.002808354,2322.3786916173176
756.1,0.000834873,4034.829127888922
756.2,0.00010030095,9687.042447651076
756.3,7.66956e-05,10695.038886581218
756.4,7.761914e-05,11387.018954933264
756.5,7.3769144e-05,11458.65117550284
756.6,7.076432e-05,11152.976000823552
756.7,8.5931555e-05,10657.668315028268
756.8,7.413171e-05,11529.257776252633
756.9,7.118942e-05,11246.728460510347
757.0,8.0130216e-05,10726.789058141989
757.1,8.0056125e-05,11345.560063687144
757.2,7.178021e-05,11355.363070687667
757.3,7.354625e-05,11297.584195956397
757.4,7.792733e-05,10701.812176489448
757.5,0.0075016385,1972.001604451724
757.6,0.017607214,2169.165101042565
757.7,0.01100909,1716.634513210717
757.8,0.011570608,2303.8193351294476
757.9,0.010870547,1983.4510189810005
758.0,0.023665218,1604.351465735715
758.1,0.015509659,1660.9284901366523
758.2,0.009308431,1248.4780979949983
758.3,0.005052272,2235.2661513483235
758.4,0.00035913702,4647.221528347422
758.5,0.0015851307,3155.0962630965228
758.6,0.0011889447,4228.330102685141
758.7,0.00010419865,9826.771145942537
758.8,0.001243233,3255.3168490048924
758.9,0.00030090226,5566.496400181075
759.0,0.00034744284,5705.7282151199615
759.1,0.0010146392,3487.734219478104
759.2,0.0011074418,3200.9908565810456
759.3,0.00012073796,9691.9607674189
759.4,8.401057e-05,10966.346530057344
759.5,7.526346e-05,11311.518926945108
759.6,7.722883e-05,11348.370039231033
759.7,7.435243e-05,11441.318763368394
759.8,7.7859324e-05,11032.084797161766
759.9,7.852925e-05,11025.014417983364
760.0,7.9179394e-05,11582.267951609661
760.1,8.12764e-05,11483.978158366426
760.2,8.0366655e-05,11462.184321519124
760.3,7.4497584e-05,11275.926132889132
760.4,7.942789e-05,11440.918746688516
760.5,7.796156e-05,11246.419330001372
760.6,8.073679e-05,10499.39632599856
760.7,9.269308e-05,10583.052536188763
760.8,8.978541e-05,11111.183273322005
760.9,7.959118e-05,11421.33048479378
761.0,8.5176085e-05,11523.323882905397
761.1,7.856963e-05,10937.426277143939
761.2,7.7483026e-05,11399.801045787357
761.3,7.493248e-05,10950.787603247496
761.4,7.32912e-05,10874.147365586747
761.5,8.875447e-05,10166.520399687564
761.6,7.900887e-05,10831.915511345973
761.7,9.110791e-05,10377.717304324782
761.8,0.034607567,4206.824403282572
761.9,0.032417886,2538.4518646640627
762.0,0.037001416,4658.588956490459
762.1,0.025376009,5041.641314612954
762.2,0.0049794866,9577.690952491383
762.3,0.011748089,4134.080970927833
762.4,0.0074854554,3092.344722357773
762.5,0.008695048,3187.1756696185266
762.6,0.0048571867,3087.763470475818
762.7,0.010284417,2494.0232612472155
762.8,0.0058264667,3537.12195033698
762.9,0.0010917638,4387.88111719702
763.0,0.00012703324,8690.93503274146
763.1,9.532342e-05,9549.171472773127
763.2,8.374356e-05,11212.32125035099
763.3,7.060493e-05,11018.984901923004
763.4,7.276838e-05,11396.98983245327
763.5,0.002556105,3777.291627742809
763.6,0.043331087,3645.51777674983
763.7,0.001082459,3983.511135447
763.8,0.03651709,3789.0207852650424
763.9,0.01343298,10483.877571088879
764.0,0.012572431,9249.995731714673
764.1,0.0032540618,6780.784688578213
764.2,0.006121635,7909.616002608
764.3,0.017903702,2223.4600123238483
764.4,0.013040386,3689.6173332645103
764.5,0.03136081,4139.3201122927385
764.6,0.019908696,3797.9965246136735
764.7,0.012974135,3961.450805394802
764.8,0.016231885,2932.7929168479677
764.9,0.004062701,3619.9783162682165
765.0,0.00973083,3159.6367443888903
765.1,0.0006425231,6043.298761814687
765.2,0.005557305,4122.399940210669
765.3,0.0004279633,5577.119268542801
765.4,0.00014878206,8934.602386582075
765.5,9.5904405e-05,10506.344716282736
765.6,7.358489e-05,11399.116016335222
765.7,6.830683e-05,11433.14142010377
765.8,6.867781e-05,11565.655024314892
765.9,7.7912846e-05,11742.25130564037
766.0,7.622302e-05,11736.148370020932
766.1,7.088067e-05,11196.969887792971
766.2,7.622761e-05,11253.25252561612
766.3,0.021596732,8047.267844984189
766.4,0.017356008,1336.9388234007802
766.5,0.031457294,4000.0582932769184
766.6,0.03285338,1542.999216751633
766.7,0.03379729,2660.7048831677907
766.8,0.021715557,6048.893196306304
766.9,0.017166108,9531.242895646563
767.0,0.019501707,4429.336799726281
767.1,0.010786088,2554.8937010090344
767.2,0.0041450546,5471.6936282579545
767.3,0.008908311,6890.2923878526435
767.4,0.03904392,3493.9418241565654
767.5,0.01464574,1496.3830492891948
767.6,0.020624196,3529.67398836572
767.7,0.026217215,4715.5727125351805
767.8,0.023264905,4035.036348034959
767.9,0.003625482,3037.8195316494116
768.0,0.0056658,7363.475144630729
768.1,0.009776892,3848.6167506305587
768.2,0.0017162903,4468.787836826106
768.3,0.0005542952,5523.225993573261
768.4,0.0018796454,5654.397690241425
768.5,0.0012439776,5436.716413073767
768.6,0.00074737,5328.046881694849
768.7,0.00018342808,7132.386757554821
768.8,0.0001024194,9954.860616352325
768.9,0.03465619,3386.375179275621
769.0,0.04486661,3530.4345869595736
769.1,0.024174323,2059.6996393722748
769.2,0.047452703,3575.5173574485157
769.3,0.021737644,3286.9247602813884
769.4,0.010754757,10760.000910083589
769.5,0.0029128545,4820.359818036951
769.6,0.010710233,11448.698300486009
769.7,0.012031548,4830.25087729898
769.8,0.0042864536,11356.692311983117
769.9,0.010359911,8179.775727926439
770.0,0.0033540484,4632.657527181998
770.1,0.00018399529,7601.868181153868
770.2,0.00013371171,9455.031542553917
770.3,8.2769155e-05,10762.351587987207
770.4,7.2692295e-05,11295.482787113366
770.5,0.00076657155,9903.475224261354
770.6,0.027514871,2109.209705374557
770.7,0.003944961,6249.21114028734
770.8,0.02614927,2068.026643229374
770.9,0.019757897,2298.8920165027125
771.0,0.0109446235,4617.696330131232
771.1,0.0008847239,4355.0836825471315
771.2,0.005610427,3674.0409319537166
771.3,0.01737108,3168.239452922325
771.4,0.012168565,3741.0302840156546
771.5,0.022686189,2258.055267255523
771.6,0.012746374,2962.3829529657355
771.7,0.0049855956,5351.672947241747
771.8,0.021721585,4245.655377571377
771.9,0.0048570456,2348.7854448321295
772.0,0.022859138,3340.016431289346
772.1,0.011518054,10298.953724043875
772.2,0.013032814,10244.49520687565
772.3,0.0105436705,7168.759903818167
772.4,0.013611721,8294.189319410249
772.5,0.015237668,3054.330970799526
772.6,0.01185162,3964.5374584904785
772.7,0.010812589,3814.956547878491
772.8,0.0019086996,5449.14742362536
772.9,0.00026793705,6033.930380741547
773.0,0.00012556119,9069.411490294617
773.1,8.34264e-05,10670.588806137072
773.2,7.328384e-05,11094.526328849957
773.3,8.202945e-05,10810.265616785522
773.4,7.465865e-05,11328.458408812912
773.5,7.7050325e-05,11452.752424271896
773.6,7.828198e-05,11475.379187940549
773.7,7.768956e-05,11527.944022099016
773.8,7.4595126e-05,11096.46753791517
773.9,7.914224e-05,11533.245006992332
774.0,8.3332794e-05,11268.126969274534
774.1,7.851642e-05,11226.14343430844
774.2,7.755819e-05,11389.554249581433
774.3,7.985357e-05,11488.113781001659
774.4,7.7177516e-05,11357.644222069233
774.5,7.072692e-05,11151.010112306656
774.6,7.6146665e-05,11131.632214743655
774.7,7.341755e-05,11421.998040190103
774.8,7.552755e-05,11371.756800790245
774.9,0.001661296,3070.764637818629
775.0,0.005469262,2251.6783987343097
775.1,0.005216522,3997.0057190756834
775.2,0.018780569,1649.8413552309137
775.3,0.036685444,1605.3928900296846
775.4,0.0037856004,1747.6728216698698
775.5,0.011848209,1854.6820307441121
775.6,0.010079484,1259.4794208612816
775.7,0.009715948,1494.447489003926
775.8,0.0009975249,2601.9735080894498
775.9,0.00020165223,6853.922468887333
776.0,8.6863685e-05,9191.221536720495
776.1,7.060326e-05,10391.946802853452
776.2,7.2201175e-05,11036.626521376122
776.3,7.702561e-05,10823.725201603755
776.4,0.0002151326,9845.435922031418
776.5,0.0044216425,1677.0630999462132
776.6,0.00018405248,6551.1410161432805
776.7,0.0029961506,3457.585790721442
776.8,0.00037053658,5248.983973580709
776.9,9.699712e-05,9591.512111973458
777.0,8.415003e-05,10219.390951615276
777.1,7.59482e-05,11331.189950491082
777.2,7.21832e-05,11270.271742435332
777.3,7.275182e-05,11253.488964429333
777.4,7.786884e-05,11308.366057323412
777.5,7.633836e-05,11479.214256440955
777.6,7.285896e-05,11072.763093858457
777.7,7.638385e-05,11145.558214442044
777.8,7.28632e-05,11282.986386763674
777.9,6.8812136e-05,11268.909129687534
778.0,7.185986e-05,11123.052728862305
778.1,7.8328274e-05,10958.533745904639
778.2,0.0006361233,4821.8996216519145
778.3,0.011303978,1894.7273863035366
778.4,0.013816768,2771.407360676056
778.5,0.0040846807,2228.6766801212134
778.6,0.013964427,2228.7093160634745
778.7,0.0060833376,2077.9165440923884
778.8,0.004215605,1959.445193030719
778.9,0.0012431865,2505.21773675626
779.0,0.00013669142,7730.213938411871
779.1,7.9413156e-05,10535.546560029776
779.2,6.734005e-05,10785.942585419136
779.3,6.6387605e-05,10857.151040138422
779.4,6.82949e-05,11074.030214290713
779.5,8.751278e-05,10963.443673887437
779.6,7.359232e-05,11184.360519416063
779.7,0.0048074042,7690.655082525023
779.8,0.006103896,6482.453965085178
779.9,0.0063359733,2614.2831274517293
780.0,0.006187862,1405.4019379823167
780.1,0.0033727232,2020.114362434831
780.2,0.004190474,2245.1494942042686
780.3,0.0012760492,2944.974851005883
780.4,0.00011535646,8862.741380612537
780.5,8.265954e-05,10089.314860270553
780.6,7.183989e-05,10276.416263066272
780.7,8.071903e-05,11518.840931166858
780.8,7.027541e-05,11280.91621109963
780.9,7.507825e-05,11373.177056897388
781.0,7.615056e-05,10853.642483388616
781.1,7.406313e-05,11476.456040848287
781.2,9.2917995e-05,10630.648140751768
781.3,7.56687e-05,11560.046071903369
781.4,7.0269525e-05,11365.455340844834
781.5,7.820564e-05,11283.299447470677
781.6,7.3159266e-05,10684.341685563459
781.7,7.5832664e-05,11190.390217222426
781.8,7.9710924e-05,11497.1796378426
781.9,6.9037764e-05,11181.674012155267
782.0,7.539154e-05,11616.83075240624
782.1,7.4326716e-05,10507.013187563833
782.2,6.892685e-05,11199.388453988446
782.3,8.61993e-05,10558.034280070497
782.4,9.132693e-05,10757.16007131994
782.5,7.59166e-05,11369.931649886921
782.6,8.152664e-05,11089.506723888708
782.7,7.504871e-05,11110.360380158567
782.8,0.0032085297,1973.8881167466075
782.9,0.0074981716,1978.069795446974
783.0,0.010213495,2351.095097099527
783.1,0.00686922,2296.2487564050384
783.2,0.006294783,1884.5148838530072
783.3,0.006451459,1876.0482366459787
783.4,0.005761794,3014.0205392090993
783.5,0.0035921568,6798.552957737546
783.6,0.0026118062,5086.538169657923
783.7,0.0009703695,5048.170961472755
783.8,0.008745923,1518.71402507188
783.9,0.012047059,1379.6277948676777
784.0,0.0016943698,3312.5932971710436
784.1,0.004401448,2139.0399747291303
784.2,0.0014576656,2852.391679860606
784.3,0.0028570585,3467.663920136033
784.4,0.005015322,2741.9906242979355
784.5,0.004622934,2390.074590493584
784.6,0.0006470606,3926.069161733623
784.7,0.0014578862,3935.460041203225
784.8,0.0018921717,2769.3230814323183
784.9,0.00010995732,9114.730331151868
785.0,8.3210434e-05,10446.29852478369
785.1,7.386704e-05,11073.16416086848
785.2,6.980139e-05,11141.178016978667
785.3,7.326323e-05,11216.572720853917
785.4,7.6381155e-05,11181.394735872367
785.5,7.465069e-05,11161.672443921661
785.6,7.025465e-05,11013.730844302201
785.7,7.1910574e-05,11353.07953219094
785.8,7.6278746e-05,11105.968251334949
785.9,0.00011942944,10639.234311255394
786.0,0.0018201313,3524.0955568321583
786.1,0.0009529749,3555.957937142979
786.2,0.016377423,1913.255929274063
786.3,0.015321836,1438.841071618274
786.4,0.012618288,1488.6687496522286
786.5,0.008819427,1572.6192891020742
786.6,0.0013808039,2618.5693410025506
786.7,0.00025522852,5759.318709697291
786.8,0.00027753296,5410.408651001614
786.9,0.00012755222,8434.386239022804
787.0,7.3658994e-05,10917.589727710107
787.1,7.86038e-05,11021.774623475329
787.2,6.890542e-05,10959.292809390574
787.3,7.0784816e-05,10606.219138668635
787.4,9.7522614e-05,10871.343751929968
787.5,0.033754744,1790.0228851477934
787.6,0.01729028,1288.7660934765354
787.7,0.01579433,1383.4241166937895
787.8,0.013360211,1721.3908805679555
787.9,0.030790161,1256.29512944809
788.0,0.014938368,1363.2131388686103
788.1,0.0018767717,2798.8655291177456
788.2,0.00833448,1683.7161566651957
788.3,0.0110815335,1553.5450029670442
788.4,0.01003688,1413.977857016294
788.5,0.008638113,1725.1959794301256
788.6,0.0012442392,8073.148436164451
788.7,0.0036238043,2783.1704915616842
788.8,0.00049107766,4597.786389368967
788.9,0.000100567704,9675.689989306362
789.0,8.393261e-05,10377.034922502735
789.1,7.353867e-05,10925.270379697708
789.2,7.129827e-05,10956.817290143359
789.3,7.358757e-05,11419.005606297567
789.4,7.2011506e-05,11503.56064786459
789.5,7.5747324e-05,11313.923902130387
789.6,7.835012e-05,11320.50603433821
789.7,7.698998e-05,11160.508828369793
789.8,0.0024416842,7594.892403578173
789.9,0.0017726569,5831.969630555317
790.0,0.0022188672,4335.450027209352
790.1,0.0050547514,4882.737147650556
790.2,0.0016774436,4414.040605123786
790.3,0.0025113039,4167.8972083568
790.4,0.0077785305,2450.8629729774466
790.5,0.00060970447,4288.519891350445
790.6,0.0018648583,3531.302161711863
790.7,0.0021773146,3168.7629942655585
790.8,0.00025536818,6998.308040229993
790.9,0.0007968128,4429.8068299256165
791.0,0.000647383,4197.2074659369755
791.1,9.792551e-05,9693.540878760228
791.2,8.775752e-05,10806.199808355648
791.3,7.6352386e-05,11402.348368441802
791.4,7.8184356e-05,10964.87658953587
791.5,6.959571e-05,10968.969308454449
791.6,7.426872e-05,11430.14219502638
791.7,7.710461e-05,11489.771932529351
791.8,7.897776e-05,11219.17740274915
791.9,7.500727e-05,11256.751670007676
792.0,8.095096e-05,11142.079262835961
792.1,7.6927914e-05,11304.48964154107
792.2,7.057561e-05,10937.711735242277
792.3,7.544682e-05,11431.38046650667
792.4,7.1936665e-05,11155.821770356211
792.5,7.683129e-05,11271.704569794962
792.6,7.1590955e-05,11072.611002558857
792.7,7.3608695e-05,11249.031870114122
792.8,0.0024843828,9251.867122554786
792.9,0.007421425,2875.172226025539
793.0,0.0005138004,4484.577495236832
793.1,0.0020301854,7414.848853430696
793.2,0.0017356004,5204.506784000845
793.3,0.0042674365,2618.932188204251
793.4,0.004607305,2489.5372741818715
793.5,0.0024732028,2205.8455750209528
793.6,0.0014176943,2222.84887388525
793.7,0.00023474781,7095.158164049621
793.8,0.00040001704,4668.3256657670745
793.9,0.00016262234,8004.746603720168
794.0,0.0001012978,10043.783486764198
794.1,8.55548e-05,10514.293079914634
794.2,8.8469686e-05,10508.646898306219
794.3,7.6386634e-05,11120.002210038141
794.4,0.0028686495,9436.83866078517
794.5,0.01827347,2142.2331189155097
794.6,0.020728681,1488.4588581884666
794.7,0.013387397,1187.7885678496614
794.8,0.009508799,1279.2115702445114
794.9,0.01104804,1887.1180467781714
795.0,0.014993183,1286.1453602729566
795.1,0.0016814385,3451.6986341452093
795.2,0.010535674,1918.7299417861148
795.3,0.009868804,1796.6265837735414
795.4,0.012142349,1159.8408844875435
795.5,0.008802433,2296.4149249572743
795.6,0.00051091355,5297.813639458186
795.7,0.0053720437,2494.1847898363885
795.8,0.006182232,2073.8199199256505
795.9,0.0057573677,2295.288261872248
796.0,0.0008547924,4705.604906461165
796.1,0.0030925286,2287.583715960247
796.2,0.0030970564,1960.8040955711035
796.3,0.0008031726,4347.794786094754
796.4,0.0023413617,2254.8135168314957
796.5,0.0011237083,4009.611699286669
796.6,0.0031609605,2064.3049933686348
796.7,0.0020281756,2487.7140784495364
796.8,0.0012649295,2688.742441487978
796.9,0.000104333594,8843.651691589439
797.0,8.8612316e-05,10625.432735612807
797.1,7.322095e-05,11069.161060409306
797.2,7.123178e-05,11111.904824584393
797.3,7.16783e-05,10907.911948474277
797.4,7.368869e-05,11241.598049740978
797.5,9.1168426e-05,10518.241325077108
797.6,7.788507e-05,11347.578721478421
797.7,7.788156e-05,11459.155305269209
797.8,7.0378104e-05,11090.336453690523
797.9,7.581547e-05,11221.843097397623
798.0,7.569217e-05,11455.873003534172
798.1,7.407821e-05,11181.706622140056
798.2,0.0017767863,2057.356471088939
798.3,0.007890594,1539.6741292737636
798.4,0.0122424755,1184.4033487819916
798.5,0.012347855,995.6019413096644
798.6,0.007825385,1092.4987621914527
798.7,0.004273156,2330.7701885407873
798.8,0.004463078,1656.4283312809084
798.9,0.0018221823,2783.5669179663482
799.0,0.00013979789,8443.642322667736
799.1,0.00030403485,5495.935998274099
799.2,0.00013357657,8361.797735101645
799.3,8.059423e-05,10910.338058287114
799.4,7.5966615e-05,11164.041016847505
799.5,7.401352e-05,11186.87997979884
799.6,7.326161e-05,11241.987932261905
799.7,6.80845e-05,10823.228687852637
799.8,0.005712665,2410.8310552797657
799.9,0.0010730166,3693.0876957568553
800.0,0.010491433,2121.8708311029995
800.1,0.02383055,1403.1251392517747
800.2,0.010675054,1230.6293863937185
800.3,0.0059347954,1911.6783937036719
800.4,0.0044604656,1897.0242422161305
800.5,0.00026759415,5745.1411686180045
800.6,0.00010836359,9816.584337922848
800.7,0.0007210302,4704.659830148199
800.8,0.0008101627,3365.130427588935
800.9,0.00016286284,6844.739962149394
801.0,7.856094e-05,10902.300212778637
801.1,7.0525944e-05,10989.829082146733
801.2,7.747785e-05,11567.377730666252
801.3,7.367311e-05,11103.84085819678
801.4,7.3658455e-05,11359.66506188204
801.5,7.4132564e-05,11180.261444605747
801.6,7.671383e-05,10550.726601849428
801.7,7.7163815e-05,11452.764689997675
801.8,7.655809e-05,11214.39816257063
801.9,8.163053e-05,11220.289679003201
802.0,0.0013585241,5781.590607996074
802.1,0.0071220445,1858.4667208317144
802.2,0.006851638,2097.107983425003
802.3,0.004390551,1480.8630534625677
802.4,0.0073110056,2378.323529324452
802.5,0.005260122,2144.117137764622
802.6,0.003670164,2378.8936113615064
802.7,0.00083190884,5256.686141706186
802.8,0.0016864266,3823.4150175722134
802.9,0.00216907,3153.46151412337
803.0,0.00054165674,6290.440064613507
803.1,0.00010203702,9863.865406775572
803.2,0.0009892136,4053.7567197878507
803.3,0.00014280052,8389.189628856457
803.4,9.894109e-05,9895.618654361711
803.5,8.1466846e-05,11274.861820953516
803.6,7.980951e-05,11456.020880155142
803.7,7.108078e-05,11224.13631637861
803.8,7.219315e-05,10750.733246977074
803.9,8.112208e-05,11158.050043032654
804.0,7.394694e-05,11327.770676808585
804.1,7.241584e-05,11041.437908503485
804.2,7.029276e-05,11126.09627596598
804.3,7.495116e-05,11399.844132168004
804.4,7.6290795e-05,11331.402042659383
804.5,7.3658935e-05,11268.632580080259
804.6,8.043162e-05,11591.367079524553
804.7,7.091272e-05,10809.456231149006
804.8,7.007301e-05,10812.832306868304
804.9,7.130047e-05,11069.358379508056
805.0,7.481291e-05,11159.096747545558
805.1,7.695388e-05,11292.085118342933
805.2,7.4755735e-05,11305.06607290191
805.3,6.7799134e-05,11290.66180814634
805.4,0.014567699,2758.7352201310914
805.5,0.014039533,2659.723728177716
805.6,0.051932763,4430.870579072607
805.7,0.008703026,3355.5770270209946
805.8,0.012779384,8777.857747287091
805.9,0.01009947,3388.382309029196
806.0,0.0058041373,2320.0346402837386
806.1,0.008208432,2887.039229262179
806.2,0.005760946,3470.1620479031153
806.3,0.00029174215,6059.358126493117
806.4,0.0009554847,4510.817222610462
806.5,0.0012391743,4579.385578811778
806.6,0.00079099176,4467.27254531252
806.7,0.00023763345,5918.750205448852
806.8,8.952534e-05,9557.351828492147
806.9,0.0067111077,2767.7997267867804
807.0,0.02701401,2650.370065727305
807.1,0.02151568,2146.59425009524
807.2,0.0029326538,8111.022115003543
807.3,0.017550332,3945.4790028255384
807.4,0.0151604805,2254.185793226301
807.5,0.019696195,2256.2990084393896
807.6,0.019746823,2057.9758320966707
807.7,0.030843217,3045.07649936475
807.8,0.009222163,7412.593095425959
807.9,0.005990113,8576.257956607218
808.0,0.02367826,2586.477279376102
808.1,0.0068926048,2532.9399801684026
808.2,0.011707935,1486.3146600962818
808.3,0.036001,3069.8116700933388
808.4,0.026946874,3375.370842709855
808.5,0.033455264,2206.2734564996736
808.6,0.015048427,2062.105797133668
808.7,0.0149939,2943.7547501411536
808.8,0.0037298726,4785.781203681981
808.9,0.009465268,3831.6020790559387
809.0,0.0068928846,3375.210903276238
809.1,0.0013049947,4294.647555108033
809.2,0.00016280237,7227.046057312944
809.3,8.4867446e-05,9929.711076748
809.4,7.0411195e-05,10300.164502330499
809.5,6.947895e-05,11296.079108007532
809.6,7.784994e-05,11434.975971031432
809.7,7.0353606e-05,11231.415173186655
809.8,6.787904e-05,11095.888271468835
809.9,7.127473e-05,11395.099073714842
810.0,7.263017e-05,11561.614518479808
810.1,8.135102e-05,11780.970334535912
810.2,6.8177265e-05,10961.029747721608
810.3,7.125955e-05,11156.817574290468
810.4,6.885072e-05,11303.829650649079
810.5,0.0018167736,5840.488797485379
810.6,0.02496296,1872.0174503566489
810.7,0.033491164,4289.282126430158
810.8,0.013581931,2739.2786205218554
810.9,0.018529812,10028.217918061235
811.0,0.010095619,3434.365088921928
811.1,0.004720813,2788.4610089624175
811.2,0.005709338,3557.95482975505
811.3,0.0020279496,4508.459836135891
811.4,0.00016682618,7792.51517910129
811.5,0.00025705554,5689.560747364789
811.6,0.0003042513,5528.877047427252
811.7,0.00010897163,8024.010952318142
811.8,7.752005e-05,11575.789237543462
811.9,7.00055e-05,11434.71745068968
812.0,8.84604e-05,11414.12724885605
812.1,0.043508902,3355.5916828236627
812.2,0.051652767,3817.779822763303
812.3,0.032074336,2918.527867588815
812.4,0.0014014837,3042.658309550311
812.5,0.04333779,3491.5386411455484
812.6,0.0022368275,7245.274057006534
812.7,0.017267851,2782.672785994363
812.8,0.00739738,8685.430947955807
812.9,0.019086024,1503.9038577435692
813.0,0.016106274,1495.534834026662
813.1,0.008925545,2659.0222729126526
813.2,0.0036826055,3445.607797123299
813.3,0.00018598397,7738.419910207611
813.4,0.00010987434,9419.757414269134
813.5,8.414724e-05,10633.684007551366
813.6,7.241182e-05,11516.050877025864
813.7,7.772843e-05,11721.671797128809
813.8,7.509425e-05,11165.14317029759
813.9,0.011894336,10949.105009042789
814.0,0.009689977,4287.56483373568
814.1,0.00023851487,7400.748186867105
814.2,0.00010638113,9821.759689710665
814.3,0.00916974,5587.063886953244
814.4,0.010005111,3456.5818238510697
814.5,0.014914993,1173.0051802039347
814.6,0.01094065,8674.45504720927
814.7,0.010848572,10998.454007565815
814.8,0.014895251,2884.6029691388076
814.9,0.014010332,5453.663027883691
815.0,0.03407977,3430.9161409004746
815.1,0.03193687,3455.2555919285946
815.2,0.034455135,4182.986757261595
815.3,0.014787444,3457.059769973863
815.4,0.006677872,4287.755475297671
815.5,0.0014157052,5573.775348245858
815.6,0.00018874413,7226.471694413626
815.7,0.00010266354,9319.927321889889
815.8,7.399132e-05,10626.563938121662
815.9,7.314209e-05,11520.955250712233
816.0,8.161609e-05,11530.430366897031
816.1,7.224412e-05,11405.794711409844
816.2,7.274102e-05,11384.867942859692
816.3,7.763506e-05,11273.888440315688
816.4,7.029614e-05,11432.443396107981
816.5,7.159308e-05,11025.81944498998
816.6,7.830644e-05,11550.297134416245
816.7,6.821596e-05,10979.284974779759
816.8,7.39108e-05,11486.85991030966
816.9,7.758971e-05,11461.098479493661
817.0,7.8765355e-05,11244.971879970073
817.1,7.310974e-05,11317.482603585315
817.2,7.834695e-05,11522.1588519942
817.3,7.772982e-05,11257.77149514089
817.4,7.2027426e-05,11426.928405494837
817.5,7.5767945e-05,11386.820349798261
817.6,7.848059e-05,11308.496682312161
817.7,7.9749465e-05,11523.73474447702
817.8,8.711799e-05,11357.663285193854
817.9,0.009242643,1072.9660018094446
818.0,0.016133975,1316.587288905038
818.1,0.017363422,1121.1463341269912
818.2,0.0067736385,1295.8647551766578
818.3,0.009907817,1474.0756303248554
818.4,0.0072512035,1118.6458814414418
818.5,0.0032413153,2754.273832176964
818.6,0.0019213882,3464.21808151819
818.7,0.0037762013,1871.1674970868803
818.8,0.0013545443,2830.5294333631805
818.9,0.0018147182,2320.5309418148636
819.0,0.00012420793,8971.22800381569
819.1,8.569574e-05,9857.047627873315
819.2,7.116725e-05,10866.841607898528
819.3,7.3992895e-05,11268.388613442554
819.4,7.7257435e-05,11340.211589887362
819.5,7.345315e-05,11370.170752926522
819.6,6.912294e-05,11122.936716766668
819.7,0.00015870295,8817.13880858271
819.8,0.021512369,1557.0676309084288
819.9,0.027981896,1268.9072986357423
820.0,0.004914264,7534.4125959686435
820.1,0.0067690676,3378.9553701144077
820.2,0.005955969,2792.4357750447134
820.3,0.0028186492,2787.5099089868104
820.4,0.0006039439,6169.726999885951
820.5,0.0027873798,5857.172983628165
820.6,0.00469977,1605.4218080431897
820.7,0.0017135064,2248.1293714927506
820.8,0.00031810207,5052.062544371614
820.9,8.462407e-05,10137.064144109749
821.0,6.933795e-05,11068.58255968411
821.1,7.7014134e-05,11228.699050769668
821.2,7.774882e-05,11042.86066221805
821.3,6.975172e-05,11081.104693652778
821.4,0.0069496343,2210.9285250436224
821.5,0.00950795,2110.670698134736
821.6,0.0103350505,1874.9154010399773
821.7,0.007924599,1755.7898746481085
821.8,0.0036269205,2319.1870036984465
821.9,0.0021815537,3197.7440627281057
822.0,0.00020441873,7595.200709168058
822.1,8.7051245e-05,9973.590223362042
822.2,7.92934e-05,10828.86772931022
822.3,7.535274e-05,11274.21877618074
822.4,0.00011622284,9880.893541535163
822.5,7.304193e-05,11095.192973631987
822.6,7.1919574e-05,11017.088207587014
822.7,7.837325e-05,11349.721998530593
822.8,7.463833e-05,11163.095865302012
822.9,8.474001e-05,11351.818143319122
823.0,7.6380245e-05,11279.27099742972
823.1,7.490873e-05,11210.461835162467
823.2,7.034648e-05,11129.948041225914
823.3,7.640144e-05,11480.452307930282
823.4,7.334442e-05,11249.937643030331
823.5,6.9747046e-05,11159.775328869808
823.6,8.1341874e-05,11402.723055498784
823.7,7.0856186e-05,11111.087257701914
823.8,7.490006e-05,11327.331422383011
823.9,7.9114216e-05,10897.985888135438
824.0,7.72983e-05,11375.673513923177
824.1,7.414514e-05,11468.712207792578
824.2,0.00016516898,9481.74927959219
824.3,0.0062300228,5777.98340164113
824.4,0.0071323803,2710.7117714645574
824.5,0.0099707935,2103.713312404742
824.6,0.010198693,1538.6885821798767
824.7,0.009442706,1985.4332022181788
824.8,0.01057772,1852.3674339657123
824.9,0.014851612,1471.1660380255094
825.0,0.00987974,1067.894116807845
825.1,0.0145130055,1281.6011342320967
825.2,0.008696256,1170.8102702210704
825.3,0.0131389685,1739.7695680279587
825.4,0.011674204,1483.978914081057
825.5,0.007407096,1369.300299823551
825.6,0.008815388,1690.0865364819895
825.7,0.0064689023,2738.4601010067113
825.8,0.00093557657,7147.851145015201
825.9,0.0059818984,2082.7457034764134
826.0,0.0044343527,2249.0274548247553
826.1,0.0033925686,2198.366995332682
826.2,0.0022246498,2636.762755894839
826.3,0.0024784955,1942.4932376568547
826.4,0.0016682562,2719.369486509002
826.5,0.000111991256,9510.709121750899
826.6,8.043939e-05,10735.79966209201
826.7,7.853256e-05,11319.986796910625
826.8,7.783533e-05,10951.104729792834
826.9,7.676447e-05,11273.174704149169
827.0,7.285093e-05,11241.892503914947
827.1,7.758529e-05,11389.94772778609
827.2,7.359787e-05,11578.465132622594
827.3,7.622422e-05,11302.251757677099
827.4,7.770587e-05,11559.940643395686
827.5,7.5696276e-05,11433.298202088217
827.6,7.339361e-05,11252.237222536261
827.7,7.864858e-05,11567.91958763992
827.8,0.00014565303,9245.617634442047
827.9,0.0069716787,2071.580169038708
828.0,0.0068296124,2282.2879599611306
828.1,0.0011114354,4694.214267598442
828.2,0.0027245386,2366.2798926203504
828.3,0.0026499608,2038.8156450249985
828.4,0.00043814493,4931.162561175376
828.5,8.611563e-05,9817.753363496631
828.6,7.720617e-05,11089.75933871547
828.7,7.8250516e-05,11387.250978114409
828.8,7.7218065e-05,11497.485521019662
828.9,7.108222e-05,11342.734978962442
829.0,7.306273e-05,11391.712599291663
829.1,7.4445146e-05,11420.845226905
829.2,7.897235e-05,10608.877232957459
829.3,0.0007163202,7310.872191631535
829.4,0.0066145994,6585.188816939084
829.5,0.007967261,2179.831336551937
829.6,0.0028666994,8253.377968649496
829.7,0.013786812,1997.8404823002677
829.8,0.005500411,6495.389910853932
829.9,0.0034417757,7637.418964352826
830.0,0.003106466,3322.579399529226
830.1,0.0051485617,2027.7742959983136
830.2,0.0008320115,3714.3687099942326
830.3,0.00259125,2420.0874721584296
830.4,0.0045597134,2307.9972748023188
830.5,0.0066388994,1628.8442191795702
830.6,0.0066220183,1517.79524369529
830.7,0.0041520866,1543.1992564573006
830.8,0.0003255692,5551.35810302342
830.9,0.0009947345,7716.782489841454
831.0,0.0019243889,4701.862960298359
831.1,0.0028059864,2776.216979013512
831.2,0.0022009858,2428.990273893128
831.3,0.0015312202,2344.930325390097
831.4,0.00017501407,7306.695998938642
831.5,8.7935965e-05,10321.732472594764
831.6,7.7683646e-05,10894.412051016781
831.7,7.459723e-05,11250.513395531563
831.8,8.469844e-05,10703.18394425038
831.9,8.083902e-05,11565.717211037145
832.0,8.137464e-05,11566.102348001246
832.1,7.601669e-05,11202.291553268396
832.2,9.465089e-05,10643.72302136842
832.3,6.787294e-05,11055.639810178849
832.4,0.0064759147,2688.990774110778
832.5,0.006667377,2355.594963790455
832.6,0.004787564,1460.807839961919
832.7,0.0025733719,2383.7559421575934
832.8,0.0010062497,2939.452977509181
832.9,0.00021867668,8139.039154573105
833.0,8.831027e-05,10545.928274118842
833.1,9.8358316e-05,9917.835418216597
833.2,7.442628e-05,11015.22579722339
833.3,9.159051e-05,10274.42065936697
833.4,8.117052e-05,10741.573011816896
833.5,7.043558e-05,11497.99255280945
833.6,7.6876655e-05,11204.582330566162
833.7,8.381346e-05,11391.532919305684
833.8,0.0056242016,2537.65929409162
833.9,0.00096428156,4702.841594332265
834.0,0.007323005,2281.1334061072484
834.1,0.006540844,2195.6001050490954
834.2,0.0008162742,3541.588178781284
834.3,0.0013993817,3775.9435523201846
834.4,0.0013791189,3429.3954088991422
834.5,0.0004189702,6306.982765332615
834.6,0.00078331435,4712.6938342562125
834.7,0.00058588374,4524.102993319644
834.8,8.608211e-05,9985.667558033872
834.9,7.711288e-05,11090.932620556896
835.0,7.7725905e-05,10892.052784931591
835.1,7.5732685e-05,11018.528422420613
835.2,7.745222e-05,11432.491385180314
835.3,7.806565e-05,11421.982050410963
835.4,0.00010930992,9862.7214552527
835.5,7.423416e-05,10930.84739439112
835.6,8.384148e-05,11095.229062395003
835.7,8.1464124e-05,11010.455290403068
835.8,7.222555e-05,11339.975179660758
835.9,8.118962e-05,11546.960376879035
836.0,7.5517375e-05,11202.088088306456
836.1,7.062329e-05,10945.759324683602
836.2,7.762324e-05,11170.217168939906
836.3,7.794009e-05,11273.735589325119
836.4,7.851999e-05,11554.190454642016
836.5,7.479844e-05,10792.715536184653
836.6,7.0200505e-05,11554.602765945974
836.7,7.9347956e-05,10873.15055793197
836.8,7.9488585e-05,11418.136198499458
836.9,0.0029272325,7399.521580329185
837.0,0.0068200044,5357.147806061597
837.1,0.001421952,5054.606661455426
837.2,0.00734297,3082.6015224975326
837.3,0.00043495366,6314.798280967385
837.4,0.0013998138,3252.722898880385
837.5,9.031885e-05,8966.240827763788
837.6,7.27235e-05,10350.921069513732
837.7,7.469298e-05,11216.395085822058
837.8,0.00019607878,10392.00403566986
837.9,0.003202595,5471.638018313861
838.0,0.0041392744,5341.147559675933
838.1,0.0033218141,5848.592905076447
838.2,0.0020922134,5719.737539091671
838.3,0.0010559733,5937.947133827774
838.4,0.00010243201,8997.008048013337
838.5,8.232864e-05,9616.919167259923
838.6,0.009472108,2540.0721229467476
838.7,0.008710102,1917.2707456160829
838.8,0.025603967,3643.5372369034512
838.9,0.03517768,3632.053655229574
839.0,0.013046084,2476.4753985883854
839.1,0.009785412,2731.532540231171
839.2,0.0064803017,3718.2530303376598
839.3,0.005656685,3457.265764364418
839.4,0.00050164293,5550.3248235785795
839.5,0.0019856382,5712.332741143203
839.6,0.0022893006,5483.793680731062
839.7,0.0012042248,5340.594629052987
839.8,0.000125922,8992.295741487458
839.9,0.02702578,3354.544178568309
840.0,0.014707634,5374.091032697061
840.1,0.021369535,4276.165267908346
840.2,0.0017349581,7436.527934415271
840.3,0.011344639,6058.628142427254
840.4,0.003597817,6302.79422886083
840.5,0.009766124,3804.07039641811
840.6,0.0097073335,3213.283646912695
840.7,0.0087485965,2388.8371260375234
840.8,0.00050580536,4968.687404756848
840.9,0.02057541,3302.9773329945074
841.0,0.0026756502,3218.879318288394
841.1,0.0003491748,5875.377381055774
841.2,0.029378707,3831.5261191231566
841.3,0.010920734,3055.7938291138894
841.4,0.016862573,3935.3505631806347
841.5,0.020472698,4199.447843197385
841.6,0.004719373,4130.717614419806
841.7,0.022939451,3746.574962932475
841.8,0.03825716,3707.4779951579535
841.9,0.021328777,3822.4331240846072
842.0,0.019656483,3257.46199106068
842.1,0.0050530266,4010.3156307610934
842.2,0.0060983044,2267.218297308425
842.3,0.008135276,3962.822464408054
842.4,0.008588794,4633.001543315697
842.5,0.0019196868,5084.279635776064
842.6,0.00013963164,7840.306316950566
842.7,8.808032e-05,10174.25914801778
842.8,7.808581e-05,10827.658798972017
842.9,7.35799e-05,11575.188946567047
843.0,7.508541e-05,11468.27014957129
843.1,7.609999e-05,11617.837921294107
843.2,7.298413e-05,11135.482885323114
843.3,7.631262e-05,11525.511599874822
843.4,7.416546e-05,11555.358195382454
843.5,7.733698e-05,11410.851131699283
843.6,0.009176522,3239.7473381587997
843.7,0.012518352,3267.621079702098
843.8,0.014573447,3128.1125723618297
843.9,0.001093983,7096.539479354912
844.0,0.0036967446,5383.852405096664
844.1,0.0037093528,3946.0135187060137
844.2,0.0027098435,3606.3278723674057
844.3,0.0006965226,5364.536662921315
844.4,0.0003681918,6164.973878479907
844.5,8.947925e-05,10040.396553429973
844.6,7.50508e-05,10921.689785830833
844.7,7.200737e-05,10929.931187438051
844.8,7.4277195e-05,11330.321186609985
844.9,7.5236516e-05,11696.577527509377
845.0,7.67748e-05,11252.145768531022
845.1,7.3895986e-05,11426.622796423932
845.2,0.0050701373,1985.7108222239358
845.3,0.016159313,3814.3339784015498
845.4,0.02873689,5080.362639664081
845.5,0.022076525,4423.249142935323
845.6,0.011696852,7989.351588363206
845.7,0.007406781,2726.4321094293955
845.8,0.011744041,2985.911886446662
845.9,0.01409763,3854.977448511262
846.0,0.026327364,3637.649596959477
846.1,0.025570368,3506.072688145569
846.2,0.025753843,2945.867256763583
846.3,0.017919376,4263.779523975775
846.4,0.012020684,2023.0839108082932
846.5,0.0067036743,1720.3723529666622
846.6,0.007199939,3173.511460805519
846.7,0.0018062433,3688.733082771093
846.8,0.0008215416,5347.129227540457
846.9,0.0011485456,5376.549316154101
847.0,0.0001812263,7472.2545039072465
847.1,0.01033921,4044.512515970999
847.2,0.0055901133,3654.16460513217
847.3,0.019550925,3070.492571407238
847.4,0.0023524715,4161.828973451162
847.5,0.005115252,3280.1637749257716
847.6,0.0014671815,5664.62958100859
847.7,0.01273351,1010.660923778762
847.8,0.009238338,2383.360448258485
847.9,0.0019838999,4152.934277266284
848.0,0.0048124143,3678.1043056333992
848.1,0.007823444,8019.3187965607995
848.2,0.008908258,5224.282377874348
848.3,0.014696595,2598.8619917495685
848.4,0.009775111,2904.588313644923
848.5,0.0020730526,5096.07550137565
848.6,0.0052188383,3170.787660412944
848.7,0.0008346514,4332.971752966467
848.8,0.00013951393,8355.789513787884
848.9,9.149372e-05,10269.362307294645
849.0,7.6894656e-05,10741.45488239506
849.1,7.313008e-05,11297.432908781384
849.2,7.930456e-05,11539.966706958128
849.3,6.937568e-05,11121.081581506436
849.4,7.400894e-05,11192.16372794879
849.5,7.99197e-05,11648.57478620664
849.6,8.2370876e-05,11546.086122399789
849.7,7.225826e-05,11256.961898424874
849.8,7.279357e-05,11438.187349880307
849.9,7.7649995e-05,11488.898604278349
850.0,8.015419e-05,11558.036966072676
850.1,8.056025e-05,11394.435429471056
850.2,0.022388099,1480.4822121669135
850.3,0.018999204,2411.1314588521886
850.4,0.021155423,1516.9090581311577
850.5,0.015815694,6078.33401901068
850.6,0.0020719953,3513.1408703146744
850.7,0.016850365,3914.6951529137336
850.8,0.009763835,8993.900979324037
850.9,0.0054384214,8083.30440446375
851.0,0.043369897,2818.8814733951926
851.1,0.018299393,2378.235496376904
851.2,0.005183083,3172.7563471474896
851.3,0.0144981295,2665.2864631257344
851.4,0.035694726,2730.6746191307666
851.5,0.010367161,3414.1880619026033
851.6,0.00096968404,3597.648404746814
851.7,0.004621213,4855.997167757282
851.8,0.0060551385,4995.655977798161
851.9,0.0009873885,4923.7221902645
852.0,0.0067473,5111.4989075624835
852.1,0.042118967,3446.708167885637
852.2,0.03987567,4195.2141343817875
852.3,0.0034840114,7190.719910066534
852.4,0.057371408,4106.058193461727
852.5,0.020511638,2317.4104415431525
852.6,0.017697847,3055.498570622311
852.7,0.014581575,7996.072901685819
852.8,0.008548994,3669.91496201062
852.9,0.007948843,2933.0864779817057
853.0,0.004569269,3560.40579995621
853.1,0.036716606,3472.9878699487213
853.2,0.031867094,3536.115417445325
853.3,0.022425005,2410.4143751028323
853.4,0.01189955,2883.616821871488
853.5,0.010256834,4804.945119840809
853.6,0.0090917135,3498.2066288513442
853.7,0.052586287,3052.367141714677
853.8,0.009503104,3693.154750433212
853.9,0.0049644257,2809.388225407847
854.0,0.003928769,3287.93358916948
854.1,0.0015599327,3866.1786703852567
854.2,0.000119984994,7967.486099397153
854.3,8.506205e-05,9931.809447748814
854.4,8.117299e-05,11331.801682720017
854.5,6.821244e-05,11192.456947835164
854.6,7.3570656e-05,11426.189977391492
854.7,7.5278214e-05,11556.667412660121
854.8,7.456151e-05,11512.867382282884
854.9,7.292748e-05,11549.208150660317
855.0,9.623622e-05,10125.939069644162
855.1,0.0028065813,5696.868159887603
855.2,0.014165987,1852.5552557941749
855.3,0.0058203763,1809.5724229183534
855.4,0.00026336158,6698.710139812054
855.5,0.0001403593,8969.77945341029
855.6,0.008796572,7225.150923028628
855.7,0.016663482,5991.466437586074
855.8,0.0147579415,6223.348769136219
855.9,0.006413822,7377.309910459129
856.0,0.00043895788,5707.187927625913
856.1,0.02956374,2333.620198144778
856.2,0.004875004,2760.5804281905803
856.3,0.05712509,3467.8413668866187
856.4,0.0032256783,3256.5189419203107
856.5,0.04125517,3398.73228023543
856.6,0.013346796,3365.023763531321
856.7,0.016134273,3190.2382426465356
856.8,0.0070071113,3382.811199127684
856.9,0.003033003,5978.935574109955
857.0,0.00032800366,6062.857056604835
857.1,0.00014217275,8751.27208409842
857.2,9.832932e-05,9948.820550667011
857.3,7.35925e-05,11013.421135842867
857.4,7.242429e-05,11420.70835448317
857.5,7.1273374e-05,11252.511585111562
857.6,7.3945186e-05,11237.967327887694
857.7,7.202912e-05,11356.665309500253
857.8,7.414952e-05,11373.10707245495
857.9,0.017733566,1426.6243353413597
858.0,0.024186345,2350.366513189729
858.1,0.024553224,2110.7505844184307
858.2,0.008771148,1838.2320761112023
858.3,0.0036031895,6589.896449442366
858.4,0.0009977908,7538.394419185672
858.5,0.02905383,3339.5833019337656
858.6,0.00087824534,3976.4498563921093
858.7,0.0018784689,6135.568183567423
858.8,0.00017092541,7961.317681049757
858.9,0.0028676332,4729.109479137049
859.0,0.010351334,5382.289135876026
859.1,0.011330622,2074.4303668398998
859.2,0.033888157,3720.854990099712
859.3,0.038232874,3610.3442715197225
859.4,0.008179547,2381.649847440818
859.5,0.0532261,3749.7992545156603
859.6,0.026713494,3958.859227706822
859.7,0.020562528,4593.993320335119
859.8,0.0072345827,4056.491128774999
859.9,0.004458148,2873.6826497355887
860.0,0.006437421,4186.950427503227
860.1,0.0049335104,5610.485977008289
860.2,0.0007742061,5172.949673493716
860.3,0.00012913543,8476.776121853049
860.4,9.417906e-05,10209.777782531532
860.5,7.783022e-05,11063.635197897911
860.6,6.84004e-05,11054.141490590153
860.7,7.284457e-05,11558.860436285486
860.8,6.688209e-05,10954.643705250086
860.9,7.995814e-05,11558.214952925391
861.0,7.7163015e-05,11450.58982291938
861.1,7.40922e-05,11615.165528980677
861.2,7.196009e-05,11260.186414315604
861.3,0.01166759,3811.764259877534
861.4,0.016427692,10379.649800287734
861.5,0.023151055,4143.577826976625
861.6,0.042220253,3933.66893868456
861.7,0.024049042,3739.0483284088887
861.8,0.03250997,3473.6479113346636
861.9,0.003709015,5366.978857173204
862.0,0.010032834,4033.1247861826437
862.1,0.013421323,5000.605355709209
862.2,0.01143515,5272.436175296994
862.3,0.00047645153,5136.357316151434
862.4,0.00013368159,7692.344042696619
862.5,8.992521e-05,9842.678516223928
862.6,8.0371814e-05,11055.920390505953
862.7,7.2925766e-05,11410.941709339135
862.8,7.6103504e-05,11203.990000515065
862.9,7.6397955e-05,11554.820372726008
863.0,0.00022482891,11178.105591692389
863.1,0.014817981,10936.184921953616
863.2,0.016888794,4600.665472861461
863.3,0.007080324,4441.99724413337
863.4,0.0141703915,2661.6170218980938
863.5,0.014821173,2458.170234924472
863.6,0.017628497,3016.941975396564
863.7,0.030281138,3140.168040189061
863.8,0.016389322,1908.1629649471909
863.9,0.035862695,4240.605056763039
864.0,0.038246743,3234.7228477259705
864.1,0.010501294,7226.9055939440495
864.2,0.013955048,1815.8860801838916
864.3,0.0018199228,2477.289887260459
864.4,0.013809035,2978.8377964648207
864.5,0.009551188,3197.8994379833725
864.6,0.0107216025,3387.5493978875957
864.7,0.009265618,3903.927900970958
864.8,0.0007562888,5064.4530795996325
864.9,0.0028891477,5154.457535469711
865.0,0.0019314548,5038.929361324227
865.1,0.008126744,5747.198308015087
865.2,0.04347397,4327.31039454574
865.3,0.03316064,3492.3925881150803
865.4,0.021362621,4158.055735270434
865.5,0.01211554,4863.232382682467
865.6,0.0048909704,3629.633078431669
865.7,0.009870533,3315.179313920743
865.8,0.0006939111,3847.7584515462586
865.9,0.029388117,3585.5960522324604
866.0,0.029853811,3959.8999742824194
866.1,0.013445078,6949.515693671051
866.2,0.07250585,3947.6183505575573
866.3,0.019140178,3468.2931224139165
866.4,0.04594574,3776.793263017349
866.5,0.034194946,3309.9748546193064
866.6,0.017458599,4030.8605256306673
866.7,0.006413421,4594.473620700508
866.8,0.0022590484,4814.4363082796335
866.9,0.00035146732,5613.820914201902
867.0,0.00011785771,8635.330656547521
867.1,9.234898e-05,10533.967243897872
867.2,7.7608034e-05,11463.003544957584
867.3,7.954001e-05,11406.350057957643
867.4,7.0475624e-05,11433.762247428613
867.5,7.6085045e-05,11313.996502254327
867.6,7.5113836e-05,11616.407183380927
867.7,7.2731906e-05,11286.427293268569
867.8,7.409888e-05,11403.527230846408
867.9,7.34192e-05,11295.889217119886
868.0,7.3785995e-05,11543.895136211888
868.1,7.676401e-05,11534.434063357196
868.2,7.25017e-05,11489.024970406099
868.3,7.580701e-05,11705.116734253095
868.4,0.0033219215,5130.962471997193
868.5,0.0093444055,2447.066505000503
868.6,0.020187369,2774.045244667972
868.7,0.02546962,1985.9105975115247
868.8,0.030793758,3338.164624773926
868.9,0.015437864,4052.4530434938
869.0,0.020167226,3252.361893632121
869.1,0.014573443,9302.699758004459
869.2,0.018628236,10720.630967065328
869.3,0.011971478,3813.8883177780276
869.4,0.009033366,2477.9369003251736
869.5,0.008533282,4408.188731776322
869.6,0.014929631,10085.149237987254
869.7,0.003835266,4552.960790923937
869.8,0.0043472247,4854.772136954611
869.9,0.0028351683,4487.488340612171
870.0,0.0002530861,5976.237385111128
870.1,8.924465e-05,10008.832012276203
870.2,7.855558e-05,10910.431372025096
870.3,7.295192e-05,11592.376950124497
870.4,7.2816576e-05,11108.814280500093
870.5,7.6921126e-05,11557.566980760777
870.6,7.4079486e-05,11341.486445326831
870.7,7.7087825e-05,11636.597892849264
870.8,7.946497e-05,11268.029064061984
870.9,7.286071e-05,11319.256789640043
871.0,0.03798221,3252.5849898316014
871.1,0.0021575445,2908.620946287097
871.2,0.024771484,3419.1876570993654
871.3,0.026947116,3759.547759021033
871.4,0.016141357,8551.25691791522
871.5,0.0028400475,4912.36372088646
871.6,0.010540223,2627.0453712046246
871.7,0.008693717,2794.235255291918
871.8,0.005936767,8148.5042429943205
871.9,0.011288113,3018.660348380166
872.0,0.03425999,3760.5020627404983
872.1,0.021740174,3958.5942236003903
872.2,0.012920578,3227.8777959705326
872.3,0.0071821027,3920.309304609158
872.4,0.00084473874,5151.288990052097
872.5,0.0010565222,5260.827126186785
872.6,0.0021460152,5570.101599658099
872.7,0.0017700585,5452.50491889981
872.8,0.00022570009,7301.2128560966485
872.9,0.008519302,4691.295496142255
873.0,0.023923734,3222.6814393050313
873.1,0.010607177,4364.314314387637
873.2,0.01082664,10502.33086252872
873.3,0.008382511,3108.0621281368713
873.4,0.009309953,2892.511569382548
873.5,0.010967422,2898.054384811526
873.6,0.0055387276,10308.53018338995
873.7,0.023724694,3568.8532251308143
873.8,0.008640669,4514.686740220983
873.9,0.013798512,2904.9042853563415
874.0,0.009059866,2054.0269121644415
874.1,0.0082254205,2725.978120313498
874.2,0.00496103,2753.162155767922
874.3,0.00022123069,6776.193006184057
874.4,0.0013219134,5908.716013433757
874.5,0.0010010034,5563.435910386015
874.6,0.00010348286,9609.382568414496
874.7,0.041904878,3595.370467624743
874.8,0.027003968,3561.819630094444
874.9,0.016585562,10255.856795337488
875.0,0.013773818,3390.077259343348
875.1,0.014765053,3135.1095567048296
875.2,0.021871502,3325.244868110549
875.3,0.00059804687,4699.274187263205
875.4,0.029101832,3137.654670251547
875.5,0.034779746,3657.5889153479675
875.6,0.0149469655,3063.924514051404
875.7,0.002613562,3758.74361733384
875.8,0.0014429918,5052.5784203657895
875.9,0.008324793,2489.4618162369825
876.0,0.007158892,2723.861866309865
876.1,0.0042208205,8447.172486998308
876.2,0.0060811723,6199.631678227724
876.3,0.04343893,3625.8424900498994
876.4,0.0013647056,4080.5964807098026
876.5,0.011319673,2935.788162489185
876.6,0.005190949,3282.2488999043194
876.7,0.0015483962,5711.799943322141
876.8,0.0011093214,5609.824468451552
876.9,0.0012721963,6837.157576290125
877.0,0.00089414255,5194.653265104247
877.1,8.808892e-05,9239.79168273459
877.2,8.074728e-05,10732.339482614596
877.3,7.950007e-05,11393.544347119258
877.4,7.458645e-05,11456.905895014208
877.5,7.6602184e-05,11351.62266649269
877.6,7.459738e-05,11312.929774285025
877.7,7.798492e-05,11569.212950781197
877.8,6.966986e-05,11240.285640459446
877.9,7.371419e-05,11475.477597948822
878.0,7.089418e-05,11625.633772570905
878.1,7.5693584e-05,11563.832330235198
878.2,7.750728e-05,11577.057513322936
878.3,7.460822e-05,11233.324041216008
878.4,7.591868e-05,11384.230017444097
878.5,7.3323106e-05,11448.907019288556
878.6,8.230921e-05,11545.43433543267
878.7,7.47812e-05,11240.545684425771
878.8,0.006092775,6785.601517487781
878.9,0.029014047,4123.392852705527
879.0,0.08042755,3680.331001883256
879.1,0.0036246518,4077.637775171369
879.2,0.030045759,3617.1888136075763
879.3,0.035585444,3772.477964491404
879.4,0.043901388,4044.641181502435
879.5,0.012362186,3482.592700826621
879.6,0.006562698,3779.8316307141927
879.7,0.011066545,4105.107020427061
879.8,0.0021255484,4245.440181040543
879.9,0.008747462,5795.489302198276
880.0,0.021305555,1932.560738884701
880.1,0.037355047,3214.436169781899
880.2,0.003491276,6818.901702191142
880.3,0.025446318,7515.542487946859
880.4,0.017532388,3881.859192156827
880.5,0.012380655,3958.418439188505
880.6,0.0060463245,4132.952300506401
880.7,0.00027100355,5616.115481353401
880.8,0.0003723474,5327.874593794519
880.9,0.00066001946,4837.263432130314
881.0,0.00032866804,5519.145418693157
881.1,9.671541e-05,9273.815141677786
881.2,7.36079e-05,11106.380344920459
881.3,0.036478,2958.2339099567566
881.4,0.03868485,3218.6230086317646
881.5,0.0180213,7054.220606885749
881.6,0.0193411,5486.262152760702
881.7,0.035928242,2065.111790225781
881.8,0.033362348,1785.3743792082641
881.9,0.010428541,1513.3735984901157
882.0,0.019051133,8184.95921765717
882.1,0.02420403,3305.576010638554
882.2,0.00037450952,4823.048591196369
882.3,0.005515179,8351.088045210989
882.4,0.06691171,3307.5092153602704
882.5,0.030701274,3613.2217321582602
882.6,0.033082187,3534.4529722444304
882.7,0.04092245,3541.8001734842082
882.8,0.00262917,3195.531249861463
882.9,0.016207675,8038.88466104113
883.0,0.012592004,3917.9691324529786
883.1,0.007890062,3512.275067991745
883.2,0.003583317,3180.7145960404814
883.3,0.00027367135,5884.96644430777
883.4,0.000120386096,8660.0967895996
883.5,8.3965075e-05,9853.42690041101
883.6,7.835514e-05,11315.08536270889
883.7,7.442605e-05,11487.747411767548
883.8,6.767906e-05,10823.469380475952
883.9,7.1672934e-05,10767.45811328775
884.0,0.060399562,3443.2601659584607
884.1,0.05107433,2336.0927140102003
884.2,0.05605296,2227.2064452545487
884.3,0.054702353,2952.7102551170346
884.4,0.009957723,2602.1422126256593
884.5,0.014911604,4161.238645237247
884.6,0.048455805,2945.7676501934525
884.7,0.015566632,10124.46980238385
884.8,0.0473857,4315.744970255172
884.9,0.08295592,4535.976554155215
885.0,0.008586473,4596.89809185461
885.1,0.042225543,3375.2085099741525
885.2,0.031553518,3420.6512242522717
885.3,0.015607611,2927.5822249687544
885.4,0.001961419,5612.859352000426
885.5,0.016588157,3552.890079971332
885.6,0.010342725,2790.2167038447724
885.7,0.0092752585,3785.6485015671005
885.8,0.00901114,4536.563422587937
885.9,0.0075982767,5083.523512450787
886.0,0.00070695265,4460.927046173405
886.1,0.00011782809,7622.892387993843
886.2,7.657347e-05,9651.978005761546
886.3,7.37366e-05,10832.298838365201
886.4,7.932474e-05,11523.237211479087
886.5,7.322456e-05,11515.29030233063
886.6,7.5227945e-05,11559.369666282051
886.7,6.825502e-05,10738.422827382576
886.8,7.183271e-05,11333.899067487178
886.9,6.730763e-05,11124.847178742248
887.0,7.249555e-05,11524.340528077373
887.1,0.02405471,3265.73621120454
887.2,0.016408736,3867.8831638965303
887.3,0.026011257,10883.377898407407
887.4,0.044556167,4212.049060430499
887.5,0.0031155827,6027.995729874188
887.6,0.019252611,3495.7554713837676
887.7,0.010277892,2702.327295712731
887.8,0.011777274,3083.137193314013
887.9,0.00447479,4077.5208183999157
888.0,0.00031924402,6003.666045320504
888.1,0.00012474056,9160.208489585464
888.2,8.114047e-05,10459.500469667646
888.3,7.379903e-05,11191.503861065308
888.4,7.202351e-05,11421.43435564686
888.5,0.00015623953,11616.23655413762
888.6,0.023207778,4199.5805714473345
888.7,0.06041119,4723.980106925675
888.8,0.0013635441,4582.7253406781465
888.9,0.041839857,4159.99350190906
889.0,0.050555676,4287.619786414151
889.1,0.015645962,9135.29482859522
889.2,0.0058084726,10346.971206874265
889.3,0.010446726,4245.584217779779
889.4,0.0073397285,4262.418326693172
889.5,0.0034668862,7086.731068557196
889.6,0.008745098,4749.84918888959
889.7,0.0021479912,6372.083152265743
889.8,0.00020257503,8152.447344894459
889.9,0.00012869725,9400.008944475985
890.0,9.0269496e-05,10343.54820645102
890.1,7.2751754e-05,11052.515378936809
890.2,7.1679555e-05,11487.139316215133
890.3,6.475408e-05,10855.858486319767
890.4,7.8258825e-05,11345.866105737532
890.5,7.15243e-05,11272.295693023523
890.6,7.03791e-05,11401.64751889087
890.7,7.301984e-05,11233.117389384444
890.8,7.142044e-05,11125.826515191013
890.9,0.0010212718,4278.529252930686
891.0,0.016352115,2208.9703588362263
891.1,0.020528574,3359.333439018495
891.2,0.008221941,4039.8553733519484
891.3,0.00053963414,4850.188956808813
891.4,0.00015130595,7735.072672480916
891.5,9.863546e-05,9944.621628169261
891.6,8.328088e-05,11581.068716558908
891.7,0.00060604844,5349.112828260544
891.8,0.001081189,4990.178286616128
891.9,0.0005526902,5517.269742895402
892.0,0.00015310613,7318.3949577221365
892.1,9.641982e-05,10166.787056999405
892.2,0.015140252,2900.013845682317
892.3,0.057618424,4083.580910808821
892.4,0.0019728756,2983.722705034687
892.5,0.0011550447,3742.1321095930643
892.6,0.010004,3309.7381711334824
892.7,0.0097954115,2011.4403954645086
892.8,0.034094956,3194.438798507694
892.9,0.033334717,4376.531144981014
893.0,0.033940278,4654.638302499728
893.1,0.0016332973,3396.8123584235454
893.2,0.00058091397,4563.092611314875
893.3,0.0001416394,7686.685759205762
893.4,0.016813522,4122.223818995585
893.5,0.0058498415,4775.318979323596
893.6,0.001526184,6093.416014224732
893.7,0.0003951577,5495.815847635733
893.8,0.00014090797,8397.196151170292
893.9,0.000981776,6585.594740650204
894.0,0.0010373913,6183.988584893588
894.1,0.0005473481,6070.913692498199
894.2,0.00020020714,6535.354006360724
894.3,0.00010746318,9080.313661525788
894.4,8.102897e-05,11251.624098821721
894.5,7.1567294e-05,11448.49595464506
894.6,0.009372086,3889.652238374016
894.7,0.003762626,8760.626395197065
894.8,0.019813804,4045.1621949210107
894.9,0.0032043408,8200.48127678693
895.0,0.013452189,3839.882992788317
895.1,0.0022747028,8869.622088083295
895.2,0.010642299,7790.652910788798
895.3,0.0032991518,4662.047564986996
895.4,0.0001982517,7478.25116253454
895.5,0.016143328,5017.631430999901
895.6,0.015604159,4038.1432575335016
895.7,0.008734637,10256.750307471204
895.8,0.00039488534,7262.1751786819395
895.9,0.0055145347,6921.345256518041
896.0,0.005121568,5113.835357166372
896.1,0.001366464,6069.049321973428
896.2,0.00019849514,7835.893133675992
896.3,0.00010106089,9572.633070692016
896.4,8.615118e-05,10779.317018788832
896.5,7.4342766e-05,11651.3270834113
896.6,7.573459e-05,11572.172119381794
896.7,7.11638e-05,11334.03113320066
896.8,7.185829e-05,11228.537988135793
896.9,7.095792e-05,11307.402745799556
897.0,6.887624e-05,11074.095380983723
897.1,8.2386476e-05,11456.574163225534
897.2,6.752978e-05,10982.610949083682
897.3,0.0020938064,3806.3002922356836
897.4,0.011031156,3033.1024155321265
897.5,0.017002668,4070.922401234137
897.6,0.029537594,3829.4221238655855
897.7,0.0046702703,7349.182509990705
897.8,0.01987354,3196.8153306408194
897.9,0.002040487,6526.324745140189
898.0,0.007824004,4347.594979611193
898.1,0.011686207,7100.861454717571
898.2,0.009278602,6629.282256671734
898.3,0.0016869513,4226.238980795628
898.4,0.042523693,3894.892529326141
898.5,0.008994598,3001.593723098728
898.6,0.006025607,3155.8346908521735
898.7,0.0005052759,6810.6260472455515
898.8,0.0073091164,6821.922478158596
898.9,0.015956376,3887.891138080168
899.0,0.0141127175,3592.663635962478
899.1,0.006906182,3340.5077232477524
899.2,0.0034033821,3317.9385038642304
899.3,0.003083357,3265.898843426504
899.4,0.0030157354,3875.718000612279
899.5,0.0006453594,4987.750965876601
899.6,0.00012340336,8741.020199680972
899.7,8.201736e-05,10346.833561361775
899.8,8.0411344e-05,11266.529877406705
899.9,8.084425e-05,11667.238667108599
900.0,6.920184e-05,11188.45730404264
900.1,6.877404e-05,10930.517141099277
900.2,0.006241233,3658.5204346375017
900.3,0.035254147,4118.7999264785385
900.4,0.00220113,3230.9146188231744
900.5,0.00039446985,5211.603376855615
900.6,0.0037089011,5011.389297201302
900.7,0.0033389123,5265.105967598055
900.8,0.00066932215,5510.133008568055
900.9,9.944052e-05,8986.357177614873
901.0,7.631e-05,10960.432515447012
901.1,7.8483194e-05,11599.592790126873
901.2,7.477022e-05,11399.825667491867
901.3,8.3493534e-05,10687.592899184605
901.4,7.388784e-05,11243.47919285898
901.5,7.595158e-05,11368.02462397188
901.6,7.8228855e-05,11638.82525234299
901.7,7.09763e-05,10733.491072546281
901.8,7.3940595e-05,11763.545450069481
901.9,7.7856756e-05,11002.758836548895
902.0,8.108219e-05,11060.540561862059
902.1,2.750473e-05,9576.646651762016
902.2,2.5535193e-05,9618.406466386106
902.3,2.6520036e-05,9938.79551678156
902.4,2.5598098e-05,9822.340803352165
902.5,3.3573117e-05,9428.36030674403
902.6,2.4201141e-05,9781.682453043886
902.7,3.2157466e-05,9375.802655398205
902.8,4.860469e-05,8980.057926931684
902.9,0.0088222725,2038.0031284367044
903.0,0.009644653,2287.253091291733
903.1,0.0012672067,2402.9924681593743
903.2,0.004814285,2433.075885328369
903.3,0.0062306374,1740.8763130589155
903.4,0.0057225213,1324.9165671478331
903.5,0.005798997,7132.795240894216
903.6,0.0007309761,6203.0223830258265
903.7,0.002682821,5126.5134062194065
903.8,0.004650415,1649.1342820198765
903.9,0.0066160997,1124.084465214804
904.0,0.0017153488,1534.1530434930407
904.1,0.0003435389,3414.856343808603
904.2,0.00064438017,3456.3903293552594
904.3,0.00019801385,4510.300659951112
904.4,4.924045e-05,7409.850186080182
904.5,4.2159674e-05,8609.318918030332
904.6,2.5344469e-05,9711.208358595206
904.7,0.0012478781,6403.770245348048
904.8,0.02663608,1473.7031530217648
904.9,0.04576501,1198.5609863357888
905.0,0.0241495,875.1162563022641
905.1,0.016746672,1479.173123296349
905.2,0.007660928,1543.7694847897
905.3,0.0008547052,1973.9387173579823
905.4,0.0022909606,1977.7986975241965
905.5,0.0050214413,1863.1766981973751
905.6,0.0021938377,7202.123241723231
905.7,0.0021466422,3315.469649651835
905.8,0.0006643364,4427.125241660732
905.9,0.0045696446,1838.1021491718996
906.0,0.0037778865,1751.0453197644397
906.1,0.0032520958,1737.6575495245274
906.2,0.00046505372,3711.736670856223
906.3,4.5928973e-05,7343.6108621311105
906.4,3.8080427e-05,8883.379239592134
906.5,5.632345e-05,8433.346706379521
906.6,3.3095952e-05,9151.354579267616
906.7,2.5696512e-05,9562.290385797402
906.8,0.0023972143,4165.673658892473
906.9,0.0018678515,7474.807896564562
907.0,0.004774807,6076.480016740674
907.1,0.0006333965,4784.444264597558
907.2,0.008122174,1797.9150602473267
907.3,0.0108253015,1643.117911231556
907.4,0.005847692,1940.2297560399795
907.5,0.0006094353,2821.3850972916325
907.6,0.0030687654,2274.7319950220085
907.7,0.0006949477,6027.415165130764
907.8,0.001670308,6582.564823810648
907.9,0.001668697,1955.3293098779473
908.0,0.0016995359,2158.4382423717575
908.1,0.0013007472,8050.070114016785
908.2,0.00065255095,9017.402185168645
908.3,4.6355664e-05,8428.019372329833
908.4,4.2247124e-05,8720.039046817237
908.5,2.6705851e-05,9682.764117364668
908.6,2.5338006e-05,9827.820829428747
908.7,2.4243032e-05,9654.013062109396
908.8,3.9745388e-05,8867.882475069166
908.9,2.516893e-05,9861.807839872967
909.0,3.6246143e-05,9437.515651092352
909.1,2.5649491e-05,9633.304986520654
909.2,2.518214e-05,9644.357152965564
909.3,2.669737e-05,9757.42890400338
909.4,3.4016484e-05,9085.516435827321
909.5,3.413437e-05,9569.59399471576
909.6,2.5625992e-05,9651.163878542831
909.7,2.6125123e-05,9833.184706328655
909.8,3.2138338e-05,9378.829227535396
909.9,2.5602849e-05,9543.712957763431
910.0,2.6055608e-05,9507.833242261437
910.1,2.57947e-05,9784.247428325052
910.2,2.54756e-05,9602.837142623142
910.3,2.6191354e-05,9635.80489985592
910.4,2.6830796e-05,9559.865937117473
910.5,0.0031093494,1549.6709517396066
910.6,0.014677306,1404.3813429083903
910.7,0.010750259,1667.8395619613896
910.8,0.0032576893,7468.158638202878
910.9,0.008143553,2074.240711081432
911.0,0.008565048,998.4576694949842
911.1,0.0010574152,2283.869428417778
911.2,0.000911035,3219.831425154401
911.3,0.0010333412,3304.7231885356246
911.4,0.0010998901,2582.417849860871
911.5,0.0037116902,1992.751667743041
911.6,0.00096525846,3152.4979774465937
911.7,0.0007699151,2439.428928953484
911.8,5.7803732e-05,7002.544496730088
911.9,3.4355053e-05,8285.646703139646
912.0,2.6274834e-05,9673.2542283323
912.1,2.5655443e-05,9660.338685367962
912.2,2.5540421e-05,9949.556437710775
912.3,2.602228e-05,9940.385686436108
912.4,3.5368314e-05,9590.013134596838
912.5,0.0044813384,2454.966357517728
912.6,0.0037973837,1699.576652234633
912.7,0.002182252,2771.0183700387493
912.8,0.0056767003,1916.560527774789
912.9,0.002375906,2055.4774442581365
913.0,0.0012144609,2292.558217327214
913.1,9.31653e-05,5580.325423044347
913.2,4.2324762e-05,7820.36780318301
913.3,2.6789345e-05,9175.087696612049
913.4,2.726982e-05,9588.33252013243
913.5,2.6085341e-05,9682.059045161812
913.6,3.1297364e-05,9086.790674398902
913.7,2.6068818e-05,9671.02218849427
913.8,3.6151272e-05,8859.585124694102
913.9,0.0009714501,7107.109283956573
914.0,0.0029138234,5849.219793102096
914.1,0.011270382,1045.577388764271
914.2,0.005970333,1154.4393901377612
914.3,0.0023629942,6286.609058753708
914.4,0.002416548,2667.781445101253
914.5,0.0003865567,4958.097931349923
914.6,0.001403216,2816.8594194669868
914.7,0.00010815037,5217.4741416248235
914.8,3.618518e-05,8064.802479562406
914.9,3.035608e-05,9024.307445096401
915.0,2.6039537e-05,9597.536156148199
915.1,2.6155381e-05,9787.687709711485
915.2,2.6211155e-05,9935.363696110737
915.3,2.6377737e-05,9680.864407087167
915.4,2.5087955e-05,9519.899536595123
915.5,2.5700216e-05,9600.94584035418
915.6,2.9144338e-05,9316.957191478863
915.7,0.010722501,2402.0702761031253
915.8,0.009236593,1812.3814443248734
915.9,0.009187699,2197.784909250061
916.0,0.004712099,1843.7614589070622
916.1,0.0011084392,2186.650938031205
916.2,0.0036263836,1847.4585702852532
916.3,0.00016263087,4506.164037230743
916.4,6.487236e-05,6572.861086002619
916.5,0.001848823,5754.439792011158
916.6,0.0022854349,4811.297934881589
916.7,0.00061081426,3994.9806319160416
916.8,0.0015319381,2695.2710467777024
916.9,0.0004768333,3196.562737946043
917.0,6.0761755e-05,6917.507123904255
917.1,3.097852e-05,8913.762131338972
917.2,2.6515028e-05,9688.999470696719
917.3,2.518572e-05,9619.039624116514
917.4,2.8281469e-05,9508.714209570306
917.5,2.6522845e-05,9870.274811525083
917.6,2.622935e-05,9784.303924667995
917.7,2.5497204e-05,9905.658148910356
917.8,2.6702048e-05,9554.018099197243
917.9,3.830961e-05,8887.106225709193
918.0,0.0035592706,2256.707772785933
918.1,0.01236546,1696.490249669407
918.2,0.010516887,976.3653055098882
918.3,0.0048920545,5513.626007689719
918.4,0.01727404,1542.433668378035
918.5,0.013927213,1389.5047140335487
918.6,0.015317338,1446.7848348485925
918.7,0.013027122,1168.608564788847
918.8,0.009375379,1459.4919357505926
918.9,0.013951343,1227.5108578246047
919.0,0.010450635,939.6118181366136
919.1,0.0058659697,939.6019195185113
919.2,0.00020208421,4038.3189587568454
919.3,0.00013423082,5494.341031522074
919.4,4.7639132e-05,7872.686992100281
919.5,2.7064902e-05,9212.32628537091
919.6,2.5837086e-05,9521.37385333421
919.7,2.6808942e-05,9372.24055485778
919.8,2.8364819e-05,9419.714178110542
919.9,0.00011281894,7627.510703906481
920.0,0.0038993163,2249.358021997694
920.1,0.00075807347,3044.7804743464667
920.2,0.00010477067,5484.840394110879
920.3,0.0030985256,2200.51387922646
920.4,0.00050789793,6538.623628725015
920.5,0.0015066175,7304.766964464557
920.6,0.0003380899,4576.500361005692
920.7,0.001169434,2715.5481768195295
920.8,0.0011810823,6598.302779280553
920.9,0.001517993,8707.519451236789
921.0,0.00015351042,7123.299869099185
921.1,2.729925e-05,9623.678208819256
921.2,2.7246413e-05,9471.385840216277
921.3,2.5848345e-05,9551.243946268796
921.4,3.409953e-05,9253.226318282626
921.5,2.7106727e-05,10006.911377529184
921.6,2.5785794e-05,9892.171447340646
921.7,4.346313e-05,9189.60955741673
921.8,3.4291705e-05,9204.695722023203
921.9,2.4969275e-05,9561.285255644412
922.0,2.6197331e-05,9825.369308799416
