timestamp_sec,amplitude_rms,frequency_centroid_hz
0.0,2.0186554e-19,11781.455677165524
0.1,3.0709106e-19,11875.197267627158
0.2,0.0023070383,2470.114262274338
0.3,0.005816755,2737.5343259622796
0.4,0.005250031,2846.7805294576947
0.5,0.0050652763,2025.7301639106213
0.6,0.004512977,1996.219542308009
0.7,0.0013957882,2285.7013834163063
0.8,9.519462e-05,7543.837385902463
0.9,6.414412e-05,7651.583012238831
1.0,0.0024838634,1906.2888425252263
1.1,0.0027234294,1703.9695396261916
1.2,0.0031913212,1674.9853993537938
1.3,0.003188403,1771.2829997689746
1.4,0.002663624,1229.2801027938372
1.5,0.00020122706,5377.321974498813
1.6,0.00042178103,3240.207595248842
1.7,0.00024274965,4343.657184036544
1.8,0.00014327923,5278.572990700595
1.9,0.0001104111,6135.327431257345
2.0,5.129459e-05,8228.75646713475
2.1,0.00096005964,5469.651647514911
2.2,0.004527563,1644.5994453374165
2.3,0.0035114125,1752.8512853140865
2.4,0.003013727,2644.139491816798
2.5,0.0016383805,7911.87864445795
2.6,0.013033446,1794.4416664017033
2.7,0.00442978,2223.105042551728
2.8,0.01002135,1615.7961158351854
2.9,0.0034654983,6718.737615386517
3.0,0.0026537867,3372.5357188704984
3.1,0.0057864296,1632.776487651304
3.2,0.0037793596,1665.9372797651226
3.3,6.9695925e-05,7518.595647464494
3.4,0.004592596,1885.2564910889723
3.5,0.0018922939,1964.0213455473395
3.6,0.0004891667,5592.241494873733
3.7,0.0023730986,2036.577878331112
3.8,0.0055291485,1809.5192878630864
3.9,0.005940006,2510.997528820557
4.0,0.00523283,1840.2362077795092
4.1,0.00024254835,5675.264770704003
4.2,0.004013929,1543.8355562200154
4.3,0.001064174,3403.7260875412194
4.4,0.0033132727,1582.9666707076449
4.5,0.0034656357,1371.989724999345
4.6,0.003080142,1514.022779075475
4.7,0.002836404,6019.698531734921
4.8,0.0014920393,7424.367133687603
4.9,0.0014959722,3874.924988262441
5.0,8.007781e-05,7598.843714608507
5.1,4.2466465e-05,9074.670498879186
5.2,4.0631356e-05,8772.524286162408
5.3,5.592269e-05,8530.328098128677
5.4,0.00011013915,7028.405751922406
5.5,4.678647e-05,8486.857983788412
5.6,5.9135353e-05,6916.649821979703
5.7,4.853039e-05,8926.520169878984
5.8,7.518596e-05,7764.816251466698
5.9,5.1521485e-05,8435.934429670282
6.0,0.00026451887,5373.69648682072
6.1,5.5641813e-05,7527.223782302204
6.2,6.794065e-05,7741.206738183017
6.3,4.212579e-05,9075.481917579309
6.4,5.0111386e-05,8640.00738586347
6.5,4.4302396e-05,8714.973473665723
6.6,5.2824034e-05,7996.699880131331
6.7,3.9899678e-05,8852.153583025882
6.8,6.427745e-05,6858.472559957867
6.9,0.00013898434,5080.0456488556665
7.0,4.4947363e-05,8350.90941513434
7.1,4.34496e-05,8803.752530215917
7.2,3.6451707e-05,9616.239331000059
7.3,4.1026982e-05,8462.841594439922
7.4,0.00038013008,10361.422073864873
7.5,0.00046969217,8064.858288785117
7.6,0.0017568379,6764.145411179205
7.7,0.0007869265,5204.238411705639
7.8,0.00029963366,5624.588179832028
7.9,0.00020568784,4111.201791283005
8.0,0.00025295556,5012.660208588468
8.1,0.00031141605,4046.4282268698244
8.2,0.01766685,1369.794917059547
8.3,0.012173267,2285.2312959303667
8.4,0.009573231,2535.6296199587205
8.5,0.0032923287,8203.791302553529
8.6,0.007266579,2435.3290139941396
8.7,0.0016159617,7208.0491547916445
8.8,0.0046741413,2887.263669484677
8.9,0.0022055146,1945.3294267178726
9.0,0.00023380319,4519.956620269326
9.1,0.00041285562,4267.957434161492
9.2,0.0002724862,4380.699885179638
9.3,8.365335e-05,6739.415407333894
9.4,5.4774093e-05,7736.83921330769
9.5,0.004994184,2473.243823249495
9.6,0.008573053,6349.924571949607
9.7,0.0065215155,2222.730327520596
9.8,0.005783845,2251.7716016056665
9.9,0.006806277,2512.399497869874
10.0,0.0022635171,2783.6551933048036
10.1,0.017311126,1505.948903929862
10.2,0.007021161,1850.5413675306722
10.3,0.00079400855,3644.234752856086
10.4,0.0040416024,2327.502071840458
10.5,0.00827783,2325.943290557591
10.6,0.006881272,3463.714478273316
10.7,0.001193802,4103.993519818921
10.8,0.0015668375,3609.053943977331
10.9,0.00332255,2243.6010951550124
11.0,0.003925033,1631.2192955220617
11.1,0.00028792184,5616.278650250905
11.2,0.001334664,3953.527951797099
11.3,0.004100629,1923.1132085679656
11.4,0.004726748,1598.4246187675312
11.5,0.0034171075,1581.8678851710715
11.6,0.00019312704,6234.544957902002
11.7,0.00021412631,4514.855585451187
11.8,0.0002877767,3906.6023582747785
11.9,0.00016586251,4911.509961077292
12.0,8.154939e-05,6901.368844941217
12.1,0.00095422077,6491.253365771716
12.2,0.011973455,3940.5260891371026
12.3,0.009389994,1654.7181093154109
12.4,0.0006265763,5333.114375311361
12.5,0.009603735,1831.7328135636544
12.6,0.019651428,1018.2135306391315
12.7,0.0041480437,1989.7640706682614
12.8,0.0073357043,1775.9647932054265
12.9,0.003368339,2206.696579831181
13.0,0.0044449745,1936.6673636446396
13.1,0.0039087012,2327.5631523911843
13.2,0.00021595457,5835.844724860238
13.3,0.010144872,1584.0624305478939
13.4,0.0028229163,3017.3702740814965
13.5,0.00094545505,7476.035900878987
13.6,0.006635277,2185.714100610956
13.7,0.0016356774,8460.212457138172
13.8,0.0019136047,4284.169582976353
13.9,0.0038776265,2391.6603613409675
14.0,0.0048905583,2662.8922907504416
14.1,0.0010980964,2660.4719341797463
14.2,0.0047547556,1515.0916512488873
14.3,0.0048255837,1634.5292570589882
14.4,0.0011163016,3695.3417406390736
14.5,0.0040776874,2200.4888136584973
14.6,0.00022957954,5295.341488439277
14.7,0.007983997,1662.5416776218012
14.8,0.0045950767,1746.0954212587153
14.9,0.0016667852,3272.587856942625
15.0,9.069245e-05,7006.87102934149
15.1,0.0018949674,2671.0599466067133
15.2,0.000110197776,6566.734092354849
15.3,4.5348257e-05,8332.195623526502
15.4,4.2268886e-05,8820.748095024044
15.5,5.303438e-05,7957.362663270736
15.6,4.9931627e-05,8438.31795278817
15.7,4.1472977e-05,8683.798517070158
15.8,5.2140324e-05,8497.48543876291
15.9,4.2952706e-05,8847.168528955435
16.0,5.5779205e-05,8267.08013530802
16.1,4.9052876e-05,8950.543813852619
16.2,4.1519805e-05,8475.115322876632
16.3,6.931279e-05,7901.234369722275
16.4,4.100456e-05,8981.099530963746
16.5,7.0127804e-05,7844.6037675090065
16.6,4.4027147e-05,8678.743925680878
16.7,4.3027332e-05,8716.029406097732
16.8,4.808186e-05,8439.821713213576
16.9,9.063265e-05,7497.285799205024
17.0,0.00015848243,5958.803475224073
17.1,0.00012456113,6813.544731733771
17.2,0.000106380576,6801.909146139864
17.3,8.115009e-05,6773.635266511135
17.4,7.6157536e-05,7308.652400291805
17.5,5.308472e-05,8240.004326966187
17.6,0.0005271473,6529.537720087386
17.7,0.0036655099,6471.6885231750775
17.8,0.0075447443,2940.2790453113707
17.9,0.00043925567,5617.731296940881
18.0,0.009664351,1519.4760217753274
18.1,0.0005272412,4336.667783428344
18.2,0.011579335,1492.1521926050061
18.3,0.0040480914,2191.719320629535
18.4,0.008523553,1875.6968181537889
18.5,0.0069507137,1927.0999967044459
18.6,0.004318607,7265.355973199494
18.7,0.01515711,1985.3076296789886
18.8,0.0023527988,3122.979837309465
18.9,0.007071299,2150.847248050099
19.0,0.0043382016,7256.18799355159
19.1,0.012307681,3103.444288706364
19.2,0.014129198,1863.6530786790213
19.3,0.0120996,1387.2485620524012
19.4,0.0085491575,1946.708799011086
19.5,0.0037801103,6818.456422015317
19.6,0.0044699274,6409.014321574866
19.7,0.01730516,1871.5992393072129
19.8,0.007732633,2913.129322490732
19.9,0.0037757347,3785.950082506844
20.0,0.0046398137,2595.4502731406806
20.1,0.0053878566,3513.920913540048
20.2,0.00591413,2113.5449803431766
20.3,0.0071167564,1775.3281346192607
20.4,0.0026104124,3646.882486827987
20.5,0.0033184586,3465.1803060458196
20.6,0.0011592942,4028.47330892077
20.7,0.0003834049,3768.6490297443383
20.8,9.442487e-05,6575.640041698818
20.9,0.000102354024,7695.599330083753
21.0,6.7790774e-05,7246.658147174571
21.1,4.727194e-05,7977.091267783407
21.2,4.468248e-05,8603.51676482118
21.3,5.17685e-05,8338.046520139698
21.4,0.00010351231,7429.4482688226035
21.5,0.0008888884,6233.832416588848
21.6,0.0069955518,1524.7522963163537
21.7,0.0080255475,1582.7952123405087
21.8,0.0076193674,1510.5956187923766
21.9,0.0011842613,3037.8358806936135
22.0,0.003884826,1708.8521274959235
22.1,0.0050183698,1988.4434841511274
22.2,0.0057384158,3587.185217321638
22.3,0.003278923,4570.754656926891
22.4,0.011284326,1030.3737009182034
22.5,0.00093157624,3447.545461348582
22.6,0.0027446111,2113.2617281321354
22.7,0.002381406,5923.268755567802
22.8,0.008595624,1546.9629445983278
22.9,0.012259584,1932.2501983148745
23.0,0.0028742244,8550.02566136154
23.1,0.005525346,4240.691930004516
23.2,0.0070377677,1875.8795434041674
23.3,0.0051187314,2707.491193877555
23.4,0.0068546357,2404.6474267510175
23.5,0.0015832909,5127.721685272693
23.6,0.0069665005,1812.595336876786
23.7,6.7421955e-05,7324.151105920222
23.8,0.0029179773,2526.1289644901335
23.9,0.003838762,2148.293631074754
24.0,0.0100973165,2204.027238951081
24.1,0.0052049547,1915.0695013668706
24.2,0.0058933026,2153.207209920165
24.3,0.007963283,1800.4109570077399
24.4,0.011052402,1581.9201779546681
24.5,0.010957109,1560.472052592073
24.6,0.010442105,2062.056170613605
24.7,0.00043740333,4607.334731766937
24.8,5.7640707e-05,8051.7126952612725
24.9,4.825768e-05,8703.543345412043
25.0,4.3401295e-05,8858.781216548237
25.1,4.7965517e-05,8472.70241697825
25.2,4.0022984e-05,8886.54732126885
25.3,4.3034146e-05,8796.809240370294
25.4,3.990016e-05,8871.454484708876
25.5,4.19752e-05,9086.323631200343
25.6,4.7921945e-05,8526.110850683637
25.7,7.479004e-05,7907.390887862021
25.8,7.10318e-05,8122.22426830408
25.9,5.1987514e-05,8118.6822490199975
26.0,4.151415e-05,8544.94117742459
26.1,4.643791e-05,8657.120092521482
26.2,4.4651482e-05,8453.191030233427
26.3,5.0575738e-05,8083.75294581974
26.4,0.0028174873,3250.19301564144
26.5,0.00015594857,6580.94013437944
26.6,0.0055975528,2349.0766889213264
26.7,0.004915713,1684.791747367437
26.8,0.005134635,1327.0068927020627
26.9,0.0038544189,1858.8355862966778
27.0,0.0014632179,8897.502556951711
27.1,0.003853723,2369.705298257953
27.2,0.010378203,1655.9395393256755
27.3,0.0010370977,8323.121403072399
27.4,0.0026509569,3154.406669462027
27.5,0.004508608,2182.2972968733543
27.6,0.0030966643,7263.532928007022
27.7,0.0008717914,5976.890265386032
27.8,0.0043886187,2094.9437686030183
27.9,0.006115282,2214.051143062818
28.0,0.0032561468,4356.034680691545
28.1,0.004937681,1928.1455798336528
28.2,0.003427324,1682.508193801903
28.3,0.0027715843,1759.2510054497845
28.4,0.0029654885,2312.1218732230827
28.5,0.002852959,3012.597260207258
28.6,0.0033618961,2719.7769254652667
28.7,0.0015143502,4263.880341380784
28.8,0.005006752,1749.3345101019147
28.9,0.008258763,1719.173779400924
29.0,0.0013100021,8723.025987791643
29.1,0.0052640988,1953.5667749730442
29.2,0.0015107718,8012.448877607649
29.3,0.0012761046,8242.757031865189
29.4,0.0058299256,1937.0193202436753
29.5,8.705122e-05,7583.495572357833
29.6,0.0070430026,2035.6665497606964
29.7,0.009702345,1832.557176157074
29.8,0.009215078,2023.4677579870688
29.9,0.0037883332,2823.008979795198
30.0,0.0013417271,3195.6691187823694
30.1,0.00033577828,4211.031544616602
30.2,5.1645653e-05,8227.602025859824
30.3,6.0376362e-05,7888.358399002939
30.4,4.439669e-05,8890.35304835886
30.5,4.99856e-05,8437.593609007521
30.6,4.3279913e-05,8579.156701641623
30.7,4.6274487e-05,8192.014712453456
30.8,4.549442e-05,8554.573015272319
30.9,4.6879755e-05,8503.107951567301
31.0,8.4394196e-05,7676.814004099413
31.1,3.930832e-05,8901.698129845556
31.2,7.692565e-05,8114.50312166101
31.3,7.214281e-05,8238.432419327168
31.4,4.374584e-05,8802.819286699105
31.5,3.849182e-05,8960.995367295396
31.6,4.6923673e-05,8743.12435847773
31.7,6.663681e-05,8171.167842054132
31.8,6.2478546e-05,8333.929982377042
31.9,5.193915e-05,8842.971071849832
32.0,4.0062925e-05,8692.56308799254
32.1,4.8334445e-05,8753.57898328042
32.2,4.8546975e-05,8585.766591348389
32.3,4.3810804e-05,8780.555458735635
32.4,4.6389538e-05,8475.13190260473
32.5,4.1572697e-05,8788.33637252211
32.6,4.605292e-05,9078.12894609731
32.7,5.0403072e-05,8370.737473329655
32.8,5.7866753e-05,8619.416911831877
32.9,4.2259944e-05,9017.173706478588
33.0,4.9149356e-05,8693.552765070322
33.1,4.4327164e-05,8882.435516234345
33.2,0.00037293308,4805.821727536447
33.3,0.00042169384,4132.596425977703
33.4,0.0019093972,8121.709349981093
33.5,0.0018616272,4861.6645534800045
33.6,0.0026301872,1807.5648415203425
33.7,0.001352771,2548.1552434832224
33.8,0.0021372323,3606.22393193411
33.9,0.009063789,2099.897620799379
34.0,0.0100330375,1447.1697774132392
34.1,0.0053791474,1248.1294014773798
34.2,0.0077800555,1309.6618492488822
34.3,0.007505316,1488.563615753475
34.4,0.0058186487,1289.586893413194
34.5,0.004828978,1280.4850585207496
34.6,0.0024352907,1496.9814558000182
34.7,0.00034818475,6054.535187863692
34.8,4.422727e-05,8657.188607759337
34.9,4.5672576e-05,8454.640426374795
35.0,5.2944793e-05,8668.14454584727
35.1,4.0494186e-05,8977.67174157309
35.2,4.6496025e-05,8762.85145202158
35.3,6.34437e-05,7872.969620921225
35.4,0.0030729363,1821.8849571856576
35.5,0.00348809,1956.2555594524351
35.6,0.003431351,1922.8223417108268
35.7,0.003503356,1810.000597342885
35.8,0.0031354509,1881.3807476516438
35.9,0.0031525963,1784.2404366355777
36.0,0.0027512652,1959.3426220656684
36.1,0.00012602619,7132.792051164621
36.2,5.8844464e-05,8120.564979562857
36.3,0.00047289103,7476.003606640845
36.4,0.0020711545,1748.951689841604
36.5,0.0018291741,1887.1400723100003
36.6,0.0021211633,1885.9021050908395
36.7,0.0025366647,1620.2288913371935
36.8,0.0021085322,1839.0161275202993
36.9,0.001199803,2553.6728872166796
37.0,5.6546247e-05,8535.897528392808
37.1,0.00019899923,4767.28878134486
37.2,0.00021994693,4365.491150355006
37.3,0.0002378863,4890.061326923558
37.4,0.00026692115,4685.155350413389
37.5,0.000263463,4708.71833823103
37.6,0.00024579096,5099.542856187156
37.7,0.00019041947,5119.2974555332285
37.8,0.00017072621,4914.868717793546
37.9,0.00016625966,5000.015421026752
38.0,0.0001383183,5135.57304217158
38.1,5.046904e-05,8638.00101895103
38.2,0.00057645835,7144.489698780397
38.3,0.008102113,1689.9047667749624
38.4,0.00048110663,5658.355997896216
38.5,0.0005600984,7266.997270321717
38.6,0.003530538,2485.1674738143734
38.7,0.002883648,2260.363712434124
38.8,0.0048758667,3198.3732910126787
38.9,0.0046198303,2898.6894429296244
39.0,0.004601068,2764.178622531565
39.1,0.0019103147,6951.260914465
39.2,0.003988389,2123.65622614517
39.3,0.005009166,1562.7874327616044
39.4,0.012936416,1111.3695284861947
39.5,0.0060397685,1562.4347516793193
39.6,0.00040995012,4298.134175704647
39.7,0.000102456324,7420.447111073102
39.8,0.003525818,2081.578470567582
39.9,0.006903777,1365.957272848859
40.0,0.0064849653,1253.6384003706626
40.1,0.0044737,1475.760991359124
40.2,0.0028926707,1550.6032183578773
40.3,0.0018232417,1556.8977360895087
40.4,0.000644703,3891.685124106857
40.5,5.090195e-05,8250.928988452799
40.6,4.7802052e-05,8438.490010025127
40.7,4.3312986e-05,8570.109448756626
40.8,4.1018102e-05,8444.593415684125
40.9,0.0001577427,6838.776060645017
41.0,0.00014887501,6935.24059283466
41.1,0.00025251074,5681.9045397442305
41.2,0.0024896825,1883.4156683191986
41.3,0.0032387855,1787.1959265054293
41.4,0.0025951848,1717.9946632903657
41.5,0.0025744864,1778.9622819905642
41.6,0.0009427767,2504.143054548347
41.7,0.00016920116,5053.400975191913
41.8,0.00010235,6090.729216009948
41.9,5.4279975e-05,8591.667460292494
42.0,7.964587e-05,7507.156121045241
42.1,0.00011813642,6796.291472970381
42.2,0.00022357532,5808.793762503128
42.3,7.269022e-05,8407.900407157826
42.4,4.513956e-05,8482.583842250562
42.5,5.689114e-05,8307.021927304564
42.6,8.620252e-05,6719.372908479343
42.7,0.0017909334,2631.113431497839
42.8,0.0044588842,1682.8917872901843
42.9,0.0033492632,1390.2307798389656
43.0,0.0019359302,2493.4353552615676
43.1,0.002148034,1878.9828749072958
43.2,0.0038973866,1204.762202800301
43.3,0.0025945194,2109.959941778662
43.4,0.0010603156,2160.9967861734813
43.5,5.5763907e-05,7857.851412127147
43.6,4.664393e-05,8511.463326333598
43.7,4.0584586e-05,8395.221621146988
43.8,3.0175346e-07,1026.768870024372
43.9,4.8938126e-08,2442.7662640838435
44.0,3.8383438e-05,9444.250781035948
44.1,3.589586e-05,9945.70235588344
44.2,5.8968635e-05,9553.380205786794
44.3,0.0025554039,1357.9292089812939
44.4,0.0007395077,4120.91774216276
44.5,0.0053562573,1890.6607020052472
44.6,0.012345322,2413.046353737381
44.7,0.0020980749,9074.615458260883
44.8,0.011368482,1960.7107871530902
44.9,0.007155091,1834.073062340959
45.0,0.0040459074,2014.6352509909136
45.1,0.0037722643,3090.254680386032
45.2,0.008993236,2242.4678867875446
45.3,0.011585648,2388.5270684680045
45.4,0.010828257,2796.3173594084524
45.5,0.006152231,4359.312200926959
45.6,0.0027826608,5020.96870453589
45.7,0.0021657518,4699.802875172669
45.8,0.0026309711,3791.8987843164514
45.9,0.0014607554,4435.2922318523015
46.0,0.0007994627,4894.225474254426
46.1,0.00073027477,5370.022797559677
46.2,0.0009616713,5267.71439499936
46.3,0.00046971827,6827.098437836526
46.4,0.00017390303,10385.841329877423
46.5,0.00043642556,8676.396445996403
46.6,0.00036640436,9559.269908421662
46.7,0.00011732918,11630.577421978003
46.8,0.0001445324,11088.503052483002
46.9,0.00014833985,11830.473088186594
47.0,0.00022276974,11544.272287076637
47.1,0.0001381953,11535.56434357202
47.2,0.0002133695,9377.501069908405
47.3,0.00023236143,10362.6806052564
47.4,0.00021863614,9801.656057691189
47.5,0.00014549789,10848.38135949451
47.6,0.00012530266,11101.37644778277
47.7,0.00012573664,11381.18469907664
47.8,0.00016850198,11181.702578765267
47.9,0.000110320376,12674.184746122435
48.0,0.00067864923,6769.575015815988
48.1,0.0012573671,5601.122578027698
48.2,0.009947577,4015.2730995532693
48.3,0.01946033,1639.2497477181803
48.4,0.021484649,1554.402158066605
48.5,0.024804626,2781.684672039969
48.6,0.032984454,2247.324779265158
48.7,0.038380787,1724.2349732129903
48.8,0.032205068,1413.4900288583885
48.9,0.027852463,1589.9404095701518
49.0,0.018205237,2225.21777825381
49.1,0.0058938973,6406.8650773191075
49.2,0.012143671,2686.6203574737133
49.3,0.007463837,3374.2215058594347
49.4,0.001059387,4729.4394259844985
49.5,0.0012724199,5501.320593096665
49.6,0.009328036,4226.008238187621
49.7,0.030719208,1683.1661013971577
49.8,0.014486054,3150.180650308668
49.9,0.0026458392,3381.9015760843454
50.0,0.005794714,5670.328529721071
50.1,0.020610955,2129.568430423463
50.2,0.006256021,3051.8195082401685
50.3,0.0031271244,3949.5797091606523
50.4,0.007417346,8360.778483635477
50.5,0.0060408115,5254.424928346827
50.6,0.004135915,3548.239195926424
50.7,0.003850406,4301.768910826531
50.8,0.020940593,3499.327626945733
50.9,0.025568055,2911.7919990225973
51.0,0.023047935,3601.654508119264
51.1,0.023919579,2956.40590175489
51.2,0.017527845,3169.664074019373
51.3,0.004600022,4196.007206238637
51.4,0.0017205093,4570.31839209202
51.5,0.0006055404,5839.773739870154
51.6,0.00016080054,10961.58146439437
51.7,0.00016099264,12323.732541829202
51.8,0.00017211409,12235.601500171826
51.9,0.0001608891,11682.633639200303
52.0,0.00011264451,13398.359344435448
52.1,0.00012989868,11832.52997175532
52.2,0.000102511556,12729.768819477868
52.3,0.00012343921,12623.392768712363
52.4,0.00016671383,11886.019633516242
52.5,0.00014638323,12711.904694168483
52.6,0.0001274436,11624.782638012519
52.7,0.0001056707,13401.394384440237
52.8,0.00015373943,12669.08060295104
52.9,0.000105129395,12556.079159108493
53.0,0.00011579987,12701.908540054063
53.1,0.00012799307,12064.942657138603
53.2,0.000116128795,12679.040388210738
53.3,0.00023009186,11816.613445748375
53.4,0.00012626921,11894.135841527146
53.5,0.0003507323,9715.483325889592
53.6,0.00016141118,11138.887345405721
53.7,0.00023314258,10935.527730124762
53.8,0.00014553437,11462.215390411431
53.9,0.00023335636,10468.023414596048
54.0,0.00043760045,9735.516424523894
54.1,0.0010465953,6983.870298340122
54.2,0.00028150188,9966.270859767263
54.3,0.00016682486,12255.147820862774
54.4,0.012372704,1643.8887217102706
54.5,0.011902694,2324.744880325186
54.6,0.008665764,2127.327949178554
54.7,0.021680688,1323.8709801146254
54.8,0.030691857,1134.3295408615354
54.9,0.026091991,1367.793707076836
55.0,0.03084306,1152.6907151489763
55.1,0.019734778,1472.7390843335293
55.2,0.018542033,1972.1026259785008
55.3,0.026474893,1821.4536992934445
55.4,0.02311089,1892.2499519647306
55.5,0.015152308,1791.805512586583
55.6,0.0065170918,1869.136157889031
55.7,0.00056813454,7598.255621650644
55.8,0.0002511166,8958.440525896945
55.9,0.00017294497,10315.19847291861
56.0,0.00027744827,8093.808368011068
56.1,0.00026988267,9878.324287017065
56.2,0.0001991576,10495.550822475594
56.3,0.0026271094,3233.4973754501348
56.4,0.009449917,2778.6652656919273
56.5,0.019821003,1992.483863807836
56.6,0.032002877,1483.1770821298562
56.7,0.0006828822,7141.142419131398
56.8,0.023752479,1960.8689675745072
56.9,0.00095353776,7625.064179755711
57.0,0.00019595308,10849.597423277346
57.1,0.00030809245,10292.581797806604
57.2,0.03077247,1785.8523263172665
57.3,0.014553903,2008.816118255293
57.4,0.0066162026,3087.959706226467
57.5,0.0016684941,5395.351873279778
57.6,0.005408903,9355.410377164259
57.7,0.00023965111,9981.19316135677
57.8,0.012147227,2897.9049378803875
57.9,0.024179341,1712.5834042274591
58.0,0.010194548,1964.9771075883252
58.1,0.011180687,2045.4820921025103
58.2,0.013665805,1388.1371007777882
58.3,0.001941186,5452.541849537113
58.4,0.00032157774,10785.234554618328
58.5,0.00013012251,12366.414365665278
58.6,0.00012859005,13023.241302931496
58.7,9.6533804e-05,13332.69175815826
58.8,0.0003154629,10264.393866182229
58.9,0.0001681221,11717.797934812012
59.0,0.00011345505,12271.377678230068
59.1,0.006707566,2720.279065045684
59.2,0.0034898934,3098.2351891365097
59.3,0.0006985841,5476.722562584911
59.4,0.00019056883,10228.15620024136
59.5,0.0003873835,9305.879868711734
59.6,0.0012714701,5128.973905615844
59.7,0.0018123641,5009.713944082534
59.8,0.001024269,5730.977296676268
59.9,0.00079942,5329.398162995183
60.0,0.0007858328,5291.583147871236
60.1,0.0006630377,5473.760682484561
60.2,0.00050322,5839.279060001758
60.3,0.00062877644,5739.586208774547
60.4,0.0004930288,5865.551315589655
60.5,0.00046903617,5973.612223654769
60.6,0.00020411867,10544.714256876503
60.7,0.0019349854,4464.431686892588
60.8,0.025444,1558.9422602298805
60.9,0.043243412,2041.5057368126497
61.0,0.048852537,1519.7448938439902
61.1,0.04939322,2274.7123487608987
61.2,0.014005582,8058.460644497245
61.3,0.0044126953,6082.832107516186
61.4,0.005454257,4496.318095576834
61.5,0.0031622627,4547.935253612661
61.6,0.0016188701,4567.296493479649
61.7,0.0009786607,5015.083435188843
61.8,0.0005285252,6321.797934069494
61.9,0.00028967505,7583.989694227867
62.0,0.0001692255,9611.729238728849
62.1,0.00015542029,9915.348592161365
62.2,0.00045750957,9259.745279314942
62.3,0.0002608955,9779.043829452508
62.4,0.00016997076,10400.99087376231
62.5,0.00014667385,11081.145194654653
62.6,0.0001260252,10567.979052326065
62.7,0.00015764298,11643.165335344263
62.8,0.0005360588,8525.076869457984
62.9,0.0002817179,10935.127143956663
63.0,0.0002706879,10994.062439882433
63.1,0.0001464127,11073.847921776107
63.2,0.00030272562,10266.297749424979
63.3,0.0008604544,7742.58050552352
63.4,0.0002628757,10698.009124804514
63.5,0.0002499072,9901.279349345237
63.6,0.00015187862,11229.56596059541
63.7,0.0002217821,10575.469372454989
63.8,0.0007062419,7704.75424037496
63.9,0.00022613652,10578.656538824704
64.0,0.00015730892,11488.245069065557
64.1,0.00014791478,12379.856858642286
64.2,0.00013418592,11430.859887184055
64.3,0.00028575695,10819.61149220234
64.4,0.00014120186,12513.899223366932
64.5,0.00013665138,12203.871924367631
64.6,0.00017517991,11231.17270026016
64.7,0.00011789022,10982.092646808043
64.8,0.00016362037,9697.123317584783
64.9,0.00018216296,9741.691705551419
65.0,0.00017331036,9473.713490870836
65.1,0.00018898399,9305.30359595548
65.2,0.00014608326,10753.953816215087
65.3,0.0001202725,12247.751013824116
65.4,0.019333115,1178.823465351215
65.5,0.019908024,1286.484680438546
65.6,0.01618719,1420.9981577712085
65.7,0.018015906,1448.3050267748467
65.8,0.03047659,1137.1217651851975
65.9,0.024194384,2013.0873775288371
66.0,0.017520351,3700.686109997438
66.1,0.0151255755,2843.171252869645
66.2,0.010006436,2618.6845946452095
66.3,0.018517984,2020.8597133525998
66.4,0.0132403355,2356.0261822373077
66.5,0.014759763,1785.6804788641466
66.6,0.0012530556,6698.907546146202
66.7,0.00023661388,10228.261773229471
66.8,0.00012601491,11678.999048188956
66.9,0.000114460745,11661.367724258298
67.0,0.0001957573,12036.359431465116
67.1,0.00015598601,10767.469135954187
67.2,0.0032096573,4324.96423801728
67.3,0.029700618,1783.20200244079
67.4,0.010105053,1946.2760670319935
67.5,0.0071235476,2377.852040127877
67.6,0.007657306,1782.10703558895
67.7,0.008406572,2259.950700349421
67.8,0.01611915,1881.1803059947981
67.9,0.0025024659,4809.452014871873
68.0,0.00016385448,11672.069367347305
68.1,0.0001382947,12241.160541304438
68.2,0.00011361637,13256.743911512616
68.3,0.00026381793,10894.613421069578
68.4,0.00016176155,11005.369042057082
68.5,0.00022242051,11404.367792456262
68.6,0.0001941565,11353.4388885239
68.7,0.00019063677,11499.152847610958
68.8,0.003630043,5069.319480459669
68.9,0.010700935,3337.383309093462
69.0,0.0033446236,6732.651372708954
69.1,0.002734722,6610.42013925448
69.2,0.0018054534,5849.196700534876
69.3,0.0009120209,5943.0969222010435
69.4,0.0005509505,5893.918228758232
69.5,0.00022373309,8902.108716487404
69.6,0.00030510794,9758.164698495555
69.7,0.0001270421,11714.257707439316
69.8,0.0036098338,3590.690105364615
69.9,0.0011531912,5009.137694040206
70.0,0.00017212637,10180.669088460618
70.1,0.0001463083,10345.14796046045
70.2,0.0003216619,8394.265333295436
70.3,0.00027666398,8439.534597424426
70.4,0.00022196391,9413.900863613875
70.5,0.0015414915,4205.083756112906
70.6,0.0017270411,4506.226001029652
70.7,0.000236319,9567.696016191092
70.8,0.00015085728,10428.45153073233
70.9,0.00016652582,10630.69803616503
71.0,0.00026832355,8272.439530132402
71.1,0.00023918906,8641.382763531354
71.2,0.0011357315,5725.596022090194
71.3,0.00061725074,6319.390775013453
71.4,0.00024742197,10657.053559696113
71.5,0.00064208155,6808.821723784831
71.6,0.00023680349,9413.242739378917
71.7,0.0011899222,7412.302931192849
71.8,0.00018572122,10298.0303958839
71.9,0.00014486509,10750.30566885039
72.0,0.001008945,5306.618446053051
72.1,0.00026543016,8548.55387849703
72.2,0.0033243585,4100.3380208042445
72.3,0.0002473587,9254.835360939154
72.4,0.000170597,9818.78773688566
72.5,0.00030357478,8173.51959591275
72.6,0.005103824,4643.110475611191
72.7,0.00021096812,9487.443380106954
72.8,0.0003307941,9506.071082838389
72.9,0.0004174992,7361.436332877061
73.0,0.0051704403,5177.779900124157
73.1,0.00030995143,8048.543736788957
73.2,0.00015763326,9760.146001574725
73.3,0.0006023596,5118.148458532149
73.4,0.0009775565,5081.032073324195
73.5,0.0003333831,8060.936666218062
73.6,0.00034404726,7663.96835400451
73.7,0.00033157188,7693.470668311207
73.8,0.00025528157,8694.586806787021
73.9,0.00024373608,8541.562942378605
74.0,0.0005632756,6622.21256328057
74.1,0.00017407542,9829.90945877566
74.2,0.00024869377,9361.288621024813
74.3,0.00019259642,9124.975258696566
74.4,0.0008629652,6871.048546193693
74.5,0.053072397,1113.9215393592585
74.6,0.013769216,1641.6075877851313
74.7,0.0007241286,4901.008461157502
74.8,0.00030755275,7800.861083361138
74.9,0.00023400586,8214.692995577849
75.0,0.00019263773,9567.684558576588
75.1,0.00036541585,8878.727153930071
75.2,0.025899602,3200.668884557384
75.3,0.0061887163,7218.091507639543
75.4,0.0002821221,9906.762920085053
75.5,0.0022548381,5306.731660701459
75.6,0.0010921515,4559.077528121819
75.7,0.00042320113,9611.490749127468
75.8,0.00017063378,10460.355714709181
75.9,0.00016889631,10328.886464847088
76.0,0.00017210214,9636.368641421654
76.1,0.00020605791,9278.371844850142
76.2,0.00016080857,10192.835364402725
76.3,0.0002737102,9773.765135616772
76.4,0.00013216029,11639.04991766701
76.5,0.0002297419,10982.888031928751
76.6,0.022896115,2424.0005660479787
76.7,0.00039437404,8927.554553910702
76.8,0.00017987796,10359.387330045209
76.9,0.019223895,1360.7386099258285
77.0,0.025719343,1442.6643184653933
77.1,0.027255574,1218.6021132778917
77.2,0.03180033,1285.8000636719087
77.3,0.031302914,1367.748319610973
77.4,0.026140925,1347.4263021968493
77.5,0.03711724,1022.060679522971
77.6,0.03443386,1150.3088183161285
77.7,0.033673093,1097.127043780789
77.8,0.033977292,1227.615494821432
77.9,0.0033841645,5356.587746282003
78.0,0.0031623633,6778.564352480314
78.1,0.00024411247,9619.219626086277
78.2,0.00018562759,9354.73902893301
78.3,0.025065884,1671.8666390867618
78.4,0.025460612,1538.4136874359483
78.5,0.000279208,8904.554901786953
78.6,0.00020239553,9735.55202579857
78.7,0.0017528355,7751.582022049881
78.8,0.015018887,1765.3593561793778
78.9,0.014122131,2154.1286699874327
79.0,0.013880416,2042.9471284091162
79.1,0.011981664,2050.8390157062877
79.2,0.01234766,2244.471046426188
79.3,0.012196987,2396.746670456288
79.4,0.0075456845,3069.9626029199544
79.5,0.0006069045,5677.041119707575
79.6,0.00038106702,7319.930268477463
79.7,0.00022454298,8739.466849074206
79.8,0.00016918205,9442.826737582294
79.9,0.0001811413,10637.044762003487
80.0,0.00025584103,9615.263354969444
80.1,0.00028866998,8487.524271043327
80.2,0.00051939103,10048.434065974485
80.3,0.002147557,5461.606979791646
80.4,0.00065314886,7668.455163892702
80.5,0.00018042562,11334.862666652583
80.6,0.026830586,2748.173638492087
80.7,0.027647614,2762.4955442662954
80.8,0.0068249344,8859.148852948818
80.9,0.009732527,6965.9521898880375
81.0,0.00014594277,11226.145942968953
81.1,0.022145284,3459.8831335866826
81.2,0.03273368,2762.5110729576813
81.3,0.0146381175,7799.161132111124
81.4,0.0219423,1640.7401853378333
81.5,0.0006931954,7186.578439162041
81.6,0.0061516543,3904.818840231281
81.7,0.0004881547,9154.603445400739
81.8,0.0070876554,3547.4179782373094
81.9,0.0060709123,4103.780538128845
82.0,0.0014273601,5403.39442905757
82.1,0.0020280723,4649.5037006006005
82.2,0.004352101,4126.99648843769
82.3,0.017059948,2586.8804066288967
82.4,0.015128405,2079.8491525262507
82.5,0.015346238,2025.5406625311423
82.6,0.0069004376,2609.6650539325456
82.7,0.0012525384,6025.987977581728
82.8,0.002185164,3794.66849199683
82.9,0.00044867277,6867.6664686785
83.0,0.0004130863,7000.8856014367775
83.1,0.0019292224,4510.786598238333
83.2,0.00035064598,7988.638826631914
83.3,0.00016627632,10089.574261011989
83.4,0.0004856204,7024.575653382235
83.5,0.0007010536,5693.3429342577565
83.6,0.0001834358,11176.427109030785
83.7,0.00019600216,9708.693855521318
83.8,0.0016085373,6166.491700496053
83.9,0.00028601373,8136.726946000451
84.0,0.0004758121,7100.865089599083
84.1,0.00036555342,6872.575334761933
84.2,0.00042994975,6643.049686657122
84.3,0.00030123896,7045.765872797574
84.4,0.00018339879,9913.166925064488
84.5,0.00015133986,11418.527857021872
84.6,0.0078403605,1370.7632109439753
84.7,0.0003079099,8868.527746488482
84.8,0.009183004,4930.883672766324
84.9,0.020973103,1585.260902188054
85.0,0.02077965,1573.6102670757627
85.1,0.021147903,1676.846201893369
85.2,0.0133297,2259.878193510552
85.3,0.0007899929,9592.169835391956
85.4,0.016685138,2224.288084490133
85.5,0.016729606,1657.9710331502183
85.6,0.002433469,6294.428626395984
85.7,0.006482081,6632.152461050979
85.8,0.0018868637,6607.56880589031
85.9,0.0029730576,5067.947106696867
86.0,0.010072468,2953.717629071235
86.1,0.0033210542,3424.6526769774837
86.2,0.0041331355,3381.6286396618534
86.3,0.0008661534,5088.874739951634
86.4,0.00028097277,7410.848742706918
86.5,0.00016415,10326.107129329386
86.6,0.00012813025,11999.807156464727
86.7,0.00013091255,12136.75978861798
86.8,0.0002551272,11400.890895261342
86.9,0.00011871346,12818.39601346138
87.0,0.00012858519,12603.11608468723
87.1,9.410681e-05,13474.902342010764
87.2,9.47538e-05,13484.428905267123
87.3,0.00018290583,12560.777625525958
87.4,0.00013657828,12535.758891090494
87.5,0.00018479633,12323.026607633496
87.6,9.604916e-05,13800.53523503036
87.7,9.17567e-05,13232.089212658482
87.8,0.00012310437,11813.96055707313
87.9,0.0003158861,6707.20983616404
88.0,0.00028109679,7840.335579649562
88.1,0.0008589367,8012.40976942254
88.2,0.0009100776,4989.525644744724
88.3,0.0038801064,6800.672647268442
88.4,0.0047595454,6889.102858295022
88.5,0.00014551534,11769.868274448996
88.6,0.0023040206,5783.593621069826
88.7,0.013440023,2381.3771096583378
88.8,0.018801646,1273.706101123993
88.9,0.017379062,1703.333812502187
89.0,0.015264574,1723.6202775518877
89.1,0.01684323,1863.864817740287
89.2,0.017411938,2047.739348918448
89.3,0.0010000158,5859.645502132139
89.4,0.00013196284,11259.796837134323
89.5,0.00013763295,10672.260144393065
89.6,0.00019338503,11222.491230389067
89.7,0.00014072006,12141.832376894485
89.8,0.000106792024,12179.654151184053
89.9,9.816472e-05,12812.35854768235
90.0,0.00010819585,12358.685374200304
90.1,0.00018832965,10520.27408856614
90.2,0.00034420675,10232.64570289346
90.3,0.00017350918,11138.136453202647
90.4,0.000118350996,12354.47194021225
90.5,0.00018962147,10817.293650791826
90.6,0.00015856377,9606.07288101211
90.7,0.00018394235,8861.51694704838
90.8,0.00020818683,8583.576084444694
90.9,0.00017869577,8796.340769291959
91.0,0.00019677308,8928.88635938128
91.1,0.00022308387,9492.96634277971
91.2,0.00020654598,9445.027919156033
91.3,0.0002647919,10097.48681869975
91.4,0.0001305418,11067.88766737519
91.5,0.00012582814,11328.385152834073
91.6,9.444142e-05,13054.113292057194
91.7,0.000116132505,12147.508744207218
91.8,0.000114034294,13895.973006816177
91.9,0.00018126778,11854.245147557052
92.0,0.00011320985,11391.39553088313
92.1,0.00014129527,10545.970804248129
92.2,0.00018404034,9626.455489799711
92.3,0.0050303424,4454.076456583557
92.4,0.020371214,2571.427256251731
92.5,0.0027988725,8110.9266062886245
92.6,0.002350413,8361.216184140645
92.7,0.013322102,1816.8054167879538
92.8,0.019925956,1741.3216634410578
92.9,0.020458987,1426.9748397396302
93.0,0.01662093,1628.5757674086803
93.1,0.015038073,1448.6946493818564
93.2,0.01681568,1744.961399188494
93.3,0.015219369,1589.810906604294
93.4,0.010125123,1481.0399353597
93.5,0.017089618,1707.4525988299206
93.6,0.013624053,1662.897470628593
93.7,0.007135081,2247.49638722054
93.8,0.0035928448,2847.6543616187087
93.9,0.00016881384,10117.43371751757
94.0,0.00015716335,10668.201426160267
94.1,0.01408255,1662.3973665218052
94.2,0.01363657,1560.0079161637977
94.3,0.015561857,1441.2711619440745
94.4,0.009354979,1940.7900673077734
94.5,0.0026857886,3197.7729570264655
94.6,0.0013629087,3931.264753595354
94.7,0.0005175323,5659.999393020898
94.8,0.000279582,9417.217202990343
94.9,0.006246574,3905.721130738023
95.0,0.010839162,1802.2815759814926
95.1,0.016831758,2325.127481468372
95.2,0.017490633,2136.2062096979457
95.3,0.016923679,1513.504886436997
95.4,0.0016263361,7176.208004638269
95.5,0.00899153,2385.3176866074155
95.6,0.00025291758,9938.89888279068
95.7,0.02594487,1868.1892904090669
95.8,0.0027473317,9300.196111879657
95.9,0.0038603803,10704.477475420455
96.0,0.023210254,1970.5368590299183
96.1,0.020874778,1355.6914579968238
96.2,0.017511413,1301.8556459169215
96.3,0.013386181,2273.2648609965554
96.4,0.0012449594,4173.332917254228
96.5,0.00018146954,11262.702263790514
96.6,0.0035345135,2610.3648180237724
96.7,0.001306642,4293.105052140387
96.8,0.00037083824,6492.604557618478
96.9,0.0002191708,10465.619265618103
97.0,0.00013362558,11862.922544526555
97.1,0.00031115094,8210.883912554578
97.2,0.00025419318,7521.60211999356
97.3,0.00031540758,7506.325788074648
97.4,0.00040153353,7725.120942501888
97.5,0.00046294107,7998.926450429793
97.6,0.00035557093,8419.264306405097
97.7,0.00016456962,9849.707962195986
97.8,0.018220691,2893.114695062447
97.9,0.014083049,4039.6665851788375
98.0,0.008252371,4041.02065902344
98.1,0.0055465274,4473.2654805208085
98.2,0.0018626379,5082.780415374337
98.3,0.0024361447,4413.144258768376
98.4,0.0045384555,3697.5373323018734
98.5,0.0065631955,3785.985161323655
98.6,0.017736066,3334.4268057559884
98.7,0.027762096,2759.9974742129853
98.8,0.027282922,3193.736024257959
98.9,0.014485758,4242.540193984013
99.0,0.0016141507,5599.450688088406
99.1,0.000885015,5514.856111072064
99.2,0.00050842954,6263.412055535604
99.3,0.0002788985,7636.5225331244765
99.4,0.00019097152,9618.338045475311
99.5,0.0002641265,7695.412466857504
99.6,0.000161164,9976.385319163455
99.7,0.0010876524,9437.560524506993
99.8,0.025344044,1271.6059823744743
99.9,0.0075052003,1825.7673941542673
100.0,0.0070325807,2518.1804971587208
100.1,0.008520063,2458.9686203286155
100.2,0.00946924,2487.566736747325
100.3,0.0019114397,8010.180182119033
100.4,0.0036345224,3016.960627284725
100.5,0.022276439,1822.8281592988972
100.6,0.00977988,2282.798277163632
100.7,0.020585544,2076.673699974357
100.8,0.006912874,4331.901885786678
100.9,0.01584405,3353.7918584538056
101.0,0.0142504,1833.8531565112107
101.1,0.011398859,2325.3691794937017
101.2,0.012076551,1581.7009942305804
101.3,0.008474012,2755.8324624986026
101.4,0.00547405,2461.733972720438
101.5,0.0034951693,2493.977980202217
101.6,0.0041421847,2284.477751600263
101.7,0.0037978436,2579.907893314136
101.8,0.0035811092,2618.4147503358163
101.9,0.003014924,2772.6701070311324
102.0,0.0019842698,5049.60227716057
102.1,0.00036290716,6806.501236588176
102.2,0.00018580054,9718.70242739361
102.3,0.00014107363,10417.828669321338
102.4,0.00015102145,10876.104171595329
102.5,0.00016279343,10784.038843028384
102.6,0.00028311246,10444.842219691294
102.7,0.0010305705,6074.660386945176
102.8,0.0053731855,3445.1567608424193
102.9,0.003111838,5739.122972756981
103.0,0.009913348,8357.079652683653
103.1,0.009901152,8164.39347277997
103.2,0.007560277,8247.667116183795
103.3,0.005134744,7822.083945833303
103.4,0.0042712917,7419.881337312162
103.5,0.0022467677,6283.56590679163
103.6,0.0015277637,5425.360539755971
103.7,0.001067209,5238.703955992961
103.8,0.0059426487,5987.060722030055
103.9,0.019998644,2260.880591790613
104.0,0.018710325,2145.9084765795637
104.1,0.0115092965,5077.40978980332
104.2,0.007222156,5722.795089561295
104.3,0.014506044,2369.6446843529275
104.4,0.020154933,1954.8825297383771
104.5,0.019249883,2298.5377605345293
104.6,0.011154332,3792.792630130638
104.7,0.0045275073,4561.45203958732
104.8,0.002760762,4126.362064668072
104.9,0.0017296661,4166.7039260267775
105.0,0.00088901166,4913.5241336647505
105.1,0.0004046844,6993.415683039636
105.2,0.00015051401,10758.289621095315
105.3,0.0001211098,12293.516008393823
105.4,0.00026383673,9612.31279980639
105.5,0.00033681002,6930.851010223919
105.6,0.00058053836,5473.955242091023
105.7,0.00021841265,8314.176266581399
105.8,0.00022125218,8492.229804980178
105.9,0.00019208483,8959.81193198439
106.0,0.00014661244,10386.932563295077
106.1,0.00014362551,10063.734076330165
106.2,0.0001342894,10411.85616130491
106.3,0.00012111377,12262.1702204098
106.4,0.000119548524,10851.035248627199
106.5,0.00010938743,12135.607307044893
106.6,0.00012374026,12738.33632116508
106.7,9.128662e-05,13359.506356145543
106.8,9.159883e-05,13479.404214119697
106.9,0.00013107726,12195.5204395353
107.0,0.00019694994,11439.288467583652
107.1,0.000136236,12200.37948536472
107.2,0.000107792366,12471.77341438652
107.3,0.00012524129,11629.804120711271
107.4,0.00011199229,12762.621200479232
107.5,0.00012933802,12409.23574810219
107.6,0.00016940471,12830.170440238106
107.7,9.9201796e-05,13123.350228092904
107.8,0.0001037437,12623.117713715219
107.9,0.000122675,11364.827347874041
108.0,0.0001442257,10549.37094514149
108.1,0.00015629384,10336.653570203964
108.2,0.00010484226,12478.853968497482
108.3,0.00014655935,11021.428842496134
108.4,0.00012888596,11147.071534163757
108.5,0.00016097493,10788.889083873626
108.6,0.00015361888,10297.697198615595
108.7,0.00017059245,8777.728602520454
108.8,0.0001235712,10877.441619181824
108.9,0.00013088505,11088.586724967143
109.0,0.00014049036,10471.646257356128
109.1,0.00023705939,9613.802187864821
109.2,0.00035338523,8404.6580941706
109.3,0.00053285685,6797.880245124901
109.4,0.024178488,4846.7075155702005
109.5,0.014795021,6369.991987875092
109.6,0.0037467424,4512.681258506998
109.7,0.001569553,5421.129257481695
109.8,0.017254103,9154.865987157218
109.9,0.027806602,9852.567839418683
110.0,0.015790999,9140.227104928279
110.1,0.013483724,3258.8984789736596
110.2,0.0045209434,4074.734089958646
110.3,0.0015975558,6372.522109414973
110.4,0.0025671723,6332.610790242981
110.5,0.046068247,2400.6810498148525
110.6,0.061276883,2430.092794168933
110.7,0.02173011,3338.450047316755
110.8,0.01741125,3363.438704462636
110.9,0.010217763,3515.383108750154
111.0,0.0006120233,7627.088477831436
111.1,0.0010461942,7069.793032185089
111.2,0.0026601027,4961.7622477767045
111.3,0.024030712,1774.5084070990702
111.4,0.02412111,1654.4805146043827
111.5,0.027109977,1765.171974679861
111.6,0.008083239,3308.7571763996093
111.7,0.050920475,1274.485228798409
111.8,0.036209267,1984.1267394004465
111.9,0.0033231778,4713.590901841819
112.0,0.001011089,4765.183010305442
112.1,0.00034495952,9751.77691447621
112.2,0.00040043605,6784.956963656711
112.3,0.0008227767,4703.270937859713
112.4,0.0009538064,4461.396280084135
112.5,0.0008846096,4673.656110176587
112.6,0.0009041035,5021.3243106335885
112.7,0.000560409,5231.890824170023
112.8,0.0005227226,5756.090530715362
112.9,0.0006026884,5764.2861884380145
113.0,0.00059667573,5884.923117672657
113.1,0.0003218211,7614.848978380962
113.2,0.00020057429,9493.501479988452
113.3,0.00012519426,11827.896943016598
113.4,0.00017910301,11687.883028029206
113.5,0.00012640948,11953.91581068612
113.6,0.00013843871,11245.846732689726
113.7,0.00014569396,10981.12671818754
113.8,0.0012006301,4637.179833805518
113.9,0.0114787165,3192.269328758986
114.0,0.009295877,3513.253545495573
114.1,0.0090087205,3257.46440704879
114.2,0.00041231507,7900.609505211208
114.3,0.00073617714,7650.874411193641
114.4,0.0023081577,3230.1362957119154
114.5,0.0013299955,3758.5748158060997
114.6,0.0006417216,5603.931512557452
114.7,0.0013342858,5325.485310365863
114.8,0.013674446,1599.9893673249444
114.9,0.0057985536,1504.503177357124
115.0,0.0031679792,1866.6334261149836
115.1,0.0003949726,8536.593401227707
115.2,0.00037683282,7904.760839491935
115.3,0.0002403746,9745.919048981306
115.4,0.003772635,6746.314102346101
115.5,0.016982896,1738.6453279902748
115.6,0.022941742,1793.9173359597974
115.7,0.018584581,2437.8468605638445
115.8,0.010822545,2307.9765167143228
115.9,0.002216189,9509.347128263493
116.0,0.00041706915,8479.802320081404
116.1,0.00039971544,7414.286582581155
116.2,0.015985662,2463.684056552303
116.3,0.012532897,1977.2679511277788
116.4,0.016652843,1913.8306180384257
116.5,0.022466838,1646.347017101739
116.6,0.025791477,1405.1899110447632
116.7,0.025916636,1472.7804829755955
116.8,0.026231702,1634.2160835161562
116.9,0.023797952,1682.4458682434126
117.0,0.015365384,1726.5322314841853
117.1,0.009602743,1947.5105479540389
117.2,0.014356898,1734.181903578481
117.3,0.004228901,3286.31791575566
117.4,0.00041634284,7448.309170620263
117.5,0.0001816189,10725.686882611257
117.6,0.00039043315,7911.212200482765
117.7,0.00054645166,6375.288343731068
117.8,0.0015488701,3413.398144770138
117.9,0.00091579504,5192.222448555185
118.0,0.0008957825,5385.7248257709925
118.1,0.00013486981,12128.366658288742
118.2,0.00014297158,12005.977774689029
118.3,0.0057598557,3131.225206427928
118.4,0.01113688,1549.8735190427535
118.5,0.0018233645,4839.232453538784
118.6,0.00021641815,9112.720525348152
118.7,0.03085715,1028.1695869686187
118.8,0.04159466,1644.008625133738
118.9,0.00071574794,6174.77261873492
119.0,0.006411964,5206.807432127367
119.1,0.000733928,7477.11221140331
119.2,0.0005207976,7353.88803663966
119.3,0.0003601786,7995.8507341326085
119.4,0.0003671213,9241.075989387056
119.5,0.008184888,4125.808207984721
119.6,0.0020764263,3700.0951191526856
119.7,0.02926767,6799.8789708373
119.8,0.0023361777,4065.3964868810563
119.9,0.0071671656,2792.213920235874
120.0,0.008486604,3204.6153343860196
120.1,0.003075279,7704.763288487385
120.2,0.0038906513,5142.399929369403
120.3,0.0019957533,7598.092560884868
120.4,0.0066536334,2968.6217484720064
120.5,0.002069641,5148.619008928897
120.6,0.008536343,6093.290956467741
120.7,0.010265228,2725.8992890722593
120.8,0.002814041,3348.863229622758
120.9,0.00687253,8600.753249466152
121.0,0.015755918,5364.704164873276
121.1,0.0054854755,8550.48813529119
121.2,0.01749206,2591.667663086493
121.3,0.020794028,3515.0032105042123
121.4,0.008065129,4074.360544550569
121.5,0.000765045,5213.816925525165
121.6,0.0013486096,5629.138593499966
121.7,0.0014125564,5413.8587051605
121.8,0.0010489852,5023.520388500558
121.9,0.010743528,4456.1898778835175
122.0,0.0010014342,4345.229463724685
122.1,0.0021335213,3088.7807896594186
122.2,0.0011658616,6423.742385215036
122.3,0.0036731726,2914.4209660965753
122.4,0.032374725,5472.322193791257
122.5,0.0028573135,3073.151746727881
122.6,0.0004605231,5618.868999125652
122.7,0.001024847,5385.026527714985
122.8,0.0012309988,4487.887065471568
122.9,0.0013512815,3483.1181620888005
123.0,0.00023950914,8777.809326892751
123.1,0.00016753115,9409.461130024149
123.2,0.0001526816,10634.972856191289
123.3,0.00016771453,11132.691269626805
123.4,0.00010428847,12637.457730404492
123.5,0.00018824663,10110.432899713658
123.6,0.0016861873,4510.655561138399
123.7,0.03080557,1305.281131405911
123.8,0.034717456,1960.591743029755
123.9,0.00040954223,8596.560783338567
124.0,0.021969289,2445.8134983262416
124.1,0.0001873525,10889.148694216872
124.2,0.00013381372,11253.23489054837
124.3,0.00018334086,11302.1935568475
124.4,0.00013710534,11534.593959889065
124.5,0.00016747207,11301.583152867892
124.6,0.00012551565,12298.647932521673
124.7,0.00012828536,11921.215170375148
124.8,0.00048746928,8466.069165569237
124.9,0.00024774647,9129.6923878366
125.0,0.00019825896,9447.70886042521
125.1,0.0001793815,9989.773476103226
125.2,0.00012665523,11100.026886238054
125.3,0.0017553477,8362.658183825755
125.4,0.018474994,4484.826126828959
125.5,0.023369536,4221.98475216539
125.6,0.011165023,4391.720929361169
125.7,0.003693961,4473.711065762031
125.8,0.0020459297,4936.152056964417
125.9,0.0011973165,5212.665743280041
126.0,0.0005597347,6664.064398783353
126.1,0.0090164915,4234.945921771914
126.2,0.030901307,1508.9810387916716
126.3,0.025734099,2307.4015383915184
126.4,0.0009219395,5381.739897840105
126.5,0.02471374,2147.3972349454243
126.6,0.00045754056,8143.439396687534
126.7,0.00013035968,11855.398810823346
126.8,0.021244055,2439.1514986263974
126.9,0.016787538,2813.8862497668115
127.0,0.015143512,2937.8633191048475
127.1,0.0051455703,3935.1004013889437
127.2,0.0016743753,4837.977070018692
127.3,0.00065792043,5534.109066968497
127.4,0.00028844026,7986.10930836351
127.5,0.00014942464,9869.311122784096
127.6,0.000105551604,12671.34216212986
127.7,0.00017165835,11664.060976324548
127.8,0.00013819087,10229.223942037212
127.9,0.00021538202,9914.51661223718
128.0,0.00017310472,10028.933452078405
128.1,0.00019275518,9206.149666035571
128.2,0.00024076767,8710.931543016877
128.3,0.000295493,7823.28576539733
128.4,0.0002002179,8587.98745988855
128.5,0.00017317898,9317.033059538715
128.6,0.00021798679,8457.829338526823
128.7,0.0002164356,9116.600542549975
128.8,0.00025651365,7729.9469556218555
128.9,0.00024662842,7911.433369413999
129.0,0.00022141828,9334.941569796727
129.1,0.00022421917,9619.896714470144
129.2,0.00037564366,7733.732091864824
129.3,0.00058412517,7571.960656202577
129.4,0.0001801298,9587.60723838617
129.5,0.00015673,10237.535393339784
129.6,0.00018257463,10212.58655229383
129.7,0.0003330013,9730.639634835825
129.8,0.00029532582,8642.413062909327
129.9,0.014215193,3705.80496808973
130.0,0.0130768195,8980.3529725209
130.1,0.016396672,8536.780536417322
130.2,0.0149490805,8473.410521143327
130.3,0.009791478,7982.3311626435825
130.4,0.0065997466,7515.257056147149
130.5,0.0040555815,6997.914850330182
130.6,0.0011445349,5735.285942383773
130.7,0.0006535307,5827.25394766922
130.8,0.00044360792,6368.346577223754
130.9,0.00050522125,7170.427895213279
131.0,0.034675367,1804.844171449318
131.1,0.00024092686,9753.129352360389
131.2,0.026430067,1951.4121915964251
131.3,0.019073816,1798.1762196455602
131.4,0.020685412,1459.493946309066
131.5,0.022914194,1656.1658730161107
131.6,0.02218676,1636.6091899232806
131.7,0.026638666,1502.9802298828445
131.8,0.015325391,2197.1759201924715
131.9,0.0025765933,9205.638582858108
132.0,0.012291621,2727.8908238922495
132.1,0.016659465,2122.0197465792126
132.2,0.011906194,2372.444639588103
132.3,0.0128122475,1723.4370911825022
132.4,0.010302398,2392.4643719323876
132.5,0.0035391953,9220.813814659727
132.6,0.012834501,2434.9648619183417
132.7,0.019008473,1220.652773509304
132.8,0.001413188,5813.398765060285
132.9,0.015657578,1570.85806756772
133.0,0.01152576,2290.956971160743
133.1,0.0023259693,4131.0239469633425
133.2,0.0018299833,5549.467791028626
133.3,0.00021382683,10824.92105743656
133.4,0.002823244,9156.147951546543
133.5,0.0021054088,5660.155475300144
133.6,0.0248312,1577.0729248023124
133.7,0.022335764,1021.2155498370735
133.8,0.0017365988,4663.724622638572
133.9,0.0070346394,2746.951328873788
134.0,0.005428048,6255.639377515874
134.1,0.008695542,3126.8491072253896
134.2,0.006968572,2783.133585739911
134.3,0.018965518,3499.1212130650065
134.4,0.0024678083,5174.71124433364
134.5,0.00027946773,9677.051434081193
134.6,0.00028526093,9409.004684002837
134.7,0.00035493154,7621.78102602995
134.8,0.00042169835,7541.448736477594
134.9,0.00027467136,8616.905860195515
135.0,0.00015321042,10362.612460705064
135.1,0.00016424226,9753.837674689265
135.2,0.0002856382,9445.247126940245
135.3,0.00024579742,10076.809375384073
135.4,0.00029533706,9386.472507407772
135.5,0.00018773,9450.598559695052
135.6,0.00043881827,7399.332039050072
135.7,0.00018343698,9285.24484772234
135.8,0.00039422477,7439.324133244383
135.9,0.00020904181,9839.365444103194
136.0,0.0059250486,7206.401196864885
136.1,0.038655583,2897.636382904423
136.2,0.027261382,3447.272428981821
136.3,0.0023219807,7317.100642749345
136.4,0.002888491,4524.173429843785
136.5,0.023669716,2181.1069086774705
136.6,0.024707,3018.764453568192
136.7,0.028777577,1993.1135420406763
136.8,0.0014858395,6929.31577975272
136.9,0.032248743,1890.9451712606576
137.0,0.036520533,1561.3974798762276
137.1,0.03815474,1458.5769427974853
137.2,0.009463653,5701.888661748324
137.3,0.020889351,1154.300178026984
137.4,0.014004474,1477.0794255396213
137.5,0.038820207,1220.3686106174036
137.6,0.004908646,3524.6541160107445
137.7,0.019273553,2291.8272634749515
137.8,0.014820469,2511.0138458316483
137.9,0.0004818882,9096.170649224703
138.0,0.021508869,1840.1677041959276
138.1,0.029808518,1291.4642105923822
138.2,0.011289862,2107.9596917777862
138.3,0.0045722076,4801.8271660746595
138.4,0.004140627,5408.166988080677
138.5,0.0008902975,7036.396304058144
138.6,0.007994923,2288.322027400397
138.7,0.009202226,1693.590629948268
138.8,0.0029643083,4596.110668437774
138.9,0.0013139992,4847.313567510515
139.0,0.0005185996,6293.402096204914
139.1,0.00043673837,6461.516500795071
139.2,0.00045976142,6900.512041511945
139.3,0.0003813881,8675.385043331968
139.4,0.022592727,1194.2200922561524
139.5,0.016861342,2026.2392309839754
139.6,0.013083245,3007.3769644092004
139.7,0.0066067697,2523.5408416252694
139.8,0.011107513,2277.8547063463657
139.9,0.004140379,4910.969066730529
140.0,0.005325864,2893.4122298180755
140.1,0.010921054,2272.5676423174973
140.2,0.0097721545,3021.35125123349
140.3,0.0020657466,8095.545327638377
140.4,0.005654849,3116.112814795013
140.5,0.00088331325,5015.099715369807
140.6,0.0003665424,7085.9056862627485
140.7,0.00035926388,9721.43702910828
140.8,0.00025163006,11007.761075763265
140.9,0.00014371985,11255.003146185345
141.0,0.0001286508,12241.930400349815
141.1,0.00015033397,10405.405194740439
141.2,0.0002480865,10418.410349787307
141.3,0.0003079192,10772.745223715923
141.4,0.00023325396,11018.325533637777
141.5,0.00016361006,11957.150576473767
141.6,0.00019380185,9766.162360367729
141.7,0.00018204936,9682.030314483385
141.8,0.00021670271,8798.746221365775
141.9,0.00028029838,7185.557498258085
142.0,0.00029067698,7077.958380975929
142.1,0.00022553463,8532.721178563206
142.2,0.00023945872,8437.586753218027
142.3,0.00024872384,8054.046098729373
142.4,0.00023359497,8062.81052164671
142.5,0.000235391,8063.324281914788
142.6,0.00022253006,8793.31044886358
142.7,0.00019727804,8518.665932959535
142.8,0.00024981817,7975.774102631633
142.9,0.04008542,2669.7931942192777
143.0,0.019444942,9240.139234505903
143.1,0.019462142,8894.851167335259
143.2,0.018178895,7638.132554395988
143.3,0.0050184075,6162.400633258052
143.4,0.0016407861,5199.807216515424
143.5,0.00080131163,5750.637028532616
143.6,0.00057231274,6537.1434663910295
143.7,0.03515404,1753.2298918597862
143.8,0.018357908,2626.2408754329554
143.9,0.015082715,1859.8098734189161
144.0,0.026007723,1447.864269882839
144.1,0.010066374,4437.956033528522
144.2,0.0020817993,6705.655993191286
144.3,0.030592633,2601.950158034633
144.4,0.002627262,7035.696480599825
144.5,0.002123252,5112.492205563589
144.6,0.012576074,2348.5834720438775
144.7,0.013011233,1738.3156863045456
144.8,0.025478031,1839.1205007039312
144.9,0.018849991,4009.9558348255473
145.0,0.02408222,2360.2756388632442
145.1,0.028082216,2153.8474765797964
145.2,0.020015359,2609.743930168658
145.3,0.0030487597,5786.589458395438
145.4,0.0011742711,4977.477528215985
145.5,0.0005442926,5695.275890883791
145.6,0.00023993778,8466.56860390608
145.7,0.00013824017,10826.387981968039
145.8,0.00016282806,11479.201678357525
145.9,0.00014865275,11502.314700300585
146.0,0.00016993457,10425.024476908335
146.1,0.00018073976,10357.402843367929
146.2,0.00013123057,10856.2003812375
146.3,0.000119795266,11203.346981844874
146.4,0.0001542996,11461.726611781998
146.5,0.0002400448,9595.93775844725
146.6,0.00016979438,10450.070341591669
146.7,0.00029781664,8565.794530415744
146.8,0.0004430608,7761.989459241718
146.9,0.0004507711,8623.158605736158
147.0,0.00029101936,9737.761212023372
147.1,0.00028191274,9334.905257095614
147.2,0.00049247296,8126.039591796378
147.3,0.0003260298,12414.780082405627
147.4,0.00025050333,10524.166704212275
147.5,0.0004940723,7782.12736163563
147.6,0.0033051565,6402.440647210156
147.7,0.038886856,3046.9912482470977
147.8,0.0032307594,4154.170341297658
147.9,0.005556104,3743.154041199723
148.0,0.006687286,4076.797302255571
148.1,0.001464535,4908.296806960266
148.2,0.013007428,4871.308567482696
148.3,0.018888714,8470.05508054764
148.4,0.012649277,9489.885007424178
148.5,0.016075308,9641.055971084592
148.6,0.02178492,6145.907857517628
148.7,0.020382544,5127.881777457722
148.8,0.011674353,5898.769403833747
148.9,0.005913397,5604.949279493227
149.0,0.0017237172,6478.95859420641
149.1,0.0011131826,6963.149084128801
149.2,0.00074879423,7424.4780541081
149.3,0.0002801952,8839.020394565712
149.4,0.0006188875,6170.730073571789
149.5,0.014720911,1515.5385307125061
149.6,0.006427282,2219.9186680432845
149.7,0.007479154,2342.956277184804
149.8,0.013850828,3297.645194994924
149.9,0.0065932875,5413.573376499002
150.0,0.0014467045,4767.976624249115
150.1,0.0006326187,6224.304601419817
150.2,0.004695375,4497.082429502729
150.3,0.0031530054,7201.66030877332
150.4,0.0028145039,7273.958044924768
150.5,0.0028342465,6079.237869896853
150.6,0.0028855673,5503.1352595734625
150.7,0.0018653811,6379.173755147811
150.8,0.0011735262,6845.760427347883
150.9,0.0012038256,6719.843227578795
151.0,0.0072145993,5476.068110378829
151.1,0.0339196,2578.9495059321152
151.2,0.0256047,2792.9896233758454
151.3,0.041300725,1797.7753850994106
151.4,0.057143264,1210.3099273309858
151.5,0.034296893,2370.3344865625463
151.6,0.014772193,5668.875101552629
151.7,0.03118026,4754.1594162692
151.8,0.022651363,4106.856582981082
151.9,0.006908625,4582.499443412445
152.0,0.0025887678,4731.580980260413
152.1,0.0009213158,4899.395376779474
152.2,0.00043054586,6890.835006936982
152.3,0.0003054005,8287.580085261332
152.4,0.00082656194,4338.769621123001
152.5,0.0017619083,5337.243684829658
152.6,0.0007648443,5696.113633191039
152.7,0.0015262589,6164.679645773716
152.8,0.0012419508,7090.450668730846
152.9,0.0011164603,4928.460951161518
153.0,0.0026898794,5224.14608427853
153.1,0.0011186923,5465.665765800268
153.2,0.0032629406,3859.163538799228
153.3,0.0018542097,4071.006161387814
153.4,0.0015745071,3705.9005399065795
153.5,0.0028053808,2874.173377972619
153.6,0.009275935,2704.3306336466803
153.7,0.0037953155,4795.593334160629
153.8,0.0008833029,6521.120965142956
153.9,0.0036593392,4113.724437647243
154.0,0.0015972187,4740.575080178374
154.1,0.0039208196,4615.4198737803545
154.2,0.0024645312,3511.4138959640686
154.3,0.015606344,2097.508131418701
154.4,0.006800421,3284.889797245576
154.5,0.01605091,3824.3085184552683
154.6,0.001889698,4649.391880043595
154.7,0.00030442566,8228.829915311422
154.8,0.0045369705,5608.648142159922
154.9,0.00686244,3560.242017762739
155.0,0.0025053478,4747.944013466665
155.1,0.0015189904,4350.852655401365
155.2,0.00057182705,5615.957881166949
155.3,0.00022141673,8368.25464773385
155.4,0.00026800032,8763.86927071968
155.5,0.0023306813,6665.276552087931
155.6,0.0019651735,6521.195137242501
155.7,0.0015597801,6599.4241599348425
155.8,0.00076828024,5632.191253883831
155.9,0.0003129061,7174.474972490998
156.0,0.00024146652,8872.543482912257
156.1,0.01248144,2834.2418515296404
156.2,0.009806279,3678.1321632865256
156.3,0.014208414,2951.2640774734605
156.4,0.0036306023,4665.153037258129
156.5,0.00011676978,12340.478934401033
156.6,0.0075889626,3019.3888412385804
156.7,0.00032800008,10028.237259435371
156.8,0.0012397259,8117.721617854129
156.9,0.0012797418,8197.355964203041
157.0,0.0052331635,3078.8906931398506
157.1,0.009338989,1925.3012174620799
157.2,0.007274302,1963.7735931600168
157.3,0.000496391,8871.733423777585
157.4,0.008913619,2044.455943455424
157.5,0.0144287385,1791.3753794516065
157.6,0.014678993,2028.1609242883542
157.7,0.016288765,1530.3595208739507
157.8,0.009570787,2282.411561792371
157.9,0.01009902,2325.3117263731797
158.0,0.008790493,2121.7342467115504
158.1,0.008884053,1951.0073985228687
158.2,0.008452576,1916.7274154224217
158.3,0.0037703717,2976.626205559569
158.4,0.0018851224,3861.277743844667
158.5,0.0019055279,3923.8507371799865
158.6,0.010834887,1533.558983900477
158.7,0.0013700707,7755.135647951625
158.8,0.0048381044,2220.1026349226786
158.9,0.002013987,3819.832398981944
159.0,0.0008869495,5339.660315968359
159.1,0.00014231892,12403.428109296228
159.2,0.0005501862,9980.820808199653
159.3,0.0015521039,4099.806250110994
159.4,0.0012717209,4620.2562760689925
159.5,0.0011263465,4406.068391008688
159.6,0.00075062073,4978.133963766776
159.7,0.0004936385,5835.662807432022
159.8,0.00035714547,7121.614947745371
159.9,0.00024699635,8041.877772945071
160.0,0.00023023982,8592.599503557125
160.1,0.00020023274,9577.60685922409
160.2,0.00021600236,10754.653651288607
160.3,0.0003718319,10931.209586784946
160.4,0.00020607862,10898.3562739933
160.5,0.00014958488,12191.34486658541
160.6,0.0001575497,10544.773526309938
160.7,0.00029779688,6867.552510602693
160.8,0.00030138573,7020.073344368968
160.9,0.00020797545,8890.246190220609
161.0,0.00023985018,10180.031731737316
161.1,0.00027575277,10793.74835678071
161.2,0.00011416769,13087.916225215138
161.3,0.00011534368,13548.424101204433
161.4,9.681843e-05,12991.534414107065
161.5,9.9577235e-05,13369.452217188837
161.6,9.1187314e-05,13241.51485486928
161.7,0.0001424003,11950.49987566901
161.8,0.0001325985,12343.89820632336
161.9,0.00021091658,11027.67304618567
162.0,0.00027687257,9448.593491769258
162.1,0.007196283,2101.1499496103597
162.2,0.0061534955,2847.493525543083
162.3,0.0023835937,4334.3634979286635
162.4,0.0006206243,6407.402794415078
162.5,9.861349e-05,12300.683620023634
162.6,0.00016230077,10306.862867635346
162.7,0.000118784934,11616.72099942166
162.8,0.00078804,5394.040838087674
162.9,0.00093792134,4964.377361455781
163.0,0.00012528533,12665.36492995462
163.1,8.12571e-05,13102.536924748762
163.2,8.081893e-05,11878.33836249512
163.3,8.435098e-05,11453.158867580385
163.4,7.8353885e-05,10988.932480258129
163.5,7.144713e-05,11672.197985947107
163.6,7.919453e-05,10747.548051128419
163.7,6.0180155e-05,11296.779634325603
163.8,0.00024423673,5878.477230462891
163.9,0.00016532766,9124.321247294774
164.0,0.0013824684,7559.838273635294
164.1,0.0059045884,1646.3769081588885
164.2,8.4139196e-05,9791.256748715768
164.3,5.4229484e-05,10427.458461446007
164.4,0.00012819156,8454.045660533928
164.5,0.00014390376,8212.537030349104
164.6,0.000105955136,9274.857215965938
164.7,8.403245e-05,9560.12825215825
164.8,4.9610593e-05,9934.237158900061
164.9,2.1364052e-05,11140.265689129847
165.0,5.7390247e-05,7641.192435715226
165.1,3.0153746e-05,10116.330735849715
165.2,4.1970306e-06,11373.710973424637
165.3,2.0818854e-07,1053.477622353506
165.4,3.8332335e-20,12000.000268220907
165.5,3.8332335e-20,12000.000268220907
165.6,3.8332335e-20,12000.000268220907
165.7,3.8332335e-20,12000.000268220907
165.8,3.8332335e-20,12000.000268220907
165.9,3.8332335e-20,12000.000268220907
166.0,3.8332335e-20,12000.000268220907
166.1,3.8332335e-20,12000.000268220907
166.2,3.8332335e-20,12000.000268220907
166.3,6.0447223e-07,4980.605167916132
166.4,0.0011912796,1267.1989921103084
166.5,0.0016319592,386.1493160838737
166.6,0.00018211546,2265.2753358783016
166.7,0.000107910935,3163.491400188769
166.8,3.1410855e-05,3274.0223596323476
166.9,1.0341989e-05,4559.956496826306
167.0,1.5553755e-05,3682.7957281254835
167.1,0.0016232777,2659.2373324681143
167.2,0.00051204534,993.4810811351244
167.3,0.00041821497,2232.893309389413
167.4,0.00018189513,1432.797184645146
167.5,3.5208668e-05,3049.273782641567
167.6,1.3847115e-05,4121.048605269032
167.7,0.0017178355,2160.9401697303983
167.8,0.0010353632,624.5619759589694
167.9,0.00013179262,3332.355985123977
168.0,0.0002686717,2296.879009335994
168.1,5.2565443e-05,3239.0505087075353
168.2,3.3668886e-05,3769.2369627325634
168.3,3.7226102e-05,3732.936156068995
168.4,0.001708442,1484.0274177036413
168.5,0.001547772,1335.2657663538848
168.6,0.00029134483,3290.099755653358
168.7,0.00019067492,2747.770502653269
168.8,2.9093597e-05,5382.391334336959
168.9,7.2766954e-05,10298.779425153014
169.0,0.00010534612,9735.438651309123
169.1,0.016196849,1781.0695013575835
169.2,0.011255546,1308.492683127074
169.3,0.0069089113,2247.986593823061
169.4,0.012097794,1085.4360220934964
169.5,0.008707621,1662.0991254088951
169.6,0.0066788937,1808.4858864143066
169.7,0.0043715597,2110.2138522401074
169.8,0.004118713,2487.818692351615
169.9,0.0009406805,5375.401996474331
170.0,0.009334363,2167.6960468405596
170.1,0.0063365293,1866.5413942820023
170.2,0.0033148206,2797.0204610754336
170.3,0.003195154,2610.795182763905
170.4,0.0034467075,2784.269314593189
170.5,0.0032349043,2752.0976300389393
170.6,0.004779832,2165.7959065039695
170.7,0.00013137632,8354.082532138393
170.8,0.00025357117,7879.407207901707
170.9,0.0044570332,4502.707549901455
171.0,0.011200553,2361.764940384259
171.1,0.003213114,3404.9790386011264
171.2,0.0009495543,4767.629349023622
171.3,0.00026079002,6805.482684193247
171.4,0.00013923142,7884.329862210208
171.5,0.00016558918,7715.279875846207
171.6,9.5115225e-05,7641.124146624108
171.7,0.0002540502,4794.860792493601
171.8,0.00025831896,4780.039816654551
171.9,0.0060231634,2487.0788571095213
172.0,0.00074300065,2377.4448711022983
172.1,0.009537252,4543.825826181304
172.2,0.009397401,1439.6408299157802
172.3,0.01629137,1763.0898599407021
172.4,0.0014570974,2813.2177298487377
172.5,0.0009268788,2664.500822597681
172.6,0.00041138346,5090.925136260139
172.7,0.0001558866,8031.979932673011
172.8,0.00017581518,6391.496495334316
172.9,0.0035409648,1616.7748872926975
173.0,0.005340503,2319.145887191492
173.1,0.001842837,6893.476930704423
173.2,0.0012905897,6684.786481972172
173.3,0.008992888,3817.5036588916882
173.4,0.0138039915,2347.52186617661
173.5,0.01099416,2373.8510336400086
173.6,0.0078082844,1914.245036803125
173.7,0.005390326,2562.3206231408985
173.8,0.002597933,2978.436063868113
173.9,0.003908709,1696.3335627151819
174.0,0.0012913798,2762.050802103183
174.1,0.0018315719,1686.0863894814597
174.2,0.00062652293,4730.883779081878
174.3,0.00027900297,6553.987941380101
174.4,0.00019228985,7599.746987988141
174.5,0.00022166906,6654.2362070706395
174.6,0.00021681222,7176.388067842638
174.7,0.00020731858,8253.859626968151
174.8,0.00019050996,7009.729837740075
174.9,0.00025731738,7575.010310985917
175.0,0.00036741773,9127.873858079887
175.1,0.0025895606,9606.76226950948
175.2,0.013716597,1777.9926477686204
175.3,0.0051446487,2857.424403294418
175.4,0.0030817667,3110.5394813977155
175.5,0.0026439293,3167.6334563962773
175.6,0.0016058701,3147.6438367805385
175.7,0.0018391226,3095.7893900860545
175.8,0.0009819116,3819.550967591965
175.9,0.00030798122,5699.309444876373
176.0,0.00023429806,6766.100027815736
176.1,0.00040299157,9548.928669299272
176.2,0.009319636,1325.0014920746366
176.3,0.007812286,1181.7539860595307
176.4,0.008336893,1057.062281951128
176.5,0.004257591,1707.019664562477
176.6,0.008227009,1293.5676546162808
176.7,0.0006777484,7908.866252007755
176.8,0.010623222,1198.213070964841
176.9,0.0071496167,1500.2703127193442
177.0,0.008074277,1358.8002634857194
177.1,0.0068880147,1318.4785694643947
177.2,0.0004344838,8824.391527097589
177.3,0.0001519501,10998.802205750992
177.4,0.010787459,1481.5403864843688
177.5,0.00925952,1489.1194472246366
177.6,0.0042315596,2199.7123796503643
177.7,0.0007157824,3950.761609133508
177.8,0.00040758753,4687.6359213125625
177.9,0.00027314233,6925.3276035446015
178.0,0.00013787237,9572.668537043959
178.1,0.00014465002,10998.071989985376
178.2,6.5812244e-05,13595.269843710452
178.3,8.7677734e-05,13382.849633255872
178.4,9.874934e-05,13589.545636473873
178.5,6.03321e-05,14181.703971156185
178.6,6.787781e-05,13684.875563288688
178.7,0.00017751163,11024.876580671262
178.8,0.00013778008,12108.22918855375
178.9,9.024811e-05,12999.753469205656
179.0,0.00013911557,12194.00131395251
179.1,6.222907e-05,14506.271870649804
179.2,0.00018533031,11629.451536513656
179.3,0.000107485044,13386.356773004387
179.4,7.898923e-05,13433.06042245613
179.5,0.00010061747,13226.576404252908
179.6,8.112149e-05,13513.615605802415
179.7,8.629107e-05,13662.696603801847
179.8,5.2341016e-05,14665.29975400654
179.9,7.289979e-05,13484.344161952911
180.0,0.0002441658,9571.648574775076
180.1,0.00014130925,12334.07782267684
180.2,0.0017050856,4564.415232089271
180.3,0.0024958663,2337.933147780406
180.4,0.0017345666,3213.0405176481
180.5,0.00053108594,7899.430698905902
180.6,0.00025447094,8619.589294343044
180.7,0.00026352218,10321.779322246697
180.8,0.008720583,1225.9288307487245
180.9,0.009226465,1395.938467600918
181.0,0.015361532,817.3439792153188
181.1,0.0076494743,1100.8464508552781
181.2,0.009554353,980.8651137217038
181.3,0.004689228,1460.0214206774017
181.4,0.0028162932,2068.0381734562698
181.5,0.001206252,3256.8990256298703
181.6,0.00032065006,5797.894026958466
181.7,0.00014316919,9001.586764651664
181.8,0.00021566801,8820.253217795545
181.9,0.00018260488,8353.082474645873
182.0,0.00030056588,7341.831684167687
182.1,0.00042033612,5338.120615009181
182.2,0.0032653708,2428.4787591304566
182.3,0.0023299507,2918.9169593860115
182.4,0.00264365,2972.220656140557
182.5,0.00031514358,5163.601274407725
182.6,0.00012935567,6748.7823061119625
182.7,0.00013716372,6027.446586371723
182.8,0.00015677042,6494.186548070694
182.9,9.035968e-05,8035.151250875316
183.0,6.399204e-05,9601.76034545819
183.1,1.839791e-05,10289.327066014494
183.2,3.8332335e-20,12000.000268220907
183.3,1.8822437e-05,8839.902791337117
183.4,4.1909432e-05,10978.703069795627
183.5,6.733887e-05,10514.322808360732
183.6,0.00010734467,7121.642411714987
183.7,0.016595773,375.63154041830103
183.8,0.00042781202,5192.22545244753
183.9,0.00021161462,6635.916228007296
184.0,0.035538495,369.24114081254
184.1,0.0025658747,3243.330246609375
184.2,0.0007058939,5957.531242471476
184.3,0.00020527895,9093.39900128532
184.4,0.022384666,985.4991620050627
184.5,0.012570801,1245.5712825097914
184.6,0.009771827,1614.7192197631489
184.7,0.014223316,1123.1890318669411
184.8,0.00412197,1851.6871857075255
184.9,0.015341841,1039.0689405258363
185.0,0.012310954,1359.3541665340504
185.1,0.007942088,1495.9675472488739
185.2,0.00017348472,9137.624883467879
185.3,0.016798979,1259.5937064287011
185.4,0.011822053,1788.7794540028192
185.5,0.0014890705,3360.110282656429
185.6,0.010357421,1701.235179173379
185.7,9.195734e-05,10516.547720100014
185.8,0.027613757,1287.3107779683871
185.9,0.004447963,2015.3578993528745
186.0,0.028385628,1154.6569836746585
186.1,0.0002471659,9207.721440368743
186.2,0.00020410164,10502.811696859339
186.3,0.034842756,1106.4806015034083
186.4,0.036493305,1177.0424477630268
186.5,0.029894335,1212.4917910313516
186.6,0.022770954,1352.6236460666182
186.7,0.015311298,1852.8388393390928
186.8,0.001113446,3998.452444143169
186.9,0.00013802796,9729.41179273276
187.0,6.0517872e-05,12551.243853915965
187.1,0.00011799497,9316.518349619699
187.2,0.00026825472,6805.9093444458795
187.3,0.00028593696,6523.791220680931
187.4,0.0002484193,6654.529739755433
187.5,0.0002611674,6458.062744429066
187.6,0.00039376924,5187.802047530191
187.7,0.00012966071,9894.07043456464
187.8,0.016660292,1208.888926437398
187.9,0.022218265,1132.0557548446495
188.0,0.025523726,972.7629106492741
188.1,0.0074761524,1387.6198103325255
188.2,0.0020262892,4181.245299250255
188.3,0.0007962084,8166.1517210196025
188.4,0.017182669,1121.1190686838424
188.5,0.00095183717,4467.57484998254
188.6,0.006744552,1456.6340811396046
188.7,0.0096640475,1345.8513369624222
188.8,0.0018563425,2901.0330453778706
188.9,0.01174257,1367.9437229975551
189.0,0.0034168009,5551.535245819352
189.1,0.004680397,3432.362401825728
189.2,0.012930699,1255.6844483963027
189.3,0.014483152,994.6362247077411
189.4,0.01663952,824.9493575505444
189.5,0.01640368,1110.8151336485453
189.6,0.0012849588,5985.861664462376
189.7,0.00017164263,10736.676295637295
189.8,0.009289463,1721.0480311598849
189.9,0.00014086979,10033.155151031537
190.0,0.013913129,1984.6301150244808
190.1,0.011136672,1407.099803325437
190.2,0.00030847537,6650.88599423975
190.3,7.834762e-05,11761.16464925815
190.4,0.00015402479,10789.733429739768
190.5,0.00011614525,11498.806419459725
190.6,0.00013472511,11663.722619558286
190.7,0.02469565,1541.4051562281265
190.8,0.0181482,1505.1926326341286
190.9,0.0020168428,11226.266678162083
191.0,0.015167369,1369.2664338584048
191.1,0.03831364,1142.1744857281149
191.2,0.019099794,1405.0901862242338
191.3,0.017560616,965.203099102604
191.4,0.0018564156,3175.3494026707112
191.5,0.009679225,1778.882930529189
191.6,0.0010522222,8407.402475174986
191.7,0.0003416193,10172.321194983426
191.8,0.011737512,1720.3987340305744
191.9,0.0037197801,2275.510170927614
192.0,0.032156643,1027.0055486092028
192.1,0.023873303,1084.1119984385052
192.2,0.021960162,1031.1894080066932
192.3,0.020045174,1056.7675434667108
192.4,0.0011740753,3492.404314437913
192.5,0.0007633378,3827.2959250198946
192.6,9.150325e-05,12611.419572881727
192.7,0.0003202317,8056.961595944202
192.8,0.00013610453,9414.740552676689
192.9,0.00020522614,7403.037556494361
193.0,0.00023341598,6672.765868713634
193.1,0.00022884012,6416.329847554685
193.2,0.00017510926,7847.991828103602
193.3,0.00015429886,8567.004415642245
193.4,0.0001562776,8311.68420253855
193.5,0.00011135603,10026.82207253075
193.6,9.397512e-05,11525.056870724617
193.7,0.005467493,1537.6499968744815
193.8,0.0055237003,1840.5897731916461
193.9,0.00016533899,10280.969568274464
194.0,0.0051642223,1823.5050987489494
194.1,0.007473921,1278.2039727782735
194.2,0.016446095,1039.2135706119675
194.3,0.014115774,1084.2755987105816
194.4,0.012659651,1396.4031746341163
194.5,0.024174884,1153.0910370653392
194.6,0.012157217,1261.6070275310074
194.7,0.007608511,1476.8893030516547
194.8,0.0050687175,1843.9125881170676
194.9,0.00244235,2472.1955024186855
195.0,0.0016292676,2838.835109793269
195.1,0.00044751895,10467.920429601647
195.2,0.007793996,1399.7870315305968
195.3,0.0062158946,1427.2982085186668
195.4,0.0026474213,2197.6141173888636
195.5,0.008844579,1388.8985177192453
195.6,0.008767026,1469.0837973559069
195.7,0.0125805605,1217.2385067822647
195.8,0.00083067775,4739.002787193136
195.9,0.016395139,1282.6583061372955
196.0,0.001271429,9031.185867302953
196.1,0.011478642,1309.621621039822
196.2,0.007894098,1444.3863554583882
196.3,0.0133854635,1052.1193714405256
196.4,0.008530164,1405.1980075312924
196.5,0.006362434,1735.8204265004852
196.6,0.0065714642,2153.441482661656
196.7,0.014403998,1352.4793464643271
196.8,0.011888139,1492.316187343005
196.9,0.005015187,2633.3528241287922
197.0,0.00034489605,5336.675799839086
197.1,0.00020143215,9153.517544234748
197.2,0.00011609092,9432.426242130889
197.3,0.00016594003,7526.187789473411
197.4,0.00015966581,8103.0034293784465
197.5,0.00011850738,8812.620579544984
197.6,0.00011926439,9510.673684344583
197.7,0.00012816316,8730.791413318528
197.8,0.000118407785,9273.422357484777
197.9,0.000120833334,9042.751157740455
198.0,0.00014727486,9035.70112972081
198.1,0.00021002843,7313.920378554943
198.2,0.00019293153,6955.461740153765
198.3,0.00026330684,6580.878743801314
198.4,0.00026521596,6111.102493737142
198.5,8.596852e-05,11258.910059510214
198.6,0.018238405,1175.2691934489994
198.7,0.018874478,1499.6994255998466
198.8,0.015451809,1233.2391081465134
198.9,0.011679097,1568.9490243574119
199.0,0.018686658,1013.1654232802196
199.1,0.0019212504,9515.421465617606
199.2,0.0109612355,1966.7226253189049
199.3,0.0008219025,6735.005282758271
199.4,0.00012468998,11851.634353095516
199.5,7.82381e-05,12593.811019163497
199.6,0.0020968253,2690.9689397358934
199.7,0.0056253104,2269.1286128266665
199.8,0.019066267,1470.746601689089
199.9,0.019615078,1167.8232905651626
200.0,0.014819645,1272.6856346235627
200.1,0.00089837564,8310.776926656778
200.2,0.0068710395,1220.47230228837
200.3,0.014071379,1047.0885243701441
200.4,0.008548796,1368.228738222319
200.5,0.012678601,1303.5413345807658
200.6,0.0012588708,8140.669918833243
200.7,0.0012304165,8811.728141210766
200.8,0.0006059215,8075.956535131752
200.9,0.0002430255,7779.9378669406
201.0,0.00013406746,12542.283321135728
201.1,7.544505e-05,13403.11662635881
201.2,7.587769e-05,12826.556252742135
201.3,0.00013375907,10560.895370937615
201.4,0.0002292349,10788.20081803986
201.5,8.958753e-05,13500.509153505704
201.6,0.00014729305,11632.516775215301
201.7,7.85238e-05,12075.781537548828
201.8,7.161284e-05,12213.334018357671
201.9,0.0001133854,12392.047515045477
202.0,0.0005547698,6815.837016254554
202.1,0.009307344,1522.492227184916
202.2,0.00030654971,7974.536159267282
202.3,0.006677363,1713.008209147313
202.4,0.00058133184,9095.02458180053
202.5,0.010546337,1595.6099854148554
202.6,0.019022673,1232.4681355496984
202.7,0.011574755,1216.253915702186
202.8,0.007813881,1309.0452486430788
202.9,0.007214949,1333.2424106629226
203.0,0.00051045127,5781.757725347852
203.1,0.012672536,1029.0372096845815
203.2,0.012564963,1135.2356139890248
203.3,0.010506773,1059.7087367960878
203.4,0.009846347,1284.8365513707697
203.5,0.0039137746,1797.334241946445
203.6,0.0008289952,3375.8666563394827
203.7,0.0016152561,3247.9158012522757
203.8,8.4971376e-05,12372.98389681054
203.9,0.009228313,1166.6359556531436
204.0,0.013084927,1217.291841482778
204.1,0.0015455418,5573.391086310387
204.2,0.024408247,1057.4139244840399
204.3,0.008769087,1130.209019765462
204.4,0.0035541386,1708.979345381038
204.5,0.0004305065,6434.960096673479
204.6,0.007982355,1145.6754576831256
204.7,0.00012145116,11298.305382075141
204.8,0.0035250594,2639.7202203731713
204.9,0.00057992915,7183.570074960557
205.0,0.004721881,1632.124109731219
205.1,0.00054445013,7420.125859479625
205.2,0.011584391,1235.6507503590497
205.3,0.00667864,1373.4745286738048
205.4,0.001669153,3605.9421428771475
205.5,0.006018314,1665.2463630594775
205.6,0.00033416986,9129.110143161832
205.7,0.006813156,1238.6659309359784
205.8,0.004193982,1164.5110698095045
205.9,0.0013641934,2541.214542775913
206.0,0.00014535278,9570.219435874882
206.1,0.00040425078,5258.459542410833
206.2,0.0006416024,4138.489699718626
206.3,0.00074989354,4127.588163253464
206.4,0.00061026704,4734.973970927865
206.5,0.00043950183,4367.337202443479
206.6,0.00040519246,4734.117531487634
206.7,0.0005184985,4440.2310483310075
206.8,0.0004662151,4615.723993471491
206.9,0.00027112133,6333.716316273818
207.0,9.996798e-05,11075.029648239288
207.1,0.018957593,1016.6080987621409
207.2,0.044900943,739.8909122178344
207.3,0.025176648,1052.1685313641897
207.4,0.021210412,1619.0015131292926
207.5,0.0018082793,2945.0075072213267
207.6,0.027193008,1038.7989190431986
207.7,0.025882253,1226.003619581285
207.8,0.027486796,1038.4052054699766
207.9,0.035500757,734.8768742151099
208.0,0.027445078,838.264226042817
208.1,0.024017444,1090.2410893629512
208.2,0.030210422,1016.6099864065111
208.3,0.008759429,1688.6425857554705
208.4,0.006091234,1513.8755779011158
208.5,0.012312109,1166.5404508353467
208.6,0.00081300974,4807.9090127488835
208.7,0.01733589,1192.6444036432854
208.8,0.006539632,1811.704083757725
208.9,0.020908348,1074.3390049130137
209.0,0.0013497204,5573.319651572646
209.1,0.00017855862,9718.178994751142
209.2,0.029213388,1149.667013489114
209.3,0.025848866,1138.635371718638
209.4,0.029348843,1094.2195132303495
209.5,0.033594802,1085.7111332864883
209.6,0.0019947626,3379.4262568332697
209.7,0.0016116356,3195.0101549016595
209.8,0.00086458016,3198.7176605781397
209.9,0.0003169172,6634.213734650561
210.0,0.00012325501,10364.844623222118
210.1,0.00017180618,10670.558130389889
210.2,0.00015690419,9770.231489809468
210.3,0.00012310321,10521.60723450909
210.4,0.0001288271,9746.974571628385
210.5,0.0001396408,9775.811068699328
210.6,0.00020766097,9672.939853883605
210.7,0.0015125858,3473.318840018635
210.8,0.000682005,5242.828654165937
210.9,0.0010733368,4689.9509720580145
211.0,0.0014126458,4988.604309756283
211.1,0.0008888015,5024.268460258718
211.2,0.0007673708,5339.302741714548
211.3,0.0010551853,4261.385489677119
211.4,0.0015726242,4053.0702304388697
211.5,0.001800623,4412.921820136159
211.6,0.0027181196,4248.783047021604
211.7,0.0014321007,4120.632034157794
211.8,0.00077873305,5035.02197189752
211.9,0.00036453968,6580.715451012764
212.0,0.00018513686,9869.887131929961
212.1,7.7639146e-05,12587.548091352188
212.2,0.012036475,1080.6682216275808
212.3,0.015891824,1156.2457685004408
212.4,0.0008456025,7895.220218724027
212.5,0.010336414,1322.5926868487363
212.6,0.006421287,1593.9489724460075
212.7,0.005986005,1858.652865648386
212.8,0.006298753,1565.8389623005319
212.9,0.01093506,1251.3132411041852
213.0,0.010732849,1172.0149104213283
213.1,0.00017452514,10916.109284419634
213.2,9.755094e-05,11688.467966380358
213.3,6.6495886e-05,13163.494990619569
213.4,0.03193,1032.5367831179624
213.5,0.015884882,1428.4245055196452
213.6,0.0012568338,10327.541032889925
213.7,0.025852619,1108.2102309388101
213.8,0.0032161183,2247.6386182458973
213.9,0.0009195237,7345.4344902212015
214.0,0.026591659,1124.0960895236885
214.1,0.012501598,1357.2123818787938
214.2,0.020109499,1046.7417472373245
214.3,0.0032549421,2705.297483625298
214.4,0.011213628,1508.2479185768002
214.5,0.0020713222,2810.9688273982024
214.6,0.00088459154,3217.3637713440753
214.7,0.00016141,8914.246347276574
214.8,0.00032928935,8029.035225441718
214.9,8.8846544e-05,11006.605290280446
215.0,0.00012036774,9771.93493479782
215.1,9.858255e-05,10426.305873915568
215.2,7.471659e-05,13073.831210828868
215.3,7.1134324e-05,12069.919750102117
215.4,7.162943e-05,12355.121023237743
215.5,7.052714e-05,12926.433792754946
215.6,0.011162666,1033.4771195041822
215.7,0.004422072,1867.0343310523167
215.8,0.0036452082,1322.9896862756955
215.9,0.0015893623,2590.6187932211324
216.0,0.0004941168,6314.907231615369
216.1,0.0006085361,6315.058407522478
216.2,0.00025663897,9511.60808846308
216.3,0.011944539,1163.8009194792219
216.4,0.0057973885,1373.4395600794755
216.5,0.0072767125,1387.0736066437485
216.6,0.00010625529,10814.981450448484
216.7,8.638953e-05,12103.763659741531
216.8,0.00019656723,10831.461356580361
216.9,0.00024727115,10351.927888498365
217.0,0.00013246476,11635.729494765386
217.1,0.0001499485,11020.335165835093
217.2,0.00011618592,12650.584142568006
217.3,0.00019886348,11532.340282276427
217.4,0.00031601873,8547.533215670039
217.5,0.00019032908,10051.703983492529
217.6,0.00019146859,9407.520894790807
217.7,0.00014983345,10304.426379823157
217.8,0.00020227072,8465.135081243616
217.9,0.00039545825,7087.479002762678
218.0,0.002769441,5743.579554157279
218.1,0.012571234,2007.352853573071
218.2,0.0047391783,3200.8998177892495
218.3,0.0038776726,3230.572914069459
218.4,0.0012622997,5137.1961785405865
218.5,0.0008001905,4901.058516303152
218.6,0.00032559142,7114.461450036217
218.7,0.00024177885,8068.663329277257
218.8,0.00025447513,7322.586564693879
218.9,0.0002176565,6709.30163993053
219.0,0.0003101183,6774.205678213861
219.1,0.0003640336,5853.577819135751
219.2,0.00018440708,6926.847015608246
219.3,0.00017937883,6135.815358212696
219.4,0.00023241005,5377.920195341872
219.5,0.00014677993,6064.337430345504
219.6,0.00015265886,5491.1583518211555
219.7,7.117261e-05,8241.217002508974
219.8,0.00017953804,6742.601929545173
219.9,0.00017306462,4940.925398861865
220.0,0.00012374627,6097.677650703403
220.1,8.072102e-05,8697.942359087876
220.2,6.2974774e-05,7620.555417550946
220.3,6.286167e-05,9161.020843254264
220.4,9.8240205e-05,11288.996291442843
220.5,0.00012703236,9726.501313281673
220.6,0.00030881862,7696.1315879406775
220.7,0.0040439456,1556.478172222729
220.8,0.00013056856,10823.774074060253
220.9,0.0007885731,5233.80211851111
221.0,0.004574048,3446.6928843161677
221.1,0.0054487167,1868.2025368756358
221.2,0.0052035768,1714.256831344656
221.3,0.0052325455,1678.42926445306
221.4,0.0005549091,6402.359687620702
221.5,0.000551987,7053.022803697487
221.6,0.0009344436,9525.369025036951
221.7,0.0031522978,5923.807556668064
221.8,0.0028140685,6533.437210092483
221.9,0.0030916356,2056.848221485975
222.0,0.0030589122,1960.4273311015418
222.1,0.0035429443,3253.834383826117
222.2,0.0029558607,2338.9420145244558
222.3,0.0026477329,2412.3683684989846
222.4,0.00030865843,5824.305665989031
222.5,0.00011524107,10277.809875902589
222.6,0.0001242675,12885.185158526085
222.7,8.1910715e-05,13359.168476264545
222.8,0.00072531524,3857.8632814021425
222.9,0.0008750143,3664.264627378678
223.0,0.0005102355,4756.424238196501
223.1,0.000181103,7801.060185006925
223.2,9.6956144e-05,13090.596846291868
223.3,0.000107488275,12693.355485652055
223.4,0.003452067,3009.26866633009
223.5,0.0055184737,1962.0398618341746
223.6,0.0023578764,4017.0035293556675
223.7,0.0011781721,4463.370345816145
223.8,0.00016662767,9840.926829372336
223.9,0.0011325516,4433.613026842444
224.0,0.0011814124,2982.729025160399
224.1,0.00047564166,4736.480225405587
224.2,0.00019667871,8056.743744580544
224.3,0.0057262625,2674.646716634129
224.4,0.0004926104,5248.667470818987
224.5,8.767142e-05,12671.905264068484
224.6,7.706113e-05,13511.111210146952
224.7,0.004809333,4640.8240240944215
224.8,0.0017704509,4890.3730368234865
224.9,0.000351227,6516.578674411579
225.0,0.00020635196,10142.155751957303
225.1,0.00028956847,10061.35644013136
225.2,0.00012669803,11581.410091753227
225.3,0.0024844224,10361.093572287742
225.4,0.0017141451,4924.548100304883
225.5,0.00013240709,11309.531067769214
225.6,7.005746e-05,13349.830455189818
225.7,6.73292e-05,14006.313081220416
225.8,8.0013306e-05,14188.47251249926
225.9,0.00021376493,11184.286736519633
226.0,0.00018460961,11748.573899452133
226.1,9.039187e-05,13372.293522066484
226.2,6.5870896e-05,14034.895957454097
226.3,7.555703e-05,14139.020349983355
226.4,0.0015288121,6284.934252981468
226.5,0.005639893,1404.6213080933258
226.6,0.0015989905,2755.1787637864713
226.7,0.0010203507,3429.9466124258843
226.8,0.0017830095,2616.6652525624986
226.9,0.0016657714,3752.7534903501455
227.0,0.0018623488,2459.7410386137462
227.1,0.0013406605,3886.526755194872
227.2,0.0005921408,6445.118290609031
227.3,0.00090117764,3942.1160358035795
227.4,0.00020395644,7419.211913677173
227.5,0.00010062182,11043.107859149955
227.6,0.00012530865,11601.58324853474
227.7,8.090716e-05,13509.742873641386
227.8,0.000228396,11236.120611956778
227.9,0.00030174776,9145.172863227664
228.0,9.9283934e-05,13102.996978598765
228.1,0.00019056127,10951.979432522912
228.2,0.00015139597,11486.556081798668
228.3,7.55242e-05,12774.628928378994
228.4,6.551214e-05,12788.831703869468
228.5,6.705216e-05,13296.49570699063
228.6,8.1143946e-05,13549.721684799268
228.7,0.00012447078,12396.496354164334
228.8,9.064989e-05,12608.382317506312
228.9,9.369423e-05,11251.503692047123
229.0,9.024063e-05,12133.641769605121
229.1,9.63793e-05,13150.994340315323
229.2,9.59693e-05,13030.908640576947
229.3,0.00010567123,12543.373597081581
229.4,0.0021373064,5642.0262176604365
229.5,0.0082261395,2055.4568114010226
229.6,0.0009544633,7980.956838215946
229.7,0.0010292706,7963.315604445704
229.8,0.0006849852,7491.563924188029
229.9,0.0004507738,6409.2369610574315
230.0,0.00034440914,5657.41821433877
230.1,0.00027096525,6068.936672059678
230.2,0.0002257968,7194.021202041434
230.3,0.0001849731,8191.823854273252
230.4,0.00019357719,8653.294187981806
230.5,0.0077968314,1368.6168870222896
230.6,0.013421292,1298.2399182148984
230.7,0.0027188505,6535.642697105544
230.8,0.018242761,1476.8536820804848
230.9,0.018040441,1411.6035103946806
231.0,0.004558284,2073.994691877086
231.1,0.002895229,4545.82035286144
231.2,0.010664756,969.423517938547
231.3,0.008977602,1120.2766572251282
231.4,0.009859053,1182.5760248094675
231.5,0.009902579,1305.5635836285378
231.6,0.008463952,1340.868481314013
231.7,0.008306536,1353.332563568861
231.8,0.00562325,1730.4659530540007
231.9,0.0005298002,9295.051025800542
232.0,0.0003879175,9306.45784421646
232.1,0.00028862743,9136.890914757942
232.2,0.00026415754,7602.394531092785
232.3,0.000118639706,10192.870464513853
232.4,0.00019277772,11271.434508538563
232.5,0.00021057266,11411.638489438872
232.6,0.00013310881,12293.205257543832
232.7,0.000104105515,12717.052258923602
232.8,6.702635e-05,14098.321856917168
232.9,0.000119723016,12810.780612683904
233.0,0.00017442914,11160.799144191586
233.1,3.7462545e-05,12918.312815930507
233.2,3.8003178e-05,13310.404946714243
233.3,3.5567264e-05,13464.163955612265
233.4,5.926009e-05,12227.478007082738
233.5,4.9754442e-05,12575.492080411286
233.6,4.5251603e-05,11799.337918501351
233.7,3.560481e-05,13625.378966990325
233.8,3.5052115e-05,13626.609237324956
233.9,7.612841e-05,11936.662303896086
234.0,4.403329e-05,13156.173000618595
234.1,4.234565e-05,13403.362638501307
234.2,4.670458e-05,12241.57451827972
234.3,5.0752864e-05,11574.747673012624
234.4,0.010062014,923.8359430249378
234.5,0.007965746,1279.8594703077094
234.6,0.020016046,1189.6879864638663
234.7,0.009134247,1162.044227324955
234.8,0.011368205,1090.2275171289607
234.9,0.011414276,1108.648043089045
235.0,0.010208664,961.9701654096716
235.1,0.012132117,1126.64416075242
235.2,0.007548284,2395.7441416624724
235.3,0.017923119,1314.7645296122173
235.4,0.01391995,1289.127596304464
235.5,0.012556377,773.6463646461864
235.6,0.011611738,1116.8101952387422
235.7,0.014251537,1068.899906143463
235.8,0.014201432,1054.0538201432737
235.9,0.016978778,1066.8591855837178
236.0,0.015749475,1098.810032682681
236.1,0.015492451,1111.4426567969708
236.2,0.014322183,1095.7184034011789
236.3,0.0146822855,1060.5731228283455
236.4,0.014136873,1109.9322363353022
236.5,0.0145016685,1101.7391449544853
236.6,0.012336352,1153.5424668592773
236.7,0.0005916707,8583.84595388413
236.8,0.0004807632,8238.662892474636
236.9,0.00034443682,8542.897652138108
237.0,0.00031279126,8284.124658965027
237.1,0.00027750328,7256.043269653503
237.2,0.000286631,5793.364598971657
237.3,9.915496e-05,8797.82616746195
237.4,4.206997e-05,13238.32270957017
237.5,3.6305548e-05,13601.232638679463
237.6,0.00014186076,7926.6530446194565
237.7,3.9080314e-05,12299.751334977436
237.8,4.9911985e-05,12348.19657226609
237.9,6.108798e-05,10921.236639881956
238.0,4.4065004e-05,11894.284104424612
238.1,3.4998528e-05,13558.767802837167
238.2,3.9410003e-05,12722.669664021758
238.3,4.1041792e-05,13301.471596905187
238.4,0.014746651,1030.88992659438
238.5,0.012825161,902.1080664188901
238.6,0.010478489,1310.1335238741715
238.7,0.008843059,988.2684811847021
238.8,0.007931941,1199.089931575717
238.9,0.007038578,1104.8784141453484
239.0,0.00955151,904.2435911587803
239.1,0.009052573,1017.7835298599554
239.2,0.008720273,961.4097883973268
239.3,0.0030529564,2517.814452625183
239.4,0.00029869654,7742.060494327582
239.5,0.00021753342,7909.371331238589
239.6,0.00018755712,7700.369320758582
239.7,0.00015653085,7218.2776983685635
239.8,0.00010762067,8494.88459910409
239.9,0.000105823194,10186.746370650042
240.0,4.033897e-05,13596.405615625365
240.1,3.701509e-05,13408.039649909355
240.2,4.223448e-05,13063.306017802575
240.3,4.668227e-05,12188.50088175273
240.4,9.400898e-05,8451.36092924811
240.5,0.00017275182,6210.845705476039
240.6,0.00020133659,5583.862221783648
240.7,0.0002516855,5211.276448387536
240.8,0.00021157815,5622.592352494806
240.9,0.00020311069,7189.084769175565
241.0,0.00024564512,5780.592901618775
241.1,7.833469e-05,9738.157308222882
241.2,0.0011383976,3528.656503785719
241.3,0.02106356,1052.2264482116693
241.4,0.012709399,1429.8625738409391
241.5,0.0027149403,2506.465333277408
241.6,0.0012831377,2904.2176579667594
241.7,0.00048165637,4191.660707750596
241.8,0.00025806847,6349.4304303837625
241.9,0.00039360367,4594.366213424458
242.0,0.00055393967,4086.439482107203
242.1,0.00016369844,7214.788906422485
242.2,0.0002841675,4961.533991926388
242.3,0.00011704536,9241.275712696051
242.4,0.00059838686,7469.9960888448095
242.5,0.00012789712,8147.685932376703
242.6,0.00044186713,5546.592279852746
242.7,0.0021842117,2022.214463329707
242.8,0.00030189392,5202.980224333942
242.9,0.00040152526,4858.628631002709
243.0,0.00024018843,5921.791188618556
243.1,0.00029724397,4855.013275399678
243.2,0.00043696037,5984.5384444083575
243.3,0.0011242249,5795.554180058105
243.4,0.00021145887,5565.458428246075
243.5,0.00010430874,8222.016609460483
243.6,6.8811234e-05,9602.760796814378
243.7,3.3259683e-05,13643.102503881877
243.8,9.7508295e-05,8465.190789525892
243.9,0.013008114,1251.807257737645
244.0,0.008079825,1856.6364528856614
244.1,0.00079512905,9768.342560095107
244.2,0.024886256,1051.341436912586
244.3,0.022010185,1061.3811468861581
244.4,0.031115673,1019.6792753462278
244.5,0.032741614,977.1650788299366
244.6,0.020841394,1019.8038443667753
244.7,0.014295129,943.2420212173113
244.8,0.014121819,1024.2912718718396
244.9,0.0007841609,3588.0242087781016
245.0,0.011172671,1134.4197296765356
245.1,0.016430298,949.7233305570181
245.2,0.0007221785,9422.377585577891
245.3,0.0133321835,1055.0973833645933
245.4,0.013543782,1043.2063421707162
245.5,0.011175024,1045.8481484802594
245.6,0.0075592957,1150.8941702337106
245.7,0.002337707,1446.823604200107
245.8,7.147843e-05,10554.434375206652
245.9,4.3836313e-05,13004.09217549722
246.0,3.8258255e-05,13569.872733661754
246.1,3.7008722e-05,13426.50164646301
246.2,4.6629e-05,13821.43440202074
246.3,3.7383135e-05,12964.746042749524
246.4,0.00453728,2731.346550182707
246.5,0.006433634,1825.1768997895292
246.6,0.007944779,1145.7999284076243
246.7,0.025771216,772.5483793888678
246.8,0.009574301,1363.8975904704012
246.9,0.016181728,1336.5367103691551
247.0,0.012152401,910.6506516022267
247.1,0.0016656782,2634.7350779374638
247.2,0.01175437,1102.5484874690417
247.3,0.008385306,892.8821325082588
247.4,0.0017991073,2203.8558501313314
247.5,0.007840136,1177.0679455777613
247.6,0.00084615726,3374.6934774594024
247.7,6.0668124e-05,10699.575088137024
247.8,0.005016277,1111.5671161164828
247.9,0.0030794146,1463.1535783073755
248.0,5.8084195e-05,10851.729678155756
248.1,8.817746e-05,8945.132351634706
248.2,4.4175304e-05,13064.78663219045
248.3,5.8913065e-05,12094.607826654297
248.4,4.0877872e-05,13635.570009018382
248.5,3.3512417e-05,13542.444294760298
248.6,5.4083197e-05,12904.799477904844
248.7,7.5714204e-05,11365.163953028841
248.8,4.5717556e-05,13062.952105535838
248.9,0.00013449272,6404.965069235185
249.0,6.156566e-05,12356.529958877261
249.1,0.00017270293,7358.198373723695
249.2,0.00013680087,9399.072776459576
249.3,0.0029171174,2031.8105365902604
249.4,0.0001563299,8652.858368800678
249.5,0.004399954,3910.0042906925837
249.6,0.0028977774,2767.8105029011704
249.7,0.0107298205,847.1904968378067
249.8,0.008055934,939.7076051746033
249.9,0.0092996955,944.2683377986159
250.0,0.005715089,1512.5267250737588
250.1,0.0071052136,1235.487236260819
250.2,0.0037108255,1260.3510280808587
250.3,0.0048409197,1223.695524721129
250.4,0.0009982722,2027.033629407029
250.5,0.00020519547,5765.813015224808
250.6,8.5634354e-05,9616.381313246904
250.7,7.295831e-05,10111.749281619752
250.8,6.0201877e-05,11557.631619449161
250.9,3.8331116e-05,13266.664566959236
251.0,3.9855295e-05,13142.946858127872
251.1,5.270049e-05,13053.246642859138
251.2,6.055571e-05,11731.889101636178
251.3,5.4696855e-05,12475.09661947715
251.4,4.2912125e-05,13205.585862188003
251.5,4.2199714e-05,12665.7855866073
251.6,4.8180067e-05,12128.39863786649
251.7,4.155022e-05,13034.818535914681
251.8,3.7041485e-05,13219.12139734164
251.9,4.2608986e-05,13193.314446896573
252.0,3.7572936e-05,13540.79630893675
252.1,3.645282e-05,13572.603397756468
252.2,0.005581122,1095.4836718842191
252.3,0.003380133,1428.4663099696645
252.4,0.0017846805,2531.6539073915224
252.5,0.0006887186,3754.2487663536813
252.6,0.00052640226,9244.444639061356
252.7,0.0004080346,10027.462976024864
252.8,0.00031154553,9137.155297635729
252.9,0.00035165108,5821.619295838574
253.0,0.00015454087,7964.127412341257
253.1,6.2474064e-05,10961.574570809787
253.2,7.851965e-05,10609.909487681449
253.3,4.950572e-05,11336.74734745223
253.4,6.4577325e-05,10064.277666198832
253.5,5.1306954e-05,10922.743524566698
253.6,0.00013763862,10416.102262601016
253.7,6.174138e-05,12030.005088304875
253.8,7.402246e-05,12038.94558917017
253.9,6.3486004e-05,12552.917373044422
254.0,4.688025e-05,12366.114637710247
254.1,4.410942e-05,13245.725089602523
254.2,4.317175e-05,13480.161012438259
254.3,4.5810237e-05,13329.342573238975
254.4,4.7740232e-05,12977.339468173284
254.5,4.4478205e-05,13458.503855761946
254.6,5.8884096e-05,12582.63779687013
254.7,4.9730177e-05,13066.438615570405
254.8,5.07744e-05,12701.683141320358
254.9,7.511707e-05,12607.286716558621
255.0,5.613114e-05,12254.534749349647
255.1,4.826933e-05,12934.755605143182
255.2,5.4858032e-05,12733.595997842087
255.3,8.124581e-05,11804.093544588102
255.4,5.2607804e-05,12525.764411669912
255.5,6.0945717e-05,12161.209487326147
255.6,4.4875538e-05,12948.033433077542
255.7,6.285545e-05,12055.765863062989
255.8,9.172107e-05,11693.297228854475
255.9,0.00013862055,11102.271416010979
256.0,5.986889e-05,12466.871437670436
256.1,4.632744e-05,12564.945688542224
256.2,0.00014408787,11372.287313454586
256.3,0.00010022689,10770.390057818375
256.4,8.3304425e-05,11985.7656446748
256.5,5.419936e-05,12776.869498086768
256.6,0.00010167586,8737.559581469384
256.7,0.0011398629,2837.3358421353314
256.8,0.018268144,956.4594597911946
256.9,0.01222976,939.2469572101234
257.0,0.0048016757,1316.1322179057215
257.1,0.004142149,2413.4019994617047
257.2,0.002875826,3283.514874308633
257.3,0.013097654,1408.6909645836076
257.4,0.0036125022,2653.0722528523966
257.5,0.0012621142,3684.054857153981
257.6,0.009990417,1781.723903354167
257.7,0.0008021613,4938.1714509167405
257.8,0.0022243487,4111.478813432939
257.9,0.022131382,1726.7292044452151
258.0,0.003442765,5660.534950606692
258.1,0.022630189,1359.8544679469721
258.2,0.020721925,1270.8014953088218
258.3,0.018357176,1301.5091548252658
258.4,0.0008866088,4183.2185513589475
258.5,0.014224371,1002.7697877018276
258.6,0.0016437575,2499.6884696517423
258.7,0.0006077507,4643.332822816638
258.8,0.00051428133,4413.75110538769
258.9,0.0065272683,1446.2224858679695
259.0,0.03294282,1257.8447563781863
259.1,0.000799977,6479.042174068013
259.2,0.01554712,1236.6353881597236
259.3,0.029228017,1300.7330626089865
259.4,0.0016322818,4368.659441287484
259.5,0.017989054,1103.7221467942175
259.6,0.022222782,1079.6719689314314
259.7,0.014840738,1112.10789901844
259.8,0.006646412,1315.9365541748186
259.9,0.0007787609,2181.175086075111
260.0,5.7112167e-05,11482.902914072645
260.1,0.0039722403,2171.244793612953
260.2,0.0046573994,1767.250172618377
260.3,0.01006982,1332.772087358026
260.4,0.014714459,1149.122386393425
260.5,0.0056443005,1118.2159373075172
260.6,0.00044993043,5595.620700971267
260.7,0.0029897583,2094.1916386421512
260.8,0.0044965255,1231.3591358531298
260.9,0.0025863112,1186.0233208064537
261.0,8.8803194e-05,9627.538049910043
261.1,5.119273e-05,10994.94542937927
261.2,4.2764364e-05,12337.639128163744
261.3,4.2427782e-05,13118.03525978483
261.4,4.14784e-05,13305.173964011376
261.5,5.9250553e-05,11706.32974395319
261.6,3.64949e-05,13680.636458360297
261.7,4.1682582e-05,13228.656079192924
261.8,4.0504314e-05,12161.551564204372
261.9,4.4593486e-05,11927.8092504465
262.0,5.1869036e-05,11506.075015479155
262.1,4.4993758e-05,11773.941540860476
262.2,4.9269704e-05,11309.208392389337
262.3,7.489011e-05,10338.942677849844
262.4,0.0058194855,1055.6404807596255
262.5,0.0009385175,10030.93189582921
262.6,0.016439723,1235.3964500415645
262.7,0.014110497,977.2107182879495
262.8,0.00664716,1485.4373289678692
262.9,0.0012717647,3433.6802941333635
263.0,0.012093096,692.0431354742476
263.1,0.0032477854,2134.175347632504
263.2,0.0005800749,4885.534034991446
263.3,0.0027913155,1676.22903138748
263.4,0.0014257652,2787.323691022152
263.5,0.00020985659,8369.743563288408
263.6,0.0019713365,1765.455973545624
263.7,5.66861e-05,10793.643579126276
263.8,3.541818e-05,13466.596541436558
263.9,3.6487047e-05,12958.60939125737
264.0,3.4089684e-05,13914.03179135493
264.1,3.986922e-05,13687.369256188638
264.2,3.6401303e-05,13633.516353101442
264.3,3.8969003e-05,13691.003085712431
264.4,4.437158e-05,12830.732693407355
264.5,3.937548e-05,13189.675211496904
264.6,5.1770057e-05,12915.104934270359
264.7,4.3093703e-05,13511.655295822216
264.8,3.365607e-05,13610.207190295967
264.9,4.1666648e-05,13560.382101893792
265.0,3.9188657e-05,13621.265627520543
265.1,3.154729e-05,14327.25880677102
265.2,3.359009e-05,14052.863216014073
265.3,3.3613283e-05,14491.095242737203
265.4,3.676164e-05,14053.001695980895
265.5,4.2393585e-05,13834.483545891886
265.6,3.5389992e-05,13666.99528478158
265.7,0.000111609406,11220.80087038222
265.8,4.1759242e-05,12980.420695134624
265.9,3.6046167e-05,13747.793723347031
266.0,4.876535e-05,12718.642457505952
266.1,3.593137e-05,13789.759139145703
266.2,4.8327307e-05,13320.12597286763
266.3,4.4939516e-05,12887.110331017015
266.4,3.4707427e-05,13679.536485441242
266.5,3.7651746e-05,13345.954671150635
266.6,0.0012223049,4572.197784474838
266.7,0.009518866,975.5599073561916
266.8,0.010389524,864.1876647866839
266.9,0.0036767998,1822.2218852206443
267.0,0.030768678,1182.5754312190868
267.1,0.005922268,5386.4801773233285
267.2,0.022972137,1937.145661793973
267.3,0.005861729,4406.672522452396
267.4,0.00059571385,8702.482738292218
267.5,0.007123683,1371.5061313746323
267.6,0.0041114604,2826.0696330581677
267.7,0.009999045,948.2420102286073
267.8,0.005736969,1270.8361657826258
267.9,0.0026294694,1657.089853991133
268.0,0.0027177136,1728.487149704364
268.1,0.0018389171,2043.89305365083
268.2,0.00073873287,4432.699336939986
268.3,0.0008125811,3118.770914240152
268.4,0.0093642585,1036.7878221560723
268.5,0.00056042004,8274.860236181145
268.6,0.013020368,1068.6330658343968
268.7,0.008096321,1040.415299994855
268.8,0.0070833545,1038.5389570696564
268.9,0.0059959316,1048.333095454871
269.0,0.0053200596,1354.0059891316894
269.1,0.00014455571,8857.35510863637
269.2,5.3661915e-05,10936.436526819449
269.3,4.4735094e-05,11452.813287660547
269.4,5.1397878e-05,10799.546578842232
269.5,5.2570307e-05,11146.74554965329
269.6,0.00011261504,9447.774120625909
269.7,5.8810092e-05,10590.650824589446
269.8,5.7889996e-05,11183.117109914569
269.9,4.9617174e-05,12496.380146040055
270.0,6.544803e-05,11511.291894436908
270.1,4.824676e-05,11872.015223325248
270.2,0.00627484,977.4400242843137
270.3,0.00073809555,9481.935504409856
270.4,0.0013469949,3828.130013334807
270.5,0.018564135,921.8279155344105
270.6,0.005412793,2610.0318819395234
270.7,0.00071557204,8759.627149329219
270.8,0.0134505145,995.23753754075
270.9,0.001025193,3824.375531393006
271.0,0.013583816,907.4628515175091
271.1,0.006717469,1005.1567903168943
271.2,0.0003468986,5028.081515556273
271.3,9.39029e-05,8661.587272304218
271.4,0.000100899044,8329.498260590612
271.5,0.00015030064,7569.599510936286
271.6,0.00017020531,7449.801940988977
271.7,0.00019405817,7112.112960419381
271.8,0.00033445825,5771.1291020660055
271.9,0.0002138204,7400.122175037154
272.0,0.0002721124,6864.552890002016
272.1,0.00017426998,7875.532002937916
272.2,0.00014705924,7764.84587716584
272.3,0.00017942568,8020.85703144067
272.4,0.0002536902,7544.257344110704
272.5,0.00030106193,7271.306000997583
272.6,0.00023797696,7601.222316566283
272.7,0.00028503567,6698.863437779664
272.8,0.00034996547,6036.106909271197
272.9,0.0004271353,3739.1805433704376
273.0,0.001557796,3346.915317150444
273.1,0.0009245052,3598.7242108069777
273.2,0.0018168599,2728.80058490047
273.3,0.009347359,1037.1704586976361
273.4,0.00034299423,4467.946778339581
273.5,7.525319e-05,9646.17794688172
273.6,7.2032075e-05,10576.709749694204
273.7,4.098425e-05,12615.450283552338
273.8,4.6755064e-05,12608.51140872569
273.9,4.016433e-05,13380.133109996606
274.0,4.7121615e-05,12297.651097899405
274.1,3.6876623e-05,13927.050088735483
274.2,3.5705452e-05,12958.445275459255
274.3,4.441326e-05,12616.046291412715
274.4,4.33236e-05,13070.342153671785
274.5,4.5010816e-05,13178.738182941386
274.6,3.7082078e-05,13981.87522724686
274.7,5.4448294e-05,12701.88071069127
274.8,5.8949085e-05,12746.157404286421
274.9,7.070395e-05,11991.630255288044
275.0,0.00027478416,8774.185866146794
275.1,0.0015343251,2818.921353151811
275.2,0.0002565913,9545.338271809384
275.3,0.00048255073,6711.069642163999
275.4,0.00013710161,11344.496607789908
275.5,0.0002365872,8232.214028689192
275.6,0.0005873647,3471.778117087638
275.7,0.000863368,3306.711238306949
275.8,0.0003442479,4496.980490067543
275.9,0.00020337543,5384.1991444797795
276.0,0.00015261736,6342.638191876681
276.1,0.00013895323,6859.498102943782
276.2,0.00011817043,7810.466872887758
276.3,0.000109903885,7881.8408676884255
276.4,0.00018393554,7918.075743313722
276.5,0.00015615326,7356.658271992408
276.6,0.014479859,971.5439840403689
276.7,0.0008215469,9640.306549994406
276.8,0.03594389,854.9711434201669
276.9,0.017018382,1583.2668986307485
277.0,0.031204324,1093.2586820094991
277.1,0.01529394,1192.4456909945657
277.2,0.0009960135,6127.7439286699155
277.3,0.027805304,1000.9365309460759
277.4,0.0011362976,4632.940049789213
277.5,0.027461933,1382.9010138433216
277.6,0.024004249,1447.9860647174073
277.7,0.017775692,1015.9119098903826
277.8,0.010778909,1308.7455679478167
277.9,0.008545933,1694.1789559513616
278.0,0.0037467089,3662.5776514553295
278.1,0.00082204025,6353.316592798627
278.2,0.00071401766,6131.582182080869
278.3,0.0010674994,5556.014869995635
278.4,0.0006853474,6181.8972317219195
278.5,0.0011469773,4748.490092713723
278.6,0.0017225815,3907.116043338384
278.7,0.00040763075,6986.840580438098
278.8,0.00045967894,6418.175598696308
278.9,0.00029668666,6750.105405622364
279.0,0.00019245922,7444.375588746765
279.1,0.00012767255,7746.150040121747
279.2,8.7827364e-05,8589.872562867953
279.3,0.00011069422,9163.820650441892
279.4,0.005187492,1790.5084489221626
279.5,0.009189092,1029.0457884434234
279.6,0.001643968,3372.667372376526
279.7,0.009670882,1049.2362851540831
279.8,0.017537681,1328.9003182552678
279.9,0.03187053,1345.6823921908203
280.0,0.012091828,2850.2592812695725
280.1,0.010644096,1939.8620527976557
280.2,0.022759644,1136.8670189362406
280.3,0.0090001,1165.2372700934884
280.4,0.010241162,1327.667892208783
280.5,0.015724903,1089.704164125884
280.6,0.010940814,1147.3577143973978
280.7,0.004956586,1144.001085571416
280.8,7.207383e-05,9963.561475844755
280.9,0.0005529501,9446.987345195652
281.0,0.019257367,954.3134677623009
281.1,0.015202962,1117.593829472396
281.2,0.01246846,956.4367078441602
281.3,0.007003081,1082.1112650117036
281.4,0.0053947954,1422.1995663302512
281.5,0.0042779064,1607.2202485199796
281.6,7.684317e-05,10150.944514020806
281.7,3.5256573e-05,13690.494290971117
281.8,5.91518e-05,12383.234466371789
281.9,4.192e-05,12595.505998004384
282.0,3.845217e-05,12752.132963978625
282.1,4.2748736e-05,12608.418684236558
282.2,3.282939e-05,13859.67359505099
282.3,3.7661543e-05,13295.123553423935
282.4,4.5628894e-05,12670.256791708238
282.5,9.0997164e-05,8725.92892420334
282.6,0.00031082713,4012.1731566327667
282.7,6.3777334e-05,11321.21158981606
282.8,0.014040004,1151.4329991540278
282.9,0.00017818234,8421.021597241976
283.0,0.017739302,1348.0085337310065
283.1,0.0161703,1221.4602953619567
283.2,0.0051657497,1470.0444916051156
283.3,6.6659464e-05,10702.50471226555
283.4,5.8391888e-05,10426.607689379578
283.5,4.8087306e-05,10822.227068050708
283.6,3.691369e-05,13476.263029831658
283.7,0.00094642985,5194.691871939554
283.8,0.011354151,1431.734870077426
283.9,0.018083932,863.4765713386026
284.0,0.00053876895,10121.924870822993
284.1,0.00074169383,3897.2376054134866
284.2,0.0076932446,1147.9357109125106
284.3,6.662202e-05,10463.329474110551
284.4,0.0063053453,1406.1578646437063
284.5,0.019194085,850.3072059148284
284.6,0.009639189,961.1372600994459
284.7,0.015666855,877.5611113084735
284.8,0.01225623,768.3413972199346
284.9,0.007620006,1226.5529199472526
285.0,0.00054415094,6638.386053764819
285.1,0.0042371466,1226.4854865285956
285.2,0.006136069,1097.9224385572934
285.3,0.0046667387,1220.2775184552975
285.4,0.003125822,1485.8053859312504
285.5,0.002337503,1321.1698069380782
285.6,0.0037392885,1356.9467564150682
285.7,0.0035820096,1348.8630062319564
285.8,0.002607559,1458.98304784345
285.9,0.0004557962,5097.842681078756
286.0,4.170066e-05,12404.807168422492
286.1,3.955817e-05,12293.984525018914
286.2,4.0087925e-05,12994.858976739552
286.3,4.1283332e-05,13013.243519103027
286.4,4.299126e-05,12737.264871176294
286.5,4.7410984e-05,12228.264034489654
286.6,5.1960804e-05,10680.394553502452
286.7,6.1241604e-05,10476.78139892497
286.8,7.4986594e-05,9712.952572885697
286.9,7.602269e-05,9748.497524704846
287.0,7.013421e-05,10135.307358082377
287.1,3.7817692e-05,12795.661723743748
287.2,0.012943537,923.9993964291369
287.3,0.011621048,857.956496086555
287.4,0.01681631,975.7419789068878
287.5,0.01771313,1094.328056308927
287.6,0.0029567198,2484.4103836560266
287.7,0.011333944,1480.0823857315631
287.8,0.02498462,1154.3346146823485
287.9,0.011127491,895.2647233255936
288.0,0.00030325845,5892.961816285491
288.1,0.001716071,4048.018704004321
288.2,0.00077630347,4492.995057753572
288.3,0.007951883,1203.942575288287
288.4,0.0036825135,1377.0857730460061
288.5,0.002094032,2969.1046722388064
288.6,0.001612286,4460.754887937028
288.7,0.0027462144,2289.7728463846224
288.8,0.0023807816,2266.784424249224
288.9,0.001836051,1801.210885631374
289.0,0.00031765347,6020.758670413967
289.1,0.0010586072,4107.664415181433
289.2,0.0019385517,4065.787265104298
289.3,0.0010430793,5498.132509384761
289.4,0.0011430999,4313.289329860822
289.5,0.0007744499,4145.102367273722
289.6,0.00026809442,6201.159793471042
289.7,0.00058393687,4739.105364062396
289.8,0.0005597068,4278.009301732616
289.9,0.00024909942,5674.047644957682
290.0,0.00014474134,6727.104805870737
290.1,0.00018168293,6419.443380567611
290.2,0.00020099616,6235.320187400262
290.3,0.00072014285,5883.957636109255
290.4,0.00023554493,5936.183531961241
290.5,8.172618e-05,8875.920739634603
290.6,9.114469e-05,8383.919799305928
290.7,8.877212e-05,8364.396167146395
290.8,9.504827e-05,8189.733471205755
290.9,0.00011681126,7544.265390564107
291.0,8.539411e-05,8334.77034061201
291.1,5.0110717e-05,11341.17738334956
291.2,9.760161e-05,9940.40834872537
291.3,0.00011562352,9443.05606510801
291.4,0.000100792,10490.75459953201
291.5,5.256098e-05,13127.596109556918
291.6,3.746666e-05,13757.478757258395
291.7,4.102651e-05,13623.953094215765
291.8,3.3558597e-05,13891.01058939838
291.9,3.6712034e-05,13543.775388866648
292.0,6.1861065e-05,13081.333929582854
292.1,3.7059148e-05,13869.516125149845
292.2,3.7558344e-05,13857.344389049118
292.3,4.1509356e-05,13853.224848385024
292.4,3.8379363e-05,13735.095428404802
292.5,4.5541452e-05,13350.380742706191
292.6,4.677312e-05,13466.565344000244
292.7,3.688162e-05,14102.538832763015
292.8,4.6104637e-05,13736.107134106933
292.9,3.2398963e-05,14043.1095730973
293.0,6.17578e-05,13032.49566998747
293.1,3.667813e-05,13602.365159172932
293.2,4.1731684e-05,12618.637524921867
293.3,4.456614e-05,12182.33652489014
293.4,4.4275446e-05,12340.965531812826
293.5,5.368216e-05,12508.947440485514
293.6,0.00024399864,6477.56439999577
293.7,0.00014729208,8087.624188580805
293.8,0.011109311,1719.6064420165574
293.9,0.031483088,1444.2732171657044
294.0,0.03821572,1476.1149416628064
294.1,0.017841164,1672.6936186224527
294.2,0.0010908011,4406.5430237895525
294.3,0.0004096795,5352.336347764357
294.4,0.0019419055,3804.8077837067212
294.5,0.005717528,1777.238171348121
294.6,0.012388071,1045.079046515033
294.7,0.003336186,2299.5202632016626
294.8,0.028793111,1015.3354854255788
294.9,0.016228423,1262.53929229813
295.0,0.011148116,1018.0881073969433
295.1,0.0020003854,2852.469440284459
295.2,0.00081504026,8301.01296881189
295.3,0.0050624073,1843.5729328072057
295.4,0.004650517,1277.289013968858
295.5,0.0015241874,1469.0530349027301
295.6,4.678843e-05,12165.737751498995
295.7,0.0013159811,6856.567072624217
295.8,0.0059241387,1420.0132858592135
295.9,0.00061430415,6817.039806567458
296.0,0.005896501,1227.8634263887031
296.1,0.004612114,1385.7370491404326
296.2,0.00024244933,9782.482415792707
296.3,7.135645e-05,9829.343012975143
296.4,0.00015493223,7978.868675392874
296.5,0.012366077,989.9423159486944
296.6,0.015600277,2897.254416536144
296.7,0.06764095,1461.6571421453991
296.8,0.076152176,2384.189062123867
296.9,0.05905912,1798.754344597727
297.0,0.07436254,1577.0014282205918
297.1,0.06952392,1410.9281255419505
297.2,0.042803075,1274.1089283688777
297.3,0.0046821437,2860.8365244877377
297.4,0.00021634322,6634.828874553194
297.5,0.0010307091,4219.806812159404
297.6,0.0012250534,4253.082274623324
297.7,0.0006016819,4990.468979706037
297.8,0.0525129,1262.4606052632366
297.9,0.034586467,1370.6343187687223
298.0,0.00032320083,6794.109398514067
298.1,0.014435285,1304.0357949495008
298.2,0.019054964,872.5468926339149
298.3,0.012976888,877.6321821933574
298.4,0.0005037867,6419.00313897142
298.5,0.001967386,4447.923584061271
298.6,0.00022113827,7093.657222877937
298.7,0.00038697696,5966.004114898354
298.8,0.00014066258,7594.096215504947
298.9,0.00015942895,6916.720669677205
299.0,0.00025000807,6524.3455516599915
299.1,0.00028999237,6542.553012566067
299.2,0.0005598835,5156.589161476717
299.3,0.0024810836,2974.8933772539826
299.4,0.0048347274,2681.093595980512
299.5,0.001207576,4059.3093068082876
299.6,0.0020300017,4620.616730078354
299.7,0.003186043,4790.387501848969
299.8,0.002237627,5018.0106708299945
299.9,0.0016138483,4831.704950729385
300.0,0.0007077369,4086.5580834089524
300.1,0.003622859,2624.484997433946
300.2,0.00039691417,6208.916259505184
300.3,0.000113769,8137.302134671372
300.4,9.404081e-05,8569.157848124689
300.5,0.0002082087,7171.236780983591
300.6,8.1903265e-05,9138.44986152597
300.7,0.00010566859,8548.427762399882
300.8,6.434555e-05,10239.136928212929
300.9,6.15911e-05,10456.77950345322
301.0,4.433702e-05,11468.537476381385
301.1,6.685853e-05,11039.893976357418
301.2,4.251988e-05,12058.952526400759
301.3,5.3440977e-05,12060.734678569872
301.4,6.175507e-05,11623.34816595456
301.5,4.6876066e-05,12026.602760184685
301.6,5.2465886e-05,12506.650425495776
301.7,3.9758106e-05,12937.437290845226
301.8,4.631957e-05,12319.445100569537
301.9,3.9953695e-05,13343.551235055926
302.0,4.507694e-05,13122.105961392392
302.1,3.7482165e-05,12910.129796829991
302.2,8.345551e-05,11026.705373650042
302.3,4.529447e-05,11549.666882048798
302.4,5.1159364e-05,11991.236706965537
302.5,3.373393e-05,14049.070572599987
302.6,3.548874e-05,13248.01254839913
302.7,7.2486735e-05,10520.252990003371
302.8,0.006799899,926.5874411657426
302.9,0.007278534,942.7420850708423
303.0,0.00719356,999.6984553208208
303.1,0.004856527,1102.5714807936752
303.2,0.004321462,1200.6454025802498
303.3,0.003040374,1336.5337367471745
303.4,0.0018448977,1384.2040296712455
303.5,6.4700886e-05,10947.500005787475
303.6,3.8321738e-05,13452.061763029064
303.7,3.764122e-05,13385.240371555512
303.8,3.8845003e-05,13123.25091156137
303.9,3.5314195e-05,13890.766828349244
304.0,3.895747e-05,13550.6927642287
304.1,3.3962944e-05,14007.298719350387
304.2,4.6159887e-05,13722.542512810263
304.3,3.992612e-05,13170.67235911921
304.4,3.494126e-05,13941.404773566192
304.5,3.5089197e-05,14215.082930860972
304.6,3.7839796e-05,13819.918160736279
304.7,3.175055e-05,13591.93223307669
304.8,4.5971505e-05,13643.652510501326
304.9,3.765842e-05,13704.308976671826
305.0,3.3895645e-05,14223.23137874782
305.1,3.619827e-05,13854.920846999703
305.2,4.335281e-05,14140.26862729574
305.3,3.874747e-05,13587.79865209587
305.4,4.3300723e-05,13629.769482876241
305.5,3.734748e-05,14046.693632055436
305.6,3.6024314e-05,14114.690846371901
305.7,3.1791496e-05,13562.329133427
305.8,4.539449e-05,13211.429768889253
305.9,3.549888e-05,13904.303447899538
306.0,3.3923985e-05,13834.83924016737
306.1,4.4948072e-05,13282.257323539725
306.2,0.0004763961,8843.618643616537
306.3,0.005412499,1207.6894373140376
306.4,0.009398168,685.8525023757379
306.5,0.0026153892,2176.4600916159634
306.6,5.6348395e-05,10706.750856196606
306.7,6.530579e-05,9927.819917792873
306.8,8.734436e-05,8593.648312486408
306.9,0.0006456312,8116.962935972182
307.0,0.0012981344,7201.946423176572
307.1,0.00040258022,5936.4743434227275
307.2,0.00013982155,7654.117747398218
307.3,0.00014427413,7440.676585194325
307.4,0.00012656492,7475.174902568719
307.5,8.515929e-05,8561.972219188618
307.6,7.078822e-05,10833.798100420794
307.7,7.2969015e-05,10661.483805800111
307.8,8.538799e-05,8883.78283864651
307.9,6.7760084e-05,9973.458018484947
308.0,9.8040226e-05,9925.843812167757
308.1,0.0046355734,1381.6043170347161
308.2,0.011674656,1176.4705345916805
308.3,0.009430242,1204.669506694599
308.4,0.011797253,1230.1604386298611
308.5,0.00089525635,9561.546467033557
308.6,0.013960463,1210.8817664715027
308.7,0.003995522,1929.754471536789
308.8,0.0086050695,1141.4304375779125
308.9,0.0033522656,1455.9270121821833
309.0,0.0027643475,1960.455329207866
309.1,0.00055342895,4561.926710169551
309.2,0.010266384,910.6959894832441
309.3,0.0049416,1401.5529612190685
309.4,0.009459074,1186.8881665986457
309.5,0.0035580865,1546.638076247831
309.6,0.002415002,1415.5223602760848
309.7,0.0011951966,4122.251900821787
309.8,0.0003293903,8384.94231878792
309.9,0.0013965765,2857.9570764888304
310.0,0.0019272537,1626.0732694469377
310.1,0.00010964277,8510.303349452675
310.2,4.2286105e-05,12644.14271583081
310.3,4.567303e-05,12075.560424980893
310.4,4.3335258e-05,12192.878568004631
310.5,3.9019622e-05,13170.150068441815
310.6,4.2145344e-05,13130.374367474658
310.7,3.8348404e-05,13465.841102232802
310.8,5.318293e-05,10902.802220512503
310.9,6.2178646e-05,9955.401572570636
311.0,5.509813e-05,10906.715952975504
311.1,4.8620856e-05,11517.144282476947
311.2,5.1053037e-05,11243.062744652547
311.3,3.9633065e-05,12199.49973402538
311.4,4.063929e-05,12257.849140145168
311.5,0.005071511,1020.7429245706674
311.6,0.001258566,5015.533400763666
311.7,0.0047222883,1469.4375070826977
311.8,0.0002436878,7956.478242180974
311.9,3.778975e-05,13365.503020044429
312.0,3.6495978e-05,13289.93451307926
312.1,0.0020374735,2014.5464682637062
312.2,0.0018579956,4002.545519457824
312.3,0.0030895406,2739.2498066225457
312.4,0.020946847,1010.6918786527706
312.5,0.008425742,2296.0521336479082
312.6,0.00682797,1171.32446159747
312.7,0.0007674159,3716.1384657879353
312.8,9.8140255e-05,8985.37491052666
312.9,6.453804e-05,9934.393912402867
313.0,4.9665585e-05,10327.701586448427
313.1,4.890153e-05,10775.699691253805
313.2,4.335013e-05,11505.772967242494
313.3,6.128094e-05,12399.68053045753
313.4,7.44024e-05,12379.985035589058
313.5,4.0652325e-05,12869.52512783057
313.6,4.226579e-05,12197.034694687289
313.7,0.00040809772,3894.349888645924
313.8,0.0003195025,4197.352522915928
313.9,0.00018053173,5366.705350847589
314.0,0.00015694975,6409.165102997502
314.1,0.000101549434,7793.8340548792685
314.2,4.9777515e-05,11478.186044904562
314.3,0.006639358,1140.2672210035191
314.4,0.005926155,9011.242705559172
314.5,0.019472813,1976.3543340114556
314.6,0.021487596,879.0134142712516
314.7,0.012709092,921.3920501836651
314.8,0.014530936,1052.1824521395342
314.9,0.0007608637,7811.677303344617
315.0,0.007997303,1117.9780322257238
315.1,0.0057982057,1099.3514682333894
315.2,0.006201003,1498.1846617801848
315.3,0.00064242614,5230.076739713412
315.4,0.0057103666,1007.9808089822925
315.5,0.0032395015,2896.1832249665067
315.6,0.005466309,1421.3395004466347
315.7,0.004234113,1420.449032469664
315.8,0.0015284086,2390.4320805460416
315.9,0.0012825843,1734.371995690997
316.0,5.465114e-05,11693.931334567438
316.1,4.5302055e-05,12830.873788918416
316.2,3.8455906e-05,13468.9811355391
316.3,5.4527358e-05,12731.507817948308
316.4,3.588995e-05,13413.781380310482
316.5,3.934253e-05,13717.6898320921
316.6,0.00022626083,8499.516915943708
316.7,9.754635e-05,11451.007765882701
316.8,8.967021e-05,12071.700869605906
316.9,4.4678287e-05,13093.480735037403
317.0,3.762942e-05,13550.593102119223
317.1,4.0930245e-05,13447.148733993345
317.2,3.5768655e-05,13446.73380074019
317.3,3.5725105e-05,14436.336857248052
317.4,5.6112214e-05,12971.976971846656
317.5,3.8514798e-05,13797.138849976476
317.6,3.7762424e-05,13560.502765127952
317.7,3.326875e-05,13655.302580397312
317.8,3.3764387e-05,14139.345291152196
317.9,4.0237748e-05,13270.143646920913
318.0,3.503875e-05,13691.241367589222
318.1,3.4430846e-05,13584.34254396846
318.2,3.9986167e-05,13447.017673173461
318.3,3.7707454e-05,13910.904917916483
318.4,4.4024724e-05,13317.661125457676
318.5,4.642198e-05,13546.52623782566
318.6,3.6681373e-05,14107.961585103963
318.7,4.702819e-05,13345.715020494985
318.8,4.883761e-05,13131.784055741318
318.9,6.324942e-05,11307.320621834697
319.0,0.00707533,1082.643826530945
319.1,0.006222442,1232.0765144364082
319.2,0.0011829834,4975.996968831836
319.3,0.00035584322,9393.276100146843
319.4,0.00017431042,9146.387184760699
319.5,5.3220145e-05,11852.542615916178
319.6,9.0234586e-05,11683.385291167851
319.7,5.0119266e-05,12728.942652344615
319.8,0.0002138443,5496.916582258436
319.9,0.0009389483,3988.726207513679
320.0,0.0028676572,2733.9928190240526
320.1,0.0076560997,1452.5752897995048
320.2,0.0016445293,3237.1419204297463
320.3,0.004044171,1461.6573159975096
320.4,0.0010515123,4008.7320248495644
320.5,9.5716256e-05,8868.880047390363
320.6,0.0001852708,6374.051208878054
320.7,0.00014304677,7522.603459231263
320.8,0.00013825034,7811.290656686842
320.9,0.00021161663,6975.420423829689
321.0,0.00023139945,6585.438999939357
321.1,0.00022867626,6710.809561927037
321.2,0.0011411738,6532.940246572793
321.3,0.0002228794,7238.98704706066
321.4,0.0001652185,8009.162913984483
321.5,0.00015750555,7696.0181666805165
321.6,0.00020278778,7967.822115599731
321.7,0.00034137134,6949.774272884717
321.8,0.00025103177,6979.440062982632
321.9,0.00029614696,6619.923612475588
322.0,0.0003783116,5986.253480449775
322.1,0.00029206046,5708.916099738005
322.2,9.048022e-05,8668.291858902474
322.3,6.788515e-05,9618.313036439316
322.4,6.252889e-05,10739.435638774978
322.5,9.349628e-05,10013.943691066403
322.6,0.00012270531,10062.365421825703
322.7,6.135762e-05,11920.269613171156
322.8,5.09836e-05,12513.127296691437
322.9,4.4671982e-05,12841.556332467362
323.0,6.19637e-05,10923.053334053604
323.1,5.7178615e-05,11403.19124500674
323.2,0.0003675326,5528.4515503524035
323.3,0.0026009916,2961.513544277519
323.4,0.00482086,3194.703869478057
323.5,0.0063869893,2203.4838044205003
323.6,0.0015542129,2894.6487408573844
323.7,0.00046025502,4302.425649749807
323.8,0.00017938414,6162.6358879004
323.9,8.8580586e-05,9069.587062653241
324.0,7.1254144e-05,9926.909511036918
324.1,6.432034e-05,12668.266142342665
324.2,3.9714127e-05,13590.628618812345
324.3,5.725916e-05,12796.504172009905
324.4,3.4904166e-05,13354.009335253439
324.5,3.500932e-05,13746.311684250912
324.6,3.975497e-05,14201.757464662975
324.7,7.419711e-05,9836.130931187341
324.8,8.264551e-05,9182.903779649198
324.9,8.214805e-05,9149.66396572136
325.0,6.586303e-05,9999.168818317401
325.1,7.256257e-05,9149.574564976716
325.2,8.004003e-05,9593.583476298498
325.3,5.788432e-05,11610.3824630856
325.4,5.4797973e-05,12458.455526755928
325.5,3.5327073e-05,13750.175989853418
325.6,3.6545414e-05,13926.347688872667
325.7,3.704702e-05,14335.801248242717
325.8,3.6086807e-05,13118.358327824886
325.9,4.0100746e-05,13165.581295045087
326.0,3.7288002e-05,13232.097490039225
326.1,0.007064419,1135.6375448222166
326.2,0.009485998,1127.9717494868535
326.3,0.031604245,1138.7566963619845
326.4,0.021513395,1358.1815907798739
326.5,0.00080930267,9340.057642422431
326.6,0.0317237,1674.507555972962
326.7,0.018689787,1236.2805635084042
326.8,0.009499452,2142.705487847177
326.9,0.025784936,1136.6197022533927
327.0,0.02443002,1234.3935657054014
327.1,0.013070501,989.9482381249848
327.2,0.036902852,1043.4083491282936
327.3,0.012398209,1309.4590207469707
327.4,0.024015995,1364.709256434605
327.5,0.0117708985,1205.981945035521
327.6,0.0008747936,3969.6630352594652
327.7,0.040830735,996.963482631686
327.8,0.036056314,964.3516113817467
327.9,0.010820094,982.5926504408598
328.0,0.003818268,1775.5107967057172
328.1,0.013697608,1265.3222551588492
328.2,0.044246934,989.2105297918934
328.3,0.020818032,1401.1218133721027
328.4,0.036491785,1016.9528829026256
328.5,0.029344885,1151.7807096616943
328.6,0.033851225,1212.3103879969042
328.7,0.015010961,1373.8888989678744
328.8,0.020161841,1955.241175060122
328.9,0.0058789146,3848.6929620316414
329.0,0.02732486,1515.800738063434
329.1,0.013589763,2131.275532372868
329.2,0.0027698486,3454.7457963418256
329.3,0.0047259373,2866.006934921993
329.4,0.022627814,960.3889802132883
329.5,0.0046021435,2100.028659816001
329.6,0.000902429,8212.467705995166
329.7,0.0103474315,1266.5908788280535
329.8,0.0010572309,3615.7271611747915
329.9,0.01368972,902.4969156744396
330.0,0.005944774,2031.3838118065064
330.1,0.014810947,1522.8253737759605
330.2,0.007784693,3376.746358428949
330.3,0.0047218287,2786.637783701046
330.4,0.0011625106,4252.194424667209
330.5,0.0012213808,6843.503491231999
330.6,0.0050370363,1620.2282246974953
330.7,0.000465612,5836.7854025946
330.8,0.0053084213,1918.774589082922
330.9,0.0006488828,4177.9907081190295
331.0,0.009541976,1162.8237701094513
331.1,0.007061869,1340.7763955068226
331.2,0.0037085211,1298.8132370359722
331.3,0.0010062278,3778.7859677619267
331.4,0.0012511767,2462.0468657476913
331.5,0.003577263,1426.6923788881165
331.6,0.004002645,1151.4256475638065
331.7,0.0004387502,5584.1598741906455
331.8,8.2467894e-05,11218.323270881683
331.9,7.413693e-05,11036.231266869692
332.0,7.768815e-05,9898.099562409485
332.1,0.000110176945,7860.014027017599
332.2,0.00016748797,6426.546376861799
332.3,0.00015003706,6523.088398210746
332.4,0.00023178197,5340.161953668676
332.5,0.000373672,5553.542185174471
332.6,0.0001743755,6335.559315154014
332.7,9.385404e-05,7985.968049047329
332.8,0.0029787354,2242.1365881118404
332.9,0.002424834,1976.9872619067496
333.0,0.01027072,1074.763049861442
333.1,0.005128821,1464.3728052880736
333.2,0.011030974,911.3745617092509
333.3,0.00083005487,9765.252405046078
333.4,0.029767126,1270.7915285657432
333.5,0.029825622,994.1727782579538
333.6,0.036097392,958.4737497343119
333.7,0.0038382532,1640.005113634471
333.8,0.021006625,796.577008589554
333.9,0.022377908,1158.1787538683982
334.0,0.004266296,2145.153225448905
334.1,0.006912085,2278.1315972319617
334.2,0.014163879,965.985861966888
334.3,0.015970925,1072.951952155436
334.4,0.0032362759,2851.4394826357866
334.5,0.013909632,1093.935615914916
334.6,0.011469244,768.3249902537223
334.7,0.009423719,929.4744768618846
334.8,0.0041703875,1165.657324862683
334.9,8.348621e-05,10576.833965463777
335.0,4.0515002e-05,13196.924630603135
335.1,3.8408765e-05,13296.194132636374
335.2,4.4420558e-05,13220.527674794856
335.3,5.1532068e-05,12946.319085589977
335.4,4.9966315e-05,13015.894829479179
335.5,4.747834e-05,12097.473085895132
335.6,4.4742606e-05,12931.510044928442
335.7,4.3958775e-05,13363.656645971041
335.8,3.766943e-05,13079.21534058646
335.9,3.6840633e-05,13818.82076901161
336.0,3.6911682e-05,13666.496188348681
336.1,4.674139e-05,13395.182323782663
336.2,3.564301e-05,14012.213130279108
336.3,5.99019e-05,12327.583709240502
336.4,4.0915143e-05,13497.988583123743
336.5,3.9118444e-05,13961.382966924986
336.6,4.4047778e-05,13810.841285479995
336.7,4.5880643e-05,12843.247681865843
336.8,3.6225407e-05,14214.95572616481
336.9,4.2997024e-05,13372.976872853002
337.0,4.2248215e-05,13473.945962936823
337.1,4.064104e-05,13535.853679298867
337.2,3.515522e-05,14084.54308379495
337.3,0.0039896625,1625.3353005151591
337.4,0.0011114248,4575.111130747117
337.5,0.007503069,2172.559668026185
337.6,0.014097807,1117.6678791231698
337.7,0.015305776,1150.356082135408
337.8,0.010439102,1328.7160365792668
337.9,0.008902909,1349.036261686458
338.0,0.0032892486,1582.6725942120445
338.1,0.0004952815,4321.192721100779
338.2,0.00030120846,4455.965030971143
338.3,0.00035877188,6975.347378735279
338.4,0.025607912,1134.3160467989399
338.5,0.0109477425,892.5409370343393
338.6,0.017056322,795.5441302547648
338.7,0.005766447,1190.2031521334857
338.8,8.216495e-05,9250.774685384797
338.9,4.4617096e-05,12794.920335455985
339.0,6.136031e-05,12205.04317064311
339.1,4.9223156e-05,12564.537422237578
339.2,5.9195667e-05,12056.865364950796
339.3,0.018520268,1359.6451358842269
339.4,0.001411101,3311.953088817198
339.5,0.037282754,905.551756681283
339.6,0.054196697,1258.5360942796608
339.7,0.038298573,1080.8031426718992
339.8,0.011793772,1177.2454992713847
339.9,0.011279729,1286.7902460196879
340.0,0.0018765162,2600.885343056303
340.1,0.007912694,902.0545432585595
340.2,0.010948705,1003.5032131960966
340.3,0.00087947026,7658.484071422499
340.4,0.010370664,1031.851483076487
340.5,0.0032905533,2614.2057523119533
340.6,0.010170692,1023.132231633193
340.7,0.0001787448,8967.702922586668
340.8,0.009352667,1148.262932305708
340.9,0.0071996152,1313.0197300944974
341.0,0.00071992015,4666.894068210177
341.1,0.005647404,1088.2231565950988
341.2,0.0008295271,8175.026959216239
341.3,0.008194463,1282.407447441181
341.4,0.004888391,1320.5858687388625
341.5,0.0055002407,1171.926996946065
341.6,0.0011844016,1650.5469958674512
341.7,5.1295563e-05,12308.531989796975
341.8,4.621837e-05,13207.48056564142
341.9,3.9591985e-05,13165.584304983433
342.0,4.1108247e-05,12847.987176722214
342.1,5.7643567e-05,10322.684986020407
342.2,5.9159407e-05,12337.716300118565
342.3,0.0018246367,8605.30676539237
342.4,0.054163255,1105.9281064869133
342.5,0.02938572,1022.8896451612536
342.6,0.0017468673,8383.5237748219
342.7,0.0153952725,1039.0928450856798
342.8,0.003663993,1654.0487592265274
342.9,0.0045478255,1521.4009047980035
343.0,0.0026670743,1792.1651603540117
343.1,0.006503721,1147.9238700793885
343.2,0.0056600445,1253.1520842240375
343.3,0.003133019,1224.4356405412273
343.4,0.00058472704,6939.83544137582
343.5,0.004919745,1387.315556830866
343.6,0.0077114208,1272.7608845335192
343.7,0.0036662885,1434.5684147774946
343.8,0.00018375572,5869.010508799292
343.9,0.0004051058,3941.4414780233965
344.0,0.0005173058,3733.251720625177
344.1,0.0005305975,3601.7258058488933
344.2,0.00015973151,8675.394749514524
344.3,0.012744335,768.1812719853135
344.4,0.017659687,798.9185180052265
344.5,0.019145586,848.0870406072297
344.6,0.0188164,1300.4586511983919
344.7,0.025751991,1027.8246336604502
344.8,0.022842774,1058.7316411860845
344.9,0.02253872,1050.4883095625135
345.0,0.014656566,992.3198417510944
345.1,0.011162998,992.8587552337317
345.2,0.0004041475,4594.04710493061
345.3,0.0045859804,1455.975285428794
345.4,0.0018467507,2893.6493176612894
345.5,0.03000234,1172.591637577688
345.6,0.0051579042,7073.742949767457
345.7,0.04593659,1880.2467344811457
345.8,0.0107991705,2610.9964492862705
345.9,0.0016542347,3371.6730610809973
346.0,0.038478035,1239.4809136329332
346.1,0.014979388,1194.6448526079255
346.2,0.02202914,1157.1838614896064
346.3,0.0110846525,1222.6596592500707
346.4,0.000587982,8494.08256783353
346.5,0.0094355,1197.98264108148
346.6,0.005317514,1307.2240829426148
346.7,0.004235793,1198.145306611667
346.8,0.001270228,1888.2643899913774
346.9,4.2813692e-05,12270.729805982439
347.0,4.988045e-05,12145.637799405777
347.1,4.481141e-05,13824.321446079282
347.2,4.08794e-05,13754.367638861426
347.3,4.3834236e-05,13336.386920377137
347.4,3.8791288e-05,12126.35699637542
347.5,3.7418395e-05,12277.131587419603
347.6,5.3679632e-05,11121.591977375985
347.7,5.916955e-05,11659.709121015283
347.8,4.3022712e-05,12373.270210672885
347.9,0.014139875,697.7313023346734
348.0,0.019088065,816.1669133183475
348.1,0.021469833,872.7251054549967
348.2,0.0011810547,6979.621755714149
348.3,0.029491305,830.427855201727
348.4,0.0034127617,2027.9269937561767
348.5,0.025502611,1354.9286514061387
348.6,0.016799504,1154.5611253803959
348.7,0.021151956,1287.7069097096191
348.8,0.010480401,964.8736353824212
348.9,0.019116612,931.4662507496648
349.0,0.015759546,897.7512521919002
349.1,0.0030460842,3048.7728990898545
349.2,0.0151874265,811.8431800852912
349.3,0.01262379,1154.5428142361457
349.4,0.011045893,903.0023411619449
349.5,0.00981862,1048.7012129475274
349.6,0.012214444,1055.048801088631
349.7,0.0012568227,7746.593829815467
349.8,0.0069263745,1931.603174949224
349.9,0.012758686,755.8104029684953
350.0,0.0024021412,1449.0692095725813
350.1,8.461016e-05,11131.601953421949
350.2,3.842111e-05,13038.912110260397
350.3,3.9197417e-05,13059.241874869429
350.4,3.487352e-05,13143.462579528039
350.5,3.483853e-05,14517.945738082362
350.6,3.6663496e-05,13787.063768245276
350.7,3.868424e-05,13550.720308425341
350.8,3.9648286e-05,13516.427936202548
350.9,3.4748864e-05,13972.069290742595
351.0,4.776422e-05,13255.53066217819
351.1,4.1586274e-05,13685.28122256285
351.2,3.9357747e-05,13447.411269688248
351.3,3.6370322e-05,14316.69599688003
351.4,3.5454967e-05,13974.695811888154
351.5,8.580136e-05,12579.195051397899
351.6,3.779334e-05,14019.974059930917
351.7,4.0323815e-05,13571.97005044847
351.8,5.798494e-05,11080.179380167408
351.9,6.423478e-05,11416.329512806215
352.0,5.1411007e-05,12328.233619968356
352.1,5.1114926e-05,11293.847751758563
352.2,4.717186e-05,11910.796261771524
352.3,4.3653654e-05,12483.247927734112
352.4,5.3566768e-05,11703.719318143216
352.5,3.6501293e-05,13397.96314126444
352.6,3.8358252e-05,13692.177086779096
352.7,4.2354648e-05,13856.875389322342
352.8,4.6353107e-05,13298.88470975954
352.9,3.1519234e-05,14427.457410844767
353.0,4.724424e-05,12964.484118311248
353.1,0.02673576,1144.2365787419799
353.2,0.012785109,1258.4737881347942
353.3,0.011801347,1505.1694731979371
353.4,0.012967617,1157.5944503894946
353.5,0.015324654,1075.5357875126847
353.6,0.0052515413,1892.5275357655132
353.7,6.265484e-05,11219.488643515318
353.8,5.1545005e-05,11640.451233903179
353.9,0.008338626,1028.2245325973988
354.0,0.006265693,967.5417014936988
354.1,0.004457724,1191.504911700144
354.2,0.0036356626,1344.35025963948
354.3,0.00012803402,9636.19255153884
354.4,0.030693654,1266.6002773666746
354.5,0.0007945825,9717.320310174046
354.6,0.02366153,2015.0265986630993
354.7,0.027527453,1103.7455920532132
354.8,0.00034035035,5908.267006106755
354.9,0.0076821963,1183.3659797409382
355.0,7.679786e-05,10648.836529656393
355.1,6.340552e-05,12233.201792212185
355.2,4.550808e-05,12087.94391182647
355.3,0.00010479864,10328.672139203009
355.4,0.000121817226,10741.798199399598
355.5,4.428372e-05,13109.023091990508
355.6,6.146359e-05,12574.917074578942
355.7,4.7526602e-05,13182.436810737614
355.8,3.734187e-05,14468.547721926043
355.9,4.2336935e-05,13804.071956451367
356.0,5.2811803e-05,12206.366203514783
356.1,3.9535727e-05,13211.436171352601
356.2,3.775708e-05,13530.641405985109
356.3,3.936777e-05,13628.869623936795
356.4,3.7564576e-05,13341.211224619883
356.5,4.2275933e-05,12303.141770276796
356.6,3.701769e-05,13221.250344669057
356.7,3.526406e-05,13736.647719577591
356.8,4.254621e-05,12980.146039476815
356.9,4.0172545e-05,12323.42438009465
357.0,0.00016054904,9014.233567782412
357.1,3.3542245e-05,13846.696555367153
357.2,4.8669666e-05,12542.594312345578
357.3,0.012218384,983.4099673974724
357.4,0.00038371427,5568.34412836325
357.5,0.018184194,1378.8734744031271
357.6,0.024893712,1439.0869349527834
357.7,0.0041946736,7908.8095578295715
357.8,0.0006349125,4551.147343647276
357.9,0.0045176647,2258.8137647582334
358.0,0.007891649,1282.6306689282383
358.1,0.010290466,1447.5691614518669
358.2,0.014021053,1094.7445006444586
358.3,0.007243503,1108.970707347449
358.4,0.0021613936,1889.24182926393
358.5,0.00012996381,8778.567153592918
358.6,0.014467782,1239.1801305238232
358.7,0.0069246986,1630.0850059711331
358.8,0.004979236,7442.662881753546
358.9,0.014606912,1139.8716806748898
359.0,0.014634195,1112.7070173302177
359.1,0.0063095754,1820.2262424322093
359.2,0.00044104498,9291.463159191877
359.3,0.014275493,905.1060192058494
359.4,0.008176077,880.8633065854661
359.5,0.004141476,1321.0993673428204
359.6,0.0005688147,8123.886560674457
359.7,0.010029701,1195.7593796713022
359.8,0.0049638287,1197.2995355545438
359.9,0.00050993235,4238.00201520865
360.0,6.528109e-05,11727.829849337084
360.1,0.00017401222,6408.885772888058
360.2,0.0001786093,5916.193199059485
360.3,0.00014788393,6365.564149885259
360.4,0.0046171653,2052.8083597211053
360.5,0.019996267,945.3819604207522
360.6,0.019395962,1387.3772847416276
360.7,0.0003957464,6335.949476108781
360.8,0.030607961,961.1634317295138
360.9,0.030908704,823.230141024355
361.0,0.010485749,1168.6368193793194
361.1,0.018277038,1280.423174982765
361.2,0.0010730174,9988.710733334898
361.3,0.017368011,883.2994432574699
361.4,0.003556001,2055.774575353581
361.5,0.020194286,1288.5012794681002
361.6,0.011935484,1249.0187681233256
361.7,0.006672442,968.2086188597391
361.8,0.0019043774,4101.542365033027
361.9,0.012026319,1115.2801815646276
362.0,0.0022648964,2734.200589905075
362.1,0.007129013,986.2766334497852
362.2,0.004418997,1109.0482113708254
362.3,0.00035767411,8822.529743817511
362.4,0.008811064,1079.6932133533196
362.5,0.003827638,1176.5677807426364
362.6,0.00012837727,9105.406651266612
362.7,5.1869494e-05,12430.501228494413
362.8,0.021279624,971.5669311582926
362.9,0.00069438794,9014.134476431096
363.0,0.032880627,1185.2164627851457
363.1,0.016666105,996.3682168671605
363.2,0.00067267223,6352.261804562091
363.3,0.009211844,1210.9674662448112
363.4,0.002178228,3292.4561369771864
363.5,0.008727592,1396.1832198397487
363.6,0.0053632203,1356.161605875588
363.7,0.0005024149,6267.443643278184
363.8,0.0032679413,1818.9359977726535
363.9,0.00045375043,6322.711367429378
364.0,0.00095704506,4905.678205489821
364.1,0.0009286424,4848.040698551835
364.2,0.0022075225,3699.6960784018856
364.3,0.00022548182,7010.856478958745
364.4,0.0032478538,2565.4473313382978
364.5,0.0016581995,3021.160238727475
364.6,0.0017392677,3409.890500980218
364.7,0.0041734907,1893.0878394379747
364.8,0.0018755563,3771.7705992209717
364.9,0.00049343647,6415.001156753537
365.0,0.0025101497,3875.40777247596
365.1,0.00040925835,5436.477965829681
365.2,0.00026678707,7480.437253705219
365.3,0.00028087007,7153.7577471636105
365.4,0.00076176354,5213.352082596558
365.5,0.00084847887,6416.973013257546
365.6,0.0018790596,3662.4167982797076
365.7,0.0014394462,3422.989441275252
365.8,0.000550342,5571.202398203497
365.9,0.00026397352,6589.532764509187
366.0,0.00018133248,6977.703857685874
366.1,0.00035829426,6216.186294112305
366.2,0.00016424678,7279.12827926631
366.3,0.00011106411,8786.42673788012
366.4,0.00027841402,5423.056005160912
366.5,0.000355449,5850.882970781555
366.6,0.0002357476,7132.875518739425
366.7,0.00030960643,7554.085678817771
366.8,0.00072687306,5952.654034600414
366.9,0.00070099806,5825.593764431659
367.0,0.00042368378,6846.957813860086
367.1,0.00095653994,5704.052754345084
367.2,0.0014357915,3296.538185786666
367.3,0.0002649137,6866.937842925892
367.4,0.00033086055,7307.71176217354
367.5,0.00046046122,7933.713081257153
367.6,0.00038210783,7926.837962436397
367.7,0.00028358266,6810.450619609412
367.8,0.00017661549,7377.006200832455
367.9,0.00028458872,6669.1141551032015
368.0,0.0005757032,6214.454712771016
368.1,0.0008654949,5422.145583458203
368.2,0.0016723671,5109.749767882711
368.3,0.001897861,5665.426587542513
368.4,0.0013374618,5296.725784936399
368.5,0.0010308634,5304.516948830987
368.6,0.0012424985,4997.845468757394
368.7,0.0019136363,4132.165272189873
368.8,0.0009230362,4850.001787786965
368.9,0.00014162109,8303.088117304696
369.0,0.00014403707,7664.626203997784
369.1,0.00022246309,6562.571085197334
369.2,0.00017070802,8003.17672927892
369.3,0.00021545304,7550.332619841214
369.4,0.00024038902,6827.2412900774525
369.5,0.000237492,6738.592288888043
369.6,0.0002600537,7355.765582369941
369.7,0.00043297955,6496.4254581854275
369.8,0.0011118808,5766.668235341218
369.9,0.0009907999,5516.042113954313
370.0,0.00045778402,5378.183107246642
370.1,0.00043656115,5319.874631832782
370.2,0.00028674788,7107.728550709553
370.3,0.002121978,3194.7222926244444
370.4,0.00049431087,5776.255486794881
370.5,0.0015538057,4034.566818112793
370.6,7.602799e-05,9104.10577666137
370.7,4.4360728e-05,12920.851063435122
370.8,3.516661e-05,13583.259936135662
370.9,0.020543063,717.9375914358909
371.0,0.012933699,1719.8919092503447
371.1,5.6408742e-05,11479.673737947578
371.2,0.030153051,1275.4126086799047
371.3,0.01013697,1430.451278939987
371.4,0.03608763,1155.9381795536324
371.5,0.03207484,736.9072950003406
371.6,0.001529506,3199.8962651651436
371.7,0.036088273,1009.2615755432516
371.8,0.037184544,950.7006855973881
371.9,0.030870922,954.3643410268712
372.0,0.008748269,1625.631221607062
372.1,0.027180254,1093.0307334148354
372.2,0.023160469,962.4733628706463
372.3,0.022275003,1249.972447296001
372.4,0.041616883,1124.8270440739934
372.5,0.030743489,1179.2651879136465
372.6,0.031962212,1159.4765359909204
372.7,0.021459168,1052.0673842350784
372.8,0.004274714,1364.2435068436926
372.9,4.9069593e-05,11910.004100249993
373.0,0.01624732,936.8562017107713
373.1,0.013252432,914.7576486588998
373.2,0.014417869,802.8101741638695
373.3,0.00082795246,3539.424716548574
373.4,0.00014561796,8405.639896159173
373.5,0.013199697,794.0079980025089
373.6,0.008816307,1012.1120922859125
373.7,0.0085219145,1495.2776796952526
373.8,0.012717288,804.0238262049497
373.9,0.014993953,960.1115041710227
374.0,0.0020496224,2894.0269945705345
374.1,8.061257e-05,9820.392009727782
374.2,4.7652866e-05,10996.068126544798
374.3,5.8446672e-05,10283.589691438166
374.4,8.844073e-05,10374.748485959799
374.5,6.603331e-05,10200.195171078527
374.6,5.5345205e-05,10146.314544855159
374.7,4.6150817e-05,11757.024404038928
374.8,4.4313943e-05,11042.664151846993
374.9,4.3902957e-05,12773.511851473244
375.0,4.311468e-05,12711.079822819825
375.1,4.1423293e-05,12743.145429549002
375.2,4.81975e-05,12535.904048124024
375.3,5.93893e-05,11190.850499968918
375.4,4.1352472e-05,11642.227593047437
375.5,7.601882e-05,8712.71820715394
375.6,9.603506e-05,8410.605845184095
375.7,0.0001427103,8319.488310402236
375.8,0.0055960775,3481.7564589089325
375.9,0.0051772306,2924.9333551686123
376.0,0.0012482246,8498.029384738284
376.1,0.022633325,1066.8987203510708
376.2,0.020136178,1011.2597577734821
376.3,0.025743678,1113.4122864785063
376.4,0.012080654,923.7348120998403
376.5,0.009726531,987.0734127692708
376.6,0.0022927166,1563.1499412326482
376.7,0.0014843503,1860.9870885040518
376.8,7.9146936e-05,9585.536488008343
376.9,9.924235e-05,9441.409619190934
377.0,5.453074e-05,10469.530954222375
377.1,0.0067309774,3084.132423871246
377.2,0.011969915,4773.942056650025
377.3,0.029615313,979.9298535908108
377.4,0.0070100194,1438.4048751651053
377.5,6.750813e-05,10191.928112011967
377.6,6.1993655e-05,9640.428376627711
377.7,5.1876155e-05,10829.371344695715
377.8,6.9665424e-05,9918.048536382244
377.9,5.1800154e-05,11027.07068364387
378.0,3.3849046e-05,13490.116536851134
378.1,3.615961e-05,13375.240355412914
378.2,3.7088997e-05,13382.312029969826
378.3,3.578664e-05,14276.272366798565
378.4,6.105865e-05,12540.16696973832
378.5,0.0069235126,945.4237469029465
378.6,0.024964062,834.192288347662
378.7,0.036723454,1081.141320570677
378.8,0.038140986,893.612925683872
378.9,0.018524254,715.5293294612268
379.0,0.0059526404,929.3355575794724
379.1,7.549024e-05,11219.992664652764
379.2,4.35146e-05,12568.204958648636
379.3,3.9327097e-05,13640.715860734179
379.4,4.5793116e-05,12230.401525093028
379.5,0.00014245481,9889.360198188599
379.6,0.00019623707,7933.20327456104
379.7,0.00017270703,8426.947493737443
379.8,7.735332e-05,10506.712037562294
379.9,0.018467288,590.0796274113188
380.0,0.0005611309,6382.287648753518
380.1,0.04128218,846.9684492614476
380.2,0.011211793,869.2151066753995
380.3,0.000106367326,10425.740374834875
380.4,3.3961827e-05,13487.273288794086
380.5,0.000109802495,9382.265080392472
380.6,0.0021468254,2450.821066361513
380.7,0.029583566,1455.190731863575
380.8,0.03526707,998.0455305020986
380.9,0.04062712,1218.1325671567151
381.0,0.00014197323,8381.100834560926
381.1,0.001333144,3928.2890006919897
381.2,0.001017083,4336.371725847108
381.3,0.00055201724,4149.074262814274
381.4,0.0056653353,1418.6199234639396
381.5,0.0021830178,7963.954477830683
381.6,0.016882226,2725.6992624796208
381.7,0.045147773,985.8529034750748
381.8,0.023520239,1049.48176006085
381.9,0.0546704,1150.269125157999
382.0,0.040384583,1136.135687145566
382.1,0.013980189,1286.9206221778988
382.2,0.0023788982,1227.4351894350798
382.3,5.8238093e-05,11540.783404998636
382.4,0.021190925,1222.5148976616342
382.5,0.03773535,864.8186562808903
382.6,0.003459812,2129.356265182109
382.7,0.029181106,764.3787753914797
382.8,0.003038143,2207.70249705933
382.9,0.017724229,1212.9067527624322
383.0,0.026287844,1113.8196002443822
383.1,0.0014861164,8840.940746032324
383.2,0.013988961,1001.5979104296156
383.3,0.016970173,955.9831914122543
383.4,0.0009797097,8799.085101118068
383.5,0.00579808,1732.7181712651889
383.6,0.0023314399,1561.0449363023163
383.7,0.003185576,1620.9715772104687
383.8,0.005948972,1065.7611953021476
383.9,0.0032123995,1186.31965214984
384.0,0.00144755,2136.340665155679
384.1,0.00016298739,7718.702249284057
384.2,0.00022057192,6745.561687912506
384.3,0.00039888392,6442.8562875890875
384.4,0.00012708928,9196.8797224687
384.5,8.9861e-05,10084.914044969593
384.6,0.0002072247,7808.859129447427
384.7,0.00020546162,8982.921317687185
384.8,7.954152e-05,11591.963928109002
384.9,0.010845288,845.4295816070455
385.0,0.02183319,1998.0231597041236
385.1,0.027117122,2992.1136612682594
385.2,0.03931596,1229.9627969044511
385.3,0.05703546,1123.1923235788129
385.4,0.01578958,1369.5527467710049
385.5,0.000100464764,9474.018032891792
385.6,0.0146565465,686.0464584461945
385.7,0.017625479,1337.0142030169577
385.8,0.00091876736,10742.777569336042
385.9,0.015158687,1149.7976959680134
386.0,0.019399025,946.2105224526622
386.1,0.015087512,772.2086425477617
386.2,0.0099136075,1005.1422932843047
386.3,0.0044495957,1258.5594577611232
386.4,0.0053287367,987.6050070913288
386.5,0.00044840595,8660.246826568944
386.6,0.005709064,1073.7724045268005
386.7,0.0020241432,2162.156712439302
386.8,0.0027528524,1470.160466048551
386.9,0.001198667,1797.2106075477755
387.0,0.0034418,1319.892493497056
387.1,0.0012630174,3820.33289400788
387.2,0.004484874,1286.0855185132252
387.3,0.00015403508,7608.426637509154
387.4,0.009264998,1841.475008092152
387.5,0.0007492294,4288.053787280088
387.6,0.00022812931,7004.785906095137
387.7,0.00058583816,5101.195646661196
387.8,0.00021598097,6246.250045062183
387.9,0.00018881752,6471.164610606308
388.0,0.00017491529,7200.096130901784
388.1,0.00015039244,7521.309252705891
388.2,0.00021817618,5801.362721458247
388.3,0.00014712506,8213.074836615078
388.4,0.0001497328,7260.929739195696
388.5,0.000323696,6772.910458522019
388.6,0.0004757865,6556.966619390692
388.7,0.0006708005,6374.392152618739
388.8,0.0026083118,4664.210509967354
388.9,0.0010609427,5775.466546967397
389.0,0.0010970904,6500.665556346135
389.1,0.0004545981,4961.5362681227125
389.2,0.0004320234,6752.26853709798
389.3,0.0025561173,4907.594932669013
389.4,0.0030661458,4246.512571363656
389.5,0.00068026973,6524.357003802095
389.6,0.0005746158,6403.761563329254
389.7,0.00070759066,5916.455396738755
389.8,0.00039460833,6745.184075230294
389.9,0.0005705077,5796.124954556661
390.0,0.00027308566,6575.2320143187435
390.1,7.5296324e-05,9557.370081662497
390.2,3.9654136e-05,13523.87255347655
390.3,0.006603922,1493.7889878162239
390.4,0.00549837,1263.4400134206257
390.5,0.0064041885,1169.6201099818388
390.6,0.005290474,1072.065549067128
390.7,0.0001914926,9456.546728341365
390.8,4.06093e-05,13274.07298088589
390.9,3.7849495e-05,13146.131880467605
391.0,3.3313063e-05,13621.71203311152
391.1,3.595209e-05,13513.189292699792
391.2,5.9022037e-05,12016.808272713846
391.3,4.759845e-05,11985.133544388873
391.4,6.374388e-05,10622.111595453433
391.5,5.89037e-05,10593.524323684776
391.6,4.6023662e-05,11772.338466905936
391.7,4.270632e-05,12653.965587832687
391.8,0.003365352,3324.552266327849
391.9,0.00473245,1653.5678456995447
392.0,0.010911143,1495.6450321801267
392.1,0.0001630714,8093.728605053443
392.2,0.0061023277,6852.4486733901285
392.3,0.00068732933,9521.80045588524
392.4,0.034425247,1288.7311525149623
392.5,0.04130028,1155.8836488847114
392.6,0.000756751,10250.571855854332
392.7,0.042494588,1049.7286137714025
392.8,0.0034607265,2821.1902909936234
392.9,0.00017974869,8641.520811862221
393.0,0.016916106,1150.5810301652061
393.1,0.012465435,914.2670678992015
393.2,0.0013616905,7241.758564832413
393.3,0.0060242037,3306.9368520064586
393.4,0.015187913,810.1918126039309
393.5,0.01725307,1136.0137480142844
393.6,0.014741676,842.0135631709496
393.7,0.006274651,1001.8570845873853
393.8,0.0032788974,1209.786307755543
393.9,6.8499525e-05,11205.714140980846
394.0,3.7040652e-05,13314.258041876768
394.1,4.6593843e-05,13662.33675677055
394.2,4.6414145e-05,13159.719590403754
394.3,4.1028074e-05,13210.69348492257
394.4,0.014938196,1501.000301135659
394.5,0.010263989,1973.6868569477633
394.6,0.0012958618,8735.118872329822
394.7,0.024407554,1060.301697317445
394.8,0.01092554,1206.6764697162755
394.9,0.007936463,2744.911797723464
395.0,0.026130063,1115.8113033371578
395.1,0.0035320523,2370.57704593001
395.2,0.002776995,5010.279652640969
395.3,0.01995553,1083.6193268807017
395.4,0.008891122,1051.6510909314843
395.5,0.009908502,1111.8851296282282
395.6,0.0052554416,1201.3677687158886
395.7,0.0039424384,1225.781409012053
395.8,0.007228076,987.7225849596317
395.9,0.0076543293,894.2580367784352
396.0,0.0012521792,2864.042388312235
396.1,0.00022154479,6593.414620065843
396.2,0.00011272475,7670.797735163276
396.3,0.0004163276,5430.244212111489
396.4,0.00090691703,10223.899523337452
396.5,0.05209664,1107.4342935374677
396.6,0.019245343,1136.2734477674828
396.7,0.0016607516,3178.957456504282
396.8,0.0034342154,2654.6332378899465
396.9,0.009809359,3967.3195052045057
397.0,0.009247618,1241.4771366430894
397.1,0.0060136747,1020.5663481903925
397.2,0.00203187,2767.785887142294
397.3,0.009496763,1062.4818470004839
397.4,0.0064643654,1115.7493573925576
397.5,0.006012388,1165.3970389169663
397.6,0.0023895167,2566.1530395560276
397.7,0.0009139618,3578.093663101043
397.8,0.00013997055,7517.9092247683175
397.9,8.200128e-05,8588.976108782248
398.0,0.00012468296,7292.997108975846
398.1,0.00031449937,7137.877577444713
398.2,0.00037059333,4812.255924485175
398.3,0.00023724607,6686.673173600497
398.4,0.00021893535,6215.104753269511
398.5,0.0008273517,4379.682948186379
398.6,0.00062549516,4170.32285326745
398.7,0.00037786225,4468.196996263103
398.8,0.0049190023,1814.084724321825
398.9,0.0017648796,3617.5253915419175
399.0,0.0003378344,6090.033968028991
399.1,0.00029176878,6434.959693076344
399.2,0.00042132952,5503.850778956831
399.3,0.00015445868,6439.195169155881
399.4,0.0002213941,8221.368736827138
399.5,6.56642e-05,10325.773674132704
399.6,0.0011918851,7433.551856515997
399.7,8.84677e-05,10435.37151924653
399.8,5.7286445e-05,11239.984356091014
399.9,5.557107e-05,10727.49747862298
400.0,0.00019758607,7227.832664537104
400.1,0.0003811806,4684.381804948842
400.2,0.000867088,3784.242225204245
400.3,0.0018640773,3510.4362404529397
400.4,0.0018155563,2654.783516751355
400.5,0.00021236368,6344.158406513181
400.6,0.00073369034,5048.579251212082
400.7,0.0010366378,3093.2610370450748
400.8,0.00043856804,5016.353407950042
400.9,0.0002679058,6528.4918961671965
401.0,0.0023139694,4284.617295279695
401.1,0.0011591434,3711.803543339126
401.2,0.0011413841,3931.382642609883
401.3,0.00023912688,6204.951320131229
401.4,0.0016429331,4263.293410499394
401.5,0.00081337034,4671.328218573266
401.6,0.00419016,2991.083774582934
401.7,0.02812012,591.5194348915163
401.8,0.021890756,806.5316059849383
401.9,0.004194982,2915.0235986066878
402.0,0.0032114098,1216.0393915774805
402.1,0.00067826366,9984.811251015897
402.2,0.00035496303,10943.71448354356
402.3,0.02755819,1449.0205028912023
402.4,0.017466288,1567.7637510455932
402.5,0.0013728666,2794.9825872615006
402.6,0.0012178728,3928.132973173831
402.7,0.0039631356,6665.342030197836
402.8,0.025335263,1194.9634954447602
402.9,0.01177413,1278.6478084671144
403.0,0.031660236,986.4006282466867
403.1,0.031013928,1067.841371542673
403.2,0.013904684,1643.0135484652926
403.3,0.0004086488,7181.529744614153
403.4,0.02097948,998.0860040491457
403.5,0.018293735,1015.281895497902
403.6,0.0052548447,1338.809261689705
403.7,0.0012996054,3320.111925569748
403.8,0.00040891816,11312.029163864936
403.9,0.014304759,1375.1212353356123
404.0,0.00072515424,9866.632410988359
404.1,0.02666381,996.6589886292195
404.2,0.016545866,951.6054594890586
404.3,0.022921905,877.7964505791207
404.4,0.020547394,825.4259325336136
404.5,0.0038546796,1194.1820911991554
404.6,0.025433827,921.2345254165341
404.7,0.024882352,733.7440795143318
404.8,0.0013640968,5820.843329798085
404.9,0.014194773,1165.2118098787198
405.0,0.01962568,770.938389062879
405.1,0.011791079,1137.6391854482008
405.2,0.036434274,935.9851089585915
405.3,0.032570302,918.7403872319048
405.4,0.0044244216,1290.3458826672775
405.5,8.1774044e-05,10358.740192790747
405.6,0.00020760488,5493.188676742953
405.7,0.00024079166,4902.062431329227
405.8,9.385062e-05,9237.77908364368
405.9,0.023430107,1307.5991901362452
406.0,0.01581365,998.888426204346
406.1,0.00088695314,2505.6781279622555
406.2,0.010805019,1185.0499669702695
406.3,0.0036290581,1139.1637389434557
406.4,0.00023056632,7308.308256547796
406.5,4.498153e-05,12195.732067589774
406.6,0.0002692874,7540.335164174181
406.7,0.00010555977,10164.135889962809
406.8,3.995933e-05,12886.707201299074
406.9,5.8485315e-05,12570.686675103161
407.0,6.2468505e-05,10481.6342080492
407.1,4.481435e-05,12939.385431517792
407.2,4.4201588e-05,12977.677960183342
407.3,4.5525623e-05,13233.851790594648
407.4,4.941164e-05,12623.771933265494
407.5,4.6343583e-05,12313.108582255496
407.6,0.025518402,1255.7587407704195
407.7,0.00015037956,8771.130949425286
407.8,0.01795054,892.0886927989495
407.9,0.009770013,988.1805739350791
408.0,0.001340533,2617.408032740905
408.1,0.00014625842,8656.327804425275
408.2,0.00015609323,9246.038126725054
408.3,8.3107094e-05,9014.214721213157
408.4,5.134619e-05,12004.995564849722
408.5,7.701358e-05,8402.152377065817
408.6,7.110113e-05,9087.443735405315
408.7,0.00011914813,8203.824602350707
408.8,6.0501086e-05,9850.859625914627
408.9,5.6489753e-05,11568.132017987524
409.0,5.8394246e-05,11285.960587066073
409.1,6.8951806e-05,9659.95594587133
409.2,0.011495654,1349.5203307799102
409.3,0.0012596371,9055.65740156345
409.4,0.009472853,2310.0428735453474
409.5,0.0065218387,1664.8833127663636
409.6,0.016061405,983.3217498860911
409.7,0.00809342,975.223066646688
409.8,0.0008431247,3048.1509848581895
409.9,7.717994e-05,10969.798078153632
410.0,0.00011662773,9110.254740262066
410.1,6.060076e-05,11466.923367588946
410.2,7.580323e-05,9204.459932181635
410.3,0.00011446316,9092.703949143568
410.4,5.7288413e-05,12090.747890642262
410.5,5.761569e-05,11633.956369235335
410.6,5.3442734e-05,12773.877866469647
410.7,6.703276e-05,12097.411214607859
410.8,0.00010821282,10599.128701856302
410.9,0.0069198944,1061.6348070903516
411.0,0.015925972,963.1978841882241
411.1,0.0023763669,2128.671497941177
411.2,0.009667353,874.4409685402452
411.3,0.008187054,1124.6115833924052
411.4,0.0008925438,9951.52924187117
411.5,0.012040757,1037.1959423027847
411.6,0.006713963,1291.547915684436
411.7,0.015156949,1271.6487431728133
411.8,0.02927898,1222.4607602705355
411.9,0.007106032,1096.7494464163465
412.0,0.0012437857,2453.1196988622705
412.1,0.009839391,1166.4648762331392
412.2,0.007642345,1243.701242386135
412.3,0.02756202,992.25382460539
412.4,0.012931906,2521.3824283350827
412.5,0.0081451405,1700.541886017092
412.6,0.0034828945,2529.4391337704665
412.7,0.0009528321,4425.323253597824
412.8,0.00081644,4710.517731459135
412.9,0.0004473377,5280.3587354218
413.0,0.005196134,2597.6973528280405
413.1,0.008086437,1683.2509416654843
413.2,0.00091397174,3754.109304200405
413.3,0.00586933,1719.0870317175938
413.4,0.02352773,1153.3280551600128
413.5,0.0015540038,7787.690757519556
413.6,0.011447071,1491.0520466853068
413.7,0.0014076751,5464.356068836938
413.8,0.00922057,997.6590107154894
413.9,0.0035129013,1669.2276014124195
414.0,0.006352039,1157.108631035265
414.1,0.0027044385,1733.5285432069156
414.2,0.0051585604,1112.864776758765
414.3,0.0046079867,1165.5887163234438
414.4,0.0008744544,3712.6276129776275
414.5,0.00036636108,3844.492542436477
414.6,0.00042319525,3850.2419952709415
414.7,0.00036560112,3994.1334096415308
414.8,0.00022726448,6131.763758843263
414.9,0.033281196,1274.8503639279195
415.0,0.022730712,1485.3891538410721
415.1,0.011386756,1442.7120351790832
415.2,0.02179922,1318.431254137057
415.3,0.013629255,1397.8209174984552
415.4,0.0065926355,1511.353926280558
415.5,0.0063703936,841.7346123800301
415.6,0.013981683,830.3534581075658
415.7,0.027554573,853.0014777695247
415.8,0.014106701,1538.0416234501517
415.9,0.026734468,785.6689493657989
416.0,0.019021694,999.2643960446851
416.1,0.0011869456,6820.776778574424
416.2,0.008164219,1427.2271216482206
416.3,0.007455803,1151.4904526500657
416.4,0.016153222,865.6863507698845
416.5,0.013891698,660.6839041591663
416.6,0.0010425838,3070.6746940447747
416.7,0.0020562543,2200.8737266045573
416.8,0.0072031314,1060.6930193619828
416.9,0.0066904807,1081.9782790537643
417.0,0.0044040503,1080.4002537559904
417.1,0.00048035182,4690.708080464319
417.2,7.262217e-05,9172.776836232884
417.3,0.0001937278,6084.433661137982
417.4,0.00034279012,4907.65192460572
417.5,0.00026742768,4950.062166396751
417.6,0.00022060316,6990.730047015512
417.7,8.813703e-05,8999.890467975334
417.8,0.00011870098,9891.057130336761
417.9,0.0049961344,2413.8035742805005
418.0,0.008211,1820.6553979817572
418.1,0.017236015,1315.2562135907654
418.2,0.04643431,1168.6892647607147
418.3,0.034043096,1139.2446147133342
418.4,0.007877668,2054.2304406612257
418.5,0.0013438017,9953.27323005094
418.6,0.019109994,948.5595840373215
418.7,0.012313339,954.226205679179
418.8,9.800786e-05,9209.019469045736
418.9,0.011568101,897.2349906595182
419.0,0.009396459,1035.2662442036299
419.1,0.0007790344,5675.398405616591
419.2,0.009880669,936.6255833091213
419.3,0.007403336,964.6755048890986
419.4,0.0072463653,880.7163643655142
419.5,0.00068156235,3625.2545983447017
419.6,6.181339e-05,10240.140030876859
419.7,3.800949e-05,13219.510365052522
419.8,3.94962e-05,13122.855599288696
419.9,4.1474003e-05,13350.57980950804
420.0,4.759481e-05,11932.838576841505
420.1,7.376746e-05,10545.548395206708
420.2,3.7242986e-05,13199.12000480369
420.3,5.137636e-05,12729.144570675715
420.4,3.6120247e-05,13920.653579368207
420.5,3.5622732e-05,13908.107379929192
420.6,4.2794305e-05,12627.187780769547
420.7,3.2623106e-05,13686.691900396765
420.8,4.034991e-05,13002.93161238443
420.9,0.01601047,650.4636847074958
421.0,0.018541262,816.5415112453064
421.1,0.01895035,929.3837850306596
421.2,0.025068048,813.9452902917985
421.3,0.027362997,737.8246187016614
421.4,0.04233419,1155.5185408197715
421.5,0.023879254,1028.5265797598904
421.6,0.006665309,1614.7920025986195
421.7,0.010406304,1152.0187040521507
421.8,0.0050557507,1052.4710197427094
421.9,0.0046119387,1381.090455444765
422.0,0.0004660561,6116.9644322477625
422.1,0.007212698,1131.119620135335
422.2,0.0039655566,1596.8932152514694
422.3,0.0034278973,1344.4877626926263
422.4,0.0030449508,1308.9081496620947
422.5,0.003627703,1348.8618235594672
422.6,0.0025873857,1464.2014530056572
422.7,0.001686108,1337.6217952443167
422.8,5.7858753e-05,10949.782324141517
422.9,4.4122684e-05,12606.276556950412
423.0,9.674619e-05,12350.209643633889
423.1,0.0004507178,9225.410849733336
423.2,0.022328103,915.0207335642913
423.3,0.003974491,2984.582438405422
423.4,0.0052172528,1365.9469641193703
423.5,0.011168379,898.2997003758815
423.6,0.0027901118,2121.489025693105
423.7,4.471728e-05,12449.732685109535
423.8,0.00026268663,6362.030164400807
423.9,0.0007502887,5407.922839796313
424.0,0.00023105546,5960.99733217541
424.1,0.00019246715,7695.39017384642
424.2,0.0010104335,4205.365191949227
424.3,0.0004174801,4414.58340528547
424.4,0.0010652697,3213.9912269336573
424.5,0.00030018116,6553.256642861356
424.6,0.00026692927,6725.466357980651
424.7,0.0005164828,5618.599224249849
424.8,0.002983944,2734.9221162489257
424.9,0.002036646,3338.148406612271
425.0,0.00069935434,4765.182279973178
425.1,0.0006521364,4068.100499432248
425.2,0.0008111974,2852.981412029756
425.3,0.0006438406,5739.489282348557
425.4,0.0022746497,4783.114600847622
425.5,0.0007394315,5094.435431837638
425.6,0.00029721681,6689.459719694121
425.7,0.00026335867,7024.046576255785
425.8,0.00024810553,6854.962780895094
425.9,0.0003292228,6166.590664581747
426.0,7.732847e-05,9849.203662018368
426.1,0.0012874503,5006.645997707849
426.2,0.0049363417,1313.4591042071422
426.3,0.008663145,732.479304976096
426.4,0.002363545,2443.2614681815394
426.5,6.790931e-05,10123.43875965685
426.6,7.048578e-05,9415.161579169442
426.7,9.838197e-05,9000.323425198303
426.8,0.00062129606,8027.651906963499
426.9,0.0012978306,7056.286582710065
427.0,0.00030452292,5964.0524847515835
427.1,0.00014714726,7476.879986570666
427.2,0.00016286895,7261.996742689192
427.3,0.00013859967,7573.51144507858
427.4,9.14851e-05,8462.06822996244
427.5,8.7206034e-05,9737.052406555762
427.6,8.213484e-05,10711.586962876203
427.7,6.576617e-05,11128.936323761605
427.8,6.471603e-05,11415.717958515443
427.9,5.57929e-05,11899.148897769777
428.0,5.6868932e-05,11020.799082890051
428.1,4.6135243e-05,12764.165959164615
428.2,4.3357264e-05,12988.743333478069
428.3,3.862769e-05,13031.470074486973
428.4,4.263809e-05,13424.265067246864
428.5,4.4563236e-05,13719.77166728911
428.6,4.972743e-05,12956.00749422755
428.7,6.95548e-05,10042.119502007537
428.8,0.005925992,961.9798896094478
428.9,0.0029245766,1514.4351146404524
429.0,0.0020459755,1895.8346406546038
429.1,0.0010367542,2989.0908319241557
429.2,6.717739e-05,11778.324275652863
429.3,5.5125554e-05,12905.100425952596
429.4,3.735657e-05,13765.657900776858
429.5,3.4961704e-05,13596.798274721961
429.6,3.384361e-05,14319.66066462678
429.7,3.8321243e-05,14379.706986371079
429.8,3.4775283e-05,13505.53841926454
429.9,3.8475708e-05,13916.028285794822
430.0,4.840452e-05,13076.723516280053
430.1,3.516758e-05,13699.466527122597
430.2,0.0042480384,1336.9321067123687
430.3,0.015244049,1102.2573409080164
430.4,0.013766087,987.1255051933412
430.5,0.013519299,1094.4924231985478
430.6,0.012564001,1045.0203210478785
430.7,0.01171218,1068.8481452677267
430.8,0.006615348,1243.0160591339857
430.9,0.0013906577,3953.7203586465494
431.0,0.012282424,2021.8113486477255
431.1,0.018886855,1542.2217981130993
431.2,0.023180664,1128.7210664611039
431.3,0.018414043,1262.097916148602
431.4,0.019608498,905.4472749059714
431.5,0.014648537,1064.1358217262366
431.6,0.009331231,1184.4318345473375
431.7,0.0022043565,1395.1028414402217
431.8,7.103723e-05,10724.858861907307
431.9,4.529224e-05,13283.460030374627
432.0,4.021714e-05,13415.720089493634
432.1,4.2209518e-05,12994.529253994144
432.2,4.0256073e-05,13187.375455947913
432.3,4.653495e-05,12676.628839166611
432.4,7.5575954e-05,11816.181600586866
432.5,7.084825e-05,10285.531674826389
432.6,3.8661095e-05,13575.305037903137
432.7,5.2204814e-05,12936.430159516363
432.8,0.0007299547,7111.338677193495
432.9,0.0066317315,4661.798412670243
433.0,0.016906284,1614.0411450793204
433.1,0.02596897,1125.2369117193177
433.2,0.019863687,1328.2195122604865
433.3,0.014498395,1115.0630935325958
433.4,0.012211858,1057.5085530195888
433.5,0.0073886607,1358.7426433922403
433.6,0.009221635,1074.859645002304
433.7,0.0076805055,1379.8571618144858
433.8,0.001299405,2456.380406670176
433.9,0.0046110735,1295.0967301290534
434.0,0.0058062556,1276.4542197859896
434.1,0.0004825364,6299.295295742581
434.2,0.004861314,1068.4914529522214
434.3,0.002704462,1477.8377089445307
434.4,0.00010536797,9531.488009299977
434.5,0.005054291,1245.7611232405964
434.6,0.0036075623,1458.2044842550986
434.7,0.00039021147,5116.008927100773
434.8,8.143725e-05,8980.460968166974
434.9,8.678814e-05,8510.22819175121
435.0,6.080754e-05,10309.539543226918
435.1,8.015465e-05,9246.222769262089
435.2,6.380203e-05,10438.22243083487
435.3,0.00015707515,7829.905615924958
435.4,0.015349213,1287.6170462680711
435.5,0.012709118,1089.9183896431628
435.6,0.004147645,1881.268871822158
435.7,0.0034580468,2332.48923196512
435.8,0.0040342864,2047.8223404890343
435.9,0.0019491613,2165.6132977821194
436.0,0.00025708074,5496.086067144176
436.1,0.00014262398,7656.276695612788
436.2,0.008468727,1312.630886858088
436.3,0.008991873,2010.2277648443446
436.4,0.0030802889,2638.2909320767735
436.5,0.0033153673,2869.7224239098027
436.6,0.01304241,1483.923228585251
436.7,0.012687036,1382.876309358
436.8,0.0015015708,4526.15956576409
436.9,0.0068061543,1490.2333864486468
437.0,0.0041383156,1749.2592272101992
437.1,0.0027230568,1725.827591052017
437.2,0.000107524356,9453.694069563924
437.3,0.0029073334,1405.913820976882
437.4,0.00036434204,8975.52417620271
437.5,0.022895902,1108.2273769508681
437.6,0.019703714,633.5300360601925
437.7,0.007035989,1132.2173512141048
437.8,0.0131940525,1160.718977996094
437.9,0.02279047,945.761362284939
438.0,0.010464289,1326.549596006764
438.1,0.010803024,807.635082248777
438.2,0.0032949625,1849.287612070544
438.3,0.0028589473,1787.8854565834993
438.4,0.0048757456,1080.6372090125926
438.5,0.0024263249,1224.9674386394504
438.6,0.00023924252,7247.636635390549
438.7,6.22577e-05,10640.056997197196
438.8,7.687262e-05,10513.4241046499
438.9,0.0001009108,9121.583368771517
439.0,0.00012655831,8508.90415114241
439.1,0.00014989209,7248.9393095808055
439.2,0.00029066138,6524.921107663104
439.3,0.00014896168,8268.328803546312
439.4,0.00011487894,9749.228046544282
439.5,9.262428e-05,11267.328655324065
439.6,0.0004804465,7117.405141630996
439.7,0.000199435,9602.768516014086
439.8,6.6170265e-05,11858.370858095122
439.9,5.23454e-05,12806.520562257136
440.0,0.006462282,1269.0025147990837
440.1,0.009740352,1147.1390071354213
440.2,0.008805807,1514.8150779531006
440.3,0.004713442,1723.8588516696664
440.4,0.003385377,1451.9022917667091
440.5,0.0004310116,5721.9894732791945
440.6,0.00029704598,7885.033201458362
440.7,0.00077793293,5634.869248429865
440.8,0.0044549084,1650.8509681671662
440.9,0.00807276,1231.153962795016
441.0,0.00012408302,9961.18242761824
441.1,9.155159e-05,11773.450844576742
441.2,0.00011107988,10652.66131829989
441.3,4.2970507e-05,13146.99236965194
441.4,8.392226e-05,11245.270084305133
441.5,6.984477e-05,11663.655225845956
441.6,7.944351e-05,10152.42563267671
441.7,0.016870352,1427.8519537551472
441.8,0.0083007105,1243.030955190875
441.9,0.0011049118,3679.7440831001254
442.0,0.0016375318,7276.699185406131
442.1,0.021662893,1269.0494602357371
442.2,0.01780188,873.2508853561565
442.3,0.015920596,1178.5126428579406
442.4,0.0013271223,7323.182552648461
442.5,0.0053050886,1770.251321095241
442.6,0.0041453345,1209.4281061809866
442.7,0.0050014327,1102.106278046887
442.8,0.0019677703,1409.0856077313206
442.9,0.00020586587,6458.28843695162
443.0,6.66019e-05,10241.592085125434
443.1,5.9490994e-05,11547.313086894832
443.2,5.1084033e-05,11869.38864403902
443.3,4.9915867e-05,12138.309414125784
443.4,0.0001385362,9435.598354567459
443.5,0.00019866692,9257.954368727922
443.6,0.00018230324,10360.04034042557
443.7,7.411119e-05,11389.761970588139
443.8,6.8938454e-05,11879.190471140035
443.9,4.5558758e-05,12657.104280076397
444.0,0.0024229425,4391.052859145663
444.1,0.01016001,1154.8593821691134
444.2,0.0007632722,6255.686773139885
444.3,0.0049043433,1668.3134944577187
444.4,0.0004110612,6364.222518289403
444.5,0.022263633,556.3235926990005
444.6,0.014260743,1617.7615262081026
444.7,0.001865178,2257.4732736510937
444.8,0.0057004737,1012.4935735571646
444.9,0.0029490823,1533.1967967703763
445.0,0.00030464245,5880.997934155559
445.1,5.7760877e-05,11471.027418338505
445.2,0.00037355235,5421.281217065769
445.3,5.9865462e-05,11446.806297862593
445.4,7.412452e-05,9851.92736305754
445.5,4.693405e-05,12618.59432032118
445.6,4.5115496e-05,12624.072118124326
445.7,5.0105224e-05,12385.113959546568
445.8,3.5490502e-05,13045.858866881688
445.9,0.0007762401,3413.2671915186847
446.0,0.0024427671,3125.609417917893
446.1,0.0012731599,3095.7161639862356
446.2,0.00026667505,4696.385847125364
446.3,0.00012126158,7419.120159164237
446.4,8.132295e-05,9538.9161554371
446.5,0.00011608929,10785.402390829347
446.6,6.0873208e-05,11745.414195860816
446.7,5.0992923e-05,12565.494932409658
446.8,3.664737e-05,13167.241753322245
446.9,4.3907658e-05,12436.511075741451
447.0,5.5441444e-05,10314.643210893844
447.1,7.432431e-05,9397.559847829158
447.2,9.018562e-05,8425.384495421924
447.3,8.88291e-05,8242.128327749815
447.4,5.7328893e-05,10393.115713544375
447.5,6.0353548e-05,11435.7557193579
447.6,4.5558798e-05,10979.902122447955
447.7,3.882589e-05,13425.42847846758
447.8,3.975649e-05,13563.008846838655
447.9,3.8074064e-05,13524.4516281262
448.0,5.632605e-05,11226.363458326232
448.1,4.3614178e-05,12763.897289771194
448.2,4.784196e-05,13428.082013316583
448.3,4.1278687e-05,11908.51983330026
448.4,9.9293255e-05,9686.282309316624
448.5,0.005972243,1325.3978248078688
448.6,0.010625361,977.2325158865277
448.7,0.0023825706,1595.0760071540362
448.8,7.696539e-05,11126.842674918747
448.9,6.10772e-05,12442.892904997607
449.0,7.121318e-05,10945.446554505907
449.1,0.00015924142,8075.045435664691
449.2,0.006431222,1128.9160005744802
449.3,0.0034231206,1364.060661529829
449.4,0.0050313743,1187.40491255713
449.5,0.00084380986,9395.949859776436
449.6,0.016952703,903.6770049030451
449.7,0.037662346,829.9013281551738
449.8,0.014452484,866.0120988961282
449.9,0.013071916,912.2016508962032
450.0,0.0009599422,9699.801521603895
450.1,0.019329812,955.9157973010706
450.2,0.0014432918,8526.88633712772
450.3,0.007660066,1117.6656876667907
450.4,0.0052348482,1107.4098350339518
450.5,7.158657e-05,11357.83941927616
450.6,0.0051637865,1208.8524719491434
450.7,6.551273e-05,11000.390008365413
450.8,4.358503e-05,12617.926324124026
450.9,0.0028589426,2759.151386280827
451.0,0.02824793,938.3337524283269
451.1,0.012127123,1861.325088682647
451.2,0.016938094,1607.4943805308255
451.3,0.001605737,6878.623112702318
451.4,0.006842979,1065.0455313574962
451.5,5.0516883e-05,12561.667999283827
451.6,3.5055895e-05,13182.988424940504
451.7,4.7863676e-05,13029.674072361075
451.8,0.005427738,1244.5126826393303
451.9,0.00040637143,9938.144577160201
452.0,0.0057400004,1041.9764245789045
452.1,5.5793178e-05,12631.02885718695
452.2,5.6979537e-05,12582.330483174146
452.3,4.508993e-05,13357.618089833551
452.4,5.329813e-05,12832.495148321272
452.5,4.007132e-05,13282.124077438168
452.6,6.6715336e-05,12547.573350054194
452.7,5.52792e-05,12373.201432311875
452.8,4.2239302e-05,13148.76401479404
452.9,4.3507982e-05,13869.845428524173
453.0,4.0320894e-05,13716.887563701264
453.1,4.6748053e-05,12982.724107439593
453.2,3.768303e-05,13860.428228490122
453.3,5.370246e-05,13223.712362264336
453.4,3.8189883e-05,13694.195537419047
453.5,4.3182394e-05,11122.253233538813
453.6,0.00011491156,12350.267282589044
453.7,4.8292444e-05,12787.02685090843
453.8,4.3903314e-05,13613.900134808546
453.9,3.7257516e-05,13602.859564066663
454.0,3.60203e-05,13636.630285099583
454.1,4.7967576e-05,13433.787755781112
454.2,4.0502502e-05,12294.685622120685
454.3,0.00012850433,7297.300547064608
454.4,5.385603e-05,12441.247462185544
454.5,4.4440312e-05,13238.551443201586
454.6,4.423623e-05,13584.912627931366
454.7,3.5390054e-05,13629.15705331608
454.8,3.402155e-05,13599.390196208105
454.9,6.233849e-05,12889.397748404377
455.0,4.392852e-05,13764.048272340047
455.1,3.7737274e-05,13788.46376205678
455.2,3.9486236e-05,13381.000233712628
455.3,3.5014098e-05,13559.776097343785
455.4,3.3211385e-05,13880.48581887743
455.5,4.0129835e-05,12629.050823999292
455.6,3.8285114e-05,13491.319896499956
455.7,0.0060093366,913.7651509939584
455.8,0.008348509,1033.8740768450734
455.9,0.015031793,938.6156709540709
456.0,0.0037560114,3116.698547109877
456.1,0.0069125453,1305.8488205092794
456.2,0.0006829721,8918.318256616672
456.3,0.008643811,1100.0148327912475
456.4,0.003411573,1715.5273341130767
456.5,0.0020879474,6405.860555804125
456.6,0.0014406834,1865.4567148130284
456.7,0.00015405408,8066.911680832554
456.8,0.00013502353,8964.113472991727
456.9,8.4952044e-05,10646.737869260207
457.0,9.805486e-05,10283.24763274874
457.1,5.277718e-05,11881.644787854826
457.2,0.0001013735,11566.37092147841
457.3,3.4035846e-05,14015.409544809329
457.4,3.963511e-05,14472.1626640158
457.5,3.1129774e-05,14224.993680935457
457.6,3.669566e-05,13776.31695751836
457.7,3.9946368e-05,13669.16227674929
457.8,5.894069e-05,13161.04873686436
457.9,4.456144e-05,13862.22612216018
458.0,4.118903e-05,13685.037749388002
458.1,3.9687413e-05,13258.128625908541
458.2,4.015985e-05,13323.180042052229
458.3,4.4110115e-05,12982.462598240318
458.4,4.630818e-05,12117.966703376285
458.5,6.012998e-05,11311.85548409613
458.6,6.21958e-05,10876.601279308445
458.7,7.007206e-05,10555.570016811387
458.8,5.6010776e-05,10755.932644710285
458.9,5.5824927e-05,10916.114439355055
459.0,4.8448823e-05,11410.72131906091
459.1,4.107554e-05,12284.5778934564
459.2,5.0966813e-05,12198.080393399528
459.3,5.129208e-05,11636.2223675403
459.4,0.0037012491,1870.6418315879755
459.5,0.009752474,1365.104969517838
459.6,0.01122206,1261.900565332036
459.7,0.017177867,1182.6941018737161
459.8,0.009705875,1218.2167467586955
459.9,0.007121378,1014.891934569472
460.0,0.0059012864,1098.1842871912609
460.1,0.00151351,1765.3768976641172
460.2,0.000108255736,8910.407976073231
460.3,5.123997e-05,10893.064205584902
460.4,6.1890976e-05,12081.079378923194
460.5,0.00034273,7012.3032991670725
460.6,7.8787256e-05,11779.986926435911
460.7,4.568059e-05,13082.662585751195
460.8,4.279429e-05,13168.109132565192
460.9,0.00032759458,5996.942166783412
461.0,8.351036e-05,9573.044389161752
461.1,0.011702896,1334.5522166388691
461.2,0.030592352,1203.1789153035813
461.3,0.0090404805,1400.7227246336172
461.4,0.005257639,1970.3011493126007
461.5,0.000104708146,9324.959086730347
461.6,8.006252e-05,9277.230892663312
461.7,5.7941914e-05,10440.807779815827
461.8,6.2884006e-05,10239.995467568697
461.9,4.1079973e-05,12295.135454944273
462.0,0.008634666,1162.6943867707446
462.1,0.0013100012,3811.3655530783035
462.2,0.040198036,1096.8412652815202
462.3,0.023155276,1227.6418027018449
462.4,0.011938754,2001.1631284476614
462.5,0.0010583897,3572.1809710996695
462.6,0.03289614,958.5267444912449
462.7,0.0016461913,5851.3860491607775
462.8,0.025521455,1301.9847053162596
462.9,0.02143913,1147.2402922514568
463.0,0.017423922,1070.169353775656
463.1,0.009990899,2469.029000696597
463.2,0.019410718,1170.5296023876049
463.3,0.017878877,1010.0047893201205
463.4,0.0037053837,2260.275239201837
463.5,0.011081805,1465.1128189339443
463.6,0.004910574,2811.0009468174653
463.7,0.0013004568,4793.327336126041
463.8,0.003351849,2751.7200759414704
463.9,0.001156038,8583.07023330716
464.0,0.004109255,1840.1867340290717
464.1,0.0028562534,2109.45678705896
464.2,0.00018865435,7453.699157441378
464.3,0.0063331407,1111.6295000913485
464.4,0.021993635,1064.8542648519226
464.5,0.0354474,1043.878077938401
464.6,0.02346593,1005.1556801625904
464.7,0.02019236,938.7658810916951
464.8,0.012735845,1163.1300897027686
464.9,0.0010208845,5837.371148763716
465.0,0.009133928,1244.6706515012297
465.1,0.0060867756,4425.299799228305
465.2,0.0008130634,3876.3932721796264
465.3,0.00013882596,7413.7726455687425
465.4,5.8776517e-05,10203.834921578476
465.5,6.889277e-05,10442.203936164291
465.6,0.0040966906,3386.0460902053724
465.7,0.021358056,978.9496540196714
465.8,0.0012242136,3841.2214883237184
465.9,0.006139523,1296.080184286609
466.0,0.0005378426,4462.46354852999
466.1,0.000106262494,9236.821056587232
466.2,5.8384834e-05,10932.119372041674
466.3,6.442171e-05,11447.47910970655
466.4,6.370094e-05,10471.052635373304
466.5,0.000102681166,9084.848701699144
466.6,7.371658e-05,9983.348243119948
466.7,6.392703e-05,9933.82327749424
466.8,0.0001148352,8056.020124645072
466.9,6.191932e-05,10706.43988300236
467.0,5.6827637e-05,11434.409560112386
467.1,7.536032e-05,10173.166775989814
467.2,7.180441e-05,10665.696517095796
467.3,4.964943e-05,12106.893584487641
467.4,7.9268495e-05,9489.124988018986
467.5,5.285206e-05,10227.310237765394
467.6,5.191648e-05,11215.941425887806
467.7,6.829366e-05,10271.893331334268
467.8,4.6850844e-05,11584.512021029823
467.9,5.2670894e-05,11267.963935601983
468.0,4.878551e-05,12292.702555686305
468.1,6.439094e-05,11843.116416219886
468.2,0.00010609775,11698.784075056865
468.3,8.932121e-05,11249.994871470122
468.4,7.192924e-05,11783.648990178037
468.5,0.012577881,1108.1187597186918
468.6,0.014437326,1006.271698289115
468.7,0.0008367072,9190.365572706974
468.8,0.012295955,1234.8406305112542
468.9,0.0016943831,3087.514089771339
469.0,0.0029887662,1534.4473200958992
469.1,0.003242822,1415.5216243156533
469.2,0.0005564518,3111.631023837948
469.3,0.0013329843,2979.7073227434385
469.4,0.0031724991,2347.1941176876
469.5,0.001285562,4646.58536316179
469.6,0.0003053416,6385.051551700968
469.7,0.00032139468,6320.081809411306
469.8,0.00065622665,5055.572251748074
469.9,0.0035376167,3023.580321421782
470.0,0.0022880782,3079.47382862503
470.1,0.0012432052,4296.408814840632
470.2,0.0020428211,4663.801299204299
470.3,0.004106085,3496.175160126136
470.4,0.0030146542,5553.598141732451
470.5,0.0014826816,4927.427488505416
470.6,0.0011503444,3633.999890639231
470.7,0.0031725282,2217.2579705487487
470.8,0.00016767024,6813.625954851219
470.9,0.000114872106,7817.523665036713
471.0,0.00012985799,8224.00318457008
471.1,0.00019896061,5431.784555238607
471.2,0.00016335378,8036.230723171315
471.3,0.00018543618,8121.077355685912
471.4,7.822285e-05,10200.78130978284
471.5,6.234507e-05,11747.26962462332
471.6,5.4167285e-05,12227.073456619124
471.7,5.0773324e-05,12988.086691864368
471.8,9.809456e-05,11175.571518387766
471.9,0.00045943653,5533.071350496428
472.0,0.00013690964,9227.317632918464
472.1,6.2607345e-05,12747.01263590336
472.2,5.8310343e-05,12294.220589197977
472.3,5.1973126e-05,12866.303056543096
472.4,6.499529e-05,12739.600618388407
472.5,4.467222e-05,13487.33502841405
472.6,3.73863e-05,13420.278679053752
472.7,4.107644e-05,13403.388406020369
472.8,4.2518066e-05,13578.471356567163
472.9,3.4426474e-05,13783.10734970188
473.0,4.090654e-05,13284.826262541472
473.1,4.483726e-05,13702.256626045184
473.2,6.7568726e-05,12492.48943610138
473.3,4.5647972e-05,13265.819629553305
473.4,5.090313e-05,13355.074519187136
473.5,3.590791e-05,13900.53707731802
473.6,6.7838366e-05,11844.472629049178
473.7,4.6810394e-05,12613.016320289305
473.8,5.8348214e-05,12679.945630835342
473.9,5.0462095e-05,12902.964930004542
474.0,4.7650574e-05,12624.063944241725
474.1,3.927328e-05,13671.143106919686
474.2,3.9052407e-05,13505.47544349517
474.3,4.7990852e-05,13146.526384864048
474.4,3.26555e-05,14357.360755376136
474.5,3.936311e-05,13747.419148062276
474.6,7.2505245e-05,12085.421709805685
474.7,4.1256597e-05,13448.270036350848
474.8,3.3598903e-05,14000.123766606492
474.9,0.0001727723,10746.113471692206
475.0,0.00023104198,10166.722677980602
475.1,0.012386073,849.7325026594842
475.2,0.007269979,1034.0582416135126
475.3,0.005637895,1114.691287242012
475.4,0.005301096,1124.6406643784806
475.5,0.0045262454,1269.400053992195
475.6,0.00012028272,8954.759443890523
475.7,7.7452125e-05,11375.468476923743
475.8,4.1273426e-05,13383.039476751697
475.9,5.002896e-05,12757.181294491162
476.0,3.8655555e-05,13925.441802546202
476.1,3.369675e-05,13789.550618811945
476.2,4.9202004e-05,11619.038828445668
476.3,6.465494e-05,10345.606625295844
476.4,7.854794e-05,10439.738482525287
476.5,7.979627e-05,9198.588660172943
476.6,6.4105654e-05,10541.920387535549
476.7,6.020819e-05,11100.937031693034
476.8,9.35629e-05,10460.477594301574
476.9,5.985697e-05,13129.455164964966
477.0,0.00010213763,9896.140681083794
477.1,3.8228212e-05,13708.45106939018
477.2,3.6174657e-05,13701.970760660699
477.3,4.168831e-05,12833.846540295424
477.4,3.5089837e-05,14212.957751121372
477.5,4.3663582e-05,12942.676469748421
477.6,4.0256447e-05,13511.522842376908
477.7,4.8590035e-05,12208.581282932359
477.8,0.0047005154,1103.8331573635032
477.9,0.030052863,975.499268136318
478.0,0.0022433507,6448.7848957108945
478.1,0.030889664,1353.1788920898578
478.2,0.027392894,682.5753798364264
478.3,0.0003642091,8861.639056135615
478.4,0.01758132,1160.7154204695846
478.5,0.015914056,1040.411632872817
478.6,0.006076285,940.637098645488
478.7,0.022352675,989.2217871977782
478.8,0.008626748,1795.9695564095987
478.9,0.024473626,1217.6881670793273
479.0,0.03350548,1059.495130850503
479.1,0.02271937,640.3847008117677
479.2,0.010881699,1123.834498474288
479.3,0.0071791937,1234.0089433918938
479.4,0.0007861842,3568.074472229931
479.5,8.290604e-05,11484.715991697705
479.6,0.008723193,1880.8228609641596
479.7,0.0061923047,1277.1322563818508
479.8,0.0068778032,1048.8170206430007
479.9,0.0054584127,1088.365739873323
480.0,0.00052501814,4665.390081510793
480.1,0.0075146486,1303.3078733009163
480.2,0.004957459,1235.6831331008564
480.3,0.0060268454,1339.4571725673609
480.4,0.003732632,1396.1876098212977
480.5,0.0012589677,2108.780654063513
480.6,5.1531664e-05,11789.019409466408
480.7,3.479292e-05,13389.349796375483
480.8,0.00026572408,4442.638072933129
480.9,0.00079895,8605.867265241699
481.0,0.013871451,991.1242147019377
481.1,0.0013840919,2457.8959521622073
481.2,0.00027873274,11671.770650868551
481.3,0.0013349579,2877.196199386107
481.4,0.0062217633,1233.0119253476096
481.5,0.0054004905,1272.110227604256
481.6,0.005661887,1133.205044603626
481.7,0.002124821,1500.2773943549503
481.8,0.00022012484,7565.893388047236
481.9,3.6768728e-05,13392.312089636134
482.0,4.3146436e-05,13589.51604416316
482.1,5.715362e-05,12960.315907178903
482.2,4.2717886e-05,13928.62769877378
482.3,3.5532445e-05,13713.051795381802
482.4,3.9138988e-05,13391.216935655342
482.5,3.402649e-05,13295.639058405699
482.6,6.240729e-05,10105.050257303104
482.7,8.6948334e-05,8553.809743556216
482.8,8.3132014e-05,8973.447030829248
482.9,0.005312019,1133.1229292824432
483.0,0.0026857744,1603.1663357598038
483.1,0.00022831632,7102.9937777204705
483.2,0.0066141244,1539.4808139117943
483.3,0.006320853,1034.5454614325397
483.4,0.00031678635,5905.939957173303
483.5,0.00023741352,7217.600875575734
483.6,0.00016809924,8072.300795265533
483.7,0.00034394412,7167.25889402678
483.8,0.00021514403,6834.9406786513855
483.9,0.0021617357,3171.60660403195
484.0,0.0007746867,4462.599276066607
484.1,0.0038212293,1477.0175909161196
484.2,0.0035876476,1860.684542697335
484.3,0.0022124976,1968.3465847936025
484.4,0.0032200462,1714.2632372530145
484.5,0.0029384594,1968.1836991036903
484.6,0.00010625946,8163.974511306691
484.7,0.0001188262,8419.477476999447
484.8,0.0073835645,2731.849379283405
484.9,0.012037588,1090.6376321375487
485.0,0.013018739,847.7973803311434
485.1,0.0059689386,951.8350124894201
485.2,0.006033495,1113.9890222733407
485.3,0.0011749775,2853.4609657463116
485.4,0.00013499924,9117.997427116308
485.5,0.00010703568,9337.617834892255
485.6,0.00018342333,7320.79864247558
485.7,0.00068859843,5549.305281609946
485.8,7.6907745e-05,9642.247637303
485.9,5.6278863e-05,10495.784947348768
486.0,4.19686e-05,11538.414194685898
486.1,0.0039521526,1049.249992204695
486.2,0.00074582756,7561.177975658296
486.3,0.003238827,1338.286765059503
486.4,0.0004466843,4111.1012323515715
486.5,0.00010105931,9215.239343753921
486.6,0.0021507475,2016.9836602494904
486.7,0.0005051171,4919.828155476111
486.8,0.00010437059,8476.366674403373
486.9,0.0045124386,998.1226405973089
487.0,0.000985799,3141.5526637667313
487.1,0.012130863,1053.567960582221
487.2,0.000400786,6125.71902118039
487.3,0.009174242,1153.007747750955
487.4,0.024562843,1081.6253461610374
487.5,0.029220298,1089.9483490469852
487.6,0.019603835,655.0787842962214
487.7,0.03193636,1128.7694997819644
487.8,0.024645194,800.121135594856
487.9,0.0035270357,1393.3412579775534
488.0,0.0029490578,1484.6590259008874
488.1,0.0046880273,1390.5921073714571
488.2,0.0025472417,1375.6005281442035
488.3,0.00026080827,7124.753377332794
488.4,0.009432927,865.9108165886873
488.5,0.00088657305,4442.713402388123
488.6,0.0011561696,7338.829491811728
488.7,0.025348179,1049.477730123173
488.8,0.02653227,1184.6059258845166
488.9,0.00025459187,6838.83870426363
489.0,0.0054085907,1584.4344767570133
489.1,0.00044272584,7777.8435571517975
489.2,0.0021427213,2400.2965626618006
489.3,0.00018988142,8087.330650373644
489.4,0.0005042084,6926.133381637641
489.5,0.0021292546,1869.6624440530022
489.6,0.0010217153,3286.9519965026084
489.7,0.0003575972,8033.004496304066
489.8,0.012236861,1359.1245838993846
489.9,0.0130312685,1044.4076871991274
490.0,0.017293772,1070.375311731318
490.1,0.0034184565,2546.0230925963892
490.2,0.0037992506,1353.3922305458973
490.3,0.0030513003,1378.2482934637842
490.4,0.0027196181,1758.6260574866374
490.5,0.0015241023,2841.1482869250303
490.6,0.002107923,1506.1019376211993
490.7,0.0009284442,4868.327786027251
490.8,0.002128168,1686.481515955517
490.9,0.0016785339,2209.750236998556
491.0,0.00029335052,7447.568180641598
491.1,9.723135e-05,9165.36840946901
491.2,0.00014568606,7641.258783684862
491.3,8.926198e-05,8255.639997980537
491.4,8.096024e-05,8927.82960280688
491.5,8.387036e-05,8781.40384007952
491.6,8.2506114e-05,8739.481236091478
491.7,8.467908e-05,8130.015002410517
491.8,8.726761e-05,8946.072595008744
491.9,8.415299e-05,8776.830465946474
492.0,0.0001026234,8019.897501121896
492.1,9.938694e-05,9243.16763170313
492.2,6.153875e-05,10765.487134773855
492.3,4.958532e-05,11902.641420913467
492.4,0.008221002,915.7539094269182
492.5,0.0036908449,1963.1731933599426
492.6,0.00022504761,9557.965433522213
492.7,0.029967342,1067.6734312328726
492.8,0.016294615,1351.243166101379
492.9,0.004088577,1421.4418030187926
493.0,0.00010050463,9504.156629827421
493.1,8.6500586e-05,11129.46962557801
493.2,0.00011095182,9278.486961021883
493.3,0.0004245405,9132.908221549285
493.4,0.012027881,1029.160772453265
493.5,0.008262563,1081.9518788083972
493.6,0.0040123593,1359.2250661077542
493.7,0.0017631256,2251.417916769853
493.8,0.00023409145,7523.464715235293
493.9,4.5232264e-05,12735.348790723123
494.0,4.8042144e-05,12054.28773817296
494.1,3.7616173e-05,13085.189487260097
494.2,5.6053985e-05,12002.725022175377
494.3,3.4762088e-05,13438.807389971658
494.4,4.571656e-05,12130.599757491509
494.5,7.893946e-05,12715.370034228612
494.6,0.0019213287,1532.8044055691605
494.7,0.00040601392,8593.661711435303
494.8,0.023192415,1139.611063884932
494.9,0.02702644,1279.081428849858
495.0,0.026445258,1024.0435207685696
495.1,0.010485396,1679.0765951921971
495.2,0.025758194,1066.379341363878
495.3,0.030314757,1071.3779791763468
495.4,0.0130730495,1798.902428932423
495.5,0.00047324903,9151.80081608871
495.6,0.0048700254,4569.22742171038
495.7,0.0013916282,5213.586544374955
495.8,0.027336659,1094.8103053295931
495.9,0.024191778,1160.6156366450243
496.0,0.025388278,1080.3243405863502
496.1,0.015304716,1275.1900861406245
496.2,0.006176139,1478.05239833522
496.3,0.00088133215,3434.4007173857776
496.4,9.225457e-05,9222.493533991184
496.5,6.179585e-05,10847.556851741556
496.6,0.00018491158,8089.992884147791
496.7,5.6705394e-05,11616.141334112968
496.8,5.7347213e-05,12336.677901642346
496.9,4.9776387e-05,11361.178122233865
497.0,8.782913e-05,9532.803881178637
497.1,6.450245e-05,10274.066182576904
497.2,8.502112e-05,10241.044702667266
497.3,6.504262e-05,10265.915078480277
497.4,5.3203596e-05,10882.148067295235
497.5,4.857112e-05,11114.084382735344
497.6,5.811866e-05,11153.372069825167
497.7,4.9885355e-05,11690.681073496677
497.8,4.3321248e-05,12519.570659811932
497.9,5.0937553e-05,10788.090224174937
498.0,6.221181e-05,9862.189457090046
498.1,5.8086014e-05,10701.394783773396
498.2,4.724558e-05,12385.63735705683
498.3,5.3178916e-05,11940.891300364045
498.4,0.0048636496,1614.9837217800248
498.5,0.0041347547,1661.50356959567
498.6,0.003276042,1268.0528815563753
498.7,0.0016348587,2293.437632108615
498.8,0.00033944918,9261.348186907753
498.9,0.0010935732,2562.3789598230715
499.0,8.997221e-05,10030.901081067597
499.1,3.563722e-05,13114.830654641451
499.2,4.2283915e-05,12442.158859333802
499.3,4.2147756e-05,12302.914078459778
499.4,0.00021459365,6567.451213020292
499.5,0.0039283605,2121.4979385984893
499.6,0.00700327,1543.4253939699952
499.7,0.005770941,2949.6819633444793
499.8,0.0115812,2094.5361236081117
499.9,0.059585024,1152.9377356771379
500.0,0.050143797,1159.2366156068267
500.1,0.04518526,830.8713891750051
500.2,0.02784178,1112.7996854663982
500.3,0.0069705704,1777.6692405553868
500.4,0.0057633594,2986.5169012401084
500.5,0.002998387,4181.204717391054
500.6,0.0022782164,4999.745482450791
500.7,0.0004440981,5475.4342653454205
500.8,0.0028997432,2789.448302127866
500.9,0.0018324741,3790.617870076922
501.0,0.0020577034,3249.7471875274396
501.1,0.0005436272,4040.4955207143626
501.2,0.00061421015,3549.0171517635877
501.3,0.00013436314,7606.349915548379
501.4,0.033009417,1106.4902383226042
501.5,0.012022262,1206.7710403866877
501.6,0.017123336,897.7951448554638
501.7,0.019890202,840.0735924905171
501.8,0.027831322,952.1060867208621
501.9,0.016065037,871.7157433516176
502.0,0.0021231829,5107.724594900769
502.1,0.0036528278,3059.168447060937
502.2,0.0038032173,1426.8038568528318
502.3,0.003812549,1444.8227787078488
502.4,0.0013526534,2952.1029922845087
502.5,0.00095606653,3559.342755690828
502.6,0.0059577683,1143.489931342408
502.7,0.0023775164,2486.183573629333
502.8,0.022748256,1093.5744105160404
502.9,0.010743789,1178.9412382112178
503.0,0.0012313284,1670.4781943065736
503.1,0.0040318803,1323.1363219823274
503.2,0.0007349306,7986.906370564732
503.3,0.005274113,1271.752308809992
503.4,0.002884079,1539.0649741720904
503.5,0.0017329118,2485.727812828159
503.6,0.00068211375,6177.816061945691
503.7,0.00076855446,5648.402428247778
503.8,0.00023049301,6921.895562690765
503.9,0.00015622971,8572.998270818232
504.0,0.0002674554,4612.616955309037
504.1,0.00023786302,7549.906921119714
504.2,0.00016227734,7044.859796310007
504.3,8.483322e-05,8604.567444295611
504.4,8.3380735e-05,9691.282544632557
504.5,5.220019e-05,11629.938298337678
504.6,4.529275e-05,12310.307759525742
504.7,4.392686e-05,12857.898229880419
504.8,0.00012430752,8286.088717820889
504.9,6.969659e-05,10396.297868978721
505.0,6.193427e-05,11269.787855543975
505.1,0.0001510782,7998.881843758369
505.2,5.8534675e-05,11327.115335427392
505.3,7.743455e-05,9753.791550394653
505.4,0.00013148732,6640.312066109672
505.5,5.2269497e-05,10371.770470260928
505.6,5.854463e-05,11621.800466531198
505.7,5.7522702e-05,11179.605272813249
505.8,3.745244e-05,13157.015583186963
505.9,4.2436517e-05,12193.24964479074
506.0,9.4481984e-05,11642.051203929937
506.1,4.506735e-05,12565.706911072482
506.2,5.183196e-05,12563.668889268598
506.3,4.4877183e-05,12910.039868925083
506.4,4.1296935e-05,12256.22292724131
506.5,7.260339e-05,11470.007186277868
506.6,0.00023635519,7277.375177347381
506.7,7.1324044e-05,10733.886945253582
506.8,5.078303e-05,11898.675762419316
506.9,3.1990145e-05,14011.68078913757
507.0,4.0519248e-05,13338.74508420719
507.1,6.1251354e-05,11132.729911180932
507.2,3.93427e-05,13677.02329236856
507.3,5.027399e-05,13094.277942247556
507.4,4.9115573e-05,12995.265607355599
507.5,4.0179082e-05,13344.613192394034
507.6,5.7526642e-05,11008.802721916993
507.7,6.740165e-05,9688.120817216997
507.8,6.524974e-05,10186.753940310653
507.9,4.2740667e-05,11685.127686000256
508.0,6.58934e-05,10234.222146065335
508.1,5.0355044e-05,11125.895947875064
508.2,5.2140396e-05,12001.282363763296
508.3,0.00922226,1006.2924441594952
508.4,0.012518206,777.5054421074516
508.5,0.036362156,1387.7431352088684
508.6,0.017759124,1654.4241079141332
508.7,0.028101502,1058.2060644230457
508.8,0.019316135,1108.9570995244378
508.9,0.011492494,1263.8457328221766
509.0,0.0005869429,9909.842081098901
509.1,0.012659836,1209.4028353796684
509.2,0.040366624,1161.9526529078237
509.3,0.026509607,1289.1356578225561
509.4,0.019515792,1252.5329054183828
509.5,0.010087495,1241.0678453151065
509.6,0.00014349022,9039.089250676581
509.7,3.754161e-05,12925.58424486502
509.8,6.0474882e-05,11221.50107180525
509.9,8.7617045e-05,9361.354788115434
510.0,5.7134683e-05,11024.488153003887
510.1,7.904169e-05,10282.059104315671
510.2,0.0065843253,1296.093527534657
510.3,0.005215971,1291.4695851900503
510.4,0.0041093356,1273.2524249266248
510.5,0.0016307571,1585.864907318677
510.6,8.050138e-05,10728.464429849226
510.7,4.708282e-05,11923.16822684272
510.8,4.0783132e-05,12497.556970063159
510.9,0.0008537625,6952.834689975944
511.0,0.02074379,1120.2404540050657
511.1,0.006468247,1246.8436737878435
511.2,0.0024741977,1698.4963532803777
511.3,0.0063741943,8074.535052872832
511.4,0.02077787,1194.4041443285114
511.5,0.022588897,1304.0726093902686
511.6,0.010628268,1412.659754679818
511.7,0.010467795,1756.3556414602372
511.8,0.023292134,1095.9957694579846
511.9,0.005967923,1493.6795421877118
512.0,0.0002534244,7339.099491206298
512.1,0.013343798,2044.799352556199
512.2,0.00061134977,4651.247329163723
512.3,8.182652e-05,9712.828996274267
512.4,0.015443592,1096.0002666393484
512.5,0.007063389,1394.7280983896792
512.6,0.0049657053,1223.2966867610653
512.7,0.00014842732,8371.003791250587
512.8,0.00031410332,8555.361699041321
512.9,0.02845174,1304.253052305237
513.0,0.025852222,1136.5847187202637
513.1,0.013528324,3218.8774674034626
513.2,0.016827853,1575.8113737970198
513.3,0.018523438,1169.6203561878838
513.4,0.0053816414,4237.022524740183
513.5,0.0029850283,8795.132829737604
513.6,0.010966393,1132.1820688218995
513.7,0.013848921,1057.657678026838
513.8,0.0059170295,1175.4593279921082
513.9,0.0075022476,1082.2593790107044
514.0,0.0002036712,8112.63604685378
514.1,0.0038319372,1325.9266065455204
514.2,0.0028378998,1428.913085202101
514.3,0.0023978846,1681.1829652409392
514.4,0.005131402,1090.2493662584209
514.5,0.005232796,979.085573323201
514.6,0.0024563565,1445.8173721692224
514.7,0.0001220008,9240.620994233992
514.8,8.4761086e-05,11197.940027767509
514.9,0.00026479622,6817.518082789026
515.0,0.00010247898,8491.256160868887
515.1,0.00011769141,7674.046568295524
515.2,0.00011478919,7577.9020401274975
515.3,9.66731e-05,8762.059845428055
515.4,8.022985e-05,9561.238269416477
515.5,0.0014855101,6289.825720696172
515.6,0.028604351,1154.1932620048165
515.7,0.023044245,800.4350436396326
515.8,0.01374983,1117.9355383829607
515.9,0.0306893,1031.2226240314174
516.0,0.0013325436,2828.094033985295
516.1,0.035264175,927.2365550592826
516.2,0.0011599245,3309.5437270677694
516.3,0.008585391,1115.0959160332088
516.4,0.016277775,1088.6305271895442
516.5,0.00886083,1163.0403761323134
516.6,0.0013900388,1587.8717046767292
516.7,5.8688915e-05,10617.736845255578
516.8,8.2019105e-05,11324.194105255032
516.9,6.178657e-05,11783.523816518398
517.0,4.88344e-05,11864.845291452028
517.1,4.9631202e-05,11400.566251026006
517.2,0.0014760486,3508.2461197521443
517.3,0.003046882,2621.1475569238587
517.4,0.0024922804,2165.0647025226917
517.5,0.0018345359,2333.0685988499126
517.6,6.0688963e-05,10532.443797553924
517.7,0.00018178113,6315.6195608830785
517.8,0.00045576142,3829.47502462579
517.9,0.0003868622,3868.2510883513432
518.0,0.00025827475,5295.336860013806
518.1,0.00021452647,5339.541274848486
518.2,0.000109705245,7907.652824818949
518.3,8.768246e-05,8719.634403925156
518.4,6.271128e-05,11595.952340525924
518.5,0.0010095512,5729.372557796709
518.6,0.0064361957,1102.4353009956158
518.7,0.00065311004,5977.10362264084
518.8,0.014576166,1132.9518495720877
518.9,0.0016969478,3653.3384309170815
519.0,0.001551008,3089.599334472261
519.1,0.0155689,1542.7994196144368
519.2,0.02442262,1162.2761243265022
519.3,0.016824167,2156.081853878576
519.4,0.009267395,4064.449786924335
519.5,0.03205185,1025.7244894487742
519.6,0.0124341985,921.4183352907587
519.7,0.0006683298,7864.411249760578
519.8,0.0065497383,1279.612642388427
519.9,0.0044822204,1095.087398672135
520.0,0.0014779278,1694.4453794695605
520.1,0.0011191061,2358.798225226215
520.2,0.00016763086,8616.885636232553
520.3,6.2957755e-05,10622.279780944054
520.4,4.4292163e-05,12688.526423411216
520.5,4.244798e-05,12039.263608887313
520.6,3.964354e-05,12579.162505714308
520.7,0.00029873842,7065.65934621657
520.8,9.483739e-05,10635.944265835535
520.9,6.222013e-05,11108.707751067956
521.0,3.4818124e-05,13348.780684518766
521.1,0.00015184055,10057.37196221346
521.2,0.00015927738,10645.434207110624
521.3,0.00010278475,10988.62836390851
521.4,5.882363e-05,12094.003128561439
521.5,6.104537e-05,11583.584621626771
521.6,4.2995733e-05,12877.854976848226
521.7,5.6628924e-05,12215.242125616129
521.8,5.0073417e-05,12662.694543850846
521.9,3.354044e-05,13917.78562949201
522.0,3.3552926e-05,13494.839036648535
522.1,5.2996726e-05,12927.921468960098
522.2,0.010081231,913.6469784995725
522.3,0.00041009334,5476.342116245434
522.4,0.010103791,1116.16388069345
522.5,0.0010031597,2489.4673789796298
522.6,4.505289e-05,12322.037951824008
522.7,4.5259756e-05,12458.380196810296
522.8,6.776687e-05,12872.859325744981
522.9,4.645923e-05,13929.15630631667
523.0,9.551963e-05,11359.815006043318
523.1,4.189897e-05,13270.859448937199
523.2,4.7901245e-05,13248.976281969477
523.3,5.349111e-05,12401.447291705445
523.4,0.00010459772,10814.372825700018
523.5,5.4929787e-05,10766.174961721787
523.6,4.5958644e-05,12003.638970911865
523.7,5.3240732e-05,12792.025880370826
523.8,4.103762e-05,12810.274923599138
523.9,0.023950106,1143.6468785964894
524.0,0.010158813,1383.4989505990939
524.1,0.030750271,941.6071442083426
524.2,0.031869832,1217.714326014252
524.3,0.063574634,940.7844874613108
524.4,0.012645068,1301.8296947422991
524.5,0.0015529029,6587.724035996602
524.6,0.00019133561,9930.354521994499
524.7,0.030110724,1090.6860602327665
524.8,0.015805108,1469.5703836756
524.9,0.0074025933,1331.1095511315382
525.0,0.0037085656,1175.1750897530615
525.1,0.021552848,874.6928444689911
525.2,0.014085774,1836.049565923254
525.3,0.019388832,802.4776723569457
525.4,0.011033762,1707.74438807846
525.5,0.0016809766,6463.385303277988
525.6,0.011055865,1466.7254134903123
525.7,0.00089889363,5230.7882102295625
525.8,0.008643696,1396.290319618533
525.9,0.0067388956,1176.497485404747
526.0,0.0014110026,2389.6794372213317
526.1,0.00011201862,10171.002566157029
526.2,4.3273747e-05,12267.914381055134
526.3,0.00016453993,9695.984242232575
526.4,6.718656e-05,11639.831833888977
526.5,6.1074075e-05,12160.807256105443
526.6,0.00013716723,9833.337275719443
526.7,4.3896005e-05,13182.403960626076
526.8,4.7039903e-05,12821.064662197527
526.9,6.055283e-05,13256.636877542149
527.0,4.575051e-05,12806.230794428096
527.1,3.7750855e-05,13844.853026618317
527.2,5.00828e-05,11353.225007779052
527.3,6.501158e-05,11580.093238649994
527.4,3.8523984e-05,13591.432509207281
527.5,4.6685327e-05,12830.642930701117
527.6,5.008943e-05,13021.366770906021
527.7,3.3214077e-05,13976.276204668296
527.8,9.855153e-05,8796.408672560374
527.9,6.3563784e-05,11951.515934832898
528.0,0.00034863775,7778.233447492621
528.1,8.7570086e-05,11309.070270255104
528.2,0.00018535939,10168.069225920908
528.3,0.00013050679,11401.49937305425
528.4,6.957938e-05,11942.466129794042
528.5,4.3062144e-05,13032.840049077407
528.6,5.5708206e-05,12924.585376705892
528.7,5.08873e-05,13285.813603410397
528.8,9.119788e-05,10271.128624916124
528.9,0.0025698503,2191.5070460569677
529.0,0.0035668071,1912.228920658933
529.1,0.000995416,2773.321398804735
529.2,0.00051341136,3745.2315297822097
529.3,0.00028065432,5080.91269844807
529.4,0.00020684292,6153.628523207533
529.5,0.0001690603,6488.774332110453
529.6,9.972758e-05,8100.070967298607
529.7,6.9565445e-05,9867.0729993932
529.8,5.1996303e-05,11790.404837903126
529.9,0.0001046321,8443.660423529507
530.0,9.8193006e-05,8049.354334429466
530.1,8.184117e-05,9194.924884934891
530.2,4.6751346e-05,12474.310133431814
530.3,4.282114e-05,13452.310599054641
530.4,5.743355e-05,12080.580318642944
530.5,5.8412326e-05,11708.877886441158
530.6,5.3835764e-05,12089.22200869415
530.7,6.136659e-05,11876.183115198543
530.8,4.744713e-05,12589.564033864996
530.9,4.923453e-05,12783.628461962073
531.0,3.6939506e-05,14015.679083605648
531.1,4.708313e-05,12833.12675444413
531.2,5.3329128e-05,13335.103804960001
531.3,3.6574227e-05,14432.674140485587
531.4,3.6099187e-05,14053.457499810798
531.5,7.463068e-05,12476.87046409277
531.6,4.264405e-05,13207.464538818498
531.7,0.00026265145,9713.593656292262
531.8,0.00044987057,5631.0080922692405
531.9,9.425598e-05,9475.85503301846
532.0,0.006064074,972.8405968980801
532.1,0.0093396865,814.9110831408866
532.2,0.005482615,1044.6921620795729
532.3,0.002900704,1441.4012532871698
532.4,0.00055292394,3872.7210152123243
532.5,4.363073e-05,13398.46123489636
532.6,4.2995413e-05,13372.42887724004
532.7,4.0156145e-05,13221.64619426195
532.8,3.4460005e-05,13600.574493132228
532.9,3.894001e-05,13565.830340738208
533.0,4.4472647e-05,13173.05047992592
533.1,3.6723468e-05,14137.555045440222
533.2,4.634833e-05,13834.337605141796
533.3,3.554382e-05,13794.695680863528
533.4,3.227587e-05,13876.598615861447
533.5,3.699117e-05,13848.49053633215
533.6,3.680171e-05,14033.052965824283
533.7,3.677319e-05,13892.139567749025
533.8,4.54104e-05,13273.870434020764
533.9,4.5665925e-05,13235.781169944801
534.0,3.158694e-05,13987.612774590076
534.1,4.494421e-05,12921.089465516474
534.2,3.8769394e-05,13949.012868855278
534.3,6.439953e-05,12438.070328271295
534.4,4.3060845e-05,13677.937604955334
534.5,3.6356138e-05,13115.962226679118
534.6,4.7514197e-05,11948.056898084316
534.7,4.5312332e-05,11850.26695271558
534.8,4.1233594e-05,13055.795744780427
534.9,4.0601655e-05,12454.333484676525
535.0,4.297324e-05,12909.899255532793
535.1,4.0234172e-05,12882.890566867422
535.2,4.6175286e-05,12555.009726009615
535.3,0.0062140087,1006.006056285325
535.4,0.012731385,1050.7393961000005
535.5,0.007836161,1163.7897911344614
535.6,0.0009288191,9086.822801780607
535.7,0.026552659,1442.1478029740742
535.8,0.012808876,1343.8716273408756
535.9,0.033516843,1140.7223611348736
536.0,0.0033355502,4471.752940203366
536.1,0.013963954,1337.9830183195095
536.2,0.0062169624,1351.455565320176
536.3,0.005415896,1162.8092256822965
536.4,0.0037616368,1151.06637348717
536.5,0.0038053321,1318.3072670643483
536.6,0.00790746,1047.2328309917557
536.7,0.0037132537,2052.813715785513
536.8,0.020416824,2089.0180572744066
536.9,0.0008726099,4666.4568698798375
537.0,0.00030025686,5804.750893670502
537.1,0.00039709048,4703.817719652591
537.2,0.0011406486,3445.9889743646527
537.3,0.030625245,1282.979681079651
537.4,0.0037009746,2487.0220837453517
537.5,0.048685692,1267.4337807938032
537.6,0.0031852194,8236.72274990052
537.7,0.018627087,2011.971013124718
537.8,0.020653773,2482.980533298194
537.9,0.002086095,7191.526717065287
538.0,0.02196337,6035.282976009953
538.1,0.04630793,1186.6759683296348
538.2,0.006635491,3759.820477703613
538.3,0.0041780025,2026.0470228098427
538.4,0.006927716,2980.6980313645417
538.5,0.0030373253,3719.0746823549516
538.6,0.0010200713,5483.768052465464
538.7,0.0007077746,5753.19108721554
538.8,0.0005311583,5896.383908256173
538.9,0.0007629,5485.109937712352
539.0,0.017629046,1292.3901656274825
539.1,0.0046041496,2709.8038510893903
539.2,0.0017023638,7906.720686008795
539.3,0.018214062,1183.4836715471044
539.4,0.0036162771,1513.777635695914
539.5,0.00013151171,8489.263653145144
539.6,0.00016590756,7403.96551482003
539.7,0.00071780616,3518.287764553822
539.8,0.015390555,2557.74665020494
539.9,0.008408539,6820.707252725356
540.0,0.029082304,1400.1060999377491
540.1,0.03520679,1181.3081220237782
540.2,0.012724239,2763.558093510465
540.3,0.044134695,1214.1664203366743
540.4,0.04377759,1166.0766061413194
540.5,0.0011337921,4425.469633451684
540.6,0.012348933,990.8741022670185
540.7,0.0009321627,8360.666038138483
540.8,0.01496495,1146.347183855184
540.9,0.007838237,1208.8714737935145
541.0,0.0010612336,3191.898831538861
541.1,0.00037450137,4417.341161771419
541.2,0.0005297978,3749.752714400739
541.3,0.00039216995,9169.322106964422
541.4,0.027905224,1156.1939885535626
541.5,0.026883122,1356.4800999409972
541.6,0.038814537,1203.3722768640778
541.7,0.04040739,1174.6202805135335
541.8,0.015590311,1466.1786292379636
541.9,0.017856283,1483.5471918135306
542.0,0.018170234,1228.4246297289942
542.1,0.0022922019,2458.637544231987
542.2,4.5399644e-05,11264.06326567992
542.3,5.829732e-05,10977.927727651435
542.4,5.6599503e-05,11392.436098314018
542.5,5.5114382e-05,10887.702821247785
542.6,0.015075269,1279.6815655248893
542.7,0.0025521424,2035.978939060394
542.8,0.0061832555,1296.2089983211358
542.9,0.0042889058,1200.4696240665423
543.0,0.006140823,1016.4445865688236
543.1,0.0001415852,9671.089809432317
543.2,3.5230038e-05,13123.819814110931
543.3,3.826568e-05,12898.579679710878
543.4,4.119133e-05,11847.803992646288
543.5,4.4351647e-05,11853.75140752543
543.6,4.1998934e-05,12723.23610213799
543.7,3.8022976e-05,12703.13101603034
543.8,4.14859e-05,12995.550605128074
543.9,4.2249194e-05,12124.020983499719
544.0,0.013351072,1542.2862735774402
544.1,0.03273961,1386.9319984382523
544.2,0.01866629,915.8766164530882
544.3,0.021978185,642.2583971987965
544.4,0.026061682,823.8279583511993
544.5,0.021095673,2195.5256946616328
544.6,0.0016240181,4635.496900355192
544.7,0.0004295566,4602.598459387985
544.8,0.023762777,786.8723240151288
544.9,0.030777574,1076.536424622395
545.0,0.0024751804,2676.2532763200647
545.1,5.260849e-05,11724.478439170867
545.2,5.3538275e-05,11858.656710934909
545.3,7.539878e-05,10772.742461178608
545.4,3.551492e-05,13756.583332580249
545.5,3.8372968e-05,13466.398358271597
545.6,4.2759468e-05,11783.091165509148
545.7,4.6768793e-05,12182.027231464219
545.8,5.0468294e-05,12752.420682007141
545.9,4.3658813e-05,12408.085450529712
546.0,3.792293e-05,13181.900919873513
546.1,4.43557e-05,11897.077206693148
546.2,4.1416337e-05,12592.040815464201
546.3,4.4037333e-05,12881.579994122107
546.4,5.8112997e-05,10871.309947755988
546.5,4.597773e-05,11105.424545868886
546.6,0.022130905,1318.277642768737
546.7,0.02164351,1561.3136506067935
546.8,0.02524437,1527.7145357492363
546.9,0.00080822513,4816.351838390126
547.0,0.0010139792,3793.5035571147037
547.1,0.00067929964,9400.336382806163
547.2,0.0022552877,3109.3575404814296
547.3,6.562058e-05,10960.562410216538
547.4,4.918072e-05,11684.5790226794
547.5,4.90041e-05,11118.251107972952
547.6,7.49461e-05,11353.130920148458
547.7,4.0418683e-05,12280.940973879042
547.8,3.9981955e-05,13557.739468320533
547.9,5.511707e-05,10432.60089147495
548.0,5.4035267e-05,10654.85742234106
548.1,5.3407646e-05,10357.080542678772
548.2,4.9869886e-05,10685.013790009009
548.3,7.0268004e-05,9139.724636326671
548.4,8.023942e-05,9774.162911808873
548.5,0.00013285215,6897.277847674148
548.6,6.662393e-05,9300.639879856775
548.7,7.358167e-05,8520.648708291319
548.8,5.2566134e-05,10555.372470884635
548.9,0.00015577067,6750.8304869197245
549.0,0.00056396774,5847.816099159019
549.1,0.018194865,1350.1910415500292
549.2,0.015557339,1081.4026322482134
549.3,0.0022919741,2952.4107946339627
549.4,0.010874728,5057.0051083907965
549.5,0.0025023278,8701.104182477906
549.6,0.024754502,1249.9913868593549
549.7,0.0035884678,2127.425547338374
549.8,0.02591389,1197.789781588699
549.9,0.0021522536,2959.539497094292
550.0,0.003600046,10463.630879479513
550.1,0.010828024,1435.4325946226786
550.2,0.0141681405,1218.1009643814546
550.3,0.014690613,1013.5296506015536
550.4,0.004523113,1201.459277379703
550.5,0.004622258,1507.5427689571902
550.6,0.0007585162,8013.69904312412
550.7,0.002815554,1602.1483980076816
550.8,7.2077186e-05,9265.528164265874
550.9,6.226896e-05,10001.237194346188
551.0,0.00010730348,8079.690994811144
551.1,8.511365e-05,9289.805503448604
551.2,5.89263e-05,10533.673154928309
551.3,5.2841588e-05,11202.23611084075
551.4,5.853995e-05,10381.290734167935
551.5,7.402178e-05,10477.14116764304
551.6,6.011006e-05,10526.564252759512
551.7,8.385872e-05,10407.242327876362
551.8,4.5918794e-05,12372.804194340419
551.9,4.21148e-05,11857.613046932413
552.0,4.2503892e-05,12567.624371550453
552.1,5.5824272e-05,12674.659331414461
552.2,4.325121e-05,13021.400125713511
552.3,3.517479e-05,13756.965717948375
552.4,4.771757e-05,13057.945440713707
552.5,3.5163757e-05,13797.506102070685
552.6,0.00012691713,8956.125848082705
552.7,0.00021380978,8538.857743110213
552.8,9.6421754e-05,10448.80590998099
552.9,3.8548507e-05,13843.687171503872
553.0,3.4405315e-05,13666.564595737129
553.1,3.3535496e-05,13738.62771156383
553.2,5.4734843e-05,11201.98374744318
553.3,5.7042977e-05,12891.359431695748
553.4,4.9535414e-05,12932.142412037221
553.5,3.5636145e-05,13433.263034884192
553.6,3.5716792e-05,14280.9789940529
553.7,9.6453754e-05,12244.025050946704
553.8,5.147135e-05,12688.565516428425
553.9,4.8390648e-05,12839.558597351854
554.0,4.90731e-05,13506.067704335523
554.1,3.204818e-05,14466.06928807114
554.2,3.6820682e-05,13620.509590603719
554.3,5.702497e-05,12725.570453324493
554.4,4.21548e-05,13431.186509771524
554.5,5.1096755e-05,12386.956442758361
554.6,5.459833e-05,12003.000050872111
554.7,4.305593e-05,13336.566757651042
554.8,9.472634e-05,11479.035190654202
554.9,5.0256458e-05,12742.494064380673
555.0,7.504415e-05,11901.842308018444
555.1,5.8497182e-05,11345.741934489439
555.2,4.5768888e-05,11750.447331051786
555.3,6.0013343e-05,10938.069788490167
555.4,4.6999085e-05,11054.027552633897
555.5,0.00011522981,9747.079753117247
555.6,6.962378e-05,9325.79746622217
555.7,5.8733352e-05,10174.862280698391
555.8,5.3166863e-05,10433.592601138756
555.9,5.481707e-05,11394.603502814192
556.0,0.0027793676,1375.4520961650824
556.1,0.011665862,1084.4124858505832
556.2,0.0111309085,1252.2385449459944
556.3,0.012247968,1144.5475079094904
556.4,0.000119619646,8939.904821273587
556.5,9.1455804e-05,10657.466655690312
556.6,5.8862744e-05,12185.001852484504
556.7,4.1560008e-05,12313.857455010875
556.8,5.086245e-05,12415.316863631191
556.9,0.00015262676,10215.427885918956
557.0,7.2828705e-05,12151.174568489865
557.1,4.2599808e-05,13145.833929050852
557.2,3.705198e-05,13882.966299710859
557.3,3.9153838e-05,13975.23427939833
557.4,3.493341e-05,13626.244335098845
557.5,4.382941e-05,13302.653419839913
557.6,3.923722e-05,13515.984827384045
557.7,3.977335e-05,13449.871393571499
557.8,3.9628227e-05,13812.428612397583
557.9,3.6687332e-05,13875.481137850373
558.0,3.7038557e-05,13877.574958265513
558.1,4.189823e-05,13343.838050987742
558.2,6.189302e-05,12901.65933743532
558.3,3.75691e-05,13775.535612283662
558.4,3.2587966e-05,14265.213229813227
558.5,3.0992378e-05,13956.276519342711
558.6,8.962283e-05,8959.833721685867
558.7,0.00092826725,2613.066336394667
558.8,0.0039004611,3755.466795722093
558.9,0.0065093045,1632.539458634354
559.0,0.012326274,1722.063245770194
559.1,0.0017952591,2707.2030185634476
559.2,0.06488268,952.1151311448182
559.3,0.0012224097,3097.6938892006538
559.4,0.0068646553,4404.8805931797615
559.5,0.017979575,1102.3761983227187
559.6,0.010337621,1957.7406222783686
559.7,0.012066395,1157.311081807622
559.8,0.0073101097,2073.430644990651
559.9,0.012631468,1025.412505053774
560.0,0.0014134115,6461.120509460307
560.1,0.0069571743,1188.2758385237526
560.2,0.004737966,1204.6228260614082
560.3,0.0067280517,1106.7835672524086
560.4,0.0041902727,1289.100043270174
560.5,0.00085982366,3672.3607274084566
560.6,0.00017301302,6907.4159546918
560.7,0.00021591982,7092.316776364087
560.8,0.00034431313,4762.258824797712
560.9,0.0006681322,3738.113556982576
561.0,0.00050605997,4000.8928404160924
561.1,0.0003732857,4566.83300591072
561.2,0.00020684194,9614.658970533526
561.3,0.008627347,3996.561713174824
561.4,0.04211974,751.5213997917377
561.5,0.06997884,1346.327962160578
561.6,0.017625889,1660.5502153652224
561.7,0.030293789,1058.2879117746606
561.8,0.036393344,1186.4825365003635
561.9,0.01950153,1111.2150803894867
562.0,0.025998924,1496.5365739641275
562.1,0.012957043,1350.6455969614722
562.2,0.008757036,1716.1748251761412
562.3,0.014229813,950.8983202539376
562.4,0.024609925,866.9070586895432
562.5,0.016300227,1045.259923031997
562.6,0.0015683244,2542.9006247396337
562.7,9.2111455e-05,8451.790855186118
562.8,6.963484e-05,9249.065377819847
562.9,0.013660969,1112.1049901089295
563.0,0.0064068404,1678.0952537983599
563.1,0.0025447642,1476.2072926828603
563.2,6.3336105e-05,10292.31980592423
563.3,4.728506e-05,11365.010466848882
563.4,5.328032e-05,11313.368542737197
563.5,0.0003698612,6823.167317212963
563.6,0.00010251334,8569.411299176772
563.7,7.56534e-05,9603.403297099761
563.8,3.9866907e-05,12642.469426281054
563.9,4.311948e-05,12075.931926750229
564.0,5.0667208e-05,12371.872443492208
564.1,5.6957713e-05,12194.83236373621
564.2,5.8056794e-05,10376.158896236519
564.3,7.115466e-05,9277.329721529853
564.4,5.4562708e-05,11024.827668248348
564.5,8.80909e-05,9619.07014075392
564.6,0.00022641076,8269.036310476153
564.7,6.733862e-05,11025.672392016362
564.8,5.9166567e-05,10101.661118287167
564.9,0.048005752,866.6287248968943
565.0,0.009485016,2199.9678205161836
565.1,0.0018215486,7262.696499793037
565.2,0.01907344,1203.530643812184
565.3,0.0059804986,1031.4229407371283
565.4,0.004267797,1226.4882837212062
565.5,0.0016525453,4677.348626922352
565.6,0.013782271,939.3582744175674
565.7,0.005861628,1075.8163516130357
565.8,0.00037217993,6802.748315818207
565.9,6.671291e-05,11118.822752646822
566.0,0.00018315532,6417.3918020265755
566.1,0.0001329171,6853.7208399484225
566.2,8.688756e-05,10346.949593926694
566.3,9.284298e-05,8411.490690742432
566.4,9.349925e-05,8778.99051454574
566.5,3.9817878e-05,12621.275881367266
566.6,3.941702e-05,12781.622128642155
566.7,4.1458214e-05,13735.657672751915
566.8,5.2726264e-05,12637.502478775175
566.9,4.4494103e-05,13525.245774626655
567.0,4.0519393e-05,13036.833834121608
567.1,0.00022916384,4947.827369273831
567.2,0.00019509767,5454.372100879638
567.3,0.00012539029,7472.803414188221
567.4,6.174563e-05,9955.1143867821
567.5,5.9812246e-05,10740.44097030965
567.6,3.8003996e-05,12836.92086182728
567.7,4.2013475e-05,13053.729382593829
567.8,4.104787e-05,12655.188654160753
567.9,4.016802e-05,12916.829990553906
568.0,5.628422e-05,13174.073660627555
568.1,4.5059045e-05,13645.791625258611
568.2,3.4898258e-05,13770.948311462562
568.3,4.2145686e-05,13465.428304647075
568.4,3.561827e-05,13682.741807755945
568.5,4.653029e-05,11797.920351081317
568.6,7.111039e-05,10158.277227211585
568.7,5.354988e-05,10665.639815402497
568.8,3.757832e-05,13015.986050895606
568.9,3.323028e-05,14007.108087082826
569.0,5.521188e-05,13002.601336007261
569.1,8.921789e-05,11701.305545963321
569.2,0.00011254691,10626.653201270827
569.3,3.6152218e-05,13761.859086454975
569.4,3.4403536e-05,13626.142178181126
569.5,4.2208398e-05,13620.598893548788
569.6,5.3689535e-05,13171.017099830065
569.7,3.6461854e-05,13473.5021694992
569.8,3.6074984e-05,13852.984003743173
569.9,3.6061894e-05,14273.946646034006
570.0,3.7656566e-05,13272.774197839597
570.1,5.83223e-05,11841.641078782686
570.2,0.0027229893,1655.8838716485357
570.3,0.00494592,1365.3974910254492
570.4,0.0010726416,4200.094589405254
570.5,0.014168619,1993.4757859162335
570.6,0.0011547252,8667.87736339775
570.7,0.024702711,1577.720451807918
570.8,0.000269529,9369.84970610807
570.9,0.032661963,1163.0197856291716
571.0,0.014341376,1034.6115650065597
571.1,0.013777664,723.2703187681553
571.2,0.008949594,1125.4573140501325
571.3,0.00685151,942.0354268979461
571.4,0.0009814573,3701.244944537095
571.5,6.231387e-05,10242.566498336584
571.6,0.00020318567,9059.753090026134
571.7,0.02414028,1083.0493375544086
571.8,0.013298289,959.0433019753037
571.9,0.0062135635,2530.2866654223235
572.0,0.00035915748,7991.483096090462
572.1,0.015057787,1067.22671697079
572.2,0.0069189933,1241.708002437883
572.3,0.009729015,1028.5449132183237
572.4,0.00056315254,9523.628049128745
572.5,0.025560461,1154.8985546757958
572.6,0.008277899,1656.616305117403
572.7,0.002089536,3766.571772558109
572.8,0.006062901,2605.848614191304
572.9,0.019992825,1110.750279223195
573.0,0.01721687,1233.0986370405662
573.1,0.020436013,1359.3471985371775
573.2,0.006226672,1914.6137371248492
573.3,0.011776026,1579.9887893997484
573.4,0.013850361,1320.1297996914495
573.5,0.0013383466,3224.385080718072
573.6,0.000418066,6808.866934605689
573.7,0.0011325763,4407.775142367256
573.8,0.0023464707,3628.490196730189
573.9,0.0010015737,4814.670692907526
574.0,0.0049029374,1576.6291579703911
574.1,0.007520433,1883.9534728000942
574.2,0.0039110966,1610.0271191801587
574.3,0.0058902316,1247.0103922849153
574.4,0.0090671815,1431.4416118146855
574.5,0.015585436,1316.6039124816793
574.6,0.028522972,1567.351261482484
574.7,0.03496761,1275.778785608212
574.8,0.015817521,1287.5093877679296
574.9,0.008037221,1450.0340988306884
575.0,0.0041050324,1853.7898598426245
575.1,0.0002383852,6836.345763461168
575.2,0.016192885,1009.9589844861514
575.3,0.023049546,1166.2866258593504
575.4,0.0070336736,1198.7001857798082
575.5,0.0062814555,4768.535194152342
575.6,0.013718395,1143.694661063972
575.7,0.013604852,1064.76142471619
575.8,0.015832685,1112.4202018169087
575.9,0.007864003,1051.9873290147443
576.0,0.004692013,1644.94466592469
576.1,0.0066040657,942.3905494253866
576.2,0.0077037234,1174.7031294087406
576.3,0.0078056683,1084.035630244879
576.4,0.00037111843,5677.751231695836
576.5,0.0036570071,1620.847324468203
576.6,0.007827089,1133.7764066910204
576.7,0.004258401,1339.0121911168258
576.8,0.0005189207,9260.111497033726
576.9,0.006957926,1253.221280915678
577.0,0.005701452,1336.8406580597264
577.1,0.004197108,1248.7925151000252
577.2,0.00022317805,6327.669282340679
577.3,0.001562115,4509.451180998525
577.4,0.0116807,841.90654449884
577.5,0.010192209,1112.821560774707
577.6,0.019839477,1455.0771045603083
577.7,0.007666778,1240.3927664991875
577.8,0.0077481577,1217.7906441237933
577.9,0.007366887,1067.3631782846842
578.0,0.0053141243,2996.833180359239
578.1,0.0009300942,4564.855452389611
578.2,0.008593773,1127.5727594421385
578.3,0.005505434,1235.7797535702844
578.4,0.011295538,1072.090506975688
578.5,0.005427464,1363.0545107249663
578.6,0.0019213358,1565.9823150103575
578.7,7.98393e-05,9639.510851171799
578.8,6.070715e-05,10044.559970152877
578.9,4.8299993e-05,12001.646513675865
579.0,4.8597652e-05,11870.02084926769
579.1,0.007582052,1183.7552111201244
579.2,0.0003791225,6962.369625926414
579.3,0.007848707,1276.0358316720328
579.4,0.0008894943,6836.061259098315
579.5,0.0074220933,1210.9704819869298
579.6,0.0028087476,3309.1784993195433
579.7,0.0033538633,1312.0131073640096
579.8,0.005961087,1328.28629799128
579.9,0.007006504,1123.2343788273572
580.0,7.3690855e-05,9121.647469005866
580.1,0.00018037148,5725.591360151648
580.2,0.00027952556,4717.329382687737
580.3,0.00024048658,5165.395097839898
580.4,0.00019224742,5554.461198550761
580.5,0.00019717345,5620.294510637152
580.6,0.00015051858,7032.143406182783
580.7,9.974899e-05,7920.190364941391
580.8,0.0001893044,6504.416632618707
580.9,0.007543354,919.3705043655918
581.0,0.00041868942,9336.192744283751
581.1,0.009456026,1309.2760249187681
581.2,0.00031037477,7150.573350125925
581.3,0.004241096,2155.1001216382774
581.4,0.00681084,1101.5340133314505
581.5,0.005340957,1082.3215178486112
581.6,0.0043241526,1249.7441357874343
581.7,0.0022105577,1612.9721541777487
581.8,0.00082259584,4642.381389795599
581.9,5.3361033e-05,11815.990904001666
582.0,5.8617767e-05,11671.300573337134
582.1,6.206546e-05,11382.003962707402
582.2,4.106642e-05,12425.81193625412
582.3,3.3254364e-05,14210.856635147025
582.4,4.0551073e-05,13748.457792118545
582.5,5.867314e-05,13209.055665342006
582.6,0.0003858844,6891.483495560764
582.7,0.012850491,941.355048431765
582.8,0.00015620232,9682.25724085923
582.9,0.0055754073,1282.5909203389115
583.0,0.005133589,1098.0029385106684
583.1,8.868248e-05,11222.150612299729
583.2,5.3730804e-05,12455.08035953263
583.3,0.00012131542,7880.901457786898
583.4,9.6682095e-05,8469.05303204636
583.5,0.00019639402,6070.594467561023
583.6,0.0003130206,6404.38373538683
583.7,0.000585576,5178.852471522767
583.8,0.0006036215,4840.827554766676
583.9,0.0006481265,5811.346792245899
584.0,0.010682839,1938.983390722922
584.1,0.0028268525,4436.894819742523
584.2,0.007564876,3350.4662111610915
584.3,0.0010713967,5205.337453132316
584.4,0.0007520606,5254.31389803574
584.5,0.0006535679,5391.534594097142
584.6,0.007014012,1566.1509052459264
584.7,0.0074252374,1698.988471092015
584.8,0.005933648,1729.9919058527848
584.9,0.00020824085,7887.106681440911
585.0,0.010583751,2942.440054003033
585.1,0.0041556936,7134.468243867723
585.2,0.012874743,2009.1754134852504
585.3,0.000110340385,9007.268439946514
585.4,0.029652376,1090.5028034080667
585.5,0.016233878,1144.1539334435997
585.6,0.012047214,1161.8882250036918
585.7,0.006132416,1000.9763549892457
585.8,0.0004981181,5681.793255221195
585.9,0.004340143,2071.8020655226114
586.0,0.0042773783,1709.5562659618045
586.1,5.939579e-05,10276.867531413685
586.2,0.00488478,1550.019662657995
586.3,0.0006708734,4486.972149415265
586.4,0.005957307,1160.439082345448
586.5,0.0037816262,1151.6359075257724
586.6,0.00084986904,3217.2891597334683
586.7,4.2569493e-05,12800.453662150061
586.8,4.198233e-05,12885.96043883277
586.9,4.477064e-05,12695.301214183375
587.0,3.9109837e-05,13212.902812721764
587.1,3.691815e-05,13117.543150342444
587.2,3.444321e-05,13631.12408359703
587.3,3.333021e-05,14196.776269601385
587.4,3.7022743e-05,14006.582806526496
587.5,5.1604933e-05,12791.517568082552
587.6,4.09046e-05,12944.563139118742
587.7,0.0058194115,1332.5767756687537
587.8,0.011885245,815.9475435226802
587.9,0.010781984,1061.5427358025818
588.0,0.0103805885,1055.1238695296265
588.1,0.013495106,1013.4275834011248
588.2,0.011417648,1252.9996879658488
588.3,0.012455652,1180.4582102504392
588.4,0.011973487,1136.288379897639
588.5,0.010438235,1212.1044552751387
588.6,0.0005721145,4522.071061541233
588.7,5.6941804e-05,10091.380755364753
588.8,5.5892084e-05,10288.179098868512
588.9,5.656751e-05,10101.905352274698
589.0,5.6392346e-05,10379.986903002873
589.1,6.577452e-05,9869.088102359143
589.2,9.8757446e-05,8325.092460647496
589.3,0.014316221,1176.1614794784218
589.4,0.0011144462,9013.826009504577
589.5,0.0012625422,6205.583891867235
589.6,0.005972266,4667.663154009862
589.7,0.014312963,1106.2731033723844
589.8,0.011390041,1308.768403601201
589.9,0.0070025595,1280.5659278712924
590.0,0.003649829,1661.7345593652271
590.1,0.011477822,964.7903685051147
590.2,0.010280886,1116.979305947135
590.3,0.006712847,1370.301387507929
590.4,0.003142652,1432.3001970463329
590.5,0.0031398693,1636.2727411478982
590.6,0.003357716,1375.819953140739
590.7,0.0002096796,8073.952984357675
590.8,5.2479732e-05,11241.507260175817
590.9,6.525897e-05,10907.598146544666
591.0,4.643456e-05,11462.787104800327
591.1,4.5982822e-05,11534.862282040764
591.2,0.00013544547,8635.242664031111
591.3,0.03607853,1152.40009830138
591.4,0.0071781175,1833.303580631174
591.5,0.025207112,1331.764576200756
591.6,0.026027426,1268.5271881933868
591.7,0.0016745853,7767.608018248843
591.8,0.033395965,1170.9207574347013
591.9,0.027220396,1162.9362764569748
592.0,0.014585589,1192.3967672404845
592.1,0.0012068851,2849.6455433972724
592.2,0.00021173393,5078.105883971737
592.3,0.00018892228,5567.8999540023
592.4,6.5932676e-05,11500.175985587433
592.5,0.010511701,1047.4079735639057
592.6,0.006654539,983.6292500115611
592.7,0.007017161,1068.0933231805882
592.8,0.006909981,1083.589886932781
592.9,0.005258951,1145.023627926866
593.0,0.0039106477,1287.8625299877351
593.1,6.9700385e-05,11047.146535356263
593.2,3.9390026e-05,13405.582300380673
593.3,3.9465882e-05,13116.262870980408
593.4,4.7976962e-05,13620.215322082968
593.5,4.4597287e-05,12795.386954833702
593.6,4.0728042e-05,13177.14506866315
593.7,4.7903428e-05,13472.742440013795
593.8,4.6846955e-05,13076.552054865346
593.9,5.5668814e-05,12081.537047054895
594.0,4.5769222e-05,12854.956172858225
594.1,3.345729e-05,13743.571020735782
594.2,3.420782e-05,14145.509379695683
594.3,0.00011369483,9543.339928385805
594.4,8.737442e-05,9509.29042362803
594.5,6.682216e-05,11796.050933733099
594.6,3.7155834e-05,13046.200702400767
594.7,3.7273017e-05,13701.693275008325
594.8,4.6063473e-05,11681.059784067622
594.9,4.8322094e-05,12638.18138344513
595.0,4.4024127e-05,12141.55558232079
595.1,4.141069e-05,12210.470569290095
595.2,3.6233072e-05,13110.069397514435
595.3,4.1213774e-05,13257.657080084242
595.4,4.4745197e-05,13618.976903688457
595.5,0.008307706,1193.4652531848812
595.6,0.015436083,1004.5932857599454
595.7,0.007813723,1085.984889189544
595.8,0.0064653414,1103.0918881680022
595.9,0.0025389898,1739.4014281508312
596.0,0.0029859482,3469.784437233684
596.1,0.00014847988,7209.895417764933
596.2,0.0004519321,5864.503026757532
596.3,0.0005600269,6593.855263936339
596.4,0.0007025033,5765.288844688201
596.5,0.00012519446,8269.885753034217
596.6,0.00013902297,9753.21345702551
596.7,6.611936e-05,11068.958677302951
596.8,5.2260253e-05,11126.188504313275
596.9,0.00022922816,8947.350666462087
597.0,0.0008563741,5063.801073988899
597.1,0.00015817954,7893.60152658142
597.2,0.00015175794,7965.121857257365
597.3,0.002156586,7720.988414722156
597.4,0.009655212,4349.828370502712
597.5,0.00028652092,6588.438456492015
597.6,0.00016772038,7391.705077440405
597.7,0.00010852416,8595.582798791313
597.8,4.2119857e-05,13039.934920250276
597.9,3.489426e-05,13742.142444125782
598.0,5.3677268e-05,13423.443080815432
598.1,3.6053207e-05,13679.988657245261
598.2,6.3573105e-05,12363.292308472068
598.3,5.4443124e-05,13112.913078341337
598.4,5.386177e-05,13525.886092173394
598.5,3.714256e-05,13536.80829415515
598.6,4.4213273e-05,11949.16643613422
598.7,0.035823777,1218.8786444359785
598.8,0.057203952,1288.7041608377997
598.9,0.014459052,1132.3651266842135
599.0,0.011533933,1041.6504456124499
599.1,0.0049538407,1391.1836606684924
599.2,0.006994767,1326.4150147617731
599.3,0.001910524,1929.6607451040834
599.4,0.001968503,2019.9546397560616
599.5,0.012435089,1154.7333480737875
599.6,0.004964746,1411.6880480288537
599.7,0.0022563895,2919.3861590343886
599.8,0.00063869846,8933.558346272206
599.9,0.004616083,1516.2720678225783
600.0,0.0027803392,1669.4586436598283
600.1,0.00038501472,5269.536091305046
600.2,6.331122e-05,9905.153190971787
600.3,5.2007108e-05,11971.406324148487
600.4,6.293508e-05,12440.317584265216
600.5,4.681429e-05,13014.087288897117
600.6,3.4313867e-05,13211.209124005003
600.7,4.204352e-05,12641.005642229045
600.8,3.9017123e-05,12665.38306306688
600.9,4.348382e-05,12494.829037624924
601.0,5.225264e-05,12093.975896704222
601.1,4.8029036e-05,12586.527187001735
601.2,4.536702e-05,12029.929130387885
601.3,4.0553085e-05,12024.009255871704
601.4,3.74352e-05,13458.256531234752
601.5,7.625559e-05,11818.164630447698
601.6,7.957698e-05,9687.048544835006
601.7,0.019297283,1060.9318647318105
601.8,0.0011604199,7362.164433063157
601.9,0.012955575,1116.4489284738056
602.0,0.0022458003,7516.544770175976
602.1,0.024091214,1383.9360084867085
602.2,0.020672776,1049.8779506956926
602.3,0.0031434253,1918.5764202517853
602.4,0.0052404334,1389.9272697279166
602.5,0.0048096017,1453.127522839572
602.6,0.010271234,1207.8474201110953
602.7,0.0014646258,4828.516444725024
602.8,0.015267845,824.6169122205172
602.9,0.018168313,999.4969707516063
603.0,0.015762474,1078.1578307534878
603.1,0.02198075,929.6092130968183
603.2,0.006886726,1144.7812520296925
603.3,0.008198153,1400.8569771352022
603.4,0.003628951,1778.2597705551984
603.5,0.0030685512,1778.7578812321626
603.6,0.0017710129,2694.749294936907
603.7,0.00080190797,3824.244794334355
603.8,7.933816e-05,8961.451193327997
603.9,9.155173e-05,8705.320030474113
604.0,5.920707e-05,10473.50379972356
604.1,8.092545e-05,10284.775154272931
604.2,4.866468e-05,11628.636719475879
604.3,4.2622243e-05,11900.677917356432
604.4,3.9502676e-05,12946.325759863867
604.5,3.9753926e-05,13270.833932470552
604.6,3.9622115e-05,12519.936657249942
604.7,5.3413896e-05,11054.91219768291
604.8,5.5476234e-05,10350.64480925061
604.9,6.588876e-05,9483.677109977776
605.0,5.7662244e-05,10908.129895469727
605.1,3.820308e-05,13297.599366983946
605.2,3.7043217e-05,13548.360118187018
605.3,4.470779e-05,12589.376926886189
605.4,5.5317647e-05,11951.687314428
605.5,6.960398e-05,12033.013035221955
605.6,4.0653704e-05,12651.578241254258
605.7,3.9138293e-05,13232.200617539278
605.8,4.6821162e-05,13739.109074950335
605.9,3.6992955e-05,13276.886977382019
606.0,3.727235e-05,13389.897648296625
606.1,3.664037e-05,13891.917117734565
606.2,6.363019e-05,11221.981994460464
606.3,0.000114057635,8176.720821731451
606.4,0.00015678206,8932.901067941202
606.5,5.458866e-05,11591.357191674831
606.6,0.00036156853,5371.823217050164
606.7,0.0006444524,3406.429627777861
606.8,0.00015748142,7656.066325214994
606.9,0.00029903033,5539.837476065117
607.0,0.00014071897,9063.658779728157
607.1,0.0005660991,7992.727780136833
607.2,0.00013625977,8190.928948889066
607.3,0.00029926735,6114.324072322972
607.4,0.0027840594,1957.0153021271963
607.5,0.00016381926,6890.809402815023
607.6,0.00035082136,5597.3447123497235
607.7,0.00019211706,6620.369806395843
607.8,0.00030143352,4403.299917947788
607.9,0.00089900044,4722.502889101321
608.0,0.00027697455,5842.978128237433
608.1,0.00021606774,5534.613426600188
608.2,0.000102753635,8334.927792946402
608.3,0.00014126232,7618.264807153736
608.4,0.00016835722,7019.27219735873
608.5,0.00021653794,6765.961836885325
608.6,0.00035785127,6464.477320586941
608.7,0.00015887096,7624.747714753945
608.8,0.003240795,5701.449389563276
608.9,0.0008486869,3582.0140156630487
609.0,0.00060654,3980.9627055020937
609.1,0.00075215875,3687.2137705672985
609.2,0.00061326614,3851.738805668745
609.3,0.00046890083,4530.723876310056
609.4,0.0006650525,4671.865865144241
609.5,0.0012857073,3300.323581270918
609.6,0.0013129007,3119.071437619331
609.7,0.0024835048,3196.239808428885
609.8,0.0007982955,3397.389199462088
609.9,0.00016615703,8209.296313245559
610.0,0.00014513737,7964.580109440818
610.1,3.4041223e-05,13800.252887674218
610.2,4.5371726e-05,12865.135398227052
610.3,3.6753387e-05,14088.890215790656
610.4,3.1880074e-05,14571.106865789432
610.5,3.785825e-05,13562.448886707954
610.6,3.9746938e-05,14090.754441371642
610.7,3.5772875e-05,13899.021981807464
610.8,3.6768375e-05,13736.127712613636
610.9,4.0046747e-05,13664.733222312314
611.0,4.4029133e-05,13318.383439302967
611.1,3.800078e-05,13818.484422827894
611.2,3.5958394e-05,13791.819855038242
611.3,4.056407e-05,14182.533334180875
611.4,3.772027e-05,13903.05290361522
611.5,4.1675547e-05,12302.993569823457
611.6,0.003120297,1276.5475977201932
611.7,0.0063402154,1426.9714599609813
611.8,0.013799528,1079.690353553576
611.9,0.010232608,1305.6991503141883
612.0,0.009933856,1382.9257876376068
612.1,0.011532899,1445.1104472772945
612.2,0.010991396,1364.9876250429131
612.3,0.010219725,1360.8373981611649
612.4,0.0010690411,2889.882769296806
612.5,5.448081e-05,11662.405765369414
612.6,6.151867e-05,10789.498148611387
612.7,7.658737e-05,9319.281256244167
612.8,6.948401e-05,10350.273936462854
612.9,6.109201e-05,10824.902600069281
613.0,5.2398078e-05,11561.855451573563
613.1,4.403674e-05,12150.5199244814
613.2,4.414494e-05,13337.617342654079
613.3,0.00029916965,8416.622827660303
613.4,0.0005558169,5321.16652700293
613.5,0.0056356876,1043.5731791171477
613.6,0.0013928474,3232.753825905309
613.7,0.015256738,1029.336094606495
613.8,0.0105204005,1125.938219628961
613.9,0.008508441,1147.265189546252
614.0,0.00016373831,8180.640539984851
614.1,4.359912e-05,11510.312902143618
614.2,6.1018633e-05,10074.790448352458
614.3,6.223895e-05,9658.166545645941
614.4,0.00532627,1312.4578097583797
614.5,0.00056168734,4849.337053663049
614.6,0.01329405,957.3915157781707
614.7,0.0005756513,8803.622696612209
614.8,0.013547998,959.7842292814819
614.9,0.016133932,855.3984326874606
615.0,0.008873222,794.4944274396719
615.1,0.006551129,1170.5113779125024
615.2,0.012469732,1096.4428479401217
615.3,0.0015792388,7002.624576691091
615.4,0.010958809,2558.0003867365235
615.5,0.00060140097,6216.001748698879
615.6,0.016429363,1238.797925851172
615.7,0.0043975483,1492.6216962438623
615.8,0.00019463018,7655.787200917601
615.9,0.000272094,5595.1185947290405
616.0,0.00033243813,4957.766099006392
616.1,0.00031302223,6148.377963756622
616.2,0.00027205618,6677.45782023033
616.3,0.00022151736,6613.634473941516
616.4,0.00016074596,6939.070697766667
616.5,0.00013066469,7065.091980603925
616.6,8.520068e-05,8547.316073855996
616.7,9.4855335e-05,8316.750460659563
616.8,0.00025286194,7358.587005094791
616.9,0.003443795,1187.414172735629
617.0,0.0009637705,6849.355622919575
617.1,0.009865835,1146.1438067938907
617.2,0.00072013313,6372.546001371504
617.3,0.0031745434,3243.6597277579795
617.4,0.00045211718,9462.877547919441
617.5,0.0040913457,1383.4121467548962
617.6,0.0033115915,1529.3820654167503
617.7,0.0024479013,1912.6884770440072
617.8,0.0015676529,2265.1479569368967
617.9,0.001169329,2199.831771840728
618.0,5.8362708e-05,11461.271218448332
618.1,4.2078966e-05,13485.122879811044
618.2,3.8451388e-05,13524.12967893966
618.3,5.0643717e-05,12626.196166555072
618.4,0.0001388839,8388.00039300081
618.5,0.0034058245,1406.8897105506971
618.6,0.0010182564,3700.7644839936165
618.7,0.0018516779,1561.270719184563
618.8,0.0012164959,2075.299842640092
618.9,0.0006034592,3891.6199980556275
619.0,0.00010233175,9374.23847675147
619.1,5.1446234e-05,11910.52534947208
619.2,3.6374146e-05,13796.620571910298
619.3,3.6804202e-05,13855.16323419563
619.4,3.364901e-05,13862.234372719115
619.5,3.512796e-05,13598.171096942451
619.6,5.583831e-05,12879.288109589368
619.7,4.786074e-05,12827.691599601469
619.8,3.6860973e-05,13686.356823212891
619.9,3.9052025e-05,14239.57460663667
620.0,5.829696e-05,13318.401700607039
620.1,4.1927517e-05,13830.451838128085
620.2,3.4829223e-05,14175.671416487745
620.3,5.0278148e-05,12867.109016327873
620.4,3.5672132e-05,13646.62376711104
620.5,3.7079073e-05,13862.724973870796
620.6,3.9852992e-05,12881.747766676568
620.7,5.5578766e-05,12444.506265781754
620.8,0.00018035727,9547.37235152851
620.9,3.7316902e-05,14114.954080266016
621.0,6.220544e-05,12688.768478563788
621.1,3.207773e-05,14012.92496687479
621.2,4.5694287e-05,12695.63518397804
621.3,3.4508183e-05,13639.174763361938
621.4,4.3867585e-05,12053.792512604505
621.5,4.2076987e-05,13198.93285903368
621.6,0.00020209482,8056.043745506031
621.7,8.5197695e-05,11707.377548958277
621.8,5.8423677e-05,12514.930967074832
621.9,3.8566846e-05,13662.958402102602
622.0,3.61277e-05,13363.667141478203
622.1,3.633652e-05,13674.138130391499
622.2,5.1501513e-05,12866.278574267497
622.3,5.2564494e-05,12980.638958314956
622.4,4.0237253e-05,13696.962602359128
622.5,0.00010589038,10714.489913297753
622.6,4.8647435e-05,12490.91825556036
622.7,6.0622613e-05,12985.553563307447
622.8,6.881728e-05,12840.161258053462
622.9,4.1840576e-05,13316.200622359162
623.0,4.1308605e-05,13788.230138150426
623.1,4.1939737e-05,13510.227003503112
623.2,5.4750402e-05,12597.826189889936
623.3,3.7986894e-05,13729.919606941095
623.4,3.6048437e-05,14109.413251798998
623.5,5.187413e-05,13793.515600134455
623.6,4.5158882e-05,13506.810232184049
623.7,3.7262285e-05,13580.039913565202
623.8,3.9840907e-05,13443.058931782361
623.9,5.2990883e-05,13164.626004765138
624.0,8.874325e-05,12074.578328281334
624.1,6.716845e-05,12409.88290429574
624.2,6.2483894e-05,12252.739952858632
624.3,6.427166e-05,12061.138979077612
624.4,7.483283e-05,12164.391699150712
624.5,5.1520776e-05,13405.983260748302
624.6,4.8891838e-05,13126.672301337834
624.7,7.1132556e-05,11696.93820525545
624.8,5.5449626e-05,12626.533490078116
624.9,4.098914e-05,13286.580114092416
625.0,5.2906355e-05,12306.453581734786
625.1,4.1024756e-05,13591.591976647409
625.2,7.707364e-05,12120.071693739263
625.3,6.309391e-05,12508.07841194512
625.4,5.3279426e-05,12496.934007837735
625.5,4.1614214e-05,13231.423345842246
625.6,5.038259e-05,13380.996608022164
625.7,9.582768e-05,11673.583460326981
625.8,0.00010079185,10540.515461101222
625.9,0.00014373646,8267.562455903639
626.0,9.279443e-05,12269.71288782281
626.1,8.138915e-05,9883.324718892054
626.2,0.00014836603,7476.2589234340885
626.3,0.005403804,1400.4964627137756
626.4,0.009908655,1370.2416052158721
626.5,0.01821109,2505.644278248189
626.6,0.022679042,1351.8799839124736
626.7,0.0123857595,1437.4198758752393
626.8,0.019899428,1313.848380882051
626.9,0.011736508,2397.3542275995605
627.0,0.018342592,1431.373276643196
627.1,0.023297051,1663.0115920802739
627.2,0.018154038,1869.9612944856694
627.3,0.0032993483,4091.877682143924
627.4,0.021696,1195.3347925619178
627.5,0.012041847,2277.2721058165307
627.6,0.016300032,2175.8524409083293
627.7,0.011022918,1004.263378206443
627.8,0.0025299,4619.886323139304
627.9,0.008398242,1155.3804870886806
628.0,0.008504887,850.6617906404559
628.1,0.010963787,1079.8101174446417
628.2,0.010514835,972.9472341580401
628.3,0.0025808273,1995.6296093518463
628.4,0.0035915466,2028.9424715548075
628.5,0.0021237065,2446.5382420487867
628.6,0.023233926,1079.5322490172996
628.7,0.024707375,1110.88522728941
628.8,0.021713927,1190.6835859379719
628.9,0.01884914,1164.08095949875
629.0,0.0010088625,9647.732540533887
629.1,0.019936696,1141.6098644726383
629.2,0.020760369,803.083364922121
629.3,0.016142748,1186.5361846291896
629.4,0.016901456,1025.8054397973915
629.5,0.009272366,986.8387702532325
629.6,0.01019254,743.1155188479295
629.7,0.0074115703,1218.5886083386022
629.8,0.0007140948,2486.126735889272
629.9,4.9323604e-05,10999.219147392352
630.0,0.00017828502,8844.56305000743
630.1,0.00013944457,6887.972080302361
630.2,0.000403043,4159.243369228193
630.3,0.0003382093,5362.583885453531
630.4,0.00029651768,5415.998983442336
630.5,0.00021194939,5584.124799005266
630.6,0.00016692525,6225.939321952879
630.7,0.00014876388,6428.259057872935
630.8,0.0002007018,5306.134693701168
630.9,0.0002179919,5647.999472542964
631.0,0.00017828033,6085.153192346752
631.1,4.814363e-05,12511.417298523882
631.2,0.010133392,850.4349442873568
631.3,0.01340748,1721.583120441478
631.4,0.01712437,1589.3213615827653
631.5,0.014208648,1569.8405676400143
631.6,0.012901254,1477.049446597911
631.7,0.009458258,1585.2657691173774
631.8,0.010843259,1399.9797607887415
631.9,0.012657509,1267.3200654265893
632.0,0.010411032,1272.806118673593
632.1,0.010972092,1236.475672893258
632.2,0.0074797464,1250.8511918830081
632.3,0.003227972,1265.7774398485203
632.4,4.6314024e-05,12703.68202686346
632.5,5.9557824e-05,12678.629683672241
632.6,3.8247388e-05,13296.83248917951
632.7,0.0031946944,1257.3219564735255
632.8,0.0058682384,1391.4151748351082
632.9,0.018615942,1126.9562460886898
633.0,0.018439692,1179.3686636818115
633.1,0.018177558,1064.5303804343794
633.2,0.012031835,987.1398931364034
633.3,0.0089175245,998.6453550070573
633.4,0.00026667674,5671.438572544737
633.5,6.206534e-05,11655.866330163632
633.6,5.880241e-05,12033.965044749488
633.7,0.0009475806,3038.6474016693387
633.8,0.0010313948,3273.4221929133796
633.9,0.0013718285,2531.718474306878
634.0,0.0005859156,7830.426498210954
634.1,0.0031558678,1678.5081969301316
634.2,0.0019707638,1987.712669348653
634.3,0.0023405682,1954.7564440339827
634.4,0.0018383727,2376.753144256578
634.5,0.0008343815,3027.7940045557743
634.6,0.00010437469,8631.224273553378
634.7,7.6688375e-05,10414.984180815267
634.8,4.3392763e-05,12514.308929294915
634.9,4.3166e-05,12929.827882466683
635.0,3.631342e-05,13780.089929500178
635.1,4.190995e-05,13472.887453429152
635.2,3.5252113e-05,14144.778816151047
635.3,3.7049052e-05,13969.478790055462
635.4,3.547306e-05,14047.15632512611
635.5,3.1092728e-05,14435.326297708172
635.6,3.8072005e-05,14578.11769589
635.7,4.147465e-05,14117.958642167096
635.8,4.3607317e-05,13499.038533947029
635.9,5.015941e-05,13109.90195759173
636.0,3.7873415e-05,13570.119116266822
636.1,3.6231184e-05,14100.216428419772
636.2,4.5456924e-05,13572.119966969438
636.3,3.1466436e-05,14600.153984839708
636.4,4.3006847e-05,13323.279180154757
636.5,4.9745075e-05,13508.850671804432
636.6,3.5875677e-05,13909.054618632026
636.7,3.802625e-05,13873.272492446033
636.8,7.3552066e-05,10228.293770217206
636.9,0.0005194781,8212.70699351544
637.0,0.006982344,1477.782499209022
637.1,0.00024518603,7459.114623703455
637.2,0.0075356085,1396.5836330335374
637.3,0.004352091,1243.4491334635754
637.4,0.0036539491,1408.703354119652
637.5,0.0045569637,1364.2886268399711
637.6,0.0066363905,1182.2101794395435
637.7,0.0005352617,6880.2794536215115
637.8,0.006804902,1097.7696906293522
637.9,0.003736276,1280.8727008864337
638.0,0.0043016328,1211.0222897501294
638.1,0.0040768175,1221.3021992899417
638.2,0.0009497878,3794.4952061793174
638.3,0.003328902,1254.5710697614077
638.4,0.0017819847,2282.2918915921305
638.5,0.0019905274,1796.0530013737
638.6,0.0017881494,1689.4725216316497
638.7,0.0010511781,2695.2262065078294
638.8,0.0010844594,2834.3235038793273
638.9,0.00020384122,9199.795356737395
639.0,0.002732098,1434.3089087700137
639.1,0.0010503499,2278.9465886363355
639.2,0.0003962239,5665.799530823058
639.3,0.00014437358,7837.438868180257
639.4,5.2871394e-05,11834.715461689926
639.5,6.3227046e-05,10487.43158042882
639.6,6.266133e-05,9708.304596862818
639.7,7.0985836e-05,9901.51380463368
639.8,0.00012863951,7925.3272943173415
639.9,0.00028280297,9159.481601777628
640.0,0.00040804184,4065.3582244948475
640.1,0.0004126958,6010.937690322457
640.2,0.00022662833,6338.964640039279
640.3,0.00087990775,3927.9256789886485
640.4,0.0008850562,3544.349629829796
640.5,0.0003630684,4881.09089982058
640.6,0.004630682,1472.083844089613
640.7,0.0018546383,2973.965382863547
640.8,0.0003503666,6138.683980878739
640.9,0.00028473506,4938.051724112217
641.0,0.00026132228,5437.970133062336
641.1,0.00015048469,6687.600126568299
641.2,0.00010699899,8336.410992580852
641.3,6.7622546e-05,9753.456002757659
641.4,7.343822e-05,11211.428243598562
641.5,7.460725e-05,10469.783095076353
641.6,5.282508e-05,11557.249719985408
641.7,5.4457734e-05,11296.02852140914
641.8,0.0001712451,6877.068091642315
641.9,0.00033575154,5308.614499469407
642.0,0.0008778579,3536.470231150588
642.1,0.0028046507,2751.2004126154893
642.2,0.00090795587,3916.199631240744
642.3,0.00023089301,5967.783482995039
642.4,0.00019564726,6374.985276751289
642.5,0.0010119966,4115.238449382574
642.6,0.00033553052,5275.9884628015925
642.7,0.0004605531,7554.241526731886
642.8,4.2656033e-05,12981.519990197285
642.9,0.023463227,1079.0536053039018
643.0,0.010130236,948.8478912671568
643.1,0.02563272,914.5712777408468
643.2,0.0027370837,8065.886548293271
643.3,0.0033681022,6793.751691703185
643.4,0.0011116419,4615.949423753378
643.5,0.08148229,1293.7727618399913
643.6,0.01976143,694.08309395287
643.7,0.01731048,1233.9812195524373
643.8,0.00011742693,8886.403056851446
643.9,0.011368368,1840.011832425823
644.0,0.04127149,1736.5180951282503
644.1,0.011175554,1810.036471875536
644.2,0.011292102,1632.6185796278842
644.3,0.009742437,1762.991031793579
644.4,0.0076885303,1293.7485041241553
644.5,9.021599e-05,9287.071061290291
644.6,7.2152994e-05,9919.286927398687
644.7,4.9483908e-05,11538.560008212571
644.8,5.1359468e-05,12258.208264725823
644.9,0.006900829,1576.6410827244392
645.0,0.025524514,1148.6579897487843
645.1,0.0065179737,2172.1630135872483
645.2,0.020276103,1444.7994748967799
645.3,0.013420439,1797.9260369709084
645.4,0.019420523,903.7753926377939
645.5,0.01617995,1221.1786639001825
645.6,0.01026498,1156.5725450557238
645.7,0.008793195,1267.054782445748
645.8,0.0016971694,1626.7462700810001
645.9,0.0046703424,1356.971918890947
646.0,0.023397733,1387.6885536477616
646.1,0.009691397,1246.5718548969357
646.2,0.0050415895,1077.0684595039643
646.3,0.0014995106,2289.8282151988915
646.4,0.0011591478,3395.8082322509426
646.5,0.0005416891,3855.945902676325
646.6,0.00087886804,2919.5093376610903
646.7,0.00281572,2660.1668499281673
646.8,0.0014731068,3367.9574357541355
646.9,0.00037901348,4240.097046652753
647.0,0.006232715,1055.3039309611554
647.1,0.00019034492,6564.582638502572
647.2,0.0007669201,4055.6389959184503
647.3,0.00070805167,4216.175318689011
647.4,0.00054275297,4299.9586285504065
647.5,0.00047111238,4285.743328865877
647.6,0.00010750678,8894.058327046316
647.7,0.010596454,2703.8474344214274
647.8,0.037548564,1215.563044201851
647.9,0.029048128,1440.7208525480169
648.0,0.03852953,1367.4425181073682
648.1,0.031371925,1169.4940056037976
648.2,0.0008954714,5012.145719852427
648.3,0.00710008,1214.6254447958204
648.4,0.0059777936,1153.4022473499324
648.5,0.005564951,1133.9275130783433
648.6,0.0004999396,7702.664105433389
648.7,0.0010378873,3335.562541797874
648.8,9.332674e-05,8315.533737095251
648.9,8.3102925e-05,9983.517057910192
649.0,0.00019239294,8344.584245952661
649.1,9.176761e-05,9351.014396682685
649.2,0.00013538648,8983.05426354814
649.3,7.146893e-05,10233.910220409427
649.4,4.7829173e-05,11310.868551831958
649.5,5.9635753e-05,10218.374341235658
649.6,4.7446476e-05,11116.478132938964
649.7,5.2411204e-05,11155.541652269427
649.8,6.654192e-05,10456.643900399806
649.9,8.371907e-05,11695.021905561975
650.0,6.025668e-05,12676.386709606732
650.1,0.00018253816,9383.044830476898
650.2,6.464716e-05,11806.292426901678
650.3,5.0428276e-05,13608.813320040568
650.4,5.2743304e-05,12181.32434373949
650.5,5.9954593e-05,12218.329050613731
650.6,5.0062154e-05,12201.856861993649
650.7,4.893137e-05,13442.145931188408
650.8,7.405797e-05,11696.97892617086
650.9,5.0425933e-05,13123.023686295608
651.0,5.6334982e-05,10113.735825890273
651.1,7.1978735e-05,11464.27039190339
651.2,4.704808e-05,13194.821969433178
651.3,5.4030726e-05,12724.43677044813
651.4,6.280771e-05,12636.050116452907
651.5,4.1557603e-05,13069.866556927653
651.6,8.569151e-05,12063.111783623768
651.7,8.4526146e-05,11178.191593669791
651.8,7.143888e-05,12229.281116024253
651.9,5.5585097e-05,12833.50739863053
652.0,3.633859e-05,13375.298760754831
652.1,6.325406e-05,12695.799115270518
652.2,8.373862e-05,12240.502750235166
652.3,0.00013052573,11493.043265217038
652.4,5.963073e-05,12287.851458925914
652.5,6.519601e-05,10870.191143190752
652.6,8.586183e-05,11092.235417092965
652.7,4.9920895e-05,11829.903174972711
652.8,0.00031994554,4988.262215500032
652.9,0.0011467669,2905.819570719281
653.0,0.02528532,837.3031219583736
653.1,0.0008301929,3837.151538073247
653.2,0.010052439,1024.1078565029734
653.3,0.00013101897,8750.856458122185
653.4,5.3353542e-05,11521.342215130304
653.5,5.1916442e-05,12175.512664962484
653.6,4.041298e-05,13004.783594500383
653.7,5.413883e-05,13290.848564328968
653.8,4.1265488e-05,12955.156084234119
653.9,0.00010246675,11366.157461319644
654.0,3.7369507e-05,13749.863453514805
654.1,3.661585e-05,13408.59781416758
654.2,3.790395e-05,13538.023062815364
654.3,5.6611465e-05,12141.191999587954
654.4,4.5306362e-05,12199.695760514971
654.5,5.965831e-05,10853.30770565163
654.6,0.0014844995,3580.942147904445
654.7,0.0013850506,3322.0462707716506
654.8,0.0004357211,4637.0182638345905
654.9,0.00034504864,4167.3623391260935
655.0,0.00021986586,5631.006345751877
655.1,0.00016988385,5982.66689859561
655.2,6.232792e-05,10576.022739816182
655.3,0.012989601,893.4257173195394
655.4,0.013831749,933.3777096200272
655.5,0.0028419262,2116.3874872638717
655.6,0.0043722936,1629.4297527730457
655.7,0.008578487,1334.9620287659052
655.8,0.0050221845,1608.7200427085868
655.9,0.0019896606,1998.804225995496
656.0,0.00019123028,6865.666130806431
656.1,0.00013390569,7033.234517691
656.2,7.435033e-05,9485.699145876197
656.3,4.3257343e-05,11273.611585113984
656.4,4.0323415e-05,12707.911365303991
656.5,7.952043e-05,10603.135676693057
656.6,0.04019339,900.1707082393597
656.7,0.021909174,1071.4060274534568
656.8,0.024509655,1066.9532191836938
656.9,0.0043174513,1350.9716252725327
657.0,0.00011938418,9352.487971556371
657.1,5.94349e-05,9583.521545947697
657.2,4.9035847e-05,10666.06331210906
657.3,5.00659e-05,12598.545075050275
657.4,6.59037e-05,12048.186985757624
657.5,5.1690404e-05,12514.991546950412
657.6,3.8601836e-05,12661.802581285727
657.7,5.5151544e-05,12851.404336847678
657.8,5.938497e-05,12345.588667088192
657.9,3.344713e-05,14091.60010406923
658.0,5.7788984e-05,10676.278907952885
658.1,6.4765896e-05,10177.047596659988
658.2,4.7707606e-05,11626.79148522389
658.3,4.5028835e-05,12924.524892253545
658.4,4.368327e-05,12173.281002457086
658.5,5.241631e-05,10746.64853629588
658.6,7.857985e-05,9189.465234002113
658.7,0.00010162463,8569.077654976696
658.8,7.810881e-05,9096.582666503708
658.9,7.0148424e-05,9165.847718860781
659.0,4.2768414e-05,11829.753913979175
659.1,0.01174989,752.653441867186
659.2,0.011705583,1366.4092523521313
659.3,0.015769364,903.9721780828716
659.4,0.005325315,1799.522107578688
659.5,0.008008292,1727.5886098578933
659.6,0.0009373023,9014.187632237477
659.7,0.025853409,1074.3551913728409
659.8,0.00032540498,6652.735937776754
659.9,0.016444832,1349.7362438547589
660.0,0.02028982,1085.5944127204784
660.1,0.0072538587,1068.3122699047765
660.2,0.0059867185,1172.0310656718843
660.3,0.017693441,1053.7134349801977
660.4,0.015680335,1058.304054577852
660.5,0.0082258545,1256.188786293726
660.6,0.0046627875,1357.6459028437093
660.7,0.00015058905,8173.526498568478
660.8,0.00013829609,8399.631730783354
660.9,0.00014129585,6993.849180674236
661.0,5.675303e-05,10856.660203957432
661.1,0.015016139,1044.4152480736166
661.2,0.023807095,1049.7529853492686
661.3,0.03386961,1148.4552087757231
661.4,0.009246285,1112.68957991137
661.5,0.00038222317,8199.40477536479
661.6,0.020552166,1076.7859083941157
661.7,0.001455843,7948.252283669613
661.8,0.013989776,1430.3678183713682
661.9,0.020860646,1234.1832714797688
662.0,0.004701218,2007.2563695036636
662.1,0.011722887,932.4195128942963
662.2,0.00014921707,8951.622757159925
662.3,0.0030344948,4854.4705098680015
662.4,0.012645168,1180.7115496879392
662.5,0.007786385,1305.4277264209572
662.6,0.0011062847,6773.873041896224
662.7,0.014444751,1880.4141774204675
662.8,0.013446041,1374.7000273923761
662.9,0.016308209,807.3446667647613
663.0,0.008103456,1280.8311662423976
663.1,0.005272479,1005.9505908867097
663.2,0.0062498967,1224.913255494148
663.3,0.0004320105,7868.834181249966
663.4,0.0009609888,3439.503878928825
663.5,0.016597949,915.3484276947169
663.6,0.017408047,892.0954543032967
663.7,0.00843466,1147.4399805286744
663.8,0.0018339669,1486.846921101419
663.9,7.0911534e-05,11376.87179793307
664.0,6.8224035e-05,11092.66901197096
664.1,3.817112e-05,13244.574708145805
664.2,3.2706877e-05,13949.623624311727
664.3,3.6603225e-05,13798.44639319117
664.4,3.914768e-05,13815.889204929299
664.5,3.8751146e-05,13430.373714925308
664.6,5.2717907e-05,13363.940112320326
664.7,4.6568694e-05,13790.774419563882
664.8,4.0178664e-05,13323.043380944073
664.9,4.6749494e-05,12217.384589571835
665.0,8.4173895e-05,9780.896602750034
665.1,8.455482e-05,8978.387920541325
665.2,0.000102728685,8822.381756418323
665.3,8.141957e-05,9207.929444054698
665.4,7.201119e-05,9927.62086674022
665.5,6.378756e-05,10877.181652412943
665.6,6.58242e-05,11732.092692298289
665.7,3.9238043e-05,12549.682500198625
665.8,5.743019e-05,12788.91262181392
665.9,4.236953e-05,13460.316486908736
666.0,4.491072e-05,13811.67321459128
666.1,7.9275254e-05,11381.950066337453
666.2,4.0125804e-05,13072.10141574459
666.3,0.019785529,1090.690823968443
666.4,0.008320227,3269.8383115239303
666.5,0.043552294,1422.8261982403908
666.6,0.0015367644,3825.544070510976
666.7,0.03133037,1604.8311134097735
666.8,0.002797529,2568.4961823792846
666.9,0.004667911,6864.2443594631495
667.0,0.016993796,923.2519816455475
667.1,0.014017181,880.5681911435572
667.2,0.0035015682,1847.9837649005156
667.3,0.010427113,966.3064561195384
667.4,0.012852951,710.1248983862386
667.5,0.01726867,798.2209908905998
667.6,0.011953623,970.6508968041895
667.7,0.015685828,767.6265341112995
667.8,0.0052443095,1273.4852152570024
667.9,0.0045311917,1177.4005244878447
668.0,0.008147233,982.6129686455226
668.1,0.0066470928,998.1697157897465
668.2,0.005354511,932.0150834787087
668.3,0.000258389,6721.418421201363
668.4,7.447777e-05,10803.953865539468
668.5,0.00012494012,8672.542223770357
668.6,5.60574e-05,11852.159568934694
668.7,0.00016072922,8504.452606407
668.8,0.019269096,1331.5086994965225
668.9,0.036587093,1190.875241292653
669.0,0.02496401,687.1820508383639
669.1,0.022832701,2819.217151059089
669.2,0.014301748,1320.7095244151717
669.3,0.012214435,1244.1363258407803
669.4,0.006531736,1530.7572947913072
669.5,0.0038510044,1957.0662051842723
669.6,0.0027814424,1775.1437733335536
669.7,0.0025796294,3502.856013305882
669.8,0.0005049102,5026.33369977039
669.9,0.00017511667,6545.56890265441
670.0,0.00014563718,8559.229975780569
670.1,0.00016055892,6702.393189097542
670.2,0.00010054581,8694.169061507735
670.3,0.00031788458,4016.9134578167204
670.4,0.0048025274,1228.538360381787
670.5,0.0068081496,4611.960658835422
670.6,0.0018539528,6408.614943063956
670.7,0.013253436,1283.0748151469243
670.8,0.024269357,1116.9846775170154
670.9,0.009479994,871.1991259339059
671.0,0.0040606675,1201.331329334174
671.1,0.003007761,1225.4635030381849
671.2,0.0029129314,1249.6666527874395
671.3,0.0010182973,1966.008459473084
671.4,5.640912e-05,11022.980661005518
671.5,3.9225226e-05,13306.535966772295
671.6,4.6552253e-05,12902.291900390339
671.7,3.757517e-05,14285.794379146302
671.8,3.3913202e-05,13943.277174120029
671.9,3.767117e-05,14074.668081516847
672.0,3.7107937e-05,13790.53633357462
672.1,3.972136e-05,13027.486499697176
672.2,3.223792e-05,14272.201725355275
672.3,5.3525986e-05,13314.085300025676
672.4,3.6570935e-05,13816.98257675481
672.5,5.2077015e-05,12384.438728507668
672.6,5.4982327e-05,11552.433558858665
672.7,5.1281208e-05,11518.663445768623
672.8,5.9805123e-05,10860.161291091132
672.9,6.172606e-05,11589.490218154453
673.0,4.299857e-05,12889.853175311657
673.1,4.7403042e-05,12227.840368312558
673.2,5.4171953e-05,12525.398641865046
673.3,4.4512286e-05,12760.042078325669
673.4,3.52614e-05,13498.563128775138
673.5,5.2533815e-05,12400.82802567373
673.6,5.0068877e-05,12902.695501973725
673.7,5.1929506e-05,13118.977980517286
673.8,3.2978292e-05,13969.13203802365
673.9,3.792931e-05,13133.00458260042
674.0,3.5057383e-05,13647.908046915461
674.1,4.3240267e-05,12731.130912184908
674.2,3.8834994e-05,13576.946895927307
674.3,0.00012926495,8332.28103596776
674.4,0.00071009196,4735.019766083543
674.5,0.004837799,2904.9298974018
674.6,0.001752021,4008.4761574455642
674.7,0.0012337684,4491.337051257091
674.8,0.0020156193,4716.453759925472
674.9,0.0042453124,4074.8211286510705
675.0,0.014217108,4029.482862159019
675.1,0.0053295363,3011.5433300144546
675.2,0.018181417,1225.4016516919241
675.3,0.011248146,953.1361720078753
675.4,0.00019502605,6949.17831773813
675.5,0.00015739052,7411.815897048469
675.6,0.00020837312,6515.694002847937
675.7,0.0005651384,3813.352105637449
675.8,0.0004996216,3693.479843830978
675.9,0.00014320703,10087.179099744717
676.0,0.014110667,3203.20204876708
676.1,0.061982345,1200.736515897149
676.2,0.0014785632,2934.7784421836777
676.3,0.0001039149,8428.329646875667
676.4,6.6751716e-05,9850.981213208022
676.5,0.02731022,937.5231021796626
676.6,0.003307779,2470.2871599556142
676.7,0.028186643,957.0153921861535
676.8,0.00029690834,6136.07786462395
676.9,0.024156276,2574.077525340309
677.0,0.001418226,9450.311724028239
677.1,0.006250718,3023.6334325778316
677.2,0.015078772,2157.8410809183615
677.3,0.017962571,1957.5910870442535
677.4,0.017199,1261.851789627257
677.5,0.046469174,1343.3087584682953
677.6,0.04492163,1219.5005819931198
677.7,0.05718782,1269.0031495738074
677.8,0.024961611,1092.660263583739
677.9,0.0052997023,1022.0233514874177
678.0,0.0014565774,2468.9363180512096
678.1,7.564986e-05,9554.34952629571
678.2,7.316147e-05,10347.10739294752
678.3,4.6432677e-05,12205.450187121825
678.4,7.553843e-05,8756.9111740292
678.5,8.136256e-05,8897.068213574472
678.6,3.9109043e-05,13180.129813121825
678.7,3.7524725e-05,14097.167740162875
678.8,4.724618e-05,11829.468377392608
678.9,3.8675287e-05,13107.044578844763
679.0,4.390798e-05,11874.159536491361
679.1,6.436141e-05,9870.817866410987
679.2,0.00010258018,8893.118296274715
679.3,4.606722e-05,12256.090811851122
679.4,4.331487e-05,12283.264411843007
679.5,4.6082256e-05,12699.461284625613
679.6,4.499985e-05,12376.851863377482
679.7,4.680126e-05,11976.598432965062
679.8,0.00037360855,3819.950817007644
679.9,0.00088731706,5369.490159545983
680.0,0.0052496917,5277.029441237758
680.1,0.0037790395,1977.0140313948534
680.2,0.0060527744,8287.870982913922
680.3,0.013405613,1832.8374811843437
680.4,0.011800006,1260.36995204543
680.5,0.0571113,1381.9509756159782
680.6,0.014306911,1417.6533848209422
680.7,0.021829922,1195.997787860807
680.8,0.014202662,1204.0778165194208
680.9,0.0013971681,6866.421484533134
681.0,0.0015367514,2259.245460667685
681.1,0.0029234735,1280.8409017144554
681.2,4.7644306e-05,11066.565202246913
681.3,7.9022e-05,11395.222325507886
681.4,5.5063898e-05,11688.363380465433
681.5,5.6572724e-05,10024.427378793403
681.6,4.7186004e-05,11093.256709297264
681.7,3.7124417e-05,12323.203366400392
681.8,8.006289e-05,10524.213067713772
681.9,6.086109e-05,10592.022664215747
682.0,4.8782138e-05,11161.85161582365
682.1,0.00018456098,6714.266673422288
682.2,0.001628661,3185.532018712074
682.3,0.0024638162,3132.5391459977573
682.4,0.0031102463,2965.2508368306553
682.5,0.029362876,783.771960568293
682.6,0.00042073565,5133.480809416127
682.7,0.00023096624,5039.379942858432
682.8,6.226238e-05,10536.528187421822
682.9,5.1759496e-05,10973.554353186984
683.0,0.00039597988,4039.9688322836805
683.1,0.0010109444,3651.9191773643734
683.2,0.00077822513,3386.6945668166404
683.3,0.00021630824,5975.268546431888
683.4,0.014209426,933.4695094046026
683.5,0.02502081,1994.9844606881602
683.6,0.020601654,1571.5650530667062
683.7,0.02903122,971.1856096970304
683.8,0.022388253,1002.9088176064133
683.9,0.030677075,996.0778065460577
684.0,0.024052389,1252.488479612139
684.1,0.00075432844,4206.368958418892
684.2,0.022671867,1121.7090479182584
684.3,0.01966154,1424.2641071581463
684.4,0.0135631915,1002.9420777485062
684.5,0.0058576968,1704.8480415326549
684.6,0.0073908744,940.0568447548064
684.7,0.0013589055,7864.070589693554
684.8,0.0148583315,1680.1148507158246
684.9,0.04722641,1331.6523113742112
685.0,0.08685316,1090.7023846813076
685.1,0.051659238,1181.5125973766349
685.2,0.029678559,1381.6049488602653
685.3,0.022370245,953.862357489017
685.4,0.013958653,976.0866681141299
685.5,0.024570465,1200.2720234224764
685.6,0.019515272,1357.8778621848671
685.7,0.0036814883,2282.7604352998987
685.8,0.0019764632,1666.3480631075095
685.9,0.0042771236,1213.3511989807032
686.0,0.0017446869,2644.031490130985
686.1,7.5026095e-05,11410.698274946499
686.2,0.009531697,807.8898152586919
686.3,0.018905176,1377.8124313945873
686.4,0.014065523,1380.9091215331212
686.5,0.0076655317,1205.969182775812
686.6,0.015705528,1183.134734421941
686.7,0.025980067,1237.1788041746302
686.8,0.006301687,2152.268023783453
686.9,0.01954051,1279.8514399993137
687.0,0.013170008,1374.6574051224654
687.1,0.010509787,1204.5584163041885
687.2,0.010989615,1244.1215110473681
687.3,0.0027814894,2561.3751145032957
687.4,0.019657372,1141.675613908839
687.5,0.00087427534,8193.366449860989
687.6,0.015008304,1107.0459003811645
687.7,0.025553051,1142.8499816348651
687.8,0.010291222,1025.1265526198185
687.9,0.001054608,2844.98612717368
688.0,0.0009072647,3251.0192891859474
688.1,0.0039345725,1397.9999757048108
688.2,0.0040317355,1225.0223783461197
688.3,0.00022031626,6762.064338565444
688.4,5.313746e-05,11209.72128365736
688.5,3.8011472e-05,12812.849056439887
688.6,6.398428e-05,10215.288049912162
688.7,7.3606294e-05,10752.22832614793
688.8,0.000111979585,8933.502315025728
688.9,8.022851e-05,8665.780469768606
689.0,8.236803e-05,8445.776829993072
689.1,7.19953e-05,9340.849448288807
689.2,7.720367e-05,9480.778879360741
689.3,9.3022456e-05,9255.539422604697
689.4,7.226296e-05,9014.116839313861
689.5,6.538461e-05,11334.891994459325
689.6,0.00043196426,10462.265839018251
689.7,0.00010534995,11030.411845803399
689.8,0.00071112416,8053.826717221341
689.9,0.0026623185,6170.518506962523
690.0,0.01413494,1098.4182069380736
690.1,0.011222807,1099.7810851596128
690.2,0.019036898,1450.467588482334
690.3,0.041165777,866.5391108370155
690.4,0.019445946,1424.0147446385238
690.5,0.023095585,1369.9060819189613
690.6,0.01695468,1392.495505666619
690.7,0.01883027,1468.8584834196974
690.8,0.0051436536,1758.0395125186071
690.9,7.642406e-05,9714.35912822467
691.0,5.9538288e-05,11089.61035547729
691.1,6.384551e-05,11063.065778703332
691.2,0.024370125,2091.2642009657957
691.3,0.0012438194,8548.434436499832
691.4,0.0066107577,3504.874227552232
691.5,0.015198342,3234.8503830995624
691.6,0.007948948,2499.9152705308543
691.7,0.02905933,1337.039583398898
691.8,0.017685568,993.5671906624664
691.9,0.0032713155,3069.5520339561995
692.0,0.007387397,5397.663583047405
692.1,0.040745266,993.903609933723
692.2,0.020312384,1452.2009326680989
692.3,0.009239495,1020.8927725297858
692.4,0.0072787427,1201.9322509372091
692.5,0.006143114,988.596904267073
692.6,0.007042555,922.774928627339
692.7,0.004401083,1101.815672438363
692.8,0.00019505406,8728.826270556496
692.9,4.9594466e-05,11462.700537506193
693.0,0.0055628833,1131.5838965249832
693.1,0.0007563451,5968.995878924588
693.2,0.020690778,1072.3657033039947
693.3,0.0059995456,7465.327232694008
693.4,0.021084933,949.4053817320953
693.5,0.031385247,1197.4542110717073
693.6,0.0014226093,2552.7829523964056
693.7,0.0060211886,1279.418117626281
693.8,0.0019718606,2227.516618993093
693.9,0.0061480682,868.5845511420594
694.0,0.0039196815,1093.3770313180312
694.1,0.0021303387,1448.680742846328
694.2,0.0007134352,3232.1641748998363
694.3,8.534756e-05,10319.895315590416
694.4,7.5546464e-05,9710.325782339169
694.5,6.732905e-05,9434.298920009085
694.6,6.5307584e-05,10183.530318108496
694.7,5.8323e-05,11105.993041214202
694.8,5.4002856e-05,10793.387631141357
694.9,4.61534e-05,11145.7892291278
695.0,5.3827574e-05,11076.678257275518
695.1,4.136675e-05,13545.33352574793
695.2,4.0013816e-05,12546.041340769209
695.3,4.6496756e-05,12253.993482771186
695.4,4.0815892e-05,12974.44508260081
695.5,4.3316006e-05,13004.188764192575
695.6,4.1697615e-05,12955.583666550638
695.7,4.0849663e-05,12835.111499864608
695.8,5.674118e-05,12614.317849315725
695.9,6.476805e-05,10969.267554311813
696.0,0.000115906594,11413.668928499448
696.1,3.45779e-05,14011.168972522795
696.2,3.3613156e-05,14236.553152137389
696.3,5.7318048e-05,12419.071534963648
696.4,0.00012015007,10911.640020854236
696.5,3.2709333e-05,14380.8506988387
696.6,6.500794e-05,12140.688191948782
696.7,0.00033885427,7179.419217512758
696.8,0.00020012689,9073.867291536713
696.9,8.692927e-05,11731.038698812625
697.0,3.660279e-05,14243.854500751524
697.1,5.619738e-05,12210.665568618522
697.2,8.3810344e-05,10629.827561362976
697.3,4.3615342e-05,12125.306734635615
697.4,8.7745146e-05,13103.62021703881
697.5,3.4749562e-05,13686.682510707187
697.6,6.4331434e-05,12603.111219985822
697.7,4.657067e-05,13449.375055784245
697.8,4.3949207e-05,13244.900078914543
697.9,4.2929012e-05,13104.948344273475
698.0,0.0002344811,6041.895317330414
698.1,0.01108554,3636.0272492116706
698.2,0.011208362,1228.4520653035624
698.3,0.022433773,867.7448677692597
698.4,0.024871258,795.9968910375129
698.5,0.01773269,1283.332614227767
698.6,0.002388511,2402.5968336020223
698.7,0.0031768086,1531.9257572206855
698.8,0.0018957007,1801.937353101021
698.9,0.000103786406,9906.586444874762
699.0,4.5629768e-05,11686.689759207382
699.1,4.585404e-05,12738.265182031711
699.2,3.8837057e-05,13636.099950495534
699.3,3.533109e-05,13956.733460981084
699.4,4.4728804e-05,13131.045320023815
699.5,4.0081773e-05,12876.212804127563
699.6,4.1417254e-05,13533.249683273085
699.7,3.5227928e-05,13581.963855531989
699.8,4.0088864e-05,12833.831006755745
699.9,4.0637395e-05,13748.354146460088
700.0,4.2672273e-05,13472.835896867762
700.1,4.298634e-05,13644.341320673768
700.2,4.4914454e-05,13592.274257291123
700.3,3.735292e-05,13559.274327393181
700.4,0.00018722763,6806.863888470843
700.5,0.00030677594,6387.648366410815
700.6,0.0011865683,4340.520585926171
700.7,0.0013978824,2985.0352967438344
700.8,0.0014596952,3371.3001227780596
700.9,0.0011337919,4267.731433235753
701.0,0.0019648273,3956.5871101712273
701.1,0.0021113472,4562.197468612865
701.2,0.0033961635,3263.436760389787
701.3,0.005148813,2212.761403812337
701.4,0.0021501943,3666.8482721546025
701.5,0.00022261323,7093.331332647295
701.6,7.672041e-05,9287.577860128196
701.7,0.0024381857,2425.790953119311
701.8,0.002764093,2850.415909122553
701.9,0.0019316407,2849.451982318044
702.0,0.001398323,2839.380295461197
702.1,0.0006569828,3671.0678797193914
702.2,0.00037242638,4565.519582609177
702.3,0.000315574,4510.284630830746
702.4,0.000257831,5682.307376935185
702.5,0.0002675633,5485.391838702328
702.6,0.00016985866,6742.124983101618
702.7,0.00011450302,8108.671642270735
702.8,0.0145457,968.974914668609
702.9,0.0008047306,7706.412960358257
703.0,0.010356148,1610.7802273990899
703.1,0.002688211,1968.6507461298797
703.2,0.024796223,1237.9473323387792
703.3,0.0011409611,3971.720724428792
703.4,0.0001115873,11725.410424680775
703.5,0.0012492493,3745.9623910890177
703.6,0.009988235,1002.4009941113628
703.7,0.005767079,962.0197355376768
703.8,0.0038467431,1489.8529532224813
703.9,0.0063001644,1255.026481930562
704.0,0.0029329304,1286.883282916051
704.1,7.057413e-05,11319.502535114565
704.2,3.9870203e-05,12836.189001315608
704.3,8.010275e-05,11358.411958868473
704.4,6.8511355e-05,9357.756966936726
704.5,4.1910545e-05,13448.204777159943
704.6,3.2959393e-05,13909.477163194482
704.7,4.579664e-05,12950.796318788403
704.8,3.3889046e-05,13301.641132517956
704.9,6.3804124e-05,13059.178856743756
705.0,3.592796e-05,14361.67467390844
705.1,4.3429005e-05,13249.4205115743
705.2,3.8842103e-05,13525.651986265486
705.3,3.4180375e-05,13835.698386754928
705.4,4.7324007e-05,13352.704876984291
705.5,3.517332e-05,13671.166053282575
705.6,3.6337613e-05,13771.168291119408
705.7,3.827236e-05,13433.564212426256
705.8,3.9731432e-05,13262.304172362718
705.9,4.288963e-05,13927.35605351885
706.0,3.4637415e-05,14265.473262027057
706.1,3.4690984e-05,13955.641328174239
706.2,3.9168794e-05,12726.350319121993
706.3,0.000368011,9268.981941010323
706.4,0.019603364,905.1479184756749
706.5,0.013380706,816.2576915194998
706.6,0.009759744,782.4460289773315
706.7,0.0055722133,1114.3813371618503
706.8,0.005057078,1257.126323315155
706.9,9.350618e-05,9595.56162090135
707.0,3.91685e-05,13527.636263806144
707.1,5.643701e-05,13160.977464948843
707.2,5.332855e-05,11789.262671413739
707.3,0.00015625471,8259.03448494013
707.4,0.0004951191,7313.658520768173
707.5,0.0055557876,1372.5638981505042
707.6,0.011126663,961.6246291122224
707.7,0.011533332,942.4599113499759
707.8,0.00024922192,7784.9432154134065
707.9,0.004866097,1061.4404859812653
708.0,0.0056020636,1000.3364341179982
708.1,0.0013337098,3659.895579910387
708.2,0.003478768,1184.2102511378307
708.3,0.0045955824,1083.5606061127548
708.4,0.0035736072,1258.4540796809706
708.5,0.000434015,5136.968154594605
708.6,0.0017725399,2206.578688879754
708.7,0.001071378,2700.4653312984974
708.8,5.201189e-05,11768.582107805429
708.9,0.0048527154,1261.2513851772462
709.0,0.0013522335,6416.48518898813
709.1,0.017134657,3084.4869801093646
709.2,0.013915093,1255.2277847993255
709.3,0.016028525,1207.7872397397905
709.4,0.01445132,1729.2712015116508
709.5,0.02696149,1052.7574873786148
709.6,0.0137925055,1760.0329682176418
709.7,0.049006306,920.5045407932607
709.8,0.0133283995,2475.868092316077
709.9,0.033296566,1125.4345707495743
710.0,0.01568316,933.0950077559316
710.1,0.001720268,1750.965106553732
710.2,6.229967e-05,10690.700028474803
710.3,4.5238507e-05,12721.186437251032
710.4,5.82481e-05,12162.090663812123
710.5,8.8751614e-05,11070.82980368351
710.6,3.413298e-05,13600.641447237922
710.7,4.995257e-05,12844.28106086841
710.8,4.15886e-05,13728.271627046595
710.9,3.5227236e-05,13720.47832660526
711.0,3.759595e-05,13920.714583435838
711.1,4.812801e-05,12600.914833212242
711.2,4.1784362e-05,13672.456197785465
711.3,5.04913e-05,13447.658163144411
711.4,3.7425452e-05,13529.149169743121
711.5,4.1332958e-05,12915.03933635333
711.6,0.00044767067,5370.605194494377
711.7,0.0009977975,9686.052354762005
711.8,0.007723741,3935.022294600707
711.9,0.018881721,1856.1492885446498
712.0,0.025779938,1370.9334441184815
712.1,0.00086274324,4130.500605448877
712.2,0.004509138,2096.062751083821
712.3,0.0011082395,3380.5830037935248
712.4,0.00012863231,8033.483242567947
712.5,8.131275e-05,9601.12184908487
712.6,6.429236e-05,10487.55990932679
712.7,5.1609655e-05,12290.933905403563
712.8,5.3385407e-05,11841.953007240532
712.9,0.003628511,1786.3073389723281
713.0,0.0069870935,2007.2149628010864
713.1,0.0038632047,2073.0622089511817
713.2,7.739226e-05,10112.342463951549
713.3,0.0001373169,8963.567469623853
713.4,0.02533292,3962.6055077956403
713.5,0.04708506,822.5350742489713
713.6,0.027137214,1191.5153577103554
713.7,0.013502898,2220.297779945529
713.8,0.01103858,3737.4964971307904
713.9,0.026014816,997.0554350588362
714.0,0.018051807,1135.895710135016
714.1,0.0011111317,3750.176995879244
714.2,4.105817e-05,11972.915938291451
714.3,4.4898872e-05,11783.37355252293
714.4,7.1251816e-05,9071.974858167963
714.5,4.4277727e-05,12720.422257645154
714.6,5.0557424e-05,11832.016556395773
714.7,5.1522213e-05,11279.480091013924
714.8,4.640511e-05,11916.858422791436
714.9,5.731222e-05,12036.306885882936
715.0,6.902427e-05,11082.255284517118
715.1,6.1463346e-05,10900.373708074894
715.2,5.6393066e-05,11657.223088001487
715.3,3.8027712e-05,13376.507960938483
715.4,3.6463265e-05,13491.198162137365
715.5,5.7739442e-05,12929.771954849075
715.6,3.901055e-05,13649.442201275579
715.7,4.3571912e-05,13816.300275704036
715.8,5.029839e-05,13361.987911887285
715.9,3.3493172e-05,14184.779376928247
716.0,3.2819233e-05,13919.036949190066
716.1,4.65466e-05,13782.267374578056
716.2,8.066986e-05,12495.804895575957
716.3,0.0039446503,1086.6536693092944
716.4,0.012141478,786.9692527021801
716.5,0.001098583,7468.060248294612
716.6,0.036857445,1342.9734704750338
716.7,0.04097723,910.0633321722149
716.8,0.019213151,1069.623606093297
716.9,0.00027604346,6540.655777641384
717.0,0.0008680025,7912.6528488862605
717.1,0.01862255,1663.2969551358433
717.2,0.007893197,2603.0677042958605
717.3,0.008814259,3032.196742367754
717.4,0.005460742,1312.6768539172494
717.5,0.0049067335,1161.2731775262491
717.6,0.015525051,677.3834521375903
717.7,0.010623555,1059.7262188248033
717.8,0.0008515966,7596.558545700518
717.9,0.014962439,901.697507907898
718.0,0.004266886,1167.1775878499143
718.1,0.0015330388,2660.2712223607946
718.2,0.0026653025,1705.0629871851784
718.3,0.005822943,890.9752561526893
718.4,0.0010853402,6933.826395555155
718.5,0.02234263,798.2632746424416
718.6,0.00439317,4348.892834639497
718.7,0.011012369,1784.681820180822
718.8,0.0077662226,1574.7734986579721
718.9,0.0074097943,1495.8728827340924
719.0,0.004012588,1253.3938467106836
719.1,0.0027935205,1510.1338852981562
719.2,0.00011466042,9090.068747645484
719.3,6.1023322e-05,11550.31484465447
719.4,6.280721e-05,10567.365046484249
719.5,6.526415e-05,9598.16778745521
719.6,6.0666447e-05,10247.293948218172
719.7,6.442071e-05,10568.315407763115
719.8,5.368196e-05,12073.10101518243
719.9,4.0000756e-05,13822.129719984972
720.0,0.006449422,977.776118135449
720.1,0.009774641,857.5645130252933
720.2,0.007935084,972.9794239906937
720.3,0.0016171876,1463.5844442772568
720.4,5.924498e-05,11602.894839230088
720.5,5.3449916e-05,12079.547287530473
720.6,5.2196458e-05,12592.621179368209
720.7,8.7269385e-05,10710.356630539864
720.8,0.020545999,849.9565730869208
720.9,0.012849943,989.9230821200442
721.0,0.017076194,1193.2563831011578
721.1,0.014114791,1006.1914161090017
721.2,0.019264337,997.7440360468024
721.3,0.01392179,998.5799748494414
721.4,0.0011649765,4271.60692910099
721.5,0.0020632145,2814.313707596611
721.6,0.0022622156,2146.04457271561
721.7,0.015792929,1369.0623471624192
721.8,0.0065958784,1590.356138917464
721.9,0.011200296,1753.6655245949087
722.0,0.004563621,1135.1301167677034
722.1,0.0045531825,1058.7511536855714
722.2,0.0065209824,1275.4984495417661
722.3,0.0013880762,2133.798698516941
722.4,0.007357841,1188.3189596172165
722.5,0.0018382622,2286.5701918564096
722.6,0.0010552573,3038.293017916878
722.7,0.014977397,994.5719219916866
722.8,0.0065653725,1199.5904189239166
722.9,0.00063421857,4462.8002825576905
723.0,9.8707584e-05,10291.717791667352
723.1,7.80474e-05,11205.051081359641
723.2,6.18498e-05,11967.525819336457
723.3,5.3705095e-05,12483.813910754969
723.4,9.566917e-05,11800.574908906368
723.5,7.4530966e-05,12496.347685047907
723.6,5.025411e-05,12793.865503989438
723.7,0.009950428,905.3080414243819
723.8,0.009242141,918.0362013818631
723.9,0.005199347,1255.5554942070453
724.0,0.0018807024,2418.0389244767325
724.1,6.385462e-05,11145.919502241184
724.2,6.044757e-05,10752.48858374853
724.3,5.9846017e-05,11829.808193389412
724.4,5.0134397e-05,11743.53938278709
724.5,4.9952283e-05,13177.941013975797
724.6,5.2454543e-05,12371.510265442099
724.7,7.629864e-05,12350.401814591052
724.8,3.589335e-05,13213.644373211473
724.9,6.3262705e-05,12889.392429339381
725.0,4.638664e-05,13400.785781464307
725.1,4.55117e-05,13218.84351548208
725.2,6.479629e-05,11720.99901809304
725.3,5.379644e-05,12427.217354977558
725.4,4.3461307e-05,13400.72445601433
725.5,5.699287e-05,12448.26863624813
725.6,9.0008114e-05,11735.45184545175
725.7,7.518023e-05,11789.857399172575
725.8,7.873829e-05,11717.12188067488
725.9,4.5552802e-05,13383.646446062841
726.0,6.3580745e-05,12868.643721394008
726.1,4.2404066e-05,12780.88057509889
726.2,0.002098907,2380.4108524815497
726.3,0.003070693,2071.3089059300405
726.4,0.0008881862,3557.452133914467
726.5,0.00020520127,5614.533343203839
726.6,0.00013758037,7135.830268691251
726.7,0.00012073981,7834.817834249264
726.8,0.00012380956,8362.941255521535
726.9,7.6407014e-05,9782.12376530017
727.0,7.799396e-05,10518.711845326407
727.1,7.015427e-05,11972.97701195977
727.2,5.06905e-05,12631.623449687539
727.3,5.254875e-05,12291.081019428077
727.4,4.7296417e-05,13152.937919543205
727.5,8.042535e-05,11493.211900884773
727.6,4.651797e-05,13030.713873885188
727.7,4.6443387e-05,12076.140183389938
727.8,6.197791e-05,9979.597176828662
727.9,0.000118576776,7760.449290094961
728.0,0.00013987685,7423.169582062187
728.1,0.0025577606,2489.1797337779235
728.2,0.017428221,1049.3349905477444
728.3,0.021469176,1105.6527059023288
728.4,0.014502624,1176.1982945571353
728.5,0.021457586,1202.6320819339835
728.6,0.013941312,1346.8028234978283
728.7,0.0059220265,3754.933701558656
728.8,0.006916685,3978.0083226180095
728.9,0.015783459,1628.5007642462167
729.0,0.019501291,1689.7220698647873
729.1,0.037197225,1269.5799940788256
729.2,0.023313256,1207.7093255266263
729.3,0.011482575,1255.5761051001282
729.4,0.027564377,994.916877206646
729.5,0.025525225,957.7594536636607
729.6,0.029758032,1030.0657572190858
729.7,0.020137083,826.7225862909297
729.8,0.006630795,1541.913669059415
729.9,0.001057375,7233.077819780106
730.0,0.015004495,891.7368621563764
730.1,0.0006268053,4462.285615372128
730.2,0.009695077,955.091015292189
730.3,0.005225893,987.5627594541401
730.4,0.0051556607,971.0524475483
730.5,0.0023903945,1522.5801422138302
730.6,0.00094932195,3392.653830496818
730.7,0.0002929004,7809.797987864357
730.8,9.98193e-05,10004.736663475682
730.9,9.576849e-05,8323.55617517277
731.0,0.0006054866,3720.7810311173334
731.1,0.010534831,1002.3529171561619
731.2,0.0034902107,1604.8738569463285
731.3,0.014471603,1071.487255674694
731.4,0.007860329,1138.9610273651538
731.5,0.0007418993,8191.306372045752
731.6,0.007136755,1341.1174705792455
731.7,0.0050787954,1039.4388502168024
731.8,0.002435572,1796.5523023297314
731.9,0.00015950193,8893.445829667271
732.0,0.0016646972,2163.5239171923927
732.1,0.008346311,955.6351500329176
732.2,0.0067081535,1761.1809056924362
732.3,0.023322161,924.4698107549377
732.4,0.008721763,1904.0557020266374
732.5,0.010834801,1072.2809062430497
732.6,0.004429541,2943.593261877826
732.7,0.0003189294,8184.517038168631
732.8,0.00036479108,4095.13181327128
732.9,9.152827e-05,9723.980018438517
733.0,6.923309e-05,9546.372583001514
733.1,5.6243218e-05,10735.44114595326
733.2,6.537527e-05,10477.344072690834
733.3,4.3526525e-05,12561.318815469078
733.4,4.965028e-05,11833.056179587573
733.5,4.6457717e-05,12795.692672478395
733.6,4.360426e-05,12588.326889514534
733.7,5.255077e-05,11444.663619846564
733.8,3.754837e-05,13584.285650811053
733.9,5.08277e-05,12288.188069269352
734.0,4.9016788e-05,12690.239318160011
734.1,7.8885016e-05,11064.123792463648
734.2,4.1401e-05,12711.9680326022
734.3,3.577801e-05,13610.690327902004
734.4,0.00029749898,6674.889639350191
734.5,0.0021929315,3160.5059698484038
734.6,0.0023871835,2683.979261486819
734.7,0.00043428908,4324.074496142735
734.8,0.00011887731,7703.69288879462
734.9,5.9544374e-05,10361.555304941561
735.0,7.478363e-05,11715.113833047568
735.1,5.398412e-05,12334.04583490055
735.2,4.1358104e-05,13130.938648093754
735.3,6.130741e-05,12144.61834891047
735.4,5.5030523e-05,12592.72242791687
735.5,4.1132178e-05,13361.849012873947
735.6,3.987181e-05,13899.00751212744
735.7,4.8489674e-05,12382.506230128683
735.8,4.5164295e-05,12947.150727394359
735.9,6.374927e-05,12589.790108619325
736.0,5.4556822e-05,13403.835861289706
736.1,3.762323e-05,13306.8918358926
736.2,5.0698116e-05,12802.103488548568
736.3,4.1662235e-05,13306.47927130893
736.4,8.428826e-05,12191.859418613385
736.5,4.2872154e-05,12801.87792738475
736.6,3.4948054e-05,14150.321857434705
736.7,3.8302882e-05,13498.598819464307
736.8,4.223737e-05,13481.351754524036
736.9,3.824714e-05,13318.800756798566
737.0,9.041918e-05,10223.702611434219
737.1,7.5399934e-05,10937.7284306821
737.2,0.00040609186,3488.533186926567
737.3,0.00017444517,5479.236166801926
737.4,0.00015634064,6144.8882833995785
737.5,0.00016542383,6298.605679075856
737.6,0.00013224127,7142.215524278199
737.7,0.0011563669,7726.956756540403
737.8,0.020582879,1345.7317432772031
737.9,0.02561535,1496.7907744948566
738.0,0.03347637,1431.9660095031677
738.1,0.037806574,1298.1252777857453
738.2,0.03311981,1312.8345146074448
738.3,0.01739189,1119.913229927432
738.4,0.01238208,1694.6309833484374
738.5,0.02688693,1412.6291202551436
738.6,0.046567444,1356.1556116153704
738.7,0.0011354535,4132.415872639321
738.8,0.018266376,1385.8153017673176
738.9,0.006098004,1723.9919826110786
739.0,0.01881973,1146.5934421619995
739.1,0.006941039,1419.0883474591428
739.2,0.010677268,1350.5268405015624
739.3,0.021765819,1491.0733888889736
739.4,0.016151879,1772.466070146849
739.5,0.0027948157,2039.0908260235108
739.6,0.0012350682,3282.2776967870145
739.7,0.0012391073,3463.091920959954
739.8,0.0024861607,2714.57128225569
739.9,0.0017706115,3138.6965012929795
740.0,0.0025783118,3990.0444540117974
740.1,0.003413603,2445.1662710313044
740.2,0.0030730404,1952.1576832551766
740.3,0.0001742973,7073.646690206601
740.4,0.00012973015,6723.140003262699
740.5,5.316346e-05,11125.524533228829
740.6,0.019394808,1182.1976000554432
740.7,0.008459201,1417.4615408482387
740.8,0.00010631302,9745.670258034934
740.9,0.006109332,1824.2742696775308
741.0,0.00031060193,8396.077348612003
741.1,0.010449623,1227.3286553630078
741.2,0.0008665235,6994.794044700775
741.3,0.012431095,1617.4916531836523
741.4,0.010299796,2879.349999204431
741.5,0.01209779,1273.3804549626936
741.6,0.011031775,840.7810054699759
741.7,0.0034626168,1558.4071794375286
741.8,0.016772965,832.1365986129209
741.9,0.018095523,774.4644632638535
742.0,0.013536913,1332.0374464869803
742.1,0.002208469,2336.5868686632434
742.2,0.00074291206,7759.892333429363
742.3,0.005739875,1276.0772151073834
742.4,0.0035825206,1415.8541700170506
742.5,0.0040630405,2261.049164421955
742.6,0.014191821,711.6978124927016
742.7,0.00082246517,8081.804251910953
742.8,0.009966005,1290.5867232796827
742.9,0.0059842775,1221.2662888812788
743.0,0.0027503439,1539.544059075759
743.1,0.0034607027,1393.682076348652
743.2,0.0019373391,1560.7466115939205
743.3,0.0008099952,4019.514496635917
743.4,6.329362e-05,11527.164949460968
743.5,3.977356e-05,13221.45234439472
743.6,4.1186107e-05,13506.665450142293
743.7,3.3276774e-05,13885.062133233589
743.8,3.227284e-05,14281.835465237009
743.9,3.7033547e-05,14153.191484917126
744.0,4.1444426e-05,14411.376795422271
744.1,6.878777e-05,9896.654623443439
744.2,0.00013906592,7333.35816875767
744.3,0.00027703194,6739.66550199303
744.4,0.0004879068,6297.8103601243165
744.5,0.00063322554,6239.668127200182
744.6,0.00086066814,6009.934969607933
744.7,0.0011819401,5595.198277862252
744.8,0.00090507325,5864.682320722338
744.9,0.0030548347,2762.046001051064
745.0,0.0120194405,1411.3649691535206
745.1,0.021213425,2075.8876625755656
745.2,0.037010767,1558.8416405625676
745.3,0.04049027,1692.034967498017
745.4,0.025744243,1892.2134054648136
745.5,0.02394948,1974.067776058697
745.6,0.018739907,1957.3022376529439
745.7,0.032276545,1839.183631494185
745.8,0.032577794,1623.5346146475767
745.9,0.020230718,1526.4186857139653
746.0,0.018097779,1485.4485999478097
746.1,0.017260317,1611.228754586769
746.2,0.015318836,1686.5255168579054
746.3,0.0140892165,1801.5323414580619
746.4,0.012611877,2215.8180018086355
746.5,0.011304555,2036.8223625564783
746.6,0.007287856,2573.920681802349
746.7,0.004498827,4099.164811473962
746.8,0.004041853,3537.6405199784494
746.9,0.0030330801,5474.0802010006955
747.0,0.0015298409,5004.392897373673
747.1,0.0010919765,3721.3297470862512
747.2,0.003079972,2350.0661787467434
747.3,0.00017257262,6860.0270760087915
747.4,6.7973975e-05,9604.414866887226
747.5,4.764716e-05,13316.198195587673
747.6,4.9162274e-05,13073.408910241667
747.7,3.700542e-05,14085.709751015955
747.8,3.1642456e-05,14200.864973986967
747.9,4.6431724e-05,13774.461580561012
748.0,4.059264e-05,13453.21262683464
748.1,4.371144e-05,13688.713936018705
748.2,4.4814948e-05,13587.171579516109
748.3,3.685289e-05,13750.451121296379
748.4,0.007547541,1021.4679208094282
748.5,0.0027493485,1979.446035178386
748.6,0.0045885346,1135.2504618218813
748.7,0.001980932,5722.01184241635
748.8,0.014603202,961.3390065388855
748.9,0.0076193833,1214.0466488363745
749.0,0.0006707552,8604.305409457538
749.1,0.0044275825,1375.5044761069382
749.2,0.0029880332,1261.131971385642
749.3,5.9469887e-05,11167.05619582579
749.4,4.4121913e-05,12938.556221722136
749.5,5.7416546e-05,12549.871520041477
749.6,3.7698377e-05,13508.988863157556
749.7,5.1560586e-05,12887.259550073493
749.8,5.9379716e-05,12559.84752038438
749.9,3.6570927e-05,13834.115832593972
750.0,4.7646885e-05,13329.456524161827
750.1,3.8624657e-05,14111.526494319
750.2,3.8131086e-05,14168.299120688118
750.3,3.5300778e-05,13943.71019684808
750.4,4.2042444e-05,13047.100185157973
750.5,0.00052588293,3543.0940556257865
750.6,0.0018661272,2752.3769186182963
750.7,0.0021027299,2695.254309629062
750.8,0.0046759965,2650.6062514403548
750.9,0.015711984,916.7261500432504
751.0,0.0012156661,3698.219399866403
751.1,0.0001370683,7898.696972330556
751.2,0.00024031072,5454.580814734136
751.3,0.00069943164,4061.4758244522836
751.4,7.7554665e-05,8501.225597646673
751.5,8.353299e-05,8684.171319184457
751.6,0.0006092463,3465.2330532397605
751.7,0.0015377562,3544.982470483618
751.8,0.0010485776,3421.118394742322
751.9,0.000715609,3459.5474834112847
752.0,0.00070136687,3253.83259379765
752.1,0.000534258,3563.0809270008185
752.2,0.008758219,735.2253053116178
752.3,0.025691835,1539.1234590051654
752.4,0.029954882,844.7208681998931
752.5,0.03409123,1421.199472683321
752.6,0.024532884,956.1171716569543
752.7,0.0022255138,4135.750297871013
752.8,0.004746511,4947.70209412652
752.9,0.009296004,2940.3000900808393
753.0,0.023162235,1225.1976970492215
753.1,0.019126479,1058.2415821540155
753.2,0.01595457,1312.4167900851469
753.3,0.020679567,892.4798553624896
753.4,0.01830249,1090.7790492976003
753.5,0.0068926685,1107.4324378003664
753.6,0.009624059,1309.74294376613
753.7,0.008614185,924.2856122853921
753.8,0.0033068496,1207.7457993091089
753.9,0.005744479,862.9269727437174
754.0,0.000668682,4037.6340442281917
754.1,0.0049417163,986.0134121325585
754.2,0.0007467794,4791.033564436721
754.3,8.7508284e-05,10934.689341711135
754.4,4.7718422e-05,12604.265947439146
754.5,9.175078e-05,10444.425397702105
754.6,4.7855316e-05,12351.979468382722
754.7,3.6354482e-05,12608.822015668607
754.8,4.6006222e-05,13319.350219936041
754.9,9.091108e-05,11530.277697922174
755.0,4.7258534e-05,13003.274428855533
755.1,4.6986563e-05,13413.6464556901
755.2,5.295862e-05,11734.520313190204
755.3,4.9104103e-05,11762.559744700964
755.4,6.172937e-05,11678.87899714593
755.5,5.8959293e-05,12434.138437982569
755.6,3.6613063e-05,13292.470003340388
755.7,0.0009766284,6842.974494516
755.8,0.010695393,1246.6136083912966
755.9,0.027311929,1318.7704450526016
756.0,0.05230654,1391.865506772299
756.1,0.023562215,1251.8554323163391
756.2,0.001931169,2759.10177014293
756.3,0.0030052096,2309.2112903056973
756.4,0.055759694,1051.260803506122
756.5,0.0028260474,2410.367354168507
756.6,0.020814152,1980.6209110100544
756.7,0.028850887,1609.2254060929001
756.8,0.06778528,1210.0137035373407
756.9,0.03378934,1055.179587538582
757.0,0.024229223,775.2173732434599
757.1,0.0043053846,2565.9248312758614
757.2,0.022018135,1495.117767464315
757.3,0.015450517,1311.8970752889147
757.4,0.030804772,1183.7121791536756
757.5,0.0575162,1116.2949300556397
757.6,0.03435309,1142.19119685826
757.7,0.03121642,1143.637399195192
757.8,0.025809646,1226.6184732128095
757.9,0.033473607,1298.7231534852272
758.0,0.027563065,1302.2323491564316
758.1,0.012724221,876.3262325711539
758.2,0.010790127,1055.6551162712733
758.3,0.015536077,1187.3931650897393
758.4,0.04642618,1143.170551512229
758.5,0.025512617,1230.162318188071
758.6,0.0010484655,3027.31242192543
758.7,0.021030879,1221.9649007647945
758.8,0.019567132,1104.3147250123436
758.9,0.019436779,1121.9274046005312
759.0,0.004962656,1947.2089735364834
759.1,0.014648699,939.3908624084437
759.2,0.011700853,1049.3888659727588
759.3,0.0077756247,992.8034760047826
759.4,0.008143982,1304.0763686064124
759.5,0.007807912,2426.6728424492785
759.6,0.0053446935,2187.9891022289403
759.7,0.010294765,2760.774436647168
759.8,0.030768352,1188.2209803613612
759.9,0.021861644,1824.5223825590513
760.0,0.016512379,1268.0498332360526
760.1,0.005331615,1585.8119704657731
760.2,0.018000813,1223.380844774702
760.3,0.05918789,1169.2381569064385
760.4,0.016821725,1196.8509977842978
760.5,0.002280463,1755.0032277507146
760.6,0.0016637935,2612.2962661787315
760.7,0.0011150128,2966.99804273846
760.8,0.021086823,1050.4238120018322
760.9,0.0052853543,2165.3652147531784
761.0,0.0023785862,3945.5586558933364
761.1,0.036164094,1073.7515215946876
761.2,0.008374333,1363.0057272308927
761.3,0.017091125,1587.9013220268778
761.4,0.02449682,953.7871559337469
761.5,0.022119658,1609.7431267615425
761.6,0.017675646,938.1799978530019
761.7,0.0011519045,3069.389520594061
761.8,0.0044842027,1134.3540093507831
761.9,0.007809106,1199.8916832506843
762.0,0.006130355,2449.4251579955703
762.1,0.007167284,1193.7502991107804
762.2,0.0001715949,8172.445095366314
762.3,6.183964e-05,11096.097338706806
762.4,6.685699e-05,9728.694192725101
762.5,7.976346e-05,8690.723235925701
762.6,9.162292e-05,8518.968272081893
762.7,9.859247e-05,8805.642921389734
762.8,0.00012705463,8244.208442267194
762.9,7.6060125e-05,9657.235923476663
763.0,6.5060856e-05,10094.413045718327
763.1,8.55531e-05,9923.219496394167
763.2,6.5051514e-05,10562.660955071166
763.3,5.108207e-05,11280.82029274664
763.4,6.136535e-05,11410.591675360272
763.5,0.0037178216,2461.5388896838786
763.6,0.026953284,908.3821247412186
763.7,0.019674573,1723.7570866852484
763.8,0.03380683,1552.5636194316842
763.9,0.0389293,1201.7436304892003
764.0,0.001394456,4141.957862015575
764.1,0.020090478,2984.9441611889397
764.2,0.0057861735,1903.0811776674702
764.3,0.011380799,1421.9802355580828
764.4,0.0021810506,2562.04392799161
764.5,0.0028016125,4226.972323850752
764.6,0.0074753803,1101.5794669647812
764.7,0.0021337105,4023.8127923428096
764.8,0.0018207858,2694.8369558303043
764.9,0.029281227,3698.465603448314
765.0,0.02802767,1747.2764904046044
765.1,0.024032844,4166.2825222351585
765.2,0.045190193,2199.3627160979104
765.3,0.06535776,1057.6906037149406
765.4,0.005014347,2769.6265452876896
765.5,0.016117703,1025.2930867336843
765.6,0.019121429,1099.9449895514538
765.7,0.01051466,1228.7001935929443
765.8,0.00072856585,4854.081438971988
765.9,7.638782e-05,9990.38709343796
766.0,5.3025535e-05,10820.601241004424
766.1,8.5702275e-05,9016.19142678058
766.2,0.000105376894,8823.891992929233
766.3,0.006518612,2517.3058904369336
766.4,0.007686816,2325.0579601134723
766.5,0.00020990484,6556.2903714277
766.6,0.0031949205,7311.307566121535
766.7,0.03205625,1067.6308426688583
766.8,0.006363433,1647.156306271306
766.9,0.002837097,1979.9522300344092
767.0,0.00011995679,8670.346129993874
767.1,6.409783e-05,9682.642331726796
767.2,5.2660143e-05,12017.420946341303
767.3,7.299159e-05,9511.576250147627
767.4,6.258172e-05,10081.754792610269
767.5,0.00055539474,4696.538155864985
767.6,0.0059057255,2031.4700241672501
767.7,0.0010398992,3248.5696496501114
767.8,0.0006218486,3412.026432787513
767.9,7.43346e-05,8608.651274289656
768.0,0.011010861,2586.616611530278
768.1,0.02115939,1527.054860641809
768.2,0.03398799,574.3143602156013
768.3,0.02274808,1561.9988189707003
768.4,0.021345792,861.8081866070879
768.5,0.0012299352,6702.2913868055275
768.6,0.02985041,1506.9401881420474
768.7,0.015210658,1532.6237406506732
768.8,0.0149678355,1267.0586018269607
768.9,0.0096121635,986.3687485520098
769.0,0.0055607664,1082.4927668215278
769.1,0.0058094067,930.2043156803152
769.2,0.0017470813,3159.548136565675
769.3,0.0010761125,3957.2885677194445
769.4,0.0013956968,4524.870238018636
769.5,0.0012879281,4473.844368476193
769.6,0.0010665333,4675.2254457454965
769.7,0.00025857953,6634.044301821291
769.8,0.00018754954,6810.477471724653
769.9,0.00029241922,5831.811356939923
770.0,0.00015982319,6936.383863683083
770.1,0.00018465363,7719.017788083946
770.2,0.0001318782,7802.905477861656
770.3,0.00013287715,8408.658505837508
770.4,0.0003677507,7158.714128295088
770.5,0.0010453409,5196.0163310463795
770.6,0.0011609151,4380.06808340603
770.7,9.7252734e-05,8648.419537748454
770.8,0.00017156455,6726.710518529284
770.9,0.00049174577,4945.779673325241
771.0,0.0007432488,4825.363192570783
771.1,0.0031606897,3011.07896468109
771.2,0.0027013759,4229.461114734747
771.3,0.0006796251,5025.177276120858
771.4,0.00085929496,4186.77140281772
771.5,0.0003481506,5689.789781422718
771.6,0.0013069863,4611.94363356862
771.7,0.0021658447,1853.1646570189953
771.8,0.00022636089,6699.79591317555
771.9,0.000105214844,8508.794994623364
772.0,6.8384834e-05,10505.410096229823
772.1,3.361926e-05,14711.47100524398
772.2,4.2952073e-05,13131.84013461607
772.3,3.6259513e-05,13516.056007546524
772.4,4.0713603e-05,13584.452490673555
772.5,4.2666055e-05,13754.48419567968
772.6,3.768033e-05,13522.738224087903
772.7,3.689674e-05,14374.47970975299
772.8,3.623395e-05,14090.70540222646
772.9,4.321152e-05,14025.206380753076
773.0,4.012697e-05,13788.379207322663
773.1,3.9137904e-05,13584.142909320663
773.2,3.7557034e-05,13705.932660058948
773.3,4.5088236e-05,13600.385864473337
773.4,4.5347133e-05,13537.753305256416
773.5,4.388276e-05,13512.23423512083
773.6,6.5250686e-05,11570.147012539941
773.7,4.811637e-05,11848.527918062615
773.8,5.7233123e-05,11144.281192736593
773.9,4.2587777e-05,13061.244154250424
774.0,3.1441567e-05,13961.46400578756
774.1,5.05504e-05,11672.474070983157
774.2,3.86695e-05,13006.240940505108
774.3,4.3632983e-05,12636.680399099334
774.4,5.078119e-05,9914.890570170044
774.5,7.3517454e-05,10153.356727586895
774.6,0.0006046365,8855.96011175243
774.7,0.015475302,858.9959851844933
774.8,0.0050217914,1061.0247473705385
774.9,0.0001128257,8861.565765430867
775.0,0.0001193162,8587.82402582581
775.1,7.422526e-05,9272.804876083172
775.2,6.47216e-05,10182.669901716537
775.3,5.262984e-05,10524.09178284418
775.4,0.0008080888,6782.480724818371
775.5,0.0011180692,5785.39490877319
775.6,0.02089252,794.0877128374483
775.7,0.024650238,1325.8709827998905
775.8,0.04208771,953.5160995949075
775.9,0.024619186,1287.7026288000402
776.0,0.012548523,1299.9234781211405
776.1,0.022103058,1740.0380362833073
776.2,0.025460877,1114.3713182270617
776.3,0.018167,1041.9325915415448
776.4,0.0032342856,1652.9582468762367
776.5,6.993652e-05,10240.025517815382
776.6,9.908284e-05,9554.844930587251
776.7,0.010227952,1719.7730516012512
776.8,0.014318982,2454.1928098245803
776.9,0.057642143,1325.82765277039
777.0,0.051802676,1737.2453843958444
777.1,0.029017149,1398.5513162671675
777.2,0.033963766,1845.6349552496326
777.3,0.010106946,1097.4088773186286
777.4,0.0031419205,2893.085468589621
777.5,5.8525e-05,10583.461259806632
777.6,0.00011093356,7984.270896660981
777.7,6.3111904e-05,10038.821439348509
777.8,4.3919827e-05,11973.641443974968
777.9,5.3204214e-05,10501.015430909087
778.0,8.6928936e-05,8873.27774995262
778.1,8.162477e-05,9620.183537306475
778.2,6.14013e-05,10272.099930796629
778.3,4.740719e-05,11155.80228428837
778.4,4.5156277e-05,12492.776605117924
778.5,4.8086316e-05,12762.331190682402
778.6,4.6089375e-05,12365.225855915463
778.7,5.06428e-05,12134.618436420318
778.8,4.5426375e-05,11962.338734712404
778.9,7.7770965e-05,11185.837246863472
779.0,0.00010006115,11199.603139841827
779.1,4.62059e-05,12571.727633580722
779.2,4.0360574e-05,13111.934974765954
779.3,4.506978e-05,12154.910442282415
779.4,4.1975636e-05,12521.249248877886
779.5,4.5138953e-05,13109.500728961848
779.6,3.7586917e-05,13356.878731806715
779.7,4.400758e-05,13192.034624438811
779.8,4.157531e-05,12682.881229941926
779.9,4.2893458e-05,12783.958840411558
780.0,5.3544336e-05,12579.623599488203
780.1,4.7766775e-05,13197.352158892216
780.2,8.1112885e-05,12542.821993338379
780.3,7.465635e-05,11677.736287632719
780.4,6.313327e-05,11878.15097829016
780.5,4.4678884e-05,12731.574409018258
780.6,0.00034992085,3155.0247032820735
780.7,0.0028110181,2759.9884109200852
780.8,0.0058531463,1915.1578522695552
780.9,0.0014218176,2804.213399527036
781.0,0.00021429712,5331.7760871974115
781.1,0.000120528945,7607.079059262073
781.2,0.00013876759,7983.101827604478
781.3,0.00039158497,5805.733049019253
781.4,0.009086845,2115.1076372306807
781.5,0.00032126976,5828.296992532287
781.6,0.00029997717,6736.6849320575075
781.7,0.00072366657,4877.196842926302
781.8,0.0008479175,6013.391993032343
781.9,0.0007381666,6402.341151797586
782.0,0.0007247483,6350.286970925637
782.1,0.0010681994,5704.135334202703
782.2,0.0007407406,6076.394046739353
782.3,0.0010742535,5248.538882280172
782.4,0.0016030155,3752.621525620668
782.5,0.00039721155,7404.359192236413
782.6,0.0004710336,6387.757240003686
782.7,0.000390106,6740.454300003268
782.8,0.0043334197,1805.7684848194385
782.9,0.004132126,1728.3952609192925
783.0,0.0036073648,1603.2354618503248
783.1,0.0021925091,1747.2461435499831
783.2,0.0021611545,1870.3936401477038
783.3,0.0001788245,8559.693705685177
783.4,9.985772e-05,11156.248058866666
783.5,0.00012715184,9859.950536235157
783.6,0.0021636928,2934.7793505814934
783.7,0.007437366,1105.971843480225
783.8,0.014338296,1050.09804779754
783.9,0.016203245,1835.6096242163335
784.0,0.024174077,1104.7188362828883
784.1,0.012309704,813.5283578442359
784.2,0.00392432,5064.074530593629
784.3,0.02104714,1067.852609272019
784.4,0.023820883,950.669967567804
784.5,0.016464323,1112.0454319263586
784.6,0.0009670071,6886.285348873251
784.7,0.006665654,1178.213649167553
784.8,0.0052979486,1515.3682760628772
784.9,0.0007813097,4225.407166432042
785.0,0.021206599,915.89467285061
785.1,0.021441286,963.486437229152
785.2,0.0069630053,1159.2203328832175
785.3,0.00062046654,9048.436329059225
785.4,0.0043865135,1405.0300583118699
785.5,0.0067888973,1031.7354175564387
785.6,0.009447113,895.9901961385319
785.7,0.0069231424,987.6674066949436
785.8,0.0038345002,1086.01219745462
785.9,0.00032923548,5248.522998551131
786.0,5.530464e-05,12107.4975492927
786.1,6.854232e-05,11838.584871428679
786.2,4.6913177e-05,12990.40226796025
786.3,4.0294577e-05,13044.113606665489
786.4,4.3478853e-05,13769.24038203272
786.5,4.157317e-05,13450.708912720274
786.6,4.3936456e-05,13700.605578526302
786.7,5.9370377e-05,12226.764131567412
786.8,4.0314862e-05,13476.889165578854
786.9,9.776009e-05,12086.220793595416
787.0,8.630947e-05,12194.459805596394
787.1,5.220291e-05,13177.11788910522
787.2,5.3470245e-05,12637.600588927413
787.3,0.00034195345,7589.008047704042
787.4,0.00015355762,10904.515589643921
787.5,5.606649e-05,12452.03885213045
787.6,0.00010654303,11539.28207648343
787.7,3.2497974e-05,14034.11032637851
787.8,7.4829106e-05,11640.491714110545
787.9,3.9608367e-05,14261.980729681767
788.0,4.9885843e-05,13035.61981493064
788.1,3.7382e-05,13586.670373358487
788.2,4.9442348e-05,12853.767915061126
788.3,3.6857615e-05,13804.885118689072
788.4,3.4201847e-05,14073.404459564812
788.5,4.2973224e-05,13198.219837497534
788.6,3.7770857e-05,13290.934394369473
788.7,4.052166e-05,13709.115891721638
788.8,3.91138e-05,13072.697188690427
788.9,4.1171083e-05,13683.753089240356
789.0,4.405188e-05,13710.595582913567
789.1,0.00019246446,9050.94674131981
789.2,4.2555446e-05,13299.516538220472
789.3,4.709487e-05,12959.66626540367
789.4,5.2731302e-05,12851.088639951939
789.5,4.6908615e-05,13011.597409792343
789.6,6.0915623e-05,12011.530756576016
789.7,5.5760203e-05,11960.29448775505
789.8,5.0337127e-05,11745.151217306813
789.9,6.081358e-05,11581.09672111857
790.0,4.0740906e-05,12402.48888452382
790.1,4.496196e-05,12707.178309030069
790.2,6.517473e-05,11096.476648285518
790.3,6.285722e-05,10697.57636435355
790.4,0.0001255244,8067.075192692584
790.5,0.00039782957,8830.459300164626
790.6,0.009157013,865.7460923819751
790.7,0.004761896,1450.3361442228434
790.8,0.0029342624,1633.7811340450444
790.9,0.0020074516,1608.0087154245568
791.0,0.0014720658,1751.389061398861
791.1,0.00029621544,8945.056067376328
791.2,0.01595271,998.4333944147554
791.3,0.013832714,1308.7661888710736
791.4,0.028514082,1065.5896550746809
791.5,0.014592715,1045.9092796327743
791.6,0.006396104,1121.4495536784916
791.7,0.0040630577,1215.9361980509525
791.8,0.00076128455,3375.7489973395104
791.9,0.00011405277,8257.434087867026
792.0,6.729748e-05,9751.235067922324
792.1,4.427869e-05,11898.462070626894
792.2,4.100596e-05,12787.333560110852
792.3,3.7416863e-05,13216.972797383376
792.4,4.877721e-05,12951.482060286922
792.5,3.865481e-05,13122.70148519721
792.6,4.469451e-05,12427.799027952336
792.7,5.4599113e-05,10648.929482263668
792.8,0.00013514605,7643.130770883289
792.9,0.00025654488,9123.061405352388
793.0,0.00043447578,4233.203936761179
793.1,0.0005066086,5517.13972112206
793.2,0.0002323632,6375.7649960088975
793.3,0.0008756063,3786.647863302319
793.4,0.0009065136,3400.888554513912
793.5,0.000375104,4718.3345094480555
793.6,0.004556585,1456.4454170274157
793.7,0.0018422862,2919.4991954736856
793.8,0.0003484613,6137.2412062790645
793.9,0.00028888305,4774.70401713052
794.0,0.008040269,2305.4730890666874
794.1,0.035235986,1358.9953489909456
794.2,0.027943492,832.8752793287654
794.3,0.010986155,1452.1104147117576
794.4,0.0001311524,10775.04168385782
794.5,0.00072454725,5529.428501016206
794.6,0.013772543,1311.036613206353
794.7,0.023626698,853.7477444686039
794.8,0.004083198,3431.1719823968833
794.9,0.017740333,1131.6364538579328
795.0,0.010525765,1553.640743504948
795.1,0.009500529,1176.4377534944015
795.2,0.011640454,1145.4965798899204
795.3,0.013034305,876.3497963733948
795.4,0.0034839942,1244.09340168697
795.5,0.0009950732,2845.9549685486254
795.6,0.009455389,1072.842192774809
795.7,0.008852488,976.016782245948
795.8,0.00016255642,9102.190269697188
795.9,0.0021351844,1340.6186306695727
796.0,0.0028508818,1860.9987414778752
796.1,0.0008877224,2301.05866067074
796.2,5.669213e-05,10382.660983676287
796.3,6.187839e-05,11804.106619144335
796.4,4.4298435e-05,12671.961309866418
796.5,4.4503977e-05,12652.398160937806
796.6,5.2044597e-05,12230.545669028344
796.7,4.8277376e-05,13037.528830092739
796.8,4.0812123e-05,13388.707038424598
796.9,4.2413358e-05,12612.62686554906
797.0,4.172703e-05,12858.959741236247
797.1,4.080738e-05,13095.055764661269
797.2,4.423459e-05,13227.431226937824
797.3,7.327888e-05,12814.517944745134
797.4,3.7430756e-05,13376.091515233726
797.5,3.5284836e-05,13968.224924775419
797.6,3.5735615e-05,13293.157148226073
797.7,3.6452926e-05,13787.284251038513
797.8,3.895961e-05,13324.353963581303
797.9,4.398359e-05,12631.47474963661
798.0,3.5761484e-05,13650.266744954075
798.1,4.1610223e-05,13422.61719330878
798.2,4.1070834e-05,13769.294524903045
798.3,4.233386e-05,12673.023981955197
798.4,0.0003749966,8166.888758070247
798.5,0.0038696637,1867.0651233406861
798.6,0.0004544507,6412.936950401161
798.7,0.002289189,1811.4721473770423
798.8,0.0005514903,5206.040357151935
798.9,6.014602e-05,10726.894911126663
799.0,4.7115795e-05,11024.205852102266
799.1,0.0002881837,7243.626070952378
799.2,7.829212e-05,10240.533854986013
799.3,6.708183e-05,10891.416203495473
799.4,4.0551655e-05,12650.372201997603
799.5,3.745275e-05,14286.075057395201
799.6,3.490001e-05,13897.444867740687
799.7,3.6644757e-05,13619.153191624022
799.8,3.5907397e-05,13430.426792083596
799.9,3.3815402e-05,13524.694424803214
800.0,4.868545e-05,13524.992119335495
800.1,3.7828726e-05,13388.236346027412
800.2,3.588137e-05,14259.142644466438
800.3,4.4480894e-05,13764.906154521757
800.4,4.5936493e-05,13655.205413648064
800.5,3.426485e-05,13779.333591100994
800.6,8.125915e-05,12212.21231622242
800.7,3.2128923e-05,14286.96037619517
800.8,3.7118694e-05,13638.023090783918
800.9,0.0014202128,3474.50628474482
801.0,0.0006243952,3958.9963914541213
801.1,0.0006600369,3561.5992552552616
801.2,0.004395334,1110.9789099886136
801.3,0.0009340538,3763.884620768025
801.4,0.0056757177,1178.4715051843032
801.5,0.00012549543,8169.901543057207
801.6,5.253974e-05,11383.299859796323
801.7,6.3601554e-05,11004.56592112613
801.8,4.3481414e-05,12447.842691990943
801.9,7.990152e-05,12125.543674923698
802.0,4.1486823e-05,12933.848635871102
802.1,0.00015651953,7515.140096809446
802.2,0.000379014,4733.668023713484
802.3,0.0008805242,3771.8827608483916
802.4,0.0019427567,3480.1626661765395
802.5,0.0011879186,2802.4115626251137
802.6,0.00020308534,6174.3154465029875
802.7,0.00072925835,5443.925426824187
802.8,0.0010361759,3160.2910166964193
802.9,0.0004415028,4976.604973817821
803.0,0.00023426612,6576.337046102324
803.1,0.0023051114,4310.555582974487
803.2,0.0011602629,3756.9940572056453
803.3,0.0011926772,3737.9879428386785
803.4,0.00026347855,6083.188720980256
803.5,0.0016268715,4217.462072487862
803.6,0.000758401,4744.699685423264
803.7,0.004188268,3180.20533387924
803.8,0.02871268,590.1138107007906
803.9,0.021695029,811.0119295097959
804.0,0.005436984,2045.871167544945
804.1,0.011021017,1977.7931239474856
804.2,0.000714689,4776.113318134819
804.3,0.00020925906,8408.903479761662
804.4,7.917154e-05,11323.259361486478
804.5,4.4506756e-05,12312.068598035665
804.6,5.442817e-05,12719.517823445558
804.7,3.609862e-05,13420.650967731079
804.8,4.053691e-05,13423.157429202562
804.9,3.364464e-05,13808.097727650478
805.0,4.37234e-05,13886.932949545098
805.1,3.9022165e-05,13962.1556190078
805.2,7.777823e-05,12066.85871529671
805.3,4.4973935e-05,13631.713403928785
805.4,4.2264845e-05,13355.72534184756
805.5,4.4043427e-05,13294.578641237691
805.6,4.4647106e-05,12844.591200595303
805.7,3.372959e-05,13805.905385055055
805.8,3.3297067e-05,14271.129057982853
805.9,4.6264515e-05,10749.559131661244
806.0,3.8329876e-05,13498.19270822559
806.1,4.239377e-05,13497.112643514278
806.2,0.00010715553,8988.524839473115
806.3,5.103416e-05,13138.267714756437
806.4,0.008225701,933.3532054548876
806.5,0.00020907231,7565.006970243459
806.6,0.0058698906,1029.9983459285986
806.7,0.009913558,1262.0597483574759
806.8,0.008717311,1457.1833202952114
806.9,0.0039260304,2430.909618317475
807.0,0.005851831,1211.7283656689024
807.1,0.0054965573,1267.1536300888242
807.2,0.0065333038,1170.2981637914424
807.3,0.005786143,1158.5113439216484
807.4,0.006079997,1216.0851717117066
807.5,0.0042770547,1450.293336329853
807.6,0.002146752,1630.5106600334316
807.7,8.1933904e-05,9077.338204011143
807.8,5.0871007e-05,11028.27570660277
807.9,0.00018546941,6256.245665248362
808.0,0.00023046098,5232.157454640418
808.1,0.00018718642,5568.985600236971
808.2,0.00015094149,6866.104779110032
808.3,0.00016377174,6531.936351249058
808.4,0.00017543802,6236.3843095506145
808.5,0.00010667873,7734.3390878062055
808.6,0.00011990578,7407.498904609724
808.7,8.137466e-05,9414.22610310579
808.8,9.169118e-05,8405.478513711372
808.9,6.684695e-05,9502.5057580457
809.0,5.740949e-05,10363.705868223044
809.1,4.724692e-05,11478.855884851824
809.2,4.9388935e-05,12169.07104431286
809.3,4.05799e-05,12652.997741404663
809.4,4.616423e-05,12238.68569382664
809.5,4.2289023e-05,13479.630560174171
809.6,5.5291275e-05,13102.606428059005
809.7,3.498786e-05,13697.01280223221
809.8,4.1633226e-05,12502.591310104961
809.9,4.943206e-05,12821.76439700386
810.0,4.754002e-05,12326.257857936853
810.1,3.6933357e-05,13552.837071915676
810.2,4.0969397e-05,13649.097662773996
810.3,3.5138793e-05,14210.528271819074
810.4,6.938942e-05,12604.737130160871
810.5,9.356584e-05,11493.712825179373
810.6,4.1859672e-05,13260.564701613475
810.7,0.0009829727,4169.852040272332
810.8,0.047036663,922.8882584341046
810.9,0.01940878,1299.240123006036
811.0,0.016956182,1523.0440370137064
811.1,0.004422913,6513.860622471931
811.2,0.026829362,1264.9537696497887
811.3,0.02233376,853.9774244087481
811.4,0.0176055,1015.2736699835516
811.5,0.007135122,1020.1544717840756
811.6,0.00010653952,9027.70865301855
811.7,4.2710322e-05,11553.041695477405
811.8,7.4160234e-05,10186.729755315313
811.9,5.3939217e-05,10428.871697534205
812.0,5.3905176e-05,11665.49109448988
812.1,8.454273e-05,10968.095478280062
812.2,0.016809141,918.4769886980064
812.3,0.012272679,871.9973410359696
812.4,0.01291952,880.0579152967455
812.5,0.013934623,1120.9616035120835
812.6,0.0058435714,1562.099113070367
812.7,0.0011780388,2809.464795803569
812.8,7.0465736e-05,10226.139138245571
812.9,5.0112834e-05,11213.813914249371
813.0,4.196696e-05,11963.30672841833
813.1,4.2580417e-05,13352.749280802938
813.2,3.7085396e-05,13585.406663482587
813.3,3.5961075e-05,13887.255277248441
813.4,4.4381697e-05,13450.804861301494
813.5,4.5664223e-05,13221.21860561974
813.6,6.72038e-05,12017.612059732017
813.7,3.7528884e-05,13975.49620045237
813.8,4.5226505e-05,13076.201395403728
813.9,4.46933e-05,13433.78456491922
814.0,4.1560106e-05,13142.514491676196
814.1,3.859735e-05,13029.90295748377
814.2,5.59325e-05,12939.385841588948
814.3,4.536577e-05,13629.028033486953
814.4,3.5602163e-05,13564.077136036472
814.5,6.557683e-05,11873.277826381553
814.6,0.004929374,4081.4504611102793
814.7,0.0013821815,9399.250018108367
814.8,0.033818476,721.4229377936583
814.9,0.024570245,735.6257860972777
815.0,0.015658863,939.6153956141786
815.1,0.01302899,709.6846999781077
815.2,0.015929658,1066.8279647108693
815.3,0.010656747,1438.9866321383704
815.4,0.0069555896,1513.1181934478634
815.5,0.0042997417,1453.2878258464325
815.6,0.010110514,1228.2795474363986
815.7,0.02399271,1298.4776754053566
815.8,0.015779322,1198.924225498551
815.9,0.0022986736,2645.9325576593747
816.0,0.021284485,988.6024616053886
816.1,0.016192015,1086.2453625999847
816.2,0.0005870125,4663.089186387552
816.3,0.018375894,1003.8135627123493
816.4,0.001324436,3905.040314886109
816.5,0.01571142,959.7984747299439
816.6,0.005836793,1220.204079394609
816.7,0.0046360465,1296.8969993648773
816.8,0.0046211737,1498.1042148311358
816.9,0.0031716523,1404.7380331285344
817.0,0.000885512,1939.9779432957976
817.1,0.000273579,11095.695373165612
817.2,0.0024886485,2619.379883381086
817.3,0.01670526,948.5894005151429
817.4,0.011829761,812.5252039402272
817.5,0.011531243,829.6291694436717
817.6,0.0039578276,1233.063967338646
817.7,0.0033143796,1806.0461940334685
817.8,0.004442229,1374.3152599495756
817.9,0.003741379,1336.200541844594
818.0,0.0032122114,1372.2427912624476
818.1,0.0022023872,1738.3357307591698
818.2,0.002993778,1262.071562980216
818.3,0.0046770615,1116.2205692005039
818.4,0.00391602,1200.3736500854852
818.5,0.0030302557,1323.1989413101796
818.6,0.0008449272,2954.138095446976
818.7,0.00020141348,8273.360606157965
818.8,0.0004451534,5839.0890610616025
818.9,0.00042858877,7426.050732700403
819.0,0.0072378274,901.9983836473475
819.1,0.04343682,855.5673122283948
819.2,0.026176572,896.061814921087
819.3,0.022218691,847.7936058451517
819.4,0.03277274,912.8613229947889
819.5,0.011879303,1038.895563576471
819.6,0.00042595752,7293.761449859701
819.7,0.0073659164,910.2589140796624
819.8,0.0068601454,1011.7041409296857
819.9,0.0037597648,1171.5995974030432
820.0,0.00012473851,7956.220051837107
820.1,0.002981476,6350.532706247905
820.2,0.0009996411,9922.067424648416
820.3,0.018040834,1622.3572711558236
820.4,0.0023532093,2220.232274737346
820.5,0.022291329,1125.105431224215
820.6,0.007362562,1774.7222026735087
820.7,0.014266045,1359.4754258224086
820.8,0.021718934,1217.6025988916645
820.9,0.016826889,1073.8767130709691
821.0,0.00021897355,7548.132269850342
821.1,0.012599693,1052.0064470406148
821.2,0.0050739036,1085.0657076791902
821.3,0.0114006195,1014.5561572380766
821.4,0.00046912913,5499.70784451277
821.5,0.0042856713,1117.5641424409894
821.6,0.005925952,1022.2446846682535
821.7,0.00985824,953.4306668237982
821.8,0.011856996,1003.9954541597951
821.9,0.004411649,1022.6674263705381
822.0,9.527596e-05,10622.599638199275
822.1,4.2069343e-05,12668.16834863183
822.2,6.9981e-05,9389.235474543711
822.3,6.817507e-05,10705.370951483828
822.4,0.0002467417,8077.415426883221
822.5,0.015623959,1445.6887187039333
822.6,0.027553493,1271.430948831572
822.7,0.017578896,1094.5379424157109
822.8,0.013865758,1311.7672959621934
822.9,0.013501187,920.9351260656299
823.0,0.009564744,1029.7820534608225
823.1,0.0028353585,1707.7765079273527
823.2,0.0027109918,1641.7156063839434
823.3,0.002591311,1908.0574631142485
823.4,0.002418599,1586.8991739138316
823.5,0.0027791434,1778.8165795308028
823.6,0.0013466963,3118.1591164405518
823.7,6.4157255e-05,12053.746153665714
823.8,3.7964557e-05,13467.810796899583
823.9,6.760717e-05,11250.105965120923
824.0,5.1023573e-05,12202.343778694441
824.1,9.703994e-05,11144.35812113976
824.2,4.4507626e-05,12452.367618640379
824.3,3.8844802e-05,12532.853376677984
824.4,3.81195e-05,13177.582781870653
824.5,4.0335937e-05,13386.901793209248
824.6,4.0028088e-05,13564.237374989076
824.7,3.900519e-05,13278.593335525016
824.8,4.3866203e-05,12346.918373507202
824.9,4.0512652e-05,12976.335648725068
825.0,4.212432e-05,12583.876531700917
825.1,4.6073223e-05,12477.0822182693
825.2,6.617748e-05,11193.844413087023
825.3,4.339435e-05,12691.668837742613
825.4,3.888621e-05,12752.596869401266
825.5,3.6223228e-05,13497.183006548994
825.6,4.5820638e-05,13170.178155762784
825.7,5.488176e-05,12895.989435127576
825.8,3.563583e-05,13462.826153379197
825.9,8.181306e-05,11453.73372738814
826.0,4.7237263e-05,12570.61707371159
826.1,7.4377225e-05,9971.43924845338
826.2,0.005773167,975.5080795484101
826.3,0.00063060824,4881.236220087189
826.4,0.010499961,2082.7831123472115
826.5,0.020408487,772.4632911864187
826.6,0.007396163,1084.0857053175848
826.7,0.0025439267,1739.4312941840672
826.8,0.0007705667,3099.307469442273
826.9,0.022553904,1027.1759009584844
827.0,0.007899022,841.4505121128038
827.1,0.0018175228,2290.812755175666
827.2,0.0016749871,3597.45197422916
827.3,0.002321813,1660.3142487720745
827.4,0.00080762926,5616.9076741104855
827.5,0.00070601807,3309.9146891892274
827.6,0.0013294935,1661.9165330014507
827.7,5.6956036e-05,12303.465249445067
827.8,4.9451846e-05,13220.872658326698
827.9,5.5293287e-05,12313.558910574471
828.0,7.984834e-05,11970.245589699049
828.1,5.6724304e-05,12458.054080649148
828.2,4.853319e-05,13269.550978684507
828.3,4.3716525e-05,13081.6746111653
828.4,5.041712e-05,13106.047681332384
828.5,6.600011e-05,11572.450499101691
828.6,0.0001704737,10277.469433268208
828.7,0.014220578,1063.7487010662326
828.8,0.0039227246,1271.0359659480332
828.9,0.001689747,2236.9550234318212
829.0,0.00014072181,8824.861658672731
829.1,0.012128881,969.4457509895141
829.2,0.013494018,884.1172932877035
829.3,0.0068796375,1037.146282280461
829.4,0.002231749,1382.3992720700353
829.5,0.00010042618,9695.176461934801
829.6,7.4194155e-05,11343.482489123318
829.7,0.00012063712,10235.934787485015
829.8,0.0001082177,11482.04790169968
829.9,0.004586064,1359.6215666436037
830.0,0.0069239996,1057.2896225072363
830.1,0.0027474002,1570.1869390422198
830.2,0.0038360993,1287.806199043719
830.3,0.0027006723,1419.0766528479592
830.4,0.0026391994,1354.4016938417283
830.5,0.00058533275,5226.290175016316
830.6,0.019725034,958.0607072633225
830.7,0.021395205,1054.4091294234172
830.8,0.022736555,952.421477194398
830.9,0.00867617,1043.7888668683497
831.0,0.0020231882,1333.2123649980813
831.1,9.29893e-05,11046.612291509964
831.2,4.4952878e-05,12768.593296674082
831.3,0.00035932174,7852.516666144175
831.4,0.026819557,1101.247045459348
831.5,0.012028764,1079.4704937041483
831.6,0.004099863,1282.6301051895184
831.7,0.00048421696,4603.9338076843915
831.8,6.11993e-05,11427.693965049342
831.9,0.00013682939,10915.707103790312
832.0,4.8255875e-05,12159.88234078023
832.1,7.040364e-05,9992.104718298096
832.2,5.0890478e-05,12394.746557386527
832.3,4.838596e-05,12368.421879926642
832.4,4.9811777e-05,12588.574918700842
832.5,5.6098943e-05,12631.041693011042
832.6,5.1791616e-05,12918.09482156477
832.7,6.0601767e-05,12240.221797015352
832.8,5.732023e-05,12085.914892053836
832.9,4.49579e-05,12905.073563924476
833.0,0.00045460628,6019.131753283304
833.1,0.00019263412,6374.955275662359
833.2,0.00010925765,8340.65297503362
833.3,0.00019451579,6322.809171791363
833.4,0.014998368,1012.5393663681983
833.5,0.0069310484,2357.9933816274447
833.6,0.0044394126,2657.8815970742935
833.7,0.018026553,1084.0235097272027
833.8,0.002365161,2338.417222604185
833.9,0.010828611,1111.2590855370552
834.0,0.010648718,1025.6939152306686
834.1,0.008260708,1186.1413387804996
834.2,0.0014107891,3998.606373196843
834.3,0.00018749895,7226.1879195405645
834.4,0.00027475832,6567.153440155706
834.5,0.00028040455,6416.614890741201
834.6,0.0003923085,6316.272211795966
834.7,0.00047955633,5869.193406310508
834.8,0.0004712445,5565.468504943098
834.9,0.00041656714,5913.019460508223
835.0,0.00019107696,6958.017843292368
835.1,0.00013968624,7880.153455266196
835.2,0.00013352338,6968.584039210497
835.3,0.00015400237,7316.393717328168
835.4,0.00039557638,6833.16848465465
835.5,0.003955254,2847.4585838557896
835.6,0.00020651908,6779.264412166214
835.7,0.00017625935,7395.614746451173
835.8,5.915569e-05,9922.715552611637
835.9,6.8607056e-05,12071.259518632729
836.0,3.6123227e-05,13659.72010694243
836.1,3.270383e-05,13513.564717096897
836.2,3.4503322e-05,14127.06715831169
836.3,3.453703e-05,13542.721926034952
836.4,3.7664704e-05,13746.559329867843
836.5,4.9770526e-05,13359.450028802115
836.6,5.3165713e-05,13062.322173116407
836.7,4.0272236e-05,13739.598928395439
836.8,3.5869252e-05,13933.65888034131
836.9,3.42302e-05,13675.483993832715
837.0,3.957677e-05,13820.260727550532
837.1,5.9423957e-05,12422.11017620994
837.2,3.9563423e-05,13563.514832677698
837.3,6.412474e-05,12604.49451245762
837.4,3.354819e-05,14521.824942781415
837.5,3.762138e-05,13427.90322665789
837.6,3.616506e-05,14178.587336067012
837.7,3.773588e-05,13490.329301599671
837.8,4.4349526e-05,13433.83283250712
837.9,4.0326802e-05,13493.3858865448
838.0,0.00030293813,6822.790272128742
838.1,7.864803e-05,11658.950971686536
838.2,4.0363884e-05,12450.347986585824
838.3,0.012045325,1478.1555396290669
838.4,0.017927753,921.1267263606223
838.5,0.0019468964,3650.693276333776
838.6,0.008960896,1255.6485539330397
838.7,0.009637183,851.3866916402479
838.8,0.003797886,1238.5953412744407
838.9,7.1112445e-05,10652.40582976827
839.0,3.4972298e-05,13415.34863051859
839.1,3.8489547e-05,13092.309671612014
839.2,0.0005895017,9344.916525675955
839.3,0.029578945,996.000796227289
839.4,0.019317018,896.0725997795347
839.5,0.0189194,756.3594347354466
839.6,0.026498588,808.0736871532847
839.7,0.012634114,884.0697000773882
839.8,0.02908254,695.0534372516604
839.9,0.0036081774,2376.138942388
840.0,0.004247428,1303.9322757822624
840.1,0.003280989,1448.2010561529214
840.2,0.0038774472,1326.5090329877883
840.3,0.0017972708,2106.4775753437566
840.4,0.00076686725,3672.2058575498977
840.5,0.0012147625,3539.458435881489
840.6,0.0027604785,1915.526531305457
840.7,0.0012798023,2749.123935969516
840.8,0.002013581,1742.5856622462363
840.9,0.0010596025,8175.9942533741
841.0,0.00021012785,5718.235365199498
841.1,4.0508854e-05,12754.608986715184
841.2,6.918385e-05,11253.716551905058
841.3,0.00017989115,9992.255236958328
841.4,7.970882e-05,11314.228357048783
841.5,6.2824925e-05,12042.456346951809
841.6,3.5140274e-05,13560.133094049947
841.7,6.178723e-05,12400.6227105088
841.8,3.7890335e-05,13517.698588496414
841.9,3.4265024e-05,13880.52953540594
842.0,3.575392e-05,13314.768862212199
842.1,4.329559e-05,13594.125095745312
842.2,5.220928e-05,12435.593587548767
842.3,0.0007622551,7335.718703787064
842.4,0.0032116007,6204.935683141115
842.5,0.00036164653,10613.109574525708
842.6,0.0052074236,1277.4599573133082
842.7,0.0013957284,2840.187346855785
842.8,0.0019268501,2236.485751021533
842.9,0.0018299045,2774.7904456640063
843.0,0.0012405134,2583.1849655977308
843.1,0.00023722959,7411.0009459125195
843.2,0.0006778346,3531.837680536221
843.3,3.820824e-05,13493.538203115591
843.4,6.474331e-05,12568.85459805416
843.5,4.0438117e-05,13478.919677255988
843.6,8.5139785e-05,10338.784825641396
843.7,0.013519747,2486.341565002048
843.8,0.022175075,1078.72770277804
843.9,0.009209636,1281.4333319960233
844.0,0.0033044238,1867.2855518333104
844.1,0.0010627052,5817.180070090199
844.2,0.008884959,1045.8801326503585
844.3,0.017000029,759.9024382355477
844.4,0.011535598,827.6811045776999
844.5,0.00059413916,8755.67928065375
844.6,0.016475115,956.8096331756292
844.7,0.0069780797,1199.1196190385435
844.8,0.0015421142,4053.6150606123156
844.9,0.0062464243,1249.3976772335777
845.0,0.0042001796,1059.6609205862162
845.1,5.238043e-05,11981.876506486984
845.2,5.6648023e-05,11152.422245896303
845.3,0.00011656029,10301.093821168733
845.4,5.103886e-05,12356.445850764678
845.5,5.6024375e-05,12135.655042966264
845.6,4.6734243e-05,13026.13209027723
845.7,5.3005722e-05,12517.15101092719
845.8,4.3474185e-05,13167.450418758406
845.9,3.7547477e-05,13802.863098094036
846.0,4.7161964e-05,13452.61386640294
846.1,4.1054194e-05,13335.800099566954
846.2,4.9390146e-05,13004.801310053694
846.3,4.1130945e-05,13565.101190235993
846.4,0.00010329621,11627.991605111902
846.5,3.6873727e-05,13507.888944251605
846.6,4.4646775e-05,13929.61909585401
846.7,4.9875263e-05,13874.633546010798
846.8,3.877642e-05,13114.552715414107
846.9,3.5627363e-05,14222.309723566525
847.0,5.0707476e-05,12852.561161475107
847.1,6.740029e-05,12387.917206224585
847.2,0.024022842,884.1623073855037
847.3,0.0011716163,9036.633489861786
847.4,0.01379533,1191.4746051471648
847.5,0.023637123,885.4003539345188
847.6,0.01754177,837.7392960583422
847.7,0.012526793,1730.0801142669416
847.8,0.0028643417,1720.3512731802045
847.9,0.020121763,1055.3341453775365
848.0,0.02219523,727.0909187150378
848.1,0.0075156465,1772.603101742405
848.2,0.018911254,824.2559980453618
848.3,0.0052521005,1279.6348117700481
848.4,8.045124e-05,11234.672904341465
848.5,7.2809526e-05,11814.595301889647
848.6,4.8102054e-05,12872.534977924402
848.7,3.767564e-05,14039.850341448293
848.8,4.0097315e-05,13917.407608378993
848.9,5.913916e-05,11240.15361040867
849.0,0.0033574242,2493.936578774182
849.1,0.0132445805,824.2416103215455
849.2,0.013414352,1322.2189750306038
849.3,0.018093586,1104.4434168318694
849.4,0.010774444,1469.4256760559022
849.5,0.013758433,1415.2673765400311
849.6,0.016497245,787.369277592859
849.7,0.016081205,1092.3509232610681
849.8,0.009951235,1050.7971439543335
849.9,0.00047015288,5418.995599520856
850.0,4.575046e-05,12435.863439473764
850.1,4.4889588e-05,12913.439498126976
850.2,5.9572194e-05,12136.686611556044
850.3,3.8274316e-05,13870.63649527488
850.4,6.314235e-05,13210.030937274809
850.5,9.470166e-05,11585.863686096876
850.6,0.00011232601,8773.539447080882
850.7,0.00026775937,7284.1671282122215
850.8,0.00032185216,7402.515807251661
850.9,0.00070463575,5852.955452942418
851.0,0.00063451356,5989.930456810349
851.1,0.0004189767,7165.3010049019485
851.2,0.0011377349,5277.279849100609
851.3,0.0013129135,3674.2784157884107
851.4,0.00025296464,7266.865993698375
851.5,0.00034280727,7672.922504040429
851.6,0.00046314546,7818.142313346776
851.7,0.0003760417,7921.404604035026
851.8,0.00026405544,6872.779678260504
851.9,0.00016275335,7670.670243636479
852.0,0.00026535493,6743.511647265208
852.1,0.000593661,6155.055847233427
852.2,0.0009568278,5599.658191443097
852.3,0.0017481844,5087.318539962048
852.4,0.0019215656,5796.340825812856
852.5,0.0013836209,5284.285813759358
852.6,0.0009572098,5191.371129881474
852.7,0.0012765459,4889.443011689089
852.8,0.0020505297,4063.3399390412883
852.9,0.000901432,4761.118054389335
853.0,0.00012527192,8240.01631954937
853.1,0.00014217656,7794.885277636326
853.2,0.00021764614,6825.492204902155
853.3,0.0001296843,7968.857506666524
853.4,9.175764e-05,9006.560220983658
853.5,5.1288323e-05,12251.47967224123
853.6,4.5633366e-05,12735.742451185217
853.7,4.10246e-05,13904.81429961492
853.8,5.7178233e-05,13095.01264246127
853.9,5.585478e-05,13165.83183844206
854.0,4.4495828e-05,13810.975404173021
854.1,6.621438e-05,12606.708021381677
854.2,3.507311e-05,14461.684827657977
854.3,3.4075783e-05,14159.463153919169
854.4,3.6879344e-05,13594.264102570136
854.5,4.2820735e-05,13437.622207499175
854.6,0.00026570196,5289.101357502311
854.7,0.0006925942,6705.628565627108
854.8,0.017331304,1095.183472513428
854.9,0.0026327672,2671.6112307240965
855.0,0.0006825682,3842.731157558482
855.1,0.012874354,898.1833648438604
855.2,0.01599128,832.2633725608965
855.3,0.014675994,931.3567694416782
855.4,0.000113686794,9417.28603932399
855.5,3.747064e-05,13366.409765976314
855.6,4.0016697e-05,13774.946941283662
855.7,4.178465e-05,13717.561136859047
855.8,3.6909656e-05,14038.591634181046
855.9,3.4312616e-05,13854.519147884133
856.0,5.0323022e-05,13516.541056954735
856.1,3.909896e-05,14045.52868572216
856.2,3.752435e-05,14198.679419973743
856.3,3.8289167e-05,13934.533348293058
856.4,3.4547633e-05,14099.433933319375
856.5,3.7896232e-05,13194.28757672223
856.6,0.00019389136,9086.811748805474
856.7,0.0006145142,7513.253476362997
856.8,0.009913166,905.8914672364624
856.9,0.0040144613,1322.845486773077
857.0,0.0035320495,1544.5706146316097
857.1,0.00019624423,6011.478847903956
857.2,0.0040572896,1286.533692206028
857.3,0.0017225565,1539.6407596665044
857.4,4.454954e-05,12477.338559795982
857.5,3.6552694e-05,13410.580286163224
857.6,3.8689308e-05,13492.968366165398
857.7,3.2352847e-05,14189.442277943397
857.8,3.6490226e-05,13719.127773460783
857.9,4.3129214e-05,13533.030412950535
858.0,7.42602e-05,11861.48455430353
858.1,4.0076862e-05,13903.292614491691
858.2,4.5013803e-05,13031.533311270827
858.3,3.678827e-05,13630.91603421728
858.4,5.0083956e-05,13407.62123141422
858.5,3.634662e-05,14238.653980776835
858.6,5.23588e-05,13805.649961078527
858.7,4.0212435e-05,13634.229474856207
858.8,3.3767108e-05,14188.71668910579
858.9,5.3395972e-05,13112.675748550317
859.0,4.8999394e-05,13318.126436623488
859.1,5.015462e-05,13927.139785932652
859.2,7.815013e-05,10356.254808492786
859.3,3.7344158e-05,13744.67194558892
859.4,3.1468357e-05,14375.526228650386
859.5,3.49949e-05,14139.83830012729
859.6,0.0017884803,1829.3406408817336
859.7,0.0005700498,7113.156368756819
859.8,0.019024378,737.3422410717492
859.9,0.019754015,1072.4080257069118
860.0,0.003467765,6707.382881996786
860.1,0.01974086,1517.0189303258317
860.2,0.01015116,1303.4039043755092
860.3,0.006460819,2560.8472784496357
860.4,0.014285524,993.0328515167429
860.5,0.0015935285,3606.3682298181943
860.6,0.0026880666,2519.473088417783
860.7,0.004944033,1082.1925811085914
860.8,0.0047642807,1396.3653771262195
860.9,0.006821909,1216.4500105992424
861.0,0.0072431467,1204.1356667037976
861.1,0.0042054434,1415.4263677518513
861.2,0.0041492833,1250.221147402618
861.3,0.0026250805,1483.2654835017588
861.4,0.00033230285,5321.735015447239
861.5,5.5691573e-05,11530.381932452365
861.6,4.0920477e-05,12282.009741820304
861.7,6.2665036e-05,12263.254958173944
861.8,3.673415e-05,13677.078706150794
861.9,5.533995e-05,12832.74096860947
862.0,3.2976637e-05,13441.618578985157
862.1,3.872513e-05,13998.401547071659
862.2,4.0987125e-05,13808.16499086316
862.3,3.816534e-05,13852.97485379607
862.4,3.9929728e-05,13584.675565833477
862.5,4.1809686e-05,13872.077577149425
862.6,3.45323e-05,14087.622452307258
862.7,4.015257e-05,13460.90346567027
862.8,4.848662e-05,13143.095099435099
862.9,3.9003764e-05,13738.414027308696
863.0,3.5244717e-05,13520.789495808487
863.1,4.9457412e-05,13418.47393928343
863.2,3.8277467e-05,13976.756699155128
863.3,4.0114905e-05,13920.14216243372
863.4,4.6523375e-05,13295.942429229286
863.5,4.2434414e-05,13628.69869986905
863.6,3.8750717e-05,13534.183556696005
863.7,4.1675987e-05,12749.206484732851
863.8,4.4806955e-05,13605.245319062376
863.9,3.115546e-05,14328.441548610443
864.0,3.5977406e-05,13660.349346853678
864.1,4.5506684e-05,13172.252911585141
864.2,3.8067064e-05,13223.837299017418
864.3,3.3880275e-05,13996.18070050758
864.4,3.753281e-05,13670.790542382696
864.5,3.4179735e-05,14019.18311893016
864.6,4.0061554e-05,13918.678467054633
864.7,3.9414903e-05,13893.593405109074
864.8,3.909098e-05,12862.419960599254
864.9,3.8309754e-05,13945.160902547885
865.0,3.8592647e-05,13725.940242437282
865.1,3.896452e-05,14125.110324899964
865.2,4.1460567e-05,13443.12259149941
865.3,4.0735507e-05,13500.721673914015
865.4,4.0001083e-05,14065.007862766564
865.5,0.0002411091,7993.50964273313
865.6,8.719444e-05,10680.736939301174
865.7,5.070252e-05,12118.240761016237
865.8,3.5848163e-05,13484.71258412336
865.9,3.6213638e-05,14337.541985452453
866.0,3.6356752e-05,13787.642282254794
866.1,3.3086362e-05,14576.725368368285
866.2,3.5845744e-05,13672.6830366523
866.3,4.5630095e-05,13433.567545480537
866.4,4.9277693e-05,13265.024171141293
866.5,3.7432794e-05,14140.011042508195
866.6,3.3320914e-05,14318.538857637039
866.7,4.443112e-05,13591.74123867035
866.8,7.776415e-05,12586.257001793683
866.9,3.340316e-05,13976.600177047609
867.0,3.485027e-05,14132.067696050966
867.1,3.3601314e-05,14369.569530430908
867.2,3.812132e-05,13394.775272756944
867.3,3.850968e-05,13616.61558351949
867.4,4.5405122e-05,12478.288789470895
867.5,4.360708e-05,13657.878346556628
867.6,0.00011432849,8245.79115185682
867.7,0.0001178433,7628.0112618031235
867.8,0.00013234335,7723.2097814367935
867.9,0.0025827708,2960.9599230266285
868.0,0.010895847,1435.1407251040876
868.1,0.014416384,1385.6422688473815
868.2,0.018078547,1158.3836161295917
868.3,0.0213639,1143.9474166584168
868.4,0.022937618,1237.4109107830566
868.5,0.018116344,1458.3432862934842
868.6,0.0015174604,6356.982346123261
868.7,0.020074992,1217.520984925421
868.8,0.02720365,1378.2081687984871
868.9,0.011640712,2345.0929882320147
869.0,0.024118055,1607.2824412877753
869.1,0.016565064,1556.1014921224023
869.2,0.021647869,1233.1781866073586
869.3,0.016087217,976.5943100961617
869.4,0.008525613,1246.5632971713808
869.5,0.0057337782,1819.3210559340098
869.6,0.00020578028,8361.029232292763
869.7,0.0004043424,7332.679433090789
869.8,0.02590155,1137.225078828262
869.9,0.0017317946,3069.700687381417
870.0,0.02374609,1440.1508357779771
870.1,0.0039069173,8259.019314501595
870.2,0.01519819,1444.2295895668042
870.3,0.018095115,1034.1360998707673
870.4,0.015952278,1080.396392950759
870.5,0.0076107606,1621.0538168548726
870.6,0.011966841,1284.1756293338813
870.7,0.01689131,1094.316531107487
870.8,0.011053126,1512.339139242742
870.9,0.012894271,679.8729196208253
871.0,0.0067762886,1247.3323420632096
871.1,0.0031091152,1293.04743372421
871.2,0.00507009,1378.1420239088736
871.3,0.002867681,1426.2150429028716
871.4,0.00017572835,9393.902081822445
871.5,0.008904514,1029.7118168259435
871.6,0.010727049,1085.5033733682858
871.7,0.0025805533,1638.9460435772935
871.8,7.769666e-05,9226.8710512791
871.9,0.00012746078,7768.433510412791
872.0,7.471163e-05,9342.973096048403
872.1,0.010461543,1174.8050316291037
872.2,0.0034898682,6331.290325092474
872.3,0.046940196,1229.0322707185046
872.4,0.025341667,1480.905017865963
872.5,0.011238157,1830.789911385989
872.6,0.050086427,1329.5592147597004
872.7,0.044753112,1017.3027884257548
872.8,0.028906373,989.2761575752612
872.9,0.032385647,987.6958851356239
873.0,0.023320345,1124.7723507927071
873.1,0.027979484,1311.2069218747995
873.2,0.021838466,1139.7895161770446
873.3,0.015795937,949.6922584448098
873.4,0.007949321,1038.5582204004509
873.5,8.188183e-05,9685.921130033108
873.6,0.00127027,7461.621663567541
873.7,0.010384769,1228.3012041035477
873.8,0.004904854,1371.8399716417266
873.9,0.002871208,1244.5563727061249
874.0,8.0347956e-05,9932.167011495438
874.1,4.228493e-05,12530.000559933293
874.2,7.8363664e-05,11456.895208903461
874.3,4.3435815e-05,11655.740571519942
874.4,4.1721996e-05,12358.899183833046
874.5,4.831122e-05,12890.524986779936
874.6,3.4346376e-05,13644.05844616755
874.7,6.682545e-05,12617.51819170661
874.8,4.997562e-05,11831.047527311383
874.9,5.0356426e-05,11475.207999700116
875.0,4.800415e-05,11382.487109008907
875.1,0.00012047686,6867.8172947408375
875.2,4.380951e-05,12933.301365928757
875.3,0.00011672169,11047.12473345637
875.4,3.6726007e-05,13134.240902040288
875.5,4.3984383e-05,12616.213197953964
875.6,0.014174893,978.7627712045417
875.7,0.0120033985,4882.238118954365
875.8,0.04350415,1285.6202285653994
875.9,0.03362391,934.1370728655526
876.0,0.038472906,1130.8600139926
876.1,0.017014334,1443.794895384701
876.2,0.019168764,1354.0576572902637
876.3,0.01698983,984.5041530672682
876.4,0.004968321,1259.4814955163579
876.5,8.205955e-05,10769.708823341418
876.6,5.1581068e-05,12797.16281278472
876.7,0.00010492036,10051.408991066524
876.8,0.035200845,1215.6547509425684
876.9,0.019181173,1379.8581833925584
877.0,0.008204499,1689.4647877854823
877.1,0.008705643,1624.221404418039
877.2,4.7307803e-05,11238.91127867789
877.3,4.523298e-05,11828.256642391545
877.4,6.387202e-05,10262.615026738067
877.5,0.018357698,1106.3998848124306
877.6,0.023286056,1253.1723176360128
877.7,0.015416935,1191.669735222364
877.8,0.014313209,799.7680005958615
877.9,0.013795076,779.060161501183
878.0,0.009091341,1539.4658079446106
878.1,0.013564684,1131.2919104483594
878.2,0.00018454052,6925.209996994141
878.3,0.0011504836,2817.0426754953724
878.4,0.0043660984,1213.6538580613515
878.5,0.0038188533,2580.7331790924873
878.6,0.0063429116,1108.4797632396005
878.7,0.002870071,1536.9985384657223
878.8,0.0030207378,1522.4483271130557
878.9,0.00221852,1856.4811390486434
879.0,0.0033322135,1452.355120833289
879.1,0.004642197,1049.8608777514214
879.2,0.0016828891,1961.206440867194
879.3,7.68401e-05,10321.166562126637
879.4,4.1387353e-05,12907.615208434265
879.5,3.761687e-05,13037.782697547542
879.6,4.239558e-05,13525.736159107324
879.7,5.235701e-05,12930.951532110543
879.8,3.48544e-05,13701.524113443975
879.9,4.8007303e-05,13420.94921375113
880.0,3.317602e-05,13965.335759473774
880.1,6.5246204e-05,11426.649734381499
880.2,0.00018694693,7077.712091697634
880.3,0.0001120177,7912.222644611858
880.4,0.0001567221,7472.679560207283
880.5,0.00012419501,8206.60198057891
880.6,0.00012964351,7682.9495782948525
880.7,0.0001557952,7406.7427303561435
880.8,0.00064266176,4436.727363154993
880.9,0.00093956443,5524.528726037921
881.0,0.001151067,3546.7140437812504
881.1,0.0003969723,6092.139973139858
881.2,0.0012460576,4890.359009502348
881.3,0.0074072722,2721.306035417754
881.4,0.005898603,3145.3528165443176
881.5,0.0028331643,4548.389298289152
881.6,0.0011545604,5091.777778540988
881.7,0.0012728655,4517.021609051433
881.8,0.0030710462,2967.6598369147623
881.9,0.0046234,2672.9572071990196
882.0,0.016342768,706.3599662428794
882.1,0.00063874794,5579.524602552042
882.2,0.00064320007,5393.2180787874695
882.3,0.000244283,7335.448430590901
882.4,0.00034386653,7474.514888000886
882.5,0.00033503625,7480.498977718469
882.6,3.6215093e-05,13605.40445701865
882.7,3.66458e-05,13871.758820055318
882.8,4.9219736e-05,13368.791245990828
882.9,3.7548187e-05,13744.504758619882
883.0,4.060023e-05,13521.356386532843
883.1,4.652089e-05,13398.218077221372
883.2,4.974751e-05,12894.114719700134
883.3,6.867826e-05,12160.437230139607
883.4,0.016731568,1045.0826043725829
883.5,0.02041569,836.0295522396913
883.6,0.011381178,778.061758093508
883.7,0.0060225897,1066.1738734025053
883.8,0.0072097955,1046.2128797392945
883.9,0.0073616486,1148.1219408697152
884.0,0.007352231,1115.0283532718672
884.1,0.0065706302,1099.7647183665374
884.2,0.0038071936,1399.2456285733256
884.3,7.655944e-05,11292.892656798558
884.4,9.5708725e-05,9208.718252756555
884.5,0.0003999967,6096.685111289673
884.6,0.0070193494,1800.6836830715047
884.7,0.0022232651,2568.5292091511515
884.8,0.014933473,977.8894634155238
884.9,0.012812964,877.464484119077
885.0,0.009988911,973.4673674064833
885.1,0.00066392246,5638.846095335306
885.2,0.012178943,1049.4061174320013
885.3,0.010528719,1194.6938020973125
885.4,0.00016229966,8079.79167857161
885.5,4.2580836e-05,13102.707646316354
885.6,0.0002675011,8491.251181380043
885.7,0.010409837,1200.0727434799446
885.8,0.014399662,1082.3518584477174
885.9,0.005986726,1096.4932998152967
886.0,0.0018295876,2790.696486571413
886.1,0.0032200557,1567.5652780565201
886.2,0.00034807195,7645.606978673741
886.3,0.00650995,1159.5119803827122
886.4,0.0022464367,1392.8044166583256
886.5,0.002660085,1621.5175845697354
886.6,0.0022445852,1673.39648194876
886.7,0.0012721178,2280.6860861437444
886.8,0.00017047676,7684.260888805099
886.9,3.8818132e-05,13237.793196486466
887.0,3.9486527e-05,13915.945478406953
887.1,5.6341236e-05,13224.803949315743
887.2,5.3295036e-05,13234.434418336221
887.3,3.965796e-05,13645.760638140842
887.4,3.458523e-05,13702.817852873522
887.5,3.71413e-05,13281.72394645242
887.6,4.9320803e-05,13331.048704100484
887.7,4.3265645e-05,14095.400693743159
887.8,3.7720984e-05,14045.710424308154
887.9,4.3840457e-05,13927.457444072828
888.0,0.00017143953,8660.040873283308
888.1,6.9463305e-05,12110.810464599273
888.2,4.7557834e-05,12988.294058776084
888.3,3.130123e-05,13723.339673285453
888.4,4.3630334e-05,13294.780907398886
888.5,3.4755394e-05,13952.546859372631
888.6,3.725872e-05,13757.593201308453
888.7,3.7433238e-05,13696.56891427175
888.8,3.8525846e-05,13681.497550122996
888.9,3.7137386e-05,13454.804830213787
889.0,3.687387e-05,14013.756454059177
889.1,3.28499e-05,14013.952182988818
889.2,3.7831258e-05,13874.662579017646
889.3,5.7801783e-05,12993.01591054129
889.4,3.9888157e-05,13508.56302787372
889.5,3.5879355e-05,13976.189776399848
889.6,3.869328e-05,13475.899360662936
889.7,4.0557014e-05,13669.953399387454
889.8,4.0888975e-05,13263.186629575728
889.9,4.157619e-05,13413.833264804665
890.0,3.741673e-05,13925.58365824166
890.1,4.0512175e-05,13638.188959968971
890.2,3.92251e-05,13163.882657301087
890.3,3.9105587e-05,13357.303305511463
890.4,3.2389515e-05,14440.407205554307
890.5,4.259463e-05,13333.38677773466
890.6,3.9142567e-05,13911.776265416556
890.7,3.7037556e-05,13868.513978329234
890.8,3.957216e-05,13200.077076274341
890.9,3.4487028e-05,14039.010102236261
891.0,3.370137e-05,14183.175841075965
891.1,5.286514e-05,13652.079231084557
891.2,4.0876497e-05,13853.479324011305
891.3,5.0810388e-05,12824.758878682587
891.4,4.9381604e-05,12901.321221764965
891.5,4.350389e-05,13466.497363597839
891.6,6.242364e-05,12291.877166642707
891.7,5.90419e-05,12652.053283889052
891.8,3.6747293e-05,13080.156386306995
891.9,4.131089e-05,13805.482651131411
892.0,3.745456e-05,14015.218685006315
892.1,4.394219e-05,13854.147360338018
892.2,5.6763634e-05,13017.274824506401
892.3,3.953897e-05,13778.704083924282
892.4,4.722169e-05,13551.825626862865
892.5,4.204314e-05,13256.398835295242
892.6,3.5082907e-05,14334.410899610632
892.7,0.00011175037,10816.253586935538
892.8,0.0073627084,1443.5794255543203
892.9,0.009744792,1605.3726806520617
893.0,0.013848229,919.7419200922687
893.1,0.018542327,1145.6434612802857
893.2,0.00056558015,9559.457716699173
893.3,0.027729249,1397.2294922730453
893.4,0.028186506,1364.1945398579526
893.5,0.007942381,2254.300211214583
893.6,0.008552385,2214.6312520976694
893.7,0.0027502899,2121.747046753409
893.8,6.6633256e-05,10736.745846815893
893.9,5.1591676e-05,12138.589183754711
894.0,8.625806e-05,10822.400593925933
894.1,4.6763813e-05,12771.631632091541
894.2,4.7254962e-05,11986.655831975611
894.3,5.4903336e-05,11526.463386343863
894.4,0.00014625896,9754.389168490312
894.5,0.0036393267,1686.2044954249916
894.6,0.011853308,1202.2142570247656
894.7,0.00079017883,9641.468341273332
894.8,0.023000145,1550.69289671283
894.9,0.014175938,1809.7221254988262
895.0,0.009582625,1746.192657478991
895.1,0.021366034,1227.4121367794207
895.2,0.016810438,1644.6450171559482
895.3,0.0145215,1047.9751432723788
895.4,0.020130908,1072.399526270666
895.5,0.02104074,966.6586772699404
895.6,0.014699062,1360.7467620360262
895.7,0.020920575,723.4997503667948
895.8,0.01344014,1201.607598698871
895.9,0.01913626,716.0739574577391
896.0,0.019387718,933.5705722293102
896.1,0.019897595,885.5135511930973
896.2,0.0007415691,9898.885547942016
896.3,0.00038080063,6236.009797470899
896.4,0.02296603,992.1180529062959
896.5,0.0048513976,2119.7981170675284
896.6,0.015093035,934.6546502532185
896.7,0.009385131,1034.9798339901158
896.8,0.009205229,912.9452654994221
896.9,0.008182796,968.1719019836896
897.0,0.005897523,911.449480022095
897.1,0.0002700203,6578.8197609018725
897.2,4.3436718e-05,12451.352432096826
897.3,5.3733205e-05,12754.82224402617
897.4,3.5127494e-05,12973.26922740021
897.5,4.606653e-05,12831.402830485216
897.6,5.323551e-05,12446.045956208025
897.7,0.00012931241,9312.84664778296
897.8,0.00028806296,7022.7387547577055
897.9,9.764122e-05,9315.592138072388
898.0,0.00011149588,8344.319004485971
898.1,0.00011710934,7920.484682452426
898.2,0.00010540562,7911.309164496288
898.3,0.00011397093,7805.351472788111
898.4,0.000113888535,7441.85035646857
898.5,8.6936874e-05,8997.979518544427
898.6,5.1160514e-05,11941.440272534699
898.7,3.143353e-05,13932.493497877118
898.8,4.6359753e-05,13314.183232466925
898.9,4.2246415e-05,12622.204131841727
899.0,0.00204236,2329.714469229742
899.1,0.0017498006,2714.533579642286
899.2,0.016160524,917.0743513938719
899.3,0.024075847,718.3322510144155
899.4,0.014284533,1043.0720936201947
899.5,0.019129736,1482.8256047675695
899.6,0.013251099,1520.7558858267555
899.7,0.0037853085,9538.40788113456
899.8,0.021497173,1181.784848463059
899.9,0.019655138,961.0262980362108
900.0,0.010042995,1241.3997123437123
900.1,0.0025130238,1321.9526783883477
900.2,0.000115528484,9618.959154321075
900.3,0.0024585356,2241.814764373611
900.4,0.0020982393,2535.511850659209
900.5,0.013477794,1211.4031030546785
900.6,0.018438399,1010.6848695160634
900.7,0.010050363,956.04573144188
900.8,0.006442975,1135.2997547468017
900.9,0.00010291558,11116.4027525073
901.0,0.0043321853,1263.4756275341879
901.1,0.0020942602,1890.9787748412905
901.2,0.0042149373,1240.4235153602503
901.3,0.0064991224,1018.5376775821239
901.4,0.0100014545,1003.3111638791645
901.5,0.0028656593,4059.917671061853
901.6,0.0039692284,1413.7810028241731
901.7,0.001865166,1855.7809832308267
901.8,0.00010139771,10457.671268999235
901.9,4.367205e-05,13081.764394031132
902.0,0.0005691974,3524.6238952216304
902.1,0.0025393039,1392.4306836253459
902.2,0.0029861114,1412.3244847654828
902.3,0.0005222368,4466.2333871746005
902.4,5.026595e-05,12217.791961578852
902.5,4.4036246e-05,12611.35914600097
902.6,8.185976e-05,11986.62050642163
902.7,3.6575002e-05,13891.664330225667
902.8,4.126748e-05,13315.908361022513
902.9,4.434727e-05,13714.964237499194
903.0,5.505173e-05,12818.773027490999
903.1,7.771269e-05,12167.37467891467
903.2,6.244385e-05,11069.162944245327
903.3,5.6933346e-05,12302.992564633798
903.4,4.004429e-05,12999.856717013314
903.5,8.381277e-05,11484.072381185599
903.6,4.065159e-05,13307.13073313515
903.7,3.7083995e-05,13607.473474879052
903.8,4.1678995e-05,13699.131180242135
903.9,0.00013769846,10459.342508754375
904.0,0.017697679,1052.641227545904
904.1,0.02544025,1142.532356112267
904.2,0.00089124683,9022.516711302529
904.3,0.0057393257,1125.61432853051
904.4,0.00055368856,8080.773595903608
904.5,0.0027637435,5295.1150155213545
904.6,0.006898996,1130.7467579428057
904.7,0.00070279615,6269.8729417066515
904.8,0.012375574,1036.6597040754345
904.9,0.009746179,993.9607233444399
905.0,0.00045965973,7707.733430299136
905.1,0.0024758298,1607.4804928013364
905.2,0.00039960627,8333.988743074386
905.3,0.0045473063,1654.4484750464399
905.4,0.005588381,1237.555356048027
905.5,0.0006522899,8035.839645022123
905.6,0.014781918,1412.6658998755063
905.7,0.013637154,1063.373869531939
905.8,0.009248081,1051.8639782631512
905.9,0.0011050082,2632.881808592799
906.0,4.381119e-05,13063.806642559455
906.1,5.5875622e-05,12330.179367055094
906.2,6.239958e-05,12257.072517312907
906.3,4.4751963e-05,13212.905926256795
906.4,7.8630525e-05,10880.467558311977
906.5,0.001568838,2230.7990777229634
906.6,0.0006693751,8957.011764843393
906.7,0.010590985,1156.143935158611
906.8,0.009337132,756.0978584021676
906.9,0.0013118295,5683.032638288324
907.0,0.00040123248,8944.117289655082
907.1,0.0035626865,1369.528864031704
907.2,0.000593393,5538.918934870693
907.3,6.0163606e-05,11874.534428620947
907.4,4.425793e-05,12922.020960120717
907.5,4.821678e-05,12749.920736064298
907.6,4.174195e-05,13034.39195572025
907.7,9.143617e-05,11591.203558572473
907.8,5.5730903e-05,12934.058130633843
907.9,4.71419e-05,13517.739730986706
908.0,3.7326816e-05,13367.744603502502
908.1,3.239718e-05,14167.090893478786
908.2,3.5975467e-05,14507.850732969004
908.3,5.0138256e-05,13517.576099025604
908.4,3.691928e-05,14089.587911898498
908.5,6.570621e-05,12979.52861323806
908.6,3.762825e-05,13713.02852550562
908.7,3.513211e-05,13940.424008585005
908.8,3.5971934e-05,14273.509725145843
908.9,4.415631e-05,13542.080360440028
909.0,6.6898756e-05,12569.326158870752
909.1,5.5481363e-05,13388.39349866933
909.2,4.81142e-05,13184.966996824842
909.3,3.87194e-05,13474.828625969323
909.4,3.510542e-05,14355.119922904409
909.5,4.248943e-05,13044.606651684373
909.6,7.145607e-05,11315.177692564688
909.7,4.9369326e-05,12577.766388085123
909.8,4.266584e-05,12915.915817772295
909.9,4.6865818e-05,13387.290336808333
910.0,3.6511643e-05,13883.814826907079
910.1,4.653373e-05,12974.56168775237
910.2,3.684696e-05,13665.75216701989
910.3,8.819981e-05,11955.105289220923
910.4,4.1938114e-05,13579.130261022747
910.5,3.5575824e-05,14002.245564601948
910.6,3.661295e-05,14163.845788890923
910.7,3.1175216e-05,14086.056473270874
910.8,8.196147e-05,12108.758081080388
910.9,3.885541e-05,13484.95999387019
911.0,6.0842678e-05,10829.575751619528
911.1,0.00031810373,4930.756176271522
911.2,0.00066153303,3470.531721440125
911.3,0.002986209,2499.4914011782716
911.4,0.0012532909,2744.632922860241
911.5,0.04867693,1009.2684952184231
911.6,0.05472223,990.2903708117967
911.7,0.025103262,1059.4882182392355
911.8,0.02316834,1020.993408099935
911.9,0.012991743,1243.7939103181084
912.0,0.0255869,1548.6716353353609
912.1,0.021485552,1625.1784482364997
912.2,0.019064488,1303.4610607778436
912.3,0.0030077854,1778.6948883429031
912.4,6.5575e-05,10911.476190741281
912.5,8.46411e-05,11629.47151235224
912.6,0.00028214618,7786.84236896919
912.7,0.00015035007,9972.887453544587
912.8,0.000117305615,8811.218317542383
912.9,0.026772518,1070.8450172363355
913.0,0.023999967,1021.0340623868706
913.1,0.028881222,1002.4688670861672
913.2,0.02456123,1589.6882800755147
913.3,0.030656097,1093.3881456461497
913.4,0.029408557,1231.5137057575098
913.5,0.024607,1177.0479755212514
913.6,0.017795194,1222.5634730511076
913.7,0.006965525,1203.687018047022
913.8,0.0026459636,1580.3347553734125
913.9,0.004232032,1212.004903848663
914.0,4.6424786e-05,12671.480023370917
914.1,0.0027397128,1620.2095329874542
914.2,4.7240017e-05,12432.905557500577
914.3,5.4552173e-05,12307.281781452893
914.4,5.171248e-05,12764.879681463754
914.5,4.325737e-05,12892.785883686067
914.6,4.9359973e-05,12643.250710444092
914.7,3.972017e-05,13058.121699311612
914.8,6.98608e-05,11909.060042761894
914.9,0.00010793788,11251.461227754242
915.0,4.2649164e-05,13609.972723757483
915.1,5.1972056e-05,12760.513957102576
915.2,5.5830045e-05,11635.67823093824
915.3,4.257643e-05,13473.775855262744
915.4,3.658721e-05,13554.124957098666
915.5,3.9363225e-05,13427.331358578727
915.6,9.954838e-05,11481.267817610642
915.7,5.0901006e-05,12746.068929865372
915.8,6.58801e-05,12386.984558005623
915.9,3.686019e-05,13320.244313096766
916.0,0.00011243096,8694.962331655204
916.1,6.306837e-05,12010.08296579979
916.2,7.265709e-05,11888.499571590188
916.3,6.710042e-05,11425.79768400089
916.4,0.0001333732,9838.285979753691
916.5,6.347956e-05,11882.582602419092
916.6,4.348896e-05,12730.660968357142
916.7,0.0001048533,11351.117839998267
916.8,0.00013759405,10068.824503342212
916.9,0.00019343244,8543.986173094723
917.0,0.00057120254,5951.871205962191
917.1,0.0008526691,4401.776223184679
917.2,0.000636667,6314.040569096818
917.3,0.00013306944,10956.063597109778
917.4,0.00017696833,10557.749891301626
917.5,0.00010040473,12650.434457622354
917.6,8.665683e-05,11026.991513849225
917.7,0.00014154232,10635.052715485188
917.8,8.5823616e-05,10748.065849263454
917.9,0.00012611836,10837.011326080597
918.0,5.3997923e-05,12702.24396885093
918.1,7.989577e-05,12041.83715027462
918.2,7.967515e-05,11430.011557876838
918.3,7.822719e-05,11680.452617708937
918.4,5.3268814e-05,12904.706472526643
918.5,9.939413e-05,12442.66074306769
918.6,0.00016808973,10720.359540494455
918.7,0.00011651242,10258.456673405612
918.8,8.454067e-05,12427.53269161338
918.9,9.386103e-05,11802.01895641045
919.0,5.798829e-05,12401.880771615224
919.1,7.247987e-05,12382.840651684613
919.2,5.3389624e-05,12614.87473969487
919.3,5.3684766e-05,12851.686556015522
919.4,7.5440235e-05,11207.586368579228
919.5,0.00021085564,8800.245469930302
919.6,0.000111931025,11294.368221139179
919.7,0.00011526281,11139.415521059589
919.8,0.00015212486,8951.705777928893
919.9,0.0003688632,7620.44018112485
920.0,7.170957e-05,11589.422110003654
920.1,4.5072273e-05,12839.212514509021
920.2,7.542556e-05,11168.793117481542
920.3,6.9531554e-05,12060.84600210957
920.4,3.8427177e-05,13642.629028869977
920.5,0.000106377825,10747.847340277445
920.6,4.769949e-05,12773.67488685087
920.7,0.00015288762,10186.681088642445
920.8,0.0057274625,1144.1310954370892
920.9,0.015413244,749.1773775478272
921.0,0.0052886964,4631.263647959966
921.1,0.019485794,1071.163462161045
921.2,0.002302226,2490.1228217467096
921.3,0.002177167,6457.133663609368
921.4,0.017988326,985.3653447217977
921.5,0.0087021645,2087.9912662884212
921.6,0.0299715,1428.1614267486402
921.7,0.004580942,9589.565236189124
921.8,0.023388086,746.3707012257071
921.9,0.008557625,1116.2338667099416
922.0,9.955021e-05,8245.689655363649
922.1,0.018230839,935.0075275793647
922.2,0.016542077,1648.6408822428798
922.3,0.0031149604,7177.283660875733
922.4,0.008640368,4172.39978381167
922.5,0.0070742145,2472.2465214554727
922.6,0.014060378,1261.9454765100527
922.7,0.011475029,859.63303704379
922.8,0.008591432,1133.3957005812686
922.9,0.011110454,2560.2093974075524
923.0,0.0025625948,3239.4278036085316
923.1,0.01733882,2064.5114139367633
923.2,0.01694808,847.0421758309303
923.3,0.013558464,964.9965528396311
923.4,0.0008018117,9728.823937649282
923.5,0.03661608,1207.187009813306
923.6,0.028397474,1066.655485176821
923.7,0.025184747,1091.8833384612449
923.8,0.01075608,1152.104192109187
923.9,0.0043779234,1755.9905225856464
924.0,0.0012301571,2982.791886199184
924.1,0.010651749,925.7528394970844
924.2,0.019906368,481.61974850999286
924.3,0.0067774896,1319.9945062573083
924.4,0.0016758466,2532.1490081288953
924.5,0.0027749364,2170.613759323576
924.6,0.0011241448,7169.272025688343
924.7,0.037130922,1242.216313778942
924.8,0.020242326,1102.6819493349205
924.9,0.0073185912,1714.7146067694443
925.0,0.0009378472,10605.246581554504
925.1,0.003717054,2231.544297113709
925.2,0.011242445,913.6868194564701
925.3,0.0038869614,6358.779207767249
925.4,0.00025109728,8986.965368249941
925.5,0.010542027,1119.5688666789474
925.6,0.003794424,1416.6602965308534
925.7,0.00399083,1483.29841541835
925.8,0.00573676,1230.8624143689908
925.9,0.006465179,1036.7757125175012
926.0,0.0045112735,1029.621185288755
926.1,0.00038579977,6363.559548220703
926.2,6.124434e-05,9592.180257424407
926.3,5.352712e-05,11918.63462884092
926.4,8.421402e-05,9397.972626758637
926.5,5.9260365e-05,10508.634721481998
926.6,7.5238044e-05,9750.461381647085
926.7,3.583704e-05,13944.845998677438
926.8,0.0058979793,928.9936988440938
926.9,0.0003693811,4798.720715151689
927.0,0.0019800274,7380.908224602493
927.1,0.025690746,835.2598128049849
927.2,0.008261833,1672.531221245757
927.3,0.0020004031,2877.2928743007783
927.4,0.017070489,1272.3137334832593
927.5,0.008869374,1326.4883766347455
927.6,0.0009250904,3760.5778739748175
927.7,0.011215983,970.3090012010143
927.8,0.0008359211,3793.4380302835534
927.9,4.6823046e-05,12825.40172890912
928.0,0.0017159911,3082.461493357304
928.1,0.006940149,1040.416517219432
928.2,0.0056635407,1514.08063905083
928.3,0.001000964,3402.595061580875
928.4,0.0020475641,4115.509272657771
928.5,0.0042596585,1108.5827104948648
928.6,0.0020641717,1445.5289800728056
928.7,0.0011567443,2477.531179731379
928.8,0.000119808894,11361.056174155949
928.9,0.019083505,751.0058761504527
929.0,0.014401095,847.9054417495995
929.1,0.017280288,1253.196841214674
929.2,0.0006497023,9974.397341955346
929.3,0.0057426114,1365.8637100712767
929.4,0.0032336544,1484.4473585886708
929.5,0.002246925,1770.2580034766147
929.6,0.0024409073,1596.1762903670804
929.7,0.00064043555,3415.009946782241
929.8,5.0600556e-05,12470.756721375896
929.9,4.1466985e-05,13541.58993804039
930.0,4.1287793e-05,12926.038046640058
930.1,3.3363627e-05,13655.911842459445
930.2,3.683413e-05,13656.166435372426
930.3,3.572985e-05,13727.928559283215
930.4,4.0088747e-05,14206.14667163116
930.5,3.5466655e-05,13835.07732825946
930.6,4.1117542e-05,13688.253593276315
930.7,3.473624e-05,13921.220650781095
930.8,3.7051843e-05,13931.73034475174
930.9,4.3732067e-05,13447.662586310671
931.0,3.642013e-05,13962.264533126614
931.1,3.7617705e-05,13721.321999387137
931.2,3.4379118e-05,13571.636575788232
931.3,3.1676944e-05,14461.715056042849
931.4,3.8714774e-05,13713.576718064402
931.5,4.2083986e-05,13780.398859208277
931.6,3.789235e-05,13373.759121527457
931.7,6.835044e-05,12360.646052346481
931.8,3.1038337e-05,14272.367223568295
931.9,3.5564135e-05,13997.455087400936
932.0,4.2232983e-05,13548.452576568197
932.1,4.143575e-05,13728.30273247706
932.2,5.5982473e-05,13253.69882087908
932.3,3.9930394e-05,13580.878473571061
932.4,3.9362123e-05,13521.458668307318
932.5,3.5436427e-05,13700.440100338967
932.6,4.0053143e-05,13368.976827483635
932.7,3.9928433e-05,13435.056332967064
932.8,3.9839797e-05,13680.822624637194
932.9,3.835854e-05,13770.984248181378
933.0,4.587175e-05,13555.319286303267
933.1,3.6842106e-05,13825.671880072692
933.2,4.8936425e-05,13090.730155778983
933.3,7.3533985e-05,12556.238087309226
933.4,5.767228e-05,13888.203196877952
933.5,0.00014605935,11519.073151900557
933.6,0.00010999507,11170.554871744913
933.7,4.086147e-05,13303.29319491102
933.8,3.624854e-05,13428.123748436094
933.9,3.6017456e-05,13483.87603533783
934.0,3.709284e-05,13824.780299427899
934.1,3.8880804e-05,13218.606069172723
934.2,3.5604935e-05,14009.304976969048
934.3,5.46185e-05,12636.52532805989
934.4,3.662239e-05,13142.01652602084
934.5,0.012032682,748.8490282640807
934.6,0.024297066,666.4905961406293
934.7,0.020783534,944.383846493678
934.8,0.0036719406,5246.14556816249
934.9,0.01517352,1200.0484299016848
935.0,0.006182037,1475.3014614735084
935.1,0.0006495095,4069.7567716535304
935.2,0.0034666979,2146.51915510602
935.3,0.0038991873,1781.307580885489
935.4,0.0027307689,1426.3610684425544
935.5,0.0019444634,1533.2227228122122
935.6,0.0004187916,8556.7323109373
935.7,0.0039127567,1570.0402051097162
935.8,0.003891882,1335.248511094024
935.9,0.00038603414,7129.418058321193
936.0,0.0045440155,1431.0181188670158
936.1,0.0014859193,2605.8365792521945
936.2,0.003992661,1204.4671679446055
936.3,0.0057635144,1194.0930414874256
936.4,0.004948626,1235.3359445701876
936.5,0.002924582,1294.1244967120142
936.6,0.00015223931,8157.843281818628
936.7,6.424326e-05,11860.419531542177
936.8,8.112176e-05,11602.823232260796
936.9,4.302088e-05,13587.631897928532
937.0,8.019972e-05,12061.889650651581
937.1,5.601052e-05,13135.655792504685
937.2,0.00011228555,8865.422484615181
937.3,5.5613335e-05,12451.313242526836
937.4,5.5522003e-05,12242.427851706467
937.5,3.971744e-05,13275.78928000815
937.6,4.3870856e-05,12894.47598746658
937.7,3.818514e-05,12883.672849569024
937.8,5.2117506e-05,12579.82838087135
937.9,6.051047e-05,12412.268365769747
938.0,5.3259722e-05,12281.16586979339
938.1,4.3531436e-05,13228.591580016247
938.2,4.4601387e-05,12940.99591315401
938.3,0.00019004029,8387.632354771027
938.4,0.01745243,1239.4491659230803
938.5,0.00020697717,8629.310863477727
938.6,0.013187309,2769.306663841132
938.7,0.023361886,1075.487689071978
938.8,0.010818927,917.4417070163702
938.9,0.0064603267,1278.8321629465038
939.0,0.00047252895,8584.890934113559
939.1,0.006120698,1325.8762650525018
939.2,0.0009441242,5616.048468896011
939.3,0.0005060794,9627.368339510369
939.4,0.005720536,1147.6514410220223
939.5,0.0008228669,3228.5966375591624
939.6,6.125704e-05,12003.995492544733
939.7,0.00011547618,10958.848322959511
939.8,0.00010050427,10843.113638289651
939.9,0.00010866634,11027.96249026003
940.0,0.0001255453,12013.201211967233
940.1,5.0883846e-05,12370.10143112245
940.2,4.1780593e-05,13017.549885421588
940.3,3.7076006e-05,13229.701108700483
940.4,3.496861e-05,13658.987309229446
940.5,3.8786256e-05,14048.958064448329
940.6,4.0427512e-05,13429.704782840417
940.7,6.943655e-05,12260.830801134915
940.8,5.7933772e-05,12261.188490084949
940.9,3.6255675e-05,12935.588131586614
941.0,4.3987784e-05,11826.26687347694
941.1,9.7120814e-05,10875.821919736069
941.2,4.9378035e-05,12114.624314249399
941.3,5.0392515e-05,11221.541545193682
941.4,5.828216e-05,10171.225856984647
941.5,5.9913917e-05,10401.484140176479
941.6,4.9089827e-05,12235.627366208091
941.7,5.1981173e-05,12564.393848576798
941.8,3.6277324e-05,13460.752319006786
941.9,3.9532264e-05,13561.951219953728
942.0,3.3225006e-05,13783.234600474594
942.1,4.635528e-05,13210.815189302439
942.2,3.6607544e-05,13744.011237526793
942.3,9.509511e-05,9861.514887832165
942.4,6.014841e-05,10869.713591127056
942.5,4.2879623e-05,12281.602858449445
942.6,5.7160643e-05,10809.668682337047
942.7,4.5626344e-05,12129.761394022025
942.8,7.984662e-05,11531.295866521887
942.9,4.5862416e-05,12170.394410772049
943.0,0.0066118515,1163.5886661521529
943.1,0.015978293,873.2771986244582
943.2,0.013766289,2028.8441573604032
943.3,0.0010938378,10441.155430297924
943.4,0.020960752,1671.8638701772975
943.5,0.022925315,717.7327536367363
943.6,0.013407451,925.5364426557211
943.7,0.011696883,1310.2334259819406
943.8,0.010025579,1247.4680441061362
943.9,0.010702307,1435.1694718980568
944.0,0.0061805937,1624.0732592743184
944.1,0.00373021,1912.4572502684246
944.2,0.0009849583,4277.293157081388
944.3,0.0015473824,7797.950806159406
944.4,0.02271264,1347.9161500113603
944.5,0.029957669,624.4325487176204
944.6,0.028046915,685.0687749420006
944.7,0.01678164,1558.4884407633624
944.8,0.015589499,1132.8014805597368
944.9,0.01723508,964.4239831637647
945.0,0.006667133,1511.6859191854903
945.1,0.009665396,1130.7422003401425
945.2,0.0037170358,2437.9456591372627
945.3,0.0076762605,6005.854257173677
945.4,0.02790293,840.4233633860372
945.5,0.017782934,1076.2306841384407
945.6,0.0177935,1139.9990896855998
945.7,0.01773908,1046.6104988713168
945.8,0.010660173,1230.4831229459055
945.9,0.00010793676,9261.199657689389
946.0,5.2537882e-05,12178.41064964415
946.1,8.743834e-05,10904.626305148846
946.2,4.7940594e-05,12250.094508548835
946.3,0.002909794,3171.4976896933676
946.4,0.01714682,891.8772813284543
946.5,0.019448943,1125.521609862171
946.6,0.0030000398,2561.22738045833
946.7,0.0022739796,6594.940102931204
946.8,0.012581002,1192.5595406526136
946.9,0.005300343,1633.1846172375215
947.0,0.0027058918,1586.533389642037
947.1,0.003196641,2356.7589124418723
947.2,0.0018722384,2077.1403900841997
947.3,0.000498999,3802.5324636494065
947.4,7.793762e-05,11348.193312997835
947.5,0.0052545485,1335.3076961587344
947.6,0.00039727963,7951.788967176505
947.7,0.0025175053,1655.456980450092
947.8,0.00041361665,9122.666864847248
947.9,0.00022566952,5388.068733636231
948.0,0.00045046807,5040.351473072426
948.1,4.98917e-05,12615.682744440508
948.2,8.452058e-05,10076.495471234413
948.3,7.2884446e-05,11220.806302411362
948.4,5.8061407e-05,10753.952513188706
948.5,0.00014691766,7907.3234884098165
948.6,0.00011832682,8205.35130562574
948.7,0.00014092801,8370.614632091587
948.8,0.00038164872,6692.9074635305315
948.9,0.0005019572,6329.581981855568
949.0,0.00049217534,5750.688257020585
949.1,9.173321e-05,8935.461467468158
949.2,0.00034075044,6398.20237581737
949.3,0.00063271006,4057.4325077540298
949.4,0.00067367184,4623.468024756605
949.5,0.0033663914,3222.3400828962062
949.6,0.0031808862,3816.491729665829
949.7,0.00073487026,5250.752085078162
949.8,0.0005415908,5884.204697164463
949.9,0.00036377576,5723.4659808180095
950.0,0.0014290431,4391.480991010078
950.1,0.0022330931,2537.359506634445
950.2,0.0002471828,6004.828944179779
950.3,0.00010286868,8701.952574329951
950.4,0.00013337389,8178.197184298284
950.5,0.00015632261,7993.228915758835
950.6,0.0012694448,2963.1941489182195
950.7,0.00073345227,5431.227908841194
950.8,0.00061606587,6116.379300871857
950.9,0.00082178303,4500.761868850354
951.0,0.0018143936,3613.209190059875
951.1,0.0012751091,4750.726041223789
951.2,0.0031225653,3114.489183076117
951.3,0.0004604029,5685.093551691416
951.4,0.0003148643,6150.029429398643
951.5,0.0008234745,6151.010948269004
951.6,0.0011855034,5874.4345717739325
951.7,0.0010162715,6068.8552038464895
951.8,0.0010328557,5268.484963219684
951.9,0.0008957501,5560.442985433398
952.0,0.0010929118,5703.3004613224775
952.1,0.0010772785,4956.372191515073
952.2,0.0008178659,4847.171182470127
952.3,0.00020525117,7214.141171820997
952.4,0.00018527817,7205.642816904742
952.5,0.00016274174,7722.131274182133
952.6,0.00012427548,7884.695095478307
952.7,9.0954505e-05,7727.324905977952
952.8,0.00018887465,7442.769267247188
952.9,0.0001517093,7797.754019152407
953.0,0.00011090087,8863.384062863617
953.1,0.00023850829,7270.456309065878
953.2,6.935266e-05,10163.424691154247
953.3,8.6034444e-05,10287.98904868927
953.4,0.00013455667,10364.642346777757
953.5,9.916461e-05,10065.94272893787
953.6,7.248622e-05,11287.465976989723
953.7,7.300807e-05,11896.291962508058
953.8,4.0430685e-05,12861.917388425723
953.9,6.3085135e-05,12351.457313899744
954.0,0.0030282487,3727.4040036491197
954.1,0.014741849,1037.2957570775502
954.2,0.0008956373,6318.53357048896
954.3,0.00027052284,9470.619710861996
954.4,0.027159048,1069.3729857060177
954.5,0.00993592,871.8482858841057
954.6,0.009481616,1058.3314660903561
954.7,0.005444466,1108.9513482076018
954.8,0.0040239533,1318.6678119877051
954.9,0.012675598,1062.3707873829435
955.0,0.010923406,1694.4849519102422
955.1,0.017698083,1269.3386571918204
955.2,0.014597793,1417.5114488017202
955.3,0.010381975,1352.763261402817
955.4,0.0102480035,1571.416607876631
955.5,0.016640967,968.6599533445915
955.6,0.0024173653,2146.265997803595
955.7,0.0008867879,3781.965485954476
955.8,0.0196357,1300.8550448829697
955.9,0.0025558278,2092.7655989159825
956.0,0.003254513,1426.4442878149648
956.1,0.0034520905,1284.8821844861147
956.2,0.0030115338,1754.6395236783567
956.3,0.0020337838,1923.2883122275803
956.4,8.766536e-05,10076.670968951561
956.5,3.901718e-05,12980.230621290602
956.6,3.935955e-05,13364.516328383488
956.7,4.0423667e-05,12857.463895829156
956.8,3.9459082e-05,12918.105680258232
956.9,4.488421e-05,12909.982826885212
957.0,4.392407e-05,12715.177214567062
957.1,6.4985914e-05,10848.025944242572
957.2,0.0008345087,5798.97501053166
957.3,0.014189966,845.1965962242722
957.4,0.003537122,2061.4002848890145
957.5,0.0017142111,6765.799828916918
957.6,0.01203692,1133.9333045242875
957.7,0.0090874415,1260.8029526226073
957.8,0.008333915,1213.8727114426492
957.9,0.0069768815,1222.9360723118994
958.0,0.0023627498,1579.8475854133062
958.1,0.0007670333,3592.301104604822
958.2,4.5150697e-05,12991.187482281803
958.3,0.0004168118,8287.884194315859
958.4,0.0012765721,2657.2030483369035
958.5,0.003048858,1691.8907915448199
958.6,0.005076838,2253.118290577763
958.7,0.014632153,1146.361755995506
958.8,0.005678941,1233.9347869717772
958.9,0.00038254925,5092.760854997692
959.0,5.0030074e-05,12737.178862071347
959.1,4.2627442e-05,12749.364634498264
959.2,6.9122594e-05,11362.031853254679
959.3,3.7180373e-05,12804.861067015474
959.4,3.576777e-05,14098.214977408286
959.5,0.00097187416,5238.896512470252
959.6,0.0068167862,1193.188298050984
959.7,0.0036397604,1381.5660164286908
959.8,0.0044534947,1282.9714647967344
959.9,0.004878943,1302.0700088561953
960.0,0.0036147037,1323.328649552152
960.1,0.003102423,1333.713715837911
960.2,0.0018981673,1343.937326957123
960.3,5.0894614e-05,12356.878123307155
960.4,3.5242338e-05,13655.58363004817
960.5,4.0721625e-05,13553.702763059553
960.6,7.172505e-05,12639.284394774548
960.7,6.240614e-05,11966.193294559027
960.8,9.016504e-05,9128.248608152035
960.9,0.00082826905,7702.627016098452
961.0,0.0143334,1579.1531557006983
961.1,0.019350016,800.711854963827
961.2,0.007953983,1423.7921439648248
961.3,0.0017830645,2182.9294034009513
961.4,0.00013079883,9421.294320344387
961.5,0.00014511935,6462.115266744042
961.6,0.0039936244,1248.3708915157194
961.7,0.0031001326,1452.618161300265
961.8,0.002950975,1365.1823476247175
961.9,5.6314588e-05,11624.627504609734
962.0,5.007459e-05,13021.931402569324
962.1,3.983777e-05,13755.133985185936
962.2,3.6320213e-05,13542.173674127378
962.3,5.180965e-05,13478.873605665542
962.4,4.660138e-05,11846.260728232948
962.5,4.822248e-05,12182.803367562883
962.6,0.004934245,1107.8163437943144
962.7,0.006482883,1050.6735973021568
962.8,0.007953923,1228.5151889122492
962.9,0.014294432,668.4797433069759
963.0,0.012325033,1035.9577543100208
963.1,0.0013310269,4891.227132430633
963.2,0.0052162926,1711.0718893963044
963.3,0.0030457655,1476.2218339903266
963.4,0.00029111133,7699.352047688833
963.5,0.0027253097,1372.3023680817546
963.6,0.0010655817,2644.4564621766876
963.7,0.0010062943,4733.800096221177
963.8,3.911385e-05,12834.759793310695
963.9,3.9053415e-05,13428.328067446251
964.0,6.4158536e-05,11161.15692315482
964.1,0.00011443198,8076.604311581662
964.2,0.009155116,1497.94122350567
964.3,0.0056432243,1131.6838663375406
964.4,0.0019630892,2439.057171432758
964.5,0.00035428393,5119.984413128379
964.6,0.00019536841,8229.375767646019
964.7,4.993287e-05,12452.233109752256
964.8,4.6746634e-05,12981.896376491108
964.9,0.00011022805,11315.098068736432
965.0,0.016177118,1027.7131119277162
965.1,0.0024413965,8655.102608022658
965.2,0.02385279,2548.158470931078
965.3,0.052245494,1126.2539876487542
965.4,0.010594016,3608.270170911613
965.5,0.009844024,1323.300440079072
965.6,0.005564764,1468.832069252926
965.7,0.00023443488,6835.381959521214
965.8,0.00026319956,6551.573898003468
965.9,0.00019944434,7304.152475099442
966.0,0.0004060842,5654.684251780893
966.1,0.0014394566,5318.177373498798
966.2,0.0007803598,4995.467029897142
966.3,0.00066997774,5072.429504323878
966.4,0.00051786815,5261.953555983339
966.5,0.00031897865,5633.976745484077
966.6,0.0008654108,3660.596002531037
966.7,0.00047682945,5226.65027381501
966.8,0.0014279218,2697.940464307564
966.9,0.0072971378,999.7196776941246
967.0,0.007378997,2369.0659982608795
967.1,0.009345755,1167.8705335132627
967.2,0.008567694,1407.2342003902234
967.3,0.0027514629,1955.929648537257
967.4,0.0010605467,6323.036699128024
967.5,0.0029992866,1703.8054543479775
967.6,0.001429179,2450.375226622903
967.7,0.0044554756,1888.89170497524
967.8,0.0008135327,4100.386619374041
967.9,0.0005583005,5508.052194326893
968.0,4.680889e-05,13641.182647547936
968.1,6.45607e-05,12218.948178860812
968.2,5.5582303e-05,13015.824499072507
968.3,4.50593e-05,12955.31932973077
968.4,6.651056e-05,12660.431754568479
968.5,0.00014449193,7821.490837944026
968.6,0.013015454,1167.168591182362
968.7,0.0009839389,6572.644125496317
968.8,0.002086929,1591.0333845321006
968.9,0.00016996554,9655.490184871467
969.0,5.7765417e-05,11451.787258198023
969.1,0.00017402193,6883.314486726476
969.2,3.877286e-05,12887.519567613837
969.3,3.405063e-05,14194.177621730205
969.4,4.8379075e-05,13218.436928761286
969.5,6.287158e-05,12738.446804873533
969.6,4.1819647e-05,13293.854738625812
969.7,6.6680186e-05,12444.519694879205
969.8,4.4489047e-05,13112.016841383194
969.9,3.891552e-05,13628.496247721214
970.0,4.298592e-05,13582.801055128655
970.1,3.5376135e-05,13904.319523799337
970.2,5.449933e-05,12930.491004382247
970.3,3.7326023e-05,13619.709823920715
970.4,3.585855e-05,13711.684694729109
970.5,6.287957e-05,13236.005170319784
970.6,3.409621e-05,14085.292467255214
970.7,4.6540175e-05,12905.84553247986
970.8,4.8165843e-05,13450.98658456274
970.9,4.008824e-05,13059.944053795634
971.0,3.9532988e-05,13636.868087672141
971.1,4.4121054e-05,12876.238668424465
971.2,3.8115573e-05,13763.250110712888
971.3,3.7085752e-05,13109.346139782823
971.4,3.4630233e-05,13989.133043813226
971.5,5.8827045e-05,12658.07075871033
971.6,4.6893587e-05,12919.014116611095
971.7,4.314686e-05,13480.895123204335
971.8,4.5119265e-05,13035.103721895659
971.9,4.5008528e-05,13437.645021844593
972.0,4.146438e-05,13197.446553036705
972.1,6.112548e-05,12507.43510627727
972.2,5.2374362e-05,13796.446651967144
972.3,3.7730893e-05,13743.99785157776
972.4,3.707432e-05,13873.816363622993
972.5,3.723121e-05,13826.304772552532
972.6,3.5694102e-05,14022.020787068896
972.7,4.1534786e-05,13797.51215105621
972.8,3.9688875e-05,13508.803424756386
972.9,3.348969e-05,13832.407103615311
973.0,4.6663827e-05,13518.847224358211
973.1,5.1435778e-05,12971.362644693842
973.2,3.961153e-05,13644.328328980966
973.3,5.0896113e-05,12856.94764856487
973.4,4.6358153e-05,12326.4224646262
973.5,0.014212551,904.8598376822947
973.6,0.0013894973,4020.5600974287136
973.7,0.016826076,982.2931737981771
973.8,0.0022662403,1500.492163448726
973.9,7.3089795e-05,10325.450552925644
974.0,5.998892e-05,12240.465639243255
974.1,3.416659e-05,13779.032295646828
974.2,3.758455e-05,13745.510548797169
974.3,0.00021503695,6610.024859000681
974.4,4.0340397e-05,13163.0442088046
974.5,7.407617e-05,12208.825424869787
974.6,4.2401407e-05,13108.811169911307
974.7,5.9046513e-05,13028.763782770555
974.8,0.000113629365,11713.270512869258
974.9,4.216147e-05,13460.183025998085
975.0,3.8568825e-05,13502.13237170351
975.1,0.019454792,764.0609162636772
975.2,0.0010429384,6361.828938100245
975.3,0.029323258,1035.4740458115734
975.4,0.02394902,829.082476855747
975.5,0.012060655,1446.657423576112
975.6,7.024369e-05,10424.027397786389
975.7,6.558481e-05,11549.231383382677
975.8,5.347032e-05,12912.886906182592
975.9,3.70012e-05,13393.474852689935
976.0,0.012251567,1135.2188165126854
976.1,0.008799655,893.1937270186286
976.2,0.011477233,763.1891679843048
976.3,0.016919818,2075.6982747327443
976.4,0.00012450492,8066.0845469484175
976.5,0.030481346,1691.9465011977854
976.6,0.012412245,1806.4446483495865
976.7,0.0007485274,9562.462376565862
976.8,0.022515217,1354.0892459409429
976.9,0.00019135539,7943.395719789174
977.0,0.00046116373,9508.131267214936
977.1,0.010534138,1135.9758187569441
977.2,0.013281372,959.562367293282
977.3,0.0010549286,3805.0254445814317
977.4,8.5964195e-05,9289.72349756262
977.5,8.705901e-05,9031.918728127735
977.6,6.245908e-05,10011.67038104353
977.7,6.562957e-05,10031.673196883916
977.8,6.0058068e-05,10608.92168788186
977.9,6.349905e-05,9681.77798162533
978.0,6.706085e-05,10179.743390012418
978.1,6.4603686e-05,10648.461246422528
978.2,5.4513053e-05,11314.357010059162
978.3,4.8056594e-05,12134.13097237438
978.4,3.8451148e-05,13521.600910930501
978.5,0.00074044906,9824.94923286682
978.6,0.023651533,1347.0858067253894
978.7,0.016299583,1164.4468021607493
978.8,0.0096098,1078.581346031603
978.9,0.0015890823,2034.0821727712141
979.0,5.7486275e-05,11005.21480458194
979.1,4.8143873e-05,11623.98917470984
979.2,4.814512e-05,12356.420065141336
979.3,7.711373e-05,12045.378387073099
979.4,6.683647e-05,12266.265134530273
979.5,4.1502357e-05,12552.311367177537
979.6,0.00056869996,10912.05486074054
979.7,0.028833123,1102.4093896135437
979.8,0.0047376775,2936.196375639959
979.9,0.028269712,1309.4408652591958
980.0,0.04608023,1217.1549457685228
980.1,0.019023227,886.0216379508588
980.2,0.011762175,1103.4382385201732
980.3,0.010298493,1175.7174395696422
980.4,0.009486272,1132.0689537470462
980.5,0.0045460677,1184.2707755038484
980.6,0.0009504332,1802.9088716779356
980.7,7.7889694e-05,10793.699420203893
980.8,3.4441044e-05,13260.28300727083
980.9,4.7754842e-05,12785.787392628996
981.0,4.179474e-05,13694.118780470988
981.1,4.3100918e-05,13504.478546411035
981.2,0.00010967977,10501.39523181821
981.3,0.03362862,889.0898541184151
981.4,0.016582677,1711.2969718666066
981.5,0.0013293187,8536.570777114881
981.6,0.017095663,1101.4627851300497
981.7,0.009916859,942.3376089017042
981.8,0.003687254,1245.3188291501292
981.9,0.010963061,1191.3080637066919
982.0,0.00017508162,7897.249158497061
982.1,0.012911477,1083.078767352443
982.2,0.0055119083,1087.3970193812363
982.3,0.0025086643,1766.810809975901
982.4,0.00077869924,4478.774984157056
982.5,0.0008897616,3780.7118301797545
982.6,0.0027886953,1253.939241230999
982.7,0.0010423525,2585.9008789182417
982.8,7.4521944e-05,9953.188219838525
982.9,6.0903647e-05,10518.007675191811
983.0,4.401708e-05,11511.329268536372
983.1,7.819848e-05,10017.571256702013
983.2,0.00011385825,7428.628240199103
983.3,0.00010134897,7810.851105781857
983.4,6.78329e-05,10075.99878844813
983.5,3.6701756e-05,13166.323509576841
983.6,0.013793981,818.4622766912951
983.7,0.022974173,1207.0470906661408
983.8,0.023263818,1100.8032892843448
983.9,0.014905636,848.8407321648249
984.0,0.005952535,1168.9344386423297
984.1,0.004277333,1567.9737017366176
984.2,0.00026076232,8101.1361325714115
984.3,5.6764664e-05,11836.935393597854
984.4,0.00011203508,9153.379111822016
984.5,0.01758721,868.881406209696
984.6,0.007053428,1002.1232311648621
984.7,0.0025232409,1856.9380632930843
984.8,0.0042783604,1134.2621026307622
984.9,0.005427181,1142.431279922305
985.0,0.0016080199,2093.2472816779823
985.1,0.00011783015,7976.283106249639
985.2,0.000102195954,8527.061650888796
985.3,0.00011881987,7628.164682091864
985.4,8.1520084e-05,9148.762986050959
985.5,6.838033e-05,9593.807101026385
985.6,0.0060592676,1058.6897254618066
985.7,0.013511381,779.7846224308494
985.8,0.01031517,1209.223697261705
985.9,0.011032835,785.3852255184898
986.0,0.0047325105,1044.1904204061707
986.1,0.0017728759,2967.081412532975
986.2,0.0014547968,2117.3673553757053
986.3,0.0005643519,6525.359790356688
986.4,9.412857e-05,10309.512844315783
986.5,4.4758213e-05,12941.003955115944
986.6,3.6814832e-05,12745.112582326783
986.7,3.9687606e-05,12854.029020740201
986.8,6.4720596e-05,11219.225182486476
986.9,4.56544e-05,12567.787429091808
987.0,3.984214e-05,13338.693110194597
987.1,3.9910825e-05,13101.46426485241
987.2,3.905591e-05,13224.390568254606
987.3,0.00015970066,8586.969383894793
987.4,4.6540063e-05,12078.601211793128
987.5,4.05321e-05,13253.587570203039
987.6,4.5082747e-05,13196.072165852742
987.7,3.1226795e-05,14525.49924885841
987.8,4.2794105e-05,13525.863516155943
987.9,3.564347e-05,13654.517325362405
988.0,3.3389784e-05,14070.224714855314
988.1,4.2012533e-05,13465.73651469916
988.2,4.2017273e-05,12521.938681393498
988.3,4.9021924e-05,11634.607322400541
988.4,4.422622e-05,13113.904402788847
988.5,4.3702246e-05,13587.462564099567
988.6,3.5365818e-05,13274.879342287308
988.7,4.9366285e-05,13275.067843126308
988.8,3.8527647e-05,12576.94512695545
988.9,3.722876e-05,13782.519677851988
989.0,5.1781448e-05,12319.000308455019
989.1,3.9277897e-05,13436.862294909148
989.2,3.4690045e-05,13705.106500728647
989.3,3.493847e-05,13277.48902723696
989.4,4.188117e-05,13914.554310684727
989.5,4.3436947e-05,12710.220023365026
989.6,3.9864735e-05,13226.463555434491
989.7,3.906556e-05,13015.61454681115
989.8,3.5156794e-05,13468.655052075903
989.9,3.430803e-05,13510.55270043871
990.0,6.15496e-05,12825.162111998796
990.1,4.321854e-05,13017.9934970471
990.2,3.6803714e-05,13559.001581900475
990.3,3.9006194e-05,13567.957132882697
990.4,4.937996e-05,13278.224637867395
990.5,3.499837e-05,13522.832867134966
990.6,3.645606e-05,13494.681634855902
990.7,4.296695e-05,13133.053134705606
990.8,3.6709e-05,14060.51583849849
990.9,4.7104808e-05,11788.465395617613
991.0,3.6518966e-05,13911.305784811639
991.1,3.9560742e-05,13630.666562946119
991.2,4.2954292e-05,13712.031721056932
991.3,4.569536e-05,13577.600478527529
991.4,3.42934e-05,13995.25744672642
991.5,3.7018508e-05,13607.552627700457
991.6,4.203382e-05,13620.993759238418
991.7,4.3599655e-05,13453.223232482627
991.8,4.0257237e-05,14010.606731436383
991.9,3.4364148e-05,13135.50090979163
992.0,3.3778906e-05,14305.058384263346
992.1,3.5958703e-05,13641.099586618388
992.2,0.00016635729,6792.105173504837
992.3,0.001182285,3674.7984807151183
992.4,0.0005997734,4267.6947248697
992.5,0.0036145546,3579.4829795848527
992.6,0.014144392,768.6493612056529
992.7,0.0026164057,2726.274858955879
992.8,0.0014568771,3489.8779509323394
992.9,0.0011142187,2544.0480438509
993.0,0.0033408294,1889.8807100847393
993.1,0.0014547323,8294.405945944432
993.2,0.00037784321,5638.097140670212
993.3,0.0005146776,5294.892127685102
993.4,0.0005290128,4737.136800543141
993.5,0.0002892756,5899.21716071867
993.6,0.00019629371,5950.428482731816
993.7,0.00012146153,6882.032757201188
993.8,0.00010182486,8147.314586790912
993.9,5.44935e-05,10757.64347623533
994.0,5.3610034e-05,11454.291852250946
994.1,7.068847e-05,11046.989616383513
994.2,5.5789198e-05,10039.30795970936
994.3,0.00041061954,7649.535330703863
994.4,0.009062807,1071.7547075940654
994.5,0.0032299238,1597.102121365424
994.6,0.006247906,1445.7753965849754
994.7,0.004571375,1081.6839765697014
994.8,0.008311227,1148.928416619014
994.9,0.012440563,1000.7048301457951
995.0,0.0098024355,813.6250115746816
995.1,0.0048153317,1423.1069981492492
995.2,0.0035771201,1466.5657895255572
995.3,0.0031097352,1618.397873147277
995.4,0.002296989,2900.296552403301
995.5,0.0013225173,3123.849833915347
995.6,0.00213124,1825.7234007713414
995.7,0.0002873263,7121.48723656405
995.8,3.9978506e-05,13190.896727831558
995.9,5.128943e-05,12995.132114192813
996.0,3.4561814e-05,13971.338080245536
996.1,4.8356942e-05,12919.763911493192
996.2,4.7047524e-05,13300.977122878321
996.3,6.511256e-05,12970.8688568968
996.4,3.4551544e-05,13864.868949233141
996.5,3.604183e-05,14358.948920723038
996.6,4.5131168e-05,13448.656417570262
996.7,0.00027571712,8561.226721278494
996.8,6.8840025e-05,12983.408600298937
996.9,4.833548e-05,13619.96871368926
997.0,4.3980013e-05,13164.824019336835
997.1,3.642172e-05,14186.78754202081
997.2,4.929043e-05,12649.641948295683
997.3,3.6280755e-05,13611.044748006492
997.4,4.9434915e-05,13159.171944158812
997.5,4.342949e-05,13545.327594657407
997.6,4.6809586e-05,13551.796842785538
997.7,4.042342e-05,13991.178891854774
997.8,4.652144e-05,13376.913617618782
997.9,4.7946163e-05,13318.939131366904
998.0,6.5205204e-05,12639.237483312016
998.1,4.4273387e-05,14149.16827932815
998.2,4.3229687e-05,13515.572892600949
998.3,3.3730503e-05,14152.487431533245
998.4,5.6223267e-05,13612.585514045213
998.5,7.3522046e-05,12761.16021186232
998.6,5.9047397e-05,13047.796718065552
998.7,7.044587e-05,12236.112477699378
998.8,6.949718e-05,11630.616396458605
998.9,7.585405e-05,11356.567957330491
999.0,9.6410324e-05,11641.54413314172
999.1,0.0001732607,10000.407784745456
999.2,0.00018870513,10259.794273947236
999.3,0.0001397,11066.778532516351
999.4,0.000116549774,11020.827078163904
999.5,0.00014586702,9086.376137199339
999.6,0.010284501,1032.4489099579032
999.7,0.0028228054,1551.437026532124
999.8,0.0025467924,2298.775749274125
999.9,0.0029129088,1478.4557117634397
1000.0,0.00043578463,5192.035681117829
1000.1,8.680041e-05,10446.22242367568
1000.2,9.68744e-05,10374.294130293663
1000.3,6.649461e-05,11613.76422396512
1000.4,0.005503076,1620.653737133038
1000.5,0.0035597265,1374.4514249787157
1000.6,0.0010847509,2958.202074372821
1000.7,0.0035926518,1394.1549209395525
1000.8,0.0027895526,1490.6312294626503
1000.9,0.0016064914,2292.2260505867216
1001.0,0.0020747473,1681.4999460008917
1001.1,0.0015979584,2730.5309029855316
1001.2,0.0023634045,1638.0051155838055
1001.3,0.0017831452,1879.0464288191301
1001.4,0.00035225097,8397.47358653662
1001.5,0.0012629266,3134.651277795857
1001.6,0.0012438168,1939.4789702800922
1001.7,0.0010393125,2146.897179847354
1001.8,0.00054151186,3562.6017761878293
1001.9,0.00011507858,10506.65345207975
1002.0,0.00011824522,10125.577300746301
1002.1,0.00026301236,8760.396425473808
1002.2,0.00017497693,9036.86367878221
1002.3,0.00011257367,10255.473797271847
1002.4,5.0296763e-05,11875.612925125763
1002.5,6.199022e-05,12153.665140593532
1002.6,5.8860507e-05,12152.648591024104
1002.7,7.582508e-05,11345.161657231429
1002.8,0.000115931936,9666.910237321104
1002.9,0.0051376107,1059.4227265520822
1003.0,0.003197008,1408.2168275667009
1003.1,0.00051050656,8062.09818176913
1003.2,0.0037445934,1304.0940841530605
1003.3,0.0017049806,2850.4367079823396
1003.4,0.0023351896,3322.2099733942127
1003.5,0.002880693,3087.779405668799
1003.6,0.0058926246,3816.134490024998
1003.7,0.05131574,1042.055307294929
1003.8,0.04110456,983.7564039352986
1003.9,0.032473195,1523.0446339925807
1004.0,0.023574924,1206.398349598441
1004.1,0.00043573417,5352.757176624522
1004.2,0.000429979,6017.258791980581
1004.3,0.0019683342,3076.413492375398
1004.4,0.0028312972,2069.9866331185035
1004.5,0.0007930043,3394.240035620257
1004.6,0.0004278548,4209.651625209702
1004.7,7.768229e-05,10121.863660108034
1004.8,7.596352e-05,9112.898111077699
1004.9,6.0374787e-05,10855.297886317785
1005.0,0.000112975235,9411.664343269847
1005.1,4.3601696e-05,11803.719048416438
1005.2,7.172592e-05,11691.198286070141
1005.3,7.7898534e-05,11223.154298350735
1005.4,7.17572e-05,12280.235918989092
1005.5,6.2022125e-05,11113.953222827618
1005.6,5.8646576e-05,11259.883637484378
1005.7,0.0003360549,4129.488371245763
1005.8,7.880383e-05,9250.98426329268
1005.9,4.544197e-05,12641.957484328586
1006.0,4.2017447e-05,13308.71172230074
1006.1,0.00067614607,3649.547673318807
1006.2,0.004802943,3358.5155444709326
1006.3,0.006074473,2587.5656907078887
1006.4,0.0018556736,3108.4901690884262
1006.5,0.001465194,2818.545091249099
1006.6,0.00049135333,4051.655989206225
1006.7,0.00012535417,7385.40487852616
1006.8,0.00010534716,7611.338052849518
1006.9,6.36874e-05,11251.36020885337
1007.0,4.274846e-05,13724.719822994148
1007.1,3.5781442e-05,14117.67288037885
1007.2,0.00013077412,9607.53017832397
1007.3,4.0013947e-05,13315.156854443841
1007.4,4.5006465e-05,13606.238687615445
1007.5,9.055947e-05,12066.241628138987
1007.6,5.6620353e-05,13311.43097379254
1007.7,3.894846e-05,13390.602328471572
1007.8,3.3125416e-05,13993.132227021562
1007.9,5.516524e-05,12703.098421383915
1008.0,6.583054e-05,11897.96891853021
1008.1,4.2778433e-05,13603.523416639575
1008.2,3.8916365e-05,13259.98077809615
1008.3,3.8000264e-05,13624.899269251982
1008.4,4.924048e-05,11697.767272125177
1008.5,6.728577e-05,11312.022768428862
1008.6,5.3327592e-05,11588.697578411255
1008.7,4.7130572e-05,12380.16130617556
1008.8,4.5098426e-05,12368.094183584048
1008.9,4.059017e-05,13716.037807799139
1009.0,4.497108e-05,13640.803163977609
1009.1,6.708259e-05,12992.109211264393
1009.2,3.7454447e-05,13838.236873541546
1009.3,3.4251214e-05,14036.949321831999
1009.4,5.034058e-05,13274.523139404948
1009.5,8.7298504e-05,11772.977156289471
1009.6,5.0419003e-05,13022.22879801664
1009.7,5.4130815e-05,13513.657561966056
1009.8,4.381845e-05,13345.860915218425
1009.9,3.8650443e-05,13498.001217057237
1010.0,3.385537e-05,13997.80583958851
1010.1,3.6909794e-05,13898.162112663427
1010.2,4.4607474e-05,13783.574587384663
1010.3,3.1813346e-05,14251.68983621745
1010.4,4.8474325e-05,12677.772528294014
1010.5,3.360798e-05,14038.683253426569
1010.6,3.982981e-05,13461.242784058315
1010.7,3.397576e-05,13994.697063104313
1010.8,4.3726755e-05,13654.211133761435
1010.9,4.5165703e-05,13480.133662682476
1011.0,3.7671092e-05,13463.381194334857
1011.1,3.303778e-05,14410.674145627154
1011.2,4.5796394e-05,12820.514986152602
1011.3,3.351826e-05,14011.832878551319
1011.4,4.6893096e-05,13757.886922399335
1011.5,5.1814597e-05,13478.404114058138
1011.6,4.558093e-05,13204.033591121799
1011.7,6.4458436e-05,12468.365402079427
1011.8,6.156977e-05,13082.986344434737
1011.9,4.6713354e-05,13469.194760025723
1012.0,3.5354205e-05,13757.733006004453
1012.1,3.4785964e-05,13930.68846755739
1012.2,4.4197233e-05,13687.46050936076
1012.3,4.1836756e-05,14024.363144239458
1012.4,3.945027e-05,13878.235680230004
1012.5,0.005364248,1222.8542732955816
1012.6,0.008268258,1063.1530431942656
1012.7,0.010710631,797.313899892627
1012.8,0.018624594,749.7256804479242
1012.9,0.02196917,1085.7492901714254
1013.0,0.015610988,798.2898754227614
1013.1,0.0076212273,968.326896167106
1013.2,0.000599895,3758.3227329458923
1013.3,5.1410294e-05,12531.49602569173
1013.4,3.636919e-05,13200.817813026448
1013.5,4.4143377e-05,12680.791359792767
1013.6,8.379808e-05,12083.10232724066
1013.7,0.00013384687,10476.610111114753
1013.8,0.00023685097,7193.957182907866
1013.9,6.418757e-05,10758.688341707426
1014.0,0.0024547193,1341.3077635562745
1014.1,6.3490756e-05,11330.720226364321
1014.2,6.948432e-05,10209.780628390981
1014.3,5.184695e-05,11870.053531505491
1014.4,0.00050295657,3457.837404886121
1014.5,0.011208809,978.342354982959
1014.6,0.0064641815,1009.0602094761375
1014.7,0.00042962516,6031.00715922895
1014.8,0.0037541855,1481.2352698888596
1014.9,0.0014777832,1767.0323388665406
1015.0,0.00012526824,7053.4050424970765
1015.1,5.192139e-05,11272.58111751972
1015.2,4.9307946e-05,12437.859214737815
1015.3,3.537484e-05,13717.999077104128
1015.4,8.2222374e-05,12017.445849022779
1015.5,3.932124e-05,13215.657960519991
1015.6,4.4524542e-05,13372.09663805701
1015.7,0.00032868396,4792.9970086732465
1015.8,0.004829994,1241.2969604099028
1015.9,0.0035306218,1395.8510338877127
1016.0,0.0025344356,1726.150376957909
1016.1,0.0029646854,1601.7341392224598
1016.2,0.0037171247,1172.611323084942
1016.3,0.0018028208,2017.9141032864754
1016.4,0.0031774687,1418.553760746299
1016.5,0.000677419,7505.319555042015
1016.6,0.0053065578,1270.2288152227545
1016.7,0.0035423713,1363.2299389500488
1016.8,0.00333527,1305.8558405591061
1016.9,0.00083368964,2820.2771756821435
1017.0,0.00015427709,6760.6941166663855
1017.1,7.561367e-05,10289.83275992948
1017.2,0.013689697,831.1426863979241
1017.3,0.014363696,918.9605657522568
1017.4,0.009181824,1032.289239766003
1017.5,0.00093673944,2887.8204674003987
1017.6,0.0027639454,1649.8649415285981
1017.7,0.00038241228,5165.623094741982
1017.8,0.0028786757,1405.2610934430804
1017.9,0.0025961306,1566.7162885979517
1018.0,0.0024896434,2867.9778469493726
1018.1,0.0017836525,2418.4183977500006
1018.2,0.0010304529,2591.395307126895
1018.3,0.0005320478,6557.650970137174
1018.4,0.00039636568,4966.513459089533
1018.5,0.0032237077,1310.341309968016
1018.6,0.0003721714,4529.044913674276
1018.7,0.00012207296,7250.71246408806
1018.8,5.551623e-05,11874.212522885302
1018.9,0.00010071307,8449.590684678256
1019.0,0.00013080957,6813.574884214518
1019.1,0.000117185635,7453.808714623348
1019.2,9.0741276e-05,9228.847470383087
1019.3,8.410917e-05,9659.019062484462
1019.4,7.7237535e-05,9331.943742577452
1019.5,5.082014e-05,11689.569914356043
1019.6,5.34052e-05,11675.300482912917
1019.7,4.7294026e-05,12506.996786750633
1019.8,4.992105e-05,12168.127112458875
1019.9,0.0001139631,12225.791447609026
1020.0,0.002447766,3107.2744877028153
1020.1,0.009448689,861.3887784183198
1020.2,0.0014666113,3708.7343558050798
1020.3,0.0020782868,2478.459458400991
1020.4,0.01335767,1993.4841577191446
1020.5,0.0073223533,2213.317688345729
1020.6,0.029382098,1212.3182640091277
1020.7,0.011568048,2641.986986670481
1020.8,0.016230542,1141.448928272906
1020.9,0.0025738722,4609.866311846371
1021.0,0.010637989,3524.5351693786006
1021.1,0.00728408,1049.1416862621625
1021.2,0.011004025,814.1800570216055
1021.3,0.00294322,2212.5212561814465
1021.4,0.010991502,1129.0799367179059
1021.5,0.01036128,2761.689622056268
1021.6,0.00947946,1893.6963550522028
1021.7,0.019693123,1544.2410599104333
1021.8,0.024423564,1247.8530949482179
1021.9,0.018474637,1059.0103859843132
1022.0,0.013476588,1072.4982070583192
1022.1,0.0034233788,2202.790730604008
1022.2,0.0034496807,1484.1633178078978
1022.3,0.00027955862,5557.924974040169
1022.4,8.465852e-05,10650.280245982081
1022.5,7.818299e-05,10364.022808243555
1022.6,4.8032558e-05,12389.647838214898
1022.7,7.5662836e-05,11078.096816104491
1022.8,4.2328968e-05,12265.794771853869
1022.9,4.3155644e-05,12144.280906716156
1023.0,6.200828e-05,9966.263566224257
1023.1,4.9640887e-05,10969.212823600265
1023.2,5.0301744e-05,11144.838152340042
1023.3,4.5423443e-05,11770.924288741455
1023.4,5.1722876e-05,11652.285898907174
1023.5,0.0004767821,4841.503722117735
1023.6,0.006515635,3141.6065957747533
1023.7,0.005043791,2987.462817087225
1023.8,0.0040173647,2484.5685899020395
1023.9,0.0014590737,3112.0793455855987
1024.0,0.0011043135,3529.125480535031
1024.1,9.747006e-05,8619.994140910192
1024.2,0.0045197164,2999.3750058168944
1024.3,0.0006862129,4707.341448863538
1024.4,0.0032059583,1500.6146967595253
1024.5,0.0056936187,1286.6633208330832
1024.6,0.002032575,2521.0267918627133
1024.7,0.0023094057,1732.8916838771045
1024.8,0.0024441641,2679.5891981985847
1024.9,0.009531433,1191.0626059394572
1025.0,0.00090704585,5200.042192576988
1025.1,0.004745764,1273.6716512017754
1025.2,0.0030690737,1488.2163711329958
1025.3,0.00593303,1218.6466915651213
1025.4,0.005207372,1379.6567555528068
1025.5,0.005539853,1358.9703748521167
1025.6,0.0002408368,8159.28527368321
1025.7,0.00014573941,8199.148480903594
1025.8,6.370526e-05,10266.166040149641
1025.9,5.756531e-05,10230.552289076648
1026.0,4.4772725e-05,11533.88853107657
1026.1,4.2616663e-05,11720.617472141299
1026.2,5.085042e-05,12150.287944951373
1026.3,5.0183666e-05,11362.968979502597
1026.4,5.2452015e-05,10971.058986453727
1026.5,4.438275e-05,11331.507868681427
1026.6,3.745694e-05,12873.741052043017
1026.7,4.5417193e-05,11968.30915075236
1026.8,4.0981507e-05,13546.898132047021
1026.9,4.1244723e-05,13855.909321547486
1027.0,3.895108e-05,13451.921924059157
1027.1,4.628124e-05,12914.450985984055
1027.2,7.7659315e-05,10155.30177652805
1027.3,5.862025e-05,11351.092026700848
1027.4,6.3386804e-05,10243.689497294625
1027.5,5.56906e-05,11568.785152975706
1027.6,0.021483583,887.7086487598244
1027.7,0.024389798,975.4528620323385
1027.8,0.005482602,2245.694811391605
1027.9,0.029642599,1250.5086366571218
1028.0,0.027082965,696.8920793804223
1028.1,0.018919056,1138.8738633905025
1028.2,0.017538264,818.8830415369619
1028.3,0.020811463,777.4923019875914
1028.4,0.015573427,1135.0894921896736
1028.5,0.00078399136,2980.260411404618
1028.6,0.011436676,2711.428936639315
1028.7,0.00064795994,7675.635666315948
1028.8,0.024035506,1034.9857708065679
1028.9,0.022684066,1128.058051231255
1029.0,0.008027336,1494.8932529422568
1029.1,0.014899364,1115.6507461100923
1029.2,0.016574392,856.9771532568382
1029.3,0.0028523833,2096.8761870354147
1029.4,0.005603387,1249.8559889879416
1029.5,0.003663833,1301.5745303794174
1029.6,0.0037893367,1264.7348167650882
1029.7,0.00013890491,8410.40697497334
1029.8,0.0003359937,5407.3718156663945
1029.9,0.0020930583,2374.4331583473104
1030.0,0.0014824584,3674.759286502379
1030.1,0.014004868,755.1706638033182
1030.2,0.00034741385,5756.582634967195
1030.3,7.2981406e-05,10271.482125432876
1030.4,0.00014588457,6935.622169749664
1030.5,5.8558806e-05,10315.156047809169
1030.6,4.5347235e-05,12321.180898726483
1030.7,4.791074e-05,12840.070070662085
1030.8,0.00010365463,7131.467071508603
1030.9,4.0735922e-05,13239.565632376853
1031.0,8.5334745e-05,11922.1250530685
1031.1,3.4533892e-05,13589.973644784564
1031.2,4.470996e-05,13206.826539483302
1031.3,4.119378e-05,13837.325487475986
1031.4,3.478847e-05,14102.750211773164
1031.5,4.2609634e-05,13378.408156371675
1031.6,3.9596376e-05,13314.614865693558
1031.7,4.5255696e-05,13033.539113537274
1031.8,4.2390417e-05,13658.264703665878
1031.9,4.0637064e-05,13776.715294525198
1032.0,4.5305813e-05,13264.193289998033
1032.1,3.5737678e-05,13647.863305485742
1032.2,4.416834e-05,13602.790190800788
1032.3,3.944698e-05,13064.39923091007
1032.4,3.474809e-05,13643.703953186958
1032.5,3.5424488e-05,13662.535751458989
1032.6,4.3958065e-05,13065.029316128375
1032.7,3.453723e-05,13388.398753213522
1032.8,4.951119e-05,13339.156416404847
1032.9,3.3654385e-05,14233.321254040895
1033.0,4.290758e-05,13805.315598972215
1033.1,3.804931e-05,13198.535134935526
1033.2,0.0009005565,3250.9530116812466
1033.3,0.0028608271,2339.703381299222
1033.4,0.001633625,2744.1867999099895
1033.5,0.00025360394,4882.617887013595
1033.6,0.00014053598,8005.128938670907
1033.7,4.7413592e-05,11239.284365299987
1033.8,5.311872e-05,11864.555331445687
1033.9,7.273812e-05,11485.188224674375
1034.0,5.3530344e-05,11604.115804137207
1034.1,5.2419116e-05,12847.206356107054
1034.2,3.43825e-05,13861.78141622841
1034.3,3.5050576e-05,13794.475371575189
1034.4,4.5899877e-05,13781.913231626546
1034.5,5.4207696e-05,13136.230937183875
1034.6,3.5513433e-05,14174.455273409578
1034.7,3.4352346e-05,14168.580331450186
1034.8,3.4526623e-05,13867.785446532711
1034.9,3.56365e-05,14341.449435327262
1035.0,4.448101e-05,13711.350659146192
1035.1,9.357969e-05,11920.892038926573
1035.2,0.00013243666,9235.530228383437
1035.3,6.492611e-05,11613.967262065415
1035.4,4.530474e-05,12362.685768148012
1035.5,4.983467e-05,13001.495232248784
1035.6,3.566567e-05,13690.091954256259
1035.7,3.988139e-05,13806.596340577446
1035.8,0.00020008476,7926.575407309969
1035.9,0.024190947,1331.3780452038736
1036.0,0.017962677,896.3503470722737
1036.1,0.01940652,1039.790332744648
1036.2,0.020445742,1121.3406392996599
1036.3,0.01288066,844.961518167878
1036.4,0.018145656,954.520955488589
1036.5,0.0037170812,1591.7236746564897
1036.6,5.2782492e-05,11705.886601551356
1036.7,3.9717164e-05,12810.284328736883
1036.8,4.4253615e-05,13142.923593717953
1036.9,0.012667535,935.7076056380316
1037.0,0.0040174,3264.1738381815057
1037.1,0.007447141,3139.898635128187
1037.2,0.03317952,1040.3724612893986
1037.3,0.01526004,859.7756512969542
1037.4,0.007816901,1220.8124850624386
1037.5,0.009716567,1150.5558098881502
1037.6,0.0053949123,2022.5480881959895
1037.7,0.005468004,2242.314266865982
1037.8,0.00095509563,6122.030995686146
1037.9,0.00068290404,4618.250330514393
1038.0,0.0010557584,4789.099116104029
1038.1,0.0022311886,4168.243744478299
1038.2,0.0015586854,5606.086845000501
1038.3,0.0008216625,4670.671473659283
1038.4,0.0010830885,3562.2013890264943
1038.5,0.0019627206,2341.5418108615568
1038.6,8.412135e-05,8554.50910885375
1038.7,7.631894e-05,9212.443814418797
1038.8,4.1217132e-05,13640.405117504215
1038.9,4.7147416e-05,13146.561762291825
1039.0,4.7773672e-05,12681.679556598225
1039.1,4.6484576e-05,11819.837312478896
1039.2,4.4079232e-05,11630.004115994667
1039.3,0.0010755663,3203.0183906934935
1039.4,0.0018159723,3183.5392371525086
1039.5,0.00019694265,5485.1917241493875
1039.6,0.00027709352,6215.2676879976525
1039.7,0.0065190466,1073.0702547689016
1039.8,0.00019186453,8010.919731578231
1039.9,4.8825892e-05,12060.244053771783
1040.0,9.974517e-05,8318.845451936724
1040.1,0.00027714376,4684.986102609244
1040.2,8.659829e-05,8369.04165816388
1040.3,0.017103678,810.593228034489
1040.4,0.020367257,970.4673001638896
1040.5,0.023187973,1072.186632344378
1040.6,0.003959888,7468.2509162557335
1040.7,0.013543783,1211.9334610178596
1040.8,0.005078475,2394.4139157936506
1040.9,0.00065032276,8934.081912844043
1041.0,0.0066221827,1046.5274058833174
1041.1,0.00039987187,4999.702116751711
1041.2,0.0041855876,1434.6592060591997
1041.3,0.00011096569,11204.607308700595
1041.4,4.7109716e-05,11655.130751435549
1041.5,4.0482257e-05,13061.806870885996
1041.6,4.6875404e-05,12211.297396983437
1041.7,5.3951248e-05,12401.748008602395
1041.8,6.053955e-05,12011.183579837478
1041.9,4.539885e-05,12359.68529875737
1042.0,4.369643e-05,12543.229922476015
1042.1,4.806047e-05,11808.553682757454
1042.2,4.13453e-05,13129.114127042774
1042.3,3.4306337e-05,14174.730659154142
1042.4,3.6156383e-05,13807.355868082568
1042.5,3.7051264e-05,13646.01266491482
1042.6,3.4195335e-05,13886.12222185472
1042.7,3.834523e-05,13826.387687634053
1042.8,4.6314395e-05,12796.367421597693
1042.9,3.5850862e-05,14051.699885108974
1043.0,9.061215e-05,12482.621006272362
1043.1,0.010569805,901.1298275560158
1043.2,0.003762559,1586.1273817362403
1043.3,0.004121653,1337.6368854396032
1043.4,0.0004564202,5123.382177686563
1043.5,0.014088335,899.6121573383622
1043.6,0.012283369,1021.1048233641923
1043.7,0.0015328337,2073.1220533897813
1043.8,0.0019306678,2410.9485705975612
1043.9,0.002575826,2191.9453878897884
1044.0,0.002449431,1973.323917531605
1044.1,0.0019851988,1912.3547960227506
1044.2,0.0006627504,3370.3127736576766
1044.3,0.00030639497,4444.105087029484
1044.4,0.0059405873,1262.82054723283
1044.5,0.007187525,1252.415395677704
1044.6,0.008542956,1084.5119142360177
1044.7,0.0034749273,3270.8620295620885
1044.8,0.0020683391,1935.8273141220561
1044.9,0.002652609,1637.4649941695604
1045.0,8.3973464e-05,11168.205301800825
1045.1,4.0480965e-05,13544.698975458132
1045.2,5.778669e-05,11310.83426626698
1045.3,5.80402e-05,12583.181978260129
1045.4,4.2114672e-05,13254.19595827111
1045.5,6.3451764e-05,12220.717581921528
1045.6,4.4564273e-05,13178.312340351611
1045.7,4.8977443e-05,12864.478425402325
1045.8,4.24105e-05,13501.970012575042
1045.9,4.0305822e-05,13516.139103578596
1046.0,3.577796e-05,13829.49917828924
1046.1,4.703171e-05,12797.19615960195
1046.2,8.098007e-05,11417.792138019138
1046.3,3.7924012e-05,13894.606863007197
1046.4,3.2811462e-05,14368.614476574065
1046.5,4.6955967e-05,13271.64818943939
1046.6,3.7376743e-05,13317.930324378494
1046.7,5.0316772e-05,12405.392802551247
1046.8,4.813991e-05,12619.917012210848
1046.9,3.825113e-05,13272.593305166298
1047.0,0.005152146,1338.7972136998465
1047.1,0.010842109,962.5653829218245
1047.2,0.010345026,3361.0312100678893
1047.3,0.04271074,937.5705342702231
1047.4,0.0029070051,2161.913834118199
1047.5,0.028581029,981.3518820629556
1047.6,0.013926581,738.2293196280148
1047.7,0.0030784456,5537.4003886777955
1047.8,0.00020625356,9951.648903729832
1047.9,0.013847682,940.9712591715404
1048.0,0.010732345,1101.8717005236808
1048.1,0.012591518,810.8032665363573
1048.2,0.010416373,824.3611608810288
1048.3,0.012062131,1133.4551188904854
1048.4,0.0055832886,1366.3315234195288
1048.5,0.00780846,1157.7357982469318
1048.6,0.00010442199,9466.610332812208
1048.7,3.4629727e-05,13908.318474287313
1048.8,3.485749e-05,13557.65379739708
1048.9,4.9183727e-05,12645.79765805857
1049.0,3.3568867e-05,13974.25527871448
1049.1,3.80299e-05,13346.904137842146
1049.2,3.6936126e-05,14225.450175882333
1049.3,3.383747e-05,13231.912587315392
1049.4,6.126846e-05,12954.13257734195
1049.5,4.2613887e-05,13397.915474882238
1049.6,4.3383043e-05,12933.527444625639
1049.7,0.004837952,1102.3761687319184
1049.8,0.008119566,1127.7508279168078
1049.9,0.0059531047,1325.6031887045083
1050.0,0.0022681921,2290.76022038879
1050.1,6.0369548e-05,11439.752525042628
1050.2,0.006679735,2183.082479324659
1050.3,0.016941767,750.2890985954841
1050.4,0.0018520181,3959.3092549227367
1050.5,0.011404224,1257.1518333892336
1050.6,0.0030711405,1408.575925892624
1050.7,0.0025642945,1382.091416025709
1050.8,0.0043675834,1358.970052054147
1050.9,0.002392222,1584.3944926332947
1051.0,0.00018068322,7939.750558204977
1051.1,0.00028347658,6341.736838230357
1051.2,4.2404317e-05,12838.942551232776
1051.3,7.335419e-05,12133.353489352843
1051.4,3.7274047e-05,14034.58286180758
1051.5,3.7626593e-05,13567.234734422627
1051.6,3.563796e-05,14074.526367290446
1051.7,3.5456957e-05,13685.568181648505
1051.8,3.6984493e-05,13777.78831335538
1051.9,3.9752435e-05,13578.558235178158
1052.0,7.15391e-05,11661.782607751788
1052.1,5.286791e-05,12420.61950147591
1052.2,8.0540165e-05,9713.368171559157
1052.3,0.00094418915,2459.752243658857
1052.4,0.015260135,953.3008827993466
1052.5,0.0052484954,1045.4244619013186
1052.6,0.0034412276,1073.5542530576447
1052.7,0.0003181872,9080.404715334538
1052.8,4.1843392e-05,12995.667323843492
1052.9,0.00029410666,7836.039256406068
1053.0,0.013280672,1059.2912099266134
1053.1,0.014197692,1025.9795063240867
1053.2,0.00075395464,3850.4083495358227
1053.3,0.0020867053,1909.6795015732582
1053.4,0.0023467354,1534.9285637486005
1053.5,0.0023502146,1308.0034134774871
1053.6,0.002380666,1541.0072290907094
1053.7,0.0007082617,3285.2403830073413
1053.8,0.0011898712,2084.349749384973
1053.9,0.0006053714,3944.357700337747
1054.0,0.00016775861,6897.930240229528
1054.1,6.459932e-05,10046.884374613455
1054.2,3.4065848e-05,13592.144012407105
1054.3,3.8758248e-05,12892.608501467648
1054.4,3.3339864e-05,13745.759684382485
1054.5,4.01574e-05,13389.40730881859
1054.6,4.4294593e-05,12874.39228412589
1054.7,4.079431e-05,13249.283113792439
1054.8,3.992407e-05,13301.378426654623
1054.9,3.6377023e-05,13597.711965979017
1055.0,4.397439e-05,13195.410966512427
1055.1,5.036461e-05,12835.568967085423
1055.2,8.094666e-05,11786.481432434797
1055.3,3.964756e-05,13672.985112868546
1055.4,6.524775e-05,12310.417468234162
1055.5,3.4847522e-05,13960.636344485636
1055.6,4.293915e-05,13482.82816711871
1055.7,4.0559953e-05,13243.247402918521
1055.8,3.768503e-05,13939.921414078768
1055.9,4.656995e-05,13512.11952520012
1056.0,3.929508e-05,13453.775279096799
1056.1,8.49483e-05,11775.150399890805
1056.2,5.3141724e-05,12622.80848176232
1056.3,3.6878937e-05,13433.051911439876
1056.4,4.3536245e-05,13377.886491855123
1056.5,3.1147523e-05,14540.534438940795
1056.6,3.324783e-05,13872.84596974233
1056.7,3.901105e-05,13748.956399598252
1056.8,3.9653623e-05,13918.72252154883
1056.9,4.1127612e-05,13919.342384423415
1057.0,3.47738e-05,13946.176114132015
1057.1,3.7788417e-05,13583.99163134952
1057.2,3.9042934e-05,13473.858550401757
1057.3,5.1145445e-05,13579.211978297593
1057.4,4.0426832e-05,13771.840400691886
1057.5,3.761302e-05,13865.941205558109
1057.6,3.404656e-05,13567.979339284959
1057.7,3.6646918e-05,13878.454322123616
1057.8,3.9549952e-05,13334.37557886357
1057.9,3.8382168e-05,13770.194973128895
1058.0,4.225401e-05,13752.446616294079
1058.1,5.60634e-05,13318.62593585243
1058.2,0.0024749897,1763.4223497302494
1058.3,0.00955072,969.3759775817559
1058.4,0.006126382,1077.2811908349524
1058.5,0.0018361808,2030.485658340762
1058.6,4.5779845e-05,12589.476426057332
1058.7,3.499923e-05,13883.933448316197
1058.8,4.2760334e-05,13525.439946472958
1058.9,0.00015087152,6068.753789931047
1059.0,4.2433043e-05,12773.757637304529
1059.1,4.5388613e-05,12506.579392228317
1059.2,0.008192384,1186.6705818411701
1059.3,0.019913454,1167.6597436489233
1059.4,0.0022113882,2296.678493699883
1059.5,0.02255662,1326.3256750197365
1059.6,0.018978458,1801.6884891557058
1059.7,0.03409326,873.4222632996316
1059.8,0.022003476,1008.6603406332256
1059.9,0.020714093,1457.9340865536583
1060.0,0.0225969,1135.5671252554307
1060.1,0.02930402,1410.3257863277756
1060.2,0.022902183,1202.4546553391333
1060.3,0.017803391,695.2259593227708
1060.4,0.01679419,1121.548164617999
1060.5,0.01069342,1008.6943517755334
1060.6,0.0010271786,3093.633778249696
1060.7,0.0051844916,1301.613138635375
1060.8,0.004813613,1229.8700767074333
1060.9,0.0012525707,3659.6174429328203
1061.0,4.875919e-05,12394.89563370684
1061.1,4.3534434e-05,13260.303362129875
1061.2,4.5779558e-05,13521.323734941632
1061.3,3.531868e-05,13783.129844601988
1061.4,4.5325683e-05,13168.623085704654
1061.5,3.9164555e-05,14063.175975587823
1061.6,3.390772e-05,14075.035975130404
1061.7,3.9069604e-05,13708.139641043303
1061.8,3.5937184e-05,13946.33827531851
1061.9,4.8283233e-05,13356.453010978272
1062.0,3.99975e-05,13356.475936814433
1062.1,4.8352875e-05,13129.74364512202
1062.2,3.5087472e-05,13492.586789814894
1062.3,3.799301e-05,14187.716637584388
1062.4,3.90706e-05,14264.972427723835
1062.5,4.631307e-05,13111.833385410306
1062.6,4.7258713e-05,13552.087267952544
1062.7,4.8353413e-05,12971.978867705444
1062.8,3.9303508e-05,13971.374602455413
1062.9,6.929718e-05,12498.33618382837
1063.0,3.3851367e-05,14011.956952448116
1063.1,5.0746192e-05,13241.432292434098
1063.2,4.0303716e-05,13474.70252072992
1063.3,6.7062334e-05,13010.539053007498
1063.4,3.6130034e-05,14132.95171065073
1063.5,3.490735e-05,14031.412551022504
1063.6,3.766957e-05,13685.721738089414
1063.7,4.1214174e-05,13967.761264128114
1063.8,4.1748706e-05,13889.03528349303
1063.9,4.008078e-05,13431.102538579666
1064.0,3.908506e-05,13156.762149580103
1064.1,3.4878933e-05,14013.00460202421
1064.2,4.0874198e-05,14040.243612655742
1064.3,5.4907803e-05,13234.380983136489
1064.4,3.4930355e-05,14194.192282611864
1064.5,3.5917656e-05,13929.152280130513
1064.6,3.644705e-05,13829.008415572333
1064.7,7.1316914e-05,12869.041546749217
1064.8,3.6727455e-05,13859.482140310332
1064.9,3.855278e-05,14093.724818782584
1065.0,6.08989e-05,12903.061091619598
1065.1,3.3807395e-05,13808.331226984948
1065.2,3.625319e-05,14100.259787204686
1065.3,4.3385888e-05,13223.747732362739
1065.4,3.1790732e-05,14374.122828001618
1065.5,3.86299e-05,13595.27805456412
1065.6,3.4559056e-05,13955.745519264425
1065.7,4.041843e-05,13696.106018428516
1065.8,5.4986172e-05,12933.538191865324
1065.9,3.5815687e-05,14018.821545899527
1066.0,4.427296e-05,12715.977436394978
1066.1,4.7714573e-05,12964.487607390907
1066.2,3.568596e-05,13553.644398182378
1066.3,5.377379e-05,12012.80691527667
1066.4,4.5333352e-05,13102.276113536987
1066.5,3.697834e-05,13825.371894001846
1066.6,5.1286275e-05,12940.67051844679
1066.7,3.608713e-05,13441.323058511145
1066.8,5.192982e-05,13054.280431082749
1066.9,4.799024e-05,13398.243382737688
1067.0,0.0052445503,1014.0323007909423
1067.1,0.011758654,941.8333929329989
1067.2,0.0141470805,858.6221953600059
1067.3,0.00044592828,8672.813925579972
1067.4,0.009628429,953.1632396615364
1067.5,0.0072175767,1046.4590528033318
1067.6,0.0014968418,1922.4295710417232
1067.7,0.0016384507,1956.7432390487622
1067.8,0.0022249622,1622.5012986940008
1067.9,0.0018898674,2754.8395679919686
1068.0,0.003569729,3585.677177056681
1068.1,0.003874001,3222.7503696193944
1068.2,0.0147104515,1696.015959494872
1068.3,0.005741753,2422.8359524239736
1068.4,0.0023528237,3717.5089457778254
1068.5,0.009444383,2400.316736455082
1068.6,0.0023029742,3564.0129885975753
1068.7,0.0015827487,5198.806909174806
1068.8,0.0012055022,5077.268966019421
1068.9,0.0052820137,1816.552976480006
1069.0,0.009396447,1106.8252107468643
1069.1,0.0008857962,5071.724365268519
1069.2,0.00074906216,5319.96063478715
1069.3,0.0080860695,761.928499731225
1069.4,0.02455463,580.4634113573824
1069.5,0.00063968543,3678.7164234652005
1069.6,0.00046188154,4247.854930944577
1069.7,0.0033345832,1368.3649357390718
1069.8,0.00019137964,6825.006545331334
1069.9,0.00014203275,9080.318673919744
1070.0,0.0065344856,919.4024246497356
1070.1,0.0037745954,1506.8223451365698
1070.2,0.0009499535,4495.993215306697
1070.3,0.0002568483,7374.06913515204
1070.4,0.001644146,3959.867510749753
1070.5,0.013400616,1179.0676230524023
1070.6,0.010960766,919.5482104746625
1070.7,0.0067875995,1698.924768533864
1070.8,0.0018707097,3018.6448380492193
1070.9,0.0059420643,2473.907115515509
1071.0,0.0019151255,3216.2202859379786
1071.1,0.00079759664,3792.984495146939
1071.2,0.0008040821,3541.170467757084
1071.3,0.00013381826,8562.304846970108
1071.4,0.00052492553,4815.052269388232
1071.5,7.0610535e-05,10654.487319174961
1071.6,4.4100798e-05,12585.8793089305
1071.7,4.1828982e-05,13434.357399676428
1071.8,3.5333116e-05,13839.579089998555
1071.9,5.0811035e-05,13439.367505306123
1072.0,5.184751e-05,13346.95988537716
1072.1,3.132415e-05,14373.704978427413
1072.2,6.715126e-05,12754.532772032086
1072.3,6.735467e-05,12632.179341891913
1072.4,4.1836876e-05,13536.347501344224
1072.5,4.961983e-05,13012.90909909662
1072.6,3.5817207e-05,13499.261737499437
1072.7,4.288757e-05,13787.526072076205
1072.8,4.2000956e-05,13655.27537904606
1072.9,3.4527e-05,14277.101467442428
1073.0,3.8344228e-05,13274.009094817487
1073.1,3.881416e-05,13548.503010743303
1073.2,4.429414e-05,12505.191206866926
1073.3,0.00011944404,10742.156937714853
1073.4,3.918534e-05,13420.472382431057
1073.5,3.4088876e-05,13742.8174132846
1073.6,3.746571e-05,13724.529164713898
1073.7,5.960021e-05,12665.585237724641
1073.8,3.7089852e-05,13614.37377028554
1073.9,4.2515312e-05,13682.167650111382
1074.0,4.6197667e-05,13410.409854148442
1074.1,3.8468486e-05,13339.976130210032
1074.2,3.9755996e-05,13777.477384334034
1074.3,9.022354e-05,12079.745293181688
1074.4,3.4804987e-05,13849.020676476714
1074.5,3.6590023e-05,14118.998687771582
1074.6,5.239217e-05,13114.991382724882
1074.7,5.1205123e-05,12783.461823949736
1074.8,4.052723e-05,13164.748669349763
1074.9,6.101641e-05,11742.36403807218
1075.0,0.015336307,1038.1642055706166
1075.1,0.026055409,1141.444216638129
1075.2,0.00033555893,6656.873507398628
1075.3,0.022517495,801.9191391835567
1075.4,0.028280478,957.5261079537102
1075.5,0.017189205,1258.2004460504645
1075.6,0.00066548144,9962.814747915047
1075.7,0.010447484,1554.5844644692456
1075.8,0.02698292,1041.6473998909507
1075.9,0.0032119418,5191.735983173842
1076.0,0.015834356,843.3265534808977
1076.1,0.017122736,737.534505594276
1076.2,0.011351111,908.6746443689709
1076.3,0.011543733,960.3602015528454
1076.4,0.009916944,1043.9772074286254
1076.5,0.004792033,1193.3764685687383
1076.6,0.011020441,885.824254274418
1076.7,0.008758998,1112.1304802086538
1076.8,0.005345867,1360.6132959489532
1076.9,0.002510654,1644.5965357732107
1077.0,0.0016081576,1653.007789633019
1077.1,5.359786e-05,11672.535175545334
1077.2,5.245815e-05,12107.352200038064
1077.3,4.1655923e-05,12703.116934863836
1077.4,3.968452e-05,12499.23032205274
1077.5,3.8432034e-05,13195.341650588247
1077.6,5.771648e-05,12287.59535283261
1077.7,3.9372837e-05,13166.049830774171
1077.8,5.6955032e-05,10984.55364327409
1077.9,6.0664002e-05,10021.779030811358
1078.0,6.267801e-05,10638.632948680368
1078.1,4.546911e-05,11353.415746626852
1078.2,4.070231e-05,12847.420367555336
1078.3,4.107042e-05,13134.449612941866
1078.4,4.239851e-05,13979.16291856879
1078.5,4.0989136e-05,13090.030599470807
1078.6,3.7678965e-05,14089.111235998018
1078.7,4.644962e-05,12701.655178084111
1078.8,3.832817e-05,13887.061109778542
1078.9,4.8378268e-05,13375.73861115343
1079.0,4.474184e-05,13481.541821408828
1079.1,6.485017e-05,12305.373611152469
1079.2,4.1732965e-05,13062.56227004117
1079.3,4.9854087e-05,12698.655892834617
1079.4,4.3382403e-05,13250.179829471264
1079.5,3.4902092e-05,13876.581605517678
1079.6,3.6455276e-05,13995.084017084082
1079.7,4.6049066e-05,13033.580310636338
1079.8,0.0001179306,10929.173755702608
1079.9,3.593828e-05,14068.641650614809
1080.0,5.6159723e-05,12929.92964170162
1080.1,5.1216135e-05,13231.322059451684
1080.2,5.5689314e-05,12670.881455539095
1080.3,4.9745333e-05,12685.871172721221
1080.4,4.5076824e-05,13688.718138767264
1080.5,5.03403e-05,12473.067277125494
1080.6,0.00084793725,3373.522198011411
1080.7,0.02186655,686.3663783211327
1080.8,0.0171296,1038.1048845200535
1080.9,0.0010559347,10399.56449343049
1081.0,0.014164049,1018.5725714782485
1081.1,0.00035411716,5218.8158884221175
1081.2,6.930216e-05,10207.75574160885
1081.3,0.0031226317,1334.2038043297107
1081.4,0.0007420118,3117.6430637652293
1081.5,7.4298216e-05,9992.436117467874
1081.6,6.4522945e-05,11132.483917247238
1081.7,4.2771484e-05,12930.136076062552
1081.8,4.2967553e-05,13380.369707687081
1081.9,3.5589142e-05,13689.760722909527
1082.0,3.967159e-05,13918.62049632762
1082.1,5.661627e-05,13475.758674997429
1082.2,3.492627e-05,13631.431121844698
1082.3,3.9688475e-05,13948.093014433569
1082.4,9.028059e-05,11945.683366075287
1082.5,3.6525926e-05,13617.967336483729
1082.6,5.017979e-05,12921.971098753458
1082.7,6.361278e-05,12575.232517528208
1082.8,3.5934176e-05,14247.81779181049
1082.9,3.6916557e-05,13755.541085778212
1083.0,3.641592e-05,13839.023586264717
1083.1,3.688895e-05,13656.275836947372
1083.2,3.3590004e-05,13776.962975790775
1083.3,3.6546153e-05,13931.295964343066
1083.4,3.4974993e-05,14420.182909144294
1083.5,6.877001e-05,12779.179549959139
1083.6,3.59786e-05,13625.810932881137
1083.7,3.483795e-05,13866.164908654924
1083.8,3.348068e-05,13873.704511437709
1083.9,3.6064506e-05,13945.81378432413
1084.0,0.00012687646,11279.089026226671
1084.1,3.5980855e-05,13116.127385091744
1084.2,3.9354225e-05,12998.388741515188
1084.3,4.1469382e-05,13274.513170733002
1084.4,3.2249813e-05,14083.24969923464
1084.5,5.4579516e-05,12843.308140712707
1084.6,3.529456e-05,13972.738891231485
1084.7,3.822702e-05,13836.646164291937
1084.8,5.1148698e-05,12807.597766798252
1084.9,3.577605e-05,13694.931414544513
1085.0,6.0633218e-05,12841.001565745373
1085.1,3.8612106e-05,13464.539237590408
1085.2,5.384682e-05,11992.351994377614
1085.3,4.158202e-05,13468.682990949623
1085.4,4.438723e-05,12784.980342951883
1085.5,3.764544e-05,14040.965557838996
1085.6,3.5374986e-05,13483.911172957416
1085.7,3.6532525e-05,13782.037993042168
1085.8,3.161867e-05,14204.206063961326
1085.9,3.928213e-05,13558.94253688166
1086.0,0.00014038756,9859.841570802202
1086.1,0.003514184,1128.2960831723167
1086.2,0.0005304464,4192.818480953281
1086.3,0.016050978,974.5794923537953
1086.4,0.024925735,1242.6557184704752
1086.5,0.007230092,3269.035696196152
1086.6,0.017359873,1499.2475411053474
1086.7,0.013876675,1243.2698261127762
1086.8,0.01706448,1309.2830988295
1086.9,0.0009234802,10153.392196253879
1087.0,0.0075010667,4489.168987508827
1087.1,0.021449069,1034.6628512438592
1087.2,0.0025262865,4357.4460272013985
1087.3,0.012205671,1465.5158923447793
1087.4,0.01999733,778.445355368699
1087.5,0.01773724,915.5439987431146
1087.6,0.0041306885,1256.3003537939112
1087.7,0.0003700631,8966.516623451327
1087.8,0.0014053965,2271.663432302246
1087.9,0.00084054243,4037.8812565119442
1088.0,0.00010753749,9882.574905418644
1088.1,3.941812e-05,13406.529507966767
1088.2,3.8981645e-05,13288.322649183185
1088.3,4.00046e-05,13500.44464777409
1088.4,3.660807e-05,13720.733688604412
1088.5,5.997237e-05,11842.180037307344
1088.6,4.266828e-05,12564.390885891897
1088.7,5.737096e-05,11904.951509036906
1088.8,4.128338e-05,12549.61550161569
1088.9,4.608703e-05,13088.08906650735
1089.0,5.2364423e-05,13022.627612709826
1089.1,0.00026821348,7551.701350603693
1089.2,7.0793205e-05,11867.918752182235
1089.3,3.5192654e-05,13563.947284421234
1089.4,4.0846175e-05,12658.327646870079
1089.5,3.6553167e-05,13877.444442308644
1089.6,0.00011148039,8762.903867945595
1089.7,0.0066121477,8921.674673428912
1089.8,0.023238888,1216.4480890976765
1089.9,0.0003971821,6659.012324743429
1090.0,0.006599765,1384.8076504782475
1090.1,0.012105571,1031.2382457015162
1090.2,0.0063476046,2121.5787315158805
1090.3,0.008209859,1249.9829095343741
1090.4,0.008278635,1753.7983859995468
1090.5,0.021313027,951.4674785796551
1090.6,0.011533308,1080.1942933585283
1090.7,0.016352328,1189.8310106444064
1090.8,0.012948081,1001.2732085261202
1090.9,0.010021395,1309.0635250545456
1091.0,0.0048860847,1496.513998010485
1091.1,0.0022022435,3765.612476798502
1091.2,0.0016794363,4124.267197912168
1091.3,0.0035177714,1846.9545427464739
1091.4,0.0019253194,1715.893221487219
1091.5,7.101346e-05,10845.972551984147
1091.6,4.4916113e-05,12674.713495620977
1091.7,4.487247e-05,12867.961850885493
1091.8,4.2501e-05,13153.974090156582
1091.9,4.0516752e-05,13227.881367629438
1092.0,6.1472274e-05,12679.96948550899
1092.1,4.5456043e-05,12399.694066427997
1092.2,3.676467e-05,13084.467246979415
1092.3,3.9781098e-05,12801.041993373887
1092.4,4.1665175e-05,12684.36654507792
1092.5,4.7072586e-05,12401.722907499505
1092.6,4.8168462e-05,12592.957459058298
1092.7,4.067823e-05,12925.026568014275
1092.8,3.7176826e-05,13391.317093022266
1092.9,3.7404032e-05,13135.768082610199
1093.0,4.4252603e-05,13574.173361577195
1093.1,4.0463096e-05,13588.015112466299
1093.2,3.6549976e-05,13623.491494753707
1093.3,3.9639497e-05,12966.250175966394
1093.4,4.4963155e-05,11636.230941652419
1093.5,5.387786e-05,10962.989901107077
1093.6,5.7957826e-05,11504.710547382885
1093.7,4.3679374e-05,13042.812028275208
1093.8,3.4042303e-05,13502.64255028658
1093.9,5.543333e-05,11934.860580953426
1094.0,5.985136e-05,12891.918668132577
1094.1,4.6436948e-05,13380.524490653323
1094.2,6.501228e-05,11959.523141247615
1094.3,6.100326e-05,12137.883305355736
1094.4,4.616569e-05,12920.988747084883
1094.5,6.718417e-05,12702.596030900395
1094.6,4.4231234e-05,12341.361138612541
1094.7,0.0072600506,1868.9827815723038
1094.8,0.0050254595,1426.3024430698792
1094.9,0.005365297,1578.6414274221202
1095.0,0.02455718,982.6997820867956
1095.1,0.017291717,1376.7506990128275
1095.2,0.0015536469,11284.997170129998
1095.3,0.03675727,1172.7522444782137
1095.4,0.0019589919,5603.037505882906
1095.5,0.008728186,1135.9351964438601
1095.6,0.002497943,2201.8523280283516
1095.7,0.0016146782,5437.686289735979
1095.8,0.02032302,1075.5373693839613
1095.9,0.009187309,1062.3528859352705
1096.0,0.0069783637,1200.2947961904079
1096.1,0.0036512865,1264.8013978408344
1096.2,0.0020214645,2227.2915799927623
1096.3,7.194641e-05,11018.134437921726
1096.4,5.1266376e-05,11025.748759736274
1096.5,4.352733e-05,12374.541667937734
1096.6,7.364086e-05,12360.572147142007
1096.7,3.76527e-05,13235.962780922364
1096.8,4.511316e-05,12811.270213293425
1096.9,4.5725566e-05,13016.685031151936
1097.0,5.6912828e-05,11870.81147560508
1097.1,3.6958838e-05,13447.260370796868
1097.2,3.6305595e-05,14054.587784203279
1097.3,3.6382906e-05,13653.873470977343
1097.4,4.8034435e-05,12297.950135640023
1097.5,0.009824971,1562.6975282797453
1097.6,0.021138784,1083.326551551103
1097.7,0.0027326182,1847.9087614153968
1097.8,0.0001041035,10069.978550265454
1097.9,5.9183138e-05,11028.195067089058
1098.0,4.957624e-05,11395.06327721523
1098.1,7.623051e-05,11803.842453689895
1098.2,5.6867273e-05,12558.105091511663
1098.3,4.2610736e-05,12407.971966969757
1098.4,7.1963346e-05,10047.78960567225
1098.5,5.8842375e-05,10396.909490004971
1098.6,0.0029783093,1746.3780450707009
1098.7,0.010656019,1201.1096646244584
1098.8,9.347743e-05,9299.949850347317
1098.9,5.5082288e-05,10353.047325974756
1099.0,6.587979e-05,10049.611397985287
1099.1,6.873839e-05,9051.609518389581
1099.2,0.00017671358,8093.324469855133
1099.3,0.00020187395,8542.88795430822
1099.4,6.747003e-05,11270.21439880525
1099.5,5.107592e-05,13130.024795179965
1099.6,0.00026084375,7031.007296095837
1099.7,0.012363602,2892.0914966685496
1099.8,0.012081047,1002.4617023657462
1099.9,0.0046293004,5440.1686303776805
1100.0,0.024552768,1095.719760054643
1100.1,0.0212536,1107.139225725868
1100.2,0.020723332,1204.9773034089512
1100.3,0.020561839,743.2870921759384
1100.4,0.0017511226,2769.1920725205873
1100.5,0.008909543,1885.3041363736231
1100.6,0.014381174,989.5598373794589
1100.7,0.0014173818,3000.9947970058374
1100.8,0.0048232735,1015.1468296416813
1100.9,0.003519837,2234.3819136677007
1101.0,0.003921662,1305.7938888854721
1101.1,0.002941176,1769.6725090800226
1101.2,0.003233539,1355.240311909597
1101.3,0.0004922823,8273.84825050207
1101.4,0.0042781876,1535.7716881229492
1101.5,0.000104708604,10395.066846725162
1101.6,4.8981467e-05,12186.210492380746
1101.7,6.0812883e-05,12596.579252292771
1101.8,3.761855e-05,13656.661781745028
1101.9,7.029425e-05,12260.48335408484
1102.0,4.1226114e-05,13300.369467441784
1102.1,3.6535912e-05,13964.82395731374
1102.2,4.6193993e-05,12863.640169564376
1102.3,3.9790062e-05,13415.951268146146
1102.4,4.2841715e-05,13349.909971864916
1102.5,4.8867136e-05,12824.937736618685
1102.6,4.921579e-05,12622.93903342524
1102.7,7.9833924e-05,11733.971899343898
1102.8,3.6589037e-05,12940.459638488805
1102.9,3.9088798e-05,13126.385559950377
1103.0,4.24123e-05,13461.104695192917
1103.1,3.567005e-05,13551.910425910179
1103.2,6.754173e-05,12625.422549123527
1103.3,3.816103e-05,13588.991064753485
1103.4,5.669188e-05,12799.615595971261
1103.5,9.126538e-05,12299.737412881088
1103.6,5.365781e-05,12643.26295805097
1103.7,4.418029e-05,13239.173536700477
1103.8,4.7525555e-05,13129.48025382404
1103.9,4.8037477e-05,12672.828495289534
1104.0,5.7095454e-05,12386.272481934895
1104.1,4.5547786e-05,12978.603522334168
1104.2,5.1866056e-05,13143.625902224472
1104.3,4.1945477e-05,13560.783524393537
1104.4,3.9982944e-05,13745.118069015001
1104.5,4.5394787e-05,13125.594967563931
1104.6,5.7409343e-05,12993.477128340432
1104.7,5.1254432e-05,13256.384056751627
1104.8,3.9578288e-05,13935.464717268858
1104.9,9.947264e-05,11266.002405512736
1105.0,4.0083152e-05,13882.936536839738
1105.1,4.358327e-05,13342.069836690924
1105.2,4.087696e-05,13563.400629478789
1105.3,3.9931387e-05,13286.79699634047
1105.4,4.894207e-05,13088.98642280461
1105.5,3.6450165e-05,13627.122890741972
1105.6,3.3569864e-05,13934.028876409207
1105.7,3.8315116e-05,13599.9676598843
1105.8,3.9992417e-05,13801.962344099977
1105.9,5.1054907e-05,13229.934561682227
1106.0,4.8794656e-05,12990.410506404543
1106.1,0.00044379022,3979.9144823060533
1106.2,0.0017167577,2873.588777266626
1106.3,0.015083843,806.2364170312737
1106.4,0.0030100725,2490.2497347525846
1106.5,0.0002573042,7578.570315896225
1106.6,0.0002915244,4778.619370283172
1106.7,5.732754e-05,12041.393117574415
1106.8,5.242765e-05,13109.285809272591
1106.9,4.6695222e-05,13081.433186639146
1107.0,0.017779171,1272.3305854693708
1107.1,0.0025805852,2989.753528724428
1107.2,0.0010663786,4544.9441070968105
1107.3,0.0012191916,3753.1426335582264
1107.4,0.00062490645,5066.025143281152
1107.5,0.0010031678,6011.190204375474
1107.6,0.004349995,8185.254313893225
1107.7,0.025406957,1223.583506092199
1107.8,0.046794157,1134.704523530182
1107.9,0.008106302,2480.630738204518
1108.0,0.03131952,1739.5485108162065
1108.1,0.016477045,1913.2907907189322
1108.2,0.034644067,1400.0043425816866
1108.3,0.048139557,1339.9494344281147
1108.4,0.0096970415,3366.2722213298616
1108.5,0.03016066,1478.0935662829772
1108.6,0.01649787,759.8450003044563
1108.7,0.022840982,1125.4826186291887
1108.8,0.016642211,1077.4889766487686
1108.9,0.0205346,993.7639711194447
1109.0,0.005100354,1267.1348305516613
1109.1,0.0061433953,1010.124331519839
1109.2,0.009489421,1178.1810789279675
1109.3,0.0028640495,2265.600114078865
1109.4,5.496897e-05,10643.700028213705
1109.5,5.3439177e-05,11834.217139045037
1109.6,6.975936e-05,9880.783417713388
1109.7,4.516715e-05,11778.26412813138
1109.8,4.4306922e-05,12256.539393718784
1109.9,7.986349e-05,11350.457519198906
1110.0,4.490461e-05,11384.16578361533
1110.1,0.00011162171,8174.964471145842
1110.2,7.302392e-05,9185.581419368249
1110.3,0.00010320768,8178.701910850932
1110.4,0.00010235983,8071.267454056624
1110.5,0.00010517906,7942.264810056344
1110.6,9.689308e-05,7712.610516958592
1110.7,0.00014242555,6935.307671182698
1110.8,4.908338e-05,11107.935286560973
1110.9,0.027422708,1100.3673794866443
1111.0,0.03360939,1281.4322896351232
1111.1,0.027125299,1535.9941831730184
1111.2,0.03060208,1382.5557968572202
1111.3,0.032186754,1487.8901565726128
1111.4,0.030070644,1543.5334414689219
1111.5,0.026299477,1676.5530744865644
1111.6,0.02929812,1607.2044960027874
1111.7,0.030516092,1516.2124351020889
1111.8,0.026435321,1675.4316059137109
1111.9,0.024890134,1521.4464530619382
1112.0,0.032597054,1220.0185825353008
1112.1,0.023915797,1394.6344569100527
1112.2,0.022271626,1319.4744391145177
1112.3,0.01562482,1182.099145455659
1112.4,0.00021334643,7273.91103582405
1112.5,7.549995e-05,9326.861816956896
1112.6,7.488389e-05,9348.996482992035
1112.7,6.247255e-05,9975.504340487249
1112.8,6.229464e-05,10006.324989261437
1112.9,4.4901815e-05,11772.063072404044
1113.0,4.3884727e-05,13475.539000366793
1113.1,3.80325e-05,13048.632132597404
1113.2,3.796439e-05,13457.277132832143
1113.3,4.2992728e-05,12915.965578706227
1113.4,5.8974696e-05,11129.031128261433
1113.5,4.6143476e-05,12464.67466071003
1113.6,0.0040056957,2595.553135587366
1113.7,0.014766021,1100.6795254672968
1113.8,0.03558886,936.65313101965
1113.9,9.470699e-05,10178.461560529753
1114.0,0.00057375734,9940.1963156444
1114.1,0.047669545,784.3548467124181
1114.2,0.046287123,1142.3113173306187
1114.3,0.021692105,1138.0282270610164
1114.4,0.02656648,908.5574117250006
1114.5,0.013492739,976.5750362079723
1114.6,0.0052063097,1120.8005367228106
1114.7,9.455187e-05,8927.8919325602
1114.8,4.4524604e-05,11469.6291429146
1114.9,6.297138e-05,11359.338718378907
1115.0,3.7164984e-05,12956.518403289123
1115.1,3.8909107e-05,13505.204732452257
1115.2,3.1278316e-05,14340.717120766996
1115.3,8.2537445e-05,11410.774470238728
1115.4,3.7299604e-05,13760.641035019518
1115.5,3.206646e-05,13417.640551170438
1115.6,4.1430067e-05,12766.157496787728
1115.7,8.563215e-05,11570.229464220389
1115.8,6.377667e-05,12097.019153668925
1115.9,4.6507685e-05,12023.768325476753
1116.0,4.035927e-05,12819.736709543748
1116.1,4.2702697e-05,12324.778328650864
1116.2,5.130897e-05,12189.624093632036
1116.3,5.1063143e-05,10982.656890512686
1116.4,4.9660735e-05,10750.950399946802
1116.5,0.0001810254,6742.249809179242
1116.6,7.029197e-05,9170.401799677195
1116.7,4.714967e-05,12299.290945024439
1116.8,3.5129116e-05,13561.384752967087
1116.9,5.0864564e-05,12184.366648645877
1117.0,7.96516e-05,9219.146271396427
1117.1,7.053462e-05,9619.614789276213
1117.2,6.578875e-05,9942.377964824389
1117.3,5.6133824e-05,11270.76323533514
1117.4,4.1325464e-05,12900.593077002839
1117.5,5.0980918e-05,12795.130252865136
1117.6,4.577777e-05,13398.244047446062
1117.7,3.9778617e-05,13565.963894518065
1117.8,8.9779714e-05,9889.576867317403
1117.9,0.00052496686,5347.253537002146
1118.0,0.03775133,1287.1064452617018
1118.1,0.018964093,1265.040496732576
1118.2,0.00031613934,10100.374155817475
1118.3,0.007833485,1464.6475689897152
1118.4,0.017767143,1073.818117398307
1118.5,0.0070001455,1277.5618020158354
1118.6,0.0098169325,1458.1618909752833
1118.7,0.0006624804,5849.536283147316
1118.8,0.016605,816.4085912437705
1118.9,0.01608418,932.5665096505783
1119.0,0.012277387,1168.5285300693888
1119.1,0.00078393833,7490.613583997486
1119.2,0.0064490307,1599.6083165723292
1119.3,0.0065373513,1077.5546143094127
1119.4,0.007101854,1073.3200643115692
1119.5,0.006530476,1050.3566369702853
1119.6,0.0044378564,1098.0951361460268
1119.7,0.001302545,2005.7367690185615
1119.8,9.194313e-05,10466.70769097102
1119.9,3.971066e-05,13384.916144742518
1120.0,3.5374593e-05,12823.969017904461
1120.1,4.000102e-05,13384.276269446644
1120.2,0.009038792,1010.6497160301108
1120.3,0.0094938455,902.1354822301606
1120.4,0.02575844,794.9575771225827
1120.5,0.012514851,935.2308326600087
1120.6,0.0040725684,1117.5825121649748
1120.7,6.2886575e-05,11021.351897306118
1120.8,4.0869167e-05,12649.220490531106
1120.9,6.097865e-05,12109.764598414156
1121.0,3.8446193e-05,13396.208199319077
1121.1,3.2186603e-05,13904.16831802689
1121.2,3.8039827e-05,13879.210333175351
1121.3,3.4147477e-05,14174.13024746068
1121.4,3.720252e-05,13803.995907405864
1121.5,4.0881052e-05,12626.589995276077
1121.6,4.6811245e-05,11854.15289028353
1121.7,3.4896057e-05,13618.63168198296
1121.8,5.9150938e-05,12665.034832861793
1121.9,0.016372303,1176.7309374306262
1122.0,0.026812533,757.9674586703921
1122.1,0.02692814,618.930997642819
1122.2,0.01287219,804.6656985476162
1122.3,0.01285506,986.2218026017513
1122.4,0.010130961,1169.9252041774175
1122.5,0.00077394844,4307.808486940808
1122.6,0.00024621483,10387.122086290092
1122.7,0.0016211523,2071.4702991348195
1122.8,0.0083185285,1180.5985450271023
1122.9,0.004281257,1164.71250589494
1123.0,0.00053731847,8146.374029624212
1123.1,0.008276067,1270.7782215551576
1123.2,0.005152863,1268.5021572669884
1123.3,0.0023395687,1616.4710353135013
1123.4,0.00029247435,6732.726916806556
1123.5,4.365008e-05,12118.115599274233
1123.6,3.9361974e-05,13447.259671333959
1123.7,6.457948e-05,11713.198468904715
1123.8,0.0001546079,9610.791014998144
1123.9,5.4562144e-05,11199.844651969051
1124.0,5.4509266e-05,11108.62691453434
1124.1,5.144962e-05,11828.221486717994
1124.2,4.1586612e-05,13524.511896622314
1124.3,4.413289e-05,13578.646769021518
1124.4,0.0006917522,5636.9115729235
1124.5,0.010170786,878.5290306745042
1124.6,0.0024469283,2872.8681157652927
1124.7,0.0055993167,2524.4025264619027
1124.8,0.015062819,770.7899428327174
1124.9,0.01201416,952.8003454678801
1125.0,0.011181872,1058.568469065544
1125.1,0.00096851523,4043.9303183056627
1125.2,0.007706121,1004.5198224183408
1125.3,0.0051536164,1125.6921075599353
1125.4,0.00042282452,3456.4204347234127
1125.5,0.0008276041,7485.0213007242055
1125.6,0.007117414,1173.9784009188536
1125.7,0.0036591445,1414.6166548120523
1125.8,0.0021309883,1534.112745397545
1125.9,0.0004695098,4930.640334000302
1126.0,5.3780885e-05,12376.928306567264
1126.1,4.2848766e-05,13675.321978355114
1126.2,7.185742e-05,11303.495516108327
1126.3,0.00048301212,7456.410119370026
1126.4,0.013380183,1456.8218898563882
1126.5,0.010117142,848.9809552231948
1126.6,0.005282582,1043.5082738024648
1126.7,0.001123978,3704.127089271914
1126.8,0.007687542,1239.7190734374135
1126.9,0.00035059964,6555.27227138554
1127.0,0.0026461561,1873.5947560575692
1127.1,0.00093435246,3555.080096412219
1127.2,0.0024052197,3960.9165259875
1127.3,0.0073303324,1156.0928934845265
1127.4,0.0036064717,1260.7281201075334
1127.5,0.0012907973,2510.7109516658784
1127.6,0.00024994044,6314.827238557185
1127.7,0.0040446413,1114.2780914568941
1127.8,0.00043854368,6487.643423186344
1127.9,0.0010844896,4204.9818224306955
1128.0,0.002063572,1870.6930699476984
1128.1,0.0068273726,868.9836670628522
1128.2,0.0031103669,1768.1707549720204
1128.3,0.00030028832,7277.292868183436
1128.4,0.0017536315,1952.6091386587652
1128.5,0.00019296333,8822.365628560405
1128.6,0.0010237079,2440.9173924566758
1128.7,0.00032611637,6499.0014792743905
1128.8,0.0018519303,1704.6347352242624
1128.9,0.0011177162,3032.9891549254735
1129.0,8.1872524e-05,10983.36995438005
1129.1,5.1242172e-05,12641.658548173908
1129.2,5.8979713e-05,12438.718381790344
1129.3,5.1881634e-05,12768.201973678102
1129.4,4.348537e-05,13398.084140985873
1129.5,6.0381462e-05,12555.091545875357
1129.6,3.6570076e-05,13454.767522922282
1129.7,7.4562355e-05,12070.078383432512
1129.8,6.0117847e-05,10841.57332521005
1129.9,4.2984633e-05,11334.264594714625
1130.0,0.0001749919,9615.490235638275
1130.1,4.2904176e-05,13055.412733641248
1130.2,6.267639e-05,11585.099283649926
1130.3,4.2184125e-05,13231.638218815377
1130.4,3.8119568e-05,13759.609874319864
1130.5,4.1664214e-05,13173.060897768806
1130.6,6.910798e-05,12265.42023355312
1130.7,3.4678345e-05,13736.379777162561
1130.8,4.224147e-05,13089.683284377428
1130.9,3.547047e-05,13806.069007093576
1131.0,0.00019589096,8400.944531399646
1131.1,0.00030134126,8152.532752573051
1131.2,0.0012251668,3726.082205869519
1131.3,0.0001283694,11186.49011015151
1131.4,8.615144e-05,12350.606353098825
1131.5,4.1195097e-05,13763.835706695347
1131.6,0.00014009704,10250.340447174103
1131.7,4.1716787e-05,13085.382344029114
1131.8,0.0016385544,2500.898183377856
1131.9,0.010750778,810.81531305166
1132.0,0.01625806,1395.8250384223215
1132.1,0.0018557736,2353.323648660627
1132.2,0.015996067,977.6423715532582
1132.3,0.0019742684,2203.988939645858
1132.4,0.01787794,1135.6403903067899
1132.5,0.016079344,1245.8392091078517
1132.6,0.0032455458,2726.74203629183
1132.7,0.00677342,1179.1857728821888
1132.8,0.0015822866,2484.2555087177793
1132.9,5.5522625e-05,12761.240557946878
1133.0,6.417741e-05,11900.464720765172
1133.1,5.3875297e-05,11526.025949422532
1133.2,7.428639e-05,11235.428214184201
1133.3,5.0808638e-05,13075.17826177974
1133.4,4.5054618e-05,12827.766519608213
1133.5,7.1494884e-05,12203.28090653699
1133.6,5.524388e-05,13188.5010952317
1133.7,5.048379e-05,12354.221321625118
1133.8,4.5562916e-05,12897.133927043598
1133.9,4.902582e-05,12629.796372281817
1134.0,4.9716164e-05,12363.226677420818
1134.1,4.620241e-05,13145.973862964822
1134.2,9.752172e-05,11333.785449310653
1134.3,4.5482815e-05,13098.271831105763
1134.4,5.3029828e-05,12726.866329158227
1134.5,6.4380394e-05,11901.414622288115
1134.6,4.3935495e-05,12730.39453150291
1134.7,3.706871e-05,14093.162764514858
1134.8,4.7485777e-05,13121.374364298317
1134.9,4.5466397e-05,12839.024538362528
1135.0,8.389163e-05,10065.535122586
1135.1,9.76253e-05,10576.385755125408
1135.2,0.00035702373,6421.8936248036725
1135.3,0.00026206995,6795.676406873384
1135.4,0.00021643763,6332.704592792975
1135.5,0.0019233206,4662.4843424290175
1135.6,0.0011709132,2266.575680578326
1135.7,0.0026466947,2582.2741012571805
1135.8,0.026033167,972.3740221359636
1135.9,0.0046682553,3103.3820167167487
1136.0,0.008313567,1751.6235237126275
1136.1,0.0018871623,2825.895683093634
1136.2,0.0054335804,5190.775632186011
1136.3,0.000860105,3345.5958484007056
1136.4,0.0002930192,4917.867052048642
1136.5,0.0004172294,5296.527549243642
1136.6,0.00017713191,5943.399884462273
1136.7,5.319185e-05,11561.335650932124
1136.8,6.979056e-05,11079.696005959036
1136.9,0.0009324334,3522.44715053034
1137.0,0.0034331193,3173.5332485932377
1137.1,0.0021775991,2834.458537148006
1137.2,0.00020605598,6993.395878792455
1137.3,0.036440212,1172.1142992926561
1137.4,0.029041303,1267.519311381595
1137.5,0.03369935,1087.0365305622317
1137.6,0.035655662,1402.2398379203803
1137.7,0.070335545,1337.7199270768365
1137.8,0.01555067,1227.0786011789703
1137.9,0.0015709238,2338.59464557014
1138.0,0.010159489,966.8953313195826
1138.1,0.000947156,2978.7472991840327
1138.2,0.0015652579,4586.733457492926
1138.3,0.037543762,942.6863675946462
1138.4,0.027256284,1362.1399576369963
1138.5,0.0025967902,3622.507691531879
1138.6,0.064082205,1314.4968235176452
1138.7,0.030734405,1410.748729348347
1138.8,0.03470108,1140.3289100521524
1138.9,0.025639107,1142.0520304319996
1139.0,0.020903697,792.3146241532617
1139.1,0.019591855,826.3251805151599
1139.2,0.017939089,1159.9328572789104
1139.3,0.025885703,918.8115620679384
1139.4,0.021676557,1051.2162729149225
1139.5,0.010180996,974.6543231648084
1139.6,0.0037588675,1870.6245205538999
1139.7,0.011553168,1108.1703597421188
1139.8,0.0012433664,8265.275828966352
1139.9,0.015433499,969.4054840790054
1140.0,0.00024006597,7636.025944612694
1140.1,0.008990555,1072.2616266686964
1140.2,0.01857847,1167.1807848034282
1140.3,0.014033887,1130.8252938411028
1140.4,0.0044132927,1595.6327857821186
1140.5,0.0002403859,5835.174260635555
1140.6,0.0009297969,3196.1718800653216
1140.7,0.00091099384,3168.972412974673
1140.8,0.0015439102,2874.6956044470835
1140.9,0.0013064069,2881.2638916048704
1141.0,6.295158e-05,10384.78951751614
1141.1,0.010590423,997.9019433614731
1141.2,0.010346206,1156.3957117085638
1141.3,0.01657808,1076.0601232464496
1141.4,0.0010880417,2809.989025083688
1141.5,0.0201296,875.8159354743143
1141.6,0.0139179975,884.5793596553638
1141.7,0.0075321696,1081.6020156879613
1141.8,0.005752083,1004.759319947568
1141.9,0.0043650637,1102.2471267306405
1142.0,0.00011472642,9389.652887202728
1142.1,4.7205624e-05,11195.285043002372
1142.2,0.000120093035,9921.239266290115
1142.3,6.519553e-05,12055.730676752248
1142.4,8.935819e-05,11761.228674506867
1142.5,4.3261934e-05,12610.381183445894
1142.6,4.2590327e-05,12161.671379034344
1142.7,5.0380106e-05,12547.184911473778
1142.8,3.7527312e-05,13417.129150694933
1142.9,3.949725e-05,13802.112193757694
1143.0,3.9776074e-05,13649.568093794769
1143.1,3.6595062e-05,13638.4517102898
1143.2,4.1308922e-05,13823.29760995132
1143.3,4.681579e-05,13619.348364075833
1143.4,3.4885874e-05,14248.014596879799
1143.5,4.4324275e-05,13238.125065422935
1143.6,3.850758e-05,13781.53264742071
1143.7,7.64346e-05,12254.919731956932
1143.8,3.6463047e-05,13759.07945276708
1143.9,3.9994287e-05,13733.377455699141
1144.0,3.7157468e-05,13809.112555399268
1144.1,6.361985e-05,12579.302506596448
1144.2,3.207397e-05,14005.121974373098
1144.3,3.2697455e-05,13843.957723121037
1144.4,4.1733347e-05,13560.37669108335
1144.5,3.8748913e-05,13796.383303656014
1144.6,5.9796737e-05,12896.402511065318
1144.7,4.177763e-05,13528.026249552197
1144.8,3.8940587e-05,13918.827598074338
1144.9,5.4365606e-05,13147.389497827704
1145.0,4.2832078e-05,13397.58062522954
1145.1,4.0739982e-05,13478.245213411645
1145.2,7.0564434e-05,11741.129119920231
1145.3,3.998399e-05,13872.484626767204
1145.4,3.9169026e-05,13566.260603675957
1145.5,3.158042e-05,14223.643950099216
1145.6,4.4757515e-05,14245.311752104126
1145.7,8.975668e-05,11678.313181088073
1145.8,5.1732703e-05,12933.598743778932
1145.9,6.732081e-05,10709.96573473181
1146.0,3.457908e-05,13974.754998428398
1146.1,4.7461595e-05,13177.79393762649
1146.2,5.9398077e-05,12974.901833996768
1146.3,6.6505185e-05,12344.168364691614
1146.4,5.0221217e-05,12808.89130857588
1146.5,5.1363575e-05,13266.580557363795
1146.6,5.179209e-05,12654.34557933203
1146.7,7.6273966e-05,9826.407411868942
1146.8,6.004715e-05,11027.559047893732
1146.9,8.049918e-05,10787.78076320907
1147.0,0.00012134833,7229.978936123885
1147.1,5.174406e-05,10818.875048475604
1147.2,4.8141927e-05,12481.04974363477
1147.3,3.8446477e-05,13114.39955448671
1147.4,5.748412e-05,12488.512042797836
1147.5,0.010792532,1259.7150399227824
1147.6,0.011011851,1365.8509646944435
1147.7,0.010967169,1256.9802730760166
1147.8,0.010597447,1638.4798665578055
1147.9,0.008207394,1475.1647433335843
1148.0,0.00079766277,3230.9447474736644
1148.1,0.0020316194,3479.7597372297823
1148.2,0.012372275,1590.534313821772
1148.3,0.025161736,690.8350349554313
1148.4,0.020011062,816.1044829117792
1148.5,0.011895361,1100.3481644184196
1148.6,0.0023043475,1930.6836736234666
1148.7,6.443272e-05,12147.87827726593
1148.8,4.4499397e-05,12310.233363769883
1148.9,0.01859499,1166.2240296428004
1149.0,0.00026385707,6893.052231569516
1149.1,0.031693615,1188.2837005098213
1149.2,0.01615531,2003.9689447300475
1149.3,0.0297789,1324.2033582022423
1149.4,0.0010531645,8878.44727428191
1149.5,0.014881225,1202.5993906715637
1149.6,0.012567426,1102.4948704534622
1149.7,0.00696458,1493.1400381998078
1149.8,0.0026630831,1516.6791305989768
1149.9,0.00015413832,7590.132640831356
1150.0,4.182862e-05,11959.18121806963
1150.1,4.6832698e-05,12239.044754524572
1150.2,4.2034582e-05,12055.092468923775
1150.3,4.4103504e-05,12102.488758934696
1150.4,4.677701e-05,12805.828706959346
1150.5,5.9817074e-05,12572.569879470371
1150.6,3.847912e-05,13908.85607810051
1150.7,4.8333794e-05,13476.739897216403
1150.8,3.714751e-05,13144.104573480385
1150.9,4.5034998e-05,12657.346968618975
1151.0,4.7075577e-05,12945.824597978159
1151.1,4.3849464e-05,12841.42539792471
1151.2,5.2138774e-05,12342.542302398031
1151.3,4.3465592e-05,13413.7715126231
1151.4,0.003121546,1476.8758698620009
1151.5,0.0054526855,1293.6537017146231
1151.6,0.0047961706,1306.8409443061732
1151.7,0.0010261616,3047.064828161811
1151.8,4.2021737e-05,12955.24465732393
1151.9,0.00026854046,7039.776170864883
1152.0,0.026808448,1481.2538225813298
1152.1,0.020955462,1197.086840987605
1152.2,0.032271825,1036.6558866794007
1152.3,0.017764578,665.2892758588137
1152.4,0.01415079,1074.1573780760314
1152.5,0.0025307443,1831.2146544526656
1152.6,0.00012518762,7398.355547153471
1152.7,0.0007020622,3899.650185884919
1152.8,0.0025265806,3340.125081848889
1152.9,0.0028359883,3204.589469257986
1153.0,0.015401245,1192.8634489602905
1153.1,0.002409852,2824.435918298075
1153.2,0.006417008,1336.1376661875024
1153.3,0.00014552688,7866.073176478168
1153.4,5.621377e-05,10700.04841075584
1153.5,6.032927e-05,9980.181262874154
1153.6,0.0010903404,2964.463443876519
1153.7,0.006294777,2758.685403285389
1153.8,0.004107126,2783.9711313748694
1153.9,0.0020376781,2578.557865537228
1154.0,0.0006901539,3643.342679997895
1154.1,0.0077397083,910.517357841771
1154.2,0.0014399311,5304.638703335321
1154.3,0.039409664,1052.521928425604
1154.4,0.00090270356,8783.09738404417
1154.5,0.02993421,1205.252550299603
1154.6,0.03261789,989.1782689519898
1154.7,0.031849254,1047.851031054099
1154.8,0.039248023,904.5623287876081
1154.9,0.022584312,887.562887705765
1155.0,0.021400673,1207.8508061681196
1155.1,0.011940957,1155.4027516619803
1155.2,0.020855246,1048.4412152359032
1155.3,0.012299004,778.5107172656512
1155.4,0.0027318152,1930.1831879553174
1155.5,0.019932548,794.6259590430116
1155.6,0.015213075,867.7923145199387
1155.7,0.0005425029,5214.765255729546
1155.8,0.01087418,1055.651470313623
1155.9,0.0048328587,1263.046328672699
1156.0,0.000888393,2191.1368938183796
1156.1,8.389013e-05,9931.704863929908
1156.2,7.3855175e-05,10948.09019352378
1156.3,9.709537e-05,11830.175537990357
1156.4,0.00011674419,9965.19704247379
1156.5,0.00015908341,9945.092659327329
1156.6,6.968239e-05,11449.620874966628
1156.7,0.00013923088,9420.092959419619
1156.8,7.630346e-05,11699.83487066662
1156.9,0.00030184494,6530.687153722794
1157.0,0.0005136087,9144.46147453328
1157.1,0.0016504811,6684.959729555459
1157.2,0.0030840922,1624.8709617163454
1157.3,9.738576e-05,10765.473084114172
1157.4,5.609614e-05,12695.282134351004
1157.5,4.0051e-05,12487.187474363851
1157.6,5.2759922e-05,12876.593235525028
1157.7,6.271231e-05,12402.662279299537
1157.8,5.509209e-05,12276.220302804582
1157.9,7.66162e-05,11224.101740906633
1158.0,7.187172e-05,11925.929635467512
1158.1,6.37854e-05,12673.778086906696
1158.2,5.2424253e-05,12683.986531982744
1158.3,4.955464e-05,12593.640263081368
1158.4,6.133208e-05,12353.754693895233
1158.5,4.4277967e-05,13089.672536592047
1158.6,6.130945e-05,11982.26586127228
1158.7,5.5238317e-05,13293.619064164062
1158.8,7.77919e-05,11938.7294730805
1158.9,6.435145e-05,12145.185108913494
1159.0,6.42299e-05,12213.241225083379
1159.1,5.383783e-05,12722.584798617283
1159.2,4.642077e-05,13294.055870459091
1159.3,5.097457e-05,13109.906201042122
1159.4,4.2038897e-05,13904.950873695649
1159.5,5.6755103e-05,12320.249791870183
1159.6,3.7960435e-05,13718.737446354298
1159.7,5.4495908e-05,12803.655785259152
1159.8,4.2341224e-05,12722.608981704583
1159.9,3.93095e-05,13438.693112438814
1160.0,5.309254e-05,12889.097981200846
1160.1,6.356544e-05,12758.050752779865
1160.2,4.3003256e-05,12835.6897047574
1160.3,5.0850635e-05,13290.509106834577
1160.4,3.8597907e-05,13499.523464283257
1160.5,4.7617385e-05,12866.430569340537
1160.6,4.9195234e-05,12852.914730413757
1160.7,4.5572313e-05,12788.259959209681
1160.8,4.393749e-05,13683.461751403172
1160.9,4.253802e-05,13775.485729878363
1161.0,4.2388107e-05,13830.155389700421
1161.1,3.7749072e-05,12999.960432127466
1161.2,3.6498477e-05,13773.61263998881
1161.3,3.4597164e-05,13975.296254559013
1161.4,3.5857258e-05,13890.569259893993
1161.5,3.5029087e-05,13687.504299732838
1161.6,6.533324e-05,12056.521498545662
1161.7,5.3721415e-05,12615.823496776557
1161.8,4.133256e-05,13383.888932798855
1161.9,3.795047e-05,13806.494068763917
1162.0,3.5638663e-05,13650.719564688614
1162.1,0.0044026896,2933.818607862726
1162.2,0.008493452,1498.1363554006214
1162.3,0.028196223,1229.0976366850375
1162.4,0.026205927,1347.9771645848393
1162.5,0.01315865,1088.3679454519108
1162.6,0.015138533,834.5175993744958
1162.7,0.015422873,939.3943732011243
1162.8,0.007875455,1203.43406738208
1162.9,0.0005741934,8227.319749070317
1163.0,0.0110348435,893.9920600274966
1163.1,0.010508419,1674.1860163055371
1163.2,0.013830526,1408.0968407411642
1163.3,0.0013482947,7492.658309457518
1163.4,0.009207987,1024.2129805311492
1163.5,0.0032249885,2192.6151742037414
1163.6,0.0010813273,3042.676989759386
1163.7,0.0030607192,1444.4816972810027
1163.8,0.0011245215,5835.696954165038
1163.9,8.2406004e-05,10827.592373465208
1164.0,0.002361,1574.671125877895
1164.1,6.5896566e-05,11652.383518468909
1164.2,3.7947797e-05,12725.206937743678
1164.3,0.004635011,1399.6186710051932
1164.4,0.00674817,1178.9926011453051
1164.5,0.0051128734,996.3335817593482
1164.6,0.0012055065,4754.894156385916
1164.7,0.0023690027,1552.9767364211295
1164.8,0.0009834351,2049.5971702619518
1164.9,7.5977114e-05,10873.603910545397
1165.0,4.071687e-05,12749.931957429211
1165.1,4.612187e-05,13355.78971144389
1165.2,6.029956e-05,13186.342658009304
1165.3,3.6802678e-05,13623.039051663462
1165.4,0.00020926732,9471.168281055672
1165.5,8.5215856e-05,9884.118254068271
1165.6,0.002381409,1610.8933251004487
1165.7,0.0025611562,1767.1518919147431
1165.8,0.0010909834,2206.3157862054936
1165.9,4.755796e-05,12664.458209803755
1166.0,4.7949852e-05,13173.66822390042
1166.1,5.3685406e-05,12735.500190726141
1166.2,8.501025e-05,12057.76482579335
1166.3,4.4725337e-05,13475.264847175082
1166.4,3.839573e-05,13987.73265504768
1166.5,4.5869783e-05,12811.53287664263
1166.6,4.2068266e-05,13301.711554477208
1166.7,6.620506e-05,12691.444588104107
1166.8,4.940647e-05,13273.766631285142
1166.9,5.2341766e-05,12993.918941725668
1167.0,4.763354e-05,13067.19751800108
1167.1,3.3196317e-05,14169.898806237456
1167.2,4.836101e-05,13250.309716797716
1167.3,5.2355128e-05,13293.276574355901
1167.4,4.0807012e-05,13547.927966302312
1167.5,5.3106145e-05,13296.216531562222
1167.6,4.435514e-05,13267.653704573633
1167.7,3.6538273e-05,13415.571848849439
1167.8,5.0199815e-05,13418.84274677085
1167.9,3.698664e-05,14018.11550829585
1168.0,5.1696283e-05,13228.23817811436
1168.1,4.449271e-05,13400.054319684694
1168.2,5.0521397e-05,13693.052925192593
1168.3,3.8126524e-05,14123.939296356582
1168.4,0.0001328319,10954.54700026452
1168.5,4.7352292e-05,13096.198437753841
1168.6,5.5489025e-05,12993.454403496728
1168.7,3.6385958e-05,13524.774229251834
1168.8,4.271036e-05,13746.634134695798
1168.9,0.0009128139,2150.5626976767794
1169.0,0.0007458541,4067.6139461888565
1169.1,0.013102523,725.6020636611247
1169.2,0.00072940433,3686.2894367315703
1169.3,6.636079e-05,10954.558844444833
1169.4,0.00021052454,5445.31450384973
1169.5,4.461007e-05,12531.962045620616
1169.6,6.0809856e-05,11750.742064336053
1169.7,4.4650013e-05,12775.746714170707
1169.8,3.6576625e-05,13685.256567785771
1169.9,4.5156317e-05,12797.575376258705
1170.0,0.00061149837,3336.3466295980757
1170.1,0.004031726,2784.6650097682523
1170.2,0.00051286776,4166.523393383399
1170.3,0.0065268828,1226.3565290664947
1170.4,0.034687977,783.3525700393313
1170.5,0.033702485,1171.4670352646863
1170.6,0.0042868094,3607.1714587813176
1170.7,0.015299738,959.0394531025659
1170.8,0.017249258,1523.9637351650497
1170.9,0.0009206484,7787.989911092637
1171.0,0.018123036,1231.924290977241
1171.1,0.018668655,1236.51426599206
1171.2,0.018105617,908.9161444144797
1171.3,0.028181963,785.6265138158177
1171.4,0.027587634,1146.9705460451182
1171.5,0.0018921382,2486.215746501134
1171.6,0.016488302,954.5929531908998
1171.7,0.0114353085,1290.4887961420864
1171.8,0.0030831404,1680.602362535037
1171.9,0.004176566,1201.1893168351614
1172.0,0.0019570224,1560.5844252747866
1172.1,0.00016352562,9573.772072836859
1172.2,3.8265494e-05,13687.685225226174
1172.3,3.654147e-05,13281.529904601393
1172.4,3.662224e-05,13976.450376908531
1172.5,3.9749626e-05,13143.852359958215
1172.6,5.8848225e-05,10626.337119191789
1172.7,6.2178966e-05,10456.778941838678
1172.8,6.64848e-05,10135.019481368638
1172.9,5.5306224e-05,11606.53218398994
1173.0,4.1973435e-05,12598.649727419841
1173.1,4.825529e-05,11931.414964728234
1173.2,8.804901e-05,10671.688784032398
1173.3,4.0004263e-05,13083.605150589448
1173.4,3.5984387e-05,12642.64019472492
1173.5,6.250367e-05,12628.163368255095
1173.6,4.5073997e-05,12712.733615244024
1173.7,0.00050166086,9026.49505769682
1173.8,0.01651079,865.2983583562257
1173.9,0.00552827,7220.029313637671
1174.0,0.019922234,2155.0673927295047
1174.1,0.026801543,1775.8808552320834
1174.2,0.048156638,1322.200774934896
1174.3,0.04084064,1409.1269013655906
1174.4,0.002134249,2781.000868009535
1174.5,0.004523436,1846.960899850405
1174.6,0.016383165,939.4822269432734
1174.7,0.011797029,927.5041956020243
1174.8,0.011860484,880.8560929969502
1174.9,0.0007991442,8675.041298173666
1175.0,0.0029670068,1383.784319555522
1175.1,8.640378e-05,10404.140925237016
1175.2,5.724911e-05,11186.330727294262
1175.3,4.0214334e-05,12572.404369474667
1175.4,3.9479062e-05,12613.973162939174
1175.5,3.4139495e-05,13146.708257278717
1175.6,4.0177467e-05,13366.179512441759
1175.7,3.4164037e-05,13761.461026963085
1175.8,3.5355508e-05,13769.770313181498
1175.9,3.556494e-05,13793.066749637546
1176.0,3.3258428e-05,13724.489365974918
1176.1,3.85185e-05,12735.079370212794
1176.2,4.0801508e-05,12675.383822928026
1176.3,3.9636885e-05,12241.15197804315
1176.4,5.516067e-05,12055.971871422798
1176.5,4.0013492e-05,12937.735514032936
1176.6,4.0082778e-05,12638.39557414316
1176.7,3.8104616e-05,13602.62579443501
1176.8,9.566577e-05,11383.510453756046
1176.9,5.270302e-05,13488.27049931991
1177.0,5.70493e-05,12719.16501995115
1177.1,4.1807714e-05,12673.180624775741
1177.2,6.0627866e-05,13157.458321037417
1177.3,3.5657446e-05,13705.521641072124
1177.4,5.0580995e-05,13458.49928171414
1177.5,4.840092e-05,13757.622010808604
1177.6,6.067908e-05,12566.716916577634
1177.7,5.5657332e-05,12767.545930696244
1177.8,3.5933208e-05,13794.749908362402
1177.9,3.4049277e-05,14127.974210415367
1178.0,3.6708643e-05,13357.315000984501
1178.1,3.520814e-05,13893.554650094684
1178.2,5.1059393e-05,13181.201087779864
1178.3,6.0289694e-05,12776.576108676805
1178.4,3.774733e-05,13858.446869378526
1178.5,5.2099742e-05,13345.11582031046
1178.6,3.7114663e-05,14025.150647195318
1178.7,4.398228e-05,13392.92585537129
1178.8,5.037175e-05,13201.814195273759
1178.9,3.3496428e-05,14297.13522096776
1179.0,4.3735334e-05,13440.137305784332
1179.1,0.003379482,6722.088546362208
1179.2,0.006838279,1892.1929298483046
1179.3,0.00045053227,6757.074149154932
1179.4,0.0018913685,2965.200400034476
1179.5,5.5340315e-05,12064.98358464404
1179.6,7.834156e-05,12028.400724671443
1179.7,4.176582e-05,13084.955474418992
1179.8,6.0307597e-05,11706.30710421127
1179.9,5.1799514e-05,11469.916604836513
1180.0,0.0010499978,3053.6084282316697
1180.1,0.002448681,2883.9270671679565
1180.2,0.03073684,870.5740912307746
1180.3,0.011899062,2616.957660138315
1180.4,0.011789231,1189.600544257452
1180.5,0.0007714735,3738.3414621474603
1180.6,0.006668439,1047.3468334757533
1180.7,8.7207794e-05,8631.044680604035
1180.8,5.3988795e-05,10728.88530720016
1180.9,0.000114102564,10465.430914013954
1181.0,4.270929e-05,12687.239933584891
1181.1,4.1660845e-05,12794.581677426919
1181.2,4.8614307e-05,12313.94412461777
1181.3,4.7592344e-05,11657.974431221191
1181.4,0.0012524412,3148.4843638804387
1181.5,0.00219122,2785.5394622817157
1181.6,0.0021201747,2674.9184132714026
1181.7,0.0011129939,2917.7300021392493
1181.8,0.0006326016,3973.303007357163
1181.9,0.00014428074,7319.003453986348
1182.0,6.329638e-05,9454.956981305955
1182.1,5.2098778e-05,10916.79443221102
1182.2,4.2257725e-05,12141.193385584786
1182.3,3.459033e-05,13175.20815375827
1182.4,4.2115364e-05,13461.563113871933
1182.5,3.84127e-05,13411.106249154273
1182.6,4.3980697e-05,13669.324766635755
1182.7,4.61629e-05,12937.541718772181
1182.8,4.47921e-05,12039.804459759793
1182.9,8.290562e-05,11456.209217734697
1183.0,3.682606e-05,13621.113845104948
1183.1,4.3416454e-05,13685.202662494192
1183.2,4.4806526e-05,13482.658019173443
1183.3,4.672684e-05,13543.92865108062
1183.4,4.0266303e-05,13840.589766729223
1183.5,5.8348207e-05,12717.168251106243
1183.6,5.0099872e-05,12768.956414268414
1183.7,4.526296e-05,12949.40806930515
1183.8,3.992223e-05,13698.52332923493
1183.9,5.049768e-05,13041.123009123083
1184.0,3.7957117e-05,13931.086603490656
1184.1,4.1453404e-05,12713.264078498853
1184.2,4.3321226e-05,12772.879659792183
1184.3,0.0087028295,1101.908124442077
1184.4,0.000672869,3691.2725941832823
1184.5,0.018356143,870.699197354977
1184.6,0.0013569787,7947.218959346848
1184.7,0.02055823,2238.940429609511
1184.8,0.026361568,1051.2735592778304
1184.9,0.013750595,1081.6753278441843
1185.0,0.022822523,644.5174032860592
1185.1,0.023637732,616.4221222828576
1185.2,0.007820598,1541.8575739656771
1185.3,0.008568376,1011.4481870500906
1185.4,0.005356004,1347.3411253323543
1185.5,0.00015342081,9608.182429857585
1185.6,4.114173e-05,12313.292597446803
1185.7,4.9605904e-05,11753.419000010566
1185.8,6.0408285e-05,12852.029762421622
1185.9,4.0924242e-05,13444.427722559596
1186.0,3.7108774e-05,13617.792193675397
1186.1,3.8622286e-05,12853.2181653175
1186.2,0.026260482,786.5146109557526
1186.3,0.002412936,1948.057780587344
1186.4,0.007235398,1148.838141135518
1186.5,0.0015708207,2232.072967458741
1186.6,0.00017750834,8332.524563966104
1186.7,3.9521616e-05,13313.072312548029
1186.8,4.0368053e-05,13456.826765957958
1186.9,3.624134e-05,14250.889392760208
1187.0,6.330751e-05,10839.901896503676
1187.1,9.2229755e-05,8994.3631224819
1187.2,0.00014693041,7454.392380212554
1187.3,0.010445442,1818.0180480967501
1187.4,0.0007783929,4195.075515515611
1187.5,0.00020921278,7639.410498452349
1187.6,0.0005815237,5103.322260972533
1187.7,0.00022083063,5953.472082875081
1187.8,0.0001893991,6547.971077747831
1187.9,0.00015626874,7319.33683189584
1188.0,0.00013429443,7970.7277574439395
1188.1,0.00016529142,6212.645093252654
1188.2,0.00011081094,8463.46099563251
1188.3,0.00014410836,7333.21977905782
1188.4,0.00032214087,6894.094543091996
1188.5,0.00047587333,6679.9315562520715
1188.6,0.0006650269,6477.539642331905
1188.7,0.002463053,4446.248765856029
1188.8,0.0010717306,5629.410681434891
1188.9,0.0005969173,6549.0946913075095
1189.0,0.00044526442,4807.317198443311
1189.1,0.00041062923,7038.31886354179
1189.2,0.0024928434,4986.513489534143
1189.3,0.0030919875,4318.763316987166
1189.4,0.00065291306,6590.2476585788245
1189.5,0.0005016009,6487.480580424659
1189.6,0.0004561615,6470.3508520229325
1189.7,0.00023524267,7371.03900381102
1189.8,0.007822567,1743.2873657463438
1189.9,0.0006164156,4984.93919653108
1190.0,0.0068279305,1275.712466621651
1190.1,0.0066448157,984.6700622282582
1190.2,0.00057289354,7158.4400159186425
1190.3,0.0032706321,1532.295020074857
1190.4,0.0014463908,2840.5814117979135
1190.5,0.0017438941,2249.4977568843005
1190.6,0.0031071072,1534.8863163563387
1190.7,0.00025913378,9083.71118807942
1190.8,0.0027898853,1582.1787090046469
1190.9,0.0010860203,2480.1296210931696
1191.0,6.5258e-05,11760.8755504273
1191.1,3.711059e-05,13170.690791753997
1191.2,4.301066e-05,13069.225153117332
1191.3,3.413899e-05,13958.980684504726
1191.4,3.272603e-05,13963.770809587655
1191.5,7.22304e-05,12835.849184654506
1191.6,5.3792035e-05,13666.930768255996
1191.7,3.507253e-05,13700.093564665507
1191.8,3.27269e-05,13753.207843978742
1191.9,3.8361595e-05,13557.03409071367
1192.0,3.8794176e-05,13869.50513258335
1192.1,3.699134e-05,14208.000873454197
1192.2,5.241003e-05,13029.47419131624
1192.3,4.395803e-05,13048.076647241174
1192.4,4.1731902e-05,13177.754843706793
1192.5,4.1866064e-05,13478.530523651414
1192.6,3.862123e-05,13412.76047544961
1192.7,5.7264966e-05,11923.907605717262
1192.8,5.5891796e-05,11760.001045452285
1192.9,5.8105357e-05,11964.717728802128
1193.0,6.543673e-05,11638.034934088268
1193.1,6.150997e-05,11560.201900907497
1193.2,5.1363193e-05,12617.76801649087
1193.3,6.885713e-05,10604.637180358906
1193.4,7.5374526e-05,11619.515461830055
1193.5,4.5064553e-05,12658.292136080718
1193.6,3.593941e-05,14386.951965387561
1193.7,3.261869e-05,14310.22789966022
1193.8,4.673611e-05,13285.34856450927
1193.9,4.3929685e-05,13501.820689721953
1194.0,3.828719e-05,13562.82975878905
1194.1,5.1752464e-05,12905.747287312337
1194.2,3.9131035e-05,14245.282143773436
1194.3,3.638937e-05,14043.426968937978
1194.4,3.4541983e-05,13817.209184258772
1194.5,3.6382207e-05,13916.170019784657
1194.6,3.943271e-05,14001.005643141636
1194.7,3.5248868e-05,14040.85344917209
1194.8,3.180011e-05,14218.334107066752
1194.9,7.040375e-05,12700.66030142395
1195.0,3.583016e-05,13971.943476624198
1195.1,3.641171e-05,14014.129506003284
1195.2,3.8275582e-05,14078.53233006936
1195.3,3.4802815e-05,13836.08624168471
1195.4,3.588625e-05,14008.100453868436
1195.5,4.016706e-05,13769.981921013146
1195.6,0.0004898283,6316.844666897474
1195.7,0.0027509306,1740.4350059538983
1195.8,0.01211999,886.966673283085
1195.9,0.011208616,991.6419838126844
1196.0,0.009522065,1073.164031482504
1196.1,0.004029086,1360.6944171241064
1196.2,7.588483e-05,10361.169359529335
1196.3,0.00040661034,4323.449813843663
1196.4,0.019363942,1020.9112138731929
1196.5,0.016599344,733.6920626142991
1196.6,0.004636499,1319.7967609607872
1196.7,0.0064500207,1219.6630357018826
1196.8,0.00059606944,6271.614450988864
1196.9,0.00030964616,9507.587609032911
1197.0,0.007608479,1012.2127405898808
1197.1,0.002683227,1314.304920964461
1197.2,5.774231e-05,10742.93206872153
1197.3,4.2351585e-05,12340.29228672179
1197.4,4.281892e-05,12296.257361300717
1197.5,7.711016e-05,9578.13191236869
1197.6,0.018852657,846.4542400190055
1197.7,0.0022526127,1583.5974122230427
1197.8,0.023911547,886.1254123008812
1197.9,0.011545404,2006.7542547409726
1198.0,0.011363025,1049.4125006834115
1198.1,0.008820039,1384.7618925185357
1198.2,0.0052639293,2642.0084679321467
1198.3,0.0036202017,1665.650116568834
1198.4,0.00079737586,2603.8726426344992
1198.5,0.0003705958,6089.106087050517
1198.6,0.0024676484,1685.2294678238911
1198.7,0.0036365269,2227.9787343987146
1198.8,0.010777949,1371.6828357279524
1198.9,0.018488055,1817.0485047788318
1199.0,0.0026627309,2413.6440649745873
1199.1,0.0140086515,871.9218651598069
1199.2,0.009230884,833.9196522873262
1199.3,0.0055563375,1101.4825205579227
1199.4,0.0038514384,1438.4126394063924
1199.5,0.006174446,1247.492153032269
1199.6,0.0048075207,1291.9670081883642
1199.7,0.004524102,1201.795704470987
1199.8,0.0013587497,1689.2239776419442
1199.9,0.00027259052,8954.190990789826
1200.0,0.006870665,1355.881424795598
1200.1,0.014612201,705.1865377397917
1200.2,0.0029230055,3451.36576195608
1200.3,0.001150998,4412.061400767072
1200.4,0.02038695,724.1133825313699
1200.5,0.021552678,790.1880874123606
1200.6,0.006423397,2816.728692280776
1200.7,0.010631957,1233.847594899034
1200.8,0.00228343,2339.960277100101
1200.9,0.008255276,1037.163046764541
1201.0,0.0033734513,1285.6507854488352
1201.1,0.00032924348,7650.041360099976
1201.2,0.003852524,1108.7868239374181
1201.3,0.0021673713,1961.5967809052038
1201.4,0.0043078545,1088.3665476187298
1201.5,0.0033373157,1247.492485868534
1201.6,0.0021764892,1683.2159062543894
1201.7,0.00088326394,4374.6737383501395
1201.8,0.0025035937,1434.21542534236
1201.9,0.0031505534,1364.3590782035224
1202.0,0.0009418508,2973.8197381262416
1202.1,6.3085354e-05,11352.785225693593
1202.2,0.0003721365,4469.064863114267
1202.3,0.0004905119,4594.244657940699
1202.4,0.0004574672,4468.978503131394
1202.5,0.00033703932,4680.988157356417
1202.6,0.00031607802,4619.053969237981
1202.7,6.0942974e-05,10876.96162453197
1202.8,0.0075292382,935.0809979703517
1202.9,0.00017472189,6026.882675972175
1203.0,0.015807005,1155.7652833502284
1203.1,0.011270608,896.9913700919863
1203.2,0.0010512238,5455.3872709043535
1203.3,0.00036270398,7509.447266049265
1203.4,0.009757598,907.1425416197236
1203.5,0.0033814022,1415.9259351644569
1203.6,0.0049684052,1119.4797590657208
1203.7,0.0043861363,1141.780734343047
1203.8,0.000245665,7857.830022887626
1203.9,4.049263e-05,13049.388474422703
1204.0,0.002641324,1612.8366447678743
1204.1,0.0017747217,2248.2831544949954
1204.2,0.0018231325,1957.4451592721794
1204.3,0.0018300021,1897.9688497908267
1204.4,0.0015476483,2062.9885378683034
1204.5,0.0011191627,2726.6227624762823
1204.6,0.00075429666,3711.7600602459684
1204.7,0.00011500355,9441.59898676378
1204.8,6.570057e-05,10406.6013849759
1204.9,4.7303914e-05,12176.641693754476
1205.0,4.263335e-05,12755.844263205177
1205.1,3.7907637e-05,13293.345830823855
1205.2,3.8974984e-05,13813.948642663716
1205.3,4.3857843e-05,13163.33233294617
1205.4,3.399972e-05,14190.461956201261
1205.5,4.0477178e-05,13538.937825946676
1205.6,3.67478e-05,13785.093664995202
1205.7,3.569706e-05,14209.650321993082
1205.8,3.9826053e-05,13796.95288161841
1205.9,3.576968e-05,13975.589393453845
1206.0,3.4578406e-05,14213.215323905444
1206.1,3.8830683e-05,13889.753382567846
1206.2,3.7763104e-05,13704.347935298358
1206.3,3.3791326e-05,13550.155452115687
1206.4,3.356941e-05,14030.671432360235
1206.5,3.2259428e-05,14553.770713050199
1206.6,7.2090595e-05,12618.248793192435
1206.7,3.8229417e-05,13384.025217759556
1206.8,3.950308e-05,12923.665132136024
1206.9,3.63892e-05,13691.647933030163
1207.0,3.7277245e-05,13361.259515320797
1207.1,4.4013148e-05,12445.88459935686
1207.2,4.548281e-05,13063.415957203943
1207.3,4.8467355e-05,13325.40009838061
1207.4,3.6711153e-05,13830.838675736879
1207.5,3.727795e-05,13263.560687404875
1207.6,0.00011097767,12785.243984887387
1207.7,0.0034249495,4739.946327703414
1207.8,0.02531878,1440.6891721159736
1207.9,0.027497673,868.7620973239611
1208.0,0.0068863714,1423.8787089700286
1208.1,0.025925722,1290.2446412285394
1208.2,0.0001541825,8938.209317126863
1208.3,0.017830765,804.9130489430502
1208.4,0.009761122,1043.4860729001948
1208.5,0.0037056408,1132.868199882943
1208.6,6.936332e-05,10306.723390008096
1208.7,6.5782086e-05,10130.418557075373
1208.8,5.5434368e-05,10710.904619319848
1208.9,5.5128683e-05,10114.95098061698
1209.0,0.00026815504,5630.226102103627
1209.1,0.0081003085,1365.9904595385353
1209.2,0.015141788,1285.08937748361
1209.3,0.028719539,1276.9302333327173
1209.4,0.019762011,1325.652013778052
1209.5,0.017045483,1278.0974415049466
1209.6,0.013026879,1007.1800829834956
1209.7,0.0043634344,1769.8591899189325
1209.8,0.0023641612,2710.9881387595397
1209.9,0.013531545,815.8539914126961
1210.0,0.0034901567,1927.9879976493887
1210.1,0.005694381,1485.9104150064288
1210.2,0.00534666,1455.9138191947286
1210.3,0.0039113183,1367.7045560537867
1210.4,0.00111356,2597.3979423905575
1210.5,6.800432e-05,11704.942019386486
1210.6,4.4779168e-05,13296.523534861826
1210.7,4.0785722e-05,13563.025200949083
1210.8,3.9264974e-05,13254.309673102838
1210.9,3.8016704e-05,14272.375722855713
1211.0,5.627324e-05,12886.476142438902
1211.1,3.6666905e-05,13505.570244802158
1211.2,5.7287438e-05,12789.00259498807
1211.3,3.2997115e-05,13802.933588201804
1211.4,3.7895188e-05,14405.796673083416
1211.5,3.734597e-05,14398.987982408473
1211.6,3.374688e-05,13630.851543490364
1211.7,4.125524e-05,13879.2229680879
1211.8,3.6973874e-05,13773.02079695032
1211.9,4.39307e-05,13280.647668264863
1212.0,0.00048160943,6236.589538497177
1212.1,4.3466425e-05,13416.121434304812
1212.2,3.7598216e-05,13796.36260768163
1212.3,4.8188474e-05,13175.364195480255
1212.4,3.6869875e-05,14006.846597381382
1212.5,3.4878263e-05,14422.903498052734
1212.6,3.3166856e-05,14189.60594332904
1212.7,3.1599542e-05,13529.432256438924
1212.8,7.560786e-05,12610.80114985178
1212.9,4.4890865e-05,12709.440115179974
1213.0,4.578123e-05,12904.387091990713
1213.1,4.893059e-05,12128.628695819018
1213.2,4.1089697e-05,12936.994755326765
1213.3,8.855718e-05,12189.343980537074
1213.4,3.861675e-05,13213.57125622046
1213.5,0.008202602,978.2217732613315
1213.6,0.013720764,959.4014859022182
1213.7,0.002854939,2273.6395005303293
1213.8,0.022232508,1086.214275616067
1213.9,0.011735981,1097.4448260000775
1214.0,0.010721115,1075.0794290202493
1214.1,0.005461342,1549.8020788291792
1214.2,0.0041065514,1567.3170916617778
1214.3,0.004232964,1512.9602031413433
1214.4,0.001792606,1615.8550028476598
1214.5,5.3028816e-05,11532.761481211082
1214.6,4.2084997e-05,12184.505631388249
1214.7,3.5460238e-05,12795.38363859993
1214.8,3.9033646e-05,13060.867553304008
1214.9,3.738688e-05,13895.923615846057
1215.0,3.8999224e-05,14037.485224853073
1215.1,4.073797e-05,13218.502947983523
1215.2,8.4380794e-05,12228.181908990038
1215.3,3.6347148e-05,13319.556675461869
1215.4,3.909014e-05,14001.086493022158
1215.5,3.9349216e-05,13417.970133482213
1215.6,3.457537e-05,13716.100969234709
1215.7,0.0002861373,5879.435863094343
1215.8,0.002138627,2834.174447242891
1215.9,0.020524167,869.8689217820338
1216.0,0.01726927,967.5414908869495
1216.1,0.001989755,5790.229429529556
1216.2,0.017227013,1164.6807173485047
1216.3,0.018993495,1010.073731517668
1216.4,0.00837313,947.9139616330475
1216.5,0.008006146,1084.3864086075305
1216.6,0.004379232,1361.2904765750313
1216.7,0.0045132725,1328.7808321084435
1216.8,0.00027686785,8521.373338041187
1216.9,0.0024684474,1473.79650301996
1217.0,0.0018060624,1540.3737054636501
1217.1,5.237409e-05,12170.286163892171
1217.2,0.00025738642,7968.252755340643
1217.3,0.002436142,1401.9619998461208
1217.4,0.0001292562,9325.588454430488
1217.5,3.972052e-05,13432.649291535994
1217.6,4.4385775e-05,12753.886950444366
1217.7,4.5556546e-05,13351.504514267972
1217.8,5.3815187e-05,12919.28225622116
1217.9,0.0001249344,10960.904429228307
1218.0,3.8758553e-05,13383.213281576545
1218.1,6.150542e-05,13101.041736610427
1218.2,5.5313387e-05,12747.579845697928
1218.3,3.5928417e-05,13495.985569762555
1218.4,5.524008e-05,10863.724050029987
1218.5,9.1710426e-05,8889.535864282721
1218.6,0.00013327142,8443.02497747932
1218.7,7.630947e-05,9560.300429515892
1218.8,0.00012453273,8886.956988151156
1218.9,0.00053003995,6034.41821170209
1219.0,0.0057172426,1633.504257747603
1219.1,0.0063678566,2209.0255221489624
1219.2,0.0012661195,2725.50526510674
1219.3,0.0007438288,5064.823183178973
1219.4,0.0023444227,2668.383133172718
1219.5,0.0028130908,3713.962418477763
1219.6,0.0014312369,5513.611148721275
1219.7,0.0012758462,4562.317305185446
1219.8,0.00086819014,4927.592167155332
1219.9,0.0012658212,4907.398962777712
1220.0,0.0027050087,4461.021045317921
1220.1,0.0022020494,4737.62291624357
1220.2,0.0013403444,5491.382892556941
1220.3,0.001330361,4948.104803040005
1220.4,0.004071485,2124.2015106335507
1220.5,0.0026506549,4331.081122668856
1220.6,0.046879712,423.17428827911294
1220.7,0.3659751,48.50661851376769
1220.8,0.18721811,93.19421330713683
1220.9,0.011391885,1514.0108356652568
1221.0,0.0064639784,2865.6918677112876
1221.1,0.003862522,4022.164590913519
1221.2,0.00080012233,5183.773549295609
1221.3,0.00015180519,8883.468337116241
1221.4,0.00023873808,8557.258120702245
1221.5,0.000100959296,12168.120480929694
1221.6,0.016445674,992.6005461303381
1221.7,0.014538137,976.0901940956605
1221.8,0.011987826,1119.1619115631722
1221.9,0.015757184,1207.8989198133472
1222.0,0.0019314061,3075.678476567212
1222.1,4.631599e-05,11735.489163820006
1222.2,4.280299e-05,13508.727171760513
1222.3,4.4208045e-05,13230.50077622534
1222.4,3.9428054e-05,13625.031739774555
1222.5,4.340977e-05,13106.1090506728
1222.6,3.6660284e-05,13765.513301060082
1222.7,4.1731397e-05,12888.03766565664
1222.8,4.1659656e-05,13534.752986891292
1222.9,8.876845e-05,11889.29370598925
1223.0,3.6860005e-05,13765.431154328595
1223.1,3.4902678e-05,13923.931360106451
1223.2,0.006680165,1359.5345214989436
1223.3,0.002531816,4683.222384968893
1223.4,0.006292008,2083.5096980876597
1223.5,0.025085075,1027.131488396078
1223.6,0.004913906,7415.782174535938
1223.7,0.024016993,1081.042005472605
1223.8,0.012972966,935.6200436963488
1223.9,0.007889825,1736.8204870915279
1224.0,0.022392068,1144.714335484558
1224.1,0.016353035,1404.8930125701525
1224.2,0.028234927,866.9491858407534
1224.3,0.0009932666,9345.028543823972
1224.4,0.0056763124,1310.3461843516034
1224.5,0.0031579642,1401.0592822160124
1224.6,0.0013256203,1840.4206301689146
1224.7,0.00025611743,7911.998085181065
1224.8,5.4029537e-05,11325.309173888429
1224.9,3.902574e-05,12966.657462190937
1225.0,0.0001886029,6265.981206343369
1225.1,8.5511565e-05,8240.130363597964
1225.2,7.913784e-05,8838.519584750227
1225.3,5.566675e-05,11139.007494489928
1225.4,5.7774512e-05,12957.191091338856
1225.5,0.005383108,1099.981050491724
1225.6,0.004145889,1308.1657420722427
1225.7,0.003917898,1510.9275446982656
1225.8,0.0024000937,1542.875149286349
1225.9,0.0030401156,1402.5962864337894
1226.0,0.0010572951,4365.850454185923
1226.1,0.00075927307,2403.8752233451105
1226.2,4.1045267e-05,12401.862223439068
1226.3,3.70043e-05,13256.705975317205
1226.4,0.008445604,923.3097538381157
1226.5,0.00064151204,6821.80917069735
1226.6,0.0011124866,3426.459955713728
1226.7,0.003900155,1293.976483281213
1226.8,0.0035547395,1449.2599863457335
1226.9,0.0038612562,1249.0852110532664
1227.0,0.00037555632,6592.796810301665
1227.1,0.0016562642,1815.608547866063
1227.2,0.0009003197,2887.3947408264585
1227.3,0.00012514502,8927.669399219667
1227.4,7.246335e-05,9789.533866650487
1227.5,6.91675e-05,12002.777277049361
1227.6,5.601189e-05,10859.296494485136
1227.7,4.4624554e-05,11940.171906227142
1227.8,4.0391038e-05,13426.24319493629
1227.9,4.8811187e-05,12951.613050649285
1228.0,3.5046403e-05,13712.804753546665
1228.1,4.2045274e-05,13360.01896027463
1228.2,4.3865046e-05,12025.3567421138
1228.3,4.1816722e-05,11918.96586040263
1228.4,5.151292e-05,11230.225288303742
1228.5,5.003958e-05,11234.584368789627
1228.6,5.2248426e-05,11392.289588128306
1228.7,4.7268353e-05,12519.35080354724
1228.8,4.046636e-05,13692.433160112942
1228.9,4.8547216e-05,13563.09834464765
1229.0,3.6980993e-05,13321.59795908705
1229.1,4.6268626e-05,12515.081704934402
1229.2,3.654056e-05,13405.766006934302
1229.3,3.5123103e-05,13443.19406127741
1229.4,0.000107687294,10516.276576977949
1229.5,0.015766334,1003.9208897378215
1229.6,0.023374122,1069.8055351906305
1229.7,0.007721253,1788.0713621290874
1229.8,0.030048467,1303.7006756282558
1229.9,0.00054115284,7234.07846890271
1230.0,0.036654495,1124.905716946204
1230.1,0.020559644,1119.0584979703297
1230.2,0.020272532,1056.1569717528369
1230.3,0.020936586,892.0458424309123
1230.4,0.026645917,1304.32788489909
1230.5,0.031687133,1311.5268285540633
1230.6,0.024454407,1173.179185771588
1230.7,0.009734046,1209.5605861693368
1230.8,0.0008849153,2569.3081158256173
1230.9,4.5257442e-05,12312.648326938457
1231.0,5.8170936e-05,12049.26130689131
1231.1,3.991955e-05,13264.559248893731
1231.2,3.8977312e-05,13288.491269074868
1231.3,8.571855e-05,11971.320940566427
1231.4,4.0273208e-05,13554.806358634223
1231.5,0.0069408757,901.7110421306191
1231.6,0.01299688,775.6158998540957
1231.7,0.0072334646,1272.1275853150528
1231.8,0.015652118,994.2909746380346
1231.9,0.015549011,1518.5563800455589
1232.0,0.0022715782,2944.49677764371
1232.1,8.5445725e-05,9695.322700414696
1232.2,0.000115459865,7926.204211040642
1232.3,0.0066122576,1134.7298845423736
1232.4,0.0021795454,2632.180704185501
1232.5,0.008178954,1273.3512406878544
1232.6,0.002900209,1598.1230834718867
1232.7,0.0056288918,1241.8255535954295
1232.8,0.003404145,1572.4396691676413
1232.9,0.00075886346,7903.719557585007
1233.0,0.0011335576,4684.416313112337
1233.1,0.0018506745,1512.5945645973416
1233.2,0.00072832475,3639.012751076144
1233.3,5.288909e-05,11424.079886657182
1233.4,5.8572343e-05,12137.576828694875
1233.5,4.615287e-05,12890.540989345225
1233.6,0.00069062016,3843.6267109406967
1233.7,0.0014093457,3455.471263279229
1233.8,0.0019101289,2932.56594635956
1233.9,0.01679985,1056.6616544611359
1234.0,0.0030204032,2451.5093595787075
1234.1,0.0030198237,1711.4429897295836
1234.2,0.00032921045,6344.141101205359
1234.3,6.221968e-05,10290.348095346959
1234.4,5.7137677e-05,10773.900302903527
1234.5,3.7642087e-05,13363.294725436774
1234.6,3.7176607e-05,13203.33925485349
1234.7,4.4251938e-05,12780.116018813644
1234.8,4.2708194e-05,12025.384596945543
1234.9,5.125112e-05,11974.111755107791
1235.0,4.7791957e-05,12273.875504092606
1235.1,3.6134774e-05,13375.295532605503
1235.2,0.0004576456,4096.820326399871
1235.3,0.0019847893,3741.3203183513947
1235.4,0.0018043623,3230.79080178486
1235.5,0.0010830768,3467.5951235922043
1235.6,0.0004040903,4325.039801999936
1235.7,0.00027396998,5045.814552328558
1235.8,0.00016092951,6386.588308333571
1235.9,0.00016853638,6286.15336792818
1236.0,0.00012705778,7235.30078346225
1236.1,6.810543e-05,10888.394852834295
1236.2,0.0048346715,1145.841379880052
1236.3,0.006701148,1443.2670987095921
1236.4,0.002369366,1711.109374637525
1236.5,0.00018460052,8695.98451166513
1236.6,0.0099572865,952.9126214832095
1236.7,0.0030932932,2161.432496174381
1236.8,0.0036943739,2101.017976082323
1236.9,0.0055236756,1299.6934241857616
1237.0,0.0027538335,1374.6268865284214
1237.1,5.1067953e-05,11801.857713712023
1237.2,4.384173e-05,12336.127991936777
1237.3,0.0059419638,1144.8259726637907
1237.4,0.004963441,2996.6187336598864
1237.5,0.0107596135,1192.8811419088738
1237.6,0.0027889197,1438.477138233333
1237.7,0.00023719837,7996.104514506371
1237.8,6.013919e-05,11822.552295433808
1237.9,0.006574911,1191.4422542318607
1238.0,0.017347205,1042.306382507034
1238.1,0.013447898,1077.2384747048472
1238.2,0.019150525,1048.2228193852584
1238.3,0.0106744105,940.9695118060641
1238.4,0.0059029427,1236.9081873295481
1238.5,0.025166048,1135.9311544969707
1238.6,0.016604079,1174.8613299058075
1238.7,0.017817475,1176.6601618713112
1238.8,0.00024316048,11417.12450384263
1238.9,0.03509577,1313.014139594392
1239.0,0.035626512,1256.3881224811478
1239.1,0.020375859,1331.2437299567828
1239.2,0.01932421,1212.6924801388163
1239.3,0.018190293,1257.1848400266156
1239.4,0.01796856,1184.628423410993
1239.5,0.009816908,1215.2945381936304
1239.6,0.004989859,1360.8862944339953
1239.7,5.3999665e-05,11375.50791942246
1239.8,5.87765e-05,11419.036815241612
1239.9,0.009812128,1146.2333804146765
1240.0,0.007375105,1205.4045364133349
1240.1,0.016734364,1324.609104030582
1240.2,0.0006908001,8292.632353163228
1240.3,0.022722581,1404.5449063675303
1240.4,0.024623219,1301.969451838474
1240.5,0.024726808,1265.4354937160522
1240.6,0.017443143,1238.5359592165194
1240.7,0.01636741,1259.256625141874
1240.8,0.013707538,1324.9912352425954
1240.9,0.013057384,1439.214425764952
1241.0,0.00650143,1293.375762712543
1241.1,0.017383637,1161.5691243603496
1241.2,0.007687168,1189.7176560942403
1241.3,0.03687216,1110.7919380111557
1241.4,0.034644112,1131.7161907116433
1241.5,0.028428724,1119.6714284909424
1241.6,0.02597234,1139.2690442149285
1241.7,0.026787555,1108.0450866137378
1241.8,0.022748716,1038.5979536875807
1241.9,0.014910036,1122.5666080447706
1242.0,0.0118105505,1055.1244600422374
1242.1,0.014480085,1010.6500410122305
1242.2,0.013385983,1034.1606261389397
1242.3,0.010617678,1059.6775748579698
1242.4,0.011049578,1026.4861743598135
1242.5,0.0056519574,1620.552155443514
1242.6,3.817559e-05,11189.464190468485
1242.7,1.9339555e-05,11973.57315783151
1242.8,7.374221e-06,13251.076835236205
1242.9,2.3135435e-07,2314.5561838222443
1243.0,3.8332335e-20,12000.000268220907
1243.1,3.8332335e-20,12000.000268220907
1243.2,3.8332335e-20,12000.000268220907
1243.3,3.8332335e-20,12000.000268220907
1243.4,2.2266018e-05,8880.535548669926
1243.5,0.0001567693,8516.461292508751
1243.6,0.00017016454,8282.03184293281
1243.7,0.00021336133,8521.187332588355
1243.8,0.0003223632,7853.510503675636
1243.9,0.0002958995,8466.098816034617
1244.0,0.00019162367,9292.233244968316
1244.1,0.00029485338,8641.852239975762
1244.2,0.00018431841,9404.201451998979
1244.3,0.0003963836,9461.335857180911
1244.4,0.00056210253,10319.694987085059
1244.5,0.00013287482,11050.332300128588
1244.6,0.00010429932,11784.279081652585
1244.7,0.00019684793,8836.614389085029
1244.8,0.024890294,1460.909951422888
1244.9,0.0023919279,8136.010843955673
1245.0,0.0024678095,7629.547170182377
1245.1,0.023064587,1600.2437567834936
1245.2,0.025477115,1142.7343316256877
1245.3,0.03384166,1409.7508092799794
1245.4,0.029531283,3590.3779748196953
1245.5,0.030914737,1779.1321951692646
1245.6,0.01581716,2269.7767227545
1245.7,0.0031888215,3196.617775811104
1245.8,0.0025638025,3182.591053760333
1245.9,0.00090958126,3725.7545822949114
1246.0,0.0031677687,4240.806586199114
1246.1,0.0012944571,3658.7678007694963
1246.2,0.001516822,3278.0813077682824
1246.3,0.0033787163,2147.9575927680908
1246.4,0.0063809277,1506.0871511004343
1246.5,0.0022934473,8183.954157076265
1246.6,0.025427228,1502.2569930648604
1246.7,0.012967949,1445.6815602129573
1246.8,0.010495513,1798.588274019366
1246.9,0.01657328,1003.2163411337075
1247.0,0.011581934,1210.3982500448324
1247.1,0.010272442,2399.3829015567453
1247.2,0.0003354324,10094.21537244412
1247.3,0.022557948,1367.9632732967466
1247.4,0.027681414,1425.7662303745815
1247.5,0.028996097,1389.470199214002
1247.6,0.007104106,2231.1654410044357
1247.7,0.00081088324,3739.896191955161
1247.8,7.790165e-05,11485.887440298911
1247.9,9.260095e-05,12793.2724106266
1248.0,8.939073e-05,13240.99098873549
1248.1,9.6826596e-05,13148.608477276666
1248.2,0.00011064041,12731.890868428587
1248.3,8.7182845e-05,13322.905399027746
1248.4,0.00010529916,13351.57505269376
1248.5,0.00018272483,8891.015841334756
1248.6,0.00041964604,6766.9665045301035
1248.7,0.00018019977,7609.882533163386
1248.8,0.00016367917,8040.633042016736
1248.9,0.0001704269,7074.682957381881
1249.0,0.00017022296,7985.687653056509
1249.1,0.0001353287,8719.7795864019
1249.2,0.00016213274,8295.40670138715
1249.3,0.00016517813,8470.289155732886
1249.4,0.00012132365,10274.124770120337
1249.5,0.0011456293,7428.921457543396
1249.6,0.015250533,1477.6473611920692
1249.7,0.018455252,1237.0853299524301
1249.8,0.021039516,1246.818904442165
1249.9,0.018780138,1330.0679795413082
1250.0,0.0075023826,2384.886138332484
1250.1,0.004562063,1862.4055715504182
1250.2,0.0038678977,1677.6186612248766
1250.3,0.003664277,1819.0555794271627
1250.4,0.0019156818,2698.2233067313714
1250.5,0.0014398919,3985.3776150059302
1250.6,0.0027326345,3923.3245360295896
1250.7,0.0014284083,3458.9202056273402
1250.8,0.00040544145,5836.668924644158
1250.9,0.00040762738,5871.989325269538
1251.0,0.00018139306,10178.09340483089
1251.1,0.0002364697,6915.879698793649
1251.2,0.0001695339,9971.486821025053
1251.3,0.015467964,1406.7465979376461
1251.4,0.01328106,1292.2918286538197
1251.5,0.011622418,1154.8469806302373
1251.6,0.011028281,1312.8624036199242
1251.7,0.009906418,1168.2291813934835
1251.8,0.0054823793,1903.80579338564
1251.9,0.00041393808,8733.20996223623
1252.0,0.009812393,1390.5323885322289
1252.1,0.00024250633,9695.01304005634
1252.2,0.0001390454,11728.11794893728
1252.3,0.01334462,1312.4970281597034
1252.4,0.011823735,1524.399052854731
1252.5,0.012274017,1600.1358829532796
1252.6,0.013066673,1546.9291882888374
1252.7,0.0128453635,1485.9762446104207
1252.8,0.012741862,1554.5685848251978
1252.9,0.0044250214,2855.35824086957
1253.0,0.0009774994,3938.5305093163865
1253.1,0.00048493198,4139.943022235645
1253.2,0.00017871064,7684.801455840767
1253.3,0.00013684104,9263.987499074203
1253.4,0.00013040905,11282.69685265421
1253.5,0.00017267837,8407.516981131024
1253.6,0.00018859337,8180.768519043432
1253.7,0.010356769,1047.5268624156583
1253.8,0.008624119,1613.1627637878391
1253.9,0.007659504,1342.7929402042105
1254.0,0.0056405687,1462.9437888388743
1254.1,0.00069547846,3897.8565378873886
1254.2,0.002959988,1900.203760180804
1254.3,0.005944213,1402.9951788270287
1254.4,0.0056009884,1517.7950536416738
1254.5,0.0032088647,3366.409934886665
1254.6,0.00039946925,7478.304702306346
1254.7,0.0003089693,5904.042500915224
1254.8,0.00021782417,7682.929740634634
1254.9,0.00014497634,8205.319913387215
1255.0,0.00011112565,10367.592273097935
1255.1,0.00013651636,10885.445147763505
1255.2,0.0001395989,10846.038228457004
1255.3,0.00015789446,11701.450884085552
1255.4,6.751958e-05,13484.74785124361
1255.5,8.57378e-05,12838.714584120431
1255.6,0.000117214506,11137.281200863854
1255.7,0.00011830689,12538.299728977932
1255.8,8.867231e-05,12451.045851304116
1255.9,0.00011407939,12352.325035887488
1256.0,8.420013e-05,12139.199906743586
1256.1,0.00017690581,11405.362766844008
1256.2,0.00010713454,12898.706096482605
1256.3,0.0001338741,10204.689856754612
1256.4,0.00016527169,11526.27520534911
1256.5,8.9121604e-05,10869.68329295776
1256.6,8.515831e-05,11931.651891683474
1256.7,0.00012907648,10375.188515754906
1256.8,0.0002712661,8838.049688523242
1256.9,0.00024310849,9154.242592130317
1257.0,0.007973624,1339.4276172409
1257.1,0.009801701,1217.1717449552498
1257.2,0.00076972117,7918.545992370419
1257.3,0.000265856,8859.204429526308
1257.4,0.0046813744,1296.2718393450618
1257.5,0.0034982115,1774.3435596070826
1257.6,0.00056439027,7309.656077021862
1257.7,0.0062274323,1374.1541175085956
1257.8,0.009204256,1415.62574197936
1257.9,0.007681879,1652.224266274412
1258.0,0.0067486856,1461.9796190518991
1258.1,0.00036052446,6722.155335050303
1258.2,0.00014302022,9759.833230291462
1258.3,0.007505329,1778.667562938841
1258.4,0.0063487636,2092.2911179461107
1258.5,0.010609976,1468.551702961271
1258.6,0.004652444,2128.7147095721784
1258.7,0.0024913603,2660.6301364255937
1258.8,0.0006340677,4292.2807101257695
1258.9,0.00021248715,7249.995716800128
1259.0,0.0003433201,7195.8778501416455
1259.1,0.00022831633,6584.644419995413
1259.2,0.00021455104,7015.0167775018135
1259.3,0.00027435858,6461.90905026043
1259.4,0.00052506995,4372.4316652803245
1259.5,0.00025622494,6187.831073172334
1259.6,0.0002928134,6310.7787861951865
1259.7,0.00038147342,5438.9120715019035
1259.8,0.000572129,4476.628662134166
1259.9,0.0006689591,4833.777985823702
1260.0,0.0027595263,3700.6445970129957
1260.1,0.001366784,4985.492246458214
1260.2,0.0007996651,5692.978717707163
1260.3,0.0006443401,5257.455817446335
1260.4,0.00037029677,6511.258574415166
1260.5,0.00026655375,7561.735026539707
1260.6,0.00024352054,7816.469777261227
1260.7,0.0003103835,7342.736391905405
1260.8,0.0002025039,7851.935799168132
1260.9,0.00021228321,7962.772302946981
1261.0,0.0002557069,7490.35667049671
1261.1,0.00034102768,6835.070889977629
1261.2,0.00026614315,7124.101328680346
1261.3,0.00023074528,8129.488681214525
1261.4,0.00015723749,8693.260702763737
1261.5,0.0008000863,3994.679583889834
1261.6,0.009342421,1259.3730472529642
1261.7,0.0031149115,1968.028007042836
1261.8,0.005833921,1319.0668936017591
1261.9,0.0028142862,1972.270270346568
1262.0,0.000106626765,11961.045353849555
1262.1,0.0007886748,3418.743406530334
1262.2,0.0068247956,1372.2757404035724
1262.3,0.004794896,1776.3971588068516
1262.4,0.00025725467,10185.553936892802
1262.5,0.0011043383,4094.4922252357755
1262.6,0.0031216093,5711.013494394251
1262.7,0.008585098,1344.4798908259213
1262.8,0.0083404565,1422.1180042533667
1262.9,0.0014072029,5413.4783487670575
1263.0,0.0014804056,7286.421938331373
1263.1,0.008947615,1223.8683788528117
1263.2,0.012326842,1087.5204307120682
1263.3,0.00030130142,9183.643088869369
1263.4,0.010361384,1242.4587473142924
1263.5,0.005874016,1369.9435231157597
1263.6,0.00018625511,9005.84906598933
1263.7,0.0100944955,1346.4145407930132
1263.8,0.004954379,1815.4699904771833
1263.9,0.004816012,1788.7942877181285
1264.0,0.004871386,1716.0189115667845
1264.1,0.005534421,1432.0573193554028
1264.2,0.004036385,2141.000393925612
1264.3,0.0040584877,1956.4906297495136
1264.4,0.0005608255,4022.008805645857
1264.5,0.0003785969,4911.440274271079
1264.6,0.00023721684,6611.383262756806
1264.7,0.00013979238,8675.674506173365
1264.8,0.00012179595,9184.377534287743
1264.9,0.00013787295,9636.94258034006
1265.0,0.00012349818,10713.973903309736
1265.1,0.0001371696,10798.657894233598
1265.2,0.00010546062,12442.595813471398
1265.3,7.022237e-05,13590.310190941947
1265.4,0.00012780914,12039.066579141567
1265.5,9.736005e-05,10918.407512054313
1265.6,0.0001275835,9360.309753729134
1265.7,7.06564e-05,11519.428253439643
1265.8,0.00016041935,8849.855328425192
1265.9,8.838658e-05,10972.182489080125
1266.0,0.00011930748,9433.58632789677
1266.1,0.00027804775,7858.286443610378
1266.2,0.00020573975,8868.233898377262
1266.3,0.00010306871,9970.105430131965
1266.4,9.542326e-05,10955.034717207682
1266.5,0.0001686974,10848.081129504139
1266.6,0.00037543825,5913.763692533394
1266.7,0.025691872,889.5686883639273
1266.8,0.022356454,856.2779568620566
1266.9,0.01088849,1145.4862484549649
1267.0,0.012030396,992.8644115170187
1267.1,0.013791586,961.7482104517161
1267.2,0.009831433,1192.0522976125144
1267.3,0.00027818928,8197.032637553619
1267.4,0.00018944748,8532.493808227828
1267.5,0.00018639745,9068.91000424612
1267.6,0.018653922,1187.534790167298
1267.7,0.01513954,1142.4581524809555
1267.8,0.0024307852,3141.5426261154503
1267.9,0.0178381,1095.4574957008308
1268.0,0.00019522551,8831.454828937474
1268.1,0.006938421,1306.8971500885086
1268.2,0.008642585,1277.4710480955473
1268.3,0.006371178,1330.6079033463998
1268.4,0.0030433696,1943.9711096729084
1268.5,8.451949e-05,12245.377376319751
1268.6,0.008407881,1259.866056083993
1268.7,0.008418055,1190.3784499528101
1268.8,0.008824315,1269.2230054942042
1268.9,0.007926976,1348.2717537817882
1269.0,0.0036666417,1861.5096907692284
1269.1,0.002231837,2453.3742701996084
1269.2,0.00055636576,4952.148167151123
1269.3,0.00032970062,6774.272368027937
1269.4,0.00025484135,7401.823482041337
1269.5,0.0002166238,8793.952374322118
1269.6,0.00011496663,10319.303415030883
1269.7,7.002626e-05,12298.752380371638
1269.8,0.00013804554,10308.713225288215
1269.9,0.0001362496,11015.384182531026
1270.0,0.00011827974,12144.984514722766
1270.1,0.000118224925,11543.081858117559
1270.2,0.0014011445,2585.0757684479204
1270.3,0.0062483153,1289.9888975364693
1270.4,0.0035312707,1888.1483009862059
1270.5,0.0050175567,1199.7468328841378
1270.6,0.005668102,1327.7377397181117
1270.7,0.003566948,1704.3996307644873
1270.8,0.0004165458,7105.971476810035
1270.9,0.0055268155,1372.8778439104585
1271.0,0.0006685817,5493.813356190216
1271.1,0.008158654,1530.3070610996929
1271.2,0.0074035614,1385.8633519948266
1271.3,0.00045473716,9243.107654763644
1271.4,0.008692743,1229.3088319246276
1271.5,0.009998862,1127.5982876121334
1271.6,0.0007624432,5102.582411261139
1271.7,0.00017375684,9593.04706075315
1271.8,0.0008758199,4187.936258744785
1271.9,0.00018449133,7998.954578566582
1272.0,9.735349e-05,10635.256650461484
1272.1,0.00014823703,9724.29363780589
1272.2,0.00012677726,10538.25576200697
1272.3,0.0007656955,6013.308907077076
1272.4,0.00020119452,10300.142058016774
1272.5,0.00010148617,11489.858285001925
1272.6,0.0030952925,1631.6310068659109
1272.7,0.0037686971,2514.124624852936
1272.8,0.00077650166,4750.786977058631
1272.9,0.004969026,1288.0163247629544
1273.0,0.00038429577,6238.254397535669
1273.1,0.00035326421,8012.540373425352
1273.2,0.00018635597,9105.572656669467
1273.3,0.00013523176,9936.28256110898
1273.4,6.557496e-05,10694.876365958493
1273.5,4.9866565e-05,10920.78028848411
1273.6,3.3839606e-05,11433.029886697383
1273.7,0.0001034459,7621.241470001251
1273.8,1.3713379e-05,9613.478742383095
1273.9,2.435697e-07,467.91422936596393
1274.0,2.1457948e-08,1564.047448368001
1274.1,2.962665e-19,11919.976932290156
1274.2,2.2719053e-19,12122.079897812313
