timestamp_sec,amplitude_rms,frequency_centroid_hz
0.0,2.0308693e-19,11770.865887018317
0.1,2.227987e-05,982.2738982173904
0.2,0.00045347452,1140.1472764137116
0.3,0.0015087813,1068.7002582004911
0.4,0.0018256233,1267.3809292983303
0.5,0.0017545392,1647.6652395830838
0.6,0.0025717383,1101.037632579758
0.7,0.0019823676,1413.773632307818
0.8,0.001988074,1533.4396454580537
0.9,0.002384982,1305.2702845506144
1.0,0.0019803094,1529.300424837335
1.1,0.0022779754,1535.2291824902686
1.2,0.0028936188,1115.8342282224874
1.3,0.0027461536,1142.7929037086305
1.4,0.0025999509,1219.591581934173
1.5,0.001913529,1398.8474710407038
1.6,0.0025447882,1197.1145097152514
1.7,0.0021213344,1434.5068517214308
1.8,0.0020359044,1540.0967550423102
1.9,0.0026112027,1376.6136954361593
2.0,0.002891626,1208.9981456463165
2.1,0.0027105,1330.753714053954
2.2,0.002891415,1120.1350661681051
2.3,0.0028174336,1504.7674655981823
2.4,0.005036042,1398.348129877676
2.5,0.003931378,1043.9495043658055
2.6,0.0033142827,1111.5229919805017
2.7,0.0021396528,1301.355256790682
2.8,0.0019657507,1343.6101756100686
2.9,0.0029069984,1481.1203992028468
3.0,0.0031580797,1240.208258155518
3.1,0.0038752453,1043.911263636048
3.2,0.003234644,1021.967490276563
3.3,0.0023264964,1538.514628577348
3.4,0.0034824566,1052.5513862989726
3.5,0.0020076865,1468.2919286114
3.6,0.0029498225,1102.5879151019708
3.7,0.0024908937,1402.7414519696963
3.8,0.0023188794,1466.0070117616258
3.9,0.0035439392,1238.7795073585703
4.0,0.0030322312,1317.1428289100645
4.1,0.003344256,1413.5737073322011
4.2,0.0078707095,1096.6414382270475
4.3,0.0019248402,2124.9213854388317
4.4,0.0033560207,1065.3486664060363
4.5,0.0030477426,1208.5679751650068
4.6,0.0026891916,1723.3100433472687
4.7,0.008915627,1115.0333925230623
4.8,0.002996549,2046.2827990688943
4.9,0.0123673165,1516.9255043021144
5.0,0.005700954,1988.656621186993
5.1,0.0025085325,7573.7874179694245
5.2,0.0061117886,2256.931901925589
5.3,0.0022327937,3665.565709676706
5.4,0.0071590804,2352.43647043456
5.5,0.0057791127,1757.6206331554358
5.6,0.0028701576,2162.390825942035
5.7,0.0032827086,2222.7823305988077
5.8,0.002469106,2163.394671009815
5.9,0.0030259679,2228.961016690935
6.0,0.0030932247,2639.1846098272395
6.1,0.0041905358,2875.252008957064
6.2,0.009229509,2203.7784690825415
6.3,0.01119721,1998.1061215518753
6.4,0.010833197,2111.101929737171
6.5,0.010258499,2196.9337326892405
6.6,0.010974861,1996.4731584428143
6.7,0.010935339,1743.802262854425
6.8,0.0044149472,2550.0556298522606
6.9,0.00225896,1988.4454969198443
7.0,0.0015992698,2726.8834332369734
7.1,0.0020699122,2067.466064435941
7.2,0.0015283679,2784.87688911188
7.3,0.0026141494,2389.853416297158
7.4,0.0024874818,2125.666549653026
7.5,0.0016989101,2562.9129327332266
7.6,0.0020439734,2279.172656903029
7.7,0.0016599731,2581.1460715491385
7.8,0.0021586376,2862.880162450231
7.9,0.0024168524,2288.1074555869177
8.0,0.0022218989,2631.4609615292425
8.1,0.0019958736,2415.589560060045
8.2,0.0025696128,1406.0296048022387
8.3,0.0023903823,1774.2578052961342
8.4,0.0025645925,1273.3588388347475
8.5,0.0028914474,1685.938768077367
8.6,0.0020492559,1938.5549667357686
8.7,0.002435887,1500.6214428905446
8.8,0.0017361507,1791.4283425694287
8.9,0.0018855622,2283.5883100717497
9.0,0.0028802012,1388.9725079196678
9.1,0.0028176876,1352.1471473665079
9.2,0.0025751714,1367.693334561393
9.3,0.002267738,1605.3878761526903
9.4,0.0042225844,2949.760395896863
9.5,0.0114865145,1924.0454582900934
9.6,0.00683974,2710.6037934119645
9.7,0.014952076,2445.177812073035
9.8,0.033118173,1709.2999935766998
9.9,0.024222512,2201.158119376865
10.0,0.047750752,1526.3322256861345
10.1,0.004668089,8091.479769935615
10.2,0.02818011,1562.3526857065208
10.3,0.026437761,2064.011086114078
10.4,0.019693017,1240.101252900895
10.5,0.026093584,1442.2859022617754
10.6,0.01489315,3637.6523883042964
10.7,0.0032435586,7922.640614445074
10.8,0.028542396,1191.1483408364325
10.9,0.036623705,1181.718794237925
11.0,0.04158942,1643.3177168120624
11.1,0.002615799,1738.7717154115662
11.2,0.0027927544,2990.8469091881534
11.3,0.0033798346,3944.779364843539
11.4,0.0034981996,2789.7698236962224
11.5,0.0030862477,1376.0851597194073
11.6,0.003977038,1420.6180773372666
11.7,0.018121447,1154.796623885807
11.8,0.031532347,1202.9858745457923
11.9,0.007265299,1442.122246573044
12.0,0.027829016,1035.7835082006784
12.1,0.01044436,1855.3580866636514
12.2,0.007210882,6245.528915005968
12.3,0.012116029,1708.3323640717458
12.4,0.026259601,1330.2545632096292
12.5,0.011253723,1909.2074580867402
12.6,0.009075504,1753.2732831427797
12.7,0.0038440875,1420.554573395652
12.8,0.0017503796,1911.176678867516
12.9,0.0024267002,1631.737310484123
13.0,0.0041640867,974.9814266825805
13.1,0.0042337594,1109.7165830979209
13.2,0.0045388737,1016.7485085761213
13.3,0.0026913714,1442.1307043454149
13.4,0.003416748,931.1946498385944
13.5,0.0024255195,1564.773681201042
13.6,0.0018645648,1701.4833614109612
13.7,0.0039491374,892.1174837635206
13.8,0.009990553,740.3365955432229
13.9,0.003053041,1482.9251763231355
14.0,0.0017828793,2211.590173079809
14.1,0.030810654,649.439793565831
14.2,0.010685564,715.1794993572151
14.3,0.0039970004,1254.156070280324
14.4,0.0019075158,1886.923303701577
14.5,0.004094559,1281.8090796279444
14.6,0.024478568,445.8600935551908
14.7,0.00949968,770.6618704837887
14.8,0.010997024,603.005599587358
14.9,0.010446529,571.9844210030271
15.0,0.013013179,568.7690678209005
15.1,0.00901632,848.6200888421109
15.2,0.007706868,810.3865532433718
15.3,0.0056528267,968.9079041815072
15.4,0.005896212,740.6340698402528
15.5,0.0070714247,654.1243593765591
15.6,0.0032610032,1329.555125664145
15.7,0.0031432947,1329.0471644111967
15.8,0.0017485861,1538.4868270548457
15.9,0.0024074547,1348.234510715903
16.0,0.002475115,1098.2257982334036
16.1,0.0023957856,2413.7810217021674
16.2,0.0029104452,1839.7994512683783
16.3,0.008551956,2177.359498446602
16.4,0.015030166,1597.4134236425773
16.5,0.0033917737,5329.593731437392
16.6,0.0029452876,6418.368383263429
16.7,0.010071978,2563.2371321341675
16.8,0.0039903373,3635.2810358206398
16.9,0.002429959,3468.642157436044
17.0,0.0022161023,3686.1733871335005
17.1,0.0022031523,3336.387530657831
17.2,0.008870197,2477.134449744293
17.3,0.003017013,3084.807124525685
17.4,0.0035462338,2433.693124424569
17.5,0.0020911118,2560.337446906237
17.6,0.0019558792,2070.127093005052
17.7,0.0013982435,3479.766792269146
17.8,0.0016618156,2630.5335795978554
17.9,0.0028608395,1654.7496577549196
18.0,0.0022898754,1962.3984812855042
18.1,0.0016487986,2643.993222617922
18.2,0.0029400534,2204.1797431617383
18.3,0.00211547,2372.797954955264
18.4,0.0017586147,3071.3047211832104
18.5,0.0033397335,1674.1352825149393
18.6,0.0024114337,2080.0970720375817
18.7,0.0023702183,2215.1985942504734
18.8,0.0026408364,1919.8337262342911
18.9,0.0035721255,1472.3341192557164
19.0,0.0016475385,3492.5432944679783
19.1,0.002621012,1911.537668080321
19.2,0.0032741672,2092.2039599498776
19.3,0.0021791407,2819.584122309977
19.4,0.002918437,1849.5284996298835
19.5,0.0023509755,2639.107847671312
19.6,0.0030390262,2032.668183868182
19.7,0.0014520484,2796.9512501290837
19.8,0.0013952259,3874.2078344244037
19.9,0.0018328852,2907.1090803897805
20.0,0.0031010355,1500.7725088842747
20.1,0.0118766995,1007.585211870813
20.2,0.014880592,1048.3869778042135
20.3,0.028105963,921.0630440081097
20.4,0.021787403,752.8939940685648
20.5,0.021178868,763.8510233067527
20.6,0.0241821,699.5668779801961
20.7,0.015107514,1036.6867609036153
20.8,0.02484946,1050.1486680757544
20.9,0.0028460976,1740.1376613639882
21.0,0.019942887,1127.3112540476955
21.1,0.015997048,996.7183451093345
21.2,0.0143480385,819.741329545046
21.3,0.017490236,1327.479656231093
21.4,0.021542618,1119.0268168575644
21.5,0.01935363,1193.7876463442035
21.6,0.006118348,1617.2080587198197
21.7,0.0031547162,1835.0113101498664
21.8,0.0020603454,2589.5158345217837
21.9,0.0021447344,1930.461175032299
22.0,0.0019311252,2742.7553631910723
22.1,0.0029424601,2478.2945635010456
22.2,0.0025558486,2641.2155950658303
22.3,0.003365397,1799.4153965995263
22.4,0.0027404246,1814.508369937922
22.5,0.0030392786,1708.2617353135915
22.6,0.0020237302,2608.450408643598
22.7,0.003260253,1620.8932523865406
22.8,0.0021519135,2803.1624219608348
22.9,0.0025100359,3572.235997342432
23.0,0.008877402,2353.47214478395
23.1,0.02136109,1239.8318492188257
23.2,0.0036125681,6067.820300373299
23.3,0.019252155,1267.999504331322
23.4,0.030319642,859.1014874369263
23.5,0.026156811,789.2557115340377
23.6,0.011448395,2150.2510161070795
23.7,0.014646861,1290.8688383721696
23.8,0.014669228,982.5341826589292
23.9,0.014015157,967.8319811284654
24.0,0.011307119,1228.7654644392455
24.1,0.019453494,944.8138620851408
24.2,0.0045581963,1709.8004327926014
24.3,0.014326465,1046.7304905393732
24.4,0.001928486,2788.6438868093182
24.5,0.014122815,1227.1112586785282
24.6,0.016777717,1043.8529863009585
24.7,0.01643269,1261.003665897238
24.8,0.021620173,1204.428444030958
24.9,0.02505526,1300.6904272064367
25.0,0.009684359,2009.1004788514242
25.1,0.0028619084,2706.389434545865
25.2,0.0024218126,2338.8649498600885
25.3,0.0021479588,1998.060829328317
25.4,0.0019271309,2433.6747011494354
25.5,0.0017873462,2706.027991668165
25.6,0.001958105,1962.5801132000797
25.7,0.001640388,2757.355712815759
25.8,0.002135689,2122.9800420415404
25.9,0.0024209844,2314.166828193365
26.0,0.0017791087,2425.6032583991073
26.1,0.002324265,2286.303340019579
26.2,0.002212558,2642.990592128186
26.3,0.0019906072,2668.1127396151896
26.4,0.0021514362,2308.0454815991816
26.5,0.002238008,2213.840697551518
26.6,0.0013882262,2841.9940700507736
26.7,0.0012346549,3183.000720674592
26.8,0.0017922298,2747.976055744889
26.9,0.0019924638,2306.202148633826
27.0,0.04055732,1315.4204127056878
27.1,0.041490182,830.322805016832
27.2,0.0024728589,4701.632637992255
27.3,0.016861625,1038.467689982987
27.4,0.028863521,1020.6429991953545
27.5,0.015371809,1286.8747706970414
27.6,0.0033449666,2097.7683559918387
27.7,0.027941028,1015.9823726834629
27.8,0.02479051,1043.9796592810544
27.9,0.0093753,2448.3353516839443
28.0,0.03225851,1161.5683037542726
28.1,0.0028645445,7791.852599288475
28.2,0.0030683137,8105.135317286682
28.3,0.0027227318,2539.0984065677067
28.4,0.031857926,1298.7643455742477
28.5,0.021762617,1074.5576183073704
28.6,0.0019679456,6509.499865930869
28.7,0.016590757,1429.5106171724203
28.8,0.013681685,1057.637778106457
28.9,0.015093385,1132.7263950945153
29.0,0.002153781,2519.4432824577416
29.1,0.012398527,1138.161573396891
29.2,0.010985465,1022.797558486765
29.3,0.0076056765,4807.165903458237
29.4,0.016235366,1189.745270591758
29.5,0.0022988326,2092.1180016803405
29.6,0.024678003,1103.3427736219255
29.7,0.015414171,1231.466324551298
29.8,0.0025274393,2290.623758131619
29.9,0.018667124,1092.6969875271916
30.0,0.025982412,806.0890314488285
30.1,0.021388557,1071.1706222846994
30.2,0.02439643,1066.3145196606943
30.3,0.02556004,1057.6577655295632
30.4,0.013456082,1350.5768906907224
30.5,0.0022692366,2458.1042130315363
30.6,0.002083164,2911.9493624824813
30.7,0.0015207924,3078.9222579087723
30.8,0.0015821516,3169.92277241992
30.9,0.0025878283,2235.4268607639547
31.0,0.0018206337,2899.3685407539406
31.1,0.0015840901,3029.4920595566664
31.2,0.0012855332,3156.330770848363
31.3,0.0013133336,3300.678574411226
31.4,0.0015893118,2688.8454733880494
31.5,0.0016492722,2913.1241269192287
31.6,0.0016492353,2722.50932481214
31.7,0.0030719189,2048.046936348257
31.8,0.002359537,3069.1908585365154
31.9,0.0019762546,2280.7339065495
32.0,0.001934917,2059.4639597173127
32.1,0.0020362698,2382.641116730756
32.2,0.0019046277,2691.948076909476
32.3,0.0019010728,2154.7680368063293
32.4,0.0014882918,2904.6707973251314
32.5,0.018855432,785.8533883797359
32.6,0.006789374,1399.5168700125332
32.7,0.0025833223,2175.9642685454533
32.8,0.0018910904,2835.027473038128
32.9,0.0024512701,3196.135747783291
33.0,0.0024539274,2345.7625884631384
33.1,0.001713617,2689.5403444551034
33.2,0.0025390082,1993.4812184320201
33.3,0.0013730784,3257.7889070235533
33.4,0.002684246,2051.611637132901
33.5,0.0011549542,2892.864416620945
33.6,0.0016028052,2882.0175260739197
33.7,0.0022161473,3312.1790774047213
33.8,0.0019885572,2817.449080561879
33.9,0.0021631108,2310.240717792002
34.0,0.001898324,2475.5152423953814
34.1,0.0016465778,2685.1833206843594
34.2,0.0015072563,2409.5214326833698
34.3,0.0021368626,2421.907119199922
34.4,0.0016459579,2292.385253719303
34.5,0.002370036,1840.8469294378344
34.6,0.0070468243,1550.3596542427367
34.7,0.0060575265,1974.0056444892425
34.8,0.0059904787,2298.340551968801
34.9,0.0066032265,1810.6652052074992
35.0,0.003323752,2147.8364566348064
35.1,0.0032766706,1864.9217007297523
35.2,0.0031181348,1705.6928236435115
35.3,0.010528034,1127.4271499357715
35.4,0.017824627,939.8684363328891
35.5,0.002079092,5679.1328483786465
35.6,0.004378528,2708.518253692926
35.7,0.010649855,1265.105006875622
35.8,0.010199961,1245.597141145403
35.9,0.009790773,1422.6617726120062
36.0,0.009236852,1473.8466351398606
36.1,0.005970346,1550.6251210889395
36.2,0.003322648,2345.047180768166
36.3,0.0024621845,2413.863317635867
36.4,0.0020017247,2152.106128449802
36.5,0.0013305037,3382.2136190606357
36.6,0.0029596316,2293.1707803760482
36.7,0.001482661,3037.380446691742
36.8,0.0030589125,1918.0645427041513
36.9,0.0020594615,2566.060207509039
37.0,0.0031843234,1694.443769988844
37.1,0.0016729119,2906.210089180444
37.2,0.002386123,1846.2245453101527
37.3,0.0020729485,2113.478351839433
37.4,0.002722404,1927.6324082428328
37.5,0.0014857679,2612.9050836950473
37.6,0.0016792832,3308.5613551437377
37.7,0.0022468022,2268.989903521048
37.8,0.0017075934,2581.739896096524
37.9,0.0020100907,2578.58970690404
38.0,0.00090055924,3142.7156072077123
38.1,0.0018666742,2676.378618486662
38.2,0.0019485631,2475.141334425153
38.3,0.0022901949,2367.9403163018515
38.4,0.0016817201,2609.398057854605
38.5,0.023174768,1445.2420332497322
38.6,0.020364437,912.1992040130831
38.7,0.020583808,1153.7262395003847
38.8,0.026875392,704.3420557952334
38.9,0.014129045,1215.9079227612565
39.0,0.015053354,975.0503105032441
39.1,0.0015682599,2446.8377292525274
39.2,0.0131217055,1104.5790816885033
39.3,0.005895631,1466.169342354135
39.4,0.0015201255,3166.495344227215
39.5,0.01057268,3886.843960169863
39.6,0.019791152,1110.4624376791019
39.7,0.018564,1195.9177175649627
39.8,0.029826913,761.2776032121617
39.9,0.026266938,864.2831738395165
40.0,0.009556375,1720.0319294305048
40.1,0.02162198,1072.0096978655245
40.2,0.020401748,763.00357595585
40.3,0.01270268,1226.1796972562227
40.4,0.0130086625,1237.469320695931
40.5,0.01724485,749.0890667290735
40.6,0.009976508,1353.7021511744365
40.7,0.012777057,1205.5960120340378
40.8,0.013626778,1114.1677808431095
40.9,0.014175162,1192.8372306592987
41.0,0.009166462,1349.2159285795465
41.1,0.0024347422,2073.5093745518043
41.2,0.0017692145,2585.3540956923666
41.3,0.014862275,962.7388806767781
41.4,0.015075859,883.9000732045783
41.5,0.001366464,3199.0525916399047
41.6,0.0019607174,2888.3259376682918
41.7,0.0065644034,1426.9234976178602
41.8,0.0107720755,1164.2856933537048
41.9,0.009247916,1283.2090599660864
42.0,0.0018644601,2347.7510389101362
42.1,0.002572288,2084.104947789861
42.2,0.0027446935,1860.36682286199
42.3,0.0017772169,2795.945392825587
42.4,0.001800806,2570.72430990079
42.5,0.0016707407,3207.898307569575
42.6,0.0015102084,3138.7715041092147
42.7,0.0020402505,2932.8492969695644
42.8,0.001389043,2814.3005691445887
42.9,0.0018171819,2842.682108693346
43.0,0.0016369902,2296.153547192297
43.1,0.002246119,2162.4981720352653
43.2,0.0022002347,2287.5481049180735
43.3,0.0014387239,2801.6839720450407
43.4,0.0012817876,3472.8511867323955
43.5,0.0018986989,2041.5787961059716
43.6,0.001963475,2207.9919702365664
43.7,0.0035473558,1646.1433531240566
43.8,0.0021235,2613.631442435711
43.9,0.0015685678,3249.454614287981
44.0,0.0018520425,2890.7525789135066
44.1,0.009159701,1721.9655194865886
44.2,0.0018757484,2093.522519886804
44.3,0.0016400275,3068.2155415173893
44.4,0.0020600667,2440.225900692981
44.5,0.008772278,1136.921473795521
44.6,0.0014635116,2885.9496715596933
44.7,0.013204831,964.0098372650323
44.8,0.0032779025,1663.8033892631868
44.9,0.0060626054,1316.2820961124737
45.0,0.0021146666,2016.1336414182535
45.1,0.007017644,1199.805867427008
45.2,0.003126244,1971.546631300555
45.3,0.0014415081,2899.422329654074
45.4,0.002203752,1868.4513116193234
45.5,0.002330329,2911.658437182059
45.6,0.0020007137,3101.4495128890085
45.7,0.002311984,2094.7561064780693
45.8,0.0020717082,2687.6545209647134
45.9,0.0024524285,2331.275986134237
46.0,0.0011685878,3364.6578323757694
46.1,0.0019092577,2813.5693589063208
46.2,0.0027529104,2360.627458250249
46.3,0.0023213648,2319.068519810944
46.4,0.0019126985,2277.7552925316413
46.5,0.0018533191,2512.136360386119
46.6,0.0018600358,2843.8796507239203
46.7,0.0013125184,3258.6065628866977
46.8,0.0018947349,2443.1579413145455
46.9,0.0027483413,2128.2600678744466
47.0,0.0011159332,3236.5829135244585
47.1,0.0018421792,3101.151556707009
47.2,0.0028427828,2047.0604074240628
47.3,0.0023884503,2496.7222354146234
47.4,0.011282895,1290.77439115962
47.5,0.009832779,1208.3785129078626
47.6,0.0022106196,2272.369048312513
47.7,0.0045984513,2829.2561258491633
47.8,0.011901655,811.6382928556357
47.9,0.0052098287,1142.1147556314447
48.0,0.004594275,1439.631521793297
48.1,0.0032495803,1694.232630688105
48.2,0.003068119,1738.417970351186
48.3,0.00195592,4126.861740944513
48.4,0.0017066228,4942.552788580507
48.5,0.0018427883,2865.080626080314
48.6,0.0023108225,1871.9521378119487
48.7,0.0015132861,2794.992323858949
48.8,0.002148844,2237.525515196559
48.9,0.0023183287,2228.609341170129
49.0,0.0023531588,2086.7819157911144
49.1,0.0014255155,2710.532160756813
49.2,0.0036129814,2050.7353913764723
49.3,0.003332745,2302.937814215138
49.4,0.0032943063,1977.6330968398668
49.5,0.0020356497,2390.31270692152
49.6,0.006063946,1165.4668565624552
49.7,0.0037607863,1707.4466415756362
49.8,0.0023191515,2053.9819409208562
49.9,0.0040442827,1083.5543034016073
50.0,0.0022564477,2014.9967605068255
50.1,0.003188989,1696.2119738554122
50.2,0.0039710673,1571.3516139781057
50.3,0.0023849083,2382.4382950522427
50.4,0.0033419,1747.9446937099822
50.5,0.0030104637,2202.583982573003
50.6,0.0021866108,2113.5448733393787
50.7,0.0016741444,2300.3337126119945
50.8,0.010120325,1026.5276551490688
50.9,0.007438348,1173.4111304366124
51.0,0.0021325615,2255.6716202966313
51.1,0.002572694,2047.556454014128
51.2,0.0022291976,2406.203560840183
51.3,0.0014058824,3091.757611131973
51.4,0.0024406142,2209.749411060443
51.5,0.0028433395,1777.7560368429413
51.6,0.002966594,1652.8192346192297
51.7,0.0019726877,2044.7635287331493
51.8,0.0020355158,2038.8510494343882
51.9,0.0037894459,1372.617455253426
52.0,0.0032195838,1436.7276890865205
52.1,0.0029857738,2021.3575348225772
52.2,0.00172176,2343.9547030320186
52.3,0.0035973468,2027.4665591325806
52.4,0.0027427343,2016.1918097377852
52.5,0.0021077842,2145.78985010321
52.6,0.002065687,2092.9662901164647
52.7,0.002273646,2259.7554427947844
52.8,0.0025260702,2327.6840085019758
52.9,0.0021267063,2247.193438004981
53.0,0.002679593,2213.143178176917
53.1,0.0022565383,2137.2187011523883
53.2,0.0027084826,2080.978406926459
53.3,0.002345142,2415.9096475598894
53.4,0.002495133,2286.689067821534
53.5,0.0015340067,2818.4211656921257
53.6,0.001833583,2478.5678160028156
53.7,0.0025510201,2247.3418388925593
53.8,0.002530496,2021.5342547837274
53.9,0.0024572806,1812.1620604493778
54.0,0.0018373359,2749.320288625608
54.1,0.0015777858,2950.327911465365
54.2,0.0017546964,2731.140873751194
54.3,0.00246143,2479.266350775475
54.4,0.0018843643,2863.7296856141693
54.5,0.001922024,2636.519462569549
54.6,0.002456433,2331.157888169102
54.7,0.0020499872,2068.060959728733
54.8,0.0017530214,3076.2752908986713
54.9,0.0021027946,2406.724939811651
55.0,0.001426324,3137.4557062179842
55.1,0.0019508658,2748.8049567085327
55.2,0.0014784909,2735.3989135062875
55.3,0.0019906682,2357.4781422951787
55.4,0.0025441814,2034.25389033292
55.5,0.0017328314,2434.1499750747225
55.6,0.002360216,1788.3164060472725
55.7,0.00198062,2529.4835416443675
55.8,0.002266437,1810.8902568211
55.9,0.002294985,2092.0159613091264
56.0,0.0018322878,2083.041855603142
56.1,0.0021926197,2121.761817114354
56.2,0.0021331995,2415.018503552785
56.3,0.00166709,2928.735520912024
56.4,0.0017107467,2629.975350549195
56.5,0.0017620829,2725.6787621006424
56.6,0.00179193,2061.5376509327916
56.7,0.0015029977,2931.482053791243
56.8,0.02381326,761.8898638933933
56.9,0.017528765,843.5386144285184
57.0,0.021625452,810.6259283990944
57.1,0.016322954,904.3400434073162
57.2,0.019076098,833.3261254453812
57.3,0.0130524915,1000.7290603712171
57.4,0.01095268,1053.3763749579025
57.5,0.009011921,1204.966505912253
57.6,0.0027575926,2001.5563221854754
57.7,0.0015352666,2294.585823082748
57.8,0.0015370154,2750.411749123366
57.9,0.0016243076,2688.5904700274937
58.0,0.014089323,1112.2990262230255
58.1,0.01685981,1179.7457897884237
58.2,0.017059786,1141.6462111618432
58.3,0.0026653963,5629.137432399332
58.4,0.0020436,6085.7093214332135
58.5,0.03277815,1122.933328874481
58.6,0.03259749,1097.9718259551764
58.7,0.035377942,1127.6928741782956
58.8,0.040910155,1173.5246177555389
58.9,0.03894083,1451.2270433553365
59.0,0.021409096,1967.5268341045103
59.1,0.0025218588,2851.4422974900563
59.2,0.0021254637,2117.295088745809
59.3,0.0020000045,2820.5395975143547
59.4,0.00224855,2629.4479493267245
59.5,0.0022623604,2626.001812113314
59.6,0.002150266,2192.2509098748433
59.7,0.0013019287,2581.3183591184165
59.8,0.0015324153,2666.738971145483
59.9,0.0022025094,2075.8342379966607
60.0,0.0011303516,3403.061597937814
60.1,0.0016887963,2681.800257652895
60.2,0.0030823904,2192.3874101268093
60.3,0.001493276,4444.7493507524105
60.4,0.0022733207,5559.66955041583
60.5,0.0041617462,1976.2687544230955
60.6,0.003531211,1735.9596479774345
60.7,0.012634013,1017.9671186261014
60.8,0.0014846672,2849.702629882124
60.9,0.016924711,937.476894640481
61.0,0.011552694,1023.9253613143297
61.1,0.018799342,847.6387392372673
61.2,0.024612622,622.4095410031509
61.3,0.008953694,1278.0161881446957
61.4,0.014436502,866.9376232635457
61.5,0.0016244233,3162.880429858731
61.6,0.009927143,1954.474265688045
61.7,0.004270768,3053.2160995522163
61.8,0.0015144955,3699.682646356223
61.9,0.0048976573,6566.703908988856
62.0,0.025770526,810.6058300403945
62.1,0.03018838,814.4559422747654
62.2,0.021985855,880.7012779644845
62.3,0.023681723,925.9448511162889
62.4,0.018142078,1146.2896688260635
62.5,0.0030760502,1967.0123464859569
62.6,0.0022624074,2009.7262376863014
62.7,0.00170509,3048.6301473500334
62.8,0.0022914174,2127.600499113612
62.9,0.0022252514,2315.4330725588216
63.0,0.0024491707,2187.5574828692734
63.1,0.002160803,2304.887588067041
63.2,0.0020633934,2575.874937362158
63.3,0.0022768364,1850.705239641588
63.4,0.002310264,2388.9198048573235
63.5,0.0018003708,5008.519422331773
63.6,0.0018607302,4476.621177701332
63.7,0.041026242,1205.597999585039
63.8,0.016131558,1178.866115958795
63.9,0.007723285,1406.632171156144
64.0,0.0020770705,2640.579331035269
64.1,0.013206186,1118.5796788217112
64.2,0.0127437,1113.8231682572846
64.3,0.011819809,1171.5384102090384
64.4,0.003606182,1714.1813453228706
64.5,0.022637537,740.795522597652
64.6,0.020898577,888.2291564833765
64.7,0.022061048,860.3335941501023
64.8,0.02227954,897.6477172253042
64.9,0.01674346,1414.5326042233764
65.0,0.017014433,1594.4719549263054
65.1,0.01552636,1614.4997162188747
65.2,0.0024195223,2669.094231220459
65.3,0.002201128,2702.122557501458
65.4,0.013019236,2904.771340984475
65.5,0.02507457,1094.7888134715863
65.6,0.018947866,1120.02728104531
65.7,0.023009239,1015.0349233704869
65.8,0.02473229,849.5023883651367
65.9,0.02204496,858.6657031984194
66.0,0.019442301,974.8191635285765
66.1,0.017146187,977.1842081474827
66.2,0.026498158,899.618304498282
66.3,0.0024996116,2904.982052072425
66.4,0.001959201,2437.467625422086
66.5,0.0022598866,2011.7641502889678
66.6,0.0027263297,2494.7163459645517
66.7,0.0015563846,3171.921507989644
66.8,0.002247024,2240.786236094351
66.9,0.0030522083,2036.4136840916274
67.0,0.00206432,2477.9213189152447
67.1,0.0016812909,2423.305701444114
67.2,0.0020639547,2367.0113662385575
67.3,0.0023715354,3088.089771811639
67.4,0.0016313359,2429.770027128839
67.5,0.0012321088,3842.6921179503493
67.6,0.0021106221,2386.522524665206
67.7,0.002254787,2317.5334619193604
67.8,0.0018273605,2555.5445368121746
67.9,0.002221675,2064.611511895336
68.0,0.001920434,3191.3425242497624
68.1,0.0050005694,1787.7025419858119
68.2,0.022731416,876.986346050656
68.3,0.019095162,705.4945019394961
68.4,0.03691586,576.8058465431168
68.5,0.034154102,855.2958472909538
68.6,0.03427142,691.2318977157632
68.7,0.027436776,893.9169933868781
68.8,0.029006327,898.7238536933475
68.9,0.021782713,1238.490637170611
69.0,0.0018946839,6647.069940619879
69.1,0.031824768,1237.4204763641972
69.2,0.0016409871,3264.13950721518
69.3,0.018162016,1181.891663822425
69.4,0.010069439,1604.6698027021444
69.5,0.013425783,1237.1199737391548
69.6,0.020653341,993.2281617023406
69.7,0.014204062,1286.7352912436888
69.8,0.008322952,1979.0427673584752
69.9,0.0047897096,1593.2337893715064
70.0,0.015650611,969.4845412126103
70.1,0.0022906847,5657.252307860031
70.2,0.029888405,839.0182369436714
70.3,0.0390168,935.2378290684867
70.4,0.0027582184,1962.3653428792452
70.5,0.027783033,988.8525409665513
70.6,0.001612206,2721.6927040919536
70.7,0.020196434,934.0028497790458
70.8,0.018190611,715.8114381997232
70.9,0.015964745,785.6376327974717
71.0,0.009773769,968.6468640051924
71.1,0.008262927,1021.0484058387675
71.2,0.010044144,880.6790355878534
71.3,0.0018621036,2304.076378646428
71.4,0.0013980021,3101.6432976428837
71.5,0.0016803063,2658.4296597704692
71.6,0.0023687608,2435.9631806535303
71.7,0.0021123819,2187.638910702475
71.8,0.0017655094,2706.2304846338775
71.9,0.0018910232,2304.837633915884
72.0,0.0020695373,2318.6458318691657
72.1,0.0016906089,2400.284168077994
72.2,0.0023544491,2153.7371750290713
72.3,0.002420682,2061.5948400288958
72.4,0.002035163,2465.300205215435
72.5,0.001534278,2845.4038534922292
72.6,0.0022373716,2337.825212956986
72.7,0.012065214,875.1523008030726
72.8,0.0073365658,1153.8517129388558
72.9,0.002063295,1974.5966435082246
73.0,0.001340974,2892.0434963868083
73.1,0.0021858013,2653.3821020276846
73.2,0.0018322219,2570.277830347301
73.3,0.0015590998,2789.2570016235322
73.4,0.0013545896,3324.126822624543
73.5,0.0018373185,2774.394876820651
73.6,0.0014508014,2381.829167877484
73.7,0.0014214761,2993.01807301506
73.8,0.0013991079,2952.0753082238543
73.9,0.002858216,2126.7317078028045
74.0,0.0023139894,1894.7797168224697
74.1,0.00956665,988.3881901015492
74.2,0.0024597214,1996.7023749221582
74.3,0.0021263123,2305.575843491912
74.4,0.0023455217,1932.1135125340659
74.5,0.0020620436,2381.409796843451
74.6,0.0019166194,2671.25075099403
74.7,0.0017330721,2776.813802735987
74.8,0.0015689535,2644.535209320139
74.9,0.0019324388,2714.4196795111666
75.0,0.001884102,2145.5924615530757
75.1,0.00211581,2201.8292938112368
75.2,0.0019181127,2330.699704878999
75.3,0.0023587612,2067.4539811497184
75.4,0.0016238826,2324.757730940185
75.5,0.0016154972,2065.952535214462
75.6,0.001909627,2266.697549544093
75.7,0.0021083092,2462.0324405450165
75.8,0.0024897994,1998.6876316602907
75.9,0.0018396146,2795.0606374270637
76.0,0.0021847207,2408.2194189360034
76.1,0.002052907,2165.1529524864336
76.2,0.0013448022,2852.0542249004848
76.3,0.0023590918,2369.6594037993036
76.4,0.0016881032,2646.4851951587534
76.5,0.003447284,1664.3720482522415
76.6,0.0018624646,2283.7158721764367
76.7,0.0019492212,2756.6650330526486
76.8,0.001391243,2829.6281581702733
76.9,0.0029971877,1686.7322443428493
77.0,0.0018022635,2385.756572926105
77.1,0.0015197856,3231.0224886382102
77.2,0.003623266,1554.4834214326997
77.3,0.0025976936,2114.597330896286
77.4,0.0030142283,1721.0164190628225
77.5,0.0031628192,2285.1215877184536
77.6,0.0024145532,2246.8056654027605
77.7,0.0022859941,2467.9965892453665
77.8,0.0024554387,1907.2806511664098
77.9,0.0025038037,2154.6599527712474
78.0,0.0015773973,2766.543360994909
78.1,0.0015846982,2419.0151030314055
78.2,0.0018544418,2701.651205861216
78.3,0.0021245119,1927.775776706042
78.4,0.007370804,1440.7341972822464
78.5,0.022125695,784.3516845806655
78.6,0.035810005,582.899919216338
78.7,0.036977917,604.4946563639458
78.8,0.020762138,703.4059392254086
78.9,0.0032562374,1995.852199749379
79.0,0.0023396877,2403.778845710608
79.1,0.0023083324,2076.9661729162435
79.2,0.0028587694,1690.3377522807014
79.3,0.0022638168,2182.658078184396
79.4,0.002070808,2738.629311712394
79.5,0.0020826405,2843.000320807178
79.6,0.0027528566,2993.2658505940426
79.7,0.015107344,828.8172268273613
79.8,0.016022937,1088.8208162037954
79.9,0.009223003,1127.563851728734
80.0,0.0053209323,1469.891744761651
80.1,0.0032263359,5296.9678694033355
80.2,0.008137545,1492.9298912848487
80.3,0.0048592356,2264.8204371013244
80.4,0.0018211292,2434.6920537225856
80.5,0.002207454,1909.6192483323975
80.6,0.0022686587,2044.1231212464447
80.7,0.0018556337,2210.970670703553
80.8,0.0014086172,2687.662285034186
80.9,0.0025368668,1896.3919438433422
81.0,0.0025118862,1873.5975819066225
81.1,0.0025947292,2251.3715855968535
81.2,0.00371088,1652.9459904153346
81.3,0.0024160065,2104.4101071470177
81.4,0.002391119,1662.4651677438605
81.5,0.00206227,1993.9463679403814
81.6,0.0014922902,2453.74089897539
81.7,0.0031407366,1514.4933404506312
81.8,0.0025491726,2027.2973312719173
81.9,0.0022720576,1968.2766628175264
82.0,0.002173995,2401.1580074574895
82.1,0.0030250894,1946.0148862551262
82.2,0.0024882685,2526.3418128233116
82.3,0.0017187995,2551.311635406094
82.4,0.0020996723,2289.167874364367
82.5,0.0023166032,2371.1748942051117
82.6,0.002438067,2499.9132386374968
82.7,0.0017269519,2456.129678941157
82.8,0.002099266,1935.7518473148793
82.9,0.0029166718,2032.581038201915
83.0,0.002604256,2247.489440197402
83.1,0.0023097692,2340.7725357130576
83.2,0.0027940492,3905.8312568333804
83.3,0.0018690191,7418.547520458429
83.4,0.019241357,1101.5934855813914
83.5,0.01686856,1198.5040144528039
83.6,0.0050307736,1615.7393904690343
83.7,0.030705774,957.9816903726268
83.8,0.012732618,1121.5261118950712
83.9,0.008867548,1043.3671603026103
84.0,0.012999089,1049.0840487016335
84.1,0.010668203,1123.149096008229
84.2,0.001349438,3042.277407789783
84.3,0.019968383,1291.1674252137839
84.4,0.017753825,1132.6862512894563
84.5,0.019029696,913.8299872290592
84.6,0.020534266,778.144938408965
84.7,0.016494233,715.6974631386195
84.8,0.016502425,963.1036847552394
84.9,0.002300309,5769.285012479458
85.0,0.022167701,687.994273295664
85.1,0.0077661136,1995.727947225099
85.2,0.0027810559,3223.1849820015946
85.3,0.008939735,1067.4325536113595
85.4,0.0055819997,1157.6812576737582
85.5,0.004512825,1400.2364866601056
85.6,0.0033745733,1695.052270003913
85.7,0.0022787799,2584.2931700256668
85.8,0.0042150067,4256.746232121984
85.9,0.0251316,795.0842888975101
86.0,0.044702273,624.9724707903152
86.1,0.002679553,5631.337622924777
86.2,0.0018399056,6537.466498342341
86.3,0.0021923634,5520.293505701375
86.4,0.0076111145,1839.4074517943268
86.5,0.0015888828,2553.5707294688455
86.6,0.0017954321,3117.576931375488
86.7,0.009080151,1641.941955129698
86.8,0.0045625074,1575.6009907210996
86.9,0.029929332,757.9472047620711
87.0,0.017953783,846.8382647441146
87.1,0.0021365331,6252.455878326496
87.2,0.010269304,1395.9913369777678
87.3,0.0025739125,1714.8968856048511
87.4,0.0017293523,2569.8316526484177
87.5,0.0020372078,2590.9251599437794
87.6,0.0017114666,2294.169215470937
87.7,0.0013178657,3020.262444787132
87.8,0.0015715061,2822.032272226903
87.9,0.001999311,2515.154624315393
88.0,0.0015477149,3072.1362592190358
88.1,0.0018597137,2209.8642750093077
88.2,0.0013534216,2867.5605431938748
88.3,0.0017228181,2616.8266008222436
88.4,0.0067282356,3158.806072069275
88.5,0.003049939,5551.018931699233
88.6,0.012970258,1418.0634634888863
88.7,0.015864057,1033.3304616503183
88.8,0.0023285702,5162.928730467154
88.9,0.0032503265,5471.551456529853
89.0,0.0017077156,2967.957005468037
89.1,0.013666548,1000.7612143409119
89.2,0.0060398034,2470.9419252033467
89.3,0.0018378495,4841.604254531361
89.4,0.014909819,1120.9478949468962
89.5,0.0070942305,1918.6192150905724
89.6,0.0040475675,1726.0273084817097
89.7,0.011790756,1194.8056694769402
89.8,0.0054796375,1695.543652794605
89.9,0.010928977,1421.6036290448174
90.0,0.014601406,1118.6052980263316
90.1,0.0019812507,6989.55787567122
90.2,0.003444485,3949.4122316457024
90.3,0.014678508,1049.9588805220137
90.4,0.016227018,1023.6795021605953
90.5,0.014858038,1134.6914134850313
90.6,0.0029158257,2342.289560725206
90.7,0.0012676346,3238.416124650996
90.8,0.0013762902,2925.090450074088
90.9,0.0017373317,3310.3291683539346
91.0,0.0017304481,2438.4798741615014
91.1,0.0018618169,2100.715699076428
91.2,0.0028960572,2382.704651439376
91.3,0.0018314184,3116.6395227070825
91.4,0.0018823631,2555.5214390188057
91.5,0.0021967099,2188.1245700593654
91.6,0.0018197466,2048.952639602689
91.7,0.001515886,2597.0292467595505
91.8,0.001841028,2561.9091976246295
91.9,0.00247679,2116.88843450824
92.0,0.0021066382,2000.7614402299332
92.1,0.0020158377,2070.2877431606516
92.2,0.0027116789,2773.390153668998
92.3,0.002341469,2571.5357973242235
92.4,0.0023079014,1971.0975827912662
92.5,0.0013923442,2883.797613799644
92.6,0.0019513505,2347.0114036213768
92.7,0.0015480609,3062.501803867697
92.8,0.010439772,1562.415536120197
92.9,0.011865637,1860.0580127869614
93.0,0.01603692,1488.4823898399277
93.1,0.0027660995,2585.2993204595477
93.2,0.0033438327,2059.818654933504
93.3,0.010755312,1896.1319404129729
93.4,0.0036354472,2703.742746056525
93.5,0.0044055395,3251.5463613526963
93.6,0.0016124482,3297.3677104153226
93.7,0.016833002,1011.8232455089794
93.8,0.0093346145,997.0908913817472
93.9,0.0057782438,1168.154223108683
94.0,0.0020162317,2770.3360915119183
94.1,0.0066533773,1269.240021784496
94.2,0.0049513434,1381.7534046629244
94.3,0.0060767313,1142.8457415526223
94.4,0.003515832,1407.6042477327278
94.5,0.0019190903,2204.2173401306845
94.6,0.0015560739,2572.502399615786
94.7,0.0019175783,2412.5183584952133
94.8,0.0013761239,2579.4453329397275
94.9,0.0013151161,2965.8949819711897
95.0,0.0018752003,2380.3862740754557
95.1,0.0055659683,1373.6109747175005
95.2,0.02272998,1103.3416956050837
95.3,0.003224391,1924.9546678545357
95.4,0.018587869,924.8430737930889
95.5,0.016479949,796.9375381556222
95.6,0.0057275277,1166.9346849909168
95.7,0.0064192456,1296.861013077237
95.8,0.0019781867,5580.298355734778
95.9,0.016796872,952.6678164605436
96.0,0.011680766,1243.1575037084654
96.1,0.011611669,1228.9545991095547
96.2,0.010048483,1083.9872523574722
96.3,0.014044362,895.709382446555
96.4,0.013100553,1151.567747975422
96.5,0.002508434,1920.5157468856803
96.6,0.0023876107,2212.1836472104214
96.7,0.02955315,1030.8483823942104
96.8,0.025733365,1042.9332385594812
96.9,0.022851678,1084.9564224552423
97.0,0.0193521,1172.9780427982885
97.1,0.0033776732,2161.474490926622
97.2,0.001659423,2141.9127939927857
97.3,0.0014465114,2744.881364469478
97.4,0.0013136836,3346.480292065029
97.5,0.0018085198,2785.937603256372
97.6,0.0016331315,2499.7399653233147
97.7,0.0020059233,2163.6700704282584
97.8,0.001613987,3374.897058589894
97.9,0.0022426674,2110.194490875223
98.0,0.0024659953,2164.3449135562932
98.1,0.002507283,2108.7450229067886
98.2,0.0025867934,2172.780511901937
98.3,0.0017422299,2782.7867413571603
98.4,0.0021437278,2257.9310365994625
98.5,0.0018200551,2371.0876775139623
98.6,0.002169413,2506.5761909247044
98.7,0.0016045857,2945.567098002549
98.8,0.0016529515,2395.7801701895833
98.9,0.0025972489,1928.5655000705794
99.0,0.0014890166,2630.3654754668883
99.1,0.001325417,2368.573392079188
99.2,0.0014985821,2730.2334166302912
99.3,0.0022269245,2015.6713874665825
99.4,0.0017078567,2797.0021096815144
99.5,0.0020225742,2158.2107933935504
99.6,0.0021751213,2274.6759116890216
99.7,0.01367637,1039.5874263703558
99.8,0.03129512,746.0250216933698
99.9,0.033442102,765.7100751220582
100.0,0.036918744,761.3625974868974
100.1,0.022270683,949.8784452050178
100.2,0.002921596,2514.6150526956244
100.3,0.0019000119,2794.474923610224
100.4,0.0017827167,2459.9543874504075
100.5,0.0027415256,2276.412161385533
100.6,0.0017927239,2665.86887802675
100.7,0.001898876,2495.2237399533497
100.8,0.0066777403,1410.9577420098772
100.9,0.012208763,1309.6047449618522
101.0,0.01134263,1021.8404203028974
101.1,0.0064304317,1325.17968920196
101.2,0.006915753,1323.7990457824253
101.3,0.010628343,980.9779237127323
101.4,0.014469517,903.4914938686093
101.5,0.0017126347,2818.295097777266
101.6,0.011438152,1389.143178105236
101.7,0.016222078,1027.6021009659025
101.8,0.016870214,1089.334172936885
101.9,0.016638966,999.0799591680593
102.0,0.018054672,1024.3393577271559
102.1,0.01745678,1078.4202674379235
102.2,0.01654879,1097.814731965218
102.3,0.014640723,1279.1303709448728
102.4,0.002997467,2214.437521307449
102.5,0.0011529005,2851.5701029703564
102.6,0.002540904,1856.3226680957605
102.7,0.0014391853,2713.948853199106
102.8,0.0016480911,3022.4503145135027
102.9,0.007937416,1094.7530348301927
103.0,0.011387451,989.3619412415901
103.1,0.0017263188,4098.519339811805
103.2,0.0109833265,1098.333614350528
103.3,0.014058903,1052.6313390286095
103.4,0.010238173,1032.160799902514
103.5,0.010763246,959.8282437184089
103.6,0.00969669,1026.324585179701
103.7,0.007311674,1153.5603863144242
103.8,0.00725038,1229.8913240032355
103.9,0.007024014,1266.6087957611971
104.0,0.0025698168,2121.34504110951
104.1,0.0015951332,2467.162464582543
104.2,0.0031111361,1815.53339574463
104.3,0.0021854118,2312.897740020265
104.4,0.0020311112,2132.6317750717935
104.5,0.0014486266,2658.531246564049
104.6,0.0014173773,2722.0985607951106
104.7,0.0014617238,2843.01863438321
104.8,0.001969328,2720.5351279091515
104.9,0.0022501552,2111.525330119449
105.0,0.0018133356,2841.9061028341803
105.1,0.002004595,2173.663343358399
105.2,0.0013881156,2720.515641989479
105.3,0.0015812535,2406.6316458014753
105.4,0.0022009155,1900.6009200330495
105.5,0.0026186316,2262.3256572125074
105.6,0.003295852,1940.781080446497
105.7,0.0013022264,2498.492976140298
105.8,0.0019127163,2930.19395971649
105.9,0.0026969633,2521.388678037244
106.0,0.001628101,2477.858197668098
106.1,0.0025382962,2403.094271006335
106.2,0.0034785974,1644.9965702126512
106.3,0.0028503381,2169.912411042631
106.4,0.02197913,744.4974808099687
106.5,0.0016433423,2805.7391951727695
106.6,0.0024433353,4404.919244979128
106.7,0.0022083453,2601.873473107563
106.8,0.0020235586,2223.2332482720667
106.9,0.0015786504,2406.5002740493956
107.0,0.002100008,2830.188437854403
107.1,0.0017763998,2460.8495743817048
107.2,0.0022571667,2205.975197229229
107.3,0.0028612465,2857.770238083294
107.4,0.0024381103,2061.767009105374
107.5,0.0018416318,2407.9221681759964
107.6,0.0025604137,2285.5620041316697
107.7,0.0033192048,2164.0957145777156
107.8,0.0019825257,2502.0091365163
107.9,0.0021224285,2777.82809751643
108.0,0.0017129896,2811.4637975833075
108.1,0.0022423759,2521.031878662676
108.2,0.002091828,2106.322488961151
108.3,0.0015682578,2341.534227211859
108.4,0.0026271734,2015.9897573937346
108.5,0.0009774985,2950.3417294261994
108.6,0.0023431205,2127.155538630678
108.7,0.0026544118,1667.4600719595069
108.8,0.002444464,1987.0332115508945
108.9,0.0021766834,2389.5160317843533
109.0,0.0020759045,2842.7930283707356
109.1,0.023330359,995.3483249681261
109.2,0.0034024245,1887.1416002340436
109.3,0.003323158,1718.7781393262967
109.4,0.002979456,1722.3419962216299
109.5,0.0034882762,1607.8292777355452
109.6,0.022362944,673.7505383860025
109.7,0.02712311,788.0867564898467
109.8,0.015554852,757.0180408668996
109.9,0.010154352,851.2705113676509
110.0,0.0073022796,1163.179335224088
110.1,0.011608839,989.0795533192858
110.2,0.017947292,796.53162140005
110.3,0.013725795,912.3051028498148
110.4,0.002401396,1978.23627447951
110.5,0.0027723291,2189.5315728779074
110.6,0.0012441912,4439.723246667399
110.7,0.0035024928,1620.0873102792598
110.8,0.0027500521,1932.742279344268
110.9,0.003451942,1738.9063916087687
111.0,0.0027407485,1765.686320401347
111.1,0.0020411154,2363.853004198603
111.2,0.0030863676,1770.4728131287127
111.3,0.0034795234,2046.7329189108484
111.4,0.002676668,1791.4216718003713
111.5,0.002833719,1974.561849061237
111.6,0.009798974,1065.2644390590222
111.7,0.020999253,899.34026282772
111.8,0.015265523,747.2107774386138
111.9,0.003957909,2224.943364392166
112.0,0.0034917607,3093.0745777770276
112.1,0.00688366,1419.1746752221234
112.2,0.0035169588,1850.3295339560495
112.3,0.0036017294,2224.8778539304226
112.4,0.003026259,2122.330601058714
112.5,0.0023783848,1851.8849154092827
112.6,0.0022924878,2211.5228633956467
112.7,0.0025736652,2232.8192704850203
112.8,0.0022514206,2322.8464789547943
112.9,0.0028190943,2150.182267839952
113.0,0.0019305472,2838.0618101124783
113.1,0.0023353577,3372.428064533715
113.2,0.0032210671,2235.131121421723
113.3,0.0023821082,2405.2137275087875
113.4,0.0020969189,2457.9209053479117
113.5,0.00161752,2522.5929768813594
113.6,0.001307212,3083.5128954658376
113.7,0.002162957,2642.071901924972
113.8,0.0013663378,3449.762055381001
113.9,0.0024241395,2393.873032403164
114.0,0.0021827342,2454.0811778923908
114.1,0.0024246294,2003.862426339417
114.2,0.0019138516,2910.9833465738075
114.3,0.002282588,2069.0641781615823
114.4,0.0012625863,3139.505477517453
114.5,0.0018781809,2680.673826663179
114.6,0.0017658862,2939.3626965200283
114.7,0.0016383369,2802.2818816744425
114.8,0.0018547374,3430.945531756223
114.9,0.009441709,1367.2573525244536
115.0,0.010297461,1210.400732059975
115.1,0.015436194,1129.416247659825
115.2,0.018313901,739.5785283139089
115.3,0.009015018,1247.4467277807194
115.4,0.01227632,1191.8961666620849
115.5,0.01547283,1114.1526010811926
115.6,0.0026979565,1735.3207576778047
115.7,0.010696945,1010.766166872922
115.8,0.0021307506,7338.2218794191085
115.9,0.013719139,1030.971788781585
116.0,0.028173583,1083.2596248997875
116.1,0.01564168,1141.251222237395
116.2,0.01807351,948.6549610987528
116.3,0.0052527315,1273.8453596759084
116.4,0.002593073,5751.92764923226
116.5,0.0022305,3899.188201358371
116.6,0.008581597,1313.2348816821207
116.7,0.011721816,1040.490357325583
116.8,0.002063047,2791.620988464203
116.9,0.008672478,1160.6855981993112
117.0,0.0014716319,3105.2039500789374
117.1,0.0023351817,2247.293273322647
117.2,0.01010174,1232.3529447512506
117.3,0.0053958204,1333.4615268101838
117.4,0.003108243,1882.2023856963065
117.5,0.0036674996,1653.6574310151268
117.6,0.012344075,855.523189991656
117.7,0.025450964,938.2011432850992
117.8,0.01571788,1031.607990859888
117.9,0.01584791,764.0580410163356
118.0,0.0029332582,3034.528895487778
118.1,0.0022504053,4800.958761677915
118.2,0.008123931,1149.7642431368681
118.3,0.008620024,1172.0816170575858
118.4,0.0031719292,1854.8586802501904
118.5,0.0107940445,1081.874317841551
118.6,0.0061525893,1388.3850672485955
118.7,0.0040433616,1504.7274975291884
118.8,0.006285232,1131.808895294487
118.9,0.0023381414,2321.645320843345
119.0,0.0064515155,2067.786513870353
119.1,0.017037416,985.2782053147315
119.2,0.018844191,847.1195758316562
119.3,0.020962728,892.275763706822
119.4,0.012562603,1032.4422662672923
119.5,0.0013402347,2428.0682261579755
119.6,0.0074914405,1035.2247433794766
119.7,0.005794807,1334.149859835261
119.8,0.0067657246,1323.443249439741
119.9,0.010849546,1016.6505309389038
120.0,0.006142418,1592.7749200345893
120.1,0.0046796324,1598.4095681864403
120.2,0.0018492879,2188.0479490946027
120.3,0.0013359438,3155.5223612209106
120.4,0.0014220342,3918.6814783635027
120.5,0.001609917,2603.1804803321934
120.6,0.0017628464,2294.271185850448
120.7,0.0015470835,3109.3612110597774
120.8,0.002116675,2149.866579707634
120.9,0.0019911125,2425.9187180095837
121.0,0.001507471,2299.9723165714663
121.1,0.001922458,2250.206910399278
121.2,0.0018258743,2196.265129414048
121.3,0.0015857316,2616.134265200003
121.4,0.0014536865,2997.657916524712
121.5,0.001878217,2319.203276010839
121.6,0.0133610265,758.3768114488904
121.7,0.020380167,768.1362834024825
121.8,0.019928163,762.9762527689516
121.9,0.019173369,773.0263043292869
122.0,0.014345056,832.2026677826191
122.1,0.018453833,685.3415839534379
122.2,0.00423023,1475.6819305499712
122.3,0.0026935956,1680.7661651802182
122.4,0.0037844416,1664.362271101627
122.5,0.0017338713,2650.7858501094433
122.6,0.001900859,2533.630003731279
122.7,0.0022631215,2031.587664795886
122.8,0.00228315,2150.6097693218785
122.9,0.0022565783,2410.2437440682074
123.0,0.0022821433,2349.87770170704
123.1,0.001847116,2067.994870550912
123.2,0.0019977859,2886.2831199702723
123.3,0.0030046306,1735.4216621183518
123.4,0.020912424,912.7980113497188
123.5,0.00703719,1308.026583833413
123.6,0.0028764547,1772.4949425265117
123.7,0.0014149552,3132.76278386159
123.8,0.0021272493,2481.764896999099
123.9,0.002555477,2088.380111117669
124.0,0.0013542663,2965.5632075207163
124.1,0.0023189439,4083.4462845828057
124.2,0.0030750684,3676.8102825514934
124.3,0.0026601432,3139.623729296627
124.4,0.0018152642,3790.716740335355
124.5,0.0014233799,3450.6504174089514
124.6,0.0018257523,3003.2804863218203
124.7,0.002162989,2072.0382727620113
124.8,0.0017096116,2432.089825474044
124.9,0.013856172,828.5075334223393
125.0,0.014117202,922.9652243593191
125.1,0.0024727646,4394.988963918394
125.2,0.002706568,2369.015916211204
125.3,0.009621264,922.2418040159993
125.4,0.007304907,1245.1265482571348
125.5,0.0051451423,1199.7615061578354
125.6,0.002507211,1926.530389803457
125.7,0.004255313,1451.487511833941
125.8,0.0024538725,2015.4850820772053
125.9,0.003455468,1560.8880612966586
126.0,0.0024330318,1789.6171399707123
126.1,0.0027865204,2089.1390664111605
126.2,0.0026142495,2141.840863476592
126.3,0.0031268285,1656.951094891099
126.4,0.001681966,2607.018289073274
126.5,0.0012180015,3654.5096175948756
126.6,0.0019675863,2935.3352224157516
126.7,0.0023675938,1938.4256537448614
126.8,0.0017980026,2627.518534965475
126.9,0.0018713209,2184.6723323789165
127.0,0.0015539108,2406.9182542653707
127.1,0.0018971254,2232.9904282308844
127.2,0.0016149924,2480.643949266394
127.3,0.0018542253,2344.2928273209914
127.4,0.00185935,2367.1007457142287
127.5,0.0017108502,3112.5696103170776
127.6,0.00231031,2132.7707845449095
127.7,0.0033989018,1747.7802634617915
127.8,0.002788559,1898.8394437514237
127.9,0.0021280304,2194.7817526225676
128.0,0.0021461295,2404.0673294877524
128.1,0.0016484177,2774.285489855714
128.2,0.0028661254,1856.5418678511687
128.3,0.0020845984,2524.318045399035
128.4,0.0016715146,2873.3444310527716
128.5,0.0022504271,2402.4972975642795
128.6,0.0016796464,2686.133742890288
128.7,0.0011459108,3935.975424245697
128.8,0.0018194384,2687.9993799218164
128.9,0.0025837133,1934.6031723348283
129.0,0.0013090399,3476.7889460070905
129.1,0.0019597185,2584.042515126185
129.2,0.0028001827,2826.1798033314826
129.3,0.0020894846,2343.861550056541
129.4,0.0018411172,2656.345658615336
129.5,0.0018156484,2495.1242579874415
129.6,0.002167996,1944.2100304776916
129.7,0.0029560633,1649.8642168115757
129.8,0.007576351,1065.0760531027793
129.9,0.034270354,1080.6808229521066
130.0,0.0040262984,1710.958410517062
130.1,0.013006275,891.7627098942038
130.2,0.0034667177,1745.6344319828859
130.3,0.0019489474,6289.707965515674
130.4,0.0019905502,5812.762169906339
130.5,0.00221619,4647.44783422568
130.6,0.0022487734,2879.469374672459
130.7,0.0016150277,3028.428754736815
130.8,0.0013484489,3206.532924132617
130.9,0.0022713786,2932.4406492066323
131.0,0.0018324929,2221.0428152667846
131.1,0.0023133394,1972.743087753928
131.2,0.0025685753,2443.0974581339697
131.3,0.0017968221,2378.7832710340026
131.4,0.0016871784,2450.533727052665
131.5,0.0019156338,2947.0149548062777
131.6,0.0019381765,2580.949491388744
131.7,0.0017651775,2290.22111402864
131.8,0.0021424112,2247.174261380863
131.9,0.0019216196,2742.8656259596455
132.0,0.0015607621,2715.429420317804
132.1,0.0024145555,2189.5385443058944
132.2,0.0026911881,2184.6130748483647
132.3,0.0021024956,2309.4503496526286
132.4,0.0016355228,2222.6161326067986
132.5,0.0013725952,2947.400340858927
132.6,0.0019679351,2477.0401663032226
132.7,0.0017947674,2394.515464634981
132.8,0.0017848784,2895.388764468851
132.9,0.0017630758,2398.0249370823294
133.0,0.0014098039,5013.937513888643
133.1,0.019390285,809.4025793541837
133.2,0.026836006,801.9281716040838
133.3,0.019149667,947.9302065911353
133.4,0.019114982,1141.089887560444
133.5,0.026914991,1064.6407802399622
133.6,0.021932172,795.5843998206193
133.7,0.019720905,967.0298754555029
133.8,0.016929954,1009.8136768847314
133.9,0.019378077,840.0085846830797
134.0,0.009795812,988.0781905535256
134.1,0.002479446,1822.598885337438
134.2,0.0020040337,2482.3311620024883
134.3,0.0019161606,2342.0790544557285
134.4,0.0020715008,1814.9029213108925
134.5,0.0026586517,1828.7366365178705
134.6,0.0018740182,2611.183336918046
134.7,0.0023211068,1921.1971206706266
134.8,0.0013733167,2932.369047099186
134.9,0.0021662225,2580.0222361061387
135.0,0.016539218,956.263822705587
135.1,0.026988167,750.9394296791049
135.2,0.01944372,851.1186013218337
135.3,0.0018882446,2757.7830622637694
135.4,0.012177816,1733.0973983177705
135.5,0.0073802564,4747.277273403441
135.6,0.033408847,869.0366570744161
135.7,0.028682014,753.3144966606961
135.8,0.0028633184,2741.8311569972147
135.9,0.015382613,854.9009929335884
136.0,0.0185488,985.4946131552657
136.1,0.0014940948,2578.541514174388
136.2,0.013163765,917.4123802808367
136.3,0.013766076,833.1947540524266
136.4,0.009918879,927.8894250770625
136.5,0.009172161,1027.4156501845964
136.6,0.0054963147,1077.023735378737
136.7,0.004802396,1274.8056386544454
136.8,0.0023481792,1906.1216007549647
136.9,0.002843228,1857.03958094685
137.0,0.002295155,2281.736478384012
137.1,0.0026270212,2042.0787890729316
137.2,0.0024031585,1741.7296279653697
137.3,0.0019326443,2038.7502286667498
137.4,0.0014659053,2768.004843603208
137.5,0.0016961326,2597.7700590787836
137.6,0.0015574461,2844.54562204217
137.7,0.0021882248,1786.625173717976
137.8,0.0019504033,2534.9964812544245
137.9,0.015916001,742.7298795276362
138.0,0.007936288,1344.3619596656386
138.1,0.021369616,922.6548639719425
138.2,0.022510462,864.8757258851797
138.3,0.03404877,877.1030294473876
138.4,0.026760794,794.055895578806
138.5,0.022059277,969.4722864222518
138.6,0.031629834,840.1209760993122
138.7,0.020921916,928.3764945135711
138.8,0.0020711883,2337.122046038001
138.9,0.020035086,907.5466198752035
139.0,0.010317921,983.281804533584
139.1,0.00748724,1193.4027301618091
139.2,0.026155753,756.7446559314392
139.3,0.023839306,869.2689000728446
139.4,0.0032471146,1847.3191179271316
139.5,0.007702224,1147.1021713745558
139.6,0.0034914492,2295.9184616003868
139.7,0.002330045,2380.035548020995
139.8,0.0059717223,1274.9074579093608
139.9,0.0053320993,1520.3712528081203
140.0,0.0055899075,1286.6320824962897
140.1,0.0018060711,2280.3987919683223
140.2,0.0022457903,1964.8640747516934
140.3,0.0021634658,2030.7661797728506
140.4,0.002641363,1970.0682301614502
140.5,0.0019223754,3159.7528686857004
140.6,0.002496705,2093.3001847731025
140.7,0.0019119367,2562.452045682697
140.8,0.0018881365,2214.0523941069505
140.9,0.002960033,1898.2389465014826
141.0,0.0021125933,2528.403332443517
141.1,0.013013563,830.8009734589311
141.2,0.0059251636,1787.1657706805574
141.3,0.018335437,654.536669056112
141.4,0.0027654604,1797.0744119033702
141.5,0.0050205695,1199.8974488395468
141.6,0.003267492,1686.2504123963688
141.7,0.0036034272,1562.898710824843
141.8,0.0024784766,2199.979596799977
141.9,0.0024614783,2000.1256701805587
142.0,0.0020875018,2335.8289357470594
142.1,0.0016580316,2454.725121606103
142.2,0.0023695116,1968.0251405134968
142.3,0.0017945797,3023.8400929373556
142.4,0.003954798,2538.2584484433296
142.5,0.0023521709,2917.5687687077952
142.6,0.002082865,2250.028486783788
142.7,0.0017126224,3667.750377026515
142.8,0.002838241,1887.2014522249963
142.9,0.0039547496,1504.112497296065
143.0,0.0028245007,2483.4537847369306
143.1,0.0021744198,2328.6323376913597
143.2,0.0028297575,2104.874305523246
143.3,0.0021461728,2404.8032515271984
143.4,0.0018467328,2953.3221432802393
143.5,0.010789955,964.2512396444384
143.6,0.015888397,845.2348747573994
143.7,0.018125655,737.6800171638669
143.8,0.014989035,803.0580926966006
143.9,0.013981036,829.5077738221926
144.0,0.01564602,783.837648049742
144.1,0.016036157,826.432793494309
144.2,0.028150063,682.7589014305917
144.3,0.015644455,966.7044405114077
144.4,0.013375989,1109.879498436465
144.5,0.0018857184,3291.5094339815737
144.6,0.0028369657,2597.2062259643244
144.7,0.00207431,3241.9876392943597
144.8,0.0019788824,2913.7867742246185
144.9,0.003056457,2243.5842386940762
145.0,0.002178179,2959.4178144033663
145.1,0.0022090352,2429.096339513178
145.2,0.0028924479,1795.5097472190255
145.3,0.0031273423,2034.1598713744027
145.4,0.0022831336,2069.391419371925
145.5,0.0014505469,2827.073842411707
145.6,0.019686202,730.971640725093
145.7,0.03705242,697.2001187088752
145.8,0.01845625,1150.7581491911587
145.9,0.024023853,769.0990214781218
146.0,0.0073909177,1589.481233514187
146.1,0.018632289,934.8881076392602
146.2,0.0022259285,2432.7435860212354
146.3,0.021487558,942.9766329420813
146.4,0.020561302,896.3527636566678
146.5,0.0020613277,2458.472553837504
146.6,0.009852497,1252.2098562669992
146.7,0.008352095,1033.8936114109424
146.8,0.0058213407,1153.9682180304674
146.9,0.008455039,944.2178347966515
147.0,0.020661335,988.5489524816372
147.1,0.017402954,1037.7287907949597
147.2,0.01778589,911.063842434677
147.3,0.020743351,861.669066916118
147.4,0.007562751,960.1594631216415
147.5,0.001962073,2317.836859436369
147.6,0.0016880428,2256.4161355171136
147.7,0.0022051279,2060.917284827436
147.8,0.0021196022,2245.492697553502
147.9,0.003058584,1842.445844832085
148.0,0.00740017,1016.1926900141846
148.1,0.013300507,894.1663564872017
148.2,0.003943079,1427.059316111837
148.3,0.0026839308,3973.2807784819643
148.4,0.0044749733,1486.3472652324463
148.5,0.009355145,1128.8191012464974
148.6,0.0014984214,3176.324779891036
148.7,0.0016165102,3790.11305968554
148.8,0.0016963823,2556.563971489297
148.9,0.0019828652,2983.1701141419844
149.0,0.0017709194,2651.7097735158013
149.1,0.0021681148,2542.2790628107477
149.2,0.0015752853,3228.432304003007
149.3,0.0016840756,3093.4571519916926
149.4,0.0023051286,2398.549659185932
149.5,0.001765741,2415.2965226917117
149.6,0.0016879633,2639.0134438535993
149.7,0.001832381,2862.1071967918397
149.8,0.0017942274,2730.650238598294
149.9,0.0036665488,2760.7263538141992
150.0,0.0077969553,1132.2150758316623
150.1,0.007269008,1220.6696298693637
150.2,0.008455738,1176.4320511204414
150.3,0.009237824,1123.530452071929
150.4,0.009268541,1034.9311755065323
150.5,0.017475387,739.7029491706954
150.6,0.014725825,979.677966417249
150.7,0.0072856806,1132.6598502457691
150.8,0.0077288942,1121.265345550402
150.9,0.007346316,1099.7553554495223
151.0,0.005966307,1182.7213404957622
151.1,0.0047702696,1305.5516168775662
151.2,0.0019169255,2311.465473722116
151.3,0.002361862,1932.7462206138612
151.4,0.0064307204,1030.7416514412491
151.5,0.0038664648,1381.3323657425851
151.6,0.002191066,4274.470921324419
151.7,0.009053267,1007.2150279315268
151.8,0.008206655,933.9355130488301
151.9,0.001295099,2677.4130969258927
152.0,0.0022479163,2299.1740932513308
152.1,0.0014415918,2776.415189166256
152.2,0.0029648163,2136.7977054496946
152.3,0.0010935663,3188.733830749975
152.4,0.0016704085,2997.2427596668554
152.5,0.0021471388,3665.4954400096076
152.6,0.0022422934,1963.567775064714
152.7,0.001514418,2967.128436630571
152.8,0.0017564209,2889.4326717565164
152.9,0.0023488924,2517.598218950281
153.0,0.0015284719,2742.9688803112813
153.1,0.0021730734,2341.2245638482786
153.2,0.0024454293,1918.612403560438
153.3,0.0022426683,2150.071145066522
153.4,0.0020776286,2787.3760138102384
153.5,0.0027551684,1864.5005796553935
153.6,0.0021713055,2694.0546516817712
153.7,0.0018868247,2711.4046980986473
153.8,0.001590507,3661.1810773696966
153.9,0.0020118675,2379.64875045666
154.0,0.0016984871,2383.970943783062
154.1,0.001483388,2893.536984976791
154.2,0.0014678292,2440.489280357294
154.3,0.0021148145,2997.589428462206
154.4,0.0021809388,2415.6816861496513
154.5,0.0019862892,2189.1043691974874
154.6,0.0019151032,2108.9069872484597
154.7,0.043960057,694.9607363444179
154.8,0.01758026,950.1074192672911
154.9,0.028973937,1040.5972282341859
155.0,0.0024770782,2049.156139312572
155.1,0.0023982604,3609.3497499591094
155.2,0.014745245,877.3266861786001
155.3,0.01655649,902.1451377990704
155.4,0.0029058063,2051.0169477517475
155.5,0.002409769,3093.4167245604767
155.6,0.027995149,773.4373135418338
155.7,0.01919041,825.1843486084756
155.8,0.021321468,718.376191804266
155.9,0.012116491,1061.2361584162375
156.0,0.00730465,1123.1168404614796
156.1,0.0023082418,3860.765071135944
156.2,0.0039162543,4250.6105666694775
156.3,0.003931852,1445.7821410212314
156.4,0.0018746364,3062.4905035495863
156.5,0.00399365,1157.3700531759387
156.6,0.0038513266,1676.054955383041
156.7,0.015982004,949.2137772442181
156.8,0.018953064,954.9928849956664
156.9,0.018821962,1013.4371726666664
157.0,0.020436296,1000.2463391109713
157.1,0.017837463,896.6913456293471
157.2,0.0012830807,3134.40379641092
157.3,0.0016813438,2472.4171936868443
157.4,0.0025739311,2448.872434554964
157.5,0.0021963553,2651.9761474789334
157.6,0.002010549,4022.569381189847
157.7,0.0026618287,4701.825606020776
157.8,0.034401134,693.9805611320826
157.9,0.025220018,752.0283018844332
158.0,0.002230472,1975.124315769513
158.1,0.0028614523,1973.599206492544
158.2,0.0067912512,1276.8698907987891
158.3,0.0052515697,1508.3432338819248
158.4,0.002154898,2474.7800448819426
158.5,0.0013194754,2750.1156838876677
158.6,0.0018944845,2175.1365048686184
158.7,0.0022701074,2353.90132249217
158.8,0.0017585634,2759.1428504479227
158.9,0.0025241247,1758.448288516261
159.0,0.0017195523,2649.9855570532563
159.1,0.0015591293,2560.1594732565773
159.2,0.0018068051,2506.3911646555607
159.3,0.002370675,2347.5232324640774
159.4,0.0100729,900.1755943104647
159.5,0.001440135,2568.9969898626614
159.6,0.027082963,925.9469726917721
159.7,0.0030967116,1994.930930286188
159.8,0.0074309534,1067.342074839778
159.9,0.0066068335,1155.032816310218
160.0,0.0026520677,1974.7528364524724
160.1,0.0018709018,2202.8711755656436
160.2,0.0026453147,1826.99452924032
160.3,0.0018128152,2554.44081695061
160.4,0.0023393892,2247.051761379723
160.5,0.001427022,2975.571234682874
160.6,0.0015987973,2526.729833849501
160.7,0.0013144321,2753.6511893931674
160.8,0.0015121511,2355.239889428716
160.9,0.0025404121,2250.5157371233436
161.0,0.0017491828,2220.8902193191093
161.1,0.0020864226,2864.6384494587132
161.2,0.0017634154,2618.411995438386
161.3,0.0017970803,2675.1821075731677
161.4,0.0018493704,2408.685278138897
161.5,0.00432393,1491.1853539808676
161.6,0.0037869778,1479.9143653726928
161.7,0.005088109,1528.438597103353
161.8,0.0018772081,6247.985165526259
161.9,0.0052140676,2025.7682760518778
162.0,0.0024957333,1997.5544230493688
162.1,0.0023593612,2200.846646163228
162.2,0.0013301166,3061.8005735111046
162.3,0.002074454,1743.7260820933602
162.4,0.0020993007,2062.227367365873
162.5,0.0020456896,2484.6691060740013
162.6,0.0015023326,2983.0778510772548
162.7,0.0018926379,3223.025217038341
162.8,0.0016870769,3404.342956773256
162.9,0.0019478076,2052.6126078109355
163.0,0.0015178836,2400.1137062756507
163.1,0.0017520732,2731.528397632701
163.2,0.002178659,2405.3941693524303
163.3,0.0015806744,2660.982772853103
163.4,0.0017097235,3118.36030762678
163.5,0.001581069,2838.145531133783
163.6,0.002441743,2089.2524647624828
163.7,0.0026719111,2615.44612067852
163.8,0.0019521859,2191.0192674679865
163.9,0.0013658103,2909.11363517381
164.0,0.0015326481,2653.0030227271372
164.1,0.0021596707,2695.309406755134
164.2,0.0019648264,2762.6947309532743
164.3,0.0022169119,2368.6058090110578
164.4,0.0015514174,2644.5618594165035
164.5,0.0020533907,2474.2649632573475
164.6,0.0018873181,2633.171655255044
164.7,0.0019248103,2883.7427272771056
164.8,0.0016936224,3288.04344247461
164.9,0.0018006599,2649.328550046377
165.0,0.0022279797,2555.0395244629344
165.1,0.0021252353,2314.8391638242247
165.2,0.0019084915,2166.720086658657
165.3,0.0023324583,2134.7202222138967
165.4,0.001814798,2930.674745772386
165.5,0.0011534074,3339.2197798767074
165.6,0.0018355543,2321.692329857903
165.7,0.00237393,2046.4581500832537
165.8,0.0013605803,2804.4276162408864
165.9,0.002415967,2443.4550833070025
166.0,0.001500984,2729.364319702043
166.1,0.0018166613,2541.1922762915433
166.2,0.002261892,2296.75319343062
166.3,0.0022940014,2152.6367366744985
166.4,0.002067259,1953.2981715128344
166.5,0.01883768,902.7844971729198
166.6,0.003186501,5058.431785030194
166.7,0.01607806,752.5010398775737
166.8,0.013422843,894.1736239871768
166.9,0.023078483,845.9802697910561
167.0,0.015079759,881.0442294120157
167.1,0.002868889,2000.7589265523097
167.2,0.005314149,1214.7420263716135
167.3,0.008488599,943.7150642389689
167.4,0.0024791427,1633.1011043748376
167.5,0.017331483,965.7424689841876
167.6,0.012512871,877.3649574199443
167.7,0.008575593,1109.0665407415452
167.8,0.008625599,944.0002472490825
167.9,0.0016326869,2197.1732316232037
168.0,0.009742135,893.9379545479147
168.1,0.008208588,922.0018382863041
168.2,0.00908,823.4936343964403
168.3,0.004606898,1183.5770203587438
168.4,0.0027125638,1709.5300674065434
168.5,0.0018607168,2476.7676010290425
168.6,0.0021896,2048.6925974867845
168.7,0.002891729,1523.3274639124838
168.8,0.0022642692,2215.5955843075044
168.9,0.0037461892,1716.9816254806528
169.0,0.00380468,1692.929580674388
169.1,0.002740795,2110.21150755273
169.2,0.0032726738,1877.4466435848556
169.3,0.019881219,754.7658131310332
169.4,0.002327282,2118.165096446454
169.5,0.009928145,1387.2419054550278
169.6,0.018620407,766.6851860840343
169.7,0.014745478,856.4750785085452
169.8,0.014898758,815.893432951128
169.9,0.0032538879,1675.2023062248184
170.0,0.006695083,1555.25705675662
170.1,0.005471788,1608.997558994128
170.2,0.0036710817,1791.819862982628
170.3,0.0031573684,1551.4728456621888
170.4,0.0069268798,1012.908611975739
170.5,0.0048004636,1279.9660365127747
170.6,0.004340007,1421.8676502483038
170.7,0.0039828103,1383.487558566955
170.8,0.0024630814,1794.6140415095188
170.9,0.0039582406,1718.5460111104903
171.0,0.0024651964,2129.9820671460434
171.1,0.0033024815,1610.4308094671894
171.2,0.00437444,1407.0545029235327
171.3,0.0112845,934.8246911476288
171.4,0.0021156624,4312.148297240082
171.5,0.001953263,3861.3532416788703
171.6,0.016206885,1050.9505610687368
171.7,0.013102171,843.8729331836355
171.8,0.0050168573,1288.3954045878472
171.9,0.0042370395,1406.7844261985483
172.0,0.0053657917,1345.615081163828
172.1,0.0035293752,1722.9973254116953
172.2,0.0030591653,1821.1935555996631
172.3,0.0024515975,2110.7484232326997
172.4,0.0021134233,2129.4586079142055
172.5,0.0021442955,2596.5916487405457
172.6,0.0023492211,1990.1297294887001
172.7,0.0029733323,1874.866413218747
172.8,0.003348071,2380.8367144890212
172.9,0.0025893345,1973.2624462672225
173.0,0.0017749224,2143.649240153497
173.1,0.0017337889,2978.3161459632424
173.2,0.0032623794,1790.2290638947454
173.3,0.0030095591,2563.7331955467707
173.4,0.0024567356,2000.6461589835817
173.5,0.0018875708,2157.5964033696164
173.6,0.002882612,3008.5111261232814
173.7,0.0015191138,3171.8114946926867
173.8,0.0020243041,2251.9271800077263
173.9,0.0021601208,2512.053585417757
174.0,0.0018218715,2541.1626096138634
174.1,0.0020446118,2644.5066175965267
174.2,0.002299901,1960.352747297577
174.3,0.0024248054,2368.3830074974003
174.4,0.0021515833,2443.566105189447
174.5,0.0018520291,2531.296225660782
174.6,0.0018176195,2455.9359568916757
174.7,0.002321809,2164.149672816366
174.8,0.00161514,2720.712851369868
174.9,0.002748683,2144.4645870271943
175.0,0.0019823096,2423.28867784699
175.1,0.0022828758,2489.687515356074
175.2,0.0028827088,2054.1239787665227
175.3,0.0021178115,6302.219809404434
175.4,0.013220622,1119.4249256002777
175.5,0.025425103,1073.3821379307446
175.6,0.014942843,1807.360418666386
175.7,0.025278414,853.7848667543799
175.8,0.033350054,808.7629691040386
175.9,0.015161863,1345.1242092399104
176.0,0.0025272944,7441.264814727067
176.1,0.018596362,1269.4545950333395
176.2,0.024026064,829.5696874198786
176.3,0.028019438,1106.7652029190347
176.4,0.001756664,7857.471578123888
176.5,0.013484158,868.2828440998511
176.6,0.008251011,994.6863241319929
176.7,0.0030773345,1785.4042406218368
176.8,0.004834195,1602.2897001408173
176.9,0.0022559834,2596.0572176509445
177.0,0.0031184333,1896.9875187472915
177.1,0.0033039998,1796.9004658760655
177.2,0.003309195,1649.981156457468
177.3,0.0022400832,2167.473502599545
177.4,0.0016298285,3068.149917958568
177.5,0.0019053502,2300.1938536284106
177.6,0.0019457043,2371.3050097685764
177.7,0.0022577844,1876.7884175477504
177.8,0.001716047,2799.528681217055
177.9,0.0013605205,2778.75443445145
178.0,0.0019311786,3445.884055411426
178.1,0.001886166,2343.1400465514616
178.2,0.0018540904,3179.7575601095077
178.3,0.0014389994,3760.318492832823
178.4,0.0018011447,3373.0113539600097
178.5,0.0019864207,2524.559713928511
178.6,0.0015991983,2839.935726892488
178.7,0.001702823,3384.274378847259
178.8,0.0016825094,3332.8682697173945
178.9,0.0026468174,2352.472642806127
179.0,0.001054907,3240.095218187868
179.1,0.01285829,877.8384801087186
179.2,0.011342925,868.4422203358278
179.3,0.010072678,960.4482680956598
179.4,0.013100653,907.6115023175238
179.5,0.013379472,886.8129137912013
179.6,0.01463911,774.4935624750209
179.7,0.0063520633,1204.768520614806
179.8,0.0013902928,2864.757035156668
179.9,0.0026923325,2544.098050567033
180.0,0.013408427,861.0686200505082
180.1,0.0018899108,2368.1579038140726
180.2,0.0018152011,2304.8789378782385
180.3,0.0015824309,3419.295350805648
180.4,0.001634777,2678.138233099965
180.5,0.0021291522,2769.2342546515647
180.6,0.001643425,3334.630321943614
180.7,0.0020600655,2001.7075296046587
180.8,0.0017848696,3622.0142022683676
180.9,0.0016110636,2623.375536692258
181.0,0.0014639929,3171.5335193226206
181.1,0.0020435846,2528.7059826275245
181.2,0.0025535398,2341.9766675713126
181.3,0.0022989453,2402.020496246657
181.4,0.0018110485,2254.7766317580235
181.5,0.0018590798,2735.4889876762772
181.6,0.0022409554,2090.7269704305486
181.7,0.0015582273,2810.358292084825
181.8,0.0022429854,2538.685668201097
181.9,0.0015393269,2903.8875416144306
182.0,0.0027307332,2072.4572165384443
182.1,0.001153257,3193.882394355036
182.2,0.0017123107,3020.4895506280145
182.3,0.0012835115,2753.9693424264087
182.4,0.0021610924,2270.344395624443
182.5,0.0013143081,3132.9709123598877
182.6,0.0018911232,3075.5762321090215
182.7,0.033394355,984.7479495777819
182.8,0.0020070202,2033.3103481675716
182.9,0.0018952376,2731.6670337113287
183.0,0.0014526088,2927.599299455849
183.1,0.002415578,1972.0540039781868
183.2,0.0022850542,2217.8136688665345
183.3,0.002444696,1960.2097697708364
183.4,0.0014107699,3375.8768514215517
183.5,0.0014870754,2753.3855662068518
183.6,0.0016503314,3002.4577584246563
183.7,0.0027840955,2087.9191531581805
183.8,0.02212405,923.2233650618808
183.9,0.0021767453,6850.911215810832
184.0,0.010355338,1121.6293763301833
184.1,0.008516143,997.9291381008934
184.2,0.003309261,1858.7631154169273
184.3,0.018883754,896.7363017024486
184.4,0.017635312,932.3182320091216
184.5,0.001918653,6029.91434905855
184.6,0.016978938,993.8966069388897
184.7,0.020609977,730.5516964530705
184.8,0.00985958,995.3184670799162
184.9,0.002622816,2030.4872279436308
185.0,0.016186088,917.9252822978547
185.1,0.026678843,714.0054201287364
185.2,0.0018493738,6288.553298450481
185.3,0.015625525,1021.4106786960003
185.4,0.0038456437,1421.6897064164586
185.5,0.01774474,956.7317720942327
185.6,0.0054881587,1485.9897943953604
185.7,0.015956644,962.890884016721
185.8,0.0033692934,2318.863624684255
185.9,0.009847093,1018.4256895810115
186.0,0.01047045,863.2642642683104
186.1,0.011112993,1094.2689637109106
186.2,0.008442382,1196.5581107820285
186.3,0.0023186463,2282.194218866469
186.4,0.0019258417,2592.0452514967706
186.5,0.0016031711,2417.1392156320267
186.6,0.0012083905,2860.01794451218
186.7,0.0011235811,3300.9384993241465
186.8,0.0015621834,2683.0620476374775
186.9,0.0032202832,1983.575944264519
187.0,0.0012959137,2988.216302040659
187.1,0.002287452,2080.9357688606287
187.2,0.0025485042,2139.0426418550633
187.3,0.002465209,3168.306391794786
187.4,0.0022842987,2431.7671783459255
187.5,0.010558894,1008.4632523835877
187.6,0.0028172627,1762.3597570329564
187.7,0.0016896027,2183.043671741594
187.8,0.002176991,2739.393967827695
187.9,0.0023706711,2198.1781341251362
188.0,0.002168809,2970.8309981617126
188.1,0.0031207348,2313.375179747901
188.2,0.0025737062,2708.473227473938
188.3,0.0022838078,2311.4393971347627
188.4,0.012450909,1159.1841056566413
188.5,0.0020235756,2639.957318813966
188.6,0.012756399,812.5989467697541
188.7,0.0076976893,1097.5750828376204
188.8,0.009325567,958.8688004072283
188.9,0.0016024063,4880.189827482419
189.0,0.015655274,760.0966771521627
189.1,0.0048955963,1185.5393218797249
189.2,0.004635138,1352.8242865550765
189.3,0.002647925,1611.9140323353845
189.4,0.0047848867,1267.0713171419336
189.5,0.009280257,1186.8150660356082
189.6,0.0074190004,1233.0354066980362
189.7,0.0075057084,1302.0331621416358
189.8,0.007485437,1455.6780084428915
189.9,0.006512681,1243.4717859552577
190.0,0.0028937429,1995.2059060429867
190.1,0.0015083754,2529.4032944124256
190.2,0.0029919036,1728.4613156501027
190.3,0.0017700173,2546.0011484369716
190.4,0.0022217091,1978.8280080975085
190.5,0.0015471961,2959.5820828349915
190.6,0.0014230638,2823.8449811981923
190.7,0.0017650488,2971.560690916871
190.8,0.0018836273,2435.9451476495447
190.9,0.0020933812,2674.5939348961087
191.0,0.0016250914,2416.4009618784517
191.1,0.0021515132,2617.399270470287
191.2,0.0016582775,3278.412921350753
191.3,0.001637153,2820.8234662817804
191.4,0.0021478655,3117.952357854065
191.5,0.0010476919,2958.0234011754737
191.6,0.0011930842,3093.212486226818
191.7,0.0016102827,2905.1334327612894
191.8,0.0022434336,2669.8084568836575
191.9,0.0013459788,2502.317819648752
192.0,0.012125999,915.182025730192
192.1,0.023168355,1237.2687891256528
192.2,0.0027785373,2183.5454685922714
192.3,0.002183587,2394.84366264341
192.4,0.0018287883,2409.7933971510415
192.5,0.0016094547,2542.561987481655
192.6,0.0018104736,2658.8192175122886
192.7,0.0012771746,2898.000386363563
192.8,0.0020486307,2879.7176250424845
192.9,0.0070014577,1262.235026570032
193.0,0.023986213,650.0606658947261
193.1,0.03994934,682.5767301920309
193.2,0.0018136464,2544.756962268032
193.3,0.022156,834.6038924253953
193.4,0.025455656,829.2736228434837
193.5,0.0044636675,1477.6560450545198
193.6,0.0020337552,2443.070482649665
193.7,0.0017148994,2477.3275472926384
193.8,0.0014804741,3238.4570981258275
193.9,0.0015767635,2726.632640752831
194.0,0.0015125569,2597.9877214576936
194.1,0.0019391018,2793.27072190997
194.2,0.006824056,1041.6071993760127
194.3,0.007943023,1269.689641216896
194.4,0.05074901,985.2077960044968
194.5,0.0025602088,7159.49734950253
194.6,0.045869716,798.4829816778239
194.7,0.045316882,841.5119950553835
194.8,0.039329458,980.1321476587505
194.9,0.030800859,1110.0791139187154
195.0,0.033500373,1013.7548135198467
195.1,0.005889192,1581.3589797636248
195.2,0.019653749,1493.8947204937717
195.3,0.018450225,1037.6353169071272
195.4,0.012102771,1155.9755242648607
195.5,0.011753675,1078.284865103294
195.6,0.0032880434,1686.7901821084956
195.7,0.0027956618,1665.0298048508532
195.8,0.05747778,827.1941195543864
195.9,0.01506113,1324.1950020429113
196.0,0.0020538433,3100.6153161608872
196.1,0.056913998,974.3199674612997
196.2,0.042424478,805.0624037153877
196.3,0.032053813,934.3242068255498
196.4,0.01721069,1060.6434684952071
196.5,0.0024042183,1897.4568702127713
196.6,0.0021052498,2536.844272090626
196.7,0.002769372,2533.9059046670513
196.8,0.0022622575,2339.416081050352
196.9,0.002024207,2231.3236498050983
197.0,0.0017940528,2263.209210946641
197.1,0.0019951982,2112.4172454179516
197.2,0.0022451028,1851.2229064322057
197.3,0.0020115636,2266.3813688620353
197.4,0.0018401203,2273.882401448588
197.5,0.0021680524,2731.8613122537345
197.6,0.0019834433,2409.106015351156
197.7,0.0014274295,4526.246132731828
197.8,0.013320104,1018.6637886739575
197.9,0.02126927,697.9207702369861
198.0,0.008777544,975.2103075990294
198.1,0.011283418,1104.6929861951326
198.2,0.0023340224,6175.86334917241
198.3,0.012218636,1270.4256818924407
198.4,0.0021737264,2467.0233775524366
198.5,0.0075858436,1626.8767797319956
198.6,0.010927147,1119.9590722353337
198.7,0.01904118,851.2319708272171
198.8,0.016390685,980.1226440938173
198.9,0.005237296,1440.9109565653023
199.0,0.007490317,1066.2115740073136
199.1,0.009142452,910.4266624355245
199.2,0.006153924,1150.2944868366505
199.3,0.0053969314,1197.5295935650045
199.4,0.007012644,1166.3919198337353
199.5,0.0069904556,1128.2657526838307
199.6,0.008090689,1049.514203839768
199.7,0.007602398,1053.7228916767026
199.8,0.0021861955,2380.0588907555884
199.9,0.0015925757,3122.353160543369
200.0,0.0025199477,1947.7919027483922
200.1,0.002859588,1797.6149724504894
200.2,0.003486948,1574.5555820501947
200.3,0.001914989,2208.507982836906
200.4,0.001833363,2516.558588206559
200.5,0.0034979002,1419.12612946901
200.6,0.002878786,1820.3934187018795
200.7,0.002782519,2169.339088464504
200.8,0.0022656946,2195.923727878121
200.9,0.0062503153,1285.9690328318577
201.0,0.021556508,766.3262535512158
201.1,0.021511562,777.2821673867543
201.2,0.010001266,981.9380136978326
201.3,0.012462655,1024.4703343374879
201.4,0.013550809,987.1718939419089
201.5,0.009565297,1063.28613002451
201.6,0.011217481,994.2373770923423
201.7,0.012571474,1042.6444896908924
201.8,0.010564814,1057.182796855969
201.9,0.0076808906,1103.8664273217655
202.0,0.006739081,1060.401044962493
202.1,0.0044104,1577.510805938612
202.2,0.0025853582,2380.367241132426
202.3,0.0026084622,1935.3356092706235
202.4,0.0026789738,1548.5252457931792
202.5,0.0021189633,2273.0308938455846
202.6,0.0016415144,2956.4639312140107
202.7,0.001462034,2889.8902605691605
202.8,0.0015359954,3762.9286521006297
202.9,0.0027959312,2291.9246972006204
203.0,0.010744612,929.0024120303997
203.1,0.0059390394,1199.6614683142343
203.2,0.010125982,922.5596547880243
203.3,0.00946038,995.741459021728
203.4,0.010783046,975.2529096073586
203.5,0.010591583,1024.7895831893024
203.6,0.009956796,998.9228378051909
203.7,0.013307441,893.8733213287194
203.8,0.008428021,1045.962445138171
203.9,0.0023107103,2105.4127872572753
204.0,0.0022108392,2006.6121198144308
204.1,0.0018907276,2374.724925630076
204.2,0.0021044682,2282.4179003522286
204.3,0.0023825602,2326.6295229112684
204.4,0.0023569611,2803.410876449029
204.5,0.002469562,3027.6165553767496
204.6,0.0020680875,2426.3903639540063
204.7,0.0024190743,1939.1324045220274
204.8,0.0020690607,2855.6702748901653
204.9,0.001968908,2695.870166664063
205.0,0.0015630372,2394.8562087470646
205.1,0.0022536123,2171.1643239474615
205.2,0.0023622126,1950.6200473946508
205.3,0.0022975889,2262.500971124929
205.4,0.01293742,1868.271422745023
205.5,0.0022807182,3711.538493435139
205.6,0.013662215,1316.508130636601
205.7,0.005158809,1872.0033733515252
205.8,0.0060628285,897.5369778148412
205.9,0.0022403838,2812.4895919965647
206.0,0.0013492975,2782.700843442875
206.1,0.0023822584,2744.505711970877
206.2,0.0019855644,2240.4926936838974
206.3,0.001912318,2625.341339687566
206.4,0.001534808,2783.2448160673453
206.5,0.00088539557,4166.574133340717
206.6,0.0016638166,2771.1790080520905
206.7,0.0016630534,2530.6760244140705
206.8,0.0016104978,2965.3244452864715
206.9,0.0035469749,2253.1471029431527
207.0,0.0016508608,2674.1741822077465
207.1,0.0017226386,2508.709384694981
207.2,0.003011518,1598.4842645193567
207.3,0.0027100598,2739.8422352652856
207.4,0.0015926082,2964.618167178671
207.5,0.0015356069,3441.8549020311248
207.6,0.0021816327,1966.2291070333922
207.7,0.0027665098,1828.4720549353901
207.8,0.0016068055,2422.925276484463
207.9,0.002729711,2169.598215549712
208.0,0.0026603732,2213.2145584088667
208.1,0.0014331047,2937.3957877298835
208.2,0.00155749,2385.9720023706714
208.3,0.000907293,3292.7491373130097
208.4,0.001386114,3023.8500463672863
208.5,0.019998936,745.4962932017769
208.6,0.0016874927,2821.349615980971
208.7,0.007373465,1463.4096810076517
208.8,0.0020351892,5762.546696902657
208.9,0.014717679,766.808247902005
209.0,0.013923517,943.863567125674
209.1,0.012960922,1075.0976010701406
209.2,0.008295978,1081.0409763181246
209.3,0.0028644833,1837.910276139368
209.4,0.008345189,1060.0325600030997
209.5,0.019725565,918.2732634146618
209.6,0.01348965,845.0072984388122
209.7,0.015339205,967.9546240309265
209.8,0.02197912,700.2435299762465
209.9,0.022767553,881.4807572823948
210.0,0.018223727,1237.1473553933897
210.1,0.0104354955,2004.486247475292
210.2,0.0018808581,2339.7126518334994
210.3,0.018759595,1059.8226830949457
210.4,0.02044705,738.5714793717354
210.5,0.008885,1480.9600096907689
210.6,0.0020872168,6060.973219410521
210.7,0.015290796,1273.9355296153326
210.8,0.02364097,852.8217616419731
210.9,0.0027785578,5188.26043599016
211.0,0.015354605,1114.5942712739636
211.1,0.017295068,1077.660420528563
211.2,0.017801598,879.7611978051245
211.3,0.019833194,1019.9809144015405
211.4,0.022503465,999.7221289447684
211.5,0.02609038,953.3216833650098
211.6,0.018894378,1090.6107796686633
211.7,0.015286905,1140.9174035231401
211.8,0.0044490513,1696.715004346876
211.9,0.0032157,1758.2213485187099
212.0,0.0021062728,2603.658549309863
212.1,0.00158508,2737.6492853501873
212.2,0.0021297876,2115.035837380029
212.3,0.0021221794,3465.1084621492173
212.4,0.0016364066,2764.570304629174
212.5,0.0013473531,3207.2492133768765
212.6,0.0018561784,1931.3852546067274
212.7,0.002047777,2300.6032651106525
212.8,0.0022406224,2866.98132615267
212.9,0.0021622975,2596.677909727355
213.0,0.0023409564,2362.8657025536622
213.1,0.0015601175,2525.8699963395406
213.2,0.002192364,2213.2504938860147
213.3,0.0018159186,2322.191122209816
213.4,0.0023713275,1750.83885488052
213.5,0.003925717,1411.1255821554432
213.6,0.0016693579,2267.7452633871626
213.7,0.0018055374,3229.3743937636636
213.8,0.0017537993,2682.796017686588
213.9,0.0027533465,2044.6062752174362
214.0,0.0021261424,2199.266860764634
214.1,0.001996797,2756.111278961789
214.2,0.0023907607,2505.7934369915033
214.3,0.0020591216,2075.5140954450726
214.4,0.0024736573,2032.520877858211
214.5,0.0022601911,2374.810642334765
214.6,0.0017962701,2801.7006358321164
214.7,0.001523,3094.205149449884
214.8,0.0025187226,2235.827470785537
214.9,0.0021154776,2546.607841110287
215.0,0.0022362685,2759.3286024896597
215.1,0.0024063396,2293.924481746835
215.2,0.0023361722,2016.131738410145
215.3,0.0017394596,2337.064121576006
215.4,0.0022027993,2166.5540607640987
215.5,0.002346712,2401.5968859962913
215.6,0.0025398394,2012.7342373598235
215.7,0.0012226104,2725.7334540716583
215.8,0.0020600425,2343.705581850431
215.9,0.0032435798,2157.7930636052006
216.0,0.0014778329,2737.6710317969637
216.1,0.0016589356,3140.9555453304565
216.2,0.0012902267,3747.379236088129
216.3,0.0017828202,2622.811516952865
216.4,0.0016260775,2743.6834168272953
216.5,0.0019309709,2363.772086583424
216.6,0.0018974683,2707.5176612581513
216.7,0.0015005494,2616.4430685249727
216.8,0.0026394597,2152.8996688111806
216.9,0.0030353246,2365.6639934568275
217.0,0.0022921874,2289.427989098641
217.1,0.0018044238,2647.1519084314127
217.2,0.0028266602,2613.016314620829
217.3,0.0017962327,2897.714032585135
217.4,0.0023709715,2187.333921743544
217.5,0.0017795627,2765.185241796884
217.6,0.0015007345,2478.3227475685017
217.7,0.0021541012,1982.2695726950813
217.8,0.0014750409,2851.203867315391
217.9,0.0017514299,2242.322362146769
218.0,0.001636081,2952.7050790196868
218.1,0.0016606626,2373.0390701522238
218.2,0.0019278073,2396.2943563667345
218.3,0.0019633307,2307.168325388353
218.4,0.0018829409,2265.1365687506304
218.5,0.0017784338,2817.1610124688514
218.6,0.0036000633,1836.640369048423
218.7,0.002039073,2142.9406841132186
218.8,0.0020669042,2598.2281323667353
218.9,0.0027387654,2309.4777216451303
219.0,0.002280137,2269.8135279124826
219.1,0.002096666,2146.510158057421
219.2,0.0030139757,1708.8487046580594
219.3,0.0028626486,2172.886541996314
219.4,0.0016431729,2691.7258336697714
219.5,0.0014590484,3027.232963222964
219.6,0.0023055582,2077.076422884971
219.7,0.001584982,2892.905930675177
219.8,0.0019913113,2624.4872562228456
219.9,0.007963223,1049.66795755357
220.0,0.007255335,1280.099840306252
220.1,0.0068574734,1851.660773712826
220.2,0.003383478,2570.2457133600715
220.3,0.0034768358,2487.1589464044987
220.4,0.0021766638,3001.8018381732095
220.5,0.0015888978,2954.7052095521863
220.6,0.001805549,2565.7124022722683
220.7,0.0015355475,2531.663025857334
220.8,0.0017846219,2463.5980628169277
220.9,0.0019249718,2350.6793429150575
221.0,0.0017311572,2663.854356752484
221.1,0.0016988575,2841.782270638099
221.2,0.0019042087,2666.9637292729785
221.3,0.001736431,2855.4228177512896
221.4,0.0030764071,2391.485201839977
221.5,0.0012330686,2927.341056591892
221.6,0.001504065,2711.7035392509406
221.7,0.0016935839,2966.601593895255
221.8,0.0017586232,2424.9156410768364
221.9,0.00199874,2427.766705930885
222.0,0.0012865465,3428.79029580304
222.1,0.0018681485,2528.2158611737987
222.2,0.00255409,1823.5532192294245
222.3,0.0022010123,2521.8322672689637
222.4,0.0017349256,2343.226326803226
222.5,0.0017771764,2351.5030002603507
222.6,0.0023184798,2026.0670217144323
222.7,0.0013266248,2517.467238021847
222.8,0.0016979042,2878.8467922187665
222.9,0.0020128116,2374.627585718276
223.0,0.0025168634,2439.1249347581943
223.1,0.0020800263,2412.6691078496237
223.2,0.0024070595,2239.925493928851
223.3,0.0015522641,2717.3704781662736
223.4,0.0013400044,2584.0077197613555
223.5,0.00094813254,3513.2674549050903
223.6,0.0022157189,2830.6527139693003
223.7,0.003247096,1631.2321058987998
223.8,0.0016881711,3223.811280709626
223.9,0.002483978,1926.1635272108533
224.0,0.0017390446,2211.4870029348167
224.1,0.0015891604,2560.008263527553
224.2,0.001538893,3048.738154706186
224.3,0.0017681812,2985.1596051236274
224.4,0.0024803232,2101.6439985116476
224.5,0.0015221545,2760.8967768385637
224.6,0.0020698777,2758.5055176970814
224.7,0.0018192417,2245.245688478185
224.8,0.0013941878,2445.46231322132
224.9,0.002944181,2648.8614652050765
225.0,0.0017546744,2276.944388534904
225.1,0.0019260366,2221.0028725290003
225.2,0.003305766,1659.0908028151362
225.3,0.004465355,1571.4143592485302
225.4,0.0037845762,1525.6263489816179
225.5,0.0019119685,2203.2846404685642
225.6,0.0019500708,2197.2255148707764
225.7,0.0017701915,2824.27466919804
225.8,0.0020996865,2787.1139016547063
225.9,0.0023173313,2083.0992833387436
226.0,0.0026433321,2378.393616284139
226.1,0.0031228727,2456.0217621973525
226.2,0.002195983,2524.9250942822173
226.3,0.0022887862,2246.6155158438887
226.4,0.0025876984,2095.8136492996928
226.5,0.0019993829,3254.8774403149137
226.6,0.0016714061,2868.21076629618
226.7,0.002372712,2781.173187408882
226.8,0.001832098,2782.257970933159
226.9,0.0024980097,2335.313346446419
227.0,0.0019330899,2496.912408622514
227.1,0.0017643576,2333.231881111043
227.2,0.0023027158,2361.163270497423
227.3,0.0009137214,3203.204489772958
227.4,0.0022566684,2452.7362510660782
227.5,0.0024547742,1825.7145823564683
227.6,0.0025942982,1807.5541286165544
227.7,0.0019111151,2316.3266779870146
227.8,0.0023136877,2506.221654750718
227.9,0.002270188,1997.4454153421561
228.0,0.0020369284,2261.145353346652
228.1,0.002613378,1829.7080307076233
228.2,0.0027545255,1914.994556450928
228.3,0.00366688,1378.815354449504
228.4,0.0035421737,1863.8572995852485
228.5,0.0023229276,2379.9499356201145
228.6,0.0032658356,1649.5770348948006
228.7,0.0027948567,1979.1755121561891
228.8,0.0020674947,3227.685977058762
228.9,0.0018977624,2329.2103291476137
229.0,0.0018719014,2539.9125457167956
229.1,0.002358112,1829.1570362246716
229.2,0.0018881505,2247.6055000760907
229.3,0.01771616,920.3289612762671
229.4,0.006983526,1166.33385054665
229.5,0.0018191275,2516.984659432833
229.6,0.0027595123,1979.4097895281127
229.7,0.0024985569,1827.1668608672726
229.8,0.0028175057,2011.324824057077
229.9,0.0031047578,1819.4183046030394
230.0,0.011615839,903.867456078137
230.1,0.0026175908,4301.248288048619
230.2,0.0017452626,4229.774458288666
230.3,0.0023976467,2228.551312734041
230.4,0.002952669,2196.409030036655
230.5,0.0036120955,1603.8582139865305
230.6,0.0028773665,1915.469554432164
230.7,0.0027818205,2366.0566819650553
230.8,0.002138379,2291.114839710122
230.9,0.003320429,2045.7067307706254
231.0,0.0025525596,2218.080884740978
231.1,0.0019678257,2215.8194989710296
231.2,0.0021401658,2088.3045515535914
231.3,0.0024274485,2143.239858832473
231.4,0.0041884338,2789.8634165398616
231.5,0.0028151642,2884.2932651224655
231.6,0.004003361,2433.7264989672035
231.7,0.0031821681,2221.5737171929813
231.8,0.0024134242,2239.137586599023
231.9,0.0020595696,2213.851402755708
232.0,0.002535488,2027.4581673641806
232.1,0.0018597061,2595.321048934558
232.2,0.004065991,1289.1739345193346
232.3,0.010508117,927.6508994102112
232.4,0.0072316467,1603.585242368496
232.5,0.012374474,3565.4520375623556
232.6,0.010945714,1025.1470118399125
232.7,0.005534824,1280.4302601880354
232.8,0.0026229927,2021.9728216001372
232.9,0.0026721081,2000.6879266269443
233.0,0.0016331178,3471.758141119345
233.1,0.0020085238,2623.428102852024
233.2,0.0020398798,2760.1107645390075
233.3,0.001945868,2439.1065628041342
233.4,0.0018238785,3056.043418014431
233.5,0.0020053268,2713.2126728313146
233.6,0.0013873199,3245.3483500380216
233.7,0.0015645338,2879.18234393107
233.8,0.001619422,3129.6379813618814
233.9,0.001986399,3058.518047780787
234.0,0.001992825,2472.3733927243075
234.1,0.0017169111,2567.312659565175
234.2,0.0035216447,1763.2836481993304
234.3,0.0024744503,2008.540974210902
234.4,0.0020424963,2074.23457240003
234.5,0.0021863433,2165.692213555976
234.6,0.0018456511,1869.9285149647906
234.7,0.0023301456,2120.5022112439096
234.8,0.0021687865,2251.020679597119
234.9,0.00518875,1317.0924587582138
235.0,0.003305196,1499.427571962573
235.1,0.0040109553,1327.8574556879478
235.2,0.004394276,1208.0708109377163
235.3,0.004040788,1494.3726009304248
235.4,0.0038729897,1481.2263540643755
235.5,0.0039926884,1338.8755728107924
235.6,0.003977696,1331.5881802543643
235.7,0.0046205926,1179.3095511466163
235.8,0.004071975,1403.6017104610874
235.9,0.004092598,1540.7918825906854
236.0,0.0044887555,1343.933081974038
236.1,0.004328022,1497.1681185764644
236.2,0.0052702525,1228.1109699287854
236.3,0.0050723297,1287.0439833331416
236.4,0.00416415,1506.4966124885577
236.5,0.0035500003,1608.0122800322379
236.6,0.0034810426,1703.7767958958607
236.7,0.0020929596,2266.076806000891
236.8,0.0012901931,3340.1874194565407
236.9,0.0023276836,1944.578773275225
237.0,0.0017805089,3022.5131181025727
237.1,0.0021019345,2674.679754205037
237.2,0.0031279274,1834.649063072023
237.3,0.0026346964,2265.412213447341
237.4,0.0020868795,2374.491330933488
237.5,0.0016963875,2554.116952152878
237.6,0.001921752,1964.486812866948
237.7,0.0020708002,2602.6530553534462
237.8,0.0015406118,2321.232563545287
237.9,0.0015833077,2757.7193256850023
238.0,0.0016836759,3169.7658211064804
238.1,0.0014271778,2855.7914550001733
238.2,0.0016515662,3472.835395040164
238.3,0.0012047141,3147.2141155995314
238.4,0.0017205235,2482.1290896692435
238.5,0.002100008,2078.625478532096
238.6,0.0009802518,3482.856362527869
238.7,0.012731283,1006.457007564061
238.8,0.01196715,843.591913928167
238.9,0.0086800875,885.8995572516264
239.0,0.0020370088,1985.5137291796937
239.1,0.0040287357,1344.505567934185
239.2,0.0053449823,1205.8091507717581
239.3,0.0036310027,1417.0666358057956
239.4,0.008352727,1097.8914990416665
239.5,0.009227255,1171.3002470449042
239.6,0.008458883,1182.8381736282745
239.7,0.010882347,1047.6047384307776
239.8,0.006769898,1292.9002544253285
239.9,0.0042702234,1450.7301390902576
240.0,0.002305278,1923.8884011174023
240.1,0.002232956,2701.9890868526845
240.2,0.0017898786,2908.0948088416676
240.3,0.0016377701,2677.5996926397597
240.4,0.001392606,2848.3021293812744
240.5,0.0013902831,3047.0220286721815
240.6,0.00200074,2519.7876776737617
240.7,0.0017940459,2546.101183065142
240.8,0.0024509856,1824.3434800799268
240.9,0.002405072,2035.3939605930902
241.0,0.0014571218,2752.055534549072
241.1,0.0014327588,2581.9859061244088
241.2,0.0032894486,1785.1240619890946
241.3,0.0026787056,2565.980971105873
241.4,0.0028593815,1960.5701165043233
241.5,0.0015522043,3018.2330885640667
241.6,0.0025353807,2280.774049547919
241.7,0.0014097884,3349.166535826921
241.8,0.001831058,2861.334783329454
241.9,0.0026223497,1806.8858621982004
242.0,0.0023840081,2149.908535862238
242.1,0.0023939915,2593.7745972965695
242.2,0.0014826333,2959.482440950595
242.3,0.0039560255,1422.871672620836
242.4,0.0031998975,1622.624815182915
242.5,0.0020103515,2108.0187029565245
242.6,0.0022629763,3207.4933017419908
242.7,0.0044806353,1426.7241462761644
242.8,0.0023466675,2439.9270932532245
242.9,0.004511848,1543.479976960235
243.0,0.001993006,2329.0656416224638
243.1,0.010281791,887.9382242858327
243.2,0.010383958,1023.0022721032555
243.3,0.010093581,1018.9610950503791
243.4,0.0024386465,1988.7266130151884
243.5,0.005281517,1136.592274353335
243.6,0.004057113,1490.874278426873
243.7,0.0030368106,1580.206207412779
243.8,0.008628491,1046.7866212100287
243.9,0.009805449,1041.5498218994585
244.0,0.010199362,903.5359090765453
244.1,0.002465557,2396.549144886254
244.2,0.0023099754,2014.9448118063908
244.3,0.0036129158,1499.8318947080948
244.4,0.0037813466,1520.392746573858
244.5,0.0033020747,1530.4160235037953
244.6,0.005913904,1148.7103227036926
244.7,0.0067931665,967.4027888197445
244.8,0.00815304,1004.0016994196997
244.9,0.005210712,1127.4030972916976
245.0,0.0028932237,1713.8847261743101
245.1,0.002125564,2114.3575875132046
245.2,0.0036192932,2068.7804479013894
245.3,0.0016839409,2572.6221426407587
245.4,0.0024505835,2228.758570833236
245.5,0.0025164282,2362.39838488655
245.6,0.0020331668,2599.033241388746
245.7,0.0013606001,3343.0405758262914
245.8,0.0015652823,3061.478217996296
245.9,0.0022955004,3654.1245638802343
246.0,0.0019889425,3649.0765057768003
246.1,0.0020648243,4484.872773055429
246.2,0.0021796897,5918.882154835948
246.3,0.002038363,3915.2297084168736
246.4,0.002143235,3690.322267610652
246.5,0.0017721151,3261.9978785305575
246.6,0.0017100695,3718.235673061203
246.7,0.0032576458,2220.4766579550537
246.8,0.003410144,2325.744876422458
246.9,0.0028775623,2411.871028253273
247.0,0.0024987215,2439.2069900085858
247.1,0.001783753,2668.1710007757465
247.2,0.0024808163,3001.1554182815776
247.3,0.0020595035,3611.8028412079684
247.4,0.0021519207,3444.535095023298
247.5,0.0014919013,3071.821770374044
247.6,0.0018997593,2285.099932196374
247.7,0.002165457,2461.7660636454593
247.8,0.0019306113,2742.833553880857
247.9,0.001273512,2700.1850258794984
248.0,0.0020232466,3467.7600067443705
248.1,0.0022495207,2154.760124149341
248.2,0.0016112527,2767.193025879859
248.3,0.0018822193,2742.8001981002335
248.4,0.0019892463,2596.7918914259867
248.5,0.0017593928,2476.116476074811
248.6,0.0018890969,2158.747639186714
248.7,0.001839585,2307.5292670605627
248.8,0.002017169,1931.1599989316815
248.9,0.0029067884,2006.3663106652464
249.0,0.0022728767,2382.369587956646
249.1,0.0025672456,2486.482546185922
249.2,0.002681745,2599.2773958742923
249.3,0.0029633783,2020.8629257572143
249.4,0.0016663637,2229.66496192631
249.5,0.0019610515,2702.8463194788374
249.6,0.0019970215,2574.974355370079
249.7,0.002316103,2529.583532486342
249.8,0.0018671581,2296.308951009216
249.9,0.002111162,2739.7703570792373
250.0,0.0014797874,3287.607646348363
250.1,0.0013900935,3052.437277111949
250.2,0.0022174036,2540.555774833443
250.3,0.0021781954,2384.303520445309
250.4,0.0017040013,2480.956182539532
250.5,0.0015848818,2259.7522771035124
250.6,0.0016692269,2655.177795217348
250.7,0.0013273818,2526.708593694543
250.8,0.0015986422,2590.9384280679574
250.9,0.002608413,2944.9700221651797
251.0,0.0019271133,2946.6916843931513
251.1,0.0021880285,2093.1730275595655
251.2,0.0020846773,2122.7986139167715
251.3,0.0014012104,2934.1579804748717
251.4,0.0023252803,2085.0790285540484
251.5,0.011026,916.0887328071956
251.6,0.003264884,2182.96571218969
251.7,0.0017803995,2874.9826763256187
251.8,0.0017717552,3006.5424448805516
251.9,0.0022775193,1965.047296406624
252.0,0.0026276726,2783.8327335295467
252.1,0.002223169,2354.944416122372
252.2,0.010468882,792.652232110287
252.3,0.0022474527,2292.4473308757742
252.4,0.0016014929,2675.5821661234336
252.5,0.001829314,2542.3729325312293
252.6,0.0023476786,1992.6821259415917
252.7,0.0016734059,2386.0275474481955
252.8,0.0027214861,2683.659029062726
252.9,0.003702588,2579.411841507998
253.0,0.0028643252,2644.234026433786
253.1,0.0023296846,2432.130809799748
253.2,0.001893349,2579.3596456768632
253.3,0.0020308946,2319.4338044856977
253.4,0.0015546468,2733.1867664468027
253.5,0.001215688,3006.947175823839
253.6,0.0020553311,2346.5427940784843
253.7,0.008842167,921.481455065912
253.8,0.011785978,874.6476254409731
253.9,0.0030170348,2093.496984797881
254.0,0.010007795,918.9185923853121
254.1,0.004580946,1149.635393233753
254.2,0.0029926922,1740.0052402743054
254.3,0.0054758433,1286.959894800786
254.4,0.0026717698,3055.103147660368
254.5,0.004504059,1200.5403086419246
254.6,0.0026470416,2165.5324000949195
254.7,0.0015609332,2577.6685853276504
254.8,0.007112216,1142.934492363243
254.9,0.010808058,1063.6880103500346
255.0,0.0016916484,4451.614834527711
255.1,0.0045138574,1355.1162725402291
255.2,0.0039034954,1704.333961863341
255.3,0.0016022847,2662.951162835025
255.4,0.0012364616,3164.454350690413
255.5,0.008115935,1002.7187037798165
255.6,0.0018430885,2277.3248093227776
255.7,0.003501836,2230.1797585302547
255.8,0.00492901,1164.4512454363287
255.9,0.0044295294,1905.3862730172782
256.0,0.010101066,925.792844257325
256.1,0.0053913686,1271.5907401182599
256.2,0.0033831596,1568.3973531909965
256.3,0.0022227713,4578.838590055481
256.4,0.006560457,1028.2091501034856
256.5,0.002224537,2508.4026605865706
256.6,0.0022340033,2076.5496087081665
256.7,0.0018758639,2371.7417608512897
256.8,0.0015045932,3114.288962008146
256.9,0.002568444,2034.9638820836658
257.0,0.0019362997,2155.1177263139784
257.1,0.0015363857,3348.004619216368
257.2,0.0030691063,1868.0592162957623
257.3,0.0016030726,3080.9945637030123
257.4,0.0024482326,1969.9693774584402
257.5,0.0023409738,1967.7803348038303
257.6,0.0023777161,1969.4696903715112
257.7,0.0020908238,2170.0776880637186
257.8,0.0013836784,2976.372997201907
257.9,0.0022757074,2205.39384264044
258.0,0.0021405441,2308.2301071181564
258.1,0.0024268227,2690.9185950844403
258.2,0.003584693,2152.267467739991
258.3,0.0031260129,1666.8506401144114
258.4,0.0030280685,2061.133395971414
258.5,0.0024283042,1908.711409269145
258.6,0.0031516727,1617.8206625861903
258.7,0.0029429987,2079.147983081766
258.8,0.001624838,3083.058429889519
258.9,0.002311059,2933.71063313165
259.0,0.0019603586,2517.679749014264
259.1,0.0023246843,2087.662049170497
259.2,0.0024745022,1932.5809915319353
259.3,0.0019102556,2665.3275366872826
259.4,0.0014481845,2774.0459868976823
259.5,0.002051598,2051.738442503648
259.6,0.0028143048,1770.8294058242232
259.7,0.0023340462,2552.5724544932445
259.8,0.0027798943,1960.0048055642771
259.9,0.0025964705,1989.9167982757822
260.0,0.0017306844,2242.4646213734613
260.1,0.0019367291,1973.6728482430444
260.2,0.0032945762,1781.6498734535812
260.3,0.01752811,822.2258120819652
260.4,0.0026343868,1831.845891252243
260.5,0.0026431538,2093.3027141017637
260.6,0.002349241,2098.210250565124
260.7,0.0031675338,1815.6680199912926
260.8,0.0025969597,4847.741358222425
260.9,0.0024191064,6834.641014511798
261.0,0.002101255,4980.83167380642
261.1,0.016449204,930.9359791982654
261.2,0.0021380405,2519.837323016681
261.3,0.0019154022,2404.239434344134
261.4,0.0026547103,1663.4230433106084
261.5,0.006448001,1450.9235111605444
261.6,0.021164006,725.763439713238
261.7,0.026501907,736.7357377493579
261.8,0.019005233,1049.3122378518701
261.9,0.0012244661,2921.314381719867
262.0,0.0027347824,1791.3835272993738
262.1,0.0029604034,1869.2081556843405
262.2,0.0026739573,1850.5909335101906
262.3,0.0022327544,2857.7996315063174
262.4,0.0020612373,3012.8537105732676
262.5,0.0020984176,2526.983226008042
262.6,0.002239878,3142.3654963569797
262.7,0.0026881439,2316.141137869435
262.8,0.0016008808,2563.79653147944
262.9,0.015008464,890.0766081398938
263.0,0.0024278043,6170.793332266297
263.1,0.027946696,1176.0819338178967
263.2,0.023911119,936.3121815810321
263.3,0.01568776,845.2239322795397
263.4,0.0026643358,2423.87578910629
263.5,0.0017602053,3107.2392424777727
263.6,0.014353471,1155.865240421515
263.7,0.0043151006,1525.405566983398
263.8,0.0024440803,2166.563415858758
263.9,0.002028559,2373.0403912593943
264.0,0.0018287259,2514.707893814844
264.1,0.0129628135,1772.9540382459472
264.2,0.0048469566,3013.7450691612103
264.3,0.038979903,924.9438555792989
264.4,0.040213075,901.2087827029536
264.5,0.02063708,823.0879098418472
264.6,0.004924434,1700.1582008853939
264.7,0.006760608,3745.727551523456
264.8,0.004782969,1451.423655257072
264.9,0.010743746,1216.5206097041325
265.0,0.0030291246,1843.818049953988
265.1,0.020490672,751.834467399974
265.2,0.001868434,3195.777523089234
265.3,0.014185622,849.1116421908824
265.4,0.016968736,739.506353160662
265.5,0.0033678205,1555.3952276177938
265.6,0.0018609398,2184.761120538898
265.7,0.001165195,3519.5424299765464
265.8,0.0013442907,2956.2729371254763
265.9,0.0025256649,2380.0011747462677
266.0,0.001908742,2314.163277947209
266.1,0.002269707,2486.882353365445
266.2,0.0033041206,2266.150619649199
266.3,0.001834107,2790.9306538041
266.4,0.0015289373,2251.016580776678
266.5,0.0015576688,2687.420274697487
266.6,0.0012305754,3246.9814634693034
266.7,0.0020064716,2775.5153448180004
266.8,0.0015571527,2793.37577868737
266.9,0.012119573,1156.6217580046218
267.0,0.008905499,1158.9709188518027
267.1,0.0024779825,2150.1160319490787
267.2,0.0054833665,1337.3446579073266
267.3,0.009298482,1199.6198566309993
267.4,0.002254237,5957.421953363749
267.5,0.002386173,4747.602360506406
267.6,0.021441739,996.1164225511565
267.7,0.021049406,856.7479639019498
267.8,0.011542511,1222.8815661265955
267.9,0.016606957,1167.5435365563853
268.0,0.01219885,1297.8779765856282
268.1,0.011809987,1194.7617142627412
268.2,0.013207088,1081.1033719984007
268.3,0.0037028822,1854.7664630251504
268.4,0.0010593715,3361.964282534381
268.5,0.0014591444,2999.038814665528
268.6,0.0020173122,3049.3415678645806
268.7,0.0017758219,2319.6042478035947
268.8,0.0015971629,2544.7527457142696
268.9,0.0024294115,2279.63925423483
269.0,0.001778686,2700.5019647384324
269.1,0.0012978996,3154.3074771495935
269.2,0.0028405434,2129.9536531316435
269.3,0.0017315878,2724.4254175093943
269.4,0.0022712687,2021.5715653798975
269.5,0.0024648933,2584.960974572837
269.6,0.0016900911,2716.40426770886
269.7,0.0022638012,2676.598673172709
269.8,0.002298278,2998.910863874009
269.9,0.0019277576,2729.2361866233036
270.0,0.0017166572,2721.4750915870136
270.1,0.001537399,2802.376943293363
270.2,0.0016575353,2839.4682135573285
270.3,0.0014263734,2984.784758985807
270.4,0.0019286997,2127.045770110815
270.5,0.0014058797,2703.6368018871676
270.6,0.00195282,2339.762455442411
270.7,0.002022858,2234.965506170898
270.8,0.0016560928,3409.803051292439
270.9,0.0028233426,2238.209300607146
271.0,0.0024606858,2327.009837945987
271.1,0.0015759346,3771.9729228746687
271.2,0.0017147189,2802.482397606951
271.3,0.0015130851,2992.2098188757573
271.4,0.002868772,2436.5985974864516
271.5,0.0010964759,3783.4665545859916
271.6,0.0021096703,2347.466776391524
271.7,0.0025207796,2534.611387416582
271.8,0.0021554434,2240.12717612046
271.9,0.00253863,2209.0514112055143
272.0,0.002853942,1954.18849253727
272.1,0.0014841821,3483.956210566781
272.2,0.002135086,2642.4375866607406
272.3,0.0013564747,3223.2407103375563
272.4,0.0016075247,2138.7447490464665
272.5,0.0020114547,2391.0822312751775
272.6,0.001732248,2991.4828499260793
272.7,0.002471452,2074.4199969959745
272.8,0.0019636122,2942.1348486089446
272.9,0.0026939847,2251.579392086616
273.0,0.0013884461,3338.5770625721134
273.1,0.0021901214,2004.5333916848342
273.2,0.0025171249,2215.319744631649
273.3,0.0024076637,2134.901555767371
273.4,0.001893634,2170.3850860022203
273.5,0.002181024,2986.358613330289
273.6,0.0021828583,2344.708155541202
273.7,0.00210263,2205.1808008983526
273.8,0.0019938864,2341.114042369995
273.9,0.0027975081,2275.262337062376
274.0,0.0021057262,2492.6372366780033
274.1,0.002531968,1993.7625749564133
274.2,0.002746461,1946.3097054953098
274.3,0.001966134,3181.2732430989713
274.4,0.0019872123,2384.0171282482743
274.5,0.012821855,1134.4995201053862
274.6,0.005692968,1618.2471259033305
274.7,0.0021116824,3095.002795644462
274.8,0.0019175579,2827.2545957987704
274.9,0.003161827,2138.3863909808447
275.0,0.002471356,2015.7182607091393
275.1,0.0016800135,2811.891210625525
275.2,0.004161743,2303.5471208506524
275.3,0.0033701279,3039.0573587674153
275.4,0.002657258,2974.9680557848087
275.5,0.0018070048,2830.3028982704604
275.6,0.00263515,2736.2861284913215
275.7,0.007971036,1254.4890496194735
275.8,0.014393705,972.7551731537965
275.9,0.011038313,996.2145064495385
276.0,0.008367239,1089.9419660903168
276.1,0.0066583226,1172.9843730685284
276.2,0.009814582,1007.3177730732841
276.3,0.01340097,918.207516398553
276.4,0.007146306,1119.2287897590882
276.5,0.007825718,1231.284992819183
276.6,0.0020453671,4447.178298127579
276.7,0.0024160908,3404.514136883321
276.8,0.0024269922,2400.8514363438426
276.9,0.014089137,911.0871706362635
277.0,0.012032801,967.1636356323497
277.1,0.01062283,1050.7749829928503
277.2,0.012684778,972.4852672981376
277.3,0.005144771,1477.0416347888417
277.4,0.0017643509,2326.565630294498
277.5,0.0023315742,1849.3620177209423
277.6,0.0014169931,2940.2528265661695
277.7,0.0012421753,2532.4379412876006
277.8,0.0016426645,2950.855165232875
277.9,0.002404964,2015.501736196553
278.0,0.0019222201,2290.620279545509
278.1,0.0018176669,2158.362090162978
278.2,0.001968901,2049.3568802542763
278.3,0.0020820291,2326.3905191106032
278.4,0.001782057,2411.686459538572
278.5,0.0024550734,2155.651671360907
278.6,0.0022127393,2932.7784469620933
278.7,0.0017405122,3291.984841611322
278.8,0.0023324639,2311.1345188142955
278.9,0.0017224872,2394.3940014389473
279.0,0.0022492819,1920.0691539960885
279.1,0.018465638,942.6561621850826
279.2,0.022161439,832.8350444422324
279.3,0.014853407,934.1081248680866
279.4,0.0147764785,952.4739750488056
279.5,0.0013870158,2975.1896231833116
279.6,0.01524942,1081.5441728227438
279.7,0.014843819,1116.2352827456248
279.8,0.030859543,906.7385010685526
279.9,0.012573711,1157.8779855998648
280.0,0.021126157,868.8726357140224
280.1,0.019289082,765.5603427918329
280.2,0.024048338,1333.8752939042458
280.3,0.028699456,908.9147715876695
280.4,0.021288084,1065.8401681637738
280.5,0.0228371,744.9814973122852
280.6,0.02146611,916.7723027897523
280.7,0.01898903,1010.9308119280449
280.8,0.018002687,1028.8561112010123
280.9,0.015825856,1036.3395111817608
281.0,0.014893502,1034.3467500229249
281.1,0.014556531,1059.3073782809233
281.2,0.011556079,1031.485931839838
281.3,0.011122897,1081.0999340906662
281.4,0.0014338666,2717.9042788183806
281.5,0.0028807917,2039.0269916856737
281.6,0.023993501,721.5504385899419
281.7,0.002656806,3609.0794112778613
281.8,0.0010863037,5993.422332813012
281.9,0.01613195,975.2859104307045
282.0,0.013514994,1038.8268087963324
282.1,0.016608419,1018.202980721592
282.2,0.019203365,980.9947571716896
282.3,0.010228533,1313.2231407428067
282.4,0.0098711355,1107.3205915708363
282.5,0.0011360534,2609.374032208343
282.6,0.0015985852,3123.8761468740176
282.7,0.001397762,2887.642540818014
282.8,0.002390362,2404.1914038788545
282.9,0.002641662,2557.365114055877
283.0,0.0019832775,2169.139970543414
283.1,0.0018873014,2207.81213823291
283.2,0.0022560498,2065.5867535406855
283.3,0.0010830883,3286.5589223685774
283.4,0.0018424847,3202.94360904477
283.5,0.0021783593,2331.1031429973355
283.6,0.0021306113,2150.325082568006
283.7,0.002130798,2148.359363945133
283.8,0.0018771169,2521.100850041503
283.9,0.0022062277,2150.8267990601416
284.0,0.0011316316,3354.7233422242894
284.1,0.0018022995,2466.8449316980664
284.2,0.003779338,2089.0013770005244
284.3,0.0017878012,2329.212732190488
284.4,0.0022527815,2645.606201947885
284.5,0.0019581257,2294.3956467016733
284.6,0.0015704897,2634.215548245269
284.7,0.0017079026,2960.7135051426208
284.8,0.001738149,2152.5391563930752
284.9,0.0021563063,1876.6524042889773
285.0,0.0040581925,1532.0114079860775
285.1,0.0034959426,1658.5913469145623
285.2,0.002785999,1605.1201962340647
285.3,0.0024803218,1875.9483653360273
285.4,0.0024067722,1879.2258593497131
285.5,0.0018873939,2143.4130261362975
285.6,0.0021435374,2504.3112000397227
285.7,0.0014452132,2652.841170664516
285.8,0.0021770922,2245.343526641229
285.9,0.003362818,1761.3595386481384
286.0,0.002303035,2240.7708023820433
286.1,0.0021274942,2195.8138575390753
286.2,0.0030112248,1825.2077182367311
286.3,0.0025973604,2983.051078300534
286.4,0.0016960701,2170.1528471868414
286.5,0.0020467672,2760.6261859378164
286.6,0.0020884247,2287.3051891112227
286.7,0.0020527379,2662.81907730497
286.8,0.0019715384,2654.7674521323543
286.9,0.0016532637,2495.225631723578
287.0,0.002599687,2156.439931757106
287.1,0.0015756248,2425.9655003447306
287.2,0.0025401304,2245.954432138724
287.3,0.0025227505,1893.943799222056
287.4,0.0026003083,1859.1003895619558
287.5,0.0018808868,2280.5730798696277
287.6,0.0020548985,2746.1372289856245
287.7,0.0031270278,1839.253802054518
287.8,0.0024611647,2077.2531760521247
287.9,0.0027564287,1564.2309658902834
288.0,0.002526474,2313.7632708986475
288.1,0.0034920562,1490.9641773215226
288.2,0.003707499,1717.934403698351
288.3,0.0025962102,2424.7599646901535
288.4,0.0036284784,1629.8844791495453
288.5,0.0023783594,2257.00830754878
288.6,0.0026480504,2589.829400794848
288.7,0.0013632932,2558.956682270729
288.8,0.0017652716,2471.5338726548453
288.9,0.0028509295,1975.1693268088193
289.0,0.0020204573,2201.516374429886
289.1,0.003058027,2110.4956778561573
289.2,0.0013422864,3074.1126940159807
289.3,0.0019281463,2726.9397563978846
289.4,0.002752991,1974.4827720353014
289.5,0.002621812,1791.6983807880094
289.6,0.0028605359,1637.0437059942872
289.7,0.0018510853,2625.3201713725184
289.8,0.0023244037,2151.4050375295074
289.9,0.002987966,1804.9079167557434
290.0,0.0029729006,1754.1421397428326
290.1,0.0025679076,2141.5408761179897
290.2,0.0025066321,2211.7589802195853
290.3,0.002621484,1941.571415018785
290.4,0.0029185805,1783.276820850066
290.5,0.0024513134,2308.190998554046
290.6,0.0020644679,1981.4648023943562
290.7,0.0023509634,2480.707880143733
290.8,0.002386587,2224.2096893342696
290.9,0.0018850832,2590.1768201462155
291.0,0.0026008482,2290.2563016432323
291.1,0.002758946,1743.4498291560772
291.2,0.0020583621,2561.446486928098
291.3,0.0024126957,2171.0212806032628
291.4,0.001989674,2315.425625577262
291.5,0.0013367876,3229.882952641681
291.6,0.0026027898,2285.0818902191286
291.7,0.002582904,2325.4249031341346
291.8,0.0024883554,2355.9601215470725
291.9,0.0025046559,2302.2078025422293
292.0,0.0020556592,2723.4963516397174
292.1,0.0019423333,2482.5159933986497
292.2,0.001917989,2904.4652962708997
292.3,0.0023581048,2399.657595121226
292.4,0.0011464157,2997.895819012577
292.5,0.0046771527,1312.3728291973969
292.6,0.002389261,4341.711410893936
292.7,0.0042878245,1842.458330849116
292.8,0.0018217515,3261.7431367967597
292.9,0.0024396502,1980.943631763182
293.0,0.0011146298,3121.5863808509566
293.1,0.001992483,2905.8431385010126
293.2,0.0018021442,3058.3544079822964
293.3,0.00236176,2376.6189340561823
293.4,0.0020012523,2621.4165340451814
293.5,0.001745118,2709.403321246391
293.6,0.0019879949,2611.446238417443
293.7,0.022047462,788.643602139985
293.8,0.008558523,1430.738876146325
293.9,0.010702146,2311.2799642624927
294.0,0.023883149,1276.4721516486352
294.1,0.01471149,1327.7287350663942
294.2,0.018756041,1080.4491102307761
294.3,0.030144664,723.9202425258763
294.4,0.011881648,869.6585796261807
294.5,0.004052616,1726.2659446859311
294.6,0.015224808,855.4734880762741
294.7,0.009085069,1332.5017213098924
294.8,0.009726657,1301.9762033772163
294.9,0.0076629827,1292.5147476837856
295.0,0.007196894,1123.9262155091617
295.1,0.0035368172,1596.189502656415
295.2,0.0022910857,3091.648633196609
295.3,0.0019400376,6657.576642302914
295.4,0.0027393564,2607.4918199955446
295.5,0.014702322,1070.0755272193874
295.6,0.014046064,779.5400872811999
295.7,0.0072017885,1082.0272061051774
295.8,0.007983663,1187.820941180817
295.9,0.0019263215,3027.6629549876334
296.0,0.0020641328,2349.85189144782
296.1,0.0014054424,2777.256243567873
296.2,0.0024738272,2591.8244427828654
296.3,0.027512474,1056.861495209347
296.4,0.020227835,1008.9262535289896
296.5,0.019048166,898.3391225709686
296.6,0.011759576,1092.7078370610363
296.7,0.0058782385,1697.645847577057
296.8,0.0057446477,1335.7896260156465
296.9,0.008135344,1491.9540538102892
297.0,0.005929521,1476.9763121925337
297.1,0.0027174915,2023.9790971487537
297.2,0.002018155,2431.4696099085254
297.3,0.0016748488,2710.1005326579398
297.4,0.0018942001,2291.708230202332
297.5,0.0018738239,2666.837052892767
297.6,0.0014546064,2819.100645156148
297.7,0.0010542123,3572.0963755380094
297.8,0.0017084279,2780.1627871919904
297.9,0.0033002244,1801.016269716694
298.0,0.0012846593,3285.5447796880453
298.1,0.0016920195,2587.3802744143645
298.2,0.002588695,2185.355595595695
298.3,0.0019493592,2648.402948020451
298.4,0.0018993417,2675.7240130621512
298.5,0.0021291233,2534.32169131483
298.6,0.001357847,2950.1995254982385
298.7,0.0011004012,2973.0452105693244
298.8,0.0010977858,3519.88730313721
298.9,0.001975602,3510.6647258864996
299.0,0.0017334558,3353.9832500603097
299.1,0.002025445,2293.6082420625075
299.2,0.0017964689,2343.7374634882353
299.3,0.0017350687,2960.4202192563453
299.4,0.0021137553,2188.432948712768
299.5,0.0015131393,3119.6838919902348
299.6,0.0016279102,2364.0176818840855
299.7,0.0033952093,1875.7208777601254
299.8,0.001711078,2275.963873669923
299.9,0.0015225788,2762.3345035619022
300.0,0.0017146963,3185.021000072915
300.1,0.0017527546,2708.2960555085356
300.2,0.0024555945,2066.9488964849807
300.3,0.0022139773,2899.8163842558497
300.4,0.001394685,2701.0758455197174
300.5,0.0014730891,2788.284530394677
300.6,0.0022809189,2239.4552629314685
300.7,0.0016080673,2674.1558462340363
300.8,0.0018764675,2497.9183777164167
300.9,0.0023097952,2610.07242973723
301.0,0.0021576507,2296.9096482579052
301.1,0.002051174,2311.5831605673447
301.2,0.0020440235,2600.6102452057075
301.3,0.0025183917,1718.0519116721234
301.4,0.0031832017,1588.8022061975562
301.5,0.0022293623,3302.0021292476013
301.6,0.02948354,814.5658947227786
301.7,0.020827956,796.7543868256519
301.8,0.010611773,1001.9378415877562
301.9,0.009594771,973.5464552402027
302.0,0.014267453,1121.9226996488628
302.1,0.021628112,803.5439896335798
302.2,0.005073551,1363.2437571107766
302.3,0.0022061823,2384.349297026619
302.4,0.0035564667,2733.3335645768598
302.5,0.02081302,919.1328572327712
302.6,0.019468155,790.0393167117832
302.7,0.01687578,868.7841472037246
302.8,0.009014287,1319.9266282325102
302.9,0.0053057433,1326.832416626818
303.0,0.012020092,1087.0491259320652
303.1,0.011620648,874.9601424782898
303.2,0.009806592,1166.7451626156221
303.3,0.0098753115,934.1320151995665
303.4,0.001986439,7569.0512854107865
303.5,0.0105866995,1361.6223472892557
303.6,0.006213261,1734.9392484335767
303.7,0.008759847,4381.984201129911
303.8,0.015324635,1220.6031047242511
303.9,0.0025564306,8856.940456246419
304.0,0.017940357,1419.0607773480046
304.1,0.024096444,860.9659779602889
304.2,0.004040781,2226.6129291245456
304.3,0.0018107209,2640.9460969647257
304.4,0.0016755699,3490.6626003486062
304.5,0.0021702992,2339.6926107453774
304.6,0.0023675389,2668.449868978122
304.7,0.002405325,2824.464811411769
304.8,0.0021183288,3125.365808411225
304.9,0.0032908684,2136.774220022609
305.0,0.0019018896,2998.3807088370077
305.1,0.0018724294,2900.731746780135
305.2,0.0030105617,3353.2413787798705
305.3,0.0029973707,2958.672359417648
305.4,0.0024685226,2759.5938791411318
305.5,0.0013940047,3827.842566315873
305.6,0.0014144056,3157.5725328704675
305.7,0.0018532256,3704.121283504346
305.8,0.001713534,2782.147884063619
305.9,0.0021378472,2629.4695993280047
306.0,0.0018212241,2994.9759361858314
306.1,0.0022774602,3287.008484017797
306.2,0.0021909836,2205.0254367257266
306.3,0.002766884,1783.2363394025758
306.4,0.0023254903,1929.721724589875
306.5,0.0017992416,2204.6310773588575
306.6,0.0039944374,2107.1697770248443
306.7,0.001864813,2163.2864367213924
306.8,0.0023621127,1912.791787812363
306.9,0.0022735985,2530.092155199995
307.0,0.0015816458,2869.065361180276
307.1,0.0023122544,2347.705651016511
307.2,0.0029083162,2049.431480534853
307.3,0.002109301,2618.1226899656876
307.4,0.00225335,2353.694627196028
307.5,0.0023534542,3051.936634393808
307.6,0.0017203718,3072.4563046016583
307.7,0.0021905194,2597.4697277709283
307.8,0.00216305,2324.9719750907334
307.9,0.0020601824,2453.537822951276
308.0,0.0021491812,2306.6023648932232
308.1,0.0021689727,2154.0209067470428
308.2,0.002045989,1915.2373118248534
308.3,0.0019951493,2068.800546105546
308.4,0.0020150358,2827.3256178661654
308.5,0.0017859932,2831.433100720222
308.6,0.007456353,1046.961956161196
308.7,0.010278972,831.0101926934949
308.8,0.0030480083,1821.6073466671432
308.9,0.002021195,2041.093150798984
309.0,0.0015609162,3974.7861851112484
309.1,0.0022288046,2384.3083032197683
309.2,0.0026229594,1922.5504576394633
309.3,0.002088879,3020.223429483611
309.4,0.0012709401,2776.9052978381055
309.5,0.0022608507,2609.3845578453456
309.6,0.0015899299,2521.9480118935207
309.7,0.0024420586,1955.804070725897
309.8,0.0018053608,3164.6270703055134
309.9,0.0022891331,2285.8278632522656
310.0,0.0023324487,2014.8980902119363
310.1,0.0025973695,2008.4510054224297
310.2,0.0018870103,2295.274132897045
310.3,0.0020611004,2124.5006902345376
310.4,0.0018281329,2098.4593967889787
310.5,0.0015750078,2768.187804559098
310.6,0.001636618,2731.8598683651207
310.7,0.0017251949,2705.7272411970243
310.8,0.0027410302,2183.3202119964953
310.9,0.0017669715,2385.753907675365
311.0,0.001486609,2562.0912720673414
311.1,0.0018866798,2740.905752941355
311.2,0.0020874518,2216.2982696374806
311.3,0.0016669692,2376.479026056938
311.4,0.0012346316,3185.3215550883506
311.5,0.001826799,2493.6342689296753
311.6,0.0016947573,2340.805977296637
311.7,0.0016985153,2532.1761896767184
311.8,0.0016692685,2396.992016876993
311.9,0.0021107162,2962.1598788039946
312.0,0.0026856689,2188.526743216169
312.1,0.0018797006,2692.508479775711
312.2,0.0017152239,2494.357337765681
312.3,0.0018266309,2856.3683592926845
312.4,0.001807025,2688.401871685607
312.5,0.0021123476,2419.7843549410436
312.6,0.0020460614,2232.2956053104053
312.7,0.0015859014,2721.0730167220872
312.8,0.0021308549,2310.7635941611165
312.9,0.0028483244,1934.3338612475945
313.0,0.0019400513,2100.1426168953794
313.1,0.002543829,1760.308291193745
313.2,0.0036171013,1875.5537163971285
313.3,0.0024956637,1859.914851556619
313.4,0.002042429,2149.3694813002394
313.5,0.0018536294,2099.263005136514
313.6,0.0020070414,2545.740675220472
313.7,0.0015462774,2826.881875166727
313.8,0.0023093459,1832.6737366926552
313.9,0.0019781042,2788.9569484808803
314.0,0.0018458456,2170.441092801365
314.1,0.0023086395,1968.719626597407
314.2,0.0016061347,2652.7057302026406
314.3,0.0025745025,1973.770998567936
314.4,0.0020913812,2814.8190406729545
314.5,0.0016916741,3748.3925426342776
314.6,0.0011895369,3074.693438864948
314.7,0.0014392791,2850.3452059653255
314.8,0.0018754052,2763.0822130747247
314.9,0.002734291,1753.1382653747123
315.0,0.0018108159,2787.412057722136
315.1,0.0019100286,2165.3679277341325
315.2,0.0029352165,1547.8946254892562
315.3,0.0021762587,2252.775900122927
315.4,0.0022276386,2022.8246376965585
315.5,0.002781877,2004.9710895186195
315.6,0.0027998022,1838.6243281261522
315.7,0.0025306998,2235.3096339999947
315.8,0.0019803501,2141.493324603104
315.9,0.0026212672,1870.6520552614377
316.0,0.0018177854,2710.8596058730827
316.1,0.0018077667,2119.9741621500825
316.2,0.0032235458,1872.8852969387085
316.3,0.0027428688,1847.7503059907435
316.4,0.0018625772,2370.6335385411776
316.5,0.0013745495,3683.9095070233084
316.6,0.0025991336,1849.8191997160627
316.7,0.0016532436,3462.862002978714
316.8,0.002370682,1848.1777786962966
316.9,0.0024602446,2073.3498819620236
317.0,0.0022105146,2926.7257442179543
317.1,0.0022122154,2302.7884707403246
317.2,0.0015820478,2733.346867262725
317.3,0.0018464158,2610.1629647824393
317.4,0.0019257277,2444.722028574425
317.5,0.0017666693,3080.673770395222
317.6,0.0024610236,2099.3080230358955
317.7,0.0036220036,2061.8089697772734
317.8,0.0026911695,2323.0306836633263
317.9,0.002652041,1910.3623498847853
318.0,0.002758957,2081.52148252325
318.1,0.0031581619,1785.7601662963596
318.2,0.0032101634,1857.5714478455438
318.3,0.0019474676,2445.8340835555496
318.4,0.0018224474,2744.0452567578786
318.5,0.0023649298,2359.9917224637607
318.6,0.0017114552,2723.693624697617
318.7,0.0013995788,2431.2695979344808
318.8,0.0013092735,2768.2380847562126
318.9,0.0022988315,1889.74056286823
319.0,0.0024827695,1794.693917040071
319.1,0.002576222,2658.888892198613
319.2,0.009633823,1251.5576627885762
319.3,0.021458315,1166.6170221322652
319.4,0.0019558747,1963.1525491628709
319.5,0.0018062054,2403.739582079531
319.6,0.0022974317,2338.8379917878738
319.7,0.0034811608,2020.3457216796962
319.8,0.0031820026,1794.5311176320154
319.9,0.0032735462,1671.6016862400916
320.0,0.0017295345,2914.2672543503213
320.1,0.0033043656,1479.3195283657142
320.2,0.0026294987,2190.1789189549704
320.3,0.001819554,3324.5747503578687
320.4,0.0024688132,5805.579377342312
320.5,0.0027366611,2255.153123978868
320.6,0.0024992148,2073.4143332523286
320.7,0.0020688283,2586.601947646976
320.8,0.0029505542,2080.6050586644033
320.9,0.013728534,991.6104237332833
321.0,0.00825961,1240.4963866083126
321.1,0.018655987,843.6584152304025
321.2,0.014165309,1321.7742285897539
321.3,0.0021520862,7093.773998355353
321.4,0.017433641,1096.3005333567971
321.5,0.002817219,2533.6611482313883
321.6,0.017749652,1017.5532715655553
321.7,0.0024645438,3312.2129661185936
321.8,0.0022775298,2933.7073660800925
321.9,0.00586084,1987.553641619737
322.0,0.002284161,2714.091401509691
322.1,0.0049962467,1398.4742149317208
322.2,0.0035265433,1487.800392629822
322.3,0.0051474236,1555.551772198804
322.4,0.002368332,2416.1384581714565
322.5,0.0018956938,2767.1519961042873
322.6,0.0020259442,2803.5083011654506
322.7,0.0015782898,2371.291351842885
322.8,0.0016545724,2904.576480133475
322.9,0.0021459963,2557.818167324239
323.0,0.0015834854,2312.503385782904
323.1,0.0016743945,2507.6606490697695
323.2,0.0021535698,2134.368999622694
323.3,0.0017468212,3039.165479822298
323.4,0.0019249923,3639.53573969664
323.5,0.017627703,969.690636285977
323.6,0.0026914962,2429.8997557526927
323.7,0.02159354,1061.5235241849396
323.8,0.018291581,1014.141602593094
323.9,0.00452409,5841.167290382654
324.0,0.008307931,2099.5648532208306
324.1,0.012625863,2422.310075488978
324.2,0.012631433,1054.467671662776
324.3,0.019171838,968.9825387379435
324.4,0.0021254516,2614.981028040965
324.5,0.011131904,1047.0281137246557
324.6,0.035100542,1022.1226059098294
324.7,0.021475738,885.2180523549213
324.8,0.013460349,1048.843202578687
324.9,0.021296551,927.5266174261169
325.0,0.002357498,2190.6138326688238
325.1,0.009744807,1103.9544826539993
325.2,0.010133566,988.1169638811489
325.3,0.009055329,1042.3959323406839
325.4,0.0098467,937.4234028410724
325.5,0.0108489925,943.3798397328444
325.6,0.012731897,896.654287106073
325.7,0.015499664,858.1700451422539
325.8,0.003253304,1943.7417272177981
325.9,0.0026839213,2081.2011371616636
326.0,0.0013918814,2899.0412106763692
326.1,0.0024645103,2466.7591215253387
326.2,0.0015245229,2652.042867298203
326.3,0.0020361354,2179.4901491362853
326.4,0.0023353603,2116.9268045269228
326.5,0.0024374074,2142.0839193393563
326.6,0.001508235,2936.48989179033
326.7,0.001296618,3238.1833399679467
326.8,0.0020133639,3140.5092651276477
326.9,0.0027086895,1729.1607639678903
327.0,0.0013992249,3393.0056605636028
327.1,0.0013284731,3203.203325853437
327.2,0.0016529482,2566.7325791587455
327.3,0.0015039768,2896.309346449172
327.4,0.0012601654,2874.205308458251
327.5,0.001667686,3536.5986523552237
327.6,0.0024454268,2447.8583693888327
327.7,0.0018876862,2990.029600881358
327.8,0.001085756,3561.7390021506026
327.9,0.0017710327,2492.047821772438
328.0,0.0021877165,2464.4427408239762
328.1,0.0016160408,2767.966314889591
328.2,0.0021187523,2154.349740988501
328.3,0.0026725994,2292.9845453452062
328.4,0.0020433536,3400.3226739772695
328.5,0.0017991742,3252.378250622743
328.6,0.0022483242,3300.4057683230685
328.7,0.0014842448,3142.0283280930425
328.8,0.0018368742,2365.484947238954
328.9,0.0019245766,2466.3908853821904
329.0,0.0017538683,2949.9383734197054
329.1,0.0019627737,2325.9539149304446
329.2,0.02713525,1006.3297087997007
329.3,0.0019449275,2404.132931350446
329.4,0.0022385423,2423.816543781484
329.5,0.016665895,956.3678110249318
329.6,0.01771424,873.7266222650009
329.7,0.022596596,808.9485371945984
329.8,0.0026373006,2524.8204602467385
329.9,0.020001557,1120.8370301938596
330.0,0.0027616764,1994.6440909196356
330.1,0.0024800324,2367.98468132792
330.2,0.024237111,783.7100942245186
330.3,0.0033041392,1970.3948220805537
330.4,0.012338421,969.2696251342226
330.5,0.006373169,1121.702396831184
330.6,0.0028304646,2075.6866124312955
330.7,0.002260989,4936.908806151208
330.8,0.0028558332,3577.306626816867
330.9,0.0028087962,2273.94043994876
331.0,0.0033704343,2279.7697518598297
331.1,0.0025761938,8008.452157346479
331.2,0.01874257,890.4531938466347
331.3,0.01943524,787.5301307025948
331.4,0.025866508,909.5923589275355
331.5,0.02027852,1074.3746444587537
331.6,0.015128009,1060.278878100834
331.7,0.019247007,1029.8561145235608
331.8,0.008989428,979.3072726438279
331.9,0.0064360783,1236.4724368928278
332.0,0.0027201828,2138.3301149849012
332.1,0.0024168878,1929.60161206695
332.2,0.0030477017,2872.103969060234
332.3,0.002731966,2167.107069163631
332.4,0.0014342562,3190.535419677115
332.5,0.0021011026,2413.8017061344253
332.6,0.0016025559,2391.8566477926715
332.7,0.0016509923,2728.265765889976
332.8,0.0015504068,2470.6900255768396
332.9,0.003491297,2190.0670359331043
333.0,0.0020459965,2526.9325754635315
333.1,0.002215964,2103.7239017633133
333.2,0.0033729228,1637.6018135624263
333.3,0.0029737612,2229.917340418316
333.4,0.00225884,2114.6589871440256
333.5,0.0029590477,1817.0833053107335
333.6,0.002292093,2011.448831420063
333.7,0.0017849085,2783.7405609247553
333.8,0.0020460766,2057.3381152379798
333.9,0.0024667347,2845.651762313604
334.0,0.0026798125,2298.257791306163
334.1,0.0016162404,2544.919457368735
334.2,0.003097757,4542.387362413343
334.3,0.010593615,1144.7849110746874
334.4,0.0033145484,1704.9764249827817
334.5,0.013731,1022.2913582140558
334.6,0.013915921,1042.2995960379035
334.7,0.007857853,1285.461878651457
334.8,0.002944162,7336.899204378682
334.9,0.021238867,1151.901620812967
335.0,0.018585974,979.7425957223503
335.1,0.021928879,932.1898238273845
335.2,0.0049515623,4234.000236062791
335.3,0.006319666,2684.342655947592
335.4,0.020063309,1254.5735987756802
335.5,0.0023261283,5723.8446205286655
335.6,0.017757118,737.4115601928803
335.7,0.005475828,1372.070098050301
335.8,0.0031653966,1609.2397469059492
335.9,0.0027758973,2684.9210283349407
336.0,0.0036226998,2122.99111287912
336.1,0.011450832,1124.6423953753037
336.2,0.01777301,839.1043137183747
336.3,0.0160351,947.7258335366462
336.4,0.010819271,1024.7491290841112
336.5,0.0123616,1079.1250452785262
336.6,0.004852914,3035.7078565434713
336.7,0.0019844074,5347.626965317766
336.8,0.013192163,1078.7699559585171
336.9,0.016082276,844.3552643199719
337.0,0.009567885,1162.5919624980784
337.1,0.008184511,1161.7377851219346
337.2,0.010800424,953.8413336613125
337.3,0.0079704095,1164.6373600520396
337.4,0.008405533,1262.1995469151273
337.5,0.0021278714,2211.9184713317422
337.6,0.0018043171,2354.8627116690777
337.7,0.0016298429,2897.8707457788532
337.8,0.0013412298,3008.542389657976
337.9,0.002693054,2200.837338799005
338.0,0.0017540249,3193.387907525569
338.1,0.0015383831,2541.29591583829
338.2,0.0027168475,2074.0366797517354
338.3,0.0017870415,2747.544631271079
338.4,0.0016379156,2553.1193049090534
338.5,0.0020674707,2202.8007085066934
338.6,0.001399846,3015.1205783673945
338.7,0.0015294544,2610.4538624453253
338.8,0.0016957507,2389.0460458568973
338.9,0.002258283,2089.4373468343583
339.0,0.0019522371,2503.8100623018504
339.1,0.0016895514,2259.715676385653
339.2,0.00230774,2259.87268976327
339.3,0.0019100683,2220.031952654299
339.4,0.0016609317,2778.6524322814967
339.5,0.0014274459,3077.538447978682
339.6,0.002182598,1991.4224672680518
339.7,0.0014372122,2961.220815745428
339.8,0.0017866782,2687.8468041166316
339.9,0.0026835669,2516.530425389462
340.0,0.001959641,5749.035026239991
340.1,0.001504777,2942.0728647704236
340.2,0.0015793644,2600.5435761878125
340.3,0.0014131299,2781.2254235887867
340.4,0.0018026448,2583.3501699244935
340.5,0.001913208,2682.942787176685
340.6,0.002126836,2307.939253928703
340.7,0.0016654679,2704.839578248311
340.8,0.0009086076,3585.86685381627
340.9,0.0021791118,1984.2013320749636
341.0,0.0017460546,2700.325840212344
341.1,0.0019449876,2664.32070137602
341.2,0.0021030665,2983.7436595787494
341.3,0.0015015913,2922.8181781225653
341.4,0.0018932301,2776.908425539041
341.5,0.0014781215,2360.0132299966676
341.6,0.0013979232,2646.291620799779
341.7,0.0013518756,2996.97263220896
341.8,0.0020277495,2665.814264514829
341.9,0.001970429,2256.0970887936733
342.0,0.001551922,3005.3583053784723
342.1,0.0015659845,2542.6436470035405
342.2,0.0027163748,1922.5291729618164
342.3,0.0016279846,3039.8353565338707
342.4,0.00909735,981.3496048611778
342.5,0.001347832,2627.562177965899
342.6,0.0015676464,2920.987061920922
342.7,0.0011613211,3767.125333234617
342.8,0.0016347455,2686.9016362280577
342.9,0.0018938736,2682.2592266955176
343.0,0.0014446423,3230.2243903115195
343.1,0.0017894408,2314.0766632355394
343.2,0.0018879855,2197.2350646282202
343.3,0.0016285692,3093.1705057871814
343.4,0.0013700428,3761.1718847887087
343.5,0.0060732015,1031.2204694468505
343.6,0.009484748,929.7975632757511
343.7,0.0065940404,1213.6420515078114
343.8,0.0018480874,2631.6386013400715
343.9,0.0019804214,2445.2182971275356
344.0,0.0018637459,3072.7264896438696
344.1,0.0012512298,3012.7571507515822
344.2,0.0019900943,2187.8347945577234
344.3,0.002015061,2132.0719909664094
344.4,0.0012039638,3071.5154132388525
344.5,0.0045724562,1548.3277737961607
344.6,0.0020940665,2232.235686449433
344.7,0.0017161361,2590.951163202334
344.8,0.0018615321,2597.7388849743656
344.9,0.0034602308,1702.4610835426658
345.0,0.0016922731,2547.4056812641875
345.1,0.0017494458,2564.8530521532252
345.2,0.0023971319,1945.991242214049
345.3,0.00244036,1874.327036724228
345.4,0.002267888,1967.6576630398408
345.5,0.002099102,2493.8455566060647
345.6,0.0022861853,2051.111583250916
345.7,0.0016844751,2617.8192245881464
345.8,0.0019203206,2269.6984701901993
345.9,0.0021571778,2187.9004542264015
346.0,0.0019197088,2075.4808823179974
346.1,0.0019280447,2424.8459758636864
346.2,0.0020357177,2380.615303406358
346.3,0.0015518202,2517.9237731783746
346.4,0.0023964131,2001.6962621695457
346.5,0.028124837,1184.802105779119
346.6,0.0053515383,1555.919559591281
346.7,0.0030324555,4366.253839902534
346.8,0.0032614125,2656.4186699586753
346.9,0.0032804345,2261.6089831349627
347.0,0.001960548,2280.1691229029616
347.1,0.0020918886,2044.854623270588
347.2,0.0030028375,1738.732522506293
347.3,0.0027171567,1845.0372990731269
347.4,0.002249171,3096.8756360258635
347.5,0.003348612,5480.027531594672
347.6,0.020190574,725.2472517840163
347.7,0.027918613,826.9172122373689
347.8,0.02950565,1189.056667917285
347.9,0.025599405,959.2013154196209
348.0,0.0026997982,8236.516024610992
348.1,0.0020841698,6791.571620133603
348.2,0.0035789378,1870.4257876221886
348.3,0.003729818,2097.359573306793
348.4,0.0675315,1057.9722483584571
348.5,0.04792675,961.0517105606342
348.6,0.011678044,2956.6518631980543
348.7,0.02855966,1187.5919833791872
348.8,0.0038123243,2329.8605209302627
348.9,0.0029006135,3812.518765163297
349.0,0.0035311289,1545.666811498073
349.1,0.01728035,960.4647602062344
349.2,0.010997533,1053.9846670062916
349.3,0.002047909,2505.4640509911824
349.4,0.0018586927,2838.711362752186
349.5,0.002954609,2113.5623750249624
349.6,0.0024262643,2429.4076484517363
349.7,0.0030089598,1678.9399481474163
349.8,0.0018694346,2194.5265214824517
349.9,0.02191508,652.8021965903843
350.0,0.03287382,808.2567401084333
350.1,0.026873246,1266.6507123499891
350.2,0.0037730436,1661.7028906861826
350.3,0.027580222,936.8842661357406
350.4,0.02194401,957.797833703455
350.5,0.011371432,1012.4149452650712
350.6,0.025497807,946.8089394484318
350.7,0.026136106,966.3573179296448
350.8,0.01934228,799.002731985274
350.9,0.003070585,1795.3755558249006
351.0,0.0023069873,5359.782935469614
351.1,0.03918689,861.5619838345933
351.2,0.03474599,821.2644028660669
351.3,0.01836213,1081.550723902958
351.4,0.0029139456,2439.703563581034
351.5,0.017466705,1096.261640155846
351.6,0.01585637,1107.7045921928493
351.7,0.016213486,1118.2516628672217
351.8,0.0035930893,2333.93898214462
351.9,0.0025683641,2341.2572138073883
352.0,0.0021367427,2806.646309316175
352.1,0.001432176,2549.981235485944
352.2,0.0014633226,2713.6705643894247
352.3,0.0020287826,2893.892957070683
352.4,0.0020231754,2719.4536876029288
352.5,0.0017276447,2679.542040928709
352.6,0.0023683405,2128.9035903136128
352.7,0.0015851116,2811.3344873697843
352.8,0.0018790028,2256.6316489226774
352.9,0.0019967847,3081.8732082518636
353.0,0.0021104342,2531.62448837633
353.1,0.0022281855,2264.744665373989
353.2,0.0016624324,2350.0155900359446
353.3,0.0024694297,1826.2012488737298
353.4,0.011591002,820.669088939475
353.5,0.020141466,977.216503779823
353.6,0.026345268,940.694597577882
353.7,0.03224297,943.8644408584507
353.8,0.0014466249,2784.6316724422595
353.9,0.024465133,1098.7611971219203
354.0,0.0019543697,2290.5093580116472
354.1,0.0015955041,3019.131521959096
354.2,0.034178257,1187.8086371864551
354.3,0.019868942,1401.9335933957555
354.4,0.0021761777,2460.072153076112
354.5,0.011736309,1360.460326273941
354.6,0.0028206357,2186.7027252097523
354.7,0.022892969,1048.4424139667913
354.8,0.016952071,917.2084753930676
354.9,0.017376997,746.8946821858146
355.0,0.015729805,905.8731486100786
355.1,0.016333586,909.1957425195236
355.2,0.0149576925,944.742938795657
355.3,0.007880915,1305.2796430580925
355.4,0.0017448723,2413.319672543814
355.5,0.0013989941,2893.067126697872
355.6,0.0016651985,2438.049100413314
355.7,0.0016152568,2521.715618293552
355.8,0.0015195664,2235.206378024955
355.9,0.0022743244,2048.4505834550573
356.0,0.001879617,2583.460925181683
356.1,0.0025050528,2081.9484471132323
356.2,0.0101265125,1290.2653452069926
356.3,0.002780929,1897.505131738395
356.4,0.018814838,912.7624893401837
356.5,0.0012797215,2821.900141066926
356.6,0.0016440027,3016.9590551361694
356.7,0.01833071,779.930564894057
356.8,0.018083625,829.5142748525345
356.9,0.021571666,765.5790764967202
357.0,0.021885956,981.9995740628729
357.1,0.01656048,872.5040461305991
357.2,0.014263551,939.2390941824383
357.3,0.010478168,1014.1977482859197
357.4,0.008814117,1001.6057155846738
357.5,0.0017765742,2525.538291734595
357.6,0.0013118727,2843.9975638216274
357.7,0.001466978,2358.6096918346657
357.8,0.002144973,2189.8743962875355
357.9,0.0025894484,1958.2225110943875
358.0,0.010294551,1227.0230836090743
358.1,0.023494028,833.1937002931093
358.2,0.014241075,1813.8556020135093
358.3,0.0095628565,1228.3422352387383
358.4,0.0034211555,2022.3621544736989
358.5,0.0072447616,1281.7413922513551
358.6,0.0075515886,1058.8774674885126
358.7,0.005248245,1110.6958319557405
358.8,0.0034362224,1569.574344351829
358.9,0.0028093203,1674.562142919882
359.0,0.0026520032,1624.8634142405328
359.1,0.0019037169,2340.5284273314846
359.2,0.0020008083,2367.606313735031
359.3,0.0015344116,2866.786244807635
359.4,0.0018924932,2732.485721971311
359.5,0.0015014036,2519.219047380864
359.6,0.0018901817,2436.0181110562207
359.7,0.0024033221,2271.922709472875
359.8,0.002056988,2507.6927183524235
359.9,0.002078107,2344.580945596618
360.0,0.0016491518,2443.5683302717894
360.1,0.0015794968,2769.8161576534553
360.2,0.0022293953,2355.0337937014056
360.3,0.001372815,2657.774668872172
360.4,0.0021148887,2525.479712058306
360.5,0.0013581944,3231.863622422168
360.6,0.00258368,2193.1523599721263
360.7,0.0012158654,3142.2830387908716
360.8,0.0019523988,2660.246932236333
360.9,0.0017792715,2769.5785205224583
361.0,0.0018120127,2482.5875850100247
361.1,0.0021063352,2575.279627083699
361.2,0.0016921511,3327.2080138054816
361.3,0.0020516901,2434.7806146379867
361.4,0.0014753732,2750.357049155866
361.5,0.0015401989,2745.288077844073
361.6,0.0016724076,3212.008805295728
361.7,0.002276738,2229.1361362429675
361.8,0.0017422402,2497.214646921243
361.9,0.0024874648,2249.700332936868
362.0,0.0020912555,2671.1987333593243
362.1,0.0017716379,2272.0452186874877
362.2,0.0029833473,2306.5815433607036
362.3,0.0021828155,2670.5024280085754
362.4,0.0019031543,2062.177516666683
362.5,0.0018686592,3354.0705094013106
362.6,0.0017501134,2561.0486278337453
362.7,0.002003255,2249.0935890424025
362.8,0.0021611243,2041.896020608001
362.9,0.0027143108,2573.251424513167
363.0,0.001937351,2565.855524697604
363.1,0.0070778825,1141.1102477697357
363.2,0.030531542,818.2999785157493
363.3,0.020990588,869.534691612257
363.4,0.032967452,800.9221572575916
363.5,0.013627726,1046.127278058588
363.6,0.011490927,1198.9817284582723
363.7,0.0024206727,7666.578805350582
363.8,0.0033111165,1927.6649488546127
363.9,0.019383775,862.0678910129031
364.0,0.0024567605,1844.8082834232268
364.1,0.021511167,969.7132163986225
364.2,0.010431207,1020.9782215675355
364.3,0.002316943,2052.200185876764
364.4,0.015328065,911.1681038690937
364.5,0.015933124,1174.9770567026233
364.6,0.024551181,982.1739322637088
364.7,0.026942747,745.368203949087
364.8,0.0030227487,2038.2634707456837
364.9,0.013215115,826.2644255573565
365.0,0.008420994,1160.3005187924564
365.1,0.008928522,1141.2100638581037
365.2,0.0026420318,5213.025362900343
365.3,0.0154503,813.3173044831653
365.4,0.011380852,1001.1171023250984
365.5,0.0016031555,2431.7189532040134
365.6,0.008691969,1050.86617028962
365.7,0.00768952,1086.5473200018912
365.8,0.008738896,1064.5056038839468
365.9,0.009192162,1067.7106886991687
366.0,0.0055003455,1216.707248399804
366.1,0.0019772078,2286.414582687563
366.2,0.0025397062,2136.36115626241
366.3,0.001564104,2643.2494367883664
366.4,0.0021004053,2448.524649297806
366.5,0.0013965958,2747.7098123293617
366.6,0.001287791,3668.1522694595437
366.7,0.0022930258,2442.879863557842
366.8,0.0011118675,3249.8257196688483
366.9,0.0031357026,5649.906664159321
367.0,0.0025238052,6051.669675633697
367.1,0.023659851,1058.9264536074552
367.2,0.0056605707,1394.1483538743887
367.3,0.014923109,944.6829439656943
367.4,0.0064505655,1662.1905100054573
367.5,0.0007898145,4644.70516066693
367.6,0.002148611,4489.429644441792
367.7,0.00948929,1026.4113832420599
367.8,0.0016836695,2815.1117967565224
367.9,0.0023211134,2261.4446521741766
368.0,0.015228662,845.424524349935
368.1,0.012155942,1013.5507455550403
368.2,0.008599253,1104.1983357200272
368.3,0.017748043,791.980309732255
368.4,0.003243419,5319.150127870422
368.5,0.013954606,6097.197744684516
368.6,0.026146231,776.3728865187602
368.7,0.009253815,1435.85369772795
368.8,0.016555976,1001.8123723868326
368.9,0.008163526,1037.6163630598542
369.0,0.0046851365,1678.7438091117792
369.1,0.01913105,1008.2684423887974
369.2,0.00889533,953.1504004494841
369.3,0.005387018,1226.8291538145631
369.4,0.0022404976,4594.098280571668
369.5,0.0015318182,4377.362259265602
369.6,0.0098552,1059.1067720438084
369.7,0.004639048,1682.8618717923282
369.8,0.0018336886,2690.633146510164
369.9,0.0018111547,2813.121683183823
370.0,0.0021465719,2718.393662051113
370.1,0.0014365874,2908.9845663883452
370.2,0.0019306141,3953.34827647401
370.3,0.0020359033,3548.2241129196764
370.4,0.0022444834,3115.615995407271
370.5,0.0012776811,2700.97055322006
370.6,0.0015582595,2941.3981051104906
370.7,0.0022071423,2079.841950717512
370.8,0.0019688983,2818.8500084783036
370.9,0.0026339795,1760.3685475065722
371.0,0.0016993155,2990.728162567164
371.1,0.0016919357,3892.708762000826
371.2,0.008512198,2351.4470801189
371.3,0.028389366,773.1563124931026
371.4,0.02197556,884.1210741087541
371.5,0.029809419,893.5708085778114
371.6,0.0024718803,5843.425124448562
371.7,0.0056092804,2236.234523317096
371.8,0.030067079,1020.7529937125025
371.9,0.021209005,879.3825862838141
372.0,0.025091432,862.632759370817
372.1,0.034739073,986.741466016062
372.2,0.033856362,877.5715336759413
372.3,0.01694367,1061.9221368245064
372.4,0.012126479,1013.1652950412895
372.5,0.0066159894,1211.2584587887377
372.6,0.0019311797,2421.6833141482466
372.7,0.016850369,865.2028066292137
372.8,0.0070474204,1262.485538468777
372.9,0.0059546693,1205.855319240975
373.0,0.008506802,1000.5171484840391
373.1,0.00524862,1122.0496349132345
373.2,0.0032714421,1677.0187731011888
373.3,0.005663226,1195.8165993136838
373.4,0.0031889365,1667.605894194141
373.5,0.0023169983,2003.8729702695566
373.6,0.0020809835,2177.703415970811
373.7,0.0019056842,2292.7411249945562
373.8,0.001989307,2692.486454655082
373.9,0.0018060653,2553.064752760175
374.0,0.0025355425,2212.9641573004265
374.1,0.0021696587,2063.149980448845
374.2,0.0020048795,2648.2492629509265
374.3,0.0023598806,2131.982807300325
374.4,0.0017666046,2283.0811486786224
374.5,0.0017899983,2552.9840911569117
374.6,0.0017113534,3081.4181598197765
374.7,0.0021785398,2134.1411920087908
374.8,0.0020913875,2282.9517253098747
374.9,0.0023208489,2516.173284922097
375.0,0.0022112646,2045.1220302204938
375.1,0.0026405382,1525.0911218926433
375.2,0.0026172346,1888.7033470039985
375.3,0.028297653,824.162322135662
375.4,0.025029281,697.0545185918442
375.5,0.0128681995,929.0276643130966
375.6,0.011422072,824.7957426441772
375.7,0.0037263883,1366.243523766748
375.8,0.0025002013,3400.211501665673
375.9,0.0031482244,2001.5728919404091
376.0,0.0015377341,2502.047793079429
376.1,0.012430732,946.7467704023845
376.2,0.010373778,954.5150063724161
376.3,0.009466587,994.5506770849502
376.4,0.007242152,1050.2782228024823
376.5,0.008968121,1062.5539108616185
376.6,0.010922428,981.6145193153404
376.7,0.011882554,962.2251791675928
376.8,0.013035504,944.5952277938536
376.9,0.0071359724,1293.755171039577
377.0,0.0022016806,3778.2193874932836
377.1,0.0031310874,4977.341751505966
377.2,0.0029535692,3860.9056450052144
377.3,0.0033830123,3175.6828794234198
377.4,0.0046479325,4218.477414448984
377.5,0.0027878117,3340.2822571741026
377.6,0.003080938,3514.5714829917233
377.7,0.0024248061,3380.0101113789724
377.8,0.0020773015,2062.2901129726047
377.9,0.0063123098,1335.5340555319958
378.0,0.0027323402,2067.3946190793445
378.1,0.0024058563,2162.310119848158
378.2,0.002366666,2071.732171078406
378.3,0.0025238793,1774.894792513912
378.4,0.0019134866,2210.811472922664
378.5,0.0014710694,2911.6735637334586
378.6,0.0025134587,2386.304077824868
378.7,0.0029286097,2073.3652618880924
378.8,0.0025908952,2097.149234667029
378.9,0.0022296845,2033.8328267390298
379.0,0.0020200051,2368.337068953469
379.1,0.01817125,1090.9931549276787
379.2,0.019038532,1217.6913600035882
379.3,0.0084251445,1734.400806741661
379.4,0.017329449,811.3741775992037
379.5,0.018140132,717.2595419139363
379.6,0.016863635,1266.8375227692827
379.7,0.019239614,1040.6288040993522
379.8,0.018799964,979.0986280296715
379.9,0.016007306,1053.9611796651557
380.0,0.0131460875,1130.9667462625957
380.1,0.008897874,1158.9759178767488
380.2,0.003509116,1899.8363169861038
380.3,0.0025675718,1969.5419815516148
380.4,0.002873144,2342.0104654939814
380.5,0.0026078501,2380.7814938240526
380.6,0.0023131843,1946.1357473221951
380.7,0.006657951,1483.7198278920641
380.8,0.003415809,1599.0603336603062
380.9,0.0033679274,1726.5187390489843
381.0,0.0023900876,1985.9561617837505
381.1,0.014555811,1199.588083141517
381.2,0.013851123,1310.829428284686
381.3,0.010464177,1518.3607357394512
381.4,0.0039891237,2355.8808389439605
381.5,0.002544681,2123.371057310541
381.6,0.0012240353,3036.870166365759
381.7,0.0015701047,3172.7103373689547
381.8,0.0020200051,2788.465041467262
381.9,0.0030195885,2052.233144530064
382.0,0.0016127373,2960.3152451767087
382.1,0.002028091,2611.39972863765
382.2,0.003260996,2070.193396294897
382.3,0.0025065872,1996.747848142313
382.4,0.001890013,2959.3672864418395
382.5,0.004591884,1750.989556159549
382.6,0.0022328752,1991.4118072287952
382.7,0.024029506,1018.7795839323812
382.8,0.0044469717,1835.3701098880483
382.9,0.019712884,1147.9517181657934
383.0,0.01656944,913.7063603242259
383.1,0.009036986,1029.5380664783806
383.2,0.0060306885,1074.4544419460808
383.3,0.0055168844,1439.275133466639
383.4,0.0021459176,5606.599323266053
383.5,0.00888961,1717.0563361027055
383.6,0.00397049,1248.5351161866802
383.7,0.003406005,1880.3577714523155
383.8,0.0028455337,2052.591317202406
383.9,0.001980287,2131.6088711557272
384.0,0.0018395194,2757.4048901845817
384.1,0.0017936388,2704.4053844904356
384.2,0.0024773215,1998.9195367601978
384.3,0.0025356463,2170.354042123094
384.4,0.00240418,1843.7194544133579
384.5,0.0016041885,2973.88554669353
384.6,0.011362885,1060.649098847664
384.7,0.013664734,982.7061681303961
384.8,0.012545182,899.5315119717402
384.9,0.016827319,866.7383012959453
385.0,0.01293921,1079.6810056551462
385.1,0.013037059,1124.8019744897078
385.2,0.009818665,1321.2928749413386
385.3,0.02114947,790.1379377045396
385.4,0.014400819,1039.1052449025224
385.5,0.012115551,896.4710557186875
385.6,0.005278249,1606.9019483106538
385.7,0.0016914675,3082.570749250735
385.8,0.002280828,1712.1127918038148
385.9,0.013634604,954.8778297171485
386.0,0.015844934,788.064230810189
386.1,0.0050259125,1859.5074752857581
386.2,0.0018491247,2027.7448414281773
386.3,0.01125991,1009.7401609990877
386.4,0.016463196,988.0018029912608
386.5,0.014931513,1008.007220356804
386.6,0.015021089,1050.9014679500942
386.7,0.011122248,1162.9733164692668
386.8,0.005926233,1574.5547586188718
386.9,0.002445686,2103.7360549867435
387.0,0.0014512194,2792.7088728173003
387.1,0.0020388586,2110.504161967856
387.2,0.0016100819,2665.615703646015
387.3,0.0016621782,2975.6766019114593
387.4,0.001923669,3063.0368464420812
387.5,0.0017588935,2695.1300233405427
387.6,0.0016009074,3421.269126233781
387.7,0.01567738,1040.5428073735293
387.8,0.0018872387,2739.6487641336585
387.9,0.0018103322,3144.915339834121
388.0,0.032433785,990.7642697788124
388.1,0.0021759437,2481.5982969350293
388.2,0.02101092,1278.8750385891135
388.3,0.013494244,1032.890406848118
388.4,0.016177591,777.4778068539447
388.5,0.010580269,860.3227695151324
388.6,0.0020883298,3201.734542219221
388.7,0.0073084054,1139.5273708190157
388.8,0.0018186974,2601.6968293829877
388.9,0.004644444,1902.2432171612386
389.0,0.014084495,825.812050704398
389.1,0.006470165,1220.4240895621651
389.2,0.00235238,2467.193671556162
389.3,0.010416972,951.0565019278383
389.4,0.011601421,905.3553134227884
389.5,0.0024509854,1793.8722724681604
389.6,0.0017555727,3088.0308469926304
389.7,0.006533639,1547.037842335989
389.8,0.012243204,1031.124467340522
389.9,0.00966029,1122.6400962459024
390.0,0.0050506694,1557.2492972218956
390.1,0.0023866454,2084.3317099774163
390.2,0.002900746,2077.580813332599
390.3,0.0019221666,3020.429071376533
390.4,0.0023850298,2030.8332355004454
390.5,0.0022653344,2568.1019436000624
390.6,0.0021134955,2466.5815473808198
390.7,0.00164921,2754.96388873432
390.8,0.002416178,2008.4617125555724
390.9,0.0022121142,3039.1458416827463
391.0,0.0015981649,2555.8861374825383
391.1,0.04235769,731.529403592794
391.2,0.03841929,788.1730719903285
391.3,0.0178898,1100.1731600863698
391.4,0.008295402,1299.544952751569
391.5,0.005603346,1412.807305676235
391.6,0.003027907,2302.2179705122735
391.7,0.0021946202,3414.474182414416
391.8,0.003038078,2455.018393320216
391.9,0.0024646125,2055.4449796482504
392.0,0.0025913247,2248.6355956171483
392.1,0.0016331698,2521.4947124122364
392.2,0.0023307921,2359.895928748987
392.3,0.0019219369,2880.609742957141
392.4,0.0025092596,2067.4877184558723
392.5,0.0022540947,2068.7592592771152
392.6,0.0021092873,2244.930743016896
392.7,0.0020310201,2866.080476729351
392.8,0.0024048844,2319.368329098303
392.9,0.0023231641,1946.8689514083335
393.0,0.0025644933,1975.1026476997636
393.1,0.0019236049,2784.520140051576
393.2,0.0020210652,2428.52429932266
393.3,0.0017959322,2895.920436164197
393.4,0.011599277,1186.222213897508
393.5,0.0058216257,1722.9831880368354
393.6,0.0020476796,2501.8643131954977
393.7,0.0020287663,2880.9646175409607
393.8,0.0024500329,1926.2814871320763
393.9,0.0027572254,1978.3617689813298
394.0,0.042826883,1243.632433245904
394.1,0.013215026,1599.3073581768895
394.2,0.020069392,1017.9403210400117
394.3,0.0014484511,2591.3125137147044
394.4,0.0015831516,2460.1650092760306
394.5,0.0024366255,2094.7273099739814
394.6,0.013223721,1695.0434510736604
394.7,0.021266123,1524.178766413214
394.8,0.005316817,2246.756292561585
394.9,0.043451775,1751.8253839795589
395.0,0.032273516,1127.1319929912167
395.1,0.04982296,1210.1964253463775
395.2,0.0124785695,2868.9175629509195
395.3,0.019225998,1588.688831899585
395.4,0.011436691,1203.7362091177374
395.5,0.038296223,1292.9504781258613
395.6,0.0024837933,2303.5469159829345
395.7,0.020278584,926.8174094644446
395.8,0.0025158261,2463.656944618059
395.9,0.0017087947,2650.0246427885013
396.0,0.0023932504,2229.6446212726337
396.1,0.0021418342,2383.250552564405
396.2,0.0018173271,2206.7877094474184
396.3,0.0024092754,1652.184021951186
396.4,0.008225947,1230.6299195898873
396.5,0.021384,1088.2334795176796
396.6,0.017803883,1118.5831041752854
396.7,0.0029692426,2597.0909736816097
396.8,0.006275937,8168.078236743373
396.9,0.005755771,2840.326280418253
397.0,0.0018418931,2568.2270404643004
397.1,0.002011344,2872.4955958258697
397.2,0.029588552,1501.4965927635728
397.3,0.020978153,1142.4160557289752
397.4,0.029232858,1177.9326921863928
397.5,0.0030236049,9435.288962370783
397.6,0.02349184,1126.0039294006906
397.7,0.021236008,1284.9765110088942
397.8,0.01548169,1450.7006493785132
397.9,0.017311402,1295.8312924551017
398.0,0.004596221,1843.0516273880376
398.1,0.0019205486,2730.6222171994177
398.2,0.001843119,2572.8037610823408
398.3,0.0013672092,2940.72582546287
398.4,0.001979411,2546.9098573896645
398.5,0.0014453495,2456.590375539662
398.6,0.0014360553,2631.532406482392
398.7,0.0012172436,2827.0590717018463
398.8,0.0018454752,2831.205672423557
398.9,0.00358785,2067.141861467917
399.0,0.0015350763,2703.2250586045093
399.1,0.0017900837,2595.5773323559015
399.2,0.0027246277,2507.1479769964853
399.3,0.011399523,1402.9015496856657
399.4,0.0055354517,1422.1863025645707
399.5,0.0016545246,2404.5732668814708
399.6,0.017842714,1033.5414428141353
399.7,0.0023724313,2467.24813522847
399.8,0.02107076,1170.242902681637
399.9,0.0190109,914.0076200150781
400.0,0.02001884,863.0613500037487
400.1,0.024341691,960.0801863110693
400.2,0.018049497,935.5225036007204
400.3,0.0022256323,2314.083439623566
400.4,0.019313,1042.5355239899727
400.5,0.0020370735,2806.595434912083
400.6,0.021567533,931.4770977826995
400.7,0.005108713,1679.0733899524887
400.8,0.0031377305,4014.5931227485717
400.9,0.010935647,1572.0846514678542
401.0,0.02050865,865.4980953198344
401.1,0.0029920472,1653.4233564460765
401.2,0.016566733,793.7024549669189
401.3,0.018207168,750.5300213383546
401.4,0.019606236,707.6981889990473
401.5,0.008661979,996.7544281042624
401.6,0.0066664782,1281.92476074143
401.7,0.0017866939,2687.36640876201
401.8,0.012796201,907.763620280726
401.9,0.014781648,779.647355217504
402.0,0.01108486,911.9525598394489
402.1,0.0053766267,1978.1390762790404
402.2,0.0029121486,2140.5204239575646
402.3,0.0027060441,1694.9465443734546
402.4,0.0020746568,2468.78808182575
402.5,0.004364523,1224.0819622516083
402.6,0.004419167,1467.9012660841338
402.7,0.0068039712,1186.1316426021644
402.8,0.0050319727,1452.8762726007685
402.9,0.0043694586,1475.67685281261
403.0,0.002434789,2197.747451051596
403.1,0.0016516065,2191.1854611458566
403.2,0.002992983,2171.4052463555763
403.3,0.002909005,1971.706517616955
403.4,0.0016155476,2517.928512791087
403.5,0.0017523867,3083.750347979457
403.6,0.0021248255,2066.820737605067
403.7,0.0025397209,2396.73986105472
403.8,0.0014406112,2836.6115712764285
403.9,0.0024819064,2501.7651829936794
404.0,0.0019549525,2544.291761038132
404.1,0.0021501703,2256.747408705557
404.2,0.0020396768,2143.164171352062
404.3,0.0020981517,2246.173124737922
404.4,0.006166501,1633.596001168378
404.5,0.0064521288,1651.164712093088
404.6,0.002591286,4647.68994644242
404.7,0.0038815818,4758.669114007504
404.8,0.012200004,1068.6212116385504
404.9,0.0025467542,2293.773073301875
405.0,0.012695035,1246.3732776209185
405.1,0.008245196,1253.6666838358803
405.2,0.004149781,1543.1724076737635
405.3,0.0020337584,2925.526243041222
405.4,0.0034019975,3083.7585992153595
405.5,0.0026160826,5489.5878280716315
405.6,0.00841356,1448.8516802783079
405.7,0.0017407659,2570.362590992497
405.8,0.009041681,1140.0423016945415
405.9,0.0091877235,1328.7366146809507
406.0,0.006937758,1238.873375288362
406.1,0.014502721,728.8984754336461
406.2,0.0038195597,1462.4998543244187
406.3,0.0020513711,4205.7800752075145
406.4,0.0035611617,2913.564277782186
406.5,0.0107792765,968.2738687014077
406.6,0.010401643,1172.7763509117003
406.7,0.010316344,1082.9475233788362
406.8,0.00979008,1103.9774981437026
406.9,0.008711495,994.9066995181006
407.0,0.0057411697,1235.5349631650583
407.1,0.0037947732,1500.5318706105938
407.2,0.003794713,1528.5099860227583
407.3,0.0026228302,2163.8088816520703
407.4,0.0022765216,2769.2307433133583
407.5,0.0015338546,2498.708438510569
407.6,0.0024305012,2046.383653343085
407.7,0.0021902814,2093.6691883329177
407.8,0.0023392576,1951.1259274337897
407.9,0.0026124145,2497.2250810392234
408.0,0.001255084,3216.879477322422
408.1,0.00220956,2593.586117851217
408.2,0.0027664183,1994.4171234995451
408.3,0.002486891,1823.1154747559392
408.4,0.0027982094,1876.3468480703727
408.5,0.0017828963,2509.1688614929026
408.6,0.001953217,2323.094736922929
408.7,0.0017664273,2001.4313842765237
408.8,0.0015864852,2431.5124008424573
408.9,0.0035062644,1678.8646597411869
409.0,0.0030470027,1389.645825647081
409.1,0.0104643535,924.371247088569
409.2,0.0072016823,1604.382267193424
409.3,0.010211238,1484.3698153847345
409.4,0.008775225,1190.8246046199276
409.5,0.0049016043,1332.734267568787
409.6,0.003424976,1544.980861682754
409.7,0.0027774822,1804.334101306736
409.8,0.0033378755,2245.390386307999
409.9,0.0076384456,1238.7255949848104
410.0,0.019104699,731.7770293603543
410.1,0.01995518,854.9743491674278
410.2,0.014955714,968.5747364823048
410.3,0.0029377083,1972.6683882564175
410.4,0.015599398,1046.8413233033652
410.5,0.032655343,966.0219584420809
410.6,0.023863243,919.5024578145299
410.7,0.009631137,1007.7296401368212
410.8,0.0036176103,1694.6611863767025
410.9,0.007873746,1081.8527768444783
411.0,0.00561667,2362.2633369681016
411.1,0.004210541,1633.9555586042457
411.2,0.006583177,2004.173871939974
411.3,0.0030259255,2369.078992116343
411.4,0.0023711137,2904.1110781896223
411.5,0.001956169,3165.3269262689782
411.6,0.0028912122,2389.729146789442
411.7,0.0025321208,2183.2078630065866
411.8,0.0025657879,2346.863733154919
411.9,0.0026814775,1989.4372176156166
412.0,0.0022969458,2472.0349652999084
412.1,0.0016660071,2741.123471399108
412.2,0.0030519017,2630.8527644253527
412.3,0.0015738651,2853.272852365727
412.4,0.020168846,1020.7171659008303
412.5,0.027550729,1058.652038661715
412.6,0.0198118,1368.2387724868
412.7,0.03675833,955.9849079671378
412.8,0.008652067,1304.0360053682657
412.9,0.006271765,1656.69027916403
413.0,0.02999325,1145.422349828038
413.1,0.0011027727,2985.5406474941688
413.2,0.020045478,1080.4419781922159
413.3,0.012726384,1220.2023153043617
413.4,0.010287662,1298.6448497526287
413.5,0.005477362,1161.7808098586934
413.6,0.0020837397,2607.430595174396
413.7,0.006477254,1434.1970491939105
413.8,0.010493815,1487.1587635054784
413.9,0.0071166507,2146.769318594648
414.0,0.008037589,1173.1551901684122
414.1,0.0070936047,1245.4632118974446
414.2,0.002764556,6572.43643739276
414.3,0.0065290853,2796.4172527238134
414.4,0.0023372332,2861.4014487033687
414.5,0.0017208839,3915.2319678958347
414.6,0.0017530582,2979.6214640269764
414.7,0.0014367424,2786.310185486869
414.8,0.0014569133,2931.649219537533
414.9,0.002411473,2070.8774459985616
415.0,0.0018795824,2654.9366204596367
415.1,0.0025322782,2517.4038395747903
415.2,0.0022089293,1933.3859131367976
415.3,0.0019631481,2134.2649521393296
415.4,0.0014134448,2686.7399417750094
415.5,0.0013593228,3064.7206074904398
415.6,0.0016611576,2735.011828474868
415.7,0.0022529727,3421.254192879836
415.8,0.0018196832,2982.378667607083
415.9,0.0021782129,1933.850643363984
416.0,0.0017368906,2800.871553537384
416.1,0.0013281809,2929.20150091917
416.2,0.0024178205,2260.0785302392414
416.3,0.0020974728,2230.6651640354644
416.4,0.0021460718,2129.6930000674124
416.5,0.0016572847,2834.9496023840857
416.6,0.0019945384,2119.767913443958
416.7,0.0012981266,2736.7656587129404
416.8,0.0019358837,2130.6864270769097
416.9,0.0022197932,2889.0482897292104
417.0,0.0016781995,2635.0305768287185
417.1,0.0015873715,2690.0391689554226
417.2,0.0023054068,2566.174150383439
417.3,0.0017696635,2268.884226881859
417.4,0.0018553095,2147.079967978215
417.5,0.0012932825,3136.030908352609
417.6,0.0014417295,3111.0787346611346
417.7,0.0018698698,2673.477824445605
417.8,0.0019629248,5269.639382897807
417.9,0.0026126164,6061.506452918813
418.0,0.0034526833,1899.9055688373546
418.1,0.003012293,1891.1132921982023
418.2,0.0027631759,1906.0419719197698
418.3,0.0013803574,5536.926619276336
418.4,0.0019577115,4018.7083306913464
418.5,0.015567353,1350.3934808393653
418.6,0.026651237,711.0628489161579
418.7,0.015249214,1083.2833633514783
418.8,0.01486597,1082.4978170175052
418.9,0.003277444,2014.7060889991515
419.0,0.0018755463,2450.498326273376
419.1,0.0019263012,2346.9007153193006
419.2,0.0017878263,2516.3416277023885
419.3,0.0023358248,1981.1198417428084
419.4,0.0013509563,2647.930563579308
419.5,0.0011862953,2987.1051456932564
419.6,0.0019159974,2518.8254888979336
419.7,0.0019011229,2459.709939240568
419.8,0.0011015089,3511.3948277538684
419.9,0.0016313696,2988.111770424837
420.0,0.0015143077,2292.918204774878
420.1,0.0021853603,2546.5549569791115
420.2,0.0025689632,2881.455508175364
420.3,0.0020098323,2771.662847639057
420.4,0.0019067881,2298.764326381445
420.5,0.002035465,3004.8168817053984
420.6,0.0017992831,2125.3087180755906
420.7,0.0015653248,3280.6362048599312
420.8,0.013539593,1248.205368517798
420.9,0.02115519,1045.4901005935683
421.0,0.020614974,1159.2245051245632
421.1,0.022394154,1167.954943443071
421.2,0.020965764,1345.4337678981706
421.3,0.017004041,1445.811468421004
421.4,0.016398137,1753.605915884336
421.5,0.011737748,1899.392011436195
421.6,0.0116859935,1981.0853498202796
421.7,0.003160539,3798.579664934112
421.8,0.002056313,4922.771990493893
421.9,0.0025378738,4335.454357524938
422.0,0.0028007682,3656.5770561539994
422.1,0.0042849416,2798.7882729877515
422.2,0.0123426495,1551.5585011327905
422.3,0.009740523,1892.31242557727
422.4,0.006374796,2208.768455072889
422.5,0.0049831234,2759.5575498623784
422.6,0.004417246,2436.1430604288507
422.7,0.0024062248,3194.263523246299
422.8,0.002387931,2821.342241377717
422.9,0.0021120347,3142.5698497422873
423.0,0.0016702218,3882.33384223809
423.1,0.0015250099,4090.509160178499
423.2,0.0024378565,3146.7850319414765
423.3,0.0015858354,4416.099760321395
423.4,0.0026280761,3200.8258813777707
423.5,0.0021617806,2815.0656056976827
423.6,0.0022696042,3138.649463959368
423.7,0.0025909445,2752.5502370740755
423.8,0.0021665185,2955.0891679320016
423.9,0.001930956,3097.1206317935157
424.0,0.0019020692,3194.3677993848282
424.1,0.01474546,936.2884700519024
424.2,0.04812625,877.4397907830837
424.3,0.0042217947,1917.5743904947283
424.4,0.042828068,870.564151879564
424.5,0.001741975,2662.9178799910987
424.6,0.0032376437,2143.9050488325256
424.7,0.040047977,1092.8942145949973
424.8,0.0044002593,7002.743195506267
424.9,0.026954858,1427.9838419722562
425.0,0.037803955,1350.6843272558922
425.1,0.0025188557,2379.1142196490755
425.2,0.0027071622,1569.9377699903537
425.3,0.031576518,821.5317046342547
425.4,0.03354332,816.8657511339007
425.5,0.042607676,894.7615954901723
425.6,0.04220139,916.2206590710008
425.7,0.03645228,1053.9337154795446
425.8,0.003306775,3323.107789273251
425.9,0.0026882032,2327.6586930517756
426.0,0.0021754391,2728.6040659584146
426.1,0.0025757202,2000.0724090508654
426.2,0.0032108673,1477.6395226311543
426.3,0.0024910003,2172.5574858757354
426.4,0.0023389738,2121.9575400079048
426.5,0.0021269964,2104.7582331998137
426.6,0.0016495554,2458.5885691259205
426.7,0.0023856796,1926.8908621581184
426.8,0.0015873169,2877.1788049598294
426.9,0.0026703358,2350.7037172566643
427.0,0.001764513,3206.875277217847
427.1,0.0018396375,2280.075608506053
427.2,0.0012939464,3165.131013841844
427.3,0.0019147117,2285.2142487784095
427.4,0.010628326,1391.3896607383958
427.5,0.013003041,1354.9467600882554
427.6,0.021045083,1174.949756526421
427.7,0.022241827,876.4982854314862
427.8,0.013178259,886.2055719281691
427.9,0.019335836,897.355827510487
428.0,0.0125529645,1465.042254775753
428.1,0.014717299,905.2365286567463
428.2,0.0057944357,3096.95490077684
428.3,0.012253247,1286.8657030913405
428.4,0.015385742,1082.398600051397
428.5,0.0035205905,3376.892183748737
428.6,0.014034964,1066.6972049405406
428.7,0.0057051694,1852.8337321452618
428.8,0.0019911656,2161.4775366088566
428.9,0.0026237296,2270.462559517002
429.0,0.0021169095,2104.3187592377917
429.1,0.0022076136,2359.583511134105
429.2,0.0029358978,1788.7033480112145
429.3,0.001968914,2414.365879968582
429.4,0.0029389984,1876.399055594746
429.5,0.0022079838,2227.8064836462636
429.6,0.0022407067,2698.672144208892
429.7,0.027653223,1154.5895037525256
429.8,0.039328344,896.0030400612974
429.9,0.041929748,659.3507820413693
430.0,0.03673006,832.8875556809509
430.1,0.014328789,1808.8824220642118
430.2,0.027233405,771.3047180572526
430.3,0.021771908,1297.9954145414547
430.4,0.031643663,1117.5776157876412
430.5,0.0018124536,2665.198086536364
430.6,0.029192269,1126.9051291533358
430.7,0.031875644,1062.9131055767
430.8,0.0065570036,3666.2700546690075
430.9,0.0026661316,1870.0795944780211
431.0,0.016072053,1096.876138734202
431.1,0.015380043,884.2549723689768
431.2,0.008787171,1075.8156801543564
431.3,0.0022936023,6752.920333907368
431.4,0.0026915302,2342.8577557911685
431.5,0.018566338,1277.2602943160869
431.6,0.0027629149,2195.1697103098713
431.7,0.0020852254,2175.9948732926587
431.8,0.01792401,976.4603304245992
431.9,0.010199812,1245.044708992154
432.0,0.003353337,1857.9333732990654
432.1,0.0017368373,2500.368081751688
432.2,0.0023862843,2122.9391599448563
432.3,0.0019214933,3018.505513056397
432.4,0.0022566023,2026.1647235787805
432.5,0.0016366346,2843.639645730079
432.6,0.0017569195,2177.6835438772614
432.7,0.0017495916,2894.4492146413977
432.8,0.001451319,2512.036938784224
432.9,0.0026700355,1657.8421379987808
433.0,0.0020138072,2074.7370874844646
433.1,0.0026238936,2025.7444089982214
433.2,0.007929731,1142.940113056895
433.3,0.0016790078,2783.465973345308
433.4,0.006219965,1547.0323627983546
433.5,0.005303423,1687.6969499076627
433.6,0.004492325,1495.7991899802732
433.7,0.0024530215,2214.0017078620103
433.8,0.005163368,1738.1251782625532
433.9,0.006136684,2409.3403003397607
434.0,0.010153194,1049.367753950948
434.1,0.0023120693,5611.4124040364295
434.2,0.011082109,1196.3634081408495
434.3,0.008170763,1382.1879669354882
434.4,0.015764365,1049.8868868244688
434.5,0.015550475,906.5787719951235
434.6,0.014417763,932.1843873138373
434.7,0.0021775926,2159.1765800207127
434.8,0.0116470875,1113.2785125906448
434.9,0.010484152,1236.04802279748
435.0,0.0017881356,6222.660837563076
435.1,0.0022600687,4902.6225724710175
435.2,0.0070350263,2101.0850903890487
435.3,0.0031498251,2168.75021624038
435.4,0.0027413922,2126.9062368143295
435.5,0.0024618926,2505.0764104494265
435.6,0.0032635774,2249.759751586421
435.7,0.0024123443,2505.9305956654257
435.8,0.0021439544,1914.6497712487792
435.9,0.002319751,1971.7580935361598
436.0,0.0024805835,2048.152293634507
436.1,0.0017114948,2604.461578309431
436.2,0.0021823782,2034.683893127358
436.3,0.0023510247,2331.226460367272
436.4,0.0011601346,3244.6488887307796
436.5,0.0028538315,1909.8750940239952
436.6,0.0017811741,2131.4016322495845
436.7,0.0021476143,2447.061904077657
436.8,0.0025898458,2252.92752290321
436.9,0.001990586,2453.7994954697133
437.0,0.0023351957,2131.0701442813206
437.1,0.0025998934,2763.529690705647
437.2,0.0017631456,3081.0150007555103
437.3,0.002083239,2833.3783925643734
437.4,0.0014346652,3240.575439240466
437.5,0.0031455553,1989.565662795421
437.6,0.0029776187,2105.6423619014668
437.7,0.0022238416,2260.0200560704807
437.8,0.0017393467,3027.7394890823643
437.9,0.003260909,2148.3728615023383
438.0,0.0027156232,2005.6246007765708
438.1,0.0023281812,2471.6675193429296
438.2,0.001201879,3065.417731081261
438.3,0.0020062428,2789.423987387666
438.4,0.0022233347,1937.280261012271
438.5,0.0019923449,2960.9378672631833
438.6,0.013335794,1159.5254037358131
438.7,0.005231957,1702.5343015690382
438.8,0.0021271328,2889.974113271148
438.9,0.0095499065,1057.4856108022361
439.0,0.0043685194,1467.1129936413417
439.1,0.0060975607,1489.3681874425688
439.2,0.002616709,1947.1596169381548
439.3,0.0049065123,1657.3877581994266
439.4,0.0020942725,5513.700458516996
439.5,0.0117613245,1044.4848060069526
439.6,0.006658492,1166.4280951959986
439.7,0.004520416,1623.7156660551868
439.8,0.0025625173,2671.3152173397957
439.9,0.0036650267,1786.9185337715692
440.0,0.0035055964,2084.78894063019
440.1,0.012612056,1182.5751895274398
440.2,0.008170354,1077.5502394120124
440.3,0.011240913,1123.0937799158946
440.4,0.01078048,1011.4905983155422
440.5,0.0022524437,2503.0297092837586
440.6,0.01541063,1251.9315059185328
440.7,0.019632349,876.1299854195742
440.8,0.0020385352,2489.641601912126
440.9,0.009625317,1042.8602480698448
441.0,0.010788089,1000.3152696330204
441.1,0.011462852,1025.7242511457443
441.2,0.0035310176,5437.156053258971
441.3,0.0032061634,5585.9368619812885
441.4,0.0031750468,3366.4873660763915
441.5,0.002642791,2133.041787633728
441.6,0.00250712,2419.123589264277
441.7,0.0017118999,3317.7709492834138
441.8,0.0014554706,2937.385632907183
441.9,0.0019866626,4309.7835787667855
442.0,0.0024260716,2399.950140587388
442.1,0.001713153,2531.2343175874685
442.2,0.0016735356,2981.4422066610896
442.3,0.0020507243,2844.1155010564216
442.4,0.0019604657,3182.689242167008
442.5,0.001617731,2787.6659541710255
442.6,0.0015766565,2744.1633118137433
442.7,0.0015339096,2984.703016177669
442.8,0.010748826,971.706585635709
442.9,0.007673197,1105.749317268801
443.0,0.0047637853,1434.0406302281679
443.1,0.0022177966,1842.8426957374436
443.2,0.005835242,1221.273265222573
443.3,0.010576702,1028.2729898970651
443.4,0.002921199,4800.819235163828
443.5,0.002326195,3862.6310758987047
443.6,0.002580501,2096.690608581136
443.7,0.002214198,1733.9340021259097
443.8,0.0023900757,2382.1159975283417
443.9,0.009964621,2834.366609078801
444.0,0.017626734,840.5789163604104
444.1,0.012461078,877.9651758962252
444.2,0.008463339,1086.1954258508754
444.3,0.0083893705,1026.384862606319
444.4,0.009914029,987.2671860197269
444.5,0.0034629023,3147.8540945629766
444.6,0.0076085455,3105.9011263225643
444.7,0.01143605,1110.5638625361962
444.8,0.0048457803,2207.894593280745
444.9,0.011809689,1165.6024796462718
445.0,0.009425334,1298.8900968611538
445.1,0.0014761135,5372.308840146981
445.2,0.001868079,3880.008190569342
445.3,0.016415553,1024.1112729719848
445.4,0.007526095,1474.6720187918463
445.5,0.0013115132,3286.245973210129
445.6,0.00093469233,4515.835978443703
445.7,0.011917264,1509.0599681465023
445.8,0.007908444,1253.4816006823862
445.9,0.0089120725,1192.0435681429299
446.0,0.0063889204,1483.8394553364544
446.1,0.004976489,1506.059324342017
446.2,0.006022004,1222.0255311956125
446.3,0.0066736448,1277.8922349811132
446.4,0.0045742937,1561.193085218118
446.5,0.0013823471,3234.840767931466
446.6,0.0010639067,3855.6221762864593
446.7,0.0019536815,2307.53858389593
446.8,0.0023571155,3606.5091829634357
446.9,0.00584341,1768.1557390538956
447.0,0.028365845,733.056444108573
447.1,0.0023737887,2525.7105248064636
447.2,0.010156231,947.7396174419965
447.3,0.0017072489,2805.130355006529
447.4,0.004377841,1243.8130929461622
447.5,0.0014405014,2865.8093755857585
447.6,0.0021018824,2057.6189536261645
447.7,0.0026811375,2212.440558095878
447.8,0.0021896192,2685.876620459485
447.9,0.002076345,2995.7664784387607
448.0,0.0018350272,3109.4088739776566
448.1,0.0013597336,3050.0526640124867
448.2,0.0025452676,2512.463221376489
448.3,0.0025304707,5571.570727378741
448.4,0.0019417903,5388.121219874765
448.5,0.0013412698,5533.1676386859235
448.6,0.0034756914,4289.201649365992
448.7,0.0019337753,3769.210101257338
448.8,0.0021493935,4360.097086836447
448.9,0.0021958244,3484.675575000885
449.0,0.001623767,3493.033268658618
449.1,0.0017267239,4440.895047534212
449.2,0.0016007376,3740.386254282019
449.3,0.0018598066,3303.3541394102103
449.4,0.0017414805,3182.0389975896896
449.5,0.001373079,3024.771960844291
449.6,0.0015761106,3423.7696048605385
449.7,0.0018060724,3619.026933763102
449.8,0.0019039052,3455.4612824979713
449.9,0.0027195597,2502.854847079576
450.0,0.0019849406,2755.841258827154
450.1,0.0016414436,3141.7380235619557
450.2,0.0018677389,2675.5368978559204
450.3,0.0027679112,2037.97367294678
450.4,0.0015819244,2459.599876024299
450.5,0.0023925463,2242.927675941143
450.6,0.0010258887,3199.5310746479363
450.7,0.0038466263,1481.9886933489493
450.8,0.011218102,2489.2771233644416
450.9,0.0030986867,7653.425783409474
451.0,0.0027911186,7593.295535606905
451.1,0.0022949066,6014.812694119186
451.2,0.001655202,5431.823157952209
451.3,0.0014920203,3389.860830155836
451.4,0.0015927945,3428.382599942822
451.5,0.0016278533,3262.5258729722827
451.6,0.0019103024,2808.7646097612123
451.7,0.0023963845,6756.17990043719
451.8,0.030183053,1249.816826229231
451.9,0.010892454,1254.8474462418026
452.0,0.016578691,846.8558528036673
452.1,0.006303711,1251.5271590135608
452.2,0.0018918182,4040.1882709380216
452.3,0.035560764,1158.1379559648922
452.4,0.00270441,5643.099665835638
452.5,0.0033544626,7222.438132414691
452.6,0.002430805,5606.517130762924
452.7,0.0015669282,2980.736494408859
452.8,0.0016673203,3328.6193523978227
452.9,0.0021725078,2126.7769335922567
453.0,0.0020712854,2321.619926412829
453.1,0.002119129,2365.058768974297
453.2,0.002113912,2757.930380556406
453.3,0.002122895,2371.8610554909815
453.4,0.0022360985,2241.6932227107227
453.5,0.002221762,2510.2207422075617
453.6,0.002337946,2389.110214942393
453.7,0.001975171,2695.0454854368145
453.8,0.0018825831,3407.2139917897034
453.9,0.0041095787,1734.4886172501097
454.0,0.001948012,3108.375619421629
454.1,0.0021304844,2353.7896104534575
454.2,0.002305326,2674.876402634087
454.3,0.0017084458,2324.685257373144
454.4,0.004639058,1485.097915550849
454.5,0.007343766,1166.6313676214422
454.6,0.002751656,2035.4083814735588
454.7,0.013119294,751.8252082921881
454.8,0.0018373365,2421.6714650727554
454.9,0.0022706136,2178.4716478568416
455.0,0.0022952303,2338.3986085587057
455.1,0.0017474579,2087.343299432213
455.2,0.002067908,2610.1362299186876
455.3,0.0012517523,3598.689490673138
455.4,0.0015869013,2943.221703449524
455.5,0.001995488,2290.959261026618
455.6,0.0022272675,2041.9430833700753
455.7,0.0015926944,3156.60030191885
455.8,0.0018940204,2680.7897918856975
455.9,0.0050169635,1246.93537997023
456.0,0.0042418162,1517.935788498839
456.1,0.0024600169,2254.6711420061456
456.2,0.0024137145,2243.8722892942806
456.3,0.002213021,2413.2339250873615
456.4,0.0015841584,2908.4778289140304
456.5,0.0023401366,2121.1120135559527
456.6,0.001779064,2670.5500954573927
456.7,0.0016074234,2413.406038022359
456.8,0.0023376055,1978.520741202317
456.9,0.0022386147,2586.3000459998916
457.0,0.0011334146,2673.6554650904977
457.1,0.0017768781,2345.142491898754
457.2,0.0026651635,1975.1209926046015
457.3,0.0015518737,2634.015725233212
457.4,0.0017912243,2293.3305160761392
457.5,0.0017733718,2170.978895703404
457.6,0.001618942,3082.654363655479
457.7,0.0015903241,3045.324519670753
457.8,0.0022097446,2402.115992817574
457.9,0.0032980598,2083.961937837117
458.0,0.0020949785,2510.318563205722
458.1,0.0026017227,2147.5975715924137
458.2,0.0028770582,1762.86031400603
458.3,0.0024064137,2222.3063662109366
458.4,0.0021917466,2336.973742625922
458.5,0.0021751572,2272.323869307069
458.6,0.0012864643,2999.9774830515125
458.7,0.0018611787,2323.5487022728803
458.8,0.0013758133,3194.4024456212787
458.9,0.0021386046,2159.538251600992
459.0,0.0012904793,2729.812245981194
459.1,0.0017860561,2393.2221116931805
459.2,0.0014299067,2585.8677778252504
459.3,0.0020455436,2747.5302189117415
459.4,0.0020262857,2156.4852592230145
459.5,0.0015963177,2476.0725429390895
459.6,0.0018944601,2388.736264068186
459.7,0.0030065402,2229.611740083044
459.8,0.0027049063,1763.3172122433011
459.9,0.0017717666,2305.1405682114637
460.0,0.0018264402,2915.909627353315
460.1,0.00206177,2338.8403410810097
460.2,0.0019123373,2754.15243255706
460.3,0.001752771,2177.896579277174
460.4,0.0014437046,2594.1029653873998
460.5,0.0021677336,1887.475337455161
460.6,0.0014874418,2850.194371816187
460.7,0.0014325028,2921.7590741692375
460.8,0.0020601822,2191.1155486780094
460.9,0.0026119833,1748.6984057858167
461.0,0.0019414489,2762.1614218794866
461.1,0.0010799067,3187.71070601316
461.2,0.0028549023,2327.9403427638454
461.3,0.002164114,2204.5626137371687
461.4,0.0017084926,2348.076998329134
461.5,0.0016922427,2276.9466074430866
461.6,0.0015189811,2696.991216679905
461.7,0.002195553,2228.3677388367523
461.8,0.0012921838,2282.782494397189
461.9,0.0023742642,2570.702033546194
462.0,0.001523952,2605.7082735531585
462.1,0.0027378567,2167.716876979149
462.2,0.0019035141,2826.815173613689
462.3,0.001962882,2258.5656402686973
462.4,0.0016472243,2710.744380243661
462.5,0.0012572001,2728.01873324352
462.6,0.0012495694,3208.4784380373676
462.7,0.0020207127,2968.4145138236663
462.8,0.0021100151,2356.913945405486
462.9,0.0019995521,2687.588086777687
463.0,0.001903668,2256.599218874793
463.1,0.0019473707,2321.2536159667143
463.2,0.0032631094,1652.3105603678055
463.3,0.0021546332,2488.494665459829
463.4,0.001454065,3008.117099115022
463.5,0.002342096,2294.266244884785
463.6,0.0019099304,2237.0769765282475
463.7,0.002298128,2811.4862499490664
463.8,0.0018052146,2455.74444278207
463.9,0.006001896,1799.1324429645344
464.0,0.020875141,1164.1090087386488
464.1,0.00442366,2179.8414169161138
464.2,0.003572444,2154.76714437548
464.3,0.003694659,1862.5902287479194
464.4,0.001585051,2592.532962474465
464.5,0.0020644092,2208.1537479428907
464.6,0.0022695092,2092.6719562175895
464.7,0.0022651446,2073.548856900917
464.8,0.0017402769,2265.082971145929
464.9,0.0027356427,2162.472424397649
465.0,0.021811292,834.5263184642539
465.1,0.02373842,1132.2178497645616
465.2,0.0040494334,6089.635753255664
465.3,0.0029355176,3050.9011179132985
465.4,0.015997801,1305.9745455920292
465.5,0.0025215098,2218.889490759228
465.6,0.01931689,1153.531381678857
465.7,0.017792553,1404.9595119692437
465.8,0.02110708,1381.8017888275085
465.9,0.027306786,1212.3297341638342
466.0,0.0030272251,2787.6297614479026
466.1,0.0025811216,2118.5929793436953
466.2,0.0018462839,2382.6613991477498
466.3,0.0027986849,2033.6972781581046
466.4,0.0012729808,2553.632975135354
466.5,0.0023912024,2195.037405056553
466.6,0.0025383714,1903.8176994770806
466.7,0.0024979436,2021.2276863663076
466.8,0.0018382402,2340.0567796957325
466.9,0.017324472,1105.894061142429
467.0,0.0019265586,6168.591927541747
467.1,0.01116667,1750.2495133199004
467.2,0.008034354,2250.539183149456
467.3,0.012357909,1287.3918112523502
467.4,0.010944917,826.6597458059862
467.5,0.0071105063,1120.4326280865225
467.6,0.0028346716,4337.120226348918
467.7,0.0038371226,3864.068124781209
467.8,0.02540751,1220.8599207045795
467.9,0.0041937195,2208.918775731636
468.0,0.0022638268,2177.231255997137
468.1,0.0023753226,2162.1463045353125
468.2,0.002171027,2032.2624752258207
468.3,0.0023394804,2029.7302910224084
468.4,0.0025177875,2443.2961749467454
468.5,0.0015553086,2733.720072015075
468.6,0.0019056504,2727.8489422406196
468.7,0.0027716502,2271.1234056864632
468.8,0.0028468342,2799.943121625734
468.9,0.003072214,2281.619425784783
469.0,0.0022886633,2258.758709921256
469.1,0.002702192,2516.4401460908966
469.2,0.0021345348,2050.632882816682
469.3,0.024265572,1426.9981059293605
469.4,0.025218237,1486.9473372254456
469.5,0.022017222,1340.9347274109557
469.6,0.031780344,649.1491756884145
469.7,0.029748963,918.6645060099164
469.8,0.011098146,2620.7433205261277
469.9,0.003039202,2179.0973400912817
470.0,0.013042839,936.2423872783268
470.1,0.011612436,1155.687043733792
470.2,0.005259912,2514.380085838603
470.3,0.00241625,2576.0784074899557
470.4,0.0026927844,2329.9507588189813
470.5,0.0030194486,2202.406499400183
470.6,0.0024726912,2369.6003134438683
470.7,0.0028753155,1999.900362495186
470.8,0.002524815,2251.984569958955
470.9,0.002709669,2092.331822750257
471.0,0.0020859435,2565.893091956113
471.1,0.003521291,1731.3423751104544
471.2,0.002765201,1874.0368753800763
471.3,0.0028862474,2551.7578868390733
471.4,0.0019946834,2634.774629397704
471.5,0.001944147,2099.6173206548574
471.6,0.0015076634,3567.9304028546
471.7,0.002348207,2631.8121378626315
471.8,0.0027212384,1967.4464261123444
471.9,0.0015433148,2829.085895015126
472.0,0.0016685921,2285.692119716952
472.1,0.002343556,2401.356583078119
472.2,0.0014377751,2598.4773912472147
472.3,0.0017841667,2735.288186325306
472.4,0.0014904464,2536.2189189024916
472.5,0.001819951,2609.327670458576
472.6,0.0019578922,2330.8388482635146
472.7,0.0017515623,1867.4792061346252
472.8,0.0014776385,2914.8156963640126
472.9,0.0025415777,2209.548890791446
473.0,0.0059015434,2003.8073108117019
473.1,0.018861268,980.6506500085873
473.2,0.00808197,1850.4306020769486
473.3,0.004821237,1760.1581280424448
473.4,0.023932619,1044.9001184753577
473.5,0.028436575,1044.5656334423718
473.6,0.0098842215,1775.7096559236415
473.7,0.029196138,1091.928209338211
473.8,0.020759962,825.3813738907513
473.9,0.017970096,1178.612960496177
474.0,0.020319005,973.5468851290378
474.1,0.020065013,960.1052556563477
474.2,0.020559847,978.5591095217168
474.3,0.018334202,1010.8161260849906
474.4,0.0018988523,2720.865637863245
474.5,0.0017914223,2665.906725313036
474.6,0.0017226771,2690.7718394000567
474.7,0.0018813434,2677.841653280126
474.8,0.0011171419,3364.7348404691757
474.9,0.0021404175,4347.375821616062
475.0,0.002276857,2559.0235720657333
475.1,0.0022039206,2111.207282414497
475.2,0.0033044945,1907.5640097776782
475.3,0.018782074,1005.2689745815649
475.4,0.015300859,836.2517224564297
475.5,0.0017118586,2424.7566985330377
475.6,0.0047790436,1520.4955382196877
475.7,0.01287824,942.7508021961613
475.8,0.011479143,922.7227250799875
475.9,0.0027933263,1840.5004329779047
476.0,0.0019269797,2198.444040343221
476.1,0.0021156347,2495.19669402315
476.2,0.0025793416,2569.404831725045
476.3,0.0021315324,2294.886305073483
476.4,0.0013596225,2841.0013240577036
476.5,0.0021908113,2604.73675202703
476.6,0.002258984,1867.9083032603928
476.7,0.001500934,3314.395837178438
476.8,0.0015432495,3147.8863050678856
476.9,0.0015966989,2712.253876773289
477.0,0.001666105,3066.28409524955
477.1,0.0014808115,3075.476232435807
477.2,0.0013930894,7179.7839294601
477.3,0.01753615,1158.8343179816566
477.4,0.016920796,1161.9260378007202
477.5,0.023302004,897.6569685836084
477.6,0.016065743,992.8081879451325
477.7,0.0023286566,2684.6213973034237
477.8,0.014232752,866.8410876078258
477.9,0.01513936,957.8719006901441
478.0,0.0072297133,1688.3731032256062
478.1,0.009598078,1633.7626754634425
478.2,0.013614383,922.9851310239252
478.3,0.014073335,2440.210593964068
478.4,0.022272086,985.6071056176497
478.5,0.017578648,1103.5207802211921
478.6,0.00170926,3793.5472444493607
478.7,0.012897471,1512.9977550750714
478.8,0.012731744,1479.2116568455285
478.9,0.005986511,1487.2192698970102
479.0,0.0023644716,2276.9130539796442
479.1,0.0023015253,2326.5823280571103
479.2,0.0020522575,2172.988344186024
479.3,0.0018145585,3212.37495233618
479.4,0.0012830809,2816.0954266237004
479.5,0.0017630735,2485.9410145962393
479.6,0.0020082383,2687.0225437293693
479.7,0.003135586,2188.1003370876397
479.8,0.002818153,2394.33885094363
479.9,0.0019085871,2617.7199417640295
480.0,0.0019560945,3563.0268517212685
480.1,0.0025372053,2093.2649373474205
480.2,0.0022599022,2391.9197032858506
480.3,0.0025000644,2313.279580354326
480.4,0.0017408503,2565.963254714447
480.5,0.0025789384,2099.05291725806
480.6,0.0014013464,2700.028482605502
480.7,0.0017124244,2882.799969867953
480.8,0.001713553,3209.4613314873045
480.9,0.0025709497,2121.0175569082708
481.0,0.0014326762,3256.292660014381
481.1,0.0022702885,2578.1505069854943
481.2,0.0020795702,2260.6992262131766
481.3,0.0069664414,2434.476179134109
481.4,0.0015609688,2570.709036351431
481.5,0.002185024,2279.792202560557
481.6,0.0027063813,2632.593603550994
481.7,0.0017924822,3319.134554709098
481.8,0.002512018,2200.583483311657
481.9,0.002372697,3196.720191065424
482.0,0.0018984629,2714.0235118286887
482.1,0.0014856022,3177.963870806522
482.2,0.0021753912,2567.9919931758523
482.3,0.0018426386,2505.3684940923517
482.4,0.0019065969,2770.909540268782
482.5,0.0021825233,6427.488794435689
482.6,0.052153826,1065.200621745868
482.7,0.007994721,2181.143871725713
482.8,0.03498644,1058.1918526671536
482.9,0.042181246,1123.712680199434
483.0,0.0020108323,2980.850597109086
483.1,0.041564737,707.4564158463365
483.2,0.023786105,1556.2596927327093
483.3,0.0028447837,8427.677156567082
483.4,0.04147521,1175.953732568563
483.5,0.03334094,1265.1523976410085
483.6,0.017632216,1470.4958310479883
483.7,0.006284147,1685.7710678788021
483.8,0.0026353756,2095.0029775699795
483.9,0.002803267,2042.6865798617441
484.0,0.0021065737,2896.454005487072
484.1,0.002801365,1767.5200136250842
484.2,0.0024146123,2663.8470319645185
484.3,0.0024393632,1966.0069578769567
484.4,0.0018225139,2182.245411859748
484.5,0.003221689,2174.845175841476
484.6,0.0018036638,2640.2012256054077
484.7,0.001472493,3602.3000251398257
484.8,0.00226431,2319.0662846424034
484.9,0.002302211,1960.820889595091
485.0,0.009586798,1677.2464842561076
485.1,0.0021602218,1930.6633957970619
485.2,0.0016725786,2243.6175013049074
485.3,0.001972469,1568.9658855550288
485.4,0.002793951,1076.948583738277
485.5,0.002891245,1006.842289651768
485.6,0.0031616213,1034.485572197017
485.7,0.0036761013,991.148916300487
485.8,0.0037034766,910.2571122374484
485.9,0.003818604,1134.0516501448335
486.0,0.0021056694,1186.7280066664493
486.1,0.003323461,849.8338264874974
486.2,0.0028014367,1022.8272566947564
486.3,0.003263842,917.1959072997308
486.4,0.0027992325,1006.1532700943894
486.5,0.0023351812,1246.6083421675514
486.6,0.0026719226,1019.72249035156
486.7,0.0020352327,1381.4434475204146
486.8,0.0017513108,1589.787784579082
486.9,0.0016689795,1469.6916390670367
487.0,0.002319431,1657.1437798891038
487.1,0.0018920529,2017.8765765867438
487.2,0.0019289408,2557.6913053833723
487.3,0.0025555997,2381.990143478035
487.4,0.01174184,558.1634009599186
487.5,0.019073058,947.8650205019461
487.6,0.011511592,1216.0156410974912
487.7,0.0023817075,4330.74871372698
487.8,0.0059831394,6386.386154328116
487.9,0.013412118,2770.9450970589714
488.0,0.015726065,2510.9881680382528
488.1,0.0037326885,3309.3998397412943
488.2,0.0029230388,2363.7993908583185
488.3,0.0020615198,3181.390115431423
488.4,0.0020525903,2000.7113787832332
488.5,0.0022374452,1823.500319518189
488.6,0.0015874908,2263.762575395411
488.7,0.0019764353,1913.2983324330758
488.8,0.0013363641,2086.0201780048797
488.9,0.002113557,2003.12286661919
489.0,0.0014872923,2062.569288370817
489.1,0.0015534102,1545.105652030145
489.2,0.0020919347,1454.6282589265331
489.3,0.001888362,1299.117049272642
489.4,0.0013879448,2435.406511336648
489.5,0.0014838155,1749.6938985983147
489.6,0.0024757255,1151.1543132845798
489.7,0.002370884,1335.9200341036922
489.8,0.0018722622,1582.2938322219927
489.9,0.0029852197,1000.6841109687771
490.0,0.0023828798,1086.1334353670013
490.1,0.0026123505,975.035535589726
490.2,0.023926772,440.91490616725525
490.3,0.0064518442,650.4697593422134
490.4,0.0040254937,760.8225714388154
490.5,0.0030400364,907.4354674713519
490.6,0.003188855,813.4849671486086
490.7,0.002724542,1062.1554977023866
490.8,0.0016375986,1520.7705135197136
490.9,0.0021434617,1552.2727308587146
491.0,0.0013777417,1504.2009199817662
491.1,0.002088846,1508.7147127859398
491.2,0.0015980377,1339.999575509226
491.3,0.0032208886,1073.504959198405
491.4,0.0018853493,1417.5429727729193
491.5,0.0035023314,979.2928691190443
491.6,0.0035085012,868.3209546245578
491.7,0.0022971237,1100.7161019061211
491.8,0.0030154123,937.4722194845385
491.9,0.0037582556,703.6468525342214
492.0,0.0016828637,1606.3328546569055
492.1,0.0024584816,1246.7590516804328
492.2,0.0021147444,1421.0019938429075
492.3,0.0015831327,1634.2413204348018
492.4,0.0009907377,2204.6037387439233
492.5,0.0014466741,1536.802987193677
492.6,0.0018006894,1238.7934099908089
492.7,0.0017063244,1529.8608701045996
492.8,0.002126823,1433.3434185020415
492.9,0.002005276,1233.2792921231226
493.0,0.0016383444,1687.9681722526511
493.1,0.001428583,1535.1616253660445
493.2,0.0028228685,1016.4803110928397
493.3,0.0019884047,1040.4973259459232
493.4,0.002781833,1067.019818221232
493.5,0.001971133,1144.6396126320685
493.6,0.0017782343,1430.6700460880675
493.7,0.0017965868,1681.0971636807567
493.8,0.0016586059,1740.336430516872
493.9,0.0021416391,1203.468409475161
494.0,0.0020373024,1118.1808621298828
494.1,0.0010420996,2065.3407307901543
494.2,0.0023349486,1544.6953736113173
494.3,0.0013713075,1769.263034568337
494.4,0.001950844,1259.8149349690843
494.5,0.0018483055,1376.7406078453432
494.6,0.0018239149,1213.0258762974113
494.7,0.0019565786,1222.0252675112422
494.8,0.0017184167,1390.3824162264555
494.9,0.0036125411,853.0386335225865
495.0,0.0024636702,877.6656867833974
495.1,0.002642692,1120.4670548001477
495.2,0.0032133858,879.1265637323561
495.3,0.0026163145,1168.3666934337593
495.4,0.0019523231,1174.3642191117133
495.5,0.001796198,1172.1281270512889
495.6,0.002520794,1081.1590087771197
495.7,0.0023972706,1086.0508872340815
495.8,0.0013280724,1517.3555109576193
495.9,0.0026950485,1248.9074837742357
496.0,0.0023672765,1272.8677172046105
496.1,0.001962844,1175.2396642268384
496.2,0.0011374122,1533.213958837689
496.3,0.0018543615,1489.3059897980716
496.4,0.002506034,1423.5395136359639
496.5,0.0026412227,1171.3540653599478
496.6,0.0015822992,1400.3357332946466
496.7,0.0012202006,1292.9865147637784
496.8,0.001276907,1320.1279844734963
496.9,0.001193049,1187.93743549605
497.0,0.0013852001,1056.0863426290587
497.1,0.0009446574,1480.5338177061117
497.2,0.001346473,1074.4630258432921
497.3,0.0016325279,861.8131191790069
497.4,0.0007774608,1203.8038533262006
497.5,0.0008324957,991.8617992201343
497.6,0.00056261406,1219.0064837648251
497.7,0.00035681282,1068.6634253232717
497.8,0.0001327422,1567.2908847215967
497.9,0.000110502086,1297.5813759729745
498.0,2.0827117e-06,1945.301657936918
498.1,2.05264e-07,2476.0817405707803
498.2,1.8233786e-08,2287.230119022283
498.3,2.9470876e-19,11867.614465569859
