timestamp_sec,amplitude_rms,frequency_centroid_hz
0.0,2.030408e-19,12011.155543694258
0.1,3.0422734e-19,11812.357877746024
0.2,1.316789e-05,2016.4648405777834
0.3,0.0010046376,2072.16925089701
0.4,0.0011550453,2095.6033532342917
0.5,0.0002995807,2327.6128071530097
0.6,0.00034868717,2663.591766033177
0.7,0.0020667647,2279.9206594429365
0.8,0.00021290038,3366.845521072564
0.9,0.002637407,2715.9234640454974
1.0,0.0076143392,2363.0725167926303
1.1,0.005346086,2030.781338518416
1.2,0.0063571185,2195.157557259615
1.3,0.0066953306,2322.65485002349
1.4,0.0036432534,1614.596158599353
1.5,0.005687865,2168.328830733424
1.6,0.0066458164,2339.192475623327
1.7,0.004869371,2979.9405137751005
1.8,0.004229457,3097.7220169734774
1.9,0.0042659687,3090.779662815933
2.0,0.006524562,2620.2421834711567
2.1,0.005008417,3053.977378126897
2.2,0.0013880996,4729.791961622775
2.3,0.0004996597,4449.139726803633
2.4,0.00012889071,4842.962989661956
2.5,5.4674565e-05,6356.3431913570275
2.6,0.0017691393,939.5679023980002
2.7,0.0010102773,1305.1263809244952
2.8,0.0006145309,2548.462690086577
2.9,0.00047966003,2230.25350165933
3.0,0.0003561538,2674.009298547027
3.1,0.00017107186,3493.405355077414
3.2,0.00012420806,4626.435409948615
3.3,0.00011194001,5040.741294238195
3.4,0.00064874307,6668.091807984856
3.5,0.004749257,3632.0067317036824
3.6,0.005172728,3843.463235635593
3.7,0.00082713907,3709.0357645601166
3.8,0.001607305,9105.500490244664
3.9,0.0051706065,2451.3206331199885
4.0,0.004766134,2301.625716406043
4.1,0.0039695217,2698.254460582722
4.2,0.00015514578,4637.393997791205
4.3,5.763393e-05,5985.982435229995
4.4,0.005245816,4150.800629466168
4.5,0.0049575833,3935.014762256686
4.6,0.0010326782,4672.815038495955
4.7,0.005463541,3218.9331894089123
4.8,0.005838421,2477.745765310606
4.9,0.004708274,2184.812365805307
5.0,0.01141758,1129.436394677639
5.1,0.00537178,1250.017427919086
5.2,0.00133515,7899.549435332212
5.3,0.0061903223,2649.1293258118967
5.4,0.0014736949,4576.296672824733
5.5,0.00175787,2700.6813436951606
5.6,0.0015552614,2258.22077965553
5.7,0.0001294729,5032.154599209691
5.8,3.6429887e-05,6910.6679931423405
5.9,0.003102864,4149.939968968296
6.0,7.782738e-05,5265.216350958596
6.1,3.2878437e-05,7068.641700952967
6.2,2.981659e-05,7340.471078941633
6.3,1.2964796e-05,7167.134296250715
6.4,1.5627135e-07,440.35231684895314
6.5,3.8332335e-20,12000.000268220907
6.6,0.00021291595,7407.568397007246
6.7,0.00021365109,8042.346221586826
6.8,0.0013460695,5012.543311879707
6.9,0.001449013,4335.518812883023
7.0,0.00052992086,4960.342703775829
7.1,0.00061831856,4605.041955362396
7.2,0.00062947336,4946.67214972679
7.3,0.00054786773,4783.779729968655
7.4,0.00057993626,4294.783652491031
7.5,0.00060694426,4188.932159819373
7.6,0.0006160562,3818.56121037692
7.7,0.00056468404,4665.472802127721
7.8,0.0006418275,3995.113513955047
7.9,0.0006501505,4242.061263485915
8.0,0.0037528912,1568.690270918678
8.1,0.0012493108,2553.4891917429622
8.2,0.019568153,1684.0899084722853
8.3,0.011530981,2185.060573845828
8.4,0.008454466,1620.2435358671528
8.5,0.011914706,1454.1698916132307
8.6,0.012254287,1254.732642046744
8.7,0.0069146845,1988.6283865721366
8.8,0.013668932,1467.0122808153283
8.9,0.0009963178,3352.3703424993378
9.0,0.009593901,1954.4595732615717
9.1,0.002270584,2372.0522195905182
9.2,0.00056645484,4517.623869358253
9.3,0.0005806431,4104.584750326481
9.4,0.00068638334,4527.190951992012
9.5,0.005354279,1400.5875428764957
9.6,0.0008192464,3098.3494331508227
9.7,0.0013267469,2547.133781207574
9.8,0.016866157,1662.8174369211063
9.9,0.005099587,2014.172343734118
10.0,0.017655287,1452.705578379494
10.1,0.015069127,1615.8333220021889
10.2,0.008975264,1859.8813358556524
10.3,0.00080682215,4358.917096635451
10.4,0.019408291,1389.1434011522604
10.5,0.001970826,2225.730239575988
10.6,0.00019287542,6951.796634504177
10.7,0.00025696823,7643.159938365201
10.8,0.00030371427,6059.999378451821
10.9,0.00021866993,7243.945267559283
11.0,0.0021172182,2721.404170293106
11.1,0.0036286686,2782.4677356521247
11.2,0.0049500554,2923.8465056583796
11.3,0.008346352,2484.2978164218316
11.4,0.0098302215,1972.9560665882645
11.5,0.010009704,1621.0299692407943
11.6,0.00039730396,5464.072411258563
11.7,0.0057033314,2058.455992552341
11.8,0.006398881,2459.045178640364
11.9,0.00090336555,4742.7831359214
12.0,0.0004066498,4957.809512988737
12.1,0.0003748317,5534.829480498438
12.2,0.0005858341,4497.815899801424
12.3,0.00044597583,4866.442385631168
12.4,0.00027195728,5765.364477278865
12.5,0.00040635077,5263.778099140665
12.6,0.00028933145,5285.412964024459
12.7,0.0002792758,5456.485806449635
12.8,0.00031709234,5667.147993689355
12.9,0.0002994964,5495.703189358295
13.0,0.00086582184,5566.529528151079
13.1,0.0033757286,4905.426719833553
13.2,0.0032913382,5093.318550024391
13.3,0.0018784872,5164.133130259357
13.4,0.0010907277,4870.8957938227095
13.5,0.0005115082,4973.840251643956
13.6,0.0009837532,5224.873922152
13.7,0.0035864275,1996.8017797829675
13.8,0.0072252676,2359.1490747539333
13.9,0.008192774,1839.0237675011965
14.0,0.0015096408,4068.916394062413
14.1,0.002270897,8365.759862781957
14.2,0.0035758645,4085.7129770837764
14.3,0.0032218953,3112.4818342556073
14.4,0.0025630232,2858.874620076307
14.5,0.00046870334,3960.8620336143686
14.6,0.00022500365,5503.099591541264
14.7,0.004380431,2912.1847944390006
14.8,0.002872211,3545.6968319611306
14.9,0.0019752092,3916.6289676219803
15.0,0.003055669,3664.2886650544747
15.1,0.002690409,5100.183038251772
15.2,0.0012997274,5233.9617672633185
15.3,0.00026354066,4609.091284693388
15.4,0.00014144689,6225.3050296847405
15.5,0.00015058891,6052.66504188166
15.6,0.0009994563,3230.6924854644312
15.7,0.0035399692,1374.6259475410748
15.8,0.0004582784,4229.59483381058
15.9,0.00019476541,4912.745134274381
16.0,0.00014372113,5689.892276802751
16.1,0.00011855436,5789.964615823877
16.2,0.0001025478,6863.881058200178
16.3,0.0029607366,2885.3352719760096
16.4,0.0014544892,3645.5544163721925
16.5,0.00025988993,7021.825872846676
16.6,0.0001523678,6971.097923852647
16.7,0.0001618164,7222.077346970269
16.8,8.4091786e-05,9305.736420406256
16.9,7.18549e-05,9342.509425107806
17.0,0.0014562516,5560.988195249188
17.1,0.0007786413,4072.7162809183533
17.2,0.0009801908,3294.177767712462
17.3,0.00024907876,5521.199403369337
17.4,4.658862e-05,10899.414592008412
17.5,5.7861802e-05,9371.68652141051
17.6,0.0045031817,4187.786340245431
17.7,0.0075065037,2765.987648408316
17.8,0.011063417,1718.8893051873943
17.9,0.0016391721,3797.97430975724
18.0,0.0025433386,8448.57586164938
18.1,0.0027789955,8699.81344068869
18.2,0.0023824072,8027.744159287806
18.3,0.0040664454,6525.560282075776
18.4,0.00536569,3724.277787650797
18.5,0.0060130185,4199.444203873111
18.6,0.0048373733,4414.204411595687
18.7,0.007653581,3306.943816294357
18.8,0.0041207992,4267.743658013721
18.9,0.002311872,6262.953589451456
19.0,0.00071204104,6782.239972598387
19.1,0.0008121782,5467.645164604011
19.2,0.00044875423,6058.9896511150055
19.3,0.00035529985,5838.705489824159
19.4,0.00017388357,6378.735126106221
19.5,0.00015091285,6122.619881503652
19.6,0.00019633543,5558.862119806129
19.7,0.00057249464,4898.781247074805
19.8,0.00034708198,4967.475816566591
19.9,0.00038363537,5066.526033032289
20.0,0.00016471012,6363.725661995545
20.1,8.908659e-05,8001.687543845434
20.2,0.020985464,2109.7969585626747
20.3,0.009356557,4001.303283572611
20.4,0.0061415564,4517.1630259174635
20.5,0.003646413,5102.4493426573645
20.6,0.002890061,4888.846059347152
20.7,0.0016996034,5151.567992033597
20.8,0.0011768304,5596.23121761981
20.9,0.012248404,1574.3091475330034
21.0,0.014365298,1969.4435129759104
21.1,0.006990093,6625.957996957013
21.2,0.010488073,3361.769475576263
21.3,0.021110803,1970.1454491427182
21.4,0.003390534,7648.912020006087
21.5,0.009200625,2226.3374486014113
21.6,0.00016442555,7838.36429481785
21.7,0.01723749,1789.5331194975413
21.8,0.00818787,2230.006164235825
21.9,0.007984345,2265.7276182030246
22.0,0.0066348976,2473.2333103178207
22.1,0.0024812636,4393.758897996876
22.2,0.0013656559,4456.273290992598
22.3,0.00042601925,4473.949484176061
22.4,0.00021535838,5592.49408749929
22.5,0.00014140851,6461.701802328272
22.6,5.7401285e-05,9128.053657020637
22.7,4.5552042e-05,10680.948616685859
22.8,0.003882814,3814.011373229215
22.9,0.0011186848,3379.6807963187375
23.0,0.0002848085,6136.071358925634
23.1,0.00019206217,5871.470706789836
23.2,4.9648792e-05,10942.220687521385
23.3,4.041591e-05,11996.961213979532
23.4,4.621696e-05,10651.158685638009
23.5,0.0037346557,2962.6633304662955
23.6,0.00022834848,6662.947968056159
23.7,0.0002546496,5370.014916065095
23.8,0.00018125102,7339.875163666833
23.9,5.9266244e-05,9555.586328798767
24.0,5.8540016e-05,9418.825521253468
24.1,0.0020767283,4099.898955287601
24.2,0.0057034628,1451.9231900831624
24.3,0.0077587236,1689.8855087302154
24.4,0.0020294744,8702.564822296345
24.5,0.0015691635,9123.586521371566
24.6,0.009613099,1837.9773521552752
24.7,0.013635365,2203.879644354803
24.8,0.004491246,4185.2454365158455
24.9,0.00014863629,7311.034070679071
25.0,0.008596347,3702.0510135033282
25.1,0.009236511,2443.1382558983714
25.2,0.0057103243,3078.8857589551526
25.3,0.0051614232,3251.6856479450635
25.4,0.0040165507,3937.3487750905197
25.5,0.002679135,4203.871254797784
25.6,0.00081434904,4416.683351481298
25.7,0.00017148281,7208.390155568253
25.8,0.00031078,5707.636620947493
25.9,0.00037243022,5477.40060450932
26.0,0.00056801614,4689.422867170791
26.1,0.00046374163,5431.109484579203
26.2,0.0005134176,5216.858021175753
26.3,0.00058380765,5183.884396807951
26.4,0.0011122107,4394.518519617295
26.5,0.0005242356,6262.87845944168
26.6,0.00034195944,6857.873439471547
26.7,0.00089088746,4832.5603245716375
26.8,0.02652144,1390.734717053049
26.9,0.037427872,1878.8823515212512
27.0,0.039056636,1986.155240091291
27.1,0.039814327,2016.4888957138717
27.2,0.03960724,2117.4188681526434
27.3,0.03381038,2861.7730979584567
27.4,0.027775109,2771.0456244406014
27.5,0.014995541,1916.5235864142644
27.6,0.026171966,1739.9960235708677
27.7,0.019106515,2052.218185758389
27.8,0.0042256364,4015.0464863376524
27.9,0.0013561754,4358.997077936447
28.0,0.00044883566,5084.320632622032
28.1,0.00028307896,5721.166642104691
28.2,0.00048352644,5466.249769179107
28.3,0.0005305598,5130.517084613764
28.4,0.0002684694,6326.470453097656
28.5,0.00022322324,6569.985518911835
28.6,0.00022668859,5984.9035186100755
28.7,0.00032586287,5463.887287689331
28.8,0.0003001194,5835.620722042024
28.9,0.00025414574,6493.7736458237505
29.0,0.0005519748,4630.216617458881
29.1,0.00037315325,5894.5014755619595
29.2,0.00024383304,6690.940428911801
29.3,0.0003606341,6063.272651112868
29.4,0.0003464233,6263.945778068759
29.5,0.0002325096,6632.337719577066
29.6,0.00023205751,6887.001467893825
29.7,0.00025181932,6607.240495865981
29.8,0.00017484874,6802.6013230995795
29.9,0.00014975514,7197.89916223101
30.0,0.00019555062,7011.76897704913
30.1,0.00025924377,6050.238222463193
30.2,0.000266234,6413.520539060841
30.3,0.00044935348,5777.114399963906
30.4,0.0006141795,4951.706562077163
30.5,0.000529478,5985.948823584707
30.6,0.00063622417,5473.469505548483
30.7,0.003383694,3837.181498974591
30.8,0.003078435,4158.210452102772
30.9,0.008400318,3046.9768578932612
31.0,0.00097289134,4683.1353461497965
31.1,0.0006606323,5239.6590778937625
31.2,0.00054589007,5912.047304386328
31.3,0.00035000438,7158.718839976683
31.4,0.00019727858,8699.538593574118
31.5,0.00024498155,8594.09132234326
31.6,0.016115805,4185.634801913146
31.7,0.026268072,4102.565544204846
31.8,0.026512254,4188.879530195434
31.9,0.028766287,4098.220808830654
32.0,0.01810692,4734.575480285752
32.1,0.014184016,4482.466960446331
32.2,0.0068111536,4904.461302552715
32.3,0.0031051957,4467.026859179214
32.4,0.0007613195,6156.917966766951
32.5,0.016016359,2166.3908069018944
32.6,0.02563936,2602.8624372024524
32.7,0.053930815,2026.3769255814009
32.8,0.04919846,2156.152476488515
32.9,0.0008630406,5303.5437628220025
33.0,0.00032572402,6832.561069658226
33.1,0.0003229461,6781.485649309413
33.2,0.031801492,1683.5762581760116
33.3,0.036756773,1386.5665463952473
33.4,0.0008648122,6106.299394990571
33.5,0.030684225,1724.3709946005438
33.6,0.038544666,2637.033425855506
33.7,0.029604644,2262.576594795801
33.8,0.026066883,2372.442026994154
33.9,0.026527423,2650.7288402313234
34.0,0.00018374197,11235.230156810616
34.1,0.030606717,1893.8369017177647
34.2,0.028000813,1950.470086424481
34.3,0.031097542,1957.5894627496966
34.4,0.03212909,2068.1245588591964
34.5,0.0063115857,4749.442902050465
34.6,0.00044926445,6189.02929509973
34.7,0.0009779944,4353.368200487563
34.8,0.0011205946,4451.267956327158
34.9,0.0010408717,4448.7872923417835
35.0,0.0008265107,4591.276895398487
35.1,0.00035306133,6286.922833983894
35.2,0.00028980774,7560.139369398655
35.3,0.018295009,1904.3247731339575
35.4,0.034708526,2629.856723480685
35.5,0.03436345,2645.6397037366255
35.6,0.032338943,2705.278767077618
35.7,0.02995487,1912.9961909603176
35.8,0.030136025,1169.1949830454887
35.9,0.015969375,1898.2199067744398
36.0,0.011567016,1634.8492455159517
36.1,0.017942578,2437.0826754667864
36.2,0.00575731,4411.883482785285
36.3,0.003780245,4374.22163895998
36.4,0.0014492649,3923.021175296256
36.5,0.0003561769,6202.2810250515195
36.6,8.753244e-05,12079.815020755355
36.7,8.226452e-05,12395.459048974004
36.8,0.00011992992,10542.55476743697
36.9,0.00041813034,5308.915678787947
37.0,0.00040592728,5591.73512541183
37.1,0.00027412054,6525.759219113638
37.2,0.00015477305,8287.657345886686
37.3,0.00014084006,9391.915133230868
37.4,0.00012814123,9673.664918190185
37.5,0.00016742696,10247.353915037991
37.6,0.00015221618,10289.568101964796
37.7,0.00015171098,10667.496125005784
37.8,0.00013079435,10846.714331500081
37.9,0.00012756548,11732.153126763507
38.0,0.00016298238,11023.725526752969
38.1,7.690381e-05,12796.662013087307
38.2,7.4272204e-05,12848.030196680284
38.3,8.1302205e-05,13144.744717731399
38.4,7.8858815e-05,13452.364050184053
38.5,0.00023141716,8677.01840040749
38.6,0.0028672013,9932.576578756078
38.7,0.018857613,1726.9163854658077
38.8,0.0011380377,7007.85601963905
38.9,0.022907062,1685.8646754050337
39.0,0.01538997,2446.985463011724
39.1,0.008843178,2854.9766149961133
39.2,0.00023541166,9825.685925463775
39.3,0.015897123,2074.851800225047
39.4,0.00778352,2316.2533531555864
39.5,0.00879063,2726.420875746836
39.6,0.011912486,1673.9408665863566
39.7,0.0041298736,6194.879324871468
39.8,0.0075777047,6140.9719053724975
39.9,0.0033605397,7525.383938541257
40.0,0.0003368073,8788.994135097397
40.1,0.005495877,2968.259001118252
40.2,0.0070797694,2109.3024717746866
40.3,0.0085711125,2173.700788494287
40.4,0.015403183,3287.082511138241
40.5,0.018788697,1901.2054303743698
40.6,0.0031174966,6310.79114914845
40.7,0.003107398,5316.739212634843
40.8,0.012702956,1775.5547371262778
40.9,0.012511999,1577.0374559879974
41.0,0.0027771567,3587.906155789181
41.1,0.009282322,1845.0518663731596
41.2,0.009573641,2527.771734982647
41.3,0.008405326,2367.4970484220844
41.4,0.0077354126,1892.9350606429728
41.5,0.008672812,2464.8534054367933
41.6,0.007487702,2611.5549350758743
41.7,0.00060142466,5400.180584389034
41.8,0.00032061868,5511.691943278131
41.9,6.7996894e-05,6387.091936659388
42.0,1.0073388e-06,2761.6493191178047
42.1,7.471161e-08,880.4274580941894
42.2,4.906271e-05,7426.582754404418
42.3,0.0045061484,2565.8630988131517
42.4,0.0010935628,5867.686694867686
42.5,0.009733146,3262.079437143381
42.6,0.00019444515,9561.837868756173
42.7,0.0029723477,6074.35966793254
42.8,0.0039922656,5196.046187991328
42.9,0.0016432112,4670.533932732198
43.0,0.00051850156,5565.415017255635
43.1,7.761067e-05,12332.9757552944
43.2,9.8381395e-05,11394.381481911121
43.3,0.001281638,5361.4557762179375
43.4,0.0012742807,5228.332207914122
43.5,0.0010949968,4689.062690596018
43.6,0.00082306855,4758.861291670939
43.7,0.0006553225,4618.4287800424645
43.8,0.0004392123,5498.079959444468
43.9,0.00020159998,8093.590618429076
44.0,0.0008096114,4869.458178313522
44.1,0.029159283,2549.424276535878
44.2,0.0007903361,6265.674397820845
44.3,0.007990165,4518.920852640476
44.4,0.003713628,8812.521301576377
44.5,0.00017078951,9288.913008358995
44.6,0.036228932,4532.246737038178
44.7,0.030753374,3897.0859569195327
44.8,0.047158748,2578.257000391385
44.9,0.04239263,1530.1113033380866
45.0,0.03461925,2456.8473554174207
45.1,0.0060488023,2665.7331975254515
45.2,0.03895388,2514.814355644889
45.3,0.01645975,2690.8592576476735
45.4,0.023220688,1341.3728744783152
45.5,0.025928656,1360.5857150369884
45.6,0.026767075,1470.3771173793941
45.7,0.026928108,1554.7617943594946
45.8,0.0072133774,3067.4405403099036
45.9,0.0022450201,3634.809588441307
46.0,0.00018001239,8616.415009142102
46.1,0.00012894213,10768.69307178248
46.2,0.00027396556,8360.625566805169
46.3,0.00022234579,7799.454237660097
46.4,0.00040434836,5645.1882860719
46.5,0.00040129494,5697.276941432392
46.6,0.00024970894,7626.19725597915
46.7,0.00023436651,7869.923737351712
46.8,0.00017178974,8677.199337092346
46.9,0.000105094594,10905.783065155474
47.0,0.00012314887,9677.459631284592
47.1,9.6208605e-05,11337.283323849535
47.2,0.000107068816,11070.683137857592
47.3,8.818575e-05,12127.281019852076
47.4,0.00012677589,10192.48869464299
47.5,0.017606936,1280.1536525863
47.6,0.03701374,2993.8775943167875
47.7,0.03152867,1914.2795690812877
47.8,0.03443716,1497.898029324068
47.9,0.027249672,1485.544266487775
48.0,0.030901395,1513.4968788733154
48.1,0.03024547,1900.3246001046177
48.2,0.02536313,1391.468653102997
48.3,0.023441453,1817.8976982663207
48.4,0.02304188,1741.8027072540704
48.5,0.025359703,1808.2828118730276
48.6,0.007426472,3903.5108427387186
48.7,0.027406259,2875.674735128129
48.8,0.010062167,4015.6892796177176
48.9,0.0027942988,4580.306409189296
49.0,0.0015042629,4585.284660490046
49.1,0.00038425403,5416.596268424151
49.2,8.272656e-05,12052.48375802259
49.3,0.00017847652,8237.61068784512
49.4,0.00034496025,5951.021037632813
49.5,0.00042159928,5662.903731428415
49.6,0.00035913245,6153.20131721549
49.7,0.00033187927,6389.07589161849
49.8,0.00022050204,8818.34093084489
49.9,0.00019306106,8065.7253284815615
50.0,9.000818e-05,11573.147690797894
50.1,0.00015234042,12118.736705309828
50.2,0.009130094,2980.9567621201295
50.3,0.015790638,3112.8527503925056
50.4,0.0002922698,10339.070973438556
50.5,0.006022065,6188.171752244413
50.6,0.025671616,1102.9791426120069
50.7,0.026253786,1891.9707868627888
50.8,0.009823186,2796.287955823331
50.9,0.004575963,2993.135055805986
51.0,0.00211758,5173.933665138538
51.1,0.0026384245,5449.973051825609
51.2,0.010378868,2620.8385548890724
51.3,0.012918794,1564.7370415467528
51.4,0.0027597535,3113.4483219541416
51.5,0.0127666015,1275.3636055855095
51.6,0.008850996,2659.6712620641138
51.7,0.0022680152,6159.841755603367
51.8,0.016141128,1694.1590337854766
51.9,0.012324732,1937.9623856687008
52.0,0.009635935,1980.8715737649125
52.1,0.00031840088,9395.543100720004
52.2,0.008334395,1409.0500184095004
52.3,0.0056097554,2562.0766628432925
52.4,0.002681848,3950.9808911303144
52.5,0.00083932234,5550.15441591155
52.6,8.883817e-05,12201.455152872171
52.7,0.00077180244,4794.20341643499
52.8,0.0005894563,4895.27331720049
52.9,0.0005013969,6547.937912155511
53.0,0.00036122103,6046.858113502935
53.1,0.00012846095,10063.567192122271
53.2,0.00020484677,8694.807172090925
53.3,0.005030618,2934.6146074285552
53.4,0.011396811,3065.593722311917
53.5,0.0013781681,6095.429042366732
53.6,0.000110394765,12343.4852356655
53.7,0.004978322,4729.124728704035
53.8,0.00732112,4254.7563625985185
53.9,0.006839732,5072.98769434119
54.0,0.0010375475,5987.084270042672
54.1,8.338288e-05,12842.012020879421
54.2,0.00022989964,11505.302128738009
54.3,8.600017e-05,12861.458603078945
54.4,6.248737e-05,13194.542890143028
54.5,3.8874823e-05,13420.8323853061
54.6,2.5113695e-05,13290.806663981628
54.7,8.182927e-06,12885.7362031395
54.8,2.8446698e-07,1778.270730500454
54.9,3.3196777e-20,11999.999918276444
55.0,3.8332335e-20,12000.000268220907
55.1,3.8332335e-20,12000.000268220907
55.2,3.8332335e-20,12000.000268220907
55.3,3.8332335e-20,12000.000268220907
55.4,3.8332335e-20,12000.000268220907
55.5,3.8332335e-20,12000.000268220907
55.6,3.8332335e-20,12000.000268220907
55.7,3.8332335e-20,12000.000268220907
55.8,3.8332335e-20,12000.000268220907
55.9,3.8332335e-20,12000.000268220907
56.0,3.8332335e-20,12000.000268220907
56.1,3.8332335e-20,12000.000268220907
56.2,3.8332335e-20,12000.000268220907
56.3,3.8332335e-20,12000.000268220907
56.4,5.4143306e-06,11785.127284086058
56.5,2.1747619e-05,13418.920841258812
56.6,3.7196525e-05,13514.405925255773
56.7,7.879435e-05,11629.33679357733
56.8,0.00012322042,10411.332721148456
56.9,0.00033271575,10555.248659382527
57.0,0.013344531,1780.4940084776301
57.1,0.00036130793,9111.157751038938
57.2,0.014086355,1618.1230315515202
57.3,0.0054610013,2242.765037446085
57.4,0.005697281,2314.087799881502
57.5,0.0043934556,2364.2572495422446
57.6,0.0034548237,3225.041320189593
57.7,0.0011402152,3944.0556229715753
57.8,0.00080325914,4208.499230532929
57.9,0.00033869402,6303.874997688467
58.0,8.403933e-05,12785.671458074752
58.1,6.837165e-05,13197.866127714235
58.2,0.00022214597,8150.417746188408
58.3,0.0007351491,4597.71796812992
58.4,0.00069624226,4534.418350545224
58.5,0.0007180625,4882.946414820154
58.6,0.00040192503,5511.811583283105
58.7,0.0002041755,7209.524195221924
58.8,0.00014319418,9859.168448939825
58.9,0.00012840239,10187.40501415155
59.0,0.000119594086,10914.509772502966
59.1,0.00017050187,8908.782143573773
59.2,0.00014709229,11829.45682227114
59.3,9.4118725e-05,12142.745809476623
59.4,0.00022890227,8497.747467354395
59.5,0.009326623,1658.4961311296418
59.6,0.018633502,1885.459579983852
59.7,0.0125587415,2230.9078818536336
59.8,0.013945695,1939.2258044154466
59.9,0.000762724,8435.442613708525
60.0,0.0040005115,6252.045124727494
60.1,0.00038564284,9725.022399022095
60.2,7.720859e-05,12601.245076990434
60.3,0.005134571,2820.9975693165106
60.4,0.0023867034,3948.9457335912025
60.5,0.006056899,2720.960699921049
60.6,0.0055657313,3790.3936271487596
60.7,0.010046135,1938.8194456279848
60.8,0.008147932,2234.0199096612814
60.9,0.0055428576,2418.8565231484845
61.0,0.003783957,2920.5480836164843
61.1,0.0018308084,4980.159654465926
61.2,0.0016493646,4040.9867708924344
61.3,0.0007614736,4509.737967716419
61.4,0.00016378623,8996.36123879516
61.5,8.145359e-05,12566.553998252659
61.6,8.6622356e-05,12853.180158231296
61.7,0.00010346955,11389.988498662944
61.8,0.00019246778,8334.258150754507
61.9,0.00012633043,9871.41979838333
62.0,0.00021445249,7744.701243569835
62.1,0.00020444929,7562.453045271923
62.2,0.00018235254,7847.824812394051
62.3,0.00014550978,9176.841738560455
62.4,7.8351986e-05,12147.681186251617
62.5,9.5088406e-05,11461.32027366079
62.6,8.6400156e-05,11841.560490629405
62.7,8.7130684e-05,12017.215719096866
62.8,6.803464e-05,13561.087743354448
62.9,7.3417585e-05,13523.115597043015
63.0,6.694018e-05,13557.107061204166
63.1,6.411873e-05,13711.39445287767
63.2,8.6126e-05,11873.08698453058
63.3,0.00012426748,10629.485800194501
63.4,0.00032811682,7225.99015768094
63.5,0.0004908032,6563.657541989258
63.6,0.0072991857,2611.045415588681
63.7,0.00084208365,4610.494050890509
63.8,0.00068733667,5101.085879351245
63.9,0.0002999379,6513.839122331447
64.0,0.00031465254,6243.968671319464
64.1,0.0002007154,8297.256671430881
64.2,0.0001649479,8732.16329592168
64.3,9.916493e-05,11244.439906357436
64.4,8.328962e-05,12362.25887531898
64.5,8.2442464e-05,12830.586202200862
64.6,9.13821e-05,12916.282703760658
64.7,7.5992226e-05,13518.23505153348
64.8,7.29491e-05,13204.329201645123
64.9,8.29866e-05,12899.703116157298
65.0,6.467648e-05,13893.35589186461
65.1,0.00023030167,9252.116058031077
65.2,8.125804e-05,13289.545255708348
65.3,0.00034294833,10235.467503054962
65.4,8.7573135e-05,13292.41374764044
65.5,6.486466e-05,13659.673997280166
65.6,7.3336574e-05,13571.833050579624
65.7,7.331915e-05,13393.2296961931
65.8,7.6475255e-05,13555.942055335534
65.9,7.34112e-05,13741.2104532942
66.0,0.0002424466,7611.649271081375
66.1,0.00043113955,5867.972632129395
66.2,0.00036843447,6144.490711195246
66.3,0.0002872559,7485.003430969026
66.4,0.000291608,6745.1082793824135
66.5,0.00030020534,6872.748666428863
66.6,0.0002609022,7484.399311220144
66.7,0.0002161408,7754.444435311114
66.8,0.00026689697,6900.157705582644
66.9,0.00025660405,7447.295699469891
67.0,0.00023725546,7861.051407494095
67.1,0.00024169333,7241.194319811115
67.2,0.00018681593,8333.983604202402
67.3,0.00012397546,10281.748913709147
67.4,9.4559e-05,11224.224612071652
67.5,8.999607e-05,11901.710089135073
67.6,7.306021e-05,12705.674096639286
67.7,7.882285e-05,13540.939838957984
67.8,6.7957735e-05,13761.565659418324
67.9,7.190367e-05,13453.571222914747
68.0,7.048408e-05,13934.062143930276
68.1,7.016135e-05,13918.040412074048
68.2,9.705985e-05,12635.21616657731
68.3,6.809244e-05,13531.37104251985
68.4,6.975794e-05,13629.590960775035
68.5,7.2684255e-05,13436.903922553945
68.6,0.00011019864,11587.167107513977
68.7,0.00014535237,9611.47283594545
68.8,0.00030987852,7625.02715231011
68.9,0.00030317286,6901.080334428158
69.0,0.00032627687,6781.600720483965
69.1,0.00035303814,6384.750645274578
69.2,0.00031172158,6365.294383139953
69.3,0.00030472118,6579.488911298512
69.4,0.00034074028,6442.247703628283
69.5,0.0003807541,6038.524416248265
69.6,0.00030790965,6818.999006906082
69.7,0.0002701592,6836.304262823319
69.8,0.00021494355,7289.187682608685
69.9,0.00018919475,8065.657757944449
70.0,0.00018910541,8344.953482108507
70.1,0.00014955169,9328.977659385742
70.2,0.00019169769,8538.78087235465
70.3,0.00016955315,8731.924061721798
70.4,0.0001381382,9222.196598763163
70.5,0.00037376198,7627.226484045849
70.6,0.00026562417,8787.125781788704
70.7,0.0001382614,10745.211435718546
70.8,0.00016087947,10219.583455560185
70.9,0.00011187154,11693.630694020612
71.0,9.060447e-05,12139.330783518773
71.1,7.148365e-05,13271.690108203571
71.2,7.586428e-05,13251.537524448508
71.3,0.00010397905,12560.970011069314
71.4,9.252805e-05,12317.86392988208
71.5,6.843568e-05,13711.467139128332
71.6,7.447279e-05,13474.290905937749
71.7,9.291779e-05,12360.157983020641
71.8,6.964937e-05,13176.898532284129
71.9,6.7993045e-05,13187.003483071592
72.0,6.632862e-05,13492.432213489736
72.1,6.756307e-05,13234.211060583022
72.2,8.4818574e-05,12937.73703754343
72.3,0.00015122957,11688.520024044436
72.4,7.534802e-05,13483.559611287743
72.5,9.7259144e-05,12798.324673692066
72.6,7.355814e-05,12937.191469322472
72.7,0.00012015132,12360.496384697883
72.8,7.888234e-05,13111.791029740827
72.9,0.00018592307,10766.965214303753
73.0,0.00011022422,11549.772465913371
73.1,0.000109141525,11223.39593135537
73.2,7.703773e-05,12806.202294746952
73.3,0.00011835245,10689.826137419004
73.4,0.00012363779,10630.494401314565
73.5,0.00014788556,9690.255208287199
73.6,0.00013249755,10236.006425098829
73.7,0.00018237629,9184.076609522364
73.8,0.00018595415,8405.713238943179
73.9,0.00025770452,7257.878093678869
74.0,0.00024938394,7013.195249934142
74.1,0.00026155642,7195.127854462612
74.2,0.00027347912,6788.779202591072
74.3,0.00029817614,6935.034646933644
74.4,0.00022710556,7493.954636044776
74.5,0.00023593902,7800.042833003132
74.6,0.00028973495,6846.016382565587
74.7,0.00029373926,6552.301779512817
74.8,0.00031044066,6846.328689553388
74.9,0.00042758026,6807.320423878124
75.0,0.00024077226,8179.881969363493
75.1,0.00029607967,7962.030557074577
75.2,0.00041858468,7292.555497048831
75.3,0.0002821282,9504.291490666375
75.4,0.00010117938,11184.512859264116
75.5,0.00011667196,11352.760805612064
75.6,0.00013522654,11496.363408740819
75.7,9.137163e-05,12246.782364740995
75.8,7.6941404e-05,12833.819101526346
75.9,0.00033145875,9834.025506870234
76.0,0.00031449203,9207.432058169004
76.1,0.00018973948,10867.14123658551
76.2,0.00016802423,10912.06443927976
76.3,9.442319e-05,13057.802845254537
76.4,0.000100809135,13016.62951530453
76.5,8.68998e-05,12569.30963749572
76.6,8.55332e-05,12598.316470926336
76.7,0.00010347551,12918.06175073998
76.8,0.00011831141,12350.93422007523
76.9,0.00013562782,10652.934926949143
77.0,0.00015315744,10503.82475449072
77.1,0.00024859383,7384.909917215971
77.2,0.00018071351,8762.83961904361
77.3,0.00017804495,8459.408404881016
77.4,0.00016894263,8688.94430637799
77.5,0.00016936478,8487.186751490925
77.6,0.00017979262,8306.66308498573
77.7,0.00016189924,8333.88588974334
77.8,0.00019514302,8213.325348389175
77.9,0.00024091463,7546.817375587323
78.0,0.00020327246,7770.646211330728
78.1,0.00015805705,8877.948631257566
78.2,0.00014927806,9736.747626347651
78.3,0.00013122757,10122.282452299147
78.4,0.00012736613,10054.714186847123
78.5,0.00012585777,10597.30843984218
78.6,0.00010590604,11050.219965153665
78.7,0.000109710956,11148.404212134039
78.8,9.1494854e-05,11832.334112564973
78.9,0.00010397845,11755.651038913158
79.0,0.00010603934,12114.251010083877
79.1,8.755124e-05,13261.216518261977
79.2,8.231144e-05,13057.200554307885
79.3,0.0001062762,12764.695445476435
79.4,7.915009e-05,13257.574902980508
79.5,0.00010730042,12968.968097527038
79.6,8.223077e-05,13732.096873065288
79.7,7.014989e-05,12810.034094211389
79.8,8.348871e-05,12514.738846410153
79.9,6.613622e-05,13281.106092915848
80.0,9.206806e-05,12605.923742713941
80.1,0.00021199112,11271.58508391085
80.2,0.0001410194,11710.890627968098
80.3,8.021401e-05,13116.026988611025
80.4,9.48626e-05,12881.231395507812
80.5,8.8167435e-05,13107.213954521681
80.6,9.787715e-05,12481.784327541647
80.7,7.815353e-05,13288.030831617874
80.8,0.00011992997,12475.348426660104
80.9,0.000100766396,12004.708994522402
81.0,0.00011360116,11322.651195138094
81.1,0.000168951,10844.64278270292
81.2,0.000113752976,11142.79656295004
81.3,0.00010858854,12095.630981456865
81.4,0.00011378478,11059.939176797485
81.5,0.00015365059,9325.472933190425
81.6,0.0001300072,10012.43721372515
81.7,0.0001594539,9042.158177744683
81.8,0.00022350907,6875.208603905705
81.9,0.00019140566,7899.195796961201
82.0,0.00023145907,7749.3165595272585
82.1,0.00016116389,8886.67841587683
82.2,0.0001675343,8735.62118568745
82.3,0.00015227654,9485.319262828698
82.4,0.00014462155,9124.014382795778
82.5,0.00016216977,8439.766025595774
82.6,0.00024464456,8853.700121122187
82.7,0.00013932429,9624.648315231383
82.8,0.00013996265,9424.513033805611
82.9,0.000110321955,11037.610227210253
83.0,8.9631045e-05,11592.909645197407
83.1,7.685455e-05,13270.768534715458
83.2,6.991306e-05,13260.4867139014
83.3,6.9953785e-05,13413.597017684622
83.4,8.668478e-05,13468.232094174626
83.5,7.609067e-05,13448.945649292633
83.6,6.891281e-05,13575.024697853336
83.7,7.422719e-05,13484.244512617408
83.8,7.6845354e-05,13625.87472759418
83.9,6.773505e-05,13409.441877416497
84.0,7.58837e-05,12805.067462776095
84.1,7.183737e-05,13402.332432817133
84.2,8.3043844e-05,12222.65638180808
84.3,0.00011164507,10200.705710531372
84.4,0.00012108721,9686.915449484075
84.5,0.0001307315,9441.69352604493
84.6,0.00015644784,8593.249436706814
84.7,0.00017622695,8257.379163663643
84.8,0.0002240491,7270.999733703519
84.9,0.00025009818,6877.830934475696
85.0,0.0001938953,7893.081508297115
85.1,0.00020295147,7887.795678081558
85.2,0.0001658151,8379.132802324464
85.3,0.00016319242,8352.764357478087
85.4,0.0001652757,8519.784493020154
85.5,0.0001672262,8488.918578803692
85.6,0.00015649949,8766.03837869891
85.7,0.00013135663,9801.830015682433
85.8,0.00013388999,8827.929445674656
85.9,0.00012712188,10155.693271059989
86.0,0.00010509378,10944.727505635881
86.1,0.00010721299,10806.102507437068
86.2,8.131599e-05,12044.852138049138
86.3,0.00011162992,11736.79104023617
86.4,9.438182e-05,11781.107912081894
86.5,0.00010432863,11448.805178784965
86.6,8.062307e-05,12177.287348199456
86.7,7.651997e-05,13199.018676830903
86.8,6.466676e-05,13141.915948469261
86.9,5.7117202e-05,13549.151768705811
87.0,6.702104e-05,13724.411313861667
87.1,6.500693e-05,13396.311406279325
87.2,7.386792e-05,12940.340756752563
87.3,7.200164e-05,13132.576976978897
87.4,7.3319265e-05,13727.192384582537
87.5,8.351741e-05,13000.73283447375
87.6,6.948534e-05,14053.627030312156
87.7,7.108199e-05,13685.20813122447
87.8,7.775969e-05,13204.466951569615
87.9,7.610124e-05,12961.399194829397
88.0,7.640177e-05,13018.99086129879
88.1,6.966059e-05,13329.317200518346
88.2,7.592223e-05,13284.109295359762
88.3,6.394675e-05,13462.657437344988
88.4,7.080184e-05,13769.462873366534
88.5,8.150192e-05,13468.871797535583
88.6,6.637316e-05,13209.320632703253
88.7,7.769221e-05,12531.515876014822
88.8,7.8889905e-05,12649.595818748297
88.9,8.597119e-05,12048.324544750056
89.0,7.738576e-05,12573.037233598057
89.1,7.880836e-05,12797.437147115077
89.2,8.36205e-05,12499.262787053325
89.3,0.00023159217,7461.334306946399
89.4,0.00035187672,6031.081369350208
89.5,0.0002371632,7370.490141315823
89.6,0.00030247215,6763.839149311621
89.7,0.00024050675,7487.821739126104
89.8,0.00027080183,6652.751484858648
89.9,0.00020303382,7294.036940832328
90.0,0.00021306708,8139.524284185967
90.1,0.00016823303,8624.077914381365
90.2,0.00020979885,7770.512902737295
90.3,0.00021056327,8233.446793590105
90.4,0.0002081464,7742.464762158079
90.5,0.00020504104,8300.565900804657
90.6,0.00024264038,7082.5431700973595
90.7,0.00020916126,8202.406119606365
90.8,0.00017791761,8491.349829146713
90.9,0.00011112697,11111.186571603384
91.0,9.7255564e-05,11183.976274109078
91.1,8.490556e-05,11615.672824145975
91.2,7.56144e-05,13112.798625733432
91.3,8.4979954e-05,13208.261592317496
91.4,6.748104e-05,13468.896154467075
91.5,6.420924e-05,14067.600412524713
91.6,6.974987e-05,13778.869087031184
91.7,7.422241e-05,13147.975407718634
91.8,8.2931336e-05,13652.79356025976
91.9,7.462778e-05,13990.52987611276
92.0,7.5772725e-05,13253.428892663534
92.1,6.432159e-05,13512.843446466946
92.2,6.965897e-05,13331.353795576832
92.3,6.570054e-05,13434.85550154662
92.4,8.48212e-05,12819.42755241505
92.5,7.3399424e-05,13204.299988877068
92.6,8.249307e-05,12706.675448525579
92.7,7.984575e-05,12444.864091570595
92.8,0.00020443868,8162.944602817128
92.9,0.00031227118,6348.949121918935
93.0,0.0002559468,6860.484288136789
93.1,0.00023980813,6912.492253827934
93.2,0.0002307416,7467.979772111135
93.3,0.00015359861,8888.2122281521
93.4,0.0001417062,9676.774842940962
93.5,0.00013355148,9703.210727409896
93.6,0.00013155106,9563.66693560291
93.7,0.00011428758,10097.764726404108
93.8,0.000118060045,9779.14500527578
93.9,0.00013272821,9668.621856192614
94.0,0.0001427027,9660.836356295491
94.1,0.00012131071,9940.243126176065
94.2,8.905077e-05,11406.257476299543
94.3,9.98324e-05,11259.70837806264
94.4,0.00010930297,11643.972556138408
94.5,9.837391e-05,12101.005091973931
94.6,7.574071e-05,12603.874194710927
94.7,8.292909e-05,12254.134033254757
94.8,7.515195e-05,12717.169215848324
94.9,9.11039e-05,12719.252710803836
95.0,8.830932e-05,13262.453040091485
95.1,8.774502e-05,12979.078391368887
95.2,6.3680796e-05,13829.285199467336
95.3,6.800516e-05,13086.175370354682
95.4,9.837077e-05,12508.16213708714
95.5,7.158205e-05,13277.627121740836
95.6,6.532205e-05,13719.559476661118
95.7,6.904247e-05,13598.638640320629
95.8,6.9147936e-05,13099.585279411527
95.9,9.4846444e-05,12749.75987261621
96.0,7.672964e-05,13678.064036315645
96.1,6.757094e-05,13345.312017369863
96.2,6.4949345e-05,13719.14206449506
96.3,7.866526e-05,13107.283546864452
96.4,6.966894e-05,13668.399345584303
96.5,8.7452594e-05,12322.949426736046
96.6,0.0001608684,9901.406770463524
96.7,0.0002840991,7832.115854670349
96.8,0.000240018,7984.591542047979
96.9,0.00022702027,7812.280452664651
97.0,0.0002357525,7747.3348673557475
97.1,0.0004385947,5857.679735733796
97.2,0.00056701165,5551.115922080111
97.3,0.00028851719,7028.167058115927
97.4,0.0002240934,8133.586228916287
97.5,0.00019889278,8151.125419281953
97.6,0.00020279105,8410.92539463267
97.7,0.00020807948,8579.321123220992
97.8,0.0001942209,8410.518853349131
97.9,0.0002100678,8057.7763937616
98.0,0.00018531596,9094.314499011503
98.1,0.0001785656,9207.16878997115
98.2,0.000111832676,10902.256391450002
98.3,8.337098e-05,12638.048867166219
98.4,7.522189e-05,12350.326750159582
98.5,8.102867e-05,12834.41052991668
98.6,0.00011491942,12274.978156115267
98.7,8.505406e-05,13006.30485389553
98.8,7.0346825e-05,13746.439716211284
98.9,9.4293486e-05,12588.841740973665
99.0,7.118507e-05,13683.769543931534
99.1,7.827871e-05,13495.055143150892
99.2,6.965795e-05,13806.824221623401
99.3,7.296534e-05,14037.56415962232
99.4,8.682957e-05,13236.070880541349
99.5,7.167937e-05,13229.59570092965
99.6,9.5189345e-05,12915.08191615307
99.7,7.053835e-05,13638.292430853739
99.8,6.629368e-05,13681.318621030145
99.9,9.73467e-05,12418.817525456674
100.0,9.872814e-05,12486.79052274028
100.1,9.455206e-05,11649.965932750796
100.2,0.00011409422,10311.08882078982
100.3,0.0001480075,9107.28096834275
100.4,0.00018406955,8335.874592228396
100.5,0.00019577584,8230.629450707598
100.6,0.00018804794,8477.12771445611
100.7,0.0001952051,7888.511553292531
100.8,0.00021514155,7768.065991867828
100.9,0.00017979335,8108.968042029616
101.0,0.00019146355,8261.992515869792
101.1,0.00023441884,8168.761013614467
101.2,0.0001858065,8507.54221590887
101.3,0.00014761687,9465.001105607726
101.4,0.00019010848,8453.886043670478
101.5,0.0002229982,7938.454181581818
101.6,0.00022706133,8016.663671122444
101.7,0.00022673098,7445.5755806402885
101.8,0.00021769683,8017.994859694223
101.9,0.00021421425,8217.972556129042
102.0,0.00016960781,8353.697099818946
102.1,0.00016281185,9003.332709403094
102.2,0.0001628028,9358.683738472124
102.3,0.00014388899,9696.389585587425
102.4,0.00013258753,9654.277346631516
102.5,0.00019921214,8908.595065206897
102.6,9.668567e-05,10948.60779200701
102.7,0.00012137908,10674.901425349659
102.8,0.00012594048,10955.20796259035
102.9,0.00011588911,10810.01640995531
103.0,0.00011643045,10647.81656843141
103.1,9.022064e-05,11978.80110476703
103.2,0.00015574733,11376.189157969848
103.3,0.00010042838,12460.60507752584
103.4,8.409959e-05,12854.749092008604
103.5,0.00013081671,11682.796858723279
103.6,7.969566e-05,12677.482014800604
103.7,9.0924026e-05,12203.291521420939
103.8,0.00010852662,12179.58754549882
103.9,0.000111967835,12501.257108143953
104.0,0.00011176583,12433.54567555599
104.1,0.000120115925,12034.139149477327
104.2,0.00018973483,12470.090475710891
104.3,0.00014355853,11176.19956302434
104.4,8.365129e-05,12562.631185815746
104.5,0.00016004898,11101.294367989352
104.6,0.00013711427,10455.876738412086
104.7,0.00024175647,7750.114195619282
104.8,0.0003310693,6722.802046787095
104.9,0.0003051448,6322.702481778251
105.0,0.0003095115,7092.425892203362
105.1,0.00030212727,7087.921849036846
105.2,0.00046267075,5337.612516605116
105.3,0.00046826567,5840.311715860182
105.4,0.00036963343,6613.820028915847
105.5,0.00034183593,6176.095534675447
105.6,0.000335279,6742.135651227605
105.7,0.00029098877,7341.297549150042
105.8,0.0002961518,6626.795637259391
105.9,0.00026427477,7666.520140250326
106.0,0.00024402425,8066.942114559177
106.1,0.0002055484,8184.993351087129
106.2,0.00015506985,9057.651691327608
106.3,0.00015807325,9296.114433009649
106.4,0.00013360016,10207.948755161808
106.5,0.00012540413,11089.520415813808
106.6,8.7135464e-05,12006.098666568705
106.7,7.63379e-05,13286.446163858813
106.8,0.000103625134,12526.376018816876
106.9,7.621638e-05,13119.323660389171
107.0,8.473512e-05,13116.195865675592
107.1,6.879925e-05,13405.81529551302
107.2,9.510848e-05,13110.120664002963
107.3,6.959806e-05,13943.908489579455
107.4,7.099791e-05,13808.964734173607
107.5,6.796996e-05,13858.507011354834
107.6,7.1038245e-05,13680.11646515923
107.7,7.086332e-05,14000.561727695582
107.8,9.070975e-05,13060.225545872172
107.9,7.397454e-05,13438.524437120108
108.0,7.43944e-05,13101.017048588497
108.1,8.617451e-05,13053.983321234078
108.2,7.456382e-05,12922.52797652347
108.3,0.00011414632,10949.066781612011
108.4,0.00017925102,8331.851973760748
108.5,0.00020666767,7761.4351211292815
108.6,0.00023784296,7110.547703652557
108.7,0.00026115807,7108.75327736926
108.8,0.00024115667,7070.766348300922
108.9,0.00028996472,6826.23954371445
109.0,0.00027582975,6340.524724343474
109.1,0.0003157746,6352.956830377878
109.2,0.00034620424,6604.093414052912
109.3,0.00028325562,6967.065161642182
109.4,0.00028720553,6760.947459876497
109.5,0.00026016225,7197.193757347833
109.6,0.00020546904,8127.239287663571
109.7,0.0002095501,8032.988439462088
109.8,0.00015740107,9112.041695282713
109.9,0.00020716846,8444.051042621268
110.0,0.00016820645,9026.902951578946
110.1,0.00012523697,10612.99879352768
110.2,0.000121469915,10497.495217807056
110.3,9.721645e-05,11565.694080942363
110.4,8.0165424e-05,12343.310682539923
110.5,7.4424875e-05,13107.661275477554
110.6,0.000102304686,12751.428719929776
110.7,0.00011448787,12573.3433527883
110.8,7.898452e-05,12529.745315281658
110.9,8.2107166e-05,13059.898413074734
111.0,9.5163545e-05,12870.926871528241
111.1,8.607294e-05,12836.57731582322
111.2,8.5910724e-05,13380.891343695625
111.3,0.00010027227,12533.56154295767
111.4,8.195582e-05,13110.658545172966
111.5,8.2248545e-05,13053.53403293949
111.6,0.00010756011,12698.750999935499
111.7,8.473375e-05,12689.789180474463
111.8,0.00010855492,11391.990958174347
111.9,7.794722e-05,12847.657690068829
112.0,0.00014395843,10482.689895860929
112.1,0.0002002038,8374.401602856615
112.2,0.00037509899,6122.062809930228
112.3,0.00031886305,6420.5452366776335
112.4,0.00035917896,6415.552205446005
112.5,0.0003697923,6802.829777259916
112.6,0.00020979326,8189.689930693813
112.7,0.00027289364,7377.045490181445
112.8,0.00021327878,8282.605898773581
112.9,0.0002095531,8274.775853110164
113.0,0.00021726871,7662.270043362014
113.1,0.00027131458,7578.36144699467
113.2,0.00021859533,8394.209345202768
113.3,0.00020542447,8470.765450407329
113.4,0.00016482604,9234.620049424368
113.5,0.00012416505,10721.048269972513
113.6,0.000113854934,11034.810975057468
113.7,9.6070275e-05,11141.502127295696
113.8,6.984437e-05,13384.659057953457
113.9,7.6028075e-05,13127.131496697757
114.0,7.4702875e-05,13713.625618765916
114.1,7.6713055e-05,13387.930331178537
114.2,6.9707676e-05,13688.469500030678
114.3,7.411221e-05,13699.900442235845
114.4,7.1836395e-05,13881.090624965098
114.5,6.6243745e-05,13708.694520446274
114.6,8.486186e-05,13264.963780476108
114.7,7.20855e-05,13512.113385643886
114.8,6.656952e-05,13641.267027750046
114.9,6.614128e-05,13532.676944593477
115.0,6.86789e-05,13643.836857989043
115.1,6.734741e-05,13667.849281090788
115.2,7.182419e-05,13057.804920837014
115.3,8.913221e-05,12431.730166943084
115.4,8.377471e-05,12373.064534568728
115.5,8.0141974e-05,11986.685295167092
115.6,8.357229e-05,11325.446110385812
115.7,0.0001071369,11681.34462063177
115.8,0.00012532077,9905.898598313932
115.9,0.00013927021,9714.19321677233
116.0,0.00015273875,9880.2829785947
116.1,0.00018327324,8162.046553208882
116.2,0.00017447691,7886.69223082897
116.3,0.00016707476,8661.068668975766
116.4,0.00016879058,9174.182600594697
116.5,0.00017215476,8276.61048917681
116.6,0.0001766201,8828.886682764207
116.7,0.00022866878,7119.789892464496
116.8,0.00022673242,7894.478312152671
116.9,0.0001935072,8111.854003074413
117.0,0.00023897435,7567.407420068208
117.1,0.00022812517,7756.547488872684
117.2,0.0002526971,7349.637782683345
117.3,0.00019839239,8173.194531746106
117.4,0.00019053319,8171.331188757591
117.5,0.00019555524,8180.112914447435
117.6,0.00018062182,8793.739948374714
117.7,0.00019637526,8185.486377172027
117.8,0.00021858544,8052.056184308825
117.9,0.00018776573,8431.138689992182
118.0,0.00016768616,8993.596299961155
118.1,0.00017948003,8413.810503566125
118.2,0.00017933446,8719.290180894559
118.3,9.960905e-05,10960.164354517077
118.4,0.00011264432,10926.954543940985
118.5,0.0001024226,11014.491444407782
118.6,8.954221e-05,11698.026721727332
118.7,7.9289355e-05,12407.19470841616
118.8,6.869704e-05,13622.753697830802
118.9,7.391706e-05,13020.34014457965
119.0,6.792402e-05,13681.832236764363
119.1,0.000101485726,12413.89648203515
119.2,6.596354e-05,13295.787247498054
119.3,6.4834785e-05,13767.619482633421
119.4,6.8604364e-05,14123.113098028996
119.5,6.71199e-05,13589.887744719392
119.6,6.2472034e-05,13368.682289265818
119.7,6.6858425e-05,13822.028592610337
119.8,6.643031e-05,13771.077044273086
119.9,6.71345e-05,13642.904126264482
120.0,7.689129e-05,13376.773585859464
120.1,7.703183e-05,13206.271881682056
120.2,9.814077e-05,11212.529394283309
120.3,0.00015383218,10155.776792137829
120.4,0.0002125749,8276.677662851369
120.5,0.00024641026,8085.050631119288
120.6,0.00019674173,9173.750331881693
120.7,0.00019171975,8692.997967057372
120.8,0.0002277803,8859.23626913054
120.9,0.00014687996,9837.185400404607
121.0,0.00020163036,8954.269054273482
121.1,0.00013808269,9774.861301973962
121.2,0.0001286416,9820.985402997077
121.3,0.00015482567,9741.425279590912
121.4,0.00015495147,9378.257256542056
121.5,0.0001792146,10170.378397624361
121.6,0.00012535964,10285.687107514419
121.7,0.00014296555,9873.545364001204
121.8,9.44467e-05,11355.510126225581
121.9,9.127646e-05,11597.229178988564
122.0,8.397776e-05,12881.737877878906
122.1,7.152072e-05,13288.497147095371
122.2,8.7540095e-05,13447.873292336566
122.3,7.601589e-05,13326.638287616915
122.4,7.110521e-05,13656.20544951415
122.5,7.3043964e-05,13818.783461346384
122.6,7.014025e-05,13228.75728045706
122.7,7.388162e-05,13217.870996647334
122.8,7.59517e-05,13374.399041235261
122.9,7.0031405e-05,13262.129686171123
123.0,6.995425e-05,13486.17793596766
123.1,7.475287e-05,13449.500692441163
123.2,6.8674584e-05,13382.704206165556
123.3,7.6214e-05,13625.77147030538
123.4,6.994478e-05,13199.436527568594
123.5,7.8746285e-05,13436.330327797208
123.6,8.097658e-05,12750.142199989597
123.7,9.583275e-05,10847.746698234943
123.8,0.0001147144,10296.373315085133
123.9,0.00014896593,8847.801121673869
124.0,0.00021170493,7970.534853439063
124.1,0.00021239085,7920.4258520419735
124.2,0.00016013725,8667.21255589023
124.3,0.00017782822,8431.185621363504
124.4,0.0001867401,8433.938456809372
124.5,0.0003994251,6197.183273371536
124.6,0.00022069317,7557.147922922248
124.7,0.00022096398,7762.242863176482
124.8,0.00018534897,7934.406573666252
124.9,0.00015871864,8439.988495460768
125.0,0.00013247273,9590.84636504791
125.1,0.00012905386,9655.975709411934
125.2,0.00015076627,8658.24380002958
125.3,0.00014998925,9275.862858260281
125.4,0.00012499893,9729.78624598167
125.5,0.000119250755,10147.456414454971
125.6,0.000117632626,10088.170289343721
125.7,0.00011386145,10604.684902370082
125.8,9.787898e-05,11102.738012421809
125.9,0.00010142386,11497.550912266432
126.0,8.463401e-05,11761.573921333707
126.1,8.085874e-05,11710.496423603672
126.2,8.3266816e-05,12441.514191906437
126.3,7.037072e-05,13033.951434313109
126.4,6.62189e-05,13065.970952294067
126.5,6.2793675e-05,13610.297704407716
126.6,6.238851e-05,13001.688650214759
126.7,7.005594e-05,12816.198561833062
126.8,6.9935406e-05,13049.730219237434
126.9,6.7835295e-05,13519.12161784626
127.0,8.692014e-05,12426.20620454437
127.1,9.655128e-05,13149.895954607602
127.2,8.3331666e-05,12423.826303619848
127.3,8.413066e-05,13011.080170072575
127.4,9.639834e-05,12399.45952171368
127.5,7.0732305e-05,13363.56635060534
127.6,8.209969e-05,12812.435765032262
127.7,7.319559e-05,13183.39877805694
127.8,8.968087e-05,12927.934509937884
127.9,9.130311e-05,11764.541999337345
128.0,0.000100084246,11087.390554299007
128.1,0.000104227176,10542.010235100519
128.2,0.0001036146,11454.272700793055
128.3,0.00013765403,9905.92913767712
128.4,0.00019057238,9288.988558553428
128.5,0.00018480701,10216.061539587627
128.6,0.00082825153,5961.35161757779
128.7,0.0004959261,6229.949118908258
128.8,0.00034253852,7373.168308920981
128.9,0.000374098,6664.527434205581
129.0,0.0038506337,5956.659780026453
129.1,0.0008534625,7172.786259293048
129.2,0.00043797697,8095.1683551911765
129.3,0.00016619873,9072.237679810512
129.4,0.00039231972,7967.501492705565
129.5,0.00029734703,6960.412381584689
129.6,0.00085753656,5964.134515128954
129.7,0.028098326,2458.4450356917796
129.8,0.006550524,3557.050487779993
129.9,0.00073094823,4927.600175481835
130.0,0.0020910744,4910.559933375857
130.1,0.0019920582,4829.18578947927
130.2,0.0015619816,4555.625589736604
130.3,0.0007945168,4807.273162374131
130.4,0.0004922251,5401.30562491936
130.5,0.00032025014,6342.187364620727
130.6,0.0002741052,6839.37968916846
130.7,0.00010720782,10452.485521766348
130.8,0.00023838744,10128.621115390557
130.9,0.00024584474,9119.322846468734
131.0,0.0068122763,4211.436068524914
131.1,0.01122856,3096.723428447909
131.2,0.004672695,4064.0442606188926
131.3,0.002658114,4257.505197054159
131.4,0.0017284823,4306.858330474192
131.5,0.0017020343,5363.239526363287
131.6,0.005851546,7985.149368264824
131.7,0.006208324,6160.709208046267
131.8,0.0033989237,3217.468640487098
131.9,0.00042281242,7362.772513720898
132.0,0.0025343047,4883.536258106943
132.1,0.0041502425,3665.770228580486
132.2,0.0020829511,4320.48876430369
132.3,0.0009155995,4549.543037895564
132.4,0.00045360747,5439.859780984122
132.5,0.00013060159,10639.774798848917
132.6,0.00045082576,5778.031985871088
132.7,0.00095088256,5534.320036190407
132.8,0.0018210249,6836.407814925284
132.9,0.0007892675,5622.8185720003985
133.0,0.00064463186,5524.5898617245575
133.1,0.0004000889,6776.727199821649
133.2,0.00023208624,10802.279122939468
133.3,0.0006834488,9164.640955227376
133.4,0.007275268,2488.7334605970395
133.5,0.0003661335,7478.477212836047
133.6,0.007117395,3105.601286398517
133.7,0.003731655,3833.527154634531
133.8,0.0012593234,5133.9951334540465
133.9,0.0020467942,7010.539457438057
134.0,0.0016884514,10538.275601788286
134.1,0.0034520088,3576.9664780793332
134.2,0.002003775,3726.80816154897
134.3,0.00090183323,4023.2104030877235
134.4,0.0005927621,5176.8220419119225
134.5,0.00020731987,9036.577619534284
134.6,0.00028256164,9966.554583596031
134.7,0.00029796804,7735.633144844776
134.8,0.00049420726,6156.423271452468
134.9,0.00051172194,5839.895461456286
135.0,0.0003259367,6304.918942122128
135.1,0.00023709805,7411.332462990969
135.2,0.00020222634,8123.098976662306
135.3,0.00016879181,9350.185667664264
135.4,0.00011791158,9966.182754511095
135.5,9.873636e-05,10839.58420290024
135.6,0.00019797476,8710.365779066351
135.7,0.009156395,2604.377765391676
135.8,0.001986817,3856.018836641624
135.9,0.0032321485,4242.897425455947
136.0,0.005815185,2634.632647456918
136.1,0.0024383415,3451.810028052897
136.2,0.003985336,4564.57765510887
136.3,0.0054267207,4555.804681030037
136.4,0.0026354485,4543.39319898682
136.5,0.0005861573,4942.352581433348
136.6,0.0007323681,5519.951923020855
136.7,0.0013838902,5834.471237016938
136.8,0.001548853,5814.419712949884
136.9,0.0011893391,5759.69438306025
137.0,0.0007763095,5655.653444582214
137.1,0.0002151757,8728.363391518571
137.2,0.005399305,6473.756776025091
137.3,0.040130485,1493.2177756737178
137.4,0.033295,1968.6730940406392
137.5,0.011469912,3349.5489044778283
137.6,0.013176943,1630.795444037698
137.7,0.011254097,1700.9512125608453
137.8,0.015644591,1387.21691254515
137.9,0.017105503,1420.113509298833
138.0,0.0025234239,7895.39576791583
138.1,0.009755393,2649.16031114295
138.2,0.003022691,5667.036650607293
138.3,0.0072772675,5702.174751298614
138.4,0.030637963,2251.126502323343
138.5,0.025489526,1427.593989237142
138.6,0.019730255,2093.3828625111028
138.7,0.014398949,1956.3375785221842
138.8,0.0072702025,3167.9781109531077
138.9,0.004267402,3643.678922023185
139.0,0.00120435,3920.4144794177473
139.1,0.00048316768,5315.607990904497
139.2,8.63088e-05,11869.092403365812
139.3,7.014309e-05,12867.421136968973
139.4,8.171202e-05,12654.682194182882
139.5,0.00010150945,10905.496934771661
139.6,9.056839e-05,12276.52290392001
139.7,7.002896e-05,13303.305826235679
139.8,7.488363e-05,13252.045259350865
139.9,7.134831e-05,13403.407825731647
140.0,0.00010059075,12947.939771985517
140.1,8.062535e-05,12197.91571079137
140.2,8.813613e-05,11721.048168108191
140.3,0.00010545034,11060.865328349266
140.4,0.01032269,1262.1554206020492
140.5,0.013485374,2439.116227082427
140.6,0.00015988413,11224.586014915472
140.7,0.0032995897,1820.1159727045351
140.8,0.00494877,1489.0883209377967
140.9,0.009522604,1666.8825935729092
141.0,0.002354372,3589.2866619300926
141.1,0.0009731833,4115.888917364259
141.2,0.00018141358,8447.335845004902
141.3,0.0003723238,9428.702961970117
141.4,0.00018941604,9883.924380869132
141.5,0.0018872875,7127.806765900188
141.6,0.0013110215,6330.977692408396
141.7,0.0012417352,5804.231786608398
141.8,0.0008560142,5384.035928778729
141.9,0.00060694263,5655.844778456782
142.0,0.00047346568,6099.979558936689
142.1,0.00018143393,8378.900182289271
142.2,0.000109746004,11159.707050940426
142.3,0.004579513,2449.0638564517776
142.4,0.0015642175,5314.299545157056
142.5,0.004316256,3651.154602692596
142.6,0.0028378812,3645.2989528788785
142.7,0.0014251014,3813.7518759838276
142.8,0.00054887723,5243.538783472943
142.9,0.00013456742,10358.949110496795
143.0,7.108316e-05,13137.2564546811
143.1,7.2747775e-05,13325.909024131051
143.2,7.269115e-05,13156.46010108253
143.3,9.2102804e-05,12701.451347939495
143.4,8.653305e-05,11946.688285103193
143.5,8.921026e-05,11827.75136657844
143.6,7.918809e-05,12062.594761025339
143.7,8.483288e-05,12924.540928538248
143.8,9.367235e-05,12812.556882405033
143.9,7.769017e-05,12670.424752095669
144.0,0.00011212572,10800.375902628773
144.1,0.0012588247,8743.031715510768
144.2,0.016241599,1789.443587383616
144.3,0.01420513,1962.6865433503299
144.4,0.01485491,1846.7662209525065
144.5,0.009219172,1814.6702310158817
144.6,0.008514209,1540.7037348829604
144.7,0.0072346097,1321.1472344788806
144.8,0.007679317,1388.8611926293997
144.9,0.0076139006,1444.1654473038686
145.0,0.0034910215,3009.959237217231
145.1,0.00031616568,6440.677607284613
145.2,0.0002677134,7920.261726231681
145.3,0.00026414814,7947.647437404683
145.4,0.00016261518,9304.338422803368
145.5,0.007908866,1314.6827303083005
145.6,0.013797471,1271.4760299844788
145.7,0.0010735134,5489.526635498138
145.8,0.020398969,1319.8970227177824
145.9,0.0012520574,4473.8090049659295
146.0,0.00036651822,8841.768704431955
146.1,0.007945806,2352.2610474753665
146.2,0.010524504,1317.8123309257926
146.3,0.01300308,1488.305068820452
146.4,0.00127799,8952.664592108902
146.5,0.013534939,1761.1374469219554
146.6,0.010897434,2355.1784674353903
146.7,0.013726851,1133.037639654022
146.8,0.017951714,1161.8170960464545
146.9,0.019808872,1697.8812215080375
147.0,0.0024397715,4738.613689461139
147.1,0.0009196791,4264.233099048937
147.2,0.00013436168,9839.283018202806
147.3,0.00013357608,10265.709243140676
147.4,0.00050528476,5151.773426932394
147.5,0.00089687656,4462.509783990239
147.6,0.00095247105,4554.34494866655
147.7,0.0007888981,4788.6474479834715
147.8,0.0006314983,4717.340975195917
147.9,0.00067517505,4725.891395304949
148.0,0.00058593653,4663.179389137824
148.1,0.00051089184,4935.458609918263
148.2,0.00044301857,4941.688077535084
148.3,0.00025182645,7624.421645751553
148.4,0.00010969805,10178.39132937655
148.5,0.0032445104,6849.735862615155
148.6,0.05431464,2208.6572729846703
148.7,0.0031896494,5111.36920424174
148.8,0.03091028,3530.7368705178806
148.9,0.021967456,2546.613008968114
149.0,0.016861456,2142.319216745833
149.1,0.028420651,1878.3815095368802
149.2,0.03113475,1864.96476575436
149.3,0.0038752425,4779.519409522954
149.4,0.0378885,2360.9659511699324
149.5,0.03089483,1430.4922732644236
149.6,0.0032398927,5796.192369905207
149.7,0.019108083,1966.4476532047547
149.8,0.017314002,1221.4458703832624
149.9,0.008629495,1949.412417927686
150.0,0.01370729,2796.2770893213396
150.1,0.0055158716,2856.18701258704
150.2,0.003018248,4133.83161657621
150.3,0.003044127,3962.8887032569082
150.4,0.0017835369,3934.0596786477845
150.5,0.0006079497,5093.2510044033415
150.6,0.0002551618,6667.329739711094
150.7,0.00010942595,10974.96868113254
150.8,7.0520655e-05,13167.005134941548
150.9,8.3352956e-05,12898.585263403704
151.0,8.498245e-05,12683.20314959378
151.1,7.707327e-05,12316.947286027158
151.2,7.577914e-05,13322.458868353944
151.3,7.4599695e-05,13104.758901171777
151.4,7.170553e-05,13150.091844242652
151.5,7.130574e-05,13438.176641587532
151.6,0.0001511854,11455.414850429235
151.7,9.092816e-05,11579.773383668027
151.8,0.00013234626,9223.31579985486
151.9,0.00015061216,8870.521219136066
152.0,0.00017974491,8400.47020804527
152.1,0.00013024948,9798.069182789348
152.2,9.424631e-05,11381.259853649852
152.3,8.1980084e-05,11863.395978773027
152.4,7.846157e-05,12171.971247010162
152.5,7.888916e-05,12911.621887793544
152.6,0.00010118147,12705.277133230707
152.7,0.00010696667,12725.457603936718
152.8,0.0005135086,7487.902585597979
152.9,0.0003355898,8550.65544663762
153.0,0.00032421324,8411.836159398823
153.1,0.00031658664,8554.563821075404
153.2,0.00040342825,8140.841929518032
153.3,0.0004827055,7949.679783150714
153.4,0.00041427993,7695.956683006983
153.5,0.00048710254,7380.034333459235
153.6,0.00037390753,7299.23442770432
153.7,0.0004592247,7325.922343404991
153.8,0.0005627876,6583.497105990802
153.9,0.0005239991,6751.240050669168
154.0,0.00026797215,8327.811386025416
154.1,0.0001908805,8779.15585015407
154.2,0.00015995398,9076.790968032583
154.3,0.0005445885,7158.7295708793445
154.4,0.001593483,7360.224736927648
154.5,0.0024655778,4060.1423118536513
154.6,0.0013673484,3884.3731611362887
154.7,0.021465033,1517.0140313414481
154.8,0.019698823,1489.4196150696962
154.9,0.016127676,1404.93726163991
155.0,0.00018270606,9924.039460462694
155.1,0.0040011895,5136.087715545898
155.2,0.017765202,1182.4478492540538
155.3,0.027846184,1341.5450424107325
155.4,0.023559205,2931.663393466033
155.5,0.008880854,3430.3882721019936
155.6,0.0024208208,5564.485390615871
155.7,0.027800221,2596.236817187403
155.8,0.024266457,1693.473712900406
155.9,0.02355514,2087.9044061544187
156.0,0.021586874,2128.8145397534918
156.1,0.017653782,2292.4342794102768
156.2,0.011792635,2099.043953482291
156.3,0.008098771,2618.685147198743
156.4,0.0072534457,2901.091658615329
156.5,0.00039203008,7525.368011337946
156.6,0.001718991,5132.650259449918
156.7,0.011277916,1834.981957561144
156.8,0.0066172704,1717.4870820377635
156.9,0.007930487,1883.5273012600364
157.0,0.007828822,1810.0282733716713
157.1,0.0069792247,2138.4514502201528
157.2,0.006785585,2064.6165532616474
157.3,0.012967215,2003.003781416318
157.4,0.0034808186,3446.1692272942855
157.5,0.0014145126,4126.066528048681
157.6,0.0006208554,4948.477227385645
157.7,0.00026581564,7618.430191964052
157.8,0.00010910393,10168.30650409355
157.9,0.000121339464,10359.33732171408
158.0,0.0001657729,9070.370907732071
158.1,0.00017786829,8363.020386968656
158.2,0.00017627493,8720.307748507337
158.3,0.00015257752,9083.690160592681
158.4,0.00015846622,9039.968158403895
158.5,0.00014801987,8893.889559391511
158.6,0.00021737623,8216.591705881969
158.7,0.00021157158,7567.853266775856
158.8,0.0002812087,7521.487467266908
158.9,0.00026795137,7207.03574482836
159.0,0.00029363623,6809.27603937154
159.1,0.0001736166,8506.188945611171
159.2,0.00020069693,8677.609798490326
159.3,0.0001457379,9006.065160166912
159.4,0.00073856127,6510.654828078956
159.5,0.0011370167,6509.748802992171
159.6,0.0077129146,2172.8941689526946
159.7,0.0016105878,3941.915809133711
159.8,0.0037537143,2855.4128093754553
159.9,0.00445059,2768.8590728397385
160.0,0.0026922657,3018.416164462673
160.1,0.0012243907,3750.353065836748
160.2,0.0024273645,3620.255904993911
160.3,0.0032354663,8770.106209324222
160.4,0.008462267,2444.4497225521873
160.5,0.0042409715,2337.9064492390485
160.6,0.0034336853,3114.579915643112
160.7,0.0014766839,4082.8331976154363
160.8,0.0008847541,4634.420286827712
160.9,0.0004275422,5665.020279575273
161.0,0.0001608947,9734.86133209994
161.1,0.0002453918,8900.175713561232
161.2,0.0007890568,5006.102718994936
161.3,0.0008345581,5416.004178317778
161.4,0.0008717772,5059.299012663473
161.5,0.00091910246,5101.043566601781
161.6,0.0007382412,4808.214544059332
161.7,0.00042046496,5735.332254567268
161.8,0.00014847974,10408.333633327062
161.9,0.031381566,1995.9573007052375
162.0,0.025656272,2008.0664284005215
162.1,0.0051079723,4748.870510583025
162.2,0.027102873,2228.8378070826166
162.3,0.009048354,4759.970298826775
162.4,0.024343254,2030.3010964767836
162.5,0.00033285882,10575.379758171295
162.6,0.004628506,4784.912048528317
162.7,0.029174818,1028.3799915376896
162.8,0.017434457,1469.411901799063
162.9,0.019465016,2059.7403204070747
163.0,0.01852405,2226.4868796697465
163.1,0.023174271,1562.4391971177367
163.2,0.024798714,1051.3023398556875
163.3,0.023455013,1529.3039076541177
163.4,0.01415624,1122.3118249953627
163.5,0.0030081042,5503.555257236009
163.6,0.012104867,1559.9596287598665
163.7,0.0040974994,6199.366953095041
163.8,0.0024585617,6306.203692527646
163.9,0.011968466,2076.130090848622
164.0,0.00962491,1905.2829780083798
164.1,0.0021972302,7800.331226804793
164.2,0.0112245465,1444.6867217929089
164.3,0.011724607,2875.111321086415
164.4,0.012661878,1447.4495419262057
164.5,0.020802137,1222.1859595903145
164.6,0.018931817,1189.6706399970274
164.7,0.013755161,1812.084500297493
164.8,0.00057912635,5927.3415768992945
164.9,0.01311627,1582.8991990752556
165.0,0.015460898,1540.807390107252
165.1,0.016253302,1687.645579801142
165.2,0.0045920936,2956.53840465269
165.3,0.0013346623,4215.147291219215
165.4,0.0007994203,5807.914379671786
165.5,0.00039949227,5993.016199169922
165.6,0.00015378535,10228.244356029527
165.7,9.214083e-05,11812.814375918833
165.8,8.061217e-05,12244.601647314199
165.9,0.00016403616,11672.288760114556
166.0,0.00013308229,11124.69333190866
166.1,0.00022091929,9602.120010598994
166.2,0.00012957098,10094.154553033106
166.3,0.00028927063,7521.5979423718545
166.4,0.0005038955,5695.606650374778
166.5,0.0009646769,4775.205386238252
166.6,0.00089924433,4967.7103484278505
166.7,0.00035913833,6377.39153940052
166.8,0.00035430348,6346.211335686589
166.9,0.00029213505,7848.09237767206
167.0,0.00019762074,8827.210728691425
167.1,0.00021873973,8206.76632790073
167.2,0.00024120636,7259.9580379297495
167.3,8.4133746e-05,12265.000381494061
167.4,0.00016572671,8508.801098125303
167.5,0.0010603876,5466.303693748301
167.6,0.014801947,1608.900089542125
167.7,0.006003635,2549.0423933379416
167.8,0.0019373394,3796.9728180120474
167.9,0.0020085876,4143.5483415193485
168.0,0.0017078574,4265.2886904485285
168.1,0.0017134356,3671.0200199368974
168.2,0.0014168336,3975.6774432553357
168.3,0.0012488993,4039.4973699676766
168.4,0.00080488354,4907.113294287292
168.5,0.00082084676,4257.172749679085
168.6,0.0006707516,4681.05097673724
168.7,0.0003242865,6836.030340182206
168.8,0.0017767182,6829.673184982808
168.9,0.01987082,1303.4160253802324
169.0,0.01612525,1258.1856837956434
169.1,0.0077200015,1857.6323839127654
169.2,0.00835497,1821.4074753925615
169.3,0.012138849,1699.5168831036976
169.4,0.01311039,1879.4905641953933
169.5,0.007218667,1851.1916377740417
169.6,0.00010378303,11621.562332388352
169.7,0.00010169471,12411.270279192608
169.8,0.000108184206,12342.79907679101
169.9,0.00018417854,11373.335039800693
170.0,0.0001583443,10427.633926672826
170.1,0.00015364007,12637.625546559599
170.2,0.000106897634,12705.47755671477
170.3,0.00013237985,11143.874626951714
170.4,0.00019443581,11210.328142187635
170.5,0.00018832376,11868.523520574057
170.6,0.00022292692,10903.66275744546
170.7,0.00015124962,11586.75728657758
170.8,0.00015527585,11628.842185968422
170.9,0.00020848877,9218.656334725396
171.0,0.00044844623,8868.237771004133
171.1,0.00023938157,10494.256842487475
171.2,0.00012180589,10293.591583635574
171.3,0.00012740694,9579.15541941813
171.4,0.00013969431,9268.954463594526
171.5,0.00012028074,10186.074899040079
171.6,0.00012662928,10108.47790325505
171.7,0.00015731966,9361.32006300386
171.8,0.00012911332,9700.67241559798
171.9,0.00011984185,9831.26164117823
172.0,0.00024492273,9976.700962122437
172.1,0.0003967744,6312.705084187428
172.2,0.017884841,1421.8899138553525
172.3,0.020425817,1610.495182416166
172.4,0.011761743,2335.2411750215297
172.5,0.009963935,2254.059346940535
172.6,0.0015946331,4870.7075743005535
172.7,0.0013441339,4998.75963382167
172.8,0.0010301939,5697.513095983879
172.9,0.0008497224,5410.946771290469
173.0,0.0009151196,5420.213645733318
173.1,0.0019129493,9019.234224838277
173.2,0.0035630844,8301.833608089979
173.3,0.0038180274,8619.601329789914
173.4,0.008813099,5342.783426538405
173.5,0.004759496,3576.1296231323568
173.6,0.0018887328,4118.939557677784
173.7,0.0012636902,5149.201025448463
173.8,0.004171366,4173.597614924379
173.9,0.0026649402,5833.781407678252
174.0,0.0032670433,6562.955380013842
174.1,0.0020866948,6659.4853054932855
174.2,0.0011869901,5574.1503489860515
174.3,0.003878422,3114.4351554753557
174.4,0.0015308541,4776.663902007136
174.5,0.0014085392,4102.38563225586
174.6,0.00034591183,6108.013997637699
174.7,0.00025115954,7128.415786168176
174.8,0.0007654244,5082.415709414505
174.9,0.00015197722,9107.309203458328
175.0,0.000119748205,9687.454699543765
175.1,0.00011301269,10692.134018248382
175.2,0.000114206596,10589.916369088996
175.3,0.00012707927,9993.38800794928
175.4,0.0001386894,9729.632900030054
175.5,0.00012794769,9226.694112451547
175.6,0.000127892,9958.479428348155
175.7,0.00016737187,8680.262900083904
175.8,0.00011171545,9961.54502625386
175.9,0.00013023616,9443.018939305844
176.0,0.00013082745,9377.890197074777
176.1,9.685535e-05,10650.39877969602
176.2,0.000117788746,9719.073936988238
176.3,0.00010658869,10132.548580704935
176.4,0.00011004495,10360.401809925492
176.5,0.001507174,5629.820382773745
176.6,0.012984555,2027.1778311556989
176.7,0.0062514395,2922.0921260013984
176.8,0.0023817352,3739.5048878852995
176.9,0.0028210531,3310.0333688495984
177.0,0.0021229128,3510.317982287461
177.1,0.001009109,4385.1216508151365
177.2,0.0005787601,4948.942720171999
177.3,0.00034685017,6349.365482614276
177.4,0.00021300031,7927.754316238208
177.5,0.00011776521,10605.507242564292
177.6,7.471495e-05,12851.837377471753
177.7,7.79223e-05,12792.076249215996
177.8,6.859836e-05,13441.560597448442
177.9,7.98619e-05,12573.065408808616
178.0,0.00012414716,10140.886883995649
178.1,0.0003810499,5937.517864758007
178.2,0.00040424042,5667.784568054245
178.3,0.0002625704,6859.433250508871
178.4,0.00024094728,7574.854587894502
178.5,0.0001863973,7852.474445221673
178.6,0.00018095775,8392.229114878432
178.7,0.0001437571,9133.632572431366
178.8,0.00014367672,8822.743303394489
178.9,9.861165e-05,11392.127361343342
179.0,0.00011844578,9573.634720753318
179.1,7.369173e-05,12627.892558190355
179.2,0.00013806432,8939.59640300973
179.3,0.00010744516,10261.296775794272
179.4,8.134932e-05,11903.508959882343
179.5,7.108379e-05,12614.820556155251
179.6,8.34605e-05,12238.30464339383
179.7,7.480876e-05,13029.502661476443
179.8,6.621494e-05,13155.79401970875
179.9,6.404048e-05,13858.135610756279
180.0,7.38097e-05,13013.27084067274
180.1,7.249741e-05,12584.927257897845
180.2,0.0002222894,10697.02711306605
180.3,0.021094816,1375.3348577500583
180.4,0.0076193907,1720.402868719816
180.5,0.0064767255,2170.1272037220924
180.6,0.00478249,2500.1977206518422
180.7,0.00044176268,8261.290009470158
180.8,0.004481933,2546.965403729768
180.9,0.006833039,1958.1038523882148
181.0,0.010865718,1415.0924940662942
181.1,0.015321025,1316.011760794678
181.2,0.016845455,1575.9078163050208
181.3,0.0038689387,2839.6825954976775
181.4,0.003488169,2470.149304145465
181.5,0.0003687971,10887.114028265629
181.6,0.012783178,1783.8135036599178
181.7,0.016060993,1022.012682113532
181.8,0.021178612,860.4330948213618
181.9,0.008381122,2968.776004218604
182.0,0.012668246,1355.4886208163934
182.1,0.012362922,1348.9801184877256
182.2,0.011402752,1468.3241113375748
182.3,0.01246964,1531.0711025047058
182.4,0.0026962645,3029.194686403466
182.5,0.0008017454,4113.575240317381
182.6,0.00033057475,6793.202109279819
182.7,8.0294216e-05,12494.107396983196
182.8,6.871122e-05,13061.273303801187
182.9,0.00012816496,10329.36131317598
183.0,0.00014051735,9482.264591890853
183.1,0.00013419334,9682.469849298712
183.2,0.00010920693,10849.767256079162
183.3,9.627328e-05,11397.590252450735
183.4,0.0001066561,10967.099962546918
183.5,0.00011719093,10543.450902658122
183.6,0.0025004065,4960.225177781538
183.7,0.012522537,1496.1519050253748
183.8,0.00038035394,7243.111504201323
183.9,0.003946712,6350.984083934747
184.0,0.0004284192,8770.234822103987
184.1,0.0012810633,7977.5365780377
184.2,0.00015954711,10693.611464685233
184.3,0.0015819932,3851.4389704406594
184.4,0.016028056,1435.8750570782183
184.5,0.012175052,1746.825296826561
184.6,0.013677534,1517.0423945551938
184.7,0.007208405,2195.626733923497
184.8,0.001856553,3522.5706179677763
184.9,0.0011952496,3806.5166710474064
185.0,0.00052047,5024.843801208768
185.1,0.00014819847,9764.193129382307
185.2,8.3789026e-05,13220.765222471073
185.3,6.76245e-05,13736.775796516895
185.4,7.0995e-05,13462.580743222938
185.5,7.55362e-05,13410.786817245338
185.6,7.490313e-05,13264.606264773605
185.7,7.646607e-05,13207.779492027015
185.8,8.428681e-05,12950.369348659038
185.9,6.684245e-05,13516.728158653223
186.0,7.606696e-05,13115.762086535924
186.1,6.8020134e-05,14097.894055853601
186.2,0.000113422124,12405.531024407288
186.3,7.182585e-05,12889.18018899035
186.4,8.331835e-05,12857.42555447903
186.5,9.646402e-05,12792.099925154005
186.6,7.484738e-05,13377.871118529642
186.7,8.3086925e-05,13069.839314157009
186.8,8.36839e-05,12634.74754281799
186.9,8.009179e-05,13142.218812696228
187.0,8.153734e-05,13075.845788277264
187.1,7.23434e-05,13486.816092659757
187.2,8.634343e-05,13472.323330608035
187.3,6.777561e-05,13208.971075384226
187.4,6.6363915e-05,13471.119063585846
187.5,8.3769395e-05,12350.982471196006
187.6,7.4614894e-05,12713.891712485361
187.7,7.416762e-05,13352.548114550815
187.8,6.807608e-05,13713.99059065383
187.9,6.6195695e-05,13625.849442334598
188.0,6.826429e-05,13355.05130147439
188.1,7.6948796e-05,13219.523806780573
188.2,7.724183e-05,12840.096069644105
188.3,6.624818e-05,13518.864076343789
188.4,6.4767526e-05,13220.04304807902
188.5,9.161325e-05,12483.930010906646
188.6,7.2356015e-05,13319.339043436274
188.7,7.388364e-05,13082.562915412438
188.8,8.559999e-05,12229.244376806717
188.9,0.0004094873,7896.454693365556
189.0,0.000643705,6632.488166007963
189.1,0.004040244,2168.717020685051
189.2,0.0038337042,2834.895779547317
189.3,0.003928922,2640.482688091126
189.4,0.005765966,2190.6748837558307
189.5,0.0019488084,6778.304187160103
189.6,0.0007740621,8006.417659300447
189.7,0.007887561,1846.668933405331
189.8,0.005882495,1675.5888574869325
189.9,0.004246278,2071.5399725029583
190.0,0.0007146658,4500.423354197581
190.1,0.00014822495,10818.793254325015
190.2,0.00015529427,10166.473287635426
190.3,0.0005264677,5569.377154914548
190.4,0.00052023184,5176.543594436238
190.5,0.0004596552,5275.334887297796
190.6,0.00032327123,6489.060894171658
190.7,0.00013790009,9976.989782412147
190.8,9.730535e-05,11444.811081727992
190.9,0.00026211076,8043.14419550954
191.0,0.021598842,916.9193084648839
191.1,0.0142750675,1275.2252478882583
191.2,0.016979394,1368.3423091485345
191.3,0.016384559,1431.821282188142
191.4,0.020221366,1296.9400014488192
191.5,0.023586597,1452.9732395851279
191.6,0.012245915,2041.5218346013867
191.7,0.012963272,1764.5736625620536
191.8,0.008874986,1665.9767251208245
191.9,0.010217178,1544.9083415020955
192.0,0.0019641041,4123.389293734148
192.1,0.017677471,1365.0851313111402
192.2,0.00011858201,11673.727442529504
192.3,0.0080105495,2749.7399674936387
192.4,0.002644909,3094.7882091112256
192.5,0.002164902,3139.8464220445067
192.6,0.00065412157,4392.590257098394
192.7,0.00016087948,9197.241052393252
192.8,7.069995e-05,13371.919604927316
192.9,7.691197e-05,12916.64738714823
193.0,7.582885e-05,13174.635224528729
193.1,9.413047e-05,13052.039197094984
193.2,7.3194315e-05,13294.626484451754
193.3,0.000112695896,11912.670702462336
193.4,0.00010525546,10398.357543944407
193.5,0.00010206163,10650.645034310372
193.6,8.434699e-05,12250.736326097807
193.7,0.0001053258,11997.708927866734
193.8,8.218746e-05,11848.23853753936
193.9,7.9568e-05,13241.346860109716
194.0,7.219454e-05,13398.024589114299
194.1,7.0218564e-05,13058.542259834894
194.2,7.851612e-05,12666.412167397155
194.3,6.928487e-05,13027.194629975824
194.4,7.363098e-05,12855.91714356697
194.5,9.129153e-05,12660.89337358622
194.6,0.00020977927,8064.58738484784
194.7,0.0007736757,7547.66140424259
194.8,0.012226154,1312.61361323838
194.9,0.00068033824,8420.730381594965
195.0,0.008453925,1517.460764598571
195.1,0.0070227934,1799.524839747292
195.2,0.0031856408,2659.9020801233983
195.3,0.0072630607,1993.747351217898
195.4,0.006212532,2147.775448280273
195.5,0.0004549185,8316.549865199022
195.6,0.005590288,1854.798131431618
195.7,0.006045551,1777.4797850856212
195.8,0.004925567,2190.8608740410145
195.9,0.0016356177,7283.4221348698875
196.0,0.008611919,2152.9544845424252
196.1,0.014582012,1707.6159970170322
196.2,0.001297793,6858.521652542521
196.3,0.0045666755,4573.672041614863
196.4,0.014561837,1403.6865974563336
196.5,0.0008411304,8236.543444270388
196.6,0.0007403178,7430.432028344076
196.7,0.014417733,1031.858926292898
196.8,0.01116124,1613.4107852048594
196.9,0.009142216,1472.2375749913947
197.0,0.0043220185,5087.839813881928
197.1,0.009324194,1992.1807457969767
197.2,0.0153716365,1529.1099702810448
197.3,0.012497219,1693.7722050754367
197.4,0.007899235,1792.8690988378194
197.5,0.016730743,1320.4727116402673
197.6,0.014083635,1436.068137641893
197.7,0.014842872,1345.2601853334168
197.8,0.012777464,1500.5450400530026
197.9,0.009103751,1884.8167379840525
198.0,0.0003329807,6443.297480815914
198.1,0.00014118785,9532.312594771796
198.2,9.2438924e-05,10806.517635866683
198.3,7.8648314e-05,12514.816625688552
198.4,6.6701985e-05,14028.031017573285
198.5,6.6782646e-05,13661.696939234873
198.6,6.979863e-05,13449.287659424805
198.7,7.28055e-05,13823.013492293001
198.8,6.081845e-05,14050.448672899955
198.9,7.28969e-05,11847.163907657661
199.0,6.587006e-05,13254.151893399809
199.1,6.793924e-05,13448.939001436032
199.2,8.9563946e-05,12876.211932176664
199.3,8.211239e-05,12685.188202550562
199.4,6.6897934e-05,13544.26040819294
199.5,7.127679e-05,13405.737653306716
199.6,6.773286e-05,13611.205174013605
199.7,7.7327466e-05,13266.988330288768
199.8,7.1925286e-05,13225.430516493148
199.9,6.363457e-05,13431.728325942544
200.0,6.608474e-05,13814.875919399667
200.1,8.2943996e-05,13110.030316558836
200.2,6.463557e-05,14048.134987561212
200.3,6.394281e-05,13763.796497787907
200.4,7.1730145e-05,12927.496103013595
200.5,7.437439e-05,13182.900808123533
200.6,7.1774026e-05,13272.288836774293
200.7,7.433346e-05,12709.067529397544
200.8,7.138699e-05,13254.027355706412
200.9,6.752425e-05,13155.740081653043
201.0,7.6885466e-05,12994.351739908452
201.1,7.662516e-05,12734.908785477657
201.2,7.344421e-05,13097.826684471414
201.3,7.578668e-05,13304.13242998371
201.4,8.74852e-05,12310.810894128224
201.5,0.001502763,5948.4429880561365
201.6,0.001352795,4511.259301152947
201.7,0.017262403,1528.6006804581016
201.8,0.013395665,1833.9435826593908
201.9,9.4793606e-05,11398.361499450373
202.0,0.020674136,1378.749812628387
202.1,0.021827543,1658.9321356069372
202.2,0.013504376,1481.5682172251102
202.3,0.0139946565,1395.5006593614858
202.4,0.014625102,1413.648535001635
202.5,0.013461988,1405.910188758388
202.6,0.030323358,1237.689784249084
202.7,0.017925143,1433.7847483964156
202.8,0.012358553,1623.3725063306165
202.9,0.004136879,1763.3835820121658
203.0,0.0014560221,4814.46456317127
203.1,0.00087243866,4783.626641574425
203.2,0.004760504,2415.692583003704
203.3,0.0026471436,3274.6216316998343
203.4,0.0021766813,3662.8776997592495
203.5,0.00011587241,12110.707044289597
203.6,0.008327728,1507.0266392838914
203.7,0.010109902,1429.8317974625493
203.8,0.008000437,1719.8623097975947
203.9,0.00021653328,10466.51092530503
204.0,0.00084676145,4991.068993384417
204.1,0.005539017,2002.4346859411892
204.2,0.004095348,2141.8489755840897
204.3,0.00010606754,11605.344112823503
204.4,0.008137005,1484.4392660329815
204.5,0.00019496336,10338.740043656897
204.6,0.0068169734,1741.2230386053625
204.7,0.0006474677,7715.055025797057
204.8,0.004335649,1873.7376541666401
204.9,0.004729664,1850.892573656214
205.0,0.004585851,1925.066500302531
205.1,0.0016937735,3356.291869296527
205.2,0.00043727926,5332.1965273122205
205.3,0.000114844566,11097.026643267425
205.4,7.572695e-05,13339.683917742519
205.5,6.4317894e-05,13683.472878298418
205.6,7.230248e-05,13037.774880850919
205.7,0.00013037238,9823.975210173472
205.8,0.00015256218,8793.768249740639
205.9,0.00014862033,8967.034487231174
206.0,0.00012374495,10075.166533106114
206.1,0.0001112601,10339.201467029774
206.2,8.4228064e-05,12686.733852614736
206.3,7.818659e-05,12502.65993638061
206.4,7.375422e-05,13232.576066356956
206.5,7.6068165e-05,13508.033134175903
206.6,6.742686e-05,13400.325406233464
206.7,6.480583e-05,13179.297689199928
206.8,6.353908e-05,13436.57518874059
206.9,7.635889e-05,13383.721459197957
207.0,6.618311e-05,13539.633231507225
207.1,7.193502e-05,13543.952118284353
207.2,7.042378e-05,13289.422571256182
207.3,7.204677e-05,13593.998047248788
207.4,0.00010785775,12817.090220334081
207.5,6.883903e-05,13368.19909589562
207.6,9.0474015e-05,12816.720751282075
207.7,0.0001239584,11998.588620308437
207.8,7.310643e-05,13585.17392866156
207.9,7.462911e-05,13068.08224949927
208.0,7.100355e-05,13189.139595672059
208.1,9.728749e-05,11515.769172730428
208.2,0.0015597313,6279.654341751055
208.3,0.011883923,1619.0275529376345
208.4,0.022005213,1821.9749172627826
208.5,0.021267675,1661.6573519335152
208.6,0.008337613,1770.8518543598561
208.7,0.0035019876,2976.6692320539682
208.8,0.014988942,1452.9786169935182
208.9,0.0005712819,7130.102987388384
209.0,0.014138258,1398.9595952700747
209.1,0.00626261,1797.534345276528
209.2,0.002504212,3176.7353817329395
209.3,0.00073143066,4229.951538645146
209.4,0.00016821726,10124.87034048965
209.5,0.00040885006,6521.977762539677
209.6,0.00024558898,7118.8455968809885
209.7,0.00017732188,9300.977122943308
209.8,0.00013066073,10023.779816616978
209.9,7.328842e-05,13051.020367854533
210.0,7.482531e-05,12795.673977046974
210.1,8.2823084e-05,12694.669748151142
210.2,0.022609262,1608.6500428802665
210.3,0.017210014,1353.0432753396547
210.4,0.010334784,1875.2155968121472
210.5,0.0041946527,6650.621502993023
210.6,0.017056154,1488.193674932978
210.7,0.015610643,1440.7911199721016
210.8,0.0011958829,5215.285934865918
210.9,0.01967298,1348.554892946062
211.0,0.0013660812,4052.9100785667856
211.1,0.009720903,1909.7154165435145
211.2,0.0064337556,1833.7776716977708
211.3,0.0017155809,8745.728893080794
211.4,0.0026644072,3219.3139394037757
211.5,0.019920584,1164.7135502746053
211.6,0.0112552205,1611.1508480111115
211.7,0.0001355899,11247.807984901243
211.8,0.0013683832,4374.00280615914
211.9,0.0004842874,5920.203632322555
212.0,9.467e-05,11805.334605214113
212.1,7.893855e-05,13170.562470227282
212.2,8.1779755e-05,13258.015088609298
212.3,7.8827456e-05,12377.77876857865
212.4,0.00011353911,11445.412627950616
212.5,0.00012165726,11153.081422329891
212.6,0.000113711816,10794.19488033173
212.7,8.1949984e-05,12418.195409042823
212.8,6.4036365e-05,13238.113315644057
212.9,7.133937e-05,13259.43375537058
213.0,7.4882264e-05,13327.220034905507
213.1,7.246688e-05,12885.249204326898
213.2,0.0043649836,2088.4955460339293
213.3,0.0051713306,2187.801687310923
213.4,0.013872343,1494.729788906744
213.5,0.0005087755,6979.9583329866555
213.6,0.018211383,1600.1534004117768
213.7,0.018542947,1043.2902969544307
213.8,0.0012558207,5385.477307612127
213.9,0.0070968964,3042.281288805686
214.0,0.0018496822,6254.885326194469
214.1,0.00074538257,7336.15560252369
214.2,0.0008881362,5824.195035540186
214.3,0.0014919369,4878.5782055397285
214.4,0.015991168,1717.5702568422846
214.5,0.0021114708,3584.6715671620186
214.6,0.0020210429,3531.5159689113716
214.7,0.0015770316,4066.4599316462
214.8,0.0010738017,4549.02575672233
214.9,0.00036564635,5981.273334545023
215.0,0.00021539404,7557.519132197513
215.1,0.00012045187,10299.76167380829
215.2,0.00011139226,11930.367483191078
215.3,7.011465e-05,13626.846513892897
215.4,6.823388e-05,13741.803471357143
215.5,6.250526e-05,13701.252305076014
215.6,0.000108790606,11177.253035007438
215.7,6.377731e-05,13566.12157866502
215.8,6.602233e-05,13444.934350317028
215.9,8.780102e-05,12921.465601284894
216.0,0.00010727508,12556.006425440199
216.1,7.468744e-05,13947.498032457686
216.2,6.686412e-05,13636.069345663118
216.3,6.7347835e-05,13855.320987327104
216.4,6.852507e-05,13475.92722471043
216.5,8.655757e-05,13038.815400400354
216.6,8.104616e-05,12331.132661193722
216.7,8.0417885e-05,12217.780458004698
216.8,7.142557e-05,13072.848714448139
216.9,7.4900236e-05,13240.30424657778
217.0,6.5737855e-05,13563.99904365037
217.1,6.23883e-05,13588.98578885669
217.2,7.097319e-05,13512.946023561199
217.3,8.5661784e-05,12782.606326283472
217.4,0.00010157355,12636.56394146753
217.5,0.0001383099,10994.673198603152
217.6,8.682666e-05,11815.737030488393
217.7,9.224243e-05,12342.197357967847
217.8,0.00025556478,8477.761394451434
217.9,0.008349912,1671.8162842957477
218.0,0.0062538516,2008.3538834405808
218.1,0.0056535243,2051.501187549864
218.2,0.0049436665,2184.9474932706044
218.3,0.004136842,2823.9752868949636
218.4,0.0018750577,3507.956830735903
218.5,0.013265598,1233.3762600432328
218.6,0.008403888,1663.4139743965193
218.7,0.0019181251,3149.9700409715388
218.8,0.0005377776,6325.443223658056
218.9,0.0007538934,4540.66432576441
219.0,0.00057041936,5153.249151407536
219.1,0.00037556668,6026.158861271199
219.2,0.00029118315,6346.197284333213
219.3,0.00018858779,8284.576592500955
219.4,0.00013387187,9667.724871476736
219.5,0.00011785063,10934.34345655109
219.6,6.9238595e-05,13729.912097241737
219.7,0.007130837,2232.375649639149
219.8,0.03419354,1545.279230561757
219.9,0.026735613,1632.6863744112368
220.0,0.00045164183,7935.732918620886
220.1,0.024224872,1297.5394405409231
220.2,0.015248862,1668.438816018458
220.3,0.010798663,1421.7532495528167
220.4,0.006074836,1831.3368188346467
220.5,0.005795097,2346.7049230998873
220.6,0.0014582665,8385.21803723998
220.7,0.0042367545,3736.999969091599
220.8,0.013478722,2220.407183715988
220.9,0.019413486,1537.3244316657758
221.0,0.0010473094,5660.183840634672
221.1,0.022152988,1712.6373366845112
221.2,0.0098188445,1825.098899618556
221.3,0.002584873,5653.603501691023
221.4,0.003938729,4766.489628586236
221.5,8.3614286e-05,12604.171206693976
221.6,0.0109735755,3365.759614852042
221.7,0.01526298,1689.2487039522985
221.8,0.015595436,1692.3982007911889
221.9,0.014944632,1835.3372006479524
222.0,0.0016545736,4226.29427236081
222.1,0.00085299206,5123.36327965383
222.2,0.0001168336,10654.022962179739
222.3,6.821329e-05,13394.94261852832
222.4,6.804689e-05,13940.085421132466
222.5,9.326238e-05,12404.17292993817
222.6,0.00018147855,9557.966963168468
222.7,0.00020139628,9614.797298109012
222.8,0.00016549906,10321.304611401558
222.9,9.130306e-05,12029.145924909728
223.0,7.300617e-05,13031.10186184388
223.1,0.00011820333,11714.068745643603
223.2,0.0027903412,4846.281068695205
223.3,0.021060247,1246.191317715983
223.4,0.02398948,1051.1573136653265
223.5,0.007566385,2064.055372243139
223.6,0.0038255365,6793.4287775739895
223.7,0.015808832,1850.4051263424321
223.8,0.0082859015,2864.346405016803
223.9,0.010620891,1858.1680156662921
224.0,0.00014253917,11773.163542425991
224.1,0.01774855,1711.1844838269421
224.2,0.007123767,2856.2945885297995
224.3,0.002003149,5889.341808551812
224.4,0.0008902455,4556.233932937346
224.5,0.02068871,1422.2269157933827
224.6,0.0018957303,4225.381744482419
224.7,0.0073118308,3257.147001392184
224.8,0.013062999,1535.4353842915848
224.9,0.0071387347,4060.395383200474
225.0,0.0036991434,4992.213011129241
225.1,0.00084968493,6042.746593631023
225.2,0.01749926,1614.7310496142745
225.3,0.0016227246,4218.890744482842
225.4,0.002776771,4419.219409477677
225.5,0.022856059,1392.8175961466743
225.6,0.02239968,1112.5824015966296
225.7,0.016403668,1408.8297534222402
225.8,0.0154244285,1298.3149257178911
225.9,0.01808377,1063.9486463741737
226.0,0.003733688,6313.8146059356495
226.1,0.0013107661,6311.6097617012765
226.2,0.011453083,1251.0968428429123
226.3,0.0077772858,1678.3626049124684
226.4,8.0307145e-05,12397.341312425111
226.5,0.011134056,1598.6212099287425
226.6,0.016915657,1296.4521275566485
226.7,0.016602313,1339.1386382683806
226.8,0.014111268,1337.4962011400894
226.9,0.015060909,1322.3759574207268
227.0,0.0012115256,4206.998287758264
227.1,0.00022931241,8001.157931677511
227.2,5.513966e-05,13076.12776611286
227.3,3.5871017e-05,12466.079923160436
227.4,1.4350019e-05,13138.747945592144
227.5,4.805114e-06,12328.2289508073
227.6,3.5468494e-07,11282.869453402838
227.7,3.8332335e-20,12000.000268220907
227.8,3.8332335e-20,12000.000268220907
227.9,3.8332335e-20,12000.000268220907
228.0,3.8332335e-20,12000.000268220907
228.1,3.8332335e-20,12000.000268220907
228.2,3.8332335e-20,12000.000268220907
228.3,7.885111e-07,12973.208823311652
228.4,9.187129e-06,11930.605996190508
228.5,3.7811475e-05,11053.665189103698
228.6,0.000102510254,10467.753157322846
228.7,8.7030436e-05,11601.814548871971
228.8,0.00034669778,8232.133873668205
228.9,0.0014473023,7767.266968655072
229.0,0.013008274,1509.2796610275016
229.1,0.015013732,1848.8098935322403
229.2,0.0142405825,1478.4386808528538
229.3,0.010571027,2096.8962867791415
229.4,0.023598423,1762.372212291714
229.5,0.027866356,1496.9347617257629
229.6,0.007782962,1457.1315512335766
229.7,0.0048703556,3402.1263725820318
229.8,0.010195794,1437.5816068637823
229.9,0.012442987,1584.879568825098
230.0,0.0018000298,7184.066077738852
230.1,0.006416878,4771.463394261497
230.2,0.0074614924,1874.3181499104658
230.3,0.00776331,1486.9914317138741
230.4,0.008560389,1566.9352146847934
230.5,0.0075039202,1597.7376547871102
230.6,0.0067511234,1618.91365070878
230.7,0.0056224316,1510.7341097739063
230.8,0.0042169616,2069.63322473376
230.9,0.0037100893,2313.9500206163957
231.0,0.0044603124,2188.9360606838973
231.1,0.005232882,1978.0548032467811
231.2,0.006077054,1791.7633428196887
231.3,0.007975656,1687.1054915572545
231.4,0.008541382,2071.9700986802127
231.5,0.009318943,1559.7701188317656
231.6,0.009282592,1504.5597368001893
231.7,0.00023429072,9243.0621572338
231.8,0.0009171409,4662.661698240825
231.9,0.0012148462,4589.531296660727
232.0,0.0012681229,4299.290648304154
232.1,0.0009304992,4565.564368037585
232.2,0.000657938,4705.058627654609
232.3,0.0005186638,5186.725334610483
232.4,0.0002795534,6838.316570790809
232.5,0.00014386297,9652.241761123534
232.6,9.408956e-05,11957.205507855662
232.7,0.031762693,1362.6619640664599
232.8,0.0010530618,8410.19132902355
232.9,0.002303513,9295.734824250567
233.0,0.033371545,1794.658228188357
233.1,0.031612832,1286.9014656612806
233.2,0.011561326,2135.318872965433
233.3,0.026180852,1556.1976298877235
233.4,0.013917821,1820.1473267091862
233.5,0.021310717,1271.512330092694
233.6,0.00092903624,8327.198886583063
233.7,0.035238456,1392.2553689237234
233.8,0.021674203,1404.5150850462953
233.9,0.02282467,1312.7839971745186
234.0,0.0014984747,5047.86412945829
234.1,0.0012106147,7347.483586641877
234.2,0.00819112,2114.5483690872634
234.3,8.7289045e-05,12123.902915449427
234.4,0.006257567,3072.9583643042697
234.5,0.0078329975,1907.2988902768238
234.6,0.006835394,1986.3242785785146
234.7,0.00386305,2596.837050267517
234.8,0.0012724741,3783.3230762646085
234.9,0.00080513477,4101.024295124517
235.0,0.00040882308,5600.094385595674
235.1,0.00035623825,6122.033176395561
235.2,0.00021585467,8703.987443156222
235.3,0.0033641546,2428.22146350564
235.4,0.0032112335,2882.6666718996207
235.5,0.00421308,2271.6594611673954
235.6,0.0012765888,9058.708712282594
235.7,0.0066908,1795.0010115700952
235.8,0.01069603,1461.022408704207
235.9,0.00092710747,3672.721428721381
236.0,0.00017662474,10055.472548695661
236.1,0.0053338865,2031.3114557525314
236.2,0.0024121031,3154.406729652269
236.3,0.005566245,3015.814616828038
236.4,0.010986727,1368.9786325705472
236.5,0.008902437,1745.6061105678486
236.6,0.000108689,11881.252441095114
236.7,0.007076477,1784.4824742665824
236.8,0.00020172112,12035.203796638541
236.9,0.0043951017,2289.234243647172
237.0,0.0024513484,2518.0789669279593
237.1,0.0005656977,4665.935059837451
237.2,0.00012650785,11234.330885853993
237.3,0.00012248986,10257.295992757547
237.4,0.00029430346,7241.731119093601
237.5,0.00021395732,7703.387623334947
237.6,0.00020709125,7525.5513453394515
237.7,0.00018053735,8327.516601677211
237.8,0.00012202893,9705.15550804825
237.9,0.00014027649,9438.714415381042
238.0,9.4632596e-05,11488.349329628192
238.1,0.00015332807,10979.117087499417
238.2,0.00057106663,7971.299872392997
238.3,0.00011291783,11184.018331909969
238.4,8.925822e-05,12287.083759486364
238.5,0.000102229315,12123.438559854916
238.6,8.638968e-05,11605.533917295334
238.7,0.00010136818,11769.624020221272
238.8,0.00015311936,10988.89344414593
238.9,7.0940354e-05,13251.2841650649
239.0,0.00012712402,11676.103844691681
239.1,0.00472615,1364.2358932849313
239.2,0.008109809,2278.0114446301845
239.3,0.0057358006,1720.1680035207082
239.4,0.0047481908,1766.8860719245315
239.5,0.006041367,1653.97673782197
239.6,0.0013274361,5756.652284333554
239.7,0.0011443391,8849.941788068818
239.8,0.019697664,1502.758849267991
239.9,0.0046161003,6632.126414175986
240.0,0.014885861,1354.1843409512583
240.1,0.014253903,1724.679649175096
240.2,0.031690203,925.5231086968561
240.3,0.022140298,1125.3209645719257
240.4,0.021124788,994.3910742273188
240.5,0.0063370904,2243.5218464263617
240.6,0.011723474,1715.4076773052439
240.7,0.016690902,1258.605508781251
240.8,0.017094884,1118.7609554993828
240.9,0.0003290416,9886.417134188776
241.0,0.01261631,1710.6505248110543
241.1,0.00022113897,10436.351911560807
241.2,0.00021366005,12494.89629825608
241.3,0.007190924,1358.4193655001977
241.4,0.0038314431,1774.741414834395
241.5,0.0016517083,4048.5765530737017
241.6,0.0048137894,2022.757727539826
241.7,0.003720415,2208.5659423510224
241.8,0.0027244326,6515.572601609467
241.9,0.00021356899,8994.908358339302
242.0,0.0035905193,2524.976157970098
242.1,0.0002965367,9977.98574239522
242.2,0.0017074451,4504.6847940011785
242.3,0.0013164508,6609.644377723008
242.4,0.0012162697,7319.656769819343
242.5,0.0006019031,5858.367291959254
242.6,0.0033795699,2878.839328178756
242.7,0.001965512,3929.681579350095
242.8,0.0005597776,6158.033153205089
242.9,0.00019781027,7925.201199731646
243.0,0.0002141642,10029.448913717559
243.1,0.00013917196,11703.217605970074
243.2,0.00011058368,11961.380656336944
243.3,9.160793e-05,11384.88483107089
243.4,0.00012285098,9910.547648899354
243.5,0.00014321861,10124.292872232927
243.6,0.00013280968,9983.66650573118
243.7,0.0001483264,9108.3043318518
243.8,0.00012496806,10447.265141239428
243.9,0.0001089644,10536.14396309348
244.0,9.9219906e-05,10932.348468080561
244.1,0.00010429079,11145.404555955636
244.2,8.980881e-05,12565.552329976355
244.3,7.5349126e-05,12771.816930259007
244.4,6.826313e-05,13469.022584533534
244.5,6.632391e-05,13741.329630453733
244.6,8.694854e-05,12988.40732990098
244.7,9.9818535e-05,11814.057566963214
244.8,0.0034494456,1858.9852923492776
244.9,0.0024482866,2832.7119079718555
245.0,0.0014779383,3858.018086178063
245.1,0.00049102085,5307.81879125977
245.2,0.0003063219,6039.433623961942
245.3,0.0002986498,6630.717866432264
245.4,0.00016128992,8605.125212179459
245.5,0.00014054809,9693.579587073507
245.6,0.0001145395,10840.97453781146
245.7,0.00010166821,12098.312462409154
245.8,7.572617e-05,12865.720532738522
245.9,7.207621e-05,13574.270904977453
246.0,8.184875e-05,13525.887244270307
246.1,7.3396615e-05,12878.492399760717
246.2,7.430066e-05,13519.067363640928
246.3,0.00015197112,11439.954537033082
246.4,6.849699e-05,13989.02356352126
246.5,6.9188885e-05,13689.73509424042
246.6,0.00017154832,11280.216279572314
246.7,9.5189294e-05,12473.227750160866
246.8,7.363729e-05,13587.679814732655
246.9,8.083057e-05,13082.474023607887
247.0,9.1242575e-05,12726.312157700257
247.1,7.139998e-05,13481.063829283199
247.2,7.0443806e-05,13612.82633342593
247.3,7.531764e-05,12722.962458948728
247.4,0.000641517,8461.632920487871
247.5,0.006234966,5075.40181492287
247.6,0.008570647,1419.990848804037
247.7,0.0019966082,4260.929613575371
247.8,0.0035924024,4671.688635083502
247.9,0.0060892114,2250.803125211407
248.0,0.0053571374,2066.8663244534428
248.1,0.009261663,1815.326802721912
248.2,0.022056606,925.7610327724253
248.3,0.01615502,1546.767383813507
248.4,0.000643831,5872.432586493902
248.5,0.0023425794,4144.697247273115
248.6,0.005497397,1818.2705865508983
248.7,0.0035276706,2769.604597723177
248.8,0.0015335687,4814.120935874797
248.9,0.0006028894,7268.759046378535
249.0,0.008588282,1473.673196374567
249.1,0.014040709,1823.912815805098
249.2,0.010970626,1293.4016419539862
249.3,0.005837985,3360.5396908620514
249.4,0.0005131264,8344.068057197986
249.5,0.0076436307,1694.4504487161219
249.6,0.0011962431,4150.15186889574
249.7,0.015484621,1170.4899220992856
249.8,0.014386723,1138.4419306642312
249.9,0.010377867,1626.6887750837277
250.0,0.00021268924,11289.292559622474
250.1,6.895523e-05,12833.676315996301
250.2,8.8600245e-05,12265.03971490854
250.3,0.0041342797,3638.374006855259
250.4,0.006239262,1789.0685719647054
250.5,0.00562552,1798.7117036363038
250.6,0.0048372066,1823.822156300384
250.7,0.004973365,1793.4678108413032
250.8,0.0046335557,1836.9074049396515
250.9,0.003131862,1675.5707438159745
251.0,0.000109511326,11493.913328062745
251.1,7.368856e-05,13190.011501882822
251.2,8.504681e-05,13050.083008334526
251.3,6.840909e-05,13640.814125531278
251.4,7.182477e-05,13510.45677085213
251.5,6.784327e-05,13366.653271258683
251.6,6.704199e-05,13307.494590024475
251.7,0.00012420552,11828.072396057196
251.8,0.0012424943,4024.876764097744
251.9,0.0034394746,3184.640556673987
252.0,0.003695859,2397.907131715412
252.1,0.0013146546,8694.563210223685
252.2,0.0016112912,7091.482601745825
252.3,0.0018966248,3339.8358188912916
252.4,8.611264e-05,12424.869463288871
252.5,7.276718e-05,13372.432219801765
252.6,7.117282e-05,13170.530285697423
252.7,0.00011051201,12816.88060550593
252.8,7.402363e-05,13521.220859442026
252.9,0.00013854059,9817.461857609658
253.0,9.2494745e-05,11910.12895888261
253.1,9.508203e-05,11211.089083078947
253.2,0.00011906488,10542.900504160698
253.3,0.00015418831,9952.392142042498
253.4,0.00014119188,10147.452958871867
253.5,0.00011274753,9889.496643476263
253.6,0.000107845444,10369.83854559341
253.7,0.00015056657,9149.531161445282
253.8,0.00012394313,9551.203967817144
253.9,0.000114583934,10144.063416252464
254.0,0.00014014522,9649.762519571872
254.1,0.00012640789,9877.451845225934
254.2,0.00013380477,9551.185742340038
254.3,9.77373e-05,10679.63586107794
254.4,8.583668e-05,11296.64554124929
254.5,9.497758e-05,12192.488462676069
254.6,7.6368255e-05,12918.950062993474
254.7,0.0001050514,11137.12398626518
254.8,0.0043347427,1930.8504833107083
254.9,0.0049172933,1844.2420979489889
255.0,0.004332338,1544.9327075471863
255.1,0.0016670574,3679.6539120240423
255.2,0.0005063752,5230.748489587853
255.3,0.00016571583,8944.8875411693
255.4,0.000106442174,11183.588114246277
255.5,0.00013542041,10382.247341597065
255.6,8.520555e-05,12135.65964471752
255.7,0.0010123103,4772.017194595041
255.8,0.0031272164,2974.818967809686
255.9,0.00020071144,10124.865807647751
256.0,0.010910259,1823.4040018146109
256.1,0.0070080655,3579.7500572198205
256.2,0.017838666,1700.759634448186
256.3,0.0031020779,5699.907705769774
256.4,0.00396821,7219.102786704889
256.5,0.006031937,2127.1473527790495
256.6,0.013219351,1581.4755477698484
256.7,0.01638098,1633.6883089699006
256.8,0.0006382843,4228.399317377295
256.9,0.0057601365,1803.9709853098227
257.0,0.0048287218,1953.9847588929467
257.1,0.007814339,3225.835640310429
257.2,0.02404626,1133.313251641288
257.3,0.019072551,1272.6567289999587
257.4,0.015014902,1529.9575899460187
257.5,0.009233815,1877.2704055745583
257.6,0.011734671,1594.7829664276544
257.7,0.0020500692,4009.987101147604
257.8,0.0010503202,4415.572845237775
257.9,0.0001824501,8751.505128274657
258.0,8.0307815e-05,12775.41058266553
258.1,7.74062e-05,12869.322204801407
258.2,7.869036e-05,12364.0386695796
258.3,0.00015735066,8776.432157663834
258.4,0.00031800434,6175.338205713047
258.5,0.0004368577,5452.974687273283
258.6,0.00035672195,5646.4464699991195
258.7,0.00044602557,5587.1317339554735
258.8,0.00013400114,10046.075546878128
258.9,0.00011075503,11240.013635847617
259.0,0.014664205,1796.4167232700468
259.1,0.0079679685,2574.3682004824996
259.2,0.0060108565,2979.294105088993
259.3,0.0023364902,5091.24853702321
259.4,0.0033152422,5842.6566505053715
259.5,0.006167335,1975.2378876174923
259.6,0.00039521692,9960.894400820138
259.7,0.008096865,1675.1121910428938
259.8,0.00056347216,9135.502748882956
259.9,0.0009036985,7807.957112798448
260.0,0.010199852,1426.2340327112238
260.1,9.938446e-05,11438.152590905986
260.2,0.0017040003,3514.9519280054346
260.3,0.002625589,7185.359768622817
260.4,0.001763066,6896.023503942779
260.5,0.0010758099,6348.868299980487
260.6,0.00053150975,6460.988022356652
260.7,0.00022562637,7357.593234148233
260.8,0.00013325196,9474.221727054299
260.9,7.889359e-05,12379.168216458538
261.0,6.730485e-05,13344.218953898959
261.1,6.673668e-05,13478.73773143246
261.2,7.480254e-05,13370.034069818403
261.3,6.917417e-05,13641.443068153805
261.4,6.836856e-05,13930.727914931096
261.5,6.384578e-05,13726.33349796439
261.6,6.2788735e-05,14080.871478315374
261.7,6.58948e-05,14085.693473423562
261.8,8.909232e-05,12847.462701365459
261.9,8.289441e-05,13317.573655429867
262.0,6.892761e-05,13330.96833352181
262.1,7.094229e-05,13824.796893959046
262.2,6.685097e-05,13780.516461845962
262.3,7.119126e-05,13757.071317624877
262.4,6.9584064e-05,13695.07938725363
262.5,7.5067706e-05,13359.019657902025
262.6,8.198388e-05,12999.724572639707
262.7,7.646345e-05,12800.031368201131
262.8,7.33554e-05,13536.184732158406
262.9,6.777914e-05,13032.842408307828
263.0,7.273223e-05,13008.328890246958
263.1,6.645734e-05,13084.272971959877
263.2,8.863392e-05,12418.727552586006
263.3,9.92841e-05,12009.233828752469
263.4,7.393806e-05,12577.995288578686
263.5,7.3108495e-05,12743.477465503873
263.6,6.468975e-05,13588.612229490935
263.7,7.311844e-05,12485.081197819014
263.8,0.00010152232,11693.167991693983
263.9,0.0009280352,7856.74225489214
264.0,0.01327443,1822.4281932985562
264.1,0.009289426,1609.074518157085
264.2,0.0071291835,1856.3274110948526
264.3,0.0062652635,2037.944171305961
264.4,0.00016801618,10927.371010411236
264.5,0.0078379195,1801.0749524177604
264.6,0.0060626,2013.6233597636242
264.7,0.014490759,1473.601752727886
264.8,0.004929455,5877.219935195718
264.9,0.012293564,2862.470847482925
265.0,0.0019399378,8927.812004678603
265.1,0.013294288,1850.7150788275553
265.2,0.009288979,1547.5262021898839
265.3,0.011918207,1626.7500210109802
265.4,0.00999284,1432.0986793353663
265.5,0.017356526,1245.094000067791
265.6,0.018227477,1211.275630559724
265.7,0.01316005,1770.9454990407726
265.8,0.012363998,1797.9113960374589
265.9,0.014381591,1664.4449107743494
266.0,0.015418338,1621.100442847041
266.1,0.005560873,2684.673319969889
266.2,0.0006281882,5327.965699938403
266.3,0.00013116446,10131.95795453013
266.4,7.25726e-05,12655.060974240485
266.5,6.786618e-05,13454.331707894566
266.6,8.7661894e-05,11823.667314644767
266.7,0.00015612273,9330.111784567862
266.8,0.00014144531,9640.477862065582
266.9,9.845714e-05,10990.210131599355
267.0,9.192318e-05,11618.260571617342
267.1,8.123692e-05,11794.060530041206
267.2,8.408593e-05,12204.223446310067
267.3,8.4649364e-05,11901.322212465559
267.4,7.887247e-05,12384.982186752752
267.5,9.5940755e-05,12043.547494118498
267.6,6.904224e-05,13760.086155094148
267.7,7.54227e-05,13180.062204031059
267.8,0.000118753385,11498.162268839224
267.9,0.013919538,1440.481784732281
268.0,0.0005220351,7659.542045607964
268.1,0.008630345,1532.2626791914936
268.2,0.0058583473,1809.7428682228713
268.3,0.0026458337,2602.275876881791
268.4,0.0001556522,9836.360662401148
268.5,0.0011803113,6401.097084802843
268.6,0.005235406,2206.3446319428763
268.7,0.003925945,2322.5730271941034
268.8,0.0005581492,6748.095930474612
268.9,0.007686161,1895.5524675461888
269.0,0.00219062,3838.2512849122604
269.1,0.00031680046,9230.451342090746
269.2,0.00467241,2609.709921874217
269.3,0.0051946556,1903.3337792124635
269.4,0.004060303,1913.1549480153715
269.5,0.004584944,1550.233037485018
269.6,0.002870438,2309.793619402363
269.7,0.00081544655,4423.209839297705
269.8,9.7808246e-05,11254.243982716445
269.9,0.00023541733,7195.258060566335
270.0,0.0004187377,5190.491011119371
270.1,0.0004448469,5362.281196615292
270.2,0.00017207566,8996.75712685634
270.3,7.977807e-05,11872.967634723977
270.4,0.0020116938,3717.8304200425137
270.5,0.010788266,1720.3058520638751
270.6,0.0045285416,3866.76671532576
270.7,0.021164535,1366.779188113318
270.8,0.012510749,2016.4524564901321
270.9,0.0017327253,3872.8325571604287
271.0,0.010093868,1564.6128687331852
271.1,0.005272003,2456.746038733831
271.2,0.004028849,2439.2970615364757
271.3,0.003300179,6886.738207911179
271.4,0.0072437585,1925.384976839828
271.5,0.0074634687,1439.9759363909818
271.6,0.0027496174,2410.67122624386
271.7,0.0008633708,5613.767344572327
271.8,0.0055740094,2062.118668776719
271.9,0.00018228138,9641.269641516128
272.0,0.00053111516,7119.329571980579
272.1,0.0057752817,1629.1132624570378
272.2,0.00020451054,9795.131626141114
272.3,0.0043477025,3895.316756065672
272.4,0.004836922,2123.1968670560163
272.5,0.0039503616,2401.7201427893724
272.6,0.0042479327,2247.3073118529214
272.7,0.0050704456,1769.0364114310898
272.8,0.0047024214,1734.0663747736755
272.9,0.0019446168,3110.2737596179254
273.0,0.0028506932,2240.281881841227
273.1,0.0035249288,2087.0443795264355
273.2,0.0002583463,7186.174104561403
273.3,0.000102258295,11270.326249270312
273.4,7.0423426e-05,13633.157232361851
273.5,7.058535e-05,13527.808067658334
273.6,7.233466e-05,13254.313838940094
273.7,7.8458914e-05,13165.207237251536
273.8,8.451229e-05,12575.34752331324
273.9,8.383778e-05,11980.864727380258
274.0,0.00011241985,10742.982351379653
274.1,0.00014122887,9836.314287192665
274.2,0.00015172534,9714.644610316525
274.3,0.00025993955,7968.595099783613
274.4,0.00020553671,8909.674862210664
274.5,0.00029903153,7601.032610196427
274.6,0.00016952795,9170.103850479634
274.7,9.738541e-05,11083.830672534936
274.8,9.260155e-05,11757.032305119636
274.9,8.51632e-05,12084.92659941571
275.0,8.0110716e-05,12166.467345516197
275.1,7.904459e-05,12756.878833423407
275.2,7.0934715e-05,12953.059621074459
275.3,0.00026626096,8023.121061458937
275.4,0.017421266,1362.4310606003257
275.5,0.016266895,1527.1208693465433
275.6,0.0029979146,3041.145973076834
275.7,0.001352824,4014.333686291604
275.8,0.00066379213,4594.799069749555
275.9,0.00025711046,7102.069690728327
276.0,0.00013715978,9724.177396189503
276.1,7.5453056e-05,12875.844271177528
276.2,6.9922324e-05,13725.752714169914
276.3,6.3379244e-05,14078.89377415276
276.4,5.8498186e-05,14190.734634953289
276.5,6.2177314e-05,13994.788668756912
276.6,6.0589682e-05,13867.21273363844
276.7,6.326169e-05,13163.462563961642
276.8,6.505354e-05,13670.8895646819
276.9,6.2860265e-05,13486.327778793211
277.0,5.8958e-05,13514.872348821315
277.1,6.4526466e-05,13738.840528249171
277.2,6.0514365e-05,13390.465606041416
277.3,6.3535495e-05,13251.05034946873
277.4,6.621733e-05,13198.843049138588
277.5,6.662365e-05,13235.149771536384
277.6,6.917017e-05,12739.505150222642
277.7,6.969187e-05,12776.709227242918
277.8,7.065749e-05,12751.100014425298
277.9,6.931752e-05,12496.005030447875
278.0,6.866654e-05,12569.052757934003
278.1,8.237733e-05,12270.571435317006
278.2,0.025295738,1377.9755825041457
278.3,0.021709453,1436.525097471181
278.4,0.001483114,5576.501671236343
278.5,0.015773633,1371.7605775075158
278.6,0.022981074,1344.954508805447
278.7,0.032865573,1205.3466014175287
278.8,0.0015722561,8544.666721744434
278.9,0.013262764,1467.6443223783708
279.0,0.011769033,1747.832150620452
279.1,0.0025458822,4286.701962189639
279.2,0.0049723038,5501.135516256134
279.3,0.0131908115,1135.701417067331
279.4,0.012014618,1340.8922495030113
279.5,0.0011033653,7423.734550188399
279.6,0.010959991,1736.599525661596
279.7,0.0018085148,5419.507916217079
279.8,0.008778921,2079.973920068447
279.9,0.008521209,3186.1175850344807
280.0,0.0029275469,7302.130268195199
280.1,0.008759192,1871.8254459679813
280.2,0.01191235,1455.8341795604815
280.3,0.000704648,6555.028986117449
280.4,0.0037936643,7747.379999083595
280.5,0.017304238,1391.8846390898434
280.6,0.00976723,2126.272834426569
280.7,0.0032697236,6630.866970982004
280.8,0.010036684,1782.266288905127
280.9,0.0015089732,3644.0045537878677
281.0,0.009175345,1486.458156237747
281.1,0.008697761,1580.8030963618512
281.2,0.008326642,1756.59685249915
281.3,0.00064351637,7947.39920567588
281.4,0.01619166,1255.2738943542304
281.5,0.016011862,1351.7494313658017
281.6,0.019393055,1284.5851605819335
281.7,0.02365427,1196.656061379765
281.8,0.021577476,1331.5215520633571
281.9,0.014019777,1661.7983212676518
282.0,0.00933226,2214.087622902117
282.1,0.0008177287,5061.212542783452
282.2,0.0003144919,6574.833949681704
282.3,0.00013250216,10161.866215053265
282.4,7.033766e-05,12999.857206712564
282.5,6.656388e-05,13248.133944065898
282.6,8.7703374e-05,12936.205625168895
282.7,0.00011351898,11636.5855341231
282.8,7.303424e-05,13228.462482201621
282.9,0.00012579364,11909.083188729766
283.0,8.3542116e-05,12302.866183994127
283.1,0.00014399929,8846.146301825229
283.2,0.00015036426,9044.928455424382
283.3,0.0001264306,9403.361298138067
283.4,0.00012444187,9263.589773884036
283.5,0.00012811007,9662.086832436813
283.6,0.00465849,3309.736989548711
283.7,0.0057234764,2663.1728614042345
283.8,0.0018596826,3851.428272259257
283.9,0.001035103,4544.1170391714
284.0,0.0010565866,4745.419210490481
284.1,0.0012505564,4423.0891756274395
284.2,0.0011143957,4778.058479250582
284.3,0.0008744697,5509.0886073331585
284.4,0.00084626325,5089.3650575002775
284.5,0.0005477615,6205.209636229107
284.6,0.000411802,6523.085942659378
284.7,0.00041801657,6706.160614195895
284.8,0.00049150974,7501.891013060998
284.9,0.0005756965,8786.612280016869
285.0,0.00059688516,9306.695632517489
285.1,0.00072148757,9755.027412415671
285.2,0.00063411595,9934.431511122717
285.3,0.0016889003,4228.838298123748
285.4,0.001336851,4450.922371308912
285.5,0.0023145045,4002.999481617031
285.6,0.0020421203,4957.8527032477805
285.7,0.004656464,4659.927862623654
285.8,0.006205971,2956.7981973384435
285.9,0.004911895,2601.938468836639
286.0,0.0012053569,3774.305726828331
286.1,0.001482544,3100.497574779325
286.2,0.00023396756,7368.263545964752
286.3,0.00011723024,8622.722701813213
286.4,0.0007200896,4657.929304490501
286.5,0.00041599525,6663.955545394885
286.6,0.009755721,2783.4253461235076
286.7,0.0072026006,7813.169364891238
286.8,0.008073405,6465.231406114861
286.9,0.0030383123,5000.95859741181
287.0,0.012218681,2142.673822021312
287.1,0.009304533,2213.7573361909676
287.2,0.008669821,2440.344731250626
287.3,0.0054301834,2854.0328909746977
287.4,0.004242314,4065.6423759163117
287.5,0.002116366,3951.314652960845
287.6,0.0008509377,4405.912224322354
287.7,0.0003697181,7120.581934776979
287.8,0.0022138404,3820.6646311649947
287.9,0.0056049875,1598.8694424195346
288.0,0.005950634,2059.986520890323
288.1,0.0042701922,6530.07254264479
288.2,0.003058307,7713.484104272721
288.3,0.009997398,1929.2324156441296
288.4,0.007242262,2654.2325814019387
288.5,0.0002795301,9469.001118793214
288.6,0.009513167,2828.9605405210295
288.7,0.0036132885,2771.1083250138417
288.8,0.0063913316,2923.5843824534804
288.9,0.0015808586,4981.464243433819
289.0,0.00992425,1798.4050163378083
289.1,0.007120691,2565.5734754379223
289.2,0.006236561,1819.7253043663595
289.3,0.0062209284,2613.4067666592637
289.4,0.0004337842,8828.198319813651
289.5,9.133306e-05,12599.496143754834
289.6,0.00011846396,11611.96607836628
289.7,0.0051072026,5273.543253265792
289.8,0.0037736848,3278.881214024139
289.9,0.003470961,3573.5033205902564
290.0,0.002506734,3758.8439621455123
290.1,0.0020304818,4089.0114820479084
290.2,0.0009206863,4432.7041433842
290.3,0.00028707535,6662.955338866185
290.4,0.00010208346,11598.44336357557
290.5,0.00010286085,10929.93355137129
290.6,0.0001675321,9796.95818028634
290.7,0.00016620604,9005.469941512814
290.8,0.00017673809,8701.476052367965
290.9,0.0002114927,7353.636420700611
291.0,0.00042145827,5941.027252948508
291.1,0.00045816283,5293.172552149528
291.2,0.0004607007,5763.518286832948
291.3,0.00035673578,6205.482495943855
291.4,0.00028537645,6616.643941274262
291.5,0.00026866654,6633.966593211972
291.6,0.00026093877,6615.058800550238
291.7,0.00019320803,7881.126131961522
291.8,0.00019321675,8233.554014901827
291.9,0.00017120085,11113.737201543472
292.0,0.0002972891,7717.895752123632
292.1,0.03035072,2006.6139565993735
292.2,0.02891511,1935.8128748560546
292.3,0.0017718668,5157.296683393014
292.4,0.016374625,1361.2096621584326
292.5,0.011849601,1541.869719569789
292.6,0.008455233,2060.020563565429
292.7,0.006787782,2796.527018471899
292.8,0.006548361,6861.620774649218
292.9,0.0029821198,4166.097989895085
293.0,0.014936609,1659.4311322654694
293.1,0.01989835,1860.8008639600212
293.2,0.01712769,1976.4832456467261
293.3,0.015465191,1903.9940024363364
293.4,0.014318973,2038.864593198994
293.5,0.009462861,2108.2331695910084
293.6,0.0075993603,2002.8292679872823
293.7,0.007097299,2222.8448104971612
293.8,0.0026675023,4132.801666790282
293.9,0.0005612174,8343.422293636024
294.0,0.011957764,2020.3702055470935
294.1,0.000623532,6504.935560486658
294.2,0.007827979,3237.4014279098164
294.3,0.009104343,1573.2475619417692
294.4,0.002192763,2827.617163570986
294.5,0.0022261862,3147.8002772467626
294.6,0.00038852205,8453.967439177433
294.7,0.00017539984,10678.79085650739
294.8,0.004524716,3149.1454081435427
294.9,0.001967052,4103.354160120478
295.0,0.002232824,4136.267239496572
295.1,0.0017982462,4314.661126679489
295.2,0.00069436687,4513.962620332453
295.3,0.00046835054,5089.718508024496
295.4,0.00027394545,7858.779269325793
295.5,0.00016840528,10844.553125270402
295.6,8.104203e-05,12006.437645252718
295.7,9.1293325e-05,12073.222332387248
295.8,9.324006e-05,12261.886226061335
295.9,7.53879e-05,13200.987078870028
296.0,7.970564e-05,12623.575154633983
296.1,8.112552e-05,11944.118464813782
296.2,9.846512e-05,10274.869618163933
296.3,6.896092e-05,13273.135246008067
296.4,9.8600765e-05,12945.345353696395
296.5,8.563207e-05,13121.140947219927
296.6,0.00011574602,11619.859204172315
296.7,0.00013026138,10395.949417349058
296.8,0.00021756128,9520.978937953203
296.9,0.00012613364,11595.215989842402
297.0,0.00015859894,10955.70207548593
297.1,0.0001504323,12218.501053794625
297.2,9.892731e-05,12289.883368239487
297.3,0.00012962164,11418.101939472364
297.4,9.0382426e-05,12073.564796857596
297.5,0.0008159484,5684.901153105372
297.6,0.00073750934,4661.112010217777
297.7,0.006678387,2249.1187880841894
297.8,0.0027728167,3586.785824757811
297.9,0.0017214166,4420.676339995516
298.0,0.0014032193,3178.2019557028216
298.1,0.00063053024,8021.987392085521
298.2,0.00010522914,11904.223712852201
298.3,0.0056353575,1621.4933956197515
298.4,0.0047500455,2263.2395932555983
298.5,0.005469072,1869.803664742947
298.6,0.005282872,2228.6134721976014
298.7,0.0022732883,3361.880479571859
298.8,0.0009896628,4307.411335642186
298.9,0.0002890356,7754.089764524125
299.0,7.4340096e-05,12438.856782811143
299.1,6.548313e-05,13201.060822039552
299.2,6.0200244e-05,13855.384383690298
299.3,6.329679e-05,14124.777387517639
299.4,7.002656e-05,13600.897792937672
299.5,7.715256e-05,13360.050623134783
299.6,6.1769926e-05,13774.5005977597
299.7,0.00012437232,10595.049354635194
299.8,6.638807e-05,13524.817674471735
299.9,7.3403244e-05,12154.114117776004
300.0,0.00010351635,10461.733398243156
300.1,0.00022443634,7612.219641115331
300.2,0.0003277552,6216.362577683895
300.3,0.00017855418,8524.177676935835
300.4,0.00013081844,9422.492884436564
300.5,0.00011702833,10132.715245207208
300.6,9.978319e-05,10577.277653348503
300.7,8.431405e-05,11969.054159357187
300.8,8.385354e-05,11864.347473731668
300.9,0.0017114838,4727.761213633215
301.0,0.00016138717,10677.107559623237
301.1,0.005916622,2566.003537323343
301.2,0.00011174146,11117.803569154574
301.3,0.0022561892,3969.78780054674
301.4,7.6455835e-05,12734.970396415449
301.5,0.0038751378,3730.3826586354953
301.6,0.0027367936,3406.1015393191346
301.7,0.0017074865,3301.2799131500296
301.8,0.000819809,4323.317573725894
301.9,0.0002744857,7413.123403907861
302.0,8.174062e-05,12085.928230063764
302.1,6.4581334e-05,14058.69000282919
302.2,6.9065165e-05,13735.723718167548
302.3,6.914893e-05,13060.372793647703
302.4,6.653267e-05,12970.768583986484
302.5,6.7594294e-05,12903.763486321594
302.6,6.448522e-05,13582.559767254195
302.7,6.307517e-05,13355.560647202139
302.8,6.5220214e-05,13006.598013115521
302.9,6.372546e-05,13907.760102904773
303.0,6.0713945e-05,12957.18402725194
303.1,6.427917e-05,13091.871636332839
303.2,6.253292e-05,13502.168150291196
303.3,7.1146205e-05,13661.386842742217
303.4,6.296226e-05,13944.715247980384
303.5,9.9907375e-05,11059.81256933407
303.6,0.0012186514,8795.98596831876
303.7,0.013694435,1601.057849123467
303.8,0.0121527,1228.5035090812214
303.9,0.0065439707,1999.832711738199
304.0,0.0033565087,4013.4204166095005
304.1,0.010160891,1414.5544671151215
304.2,0.0012395764,10264.0328546703
304.3,0.013043646,1254.506804935648
304.4,0.00022064717,10781.750449958294
304.5,0.009701661,1485.6478130099076
304.6,0.014047994,1621.9998151687084
304.7,0.01233117,1782.4924826700776
304.8,0.01014163,1797.452532876207
304.9,0.012995089,1462.0132709206732
305.0,0.013100908,1516.1495027830263
305.1,0.00867332,1657.1578335992997
305.2,0.0007986876,8609.496760646976
305.3,0.007562906,2517.4275892109254
305.4,0.0044155726,6664.25212377913
305.5,0.0014728532,8739.972557568635
305.6,0.0025114298,4629.528696216319
305.7,0.0002129545,10859.358313043516
305.8,0.0022058273,3146.5539501939315
305.9,0.0024346942,3850.8145261294294
306.0,0.0020227744,3728.197740377347
306.1,0.0016172975,4116.026072073854
306.2,0.000432496,5192.604651523553
306.3,0.00013950704,10336.132960086814
306.4,8.547105e-05,12926.683365016544
306.5,7.219378e-05,13361.503472490738
306.6,6.689091e-05,13649.24540052209
306.7,7.603225e-05,12459.656816448587
306.8,0.00011929439,10786.37340073803
306.9,0.00020844747,8489.129947544143
307.0,0.00029146142,6565.724510795451
307.1,0.00061558356,4979.301176784802
307.2,0.0003776618,6079.060317919599
307.3,0.0003563829,5919.930255382163
307.4,0.00029950388,5997.574852468077
307.5,0.00026633198,6624.928579762283
307.6,0.00019181785,8172.291743047139
307.7,0.00019391536,7809.458986948784
307.8,0.0002633884,6421.044258024096
307.9,0.00032351987,6703.003088100502
308.0,0.00032029947,6556.8697585216605
308.1,0.00037281748,7033.001662580744
308.2,0.00012571164,10988.402328789762
308.3,0.00014497474,10303.480585428502
308.4,0.00024135337,7647.225788396042
308.5,0.0077559957,7181.826901124496
308.6,0.022013186,2970.4536299132124
308.7,0.02664201,2084.6676136413985
308.8,0.0011174602,7525.4137953321415
308.9,0.022499206,2096.9621286997917
309.0,0.020428523,2126.533434301081
309.1,0.017213676,1949.561046338017
309.2,0.016685776,1530.1635618173004
309.3,0.02221267,1711.8424258929608
309.4,0.023464724,2020.0105215280796
309.5,0.0017083165,6133.99016484
309.6,0.00012233133,9983.970443933402
309.7,0.0073050587,4402.192540357
309.8,0.011651061,1490.083393008657
309.9,0.009022155,2718.7241260325086
310.0,0.000722715,7378.714910396354
310.1,0.0001403929,10635.284101344354
310.2,0.0048481836,9508.217212581683
310.3,0.010400322,2991.2134174809567
310.4,0.00796003,2427.29745978065
310.5,0.0007159174,9724.986237999929
310.6,0.001417963,6464.661402473581
310.7,0.0014217037,5555.014441746732
310.8,0.0011011006,5781.491815157622
310.9,0.00015228523,10947.047724591044
311.0,0.00016425959,10630.917217831126
311.1,8.759027e-05,12649.191049275061
311.2,9.0162524e-05,12551.339056845622
311.3,8.9598405e-05,12389.027993706462
311.4,8.47354e-05,12039.42476215677
311.5,0.0059076096,7278.353110639146
311.6,0.002696577,5267.682084734879
311.7,0.0005416563,8285.75290935595
311.8,8.749139e-05,12559.938855199634
311.9,6.167693e-05,11787.710167391011
312.0,2.3818173e-05,11302.187173810937
312.1,9.150877e-07,1444.1861107980296
312.2,9.399633e-05,11161.898563532815
312.3,0.00011053916,10871.582868541524
312.4,0.00622334,6495.797393629524
312.5,0.0092117395,4663.640609333172
312.6,0.0004695964,8145.392741729324
312.7,0.000119348595,11074.632282194558
312.8,0.0010751198,10300.842626738615
312.9,0.011769162,3034.436815177804
313.0,0.0056498037,7165.53944761616
313.1,0.006728147,5242.879232126168
313.2,0.005055946,3039.3636055856773
313.3,0.014471982,2210.526310280791
313.4,0.00941878,7964.498025193237
313.5,0.016990725,1944.8774630094617
313.6,0.013091135,2307.061516863065
313.7,0.011692532,1862.0529329110252
313.8,0.011928776,1820.8006705457221
313.9,0.009469219,1730.7852770160732
314.0,0.009521038,2157.3718849020765
314.1,0.008241758,1954.4238184242656
314.2,0.007869311,2604.8743609528333
314.3,0.0011665373,4574.574248430402
314.4,0.00049490243,5309.591829826669
314.5,0.00014043556,9528.277017704311
314.6,0.00011441379,11080.004296138895
314.7,8.397962e-05,12566.693049062394
314.8,7.9725236e-05,12383.796246374659
314.9,8.428801e-05,11916.532651316018
315.0,0.000100468875,11331.329556052253
315.1,0.00011154992,10588.180282523268
315.2,0.0001557495,9496.825648569002
315.3,0.0001853416,9425.34534619908
315.4,0.000118692566,11233.605560368174
315.5,0.00015832523,10601.361582179648
315.6,0.0001067373,12193.116237253562
315.7,0.00012781976,9792.486834462694
315.8,0.00016002981,9187.899521104668
315.9,0.00017546845,9400.871219900273
316.0,0.00016866096,9614.973655900656
316.1,0.00013086226,9598.005370958532
316.2,0.000111276626,10742.605652112374
316.3,0.00012531613,10752.439935700466
316.4,0.00012665421,11803.097844713093
316.5,6.6490284e-05,13506.02894660267
316.6,6.851571e-05,13309.04706755862
316.7,7.923487e-05,13250.090152618697
316.8,0.00013304473,11612.175319345766
316.9,0.00010575542,11628.203535044833
317.0,0.0001251451,12081.698127153913
317.1,0.003917754,3789.7073489096374
317.2,0.010380674,2075.824288529912
317.3,0.009083313,2465.656399187923
317.4,0.013965823,1717.698598490203
317.5,0.0019739524,4847.536971307097
317.6,0.0030340329,6229.299724983747
317.7,0.015242167,1529.6265556943974
317.8,0.012549367,1547.6221418965802
317.9,0.016507335,1448.446385584975
318.0,0.021537082,1428.3462283222254
318.1,0.025736002,1486.3315478527843
318.2,0.021860158,1155.6458693696127
318.3,0.02054045,1957.5821490853473
318.4,0.021962684,1525.7782373296554
318.5,0.0152307525,1609.6573915520162
318.6,0.012237594,2028.820519213241
318.7,0.014420429,1906.2075889793268
318.8,0.0132592395,1443.570174049654
318.9,0.014344792,1250.3470951050026
319.0,0.012918743,1706.3594506729771
319.1,0.0003372173,8446.47549578886
319.2,0.0035674535,7979.765052532695
319.3,0.020350626,1389.9484009811863
319.4,0.013342854,1010.3933124442328
319.5,0.011002384,1387.265791536258
319.6,0.0058674873,2020.2654398779364
319.7,0.008849957,1485.752584316602
319.8,0.0016680156,5616.55716105954
319.9,0.0008801038,4266.376458400636
320.0,0.0004070865,6002.448893297426
320.1,0.00013629252,10035.198025265003
320.2,0.000121561,12653.966307595112
320.3,9.490413e-05,12225.90367264712
320.4,6.743717e-05,13402.092232229095
320.5,7.221506e-05,13037.768553303664
320.6,8.361117e-05,12633.880259502064
320.7,6.2124825e-05,13621.483291213437
320.8,7.423561e-05,13262.413189375437
320.9,6.687349e-05,13024.112082282245
321.0,5.943078e-05,13904.832255152392
321.1,7.495527e-05,12717.51367714674
321.2,7.743738e-05,12830.431174803605
321.3,7.3782016e-05,13112.468281618618
321.4,9.732624e-05,11718.205688899616
321.5,0.00021014755,8863.61127397592
321.6,0.001184755,7961.0103428917955
321.7,0.0025551144,9040.35335803453
321.8,0.0074451016,2393.4187898055425
321.9,0.0073170783,2652.014039346678
322.0,0.0085264975,2505.9461396372953
322.1,0.010028575,1366.830670285875
322.2,0.011984692,1661.1351355222546
322.3,0.024483299,1596.731468993216
322.4,0.011212688,1815.6643205587911
322.5,0.0028723653,4346.183437217867
322.6,0.002830904,3544.2788302353633
322.7,0.0034760234,8567.975873009753
322.8,0.040892106,1588.1412571354708
322.9,0.0337108,1322.1661656059318
323.0,0.023869641,1804.3374345201
323.1,0.016544014,1613.3518532531994
323.2,0.028367003,2091.105727898892
323.3,0.0042717312,8128.873894506456
323.4,0.022402404,2310.9750086824033
323.5,0.021304447,1384.4761824871662
323.6,0.013846129,1858.1716380739035
323.7,0.006537885,2844.0639890335506
323.8,0.0003420086,8155.272664790331
323.9,0.009398295,2742.9958967350353
324.0,0.011336417,1901.6188822304498
324.1,0.012624118,1611.175174229407
324.2,0.01236417,1514.4221697495545
324.3,0.005043539,2974.3209246939023
324.4,0.0011758542,4291.1699819059595
324.5,0.00015260685,8927.952362058917
324.6,0.00018385514,8380.487677058041
324.7,0.0005759311,4856.885609911942
324.8,0.00074335467,4897.04284162896
324.9,0.0005880885,5122.885975300562
325.0,0.00045752118,5992.492844086087
325.1,0.00048773692,5544.631730094516
325.2,0.0003981465,5970.680236673545
325.3,0.0001053397,11315.143801633667
325.4,0.0031811285,6191.547359180668
325.5,0.003463183,6671.228559875964
325.6,0.007630848,2088.545881741787
325.7,0.004440634,3298.7064809089065
325.8,0.0030912273,9908.547727121835
325.9,0.020542432,3716.210500843371
326.0,0.018712772,2085.4030023019945
326.1,0.0041979817,3960.8669452162953
326.2,0.0064252582,2188.7475728681366
326.3,0.0076620327,2967.893002380876
326.4,0.004385086,4412.152512335261
326.5,0.0045650043,9979.701698553581
326.6,0.0021214588,5204.9182824151285
326.7,0.00041449768,8324.821989140502
326.8,0.0064000855,2383.5262365818116
326.9,0.0043862676,3413.5700184050893
327.0,0.0008490341,8372.554318992883
327.1,0.005668212,3916.5249780834583
327.2,0.016283147,1979.2267413568068
327.3,0.0018784542,5890.850357382667
327.4,0.0049139843,2692.784184727273
327.5,0.0002958923,9186.886483058559
327.6,0.013483249,2445.22247486001
327.7,0.00030124708,8043.092491520483
327.8,0.00032369423,7610.968511259485
327.9,0.013311032,2249.0001323216193
328.0,0.00471378,2760.780328144996
328.1,0.00013344813,10401.302156135756
328.2,0.0016526679,9780.871638484052
328.3,0.0054653427,2906.0315990392273
328.4,0.0027708348,3177.1901057767877
328.5,0.005245807,4195.534489632255
328.6,0.0015503683,4736.968670426634
328.7,0.0017119132,3530.620912907732
328.8,0.0008969829,4720.9356625045875
328.9,0.0008234128,4694.501676063905
329.0,0.00029718736,6910.913640496915
329.1,0.00015094978,9615.966409494313
329.2,9.025203e-05,12240.580475139632
329.3,7.6068216e-05,12763.575722791898
329.4,7.3860174e-05,12685.574440422626
329.5,8.039115e-05,12929.972028330012
329.6,0.00015568313,8808.141844649008
329.7,0.00016788564,9128.061276846867
329.8,0.0001952388,8361.663427528441
329.9,0.00018229142,8418.952905805412
330.0,0.00019868548,8355.894235530839
330.1,0.00021023274,8047.835238925966
330.2,0.0002084422,8851.504276610483
330.3,0.0001831415,9058.464679414614
330.4,0.00019574935,9784.05723562127
330.5,9.4393545e-05,11914.256775446773
330.6,8.454642e-05,12566.81302890891
330.7,9.80678e-05,12406.041103326808
330.8,7.784256e-05,12722.880311541856
330.9,0.00021706698,8554.91730386285
331.0,0.0076403506,2054.2648560516454
331.1,0.01631835,1632.4137224473745
331.2,0.016002888,1559.860856528502
331.3,0.0044076643,2731.899050921701
331.4,0.0045162495,2593.1856443768984
331.5,0.005394014,2290.0396064619777
331.6,0.0044396855,2359.213421965684
331.7,0.0019143646,3136.986272066817
331.8,0.00064297905,4866.895820496481
331.9,0.00029922428,6489.069813737033
332.0,0.0002419978,7746.765520208869
332.1,0.00013305379,10516.343429657725
332.2,7.93548e-05,12101.272346821559
332.3,6.5953514e-05,13364.123013654733
332.4,7.6078046e-05,13203.985355428387
332.5,8.0017286e-05,13198.655043423656
332.6,8.416639e-05,12705.263093042773
332.7,8.87822e-05,11775.621028642348
332.8,0.000102221195,11276.787224881527
332.9,0.00016249125,10804.013298200161
333.0,0.00012798382,11310.670280867598
333.1,8.543732e-05,12626.169291610531
333.2,8.794565e-05,12259.401025753989
333.3,8.2980376e-05,13587.693480512256
333.4,0.000121544006,10301.38188730484
333.5,0.00053935806,6290.647792336522
333.6,0.0067961067,9033.211504781499
333.7,0.01444348,1695.077280454237
333.8,0.009474377,2165.377491199177
333.9,0.0028307587,7882.25045635837
334.0,0.0063686264,2600.637165990584
334.1,0.0047470443,2606.6640141011153
334.2,0.007406393,2625.2410453407647
334.3,0.003438964,5027.939901680192
334.4,0.002165528,6305.499014875192
334.5,0.0059344578,2529.3965912611966
334.6,0.004269485,2295.0767757759677
334.7,0.0073605115,8971.232943281513
334.8,0.008740835,9450.380410763237
334.9,0.010960835,2980.225999051971
335.0,0.0044721053,2639.01725820379
335.1,0.0061199814,4399.505951222831
335.2,0.004365234,5026.625831250793
335.3,0.0034078993,3298.275457876777
335.4,0.0017560879,5474.736836384288
335.5,0.00037643814,6981.547981401818
335.6,0.00011414745,9865.213150776284
335.7,0.00011393425,10006.851360907547
335.8,7.320236e-05,12887.74857556274
335.9,0.00011378643,12281.044159259109
336.0,8.402859e-05,13448.672308801377
336.1,7.332507e-05,13207.602984734905
336.2,9.061518e-05,13000.068345868556
336.3,8.0375605e-05,12002.282033866066
336.4,9.624627e-05,12634.403512841773
336.5,6.515068e-05,13956.73552035038
336.6,7.1525465e-05,13204.584553256402
336.7,8.029115e-05,13367.194361705842
336.8,9.3391674e-05,12667.152779323416
336.9,7.653105e-05,13504.00520352312
337.0,7.443865e-05,13317.688448606987
337.1,7.1453556e-05,12815.872409378471
337.2,7.7332166e-05,13404.118791617962
337.3,7.4343974e-05,13383.446915704952
337.4,6.6192246e-05,14100.335804732318
337.5,6.8357636e-05,13588.405367583873
337.6,7.238552e-05,12992.301181707944
337.7,0.00011383907,12262.618408989085
337.8,8.4826206e-05,13409.847672895168
337.9,7.31362e-05,13148.46962029469
338.0,8.959433e-05,12965.717450446846
338.1,7.9882324e-05,12047.069694572294
338.2,9.622049e-05,12583.504661335866
338.3,6.537692e-05,13940.733753587836
338.4,7.120251e-05,13228.167991903192
338.5,8.062554e-05,13341.41378885147
338.6,9.4901734e-05,12669.57140955114
338.7,7.655765e-05,13496.4934164162
338.8,7.494638e-05,13264.255547221752
338.9,7.1564886e-05,12820.112170236343
339.0,7.7586934e-05,13412.003652843743
339.1,7.366855e-05,13408.155676256625
339.2,6.585747e-05,14107.409687672296
339.3,6.824572e-05,13615.83957224949
339.4,8.1594924e-05,13482.4662497617
339.5,6.750197e-05,13196.774034752507
339.6,8.0230755e-05,12981.936761442597
339.7,8.450004e-05,12994.936850345097
339.8,6.9220005e-05,13540.752044973884
339.9,6.365814e-05,13652.702419431818
340.0,6.406072e-05,13774.331916675323
340.1,0.0060333093,2271.1732260493063
340.2,0.023205092,1835.2197248573198
340.3,0.0073097665,1935.3091730301949
340.4,0.006799643,2284.6971739987976
340.5,0.009312479,1594.4090245206244
340.6,0.002355684,3255.427227726692
340.7,0.022305928,1593.0488701944716
340.8,0.021207856,2134.5495149879794
340.9,0.016658435,1630.6317227969257
341.0,0.017034201,1547.1558785792326
341.1,0.0050661215,3167.8815193032506
341.2,0.009973756,1291.1289420531577
341.3,0.0115813585,1341.33108088555
341.4,0.011792127,1434.219636684727
341.5,0.012320698,1379.2027030933946
341.6,0.01263987,1395.3466038941187
341.7,0.013564638,1484.988677987907
341.8,0.011064883,2111.847289642197
341.9,0.003019744,3420.014770063846
342.0,0.00023328079,7025.5309554066225
342.1,0.00018559453,8358.458806591698
342.2,0.0001570074,9660.043892270338
342.3,8.824249e-05,12510.597500665397
342.4,9.261553e-05,12287.393408959957
342.5,0.0001110127,12770.097774499904
342.6,0.00012258772,10766.795242289561
342.7,0.00013062272,10574.679007313336
342.8,0.00014965504,10945.15832363431
342.9,0.00010549765,11691.085013012582
343.0,0.00010711623,11679.555673191857
343.1,9.5727555e-05,12441.491363402762
343.2,7.741035e-05,13162.078189391594
343.3,0.00014764258,10601.676135092348
343.4,0.021221789,1904.024234426453
343.5,0.018262628,2248.1003142279883
343.6,0.008675989,6756.137999492699
343.7,0.015651068,1732.3714063849545
343.8,0.01307414,1273.5109165519586
343.9,0.0026756034,3390.6911758489387
344.0,0.021728897,1497.065648474738
344.1,0.0028502475,3584.772409007133
344.2,0.00024033025,10238.922037700719
344.3,0.004035059,2582.3978540356693
344.4,0.0022114927,6482.150259281276
344.5,0.005817264,4072.581961138127
344.6,0.0051687867,1616.5800456625407
344.7,0.0045239497,2648.6874917400664
344.8,0.00042984396,8363.134999103266
344.9,0.0150522245,1631.116422713811
345.0,0.0056154826,8453.558129222734
345.1,0.015218258,1727.3935340761213
345.2,0.016856901,1271.8867404263015
345.3,0.015607007,1332.2939558515814
345.4,0.006372234,3121.029364825157
345.5,0.0032392996,8959.92338985172
345.6,0.018978206,1627.1842946603942
345.7,0.0020457876,5494.831152070272
345.8,0.004534897,3619.179769691956
345.9,0.00058232096,8334.828883694823
346.0,0.008503327,2221.628290399821
346.1,0.002950163,4274.427691330672
346.2,0.0064797415,2759.1599192753783
346.3,0.003206061,2740.973488063528
346.4,0.0031847635,2594.481805558015
346.5,0.004249184,2574.0337047164912
346.6,0.0018206034,4625.535416792529
346.7,0.0067653963,1767.6423629532464
346.8,0.0077409702,1786.6624249382496
346.9,0.0035579563,3122.7267763485
347.0,0.008226118,2742.9253984261486
347.1,0.0021580944,5645.212727269169
347.2,0.004537307,2256.342102890711
347.3,0.00018853998,10354.967192571934
347.4,0.0012814647,4932.415499781563
347.5,0.0057193357,2426.172363172036
347.6,0.00047583386,5697.7137888953
347.7,0.00010356007,11454.747493403487
347.8,0.00014641354,11210.232455419855
347.9,0.00015114807,11128.959592967902
348.0,7.460625e-05,13248.765385295357
348.1,8.0714926e-05,12809.449240336704
348.2,0.00016406765,10186.744876470157
348.3,0.00015265649,10994.408449163566
348.4,0.00013721993,9850.577735734703
348.5,0.0001012489,11985.645349964243
348.6,9.932904e-05,11223.854103737676
348.7,7.859964e-05,12777.884907581665
348.8,0.0001944259,10887.684374338804
348.9,0.00016672339,10962.834475186199
349.0,7.8992445e-05,12623.599685866282
349.1,7.817475e-05,13171.87767867938
349.2,9.008185e-05,12452.674327180823
349.3,0.00013429897,11909.66206167218
349.4,0.00016111178,11168.95091654692
349.5,0.0001724632,9988.017552585063
349.6,0.00014124917,11629.189294261807
349.7,0.000110390814,11683.762468760136
349.8,7.126766e-05,13336.776385940171
349.9,6.961757e-05,13236.300345450161
350.0,7.392395e-05,12969.715162448238
350.1,6.377754e-05,13635.549175626067
350.2,9.131949e-05,13414.84160604672
350.3,9.3097326e-05,12883.552700354436
350.4,0.00022167459,9126.811627975756
350.5,0.008187928,2050.331905320234
350.6,0.0074147186,8298.471384457478
350.7,0.0068683564,6974.802393195936
350.8,0.008432303,2590.8273050238417
350.9,0.0013640971,6339.56302855551
351.0,0.005226102,2908.5141499288557
351.1,0.008948265,7168.688086066625
351.2,0.0037315243,5827.455934629455
351.3,0.01475878,1306.1680061457873
351.4,0.018751819,2083.6254018328104
351.5,0.01954983,1424.937859986555
351.6,0.009922814,7280.342432978877
351.7,0.0018099701,9748.46608423107
351.8,0.010991272,2082.011950582622
351.9,0.00014043553,9957.5902635341
352.0,0.0075308303,3000.2918874998186
352.1,0.0075373817,2341.0427603169346
352.2,0.008005026,2829.533327355893
352.3,0.0018399778,3956.56519250935
352.4,0.00060525956,5264.5876653147425
352.5,0.0003054364,7076.980764078584
352.6,0.00012464698,10314.847218698575
352.7,0.00011814243,11515.405206543022
352.8,0.0007903008,4800.474206561228
352.9,0.0035239113,2987.7319935208743
353.0,0.0050005172,2653.9635981222564
353.1,0.0023506398,2978.917438759431
353.2,0.0032312165,6427.962387374294
353.3,0.005263991,3090.9707203119438
353.4,0.0058513777,2621.0152365266595
353.5,0.004904408,3658.215405897087
353.6,0.0047621545,6761.610978340585
353.7,0.002033893,9515.198910631263
353.8,0.0028001657,5089.709498617558
353.9,0.0033474162,4515.428824753155
354.0,0.005098025,3382.979805550297
354.1,0.00058848533,4596.474541696147
354.2,0.00026547955,6493.515197490126
354.3,0.00031330792,6942.094567234704
354.4,0.00022485669,6400.306534548943
354.5,8.678091e-05,12493.636637161586
354.6,0.00480126,3614.7855946020363
354.7,0.016207764,4396.662969399273
354.8,0.00041699162,8153.954662223768
354.9,0.022695055,1191.429974895902
355.0,0.0109613305,2053.036705706828
355.1,0.0058302954,2653.672356217861
355.2,0.007825022,2432.8888605443026
355.3,0.010720485,2672.5723299559068
355.4,0.008687449,2187.5500417891217
355.5,0.007750465,2477.8212485852864
355.6,0.007548623,2641.1084326814025
355.7,0.0002542937,9758.592113452381
355.8,0.0062508965,2867.4612593445304
355.9,0.0024893319,4023.8433127236985
356.0,0.008763294,2298.4314990120147
356.1,0.0046413303,3388.0348819409355
356.2,0.0076364945,1667.613418064569
356.3,0.0021090552,6226.566337494787
356.4,0.008570236,6507.682557057878
356.5,0.004378152,6447.377402404829
356.6,0.0026477617,2977.764304383648
356.7,0.002067782,8199.605633682651
356.8,0.0012386334,9564.161498754514
356.9,0.00037241113,8371.874526716141
357.0,0.004156537,4450.44949916278
357.1,0.0014071559,3858.7788398202997
357.2,7.948988e-05,12501.947856542272
357.3,0.00010624982,13103.728253862415
357.4,7.012871e-05,13338.6167053867
357.5,7.1246075e-05,13713.032270552816
357.6,8.2586106e-05,12740.763280617812
357.7,9.5293384e-05,11320.580180126044
357.8,8.89143e-05,11547.327118704743
357.9,0.00014934268,9796.597865264126
358.0,0.00012513992,10481.613891441071
358.1,0.0001068677,11424.58432759318
358.2,9.2963564e-05,11729.726824236082
358.3,0.00010693738,12859.455007105653
358.4,8.0760925e-05,13308.228397004541
358.5,8.432541e-05,12643.127722404246
358.6,9.267699e-05,12854.942082599151
358.7,8.7944034e-05,12663.01289437098
358.8,0.00035668077,6558.513478014902
358.9,0.00352928,5755.477218875093
359.0,0.0044737137,6294.636520215125
359.1,0.025468491,1526.343731929437
359.2,0.001389335,5927.047445574175
359.3,0.0014951135,4336.499641886043
359.4,0.0001605299,9764.75148869045
359.5,0.0007446714,5635.851081513043
359.6,0.003294406,5173.850963315367
359.7,0.0014133862,5751.093745653463
359.8,0.0011195418,5136.84265955262
359.9,0.0006570591,5330.093925609063
360.0,0.00015385757,10323.319069449439
360.1,0.001637157,8915.407023668984
360.2,0.020490434,2433.104341454391
360.3,0.02960197,2426.7714507573464
360.4,0.0011268526,6193.031009378757
360.5,0.0034507578,3351.888284150856
360.6,0.026842024,1532.3523447676016
360.7,0.027395122,1550.804700980466
360.8,0.029285677,1635.3300383682026
360.9,0.026408212,1703.5254270802116
361.0,0.008474527,2983.137881816706
361.1,0.0027574215,3795.57185907699
361.2,0.0005857733,5183.98700053677
361.3,9.4057774e-05,11739.666062518494
361.4,7.291481e-05,13639.520143529282
361.5,6.938394e-05,13628.459536260252
361.6,7.601492e-05,13376.902139841204
361.7,0.00013480538,10043.352140528455
361.8,0.00034029866,6605.753696910881
361.9,0.00019931089,8353.794436304866
362.0,0.0001924846,8472.992811222754
362.1,0.00022191062,7559.875598922261
362.2,0.00025687748,7876.349171662966
362.3,0.0002404519,7568.568397093486
362.4,0.00016997776,8712.097122810754
362.5,0.00017685797,8184.484366706813
362.6,0.00016883927,9329.712119651425
362.7,0.00012718013,10482.89619491318
362.8,0.00010194514,11619.214694506241
362.9,8.689342e-05,11612.201550956399
363.0,8.3454404e-05,12271.382279254227
363.1,6.747963e-05,13450.292164323542
363.2,6.560496e-05,13404.659104981334
363.3,7.7636425e-05,13228.862259338626
363.4,8.8738554e-05,12574.300540562206
363.5,6.336039e-05,13307.387167460747
363.6,8.363084e-05,12400.26021997508
363.7,0.0005251389,6501.998198831841
363.8,0.016198298,2385.200356309564
363.9,0.0052383705,2896.7695460345553
364.0,0.004084471,2880.1672231384646
364.1,0.0033948265,3469.6492430830685
364.2,0.0024480992,2990.7414364287633
364.3,0.00022852281,12045.362228932161
364.4,0.006497921,2066.169617890292
364.5,0.008854224,1496.454835569816
364.6,0.009684259,1966.5960312510047
364.7,0.003132885,7996.212452159218
364.8,0.011194252,1548.2557947306664
364.9,0.006380704,2892.2365511219077
365.0,0.001867806,10273.239285775118
365.1,0.006667817,2551.7673017373745
365.2,0.0106325885,1939.3017163046586
365.3,0.012626778,1268.6982113026934
365.4,0.0030869255,4331.8220454429975
365.5,0.005719746,6354.56800783805
365.6,0.005572542,4155.785097380157
365.7,0.0029354664,3739.982728428572
365.8,0.011355336,1861.7623662535302
365.9,0.0055566705,1955.5277273744096
366.0,0.009510019,2123.8122299179686
366.1,0.004507017,2843.734027361144
366.2,0.0013120961,5455.772351679684
366.3,0.008207747,1553.8463021317243
366.4,0.0020048684,3464.1180004258485
366.5,0.0037973148,1605.4859546265768
366.6,0.00086015335,4640.1158918850815
366.7,0.00023692715,7478.962195456063
366.8,0.00018064113,9951.265089100816
366.9,9.419791e-05,12334.228097825388
367.0,0.0001623484,10349.024633905557
367.1,9.0304566e-05,10074.677219962126
367.2,0.0024544797,2764.3810943533326
367.3,0.0036801745,2324.594305940316
367.4,0.0021063974,2826.578460006701
367.5,0.0016680247,3298.913045681282
367.6,0.0028211188,2733.659572641596
367.7,0.0032094514,2932.6945201804087
367.8,0.0017655672,3409.626060673126
367.9,0.0010187102,4731.4459412223005
368.0,0.014734617,1616.5982214868836
368.1,0.018122567,1343.0462188706401
368.2,0.0136700785,1294.1352879594738
368.3,0.0008171592,6215.829995149097
368.4,0.0012230577,3577.406435391765
368.5,0.001085202,4496.509692982237
368.6,0.0015159838,3600.5890123552826
368.7,0.002844213,4094.2346965125225
368.8,0.025270568,2150.5526128075253
368.9,0.020462852,1361.2416822987186
369.0,0.025600655,1057.1664203922317
369.1,0.009443335,2217.2505346095195
369.2,0.00017074686,10225.87119478355
369.3,0.00014430424,11133.540259707219
369.4,0.00010181132,11441.679574813817
369.5,8.6394386e-05,12329.944689234879
369.6,8.9765366e-05,12508.220883972685
369.7,7.247572e-05,13304.76374911163
369.8,0.00011220021,11271.555645239318
369.9,9.452801e-05,12039.528727490819
370.0,0.0001051457,10191.180268306283
370.1,0.00029861968,8469.780954674177
370.2,0.021000247,1601.339207522437
370.3,0.025817415,1965.8360371755934
370.4,0.004326571,5726.96233891655
370.5,0.0061006616,1761.1765720611422
370.6,0.0026608692,2854.300277569138
370.7,0.0037745638,1914.8937557617564
370.8,0.004106942,1928.8107441969514
370.9,0.003348789,2368.5499564552188
371.0,0.0018010305,3306.4715647272037
371.1,0.00094553066,5383.579178959984
371.2,0.0013989506,3119.5917551133334
371.3,0.0013664236,4852.979705404316
371.4,0.0028515724,3651.414620401294
371.5,0.0026930128,3656.2884845796407
371.6,0.013955922,2211.6288361618863
371.7,0.0016046064,4573.5644200075785
371.8,0.0019401134,4553.503762213225
371.9,0.002800991,3164.9323994656556
372.0,0.0019760134,4247.101684089628
372.1,0.0026244598,3396.3424668578737
372.2,0.0016033454,4522.491098339925
372.3,0.0012880843,4767.674030596432
372.4,0.0024703606,3693.2727323198687
372.5,0.0014534564,3715.087083190152
372.6,0.0022039984,4384.082015109527
372.7,0.00169282,4453.593906896373
372.8,0.0028940958,3013.5900919921496
372.9,0.001817183,2551.4581281036935
373.0,0.001101273,4505.397139803086
373.1,0.0003909335,6338.770442359773
373.2,0.0002883838,7330.402904160599
373.3,0.0013077131,3407.2806869981796
373.4,0.00057932746,5966.9324000583265
373.5,0.00011231651,11483.925317556184
373.6,0.0024617405,2740.6564427070207
373.7,0.0036538995,2471.290768237779
373.8,0.0032821028,3102.1638111376965
373.9,0.012319148,1971.2639954449394
374.0,0.0029913292,3641.3160300504223
374.1,0.0032316446,2752.2206468446625
374.2,0.001795075,3438.67665863705
374.3,0.0009481537,5774.954151550432
374.4,0.0014004938,3180.944308008371
374.5,0.0011323951,4674.4356949852845
374.6,0.0021673518,3376.544915016524
374.7,0.0010490874,4223.244049362812
374.8,0.0013260192,3349.4574603728465
374.9,0.001092549,4371.730294970248
375.0,0.001487284,4109.489978494271
375.1,0.0017578739,5166.313274950379
375.2,0.0034493946,6392.63773506765
375.3,0.02078772,1830.929840070448
375.4,0.0065925936,2723.5045887645156
375.5,0.023083929,1318.0805142591119
375.6,0.021101145,1318.1172753379715
375.7,0.010445417,1503.7381109945763
375.8,0.0011331876,5004.943423530527
375.9,0.0011332831,4299.587969503697
376.0,0.00041320457,6103.463488900687
376.1,0.00017249465,8281.227846121623
376.2,0.0031537723,4290.131913950716
376.3,0.010240355,1694.460110727366
376.4,0.015062901,1358.842458661064
376.5,0.006682964,3076.9462278791516
376.6,0.003591898,3351.5527180603685
376.7,0.007160773,2047.3713775523397
376.8,0.0031936744,3104.5097439343685
376.9,0.003801306,2163.1340134814377
377.0,0.002173004,2850.084761194328
377.1,0.0016411424,3249.7821003444187
377.2,0.0027659691,2672.891603947871
377.3,0.0032192494,2906.906133152759
377.4,0.001798339,3393.1542713394474
377.5,0.00094889,5542.557330392956
377.6,0.0013996023,3169.8263203551846
377.7,0.0011181443,5057.956150320363
377.8,0.0019594294,3113.0933636094296
377.9,0.0008100587,6482.952442518467
378.0,0.0012277468,3503.3485617973956
378.1,0.0010757431,5109.5793314252405
378.2,0.0014787297,3892.3089678828014
378.3,0.001441739,4967.34196268822
378.4,0.0014029581,3222.438763822208
378.5,0.0009802098,4803.745654496652
378.6,0.0005103104,6285.131018017082
378.7,0.0003170055,8450.54758945181
378.8,0.0001509621,10743.313401421603
378.9,0.00010432097,12201.580193449701
379.0,9.550834e-05,12262.062926504754
379.1,8.722312e-05,12322.698027734588
379.2,8.4030165e-05,12190.89785161833
379.3,0.0007271852,4955.967557394943
379.4,0.016751816,1851.4067796919276
379.5,0.01828879,1893.104685770485
379.6,0.020650033,1587.6989736967994
379.7,0.015513694,1837.6755609259483
379.8,0.014004225,2084.5917813122837
379.9,0.008447798,2905.6115222827866
380.0,0.0071249586,3051.1805629883993
380.1,0.0061380616,3356.853108248629
380.2,0.0033186132,4751.1503033950285
380.3,0.0030579097,4634.573836504643
380.4,0.0038406,3940.087050670094
380.5,0.030964745,1422.3360020124858
380.6,0.035831638,1701.4294882256138
380.7,0.027861265,2120.2376774871645
380.8,0.024839982,1718.0350986585609
380.9,0.026078409,1678.2000727476643
381.0,0.027798403,1539.8045379111663
381.1,0.015063387,1879.4120136320594
381.2,0.01569915,1874.6611646090178
381.3,0.013639723,2133.5462064044855
381.4,0.0062837657,2933.870188498382
381.5,0.0041280556,3394.2319411529393
381.6,0.0022048603,3625.9970251256027
381.7,0.0021667867,4413.417967732532
381.8,0.0023725692,3775.3627161019313
381.9,0.0045044315,3911.763430357027
382.0,0.0044584987,3890.0177247270412
382.1,0.004120027,3262.3115226834684
382.2,0.0032496837,3317.6361408300963
382.3,0.0019167964,4216.302247796236
382.4,0.0023134016,4551.954193072276
382.5,0.0019393303,4097.528436655828
382.6,0.001588114,4631.196927116576
382.7,0.00057957845,5979.233491849456
382.8,0.0003230591,8807.205354564274
382.9,0.00020210241,8181.001715117318
383.0,8.37827e-05,11765.308411281472
383.1,8.139219e-05,11673.512064676652
383.2,0.00061733904,6644.296746951639
383.3,0.00014428634,9998.641954575647
383.4,0.00010289146,10658.63709260455
383.5,8.981264e-05,11168.854743384683
383.6,0.00010707557,10969.673509453996
383.7,7.268084e-05,12255.825524788946
383.8,0.00093995954,6030.861588065122
383.9,0.037578776,1301.2287532261312
384.0,0.02909234,1310.3792855492502
384.1,0.018387694,1319.1335981166362
384.2,0.022875942,993.9458454174669
384.3,0.002713696,7326.6857087946955
384.4,0.021140939,1130.043963883681
384.5,0.025560172,1101.0724338126438
384.6,0.0017672303,7986.955702654037
384.7,0.007935429,3050.07597007024
384.8,0.011494805,1682.5023374755615
384.9,0.012680184,1494.0915685201098
385.0,0.011808732,1668.4934416193114
385.1,0.011183099,1740.8064948365566
385.2,0.0005510813,7561.792525750307
385.3,9.040556e-05,11647.159918674106
385.4,0.00013352571,10923.965422752532
385.5,0.01246408,1559.6135320686244
385.6,0.019192008,1021.2398502917113
385.7,0.016209157,1116.9649634428627
385.8,0.012849191,1185.1668399042162
385.9,0.0124910725,1160.0416046822008
386.0,0.008155436,1295.6718431343495
386.1,8.672035e-05,11263.776233409031
386.2,9.5719064e-05,11897.023817404233
386.3,0.015881661,1332.035631815951
386.4,0.0034949013,5592.698295776373
386.5,0.016882615,1318.537155127947
386.6,0.003931127,1950.453865970083
386.7,0.0032222918,2047.8370927435349
386.8,0.0034738637,2375.046705671238
386.9,0.00010490029,12102.77091431766
387.0,7.6655466e-05,12976.189044110966
387.1,0.0001309348,12419.415400121054
387.2,0.00011929879,12146.677868334422
387.3,7.556375e-05,13060.521451975503
387.4,0.00010941214,12510.61832984493
387.5,8.278725e-05,12795.769943882944
387.6,0.00017690749,11308.247895485521
387.7,7.666958e-05,13178.13113196938
387.8,7.102629e-05,13170.221930945985
387.9,7.08934e-05,13264.583873593921
388.0,7.579197e-05,13747.948532292852
388.1,8.2499195e-05,13033.842055351455
388.2,6.9086265e-05,13353.039224149456
388.3,7.323954e-05,13291.919030111841
388.4,8.121335e-05,13385.90601326797
388.5,6.686346e-05,14137.564212177866
388.6,7.0111564e-05,13802.74722998695
388.7,6.420934e-05,13481.934663287404
388.8,0.00011213905,12053.692776908405
388.9,7.659213e-05,13222.14011050771
389.0,7.749376e-05,13018.028543192211
389.1,6.697472e-05,13817.411848456346
389.2,7.7206794e-05,12840.95563173102
389.3,7.865325e-05,12801.39938776366
389.4,0.0053406153,1977.0227057238367
389.5,0.021225909,1791.4049218456882
389.6,0.0019207064,2592.328303974936
389.7,0.001323779,3074.6574120990363
389.8,0.04153331,1251.6056304822864
389.9,0.049965683,1251.3531848695245
390.0,0.009027476,1272.9148706775445
390.1,0.010744451,1128.2181448217727
390.2,0.018710632,1013.3159003031803
390.3,0.0075728805,1566.7794846191
390.4,8.15003e-05,12447.61847851163
390.5,7.328576e-05,12633.047181548221
390.6,6.840151e-05,13105.396584622333
390.7,8.860746e-05,12822.6755552744
390.8,8.900415e-05,12991.4070126882
390.9,6.2073515e-05,13867.648594179229
391.0,6.771119e-05,13504.013309126947
391.1,7.2410636e-05,12558.307495135765
391.2,0.00011118323,10979.756374844954
391.3,0.021765903,2759.867010547898
391.4,0.035604727,1410.403542358755
391.5,0.022867486,1449.1872333350536
391.6,0.032255843,1247.1442561876272
391.7,0.025679307,1988.4142453347645
391.8,0.012007218,1392.901032467444
391.9,0.0006197599,5930.136442355589
392.0,8.854642e-05,11896.564958996663
392.1,0.004486208,2004.4081211748903
392.2,0.03302492,1030.789101632065
392.3,0.029054778,992.9972202735389
392.4,0.011072582,1328.6655766463787
392.5,0.005398641,1951.9558974095225
392.6,0.003555733,2462.0977425848664
392.7,0.006376895,1474.0443962950617
392.8,0.004978659,1763.8603330786468
392.9,9.412651e-05,11599.718529963497
393.0,7.1298695e-05,12993.464725137103
393.1,8.1823775e-05,12961.126580676193
393.2,7.373051e-05,13760.546846896596
393.3,6.9265974e-05,13647.020768844584
393.4,7.493932e-05,13595.125158868866
393.5,6.7045396e-05,13103.711887022691
393.6,7.028615e-05,13292.700061712538
393.7,6.6991495e-05,13318.420962094337
393.8,6.77267e-05,13420.258173536724
393.9,6.39401e-05,13248.106662659922
394.0,7.3282536e-05,13402.606072227485
394.1,7.4763455e-05,13285.343096347391
394.2,6.863552e-05,13682.17084225003
394.3,6.438687e-05,13733.256512345804
394.4,8.12541e-05,13464.837843386136
394.5,6.7776615e-05,13692.383178758206
394.6,6.602201e-05,13254.442207018414
394.7,7.0956594e-05,13514.713608725004
394.8,8.341856e-05,13031.218204854924
394.9,7.37052e-05,13244.076138278131
395.0,7.420887e-05,13140.5096535305
395.1,6.963997e-05,13029.777656734197
395.2,6.462328e-05,13363.210480941532
395.3,6.821708e-05,13603.365969427785
395.4,7.420306e-05,13131.34014952965
395.5,6.530323e-05,13597.93697455855
395.6,6.4789725e-05,13655.286481685296
395.7,6.1300074e-05,13828.612781115167
395.8,6.982921e-05,13380.192146967373
395.9,6.32236e-05,13580.036161053045
396.0,0.000100652425,11929.168581185691
396.1,0.033885557,1580.0477172956446
396.2,0.035684284,969.3237869429759
396.3,0.07430752,996.5477097733269
396.4,0.024169486,1411.888523673067
396.5,0.04517432,1792.8928182426355
396.6,0.0015763309,5895.6934433405195
396.7,0.0009979357,6623.011204273439
396.8,0.039878584,1338.8707486805217
396.9,0.013213725,1671.8087995112542
397.0,0.024338478,1236.3934411179996
397.1,0.013559936,1334.9483664533946
397.2,0.00013806639,9681.45611384925
397.3,0.000119080614,10122.523223757296
397.4,0.00020939783,7966.8200908479175
397.5,0.00026062023,6772.501126816764
397.6,0.00015823005,9017.21726390531
397.7,0.01662751,1406.8476769296744
397.8,0.048463468,2334.847424614932
397.9,0.048054848,1952.4016704496566
398.0,0.041873395,1000.9771967903091
398.1,0.0357289,1751.7602446576461
398.2,0.035115447,1854.269039134699
398.3,0.027993416,2008.6957331015435
398.4,0.016210089,1799.299554941058
398.5,0.024408566,1552.6839517953429
398.6,0.028012589,1123.0038516794582
398.7,0.038092114,1326.6884689716917
398.8,0.0036582376,9140.513229097365
398.9,0.023880377,3540.8986496391126
399.0,0.0281347,1260.8540469719537
399.1,0.023214202,1172.6114735809613
399.2,0.022026556,1125.4099790079558
399.3,0.002177601,3388.9933395001744
399.4,0.0011041254,4887.520455186535
399.5,0.0008204665,5809.421395923458
399.6,0.0020099382,3660.8695014006257
399.7,0.0023402276,3674.050741112648
399.8,0.0046674656,3875.237208565103
399.9,0.0013956663,4366.259658578858
400.0,0.0026553795,3935.2925635257066
400.1,0.0014116017,4436.860113685327
400.2,0.0025919708,3189.681898638618
400.3,0.0021616397,3614.8508607226404
400.4,0.00068688026,5340.253707988935
400.5,0.00066550454,4779.33722253394
400.6,0.00061287667,5175.354382806368
400.7,0.0006713202,4921.84617466718
400.8,0.00048260123,5779.441998868819
400.9,0.00044554815,5988.561495337187
401.0,0.00025209435,7243.078274388502
401.1,0.00015206392,8974.165943221917
401.2,9.7043805e-05,11559.2631196416
401.3,9.78209e-05,10458.32193514068
401.4,7.019463e-05,12863.21007255681
401.5,6.527604e-05,13059.925595810966
401.6,6.4296066e-05,13447.12965529223
401.7,6.135861e-05,13387.433698702253
401.8,6.51447e-05,14071.934115389013
401.9,7.120053e-05,13299.633227045135
402.0,0.034038533,969.103701553427
402.1,0.029773429,1257.9641204516943
402.2,0.027958224,1024.0117188509448
402.3,0.049002286,1766.0314563733166
402.4,0.026648598,2024.2912757915033
402.5,0.0021946544,4093.630801623995
402.6,0.019859467,1659.905802599159
402.7,0.02911617,1052.5152736035106
402.8,0.04894297,1081.3337101265531
402.9,0.06267569,1264.9952888520274
403.0,0.062245205,1445.1313172004916
403.1,0.0050649443,10068.994373307849
403.2,0.04755993,2001.6759761967878
403.3,0.0019254825,4168.420018589381
403.4,0.044434994,1185.0630161960573
403.5,0.020790221,823.9191735185959
403.6,0.0025798078,3137.422484753291
403.7,0.025072938,1058.3995366467623
403.8,0.028481377,2317.297187439859
403.9,0.0025505454,7423.402725523247
404.0,0.03307374,1315.664099628167
404.1,0.01428734,1512.4887258522053
404.2,0.0027242443,7855.326374443543
404.3,0.018962901,1098.791880606319
404.4,0.03620023,1512.3613105540558
404.5,0.030544858,1597.9603310770055
404.6,0.010204433,1718.1647381201158
404.7,0.00028156617,9368.825716704592
404.8,0.00026602347,6778.485696198943
404.9,0.00034141183,5688.0564919325425
405.0,0.0002474438,7288.189456808639
405.1,0.00021374469,7803.633671339099
405.2,0.0002742947,9715.574515094688
405.3,0.00019945798,10804.169644005819
405.4,0.000149984,11119.89942278376
405.5,0.00017990234,11154.783748337706
405.6,0.00015846624,10809.083689046929
405.7,0.0006659876,6479.826480488921
405.8,0.0002031636,9044.450002919079
405.9,0.00021029108,10087.141788102086
406.0,0.000872459,8061.051543535342
406.1,0.051437896,1170.6617340202056
406.2,0.015038235,2024.803869680955
406.3,0.01670877,2307.947110099329
406.4,0.0018654901,6537.714805130954
406.5,0.029450195,1272.8407605229365
406.6,0.0010351968,7524.117521600758
406.7,0.0058979797,2746.942414272837
406.8,0.031469557,1260.6987660381626
406.9,0.016821738,1230.3273655072467
407.0,0.0063285357,6254.7604722448605
407.1,0.06376843,1182.840816958081
407.2,0.04958242,1630.7988466765676
407.3,0.002028102,5324.898191198553
407.4,0.058880094,1492.9913879883145
407.5,0.014765382,3405.415506107126
407.6,0.027549073,1244.703880741385
407.7,0.010551463,1836.5600103144252
407.8,0.009869982,1720.5911537956986
407.9,0.01174893,1208.382006890856
408.0,0.00937986,1260.454040676608
408.1,0.00014236495,11334.999552754141
408.2,8.485055e-05,12428.9344169012
408.3,7.1051945e-05,12679.732417004516
408.4,9.070121e-05,12738.166290712597
408.5,9.6608775e-05,12538.314006369064
408.6,9.192436e-05,12732.90102983148
408.7,7.735779e-05,12675.155563269256
408.8,9.214977e-05,12597.138793671207
408.9,0.0001545388,11003.93443646624
409.0,8.45927e-05,12978.892875520465
409.1,0.000104545674,12408.328585667845
409.2,9.533287e-05,11776.375729352083
409.3,6.7589805e-05,13395.508239403001
409.4,0.0001087159,12209.93508874264
409.5,8.367472e-05,13133.53294485617
409.6,6.406143e-05,13820.921069759352
409.7,7.1332826e-05,13455.020081877707
409.8,7.0544804e-05,13263.999438848798
409.9,0.00010137635,13500.725250941628
410.0,0.00010284855,13118.398302353266
410.1,0.007721278,4215.57638689218
410.2,0.03303205,2464.6226536982936
410.3,0.009907095,2071.2578875701784
410.4,0.003253071,7442.462723429508
410.5,0.059577696,2489.411971829146
410.6,0.025347544,2860.7134123492165
410.7,0.00011990731,11300.286232957034
410.8,0.060077082,2092.400429952379
410.9,0.023073882,2546.1815039399626
411.0,0.08766929,1947.865116775432
411.1,0.096394874,1639.4733371407435
411.2,0.0007791157,6053.65419714378
411.3,0.07286544,1562.6924355024041
411.4,0.055340152,1333.3785025827215
411.5,0.057389967,1644.223696877837
411.6,0.0009479887,5420.417486308985
411.7,0.00085516187,4390.464439004177
411.8,0.0008368393,4196.579800603637
411.9,0.0007204466,4620.300997914634
412.0,0.00067746575,4511.622460149347
412.1,0.0004274758,5480.062304547915
412.2,0.00022540604,7826.435778395293
412.3,0.03539459,1321.3488967281294
412.4,0.057812177,1725.192877432929
412.5,0.0052087684,2952.3318440411367
412.6,0.007120998,2381.9996699592602
412.7,0.02175883,2195.068257528541
412.8,0.024828821,1502.444407147351
412.9,0.031395335,1754.4344609199377
413.0,0.035123106,1295.0150247545125
413.1,0.030479668,1839.3708499714382
413.2,0.04399353,1380.111716764378
413.3,0.040341515,1115.1250879325626
413.4,0.04927717,1194.8746884192283
413.5,0.018778175,2265.3894280850827
413.6,0.020935154,1186.113524889044
413.7,0.003446303,7672.986963451877
413.8,0.030895447,1215.187168519124
413.9,0.005519493,3281.845104609239
414.0,0.017681213,1344.8040986898873
414.1,0.019972924,1130.7923553934183
414.2,0.01915446,1349.9969406835364
414.3,0.00038529438,6703.556477852189
414.4,8.756201e-05,12515.695517051656
414.5,9.104838e-05,12710.230609353366
414.6,7.173651e-05,12695.9214618724
414.7,0.000114670016,12169.559151052312
414.8,0.0001276025,11622.17057828778
414.9,0.00011615881,11345.547344528506
415.0,0.00012338739,11781.27695472571
415.1,8.4572916e-05,11465.162725103512
415.2,9.2967435e-05,12287.720999753703
415.3,0.0001791656,10581.368854192078
415.4,0.00011366266,10431.098708234302
415.5,0.000112283786,11573.03469621175
415.6,8.799398e-05,11727.202281525735
415.7,7.103004e-05,12740.791026392024
415.8,7.704427e-05,12358.78137544631
415.9,0.00012711284,11796.598931790015
416.0,0.00014156321,8603.61270192422
416.1,0.0016479017,4911.480183506634
416.2,0.020181365,1381.800704475013
416.3,0.037153598,1126.206832415564
416.4,0.0111966515,2070.4605821247524
416.5,0.0018358723,4879.359379838767
416.6,0.026654037,1549.7807394566757
416.7,0.025516555,1005.3835699813689
416.8,0.017756278,1413.7680839158272
416.9,0.0062540416,1848.5078792067532
417.0,0.005361804,3795.02805500471
417.1,0.011824926,1460.5881418359843
417.2,0.01868177,2310.8558661846128
417.3,0.023949143,1645.7676887041039
417.4,0.046460446,1327.7977516715382
417.5,0.0020312034,4411.73057328595
417.6,0.02057982,1243.1867520224546
417.7,0.024648827,1389.7667808301744
417.8,0.022180835,1557.5789886931448
417.9,0.0023012767,7231.248264046271
418.0,0.009357064,1787.7302189656561
418.1,0.0072613107,1717.8152488098722
418.2,0.0058247456,1714.157823033144
418.3,0.004336061,1779.2413422390148
418.4,0.0015083168,2990.727190652173
418.5,0.0010365826,4521.702619869991
418.6,0.00022746746,7512.9469685203385
418.7,0.002542595,4163.192331259264
418.8,0.0024022611,3918.3345763750394
418.9,0.016523624,1618.7925437259141
419.0,0.010009246,2211.9032450911536
419.1,0.007562779,1645.5849464905875
419.2,0.0005735566,7952.9354777419885
419.3,0.00016046097,10888.304994875698
419.4,8.1010956e-05,12612.897496522863
419.5,8.936333e-05,11357.302281222019
419.6,0.00043891548,5659.993823947232
419.7,0.0034904352,4551.6794843764965
419.8,0.0018865076,4145.6795386752265
419.9,0.0006228074,4815.161526658898
420.0,0.00029832305,6836.947086022917
420.1,0.00013269181,9456.980180999664
420.2,8.783532e-05,11147.285737982642
420.3,8.188022e-05,12066.700423603294
420.4,7.930872e-05,13300.661453289656
420.5,8.0306185e-05,13141.75844018483
420.6,7.624551e-05,13132.766654142812
420.7,0.00014286676,12265.738763149187
420.8,8.614242e-05,12386.879372731137
420.9,8.7524626e-05,13020.369126606452
421.0,6.99982e-05,13011.167790947524
421.1,0.0006576134,6576.160298841529
421.2,0.015372289,2230.2857846882607
421.3,0.027671214,1306.5159457049065
421.4,0.027866727,1685.0643506894066
421.5,0.016773148,1794.3968546317378
421.6,0.00012862132,10016.84879872814
421.7,0.00012678107,10254.075138469887
421.8,0.00013676079,9620.09976831778
421.9,0.0001598912,10677.416608328542
422.0,0.00013126938,10990.977007191588
422.1,8.326733e-05,11575.30099075595
422.2,7.659857e-05,12611.094724645782
422.3,0.000118601674,11311.196414501537
422.4,0.00032772264,9928.99974169707
422.5,0.00014478236,10886.692678206273
422.6,0.062499247,1157.8189977187265
422.7,0.032103285,1141.0906965851284
422.8,0.031016177,1224.116159013814
422.9,0.02851014,1399.5885387362196
423.0,0.027125932,1765.0608138465493
423.1,0.025928346,1196.8487684901595
423.2,0.037221476,1032.0289515290417
423.3,0.0021646605,3072.2279312494184
423.4,0.009643295,1553.0370469317259
423.5,0.023477959,1058.2799425082146
423.6,0.0014716397,8913.997042488028
423.7,0.012923079,1510.2515938262277
423.8,0.0057936143,1749.4439952390217
423.9,0.003926568,1966.0257194119274
424.0,0.0067101056,1190.2750134152457
424.1,0.0012026528,6040.70091284133
424.2,9.580563e-05,11727.203737425689
424.3,9.756732e-05,12554.760188717068
424.4,8.397979e-05,12384.756877526032
424.5,8.517075e-05,12127.421649177904
424.6,8.21106e-05,12471.916344492542
424.7,0.00010556552,12539.027749852836
424.8,7.0300885e-05,13469.206776433837
424.9,7.075641e-05,13604.528944436795
425.0,8.759004e-05,13144.80925427506
425.1,7.5645716e-05,13507.4514386354
425.2,9.13347e-05,13231.475585951104
425.3,7.655554e-05,13392.21630819742
425.4,6.585311e-05,13359.750908408998
425.5,7.566479e-05,13125.385653058458
425.6,7.661886e-05,13412.334913169643
425.7,8.7839784e-05,13063.953016841622
425.8,0.00013171948,11964.039740279843
425.9,0.00010921803,12244.495992147684
426.0,0.00010087513,11490.528165077685
426.1,0.00016543458,9299.360265253825
426.2,0.0007910236,4258.627591507821
426.3,0.0077806455,1716.2738603242076
426.4,0.015333528,1663.4182066736614
426.5,0.027091792,1724.6945522437925
426.6,0.01207294,1790.388827594583
426.7,0.00017420722,10238.684302044747
426.8,0.0005432718,6180.569584756519
426.9,0.0033465268,2503.391971724966
427.0,0.009267697,1576.309847133782
427.1,0.01357969,1613.6446598879884
427.2,0.0019092305,8462.509425652428
427.3,0.018123936,1918.0091933772069
427.4,0.022112075,1511.5850242421943
427.5,0.00047756292,7937.575167641868
427.6,7.7904464e-05,12589.947701783698
427.7,9.335048e-05,11971.180089528843
427.8,0.0001711018,10504.860489967028
427.9,0.00010655376,12042.957055327137
428.0,6.955531e-05,11965.221749915485
428.1,7.430798e-05,12997.68640850718
428.2,8.5220396e-05,13059.289566874546
428.3,0.0011964503,8780.564653842943
428.4,0.027764576,1675.6957451041508
428.5,0.021725489,1249.1557196382744
428.6,0.00712233,7386.529061322647
428.7,0.05737287,1933.2634026545602
428.8,0.022204297,2582.9882594463525
428.9,0.032968033,1094.5634379813132
429.0,0.028188888,1535.1242288469587
429.1,0.026433876,1913.28977287111
429.2,0.016572375,1295.967490749339
429.3,0.030515118,1558.4661642736
429.4,0.014163371,1278.283675212899
429.5,0.006634525,1790.435908828023
429.6,0.0040467507,2717.1387706087644
429.7,0.00046127563,5736.501256509364
429.8,0.00019085091,8750.72879757002
429.9,0.00052297016,5073.403721268498
430.0,0.0002832519,6416.703953341013
430.1,0.0001901235,7781.460083547444
430.2,0.00013342085,9233.163895013335
430.3,0.00013745589,10921.914038004275
430.4,7.938194e-05,12984.74231290214
430.5,0.0001261634,11152.43419399991
430.6,0.00012485121,11648.572644352756
430.7,8.254668e-05,12945.271500046758
430.8,0.00010156699,12433.277742758015
430.9,0.00010334734,12566.649330942668
431.0,7.515245e-05,12744.825325729607
431.1,0.00013135072,12108.71819850027
431.2,8.852615e-05,13110.686877913964
431.3,7.648191e-05,13752.039312717956
431.4,0.013630974,997.904862256247
431.5,0.008481225,3388.327343166232
431.6,0.008862728,2218.168796826003
431.7,0.0056983232,1999.766221072619
431.8,0.0019875218,3158.708976752422
431.9,0.031592377,1030.5506083092544
432.0,0.06977232,1381.7003006553023
432.1,0.0037412439,3345.4255924796644
432.2,0.022573344,1747.321621588834
432.3,0.0066010416,3065.054916275937
432.4,0.0064218,1587.5312028255878
432.5,0.0018126104,2770.41824073126
432.6,0.00016592308,10512.445867143093
432.7,0.00021921957,10400.920727985444
432.8,0.00014210782,10039.77459501533
432.9,0.00010134087,11583.531517433386
433.0,9.783492e-05,11244.104493290108
433.1,0.00010424696,11185.362893073454
433.2,9.814089e-05,11813.174690787206
433.3,0.00011775278,11719.970602159336
433.4,0.00011359926,12095.07257372623
433.5,9.069579e-05,12744.895158660427
433.6,0.000140666,12040.193522265216
433.7,7.303769e-05,13206.936535868721
433.8,9.971097e-05,12160.363411435328
433.9,9.051467e-05,13263.731030426952
434.0,0.00011234144,12721.36080274544
434.1,0.0005795978,4717.7730621653845
434.2,0.027016485,4559.572699627142
434.3,0.01625364,1692.2875361998954
434.4,0.02740974,1415.2489514656372
434.5,0.028693644,1153.7142999043156
434.6,0.02497441,1295.9385491713128
434.7,0.0029889748,6447.9334600567045
434.8,0.027505994,2130.8594738981396
434.9,0.032526292,1172.152281125411
435.0,0.0026129212,4242.569895629572
435.1,0.034759205,1472.836515196941
435.2,0.041376483,1341.8762697662469
435.3,0.033587504,1484.2877823865256
435.4,0.025952509,1232.5966372694488
435.5,0.019893382,1129.9838060714294
435.6,0.014108536,1274.2782655912065
435.7,0.0141679635,1381.1965208322113
435.8,0.012080906,1320.0528886230743
435.9,0.003803414,2132.8073817185104
436.0,0.0024511155,2841.9672748342537
436.1,0.004301762,1854.43274586153
436.2,0.01067254,1658.0700836739215
436.3,0.0010787407,5039.671828197712
436.4,0.000100417994,11584.398689703208
436.5,0.00013063026,11493.892289140631
436.6,0.00010799828,12203.702730224008
436.7,0.00010881422,12899.094160577277
436.8,7.078773e-05,13076.938294533222
436.9,9.535103e-05,12118.17017977331
437.0,0.00013497093,10850.667434634048
437.1,8.58372e-05,12377.243059486802
437.2,8.245252e-05,12645.981221351776
437.3,7.305312e-05,12861.009773191556
437.4,8.798426e-05,11966.464241305517
437.5,0.00012718876,12402.397050288415
437.6,9.4358176e-05,12730.394797456142
437.7,6.917371e-05,13804.19165610269
437.8,7.896293e-05,13045.373494953481
437.9,6.927972e-05,13014.582280976952
438.0,0.00016032757,10737.17741517015
438.1,0.0027048183,4512.375898711874
438.2,0.0028760391,4600.7745235759785
438.3,0.01210619,1681.0559719179673
438.4,0.010233903,3301.39294105547
438.5,0.013226423,1554.712160295661
438.6,0.0004388297,6819.736282681191
438.7,0.0014220765,3767.4897217109374
438.8,0.007754517,3720.1232868414777
438.9,0.00157899,4290.8401544865665
439.0,0.017525984,975.7573043574644
439.1,0.035503697,1748.8182599109678
439.2,0.034624442,1604.0419500920207
439.3,0.07846012,1658.6280075036148
439.4,0.034881692,1573.2821656226229
439.5,0.019542877,1725.646682620667
439.6,0.018165428,2160.203660520626
439.7,0.0016798426,4754.281858633811
439.8,0.010937821,1403.8875282520369
439.9,0.008457561,1381.285934370025
440.0,0.0037898645,2212.2680978164553
440.1,0.00025903055,10296.901169362638
440.2,0.000237235,7628.522624615272
440.3,0.00095991156,4043.3705383828737
440.4,0.0011976915,3888.450206810944
440.5,0.00075947685,4589.749233040081
440.6,0.00047750314,5749.47352324498
440.7,0.00016372584,8871.752898204944
440.8,7.291125e-05,12762.983184097457
440.9,8.6525324e-05,13107.445785681775
441.0,6.95854e-05,13329.993126387051
441.1,6.956766e-05,13113.184718185821
441.2,0.000102825354,12552.594852502098
441.3,0.014709471,1223.454373027691
441.4,0.013708405,1604.6852744955302
441.5,0.0019020621,2267.1416171671763
441.6,9.07608e-05,11783.223414866003
441.7,8.7544315e-05,12262.382179989458
441.8,0.00013026159,11226.453775924965
441.9,0.00011601825,11697.857855374281
442.0,0.00022808318,10236.608223773423
442.1,0.000858104,9445.406136180834
442.2,0.0049188593,2472.7810230981045
442.3,0.026531354,1530.3089317649556
442.4,0.019983968,1116.4735709994002
442.5,0.02085338,1235.9450874055974
442.6,0.016546303,1590.6555469986506
442.7,0.009298351,1771.5410794354761
442.8,0.020601856,1208.789283642825
442.9,0.008072305,1634.565255346214
443.0,0.00024589605,11082.042394110715
443.1,0.0039692405,2147.1519695778784
443.2,0.00015375497,10106.832846721709
443.3,8.48778e-05,12594.43232381841
443.4,0.00017782199,11332.342345834066
443.5,0.00011746315,12152.331515338929
443.6,9.879773e-05,11988.906565705583
443.7,7.133138e-05,13303.937240664967
443.8,6.752017e-05,13393.236099473248
443.9,0.00011226652,11762.108115921961
444.0,0.005916809,1689.3349823201831
444.1,0.014553639,1587.259863565106
444.2,0.00791912,1841.5296335122912
444.3,0.029971883,1413.9752396947551
444.4,0.017438756,1305.9747499399864
444.5,0.021700604,1527.297415642467
444.6,0.005224211,7290.573270675239
444.7,0.020930415,1500.3005030700222
444.8,0.0211911,2014.8420755794732
444.9,0.014217745,2402.2554098623523
445.0,0.013582632,2121.1094735325214
445.1,0.007963561,1870.1547010965987
445.2,0.00050901924,6642.813714623059
445.3,0.00010931461,11514.416676841875
445.4,0.000102638005,11572.72608398307
445.5,0.00010077281,12492.180103758856
445.6,7.920205e-05,13105.86877008292
445.7,7.838939e-05,12781.662308275407
445.8,0.00011435799,11998.051526913145
445.9,6.659028e-05,13273.79747471842
446.0,7.470646e-05,13104.301529157168
446.1,7.8611076e-05,13211.437173099555
446.2,8.732678e-05,13004.710532475685
446.3,0.00011774604,12785.730063633026
446.4,0.00012814465,12270.178771229297
446.5,9.473126e-05,12202.627398088736
446.6,7.346158e-05,12965.53838539657
446.7,0.000119391065,12872.517710760192
446.8,0.00013345928,11782.578610553912
446.9,9.2091184e-05,12796.929546429708
447.0,8.748909e-05,12870.517993039157
447.1,6.696019e-05,13040.674218880951
447.2,8.710229e-05,12909.697456888267
447.3,0.011876026,1335.1234775422824
447.4,0.016840724,1792.6983692461552
447.5,0.01681318,1394.7019374068486
447.6,0.017572464,1495.8127642353584
447.7,0.0116161145,1226.188479409167
447.8,0.0018448591,3385.9625254569182
447.9,0.00012003131,12166.093412881622
448.0,0.0001725286,11072.027112379215
448.1,0.028812923,1550.3400276954294
448.2,0.0021599196,9059.814823838287
448.3,0.027234454,1341.657876728189
448.4,0.01356546,1204.1792460323747
448.5,0.009701467,1249.308840887597
448.6,0.011023421,1686.0014414336958
448.7,0.001331334,3556.4675845611473
448.8,8.627291e-05,12533.233434958875
448.9,0.00010482916,12087.981396564943
449.0,0.00013669587,11737.96023022733
449.1,6.9704845e-05,13309.543279507237
449.2,9.446945e-05,12965.66926302989
449.3,6.689095e-05,13611.924003906239
449.4,0.009916553,1167.7057834564976
449.5,0.027967682,1444.2763977336322
449.6,0.0215845,1134.0495995184501
449.7,0.023755882,1416.7491900572654
449.8,0.009361628,4553.948957808132
449.9,0.01780265,1309.6162439478398
450.0,0.020829085,1065.0197020949367
450.1,0.01735213,928.0652270031312
450.2,0.014423541,1272.584348448193
450.3,0.013048044,1447.217914172378
450.4,0.009837665,1612.2550932661889
450.5,0.00874223,1727.2106513424071
450.6,0.00027233484,9528.620728459999
450.7,7.7076176e-05,12583.365278037832
450.8,0.0114730485,1599.462860600791
450.9,0.014548186,1650.57017611305
451.0,0.0075311596,1585.6174345819902
451.1,0.0013660734,2324.072627150251
451.2,0.00010567416,11564.970437657252
451.3,8.367815e-05,12660.038041155334
451.4,8.7949535e-05,12810.41135160092
451.5,7.1280236e-05,13357.509805562102
451.6,8.1085855e-05,13210.33494600809
451.7,0.000100285106,12887.976473390068
451.8,0.00021164896,7787.434099546515
451.9,0.00085452426,7066.862958410185
452.0,0.012240907,1274.7615263894475
452.1,0.0056351027,2106.004309768169
452.2,0.013004277,1047.2130160699144
452.3,0.013574735,1413.2665994261488
452.4,0.01865547,1325.0899727306892
452.5,0.0209817,1262.867730808492
452.6,0.024621448,1240.1858274462647
452.7,0.023499157,1277.6660326396623
452.8,0.0053117247,1925.594547097051
452.9,0.0001856524,8852.086886565596
453.0,0.0036629068,3460.2392525273663
453.1,0.003465851,3572.9706569130713
453.2,0.0027241206,3990.2367532965354
453.3,0.0021666265,4702.145578021906
453.4,0.0056101363,2446.428313371335
453.5,0.004445077,2979.595054933105
453.6,0.003480664,3422.8202168677626
453.7,0.0027492289,3933.3266376266956
453.8,0.002178755,4502.067249733145
453.9,0.0017203231,5147.059574643939
454.0,0.0013422115,6055.859406465302
454.1,0.004026756,4982.127044867355
454.2,0.04527106,1625.932006829399
454.3,0.00064106524,6031.045535394171
454.4,0.002026124,5788.556539963371
454.5,0.020506838,2032.3941154264649
454.6,0.009177658,1553.5099412303684
454.7,0.0001889384,9880.329424520098
454.8,0.00013854139,11068.360009719414
454.9,0.000108311506,11155.35765457122
455.0,8.320757e-05,11849.450682493029
455.1,6.9641304e-05,13376.006597945803
455.2,0.0001147796,12528.71676865297
455.3,7.217753e-05,12810.08037179597
455.4,6.986311e-05,13484.099560015507
455.5,0.0012914476,6309.2486737571635
455.6,0.009876031,2518.9817112926817
455.7,0.03537914,902.5405006378408
455.8,0.034969177,1523.4852026744638
455.9,0.018760383,1560.3483793156342
456.0,0.021176634,1269.3058546298116
456.1,0.033868693,1124.5235380408997
456.2,0.017948223,1325.1116125107903
456.3,0.0008153925,6479.462440313007
456.4,0.00040187335,5709.864768613812
456.5,0.00027401192,7023.939711988291
456.6,0.00014308891,10757.294460997458
456.7,0.003598727,2570.4604393581576
456.8,0.003287213,7855.5707849466435
456.9,0.039004292,1591.8375695404088
457.0,0.031949285,1641.5585476326485
457.1,0.031204766,1879.2383265927583
457.2,0.0380845,1235.0560593438588
457.3,0.0050174207,2297.95794884096
457.4,0.010226008,2727.189622701783
457.5,0.0011513503,6779.147658768096
457.6,0.027883645,2059.3714043733316
457.7,0.04486937,1559.231475918236
457.8,0.024392962,1639.995052432775
457.9,0.037055604,1593.9260862869703
458.0,0.043524172,1411.3918895996144
458.1,0.0065257372,7256.175719508012
458.2,0.042708296,1607.9280385199704
458.3,0.04320376,1054.2691336589708
458.4,0.0025786138,4017.507369805344
458.5,0.027019769,1875.2202377024857
458.6,0.0037075402,3138.8893023104565
458.7,0.033766143,1037.9100216540942
458.8,0.0021299508,4666.446528986384
458.9,0.020243669,1416.5989779677677
459.0,0.014591976,1946.483219852901
459.1,0.009094139,2426.2525908936022
459.2,0.0002883129,7555.672164265105
459.3,0.00021712265,7299.535848912868
459.4,0.00016515661,8930.123239678409
459.5,0.000108905384,10538.355809741546
459.6,0.00010005518,11142.054648457317
459.7,0.000103962215,11742.228168595318
459.8,8.288046e-05,12594.052850557404
459.9,8.6862776e-05,13129.319298958948
460.0,8.532422e-05,13058.151740184912
460.1,8.289309e-05,12856.792105034941
460.2,0.00013460858,12468.892188778427
460.3,0.00018527739,12055.348408870941
460.4,8.613847e-05,13043.589797078725
460.5,9.655593e-05,12852.859919479386
460.6,6.987037e-05,13488.376265996563
460.7,6.470712e-05,13195.328384249136
460.8,0.00022204635,10746.766713211897
460.9,0.03281396,1415.2497390348735
461.0,0.014931229,1398.5531310626945
461.1,0.0003252238,7953.630855691217
461.2,8.7884095e-05,11720.262950183056
461.3,0.0034178225,4268.536464014975
461.4,0.034133527,1448.155363467582
461.5,0.07801484,1418.9714987283687
461.6,0.043951485,1221.9806977260114
461.7,0.028418818,1569.965081930615
461.8,0.00011969232,10243.501853007103
461.9,0.00026140118,10166.572076029168
462.0,0.0017556214,9967.180114426583
462.1,0.026606783,1770.8621989062758
462.2,0.036728743,1476.0734893437957
462.3,0.010701592,2106.6722043362897
462.4,0.02592885,1105.6832305206162
462.5,0.0030622927,2956.2040085648678
462.6,0.034102082,1713.9624772803163
462.7,0.0125203105,1282.204303864477
462.8,0.000165931,9590.109689906285
462.9,0.00010388144,11358.378887777008
463.0,0.000103875056,12203.16532837866
463.1,9.024484e-05,11776.458233979043
463.2,6.9532245e-05,12983.31931887845
463.3,0.00012845069,11810.158919826656
463.4,0.023734624,1503.4470317294881
463.5,0.024324944,1624.091769812706
463.6,0.016496258,2157.106812164732
463.7,0.0076262397,2468.9903411584455
463.8,0.00013990032,10144.29525289762
463.9,0.00015594637,10733.195968658685
464.0,0.029697923,1963.02097554894
464.1,0.013603742,1189.7116959747168
464.2,0.01695994,1495.4314386019478
464.3,0.016115986,1555.110953261451
464.4,0.014963162,1498.1058787544548
464.5,0.011056009,1559.8084265321413
464.6,0.002024968,3954.6834173865054
464.7,9.9626566e-05,11168.778125546936
464.8,8.4377156e-05,12744.105224358178
464.9,7.689743e-05,13278.72976619909
465.0,6.5366694e-05,13646.368848637423
465.1,0.0005687628,6103.522401506275
465.2,8.1978724e-05,12802.237525006149
465.3,0.0007009841,3457.8795598894058
465.4,0.00010536305,12516.198870563785
465.5,7.052619e-05,13820.829858270172
465.6,7.5792595e-05,12964.028980099072
465.7,7.7873614e-05,12427.062360632775
465.8,7.971729e-05,12665.680514451651
465.9,8.921736e-05,12587.863742067442
466.0,7.959312e-05,13077.30453746369
466.1,0.00012456246,10062.327692525741
466.2,0.00023735882,7498.569930786061
466.3,0.00032843914,6758.276321503843
466.4,0.0003857505,6641.057725878696
466.5,0.00047882547,6453.467768104943
466.6,0.00053175655,6721.984386278515
466.7,0.0007760093,5603.241585732682
466.8,0.005834377,3006.158188936517
466.9,0.004661208,3511.3121613422854
467.0,0.0016695851,6533.522780805824
467.1,0.0024334032,7731.696307883112
467.2,0.0064132055,6566.917597322572
467.3,0.0030285215,7267.784244673408
467.4,0.0040759216,3617.1028955960196
467.5,0.0043429392,4199.234107302828
467.6,0.005332027,4411.127661762364
467.7,0.010983321,3221.6831249068746
467.8,0.020782342,1926.4645354481222
467.9,0.014858506,2306.325244796377
468.0,0.0056748893,3850.6451859785784
468.1,0.002688869,4012.943710234033
468.2,0.0011734578,5068.204529562237
468.3,0.0005270661,7132.601851452278
468.4,0.0004903912,6144.545803762085
468.5,0.0010969219,5518.781271677653
468.6,0.00044070338,6203.710817868356
468.7,0.0015261703,3614.895698312431
468.8,0.003399803,2491.2127624429345
468.9,0.00027277868,7011.774105691004
469.0,0.0003943563,5659.21744674641
469.1,0.00016211979,8761.971525492412
469.2,0.00013226035,9801.778447389395
469.3,0.00011344545,10427.251443204312
469.4,0.0007022566,6561.0147714640025
469.5,0.0075105242,1763.0594119314724
469.6,0.00086079095,6038.653983941885
469.7,0.0003211888,7364.933376549708
469.8,0.00011560467,11098.744664893573
469.9,0.000100119614,12044.95173113841
470.0,8.08168e-05,12451.213713066665
470.1,0.0010000408,5028.064331570733
470.2,0.00077838165,5898.080018936995
470.3,0.00063905545,5553.125780040631
470.4,9.517307e-05,12113.436862057868
470.5,0.000930138,3281.627161282792
470.6,0.0009429496,4783.399135875097
470.7,0.0001820389,6789.764771239312
470.8,0.00013414254,8152.064786322853
470.9,0.00010000747,10770.548825293063
471.0,0.0013425656,3297.017629056945
471.1,0.00021878016,8225.938480176921
471.2,0.0007394754,4868.21894012027
471.3,0.00022554015,7345.110155051174
471.4,0.0009916989,11463.154301441944
471.5,0.0029154676,1888.8861620534385
471.6,0.00036209173,4625.869290890741
471.7,0.00016057742,7559.899458287604
471.8,0.00037824677,4305.293132928007
471.9,0.0019607495,2155.629284614914
472.0,0.00037257018,4847.034903649003
472.1,0.0008168056,4071.435516010837
472.2,0.0015796643,6233.157787716788
472.3,0.000754674,3262.797717617872
472.4,0.0013346488,3325.123520995254
472.5,0.00051464775,4569.528337764119
472.6,0.004132527,1181.8148885301944
472.7,0.00042391993,6415.439487757574
472.8,0.00017670455,5039.701342559781
472.9,0.0036063036,2694.3272688584334
473.0,0.0022304389,3445.374436634424
473.1,0.00037476482,3974.1710867409947
473.2,0.00013728546,5124.1146058192935
473.3,6.437198e-05,6697.4897625369895
473.4,0.0028356237,1287.794420869707
473.5,0.000117530864,6645.861592952557
473.6,0.00038299445,4642.183025781776
473.7,9.910644e-05,7678.838897147827
473.8,0.00032782994,5228.242829660288
473.9,0.0014881991,1832.9370223524675
474.0,0.0015568642,2350.333340723717
474.1,0.00074912916,4054.616016900283
474.2,6.703366e-05,8246.702345248195
474.3,2.9393166e-05,9559.394472962724
474.4,3.1155407e-05,9331.02269681585
474.5,8.997567e-05,6075.105642428156
474.6,0.0040242737,1935.0023225903788
474.7,0.004632783,2842.0512797755664
474.8,0.006774022,2778.3061128791733
474.9,0.0067478507,3061.263808843017
475.0,0.0049427645,2894.16289791837
475.1,8.2099665e-05,6222.8948093244435
475.2,4.34145e-05,7549.347176631471
475.3,3.854795e-05,7571.285611197606
475.4,4.1487787e-05,6857.035846556308
475.5,4.575328e-05,6900.87692219015
475.6,0.006488072,2224.650685175714
475.7,0.00034721312,5726.968833162459
475.8,0.0008913134,4368.036959433975
475.9,0.0048830276,2856.1787774605114
476.0,0.005480254,3149.4348659971147
476.1,0.00569848,2243.181336005172
476.2,0.0034229737,6408.074772289025
476.3,0.0074242833,1488.2690547045545
476.4,0.0039053017,1738.6874175063022
476.5,0.0041996976,2169.9246779184127
476.6,0.004381672,2117.8663064959874
476.7,0.0024900585,2064.259612436217
476.8,0.0077309203,2539.0337517305375
476.9,0.0012977965,3595.476852753329
477.0,0.011925695,2091.3856272252815
477.1,0.0027235819,2328.782546519962
477.2,0.0062777707,3016.7135122546324
477.3,0.005245605,1338.7455083865084
477.4,0.005202816,1764.1416378926651
477.5,0.007708278,1179.6991413015824
477.6,0.0029217617,1554.913931368336
477.7,0.0038750889,3130.972476489682
477.8,0.00097580574,4625.932550523577
477.9,0.0059860907,2552.7427960670634
478.0,0.004778121,1460.4369647323115
478.1,0.00414566,1954.8049976551702
478.2,0.0058397646,1316.7891216308121
478.3,0.0014792721,6067.821832427239
478.4,0.0015557725,6414.198713580219
478.5,0.0023938494,1984.3043718936892
478.6,0.0022568388,1718.081274214217
478.7,5.7981848e-05,6855.695190190716
478.8,3.718894e-05,7668.839375637681
478.9,3.606335e-05,7743.8397231659765
479.0,3.183956e-05,7683.20482746995
479.1,3.1155025e-05,7781.518596405278
479.2,3.342321e-05,7905.83825685637
479.3,3.353433e-05,7610.088533049506
479.4,3.380685e-05,7907.140400822655
479.5,3.5396963e-05,7603.566395651605
479.6,4.067189e-05,7709.248026499722
479.7,3.3215158e-05,7791.241683631724
479.8,3.5459707e-05,7663.518215118089
479.9,0.005960303,2322.8683348002114
480.0,0.0061382763,2691.138020247341
480.1,0.0051321853,2342.171875167316
480.2,5.487914e-05,6874.869672240762
480.3,0.00011080035,6821.180782841615
480.4,0.0026086736,2010.9516986472381
480.5,0.0051158383,1622.6981546387728
480.6,0.0038065258,2210.2910315969434
480.7,0.0018097565,4686.6752340238845
480.8,0.0019252115,2322.612314735995
480.9,0.0010485674,6662.938130745204
481.0,0.0004704895,8448.339632292458
481.1,5.920284e-05,7307.231770681334
481.2,5.2280204e-05,7274.724043366277
481.3,3.490247e-05,7578.72381454041
481.4,4.860011e-05,7123.404979660876
481.5,4.1014675e-05,6816.566832514766
481.6,0.0027871723,1881.700841773716
481.7,4.4307486e-05,6998.763584823301
481.8,5.911185e-05,6645.889489792675
481.9,6.094326e-05,5862.801080820071
482.0,3.3633267e-05,8236.991203697045
482.1,3.7459384e-05,7663.332095239539
482.2,3.2966633e-05,7870.383498919068
482.3,5.7483296e-05,7608.612500439363
482.4,3.276679e-05,7972.219687706385
482.5,3.5910813e-05,7965.905369916982
482.6,4.3645257e-05,7704.075558448878
482.7,4.5699693e-05,7784.532185324828
482.8,0.00019599068,4815.051904113596
482.9,0.0019770858,3043.5750180662285
483.0,0.003222962,2444.603909524199
483.1,0.006827147,1130.2923832594872
483.2,0.0056712683,2357.5597684409877
483.3,0.0068245935,2173.8398132904504
483.4,0.00466602,1374.3094209554183
483.5,0.004084047,1586.9348834039247
483.6,0.0007471392,4072.265760900763
483.7,0.0011950774,2707.4702919978827
483.8,0.002511914,1396.970271767609
483.9,0.002508343,1329.409829008691
484.0,0.0019439328,1404.5490878762976
484.1,5.9777965e-05,6479.955585913118
484.2,3.9974948e-05,7575.81449138192
484.3,0.0001874195,6937.899175754243
484.4,0.00012860779,6115.2241167488155
484.5,3.4666624e-05,7532.699380793147
484.6,3.0348216e-05,8022.311564215641
484.7,3.2929416e-05,7800.951495790985
484.8,0.0030341172,1222.9948341538516
484.9,0.0045360434,2268.7428929930934
485.0,0.002607745,1587.2045112789035
485.1,0.005800961,1082.5103496144068
485.2,0.00052012986,5864.153559542093
485.3,0.0003757832,7725.958929171704
485.4,4.893372e-05,6744.184553709374
485.5,0.0016717097,3082.816786534765
485.6,0.0028645764,1324.6586013083306
485.7,0.002716827,1312.544829421323
485.8,0.00018602223,5530.061140633805
485.9,0.0024099504,2253.1768842347883
486.0,0.0033218537,1593.4114610776005
486.1,0.004955529,1561.7961216759645
486.2,0.0039883787,1427.4321859644404
486.3,0.0022982724,1669.3878809832406
486.4,0.0038003298,1419.4173792863455
486.5,0.0018964238,2809.4609294099587
486.6,0.0027817315,2067.33850833629
486.7,0.0023828412,1339.414801358025
486.8,0.0003285957,3840.1090610945375
486.9,8.9104855e-05,5373.096267172656
487.0,3.588773e-05,7507.304897763483
487.1,3.078378e-05,7741.423909998119
487.2,0.00042668494,4456.136573267322
487.3,0.0017135359,684.5787257743643
487.4,0.00040064397,1264.8812206052173
487.5,0.00010928904,3627.254413572749
487.6,2.5136043e-05,3155.1188120406755
487.7,7.0686087e-06,5019.731742974608
487.8,8.217448e-05,4593.50340867373
487.9,0.0037491918,1291.9079158413003
488.0,0.0006338251,1099.762349724187
488.1,8.796478e-05,2651.3667663224956
488.2,3.999404e-05,1992.8033069672406
488.3,7.432509e-06,3315.598379086868
488.4,3.6236565e-06,3931.9027492194714
488.5,0.0010476499,2646.5822210119845
488.6,0.0003664723,862.6561236215421
488.7,4.977288e-05,2683.4693929537075
488.8,4.3464235e-05,4098.343814236337
488.9,1.7168864e-05,3335.0674790333337
489.0,3.9825527e-06,5407.634435556349
489.1,6.9409016e-06,2831.0784820171266
489.2,0.0009575393,938.5202267416444
489.3,6.573142e-05,3233.8826496894444
489.4,1.7410854e-05,3489.043615765199
489.5,4.2767748e-05,4300.07305281539
489.6,1.9512e-05,2560.592369479729
489.7,2.3840194e-06,2470.4494863141676
489.8,1.2812751e-06,500.0557674725211
489.9,1.6386615e-08,585.3094630738144
