timestamp_sec,amplitude_rms,frequency_centroid_hz
0.0,0.0,0.0
0.1,0.0,0.0
0.2,2.6323482e-07,8485.140012699063
0.3,4.0257523e-06,8282.81376910688
0.4,2.3145854e-05,6138.09165422879
0.5,0.026892759,1521.799532606781
0.6,0.036528032,1566.305888017998
0.7,0.0468048,1725.8457897166309
0.8,0.03745922,1709.84869458807
0.9,0.041031115,1832.1892383610466
1.0,0.043327697,1944.3331012026094
1.1,0.04327306,1966.7642814591677
1.2,0.0010123708,2193.6163162734156
1.3,0.00013617983,3430.4493816485065
1.4,0.00018787885,5125.37540362162
1.5,0.018377412,1061.2466559439138
1.6,0.0072309375,10357.05964128719
1.7,0.0438363,1742.106440454691
1.8,0.040637407,1760.9815837274905
1.9,0.008648445,9664.080878543144
2.0,0.027292991,761.3244853059404
2.1,0.029830836,1298.2075730618546
2.2,0.024680814,2200.898761405666
2.3,0.008842948,7887.086865313552
2.4,0.0023106618,4124.992453944936
2.5,0.041300707,2248.477228936249
2.6,0.045076102,2250.0513089819483
2.7,0.013447961,3918.2605001375455
2.8,0.0024739748,2725.7084621353183
2.9,6.12553e-05,4237.831682746259
3.0,3.848672e-05,5490.429027262428
3.1,5.1773135e-05,4639.374316773887
3.2,7.436506e-05,3993.170756114336
3.3,0.00013617979,3069.212121150702
3.4,0.00023832609,2474.8516659737124
3.5,0.0003337813,2195.102445820089
3.6,0.00032279504,2243.019443611278
3.7,0.0003816131,2195.9906673431587
3.8,0.00016698273,2869.435018095305
3.9,8.328167e-05,3948.540929765309
4.0,0.00015400499,3001.922384167616
4.1,8.099559e-05,4128.085533067182
4.2,7.091989e-05,4141.382308871058
4.3,9.886091e-05,3573.7107206363944
4.4,9.997265e-05,3953.358638002298
4.5,6.0317667e-05,4513.135827647078
4.6,0.00013710285,2890.6516783897832
4.7,0.016434776,995.332531962262
4.8,0.0648969,766.218228992156
4.9,0.033925,788.0027631580626
5.0,0.008471858,1237.8120101820518
5.1,0.00021906823,3254.480558085268
5.2,0.00023112806,2679.83717571238
5.3,0.00047393356,2408.288964970415
5.4,0.0004134052,2327.7203315175775
5.5,0.0002298265,2534.6989239227287
5.6,6.748836e-05,4506.017385432303
5.7,0.00533637,3432.074645505703
5.8,0.016584426,4658.789431150652
5.9,0.042174473,1582.5029574810421
6.0,0.0019136117,1792.150956790298
6.1,0.038823288,771.5139527861354
6.2,0.030401202,1499.1868863559368
6.3,0.012232909,1940.8169599325652
6.4,0.004419463,5808.255446003893
6.5,0.02850822,1669.0375860961487
6.6,0.02572198,723.8041823530799
6.7,0.022445662,1663.6040416057112
6.8,0.0116260545,3091.9587386193584
6.9,0.02469705,1871.5575558854578
7.0,0.028057624,1872.213964288435
7.1,0.029477522,2256.417111573294
7.2,0.021211274,2021.948015256853
7.3,0.008545655,8231.971524747925
7.4,0.01940075,4024.1026849405494
7.5,0.02307826,2709.7803759575413
7.6,0.00040854173,2953.572514409706
7.7,0.00044870746,2381.675619232768
7.8,0.00020907304,2810.2620576754484
7.9,0.00022723955,2565.80207129174
8.0,7.096929e-05,4222.744453118569
8.1,7.88746e-05,4351.1402115904975
8.2,0.026481358,1270.1994220157935
8.3,0.03338207,1629.0140883725396
8.4,0.020800173,2301.587391555554
8.5,0.033864748,1594.1995506421938
8.6,0.03976909,2317.160477696702
8.7,0.016201768,2255.5489839462343
8.8,0.0006470237,3879.0799868742142
8.9,0.022745505,1665.5471511704454
9.0,0.00435535,9218.97357466349
9.1,0.035316393,1521.9722144882326
9.2,0.0059393346,5527.16675889561
9.3,0.005634959,3714.1058496324345
9.4,0.010056458,7960.979053780724
9.5,0.029692829,1470.4740733254312
9.6,0.010391764,1022.3819177990257
9.7,0.023345074,1679.1476379899461
9.8,0.03101381,767.7251548739567
9.9,0.031415876,755.2871057131596
10.0,0.029563501,1829.6860634837155
10.1,0.028519087,1219.5281900244456
10.2,0.016142275,631.1261124181658
10.3,0.01909715,1907.2674156380458
10.4,0.00684038,2772.7773733909244
10.5,0.00021658,2599.104359111964
10.6,3.2958713e-05,2735.7236652523184
10.7,3.629295e-05,973.5609960263947
10.8,3.7783982e-05,954.3442498834568
10.9,2.7781498e-05,975.3518131831419
11.0,3.0027919e-05,1002.7016136743184
11.1,2.9745714e-05,1035.4996627783366
11.2,5.5285294e-05,3700.697192208103
11.3,0.00026625735,3881.5990929449526
11.4,0.0003530169,4682.198237635698
11.5,0.00069879775,3196.195310211815
11.6,0.00087410404,3834.4612346948006
11.7,0.0019588792,4177.911243275729
11.8,0.0030269164,4797.546390606833
11.9,0.0032281089,6301.542747849305
12.0,0.0021819333,6395.185921121811
12.1,0.02342835,3213.346565168943
12.2,0.005563192,6201.525111946741
12.3,0.018373229,4547.846729832687
12.4,0.010144075,4328.627414891904
12.5,0.04869565,1679.2918456719126
12.6,0.01609418,3381.9303834251514
12.7,0.0020300765,7623.788793380107
12.8,0.003312164,6736.0732186451305
12.9,0.0027494216,6904.752924010339
13.0,0.0014153733,8474.457639978922
13.1,0.0024655643,6101.076939434555
13.2,0.001597956,7578.999707736232
13.3,0.0010175145,7634.0008774679445
13.4,0.001652251,6440.4970978053225
13.5,0.0014096214,6180.9533577194325
13.6,0.011199336,2328.1103710666493
13.7,0.006563919,1860.2291654591002
13.8,0.0009609623,5112.14735200052
13.9,0.0009044588,3711.165495079975
14.0,0.00026881427,4856.237841969048
14.1,4.168728e-05,3895.0054556353316
14.2,0.004594158,2621.3342118048654
14.3,0.0026020773,1311.9421868665424
14.4,0.00037778154,3531.7960215847797
14.5,0.0008072554,3638.6406441044983
14.6,0.00016653258,3134.368111500473
14.7,0.0016677476,2939.1413877237455
14.8,0.00025409655,2235.7232266225133
14.9,0.01315521,2111.7472447678992
15.0,0.0014055038,3100.8574796964635
15.1,0.00019833165,4374.070248466699
15.2,0.0004929749,3566.117041876121
15.3,0.0033568034,3389.332126368027
15.4,0.015797926,5923.784766312456
15.5,0.026283525,2691.0157057177735
15.6,0.040970273,2225.1176361683974
15.7,0.057279855,978.2311613094292
15.8,0.032585472,1342.4992856351264
15.9,0.020228883,1518.1819737202113
16.0,0.0026821727,5633.850654380262
16.1,0.005930807,9369.114396051365
16.2,0.021374973,2064.6778731853833
16.3,0.015339329,6459.560363088047
16.4,0.0060779727,2154.529735828718
16.5,0.013456569,2605.2685062225555
16.6,0.01573208,7088.306033168551
16.7,0.017251026,2358.1351173405956
16.8,0.008134783,1753.5992961404536
16.9,0.013250001,3167.073878922826
17.0,0.012369911,2812.8544318257336
17.1,0.0039757066,2370.9431086975924
17.2,0.00084395194,3345.412607908142
17.3,0.03216322,2315.0595278080655
17.4,0.0143787665,3215.0807978775206
17.5,0.0004146171,2835.4651031722324
17.6,0.0053371084,3337.4064321040637
17.7,0.0031843977,1477.9178928715935
17.8,0.0018004772,2205.6152896945764
17.9,0.0007858286,3228.908076472304
18.0,0.0004862805,3471.828396464756
18.1,8.595154e-05,4135.250727505599
18.2,0.002710958,5119.406721375594
18.3,0.011960143,1502.0807418442955
18.4,0.029466648,943.2087906370909
18.5,0.027825741,1612.7524902002515
18.6,0.028730812,1673.4848544760234
18.7,0.00429652,2495.6459628796406
18.8,0.019346679,3160.5139238431943
18.9,0.017525813,5415.661581030357
19.0,0.03598539,1202.3991802065182
19.1,0.010273945,7090.70885472547
19.2,0.016573958,5434.639601410491
19.3,0.034994155,1661.70685499559
19.4,0.0037802262,1330.3602255483156
19.5,0.027046613,1330.0457616505014
19.6,0.028138878,864.7319590070566
19.7,0.031576313,1057.352264765274
19.8,0.0017155273,2746.622565315497
19.9,0.015120679,3374.463976587438
20.0,0.01447783,3124.094196369659
20.1,0.028650744,1287.5523282851818
20.2,0.031310212,832.364098795459
20.3,0.0060372837,2039.261666704757
20.4,0.0052948673,2937.3326557146966
20.5,0.0040803286,2210.8205278065398
20.6,0.01793014,1496.2842430125095
20.7,0.0161513,1656.4504452093645
20.8,0.020678906,2258.4787282345433
20.9,0.006315546,1897.4056734811625
21.0,0.0013864093,2491.1653813780513
21.1,0.0028637256,1738.8263605457928
21.2,0.002310527,1361.995115124405
21.3,0.0002927857,2650.0966093646603
21.4,0.009079307,1419.4463721803775
21.5,0.0018999543,2750.8863665091776
21.6,0.0003496377,3560.841066655012
21.7,0.00091067114,4007.2226549111933
21.8,0.0035410956,1461.4830136051744
21.9,0.00045888213,2333.942059701882
22.0,0.0003539264,3290.050479731381
22.1,0.0032074882,945.9787605753249
22.2,0.00016015423,4399.94634259
22.3,0.0026424,1227.1944181912554
22.4,0.0006109065,1434.635146443307
22.5,8.5949316e-05,1097.9145020884196
22.6,4.9087957e-05,5342.581998000456
22.7,0.0037921125,953.2701970284577
22.8,0.0046966984,2453.317140057393
22.9,0.01910125,5274.494145248256
23.0,0.0054577864,2063.2609263401087
23.1,0.001121427,2679.8703868503108
23.2,0.012400854,5445.979349826726
23.3,0.0037549306,2263.0263592065776
23.4,0.0005223645,3016.6628700893507
23.5,0.0003961356,3492.3370306444995
23.6,0.00045552893,3427.1083105839693
23.7,0.0004878,3959.3975460962993
23.8,0.00058442086,3359.819448071224
23.9,0.0005832955,3428.116016021564
24.0,0.00073030876,3702.5742897914733
24.1,0.0006943689,3272.726283577583
24.2,0.00083818927,3293.6881176167344
24.3,0.00086493924,3145.895609049604
24.4,0.0008134253,3452.4828785798377
24.5,0.00071780646,3033.032665928223
24.6,0.0007108388,3025.7816819940012
24.7,0.0007873784,2791.699039090495
24.8,0.00075122475,2913.7385957127367
24.9,0.00078817084,3016.75637596952
25.0,0.0007591256,2928.8579770676993
25.1,0.0007240391,3224.021537271458
25.2,0.03073007,1495.19744682701
25.3,0.022218848,2024.0731683880786
25.4,0.019009897,2106.355747137475
25.5,0.017084708,2593.047693698123
25.6,0.010086539,2031.4290044478532
25.7,0.00080302695,3190.676362589242
25.8,0.00081216806,3072.00573769743
25.9,0.0007850951,3028.1204954015784
26.0,0.00076056155,3061.6391408228524
26.1,0.0007215215,3683.3796501829415
26.2,0.0008416236,2995.7174040988375
26.3,0.01875527,1469.2511973870264
26.4,0.02026001,1606.671647228184
26.5,0.037313167,892.4871062918991
26.6,0.010040793,2484.094402161928
26.7,0.0034000103,2990.789218628107
26.8,0.0007222013,3322.065712765879
26.9,0.00073433685,3189.4759688094864
27.0,0.0008741969,2794.2141584500723
27.1,0.00086924364,3157.797556288222
27.2,0.0007491344,3356.0709626750463
27.3,0.00081217015,3333.8002311710798
27.4,0.0007760943,3132.0522675964235
27.5,0.000877408,2915.4107509368796
27.6,0.0008191187,3064.1920447070434
27.7,0.0009410021,3113.8428160333083
27.8,0.00079581206,3232.601434847527
27.9,0.00081259385,3119.784015235811
28.0,0.00077887834,3162.0568955762037
28.1,0.0007914711,3266.2550796847527
28.2,0.00071650394,3344.373065244041
28.3,0.0037535045,2366.494839677518
28.4,0.008390734,2045.9939893233613
28.5,0.0020351459,2909.0338716145466
28.6,0.011492501,7459.144762779722
28.7,0.010531127,4272.170543073044
28.8,0.013261099,2167.0376087004447
28.9,0.0053199288,1620.890827490821
29.0,0.002051189,2678.005307621068
29.1,0.00078526896,3068.0341334099576
29.2,0.0007549882,3052.551920877166
29.3,0.00071737415,3193.989353962888
29.4,0.0007354939,3409.603135040672
29.5,0.0008427975,3017.6738900861938
29.6,0.00080143515,2940.8936196444297
29.7,0.00081508455,3378.8562015494467
29.8,0.00073682703,3161.783918645924
29.9,0.0007472169,3223.738296850719
30.0,0.0008088696,3018.4100727759974
30.1,0.0007826718,3117.2044556477667
30.2,0.00073232286,3027.2671330972344
30.3,0.00734712,2925.859941046751
30.4,0.0032184487,8596.41824955627
30.5,0.028519314,2266.783703152636
30.6,0.03035587,1626.670168633695
30.7,0.006988531,8900.965803562745
30.8,0.014197026,5662.536956491831
30.9,0.034911744,2249.174144038897
31.0,0.03568615,6059.774945403786
31.1,0.02736463,2685.951516799092
31.2,0.04467212,1778.554827858532
31.3,0.011038498,1754.1723429005256
31.4,0.017747328,3377.869322671384
31.5,0.00471306,3515.3684484220694
31.6,0.015367993,3928.182453425999
31.7,0.0031858743,2290.5825024618352
31.8,0.022810798,1205.3341158787493
31.9,0.022168154,1027.5359933257373
32.0,0.015574507,1205.747697919368
32.1,0.00076120516,3085.955120684932
32.2,0.02461394,1789.520453295128
32.3,0.019443627,1898.0740762668552
32.4,0.015108024,1646.7395636107217
32.5,0.001627199,2846.001367548962
32.6,0.00095819455,3012.626091611802
32.7,0.001364886,2764.2146298584635
32.8,0.0010919886,2758.2665412504793
32.9,0.00092166,3073.968226528298
33.0,0.000892132,2962.1799478947073
33.1,0.00078098074,3079.362738469748
33.2,0.01684304,1328.970814738062
33.3,0.0057887444,7218.741572530288
33.4,0.034075715,995.0401773479839
33.5,0.036326826,1008.0617095765945
33.6,0.04215886,1451.5926014036352
33.7,0.048510984,1648.254985983652
33.8,0.008963022,3174.3047933947732
33.9,0.04134411,1629.934093706439
34.0,0.0062342305,2860.7152891627093
34.1,0.0021834804,2682.201851403661
34.2,0.02654071,3117.4420328021174
34.3,0.0039688614,3259.370206526264
34.4,0.0033532577,3129.8784540155566
34.5,0.009638786,1652.306240855536
34.6,0.022161176,1578.6226334959779
34.7,0.017494254,1574.975293596653
34.8,0.015085836,2150.298998743603
34.9,0.024253301,2165.5370428110737
35.0,0.00872347,2793.534441478795
35.1,0.0018179222,2593.513407327152
35.2,0.0009902085,2857.2062420938173
35.3,0.0012379852,2657.9386154486756
35.4,0.00094515673,2966.139599306036
35.5,0.0011171178,2923.2617692445265
35.6,0.00087722583,2752.108563046381
35.7,0.0009141146,2867.2541114787928
35.8,0.0008881947,2912.742522221142
35.9,0.001072496,3871.192059493726
36.0,0.001559605,5173.345468141806
36.1,0.0020479881,5428.112914343169
36.2,0.003944535,4815.200723842207
36.3,0.0026657965,4864.820654746247
36.4,0.0022166234,5108.389408535111
36.5,0.002503643,5520.814579512614
36.6,0.0032271051,5217.631001295011
36.7,0.0021369758,5503.4005773723275
36.8,0.0032215118,6133.744372547136
36.9,0.0031544862,5365.533614857395
37.0,0.0035811756,6460.101956670836
37.1,0.0014246939,5406.672773341866
37.2,0.00083334756,3198.0066169437573
37.3,0.0008861196,3204.809086192799
37.4,0.0010190144,3133.5321734875342
37.5,0.0010408305,2798.2275612046174
37.6,0.0010060766,3065.757818079186
37.7,0.00087960827,3226.9090305938107
37.8,0.020873256,1878.436735933285
37.9,0.022317737,2194.168172117527
38.0,0.014040318,2872.0388354567585
38.1,0.0047486164,2963.811684522917
38.2,0.000941863,3263.3677886609803
38.3,0.0010618354,3069.0528810803
38.4,0.0010380927,2996.6544518549836
38.5,0.0010684681,2872.5873411274188
38.6,0.0009217574,3104.8923038675584
38.7,0.000847552,3126.9644205225486
38.8,0.00090070633,3130.2254447344
38.9,0.008782429,6927.124265385209
39.0,0.0013281616,4140.78244871875
39.1,0.036917135,2726.390736329534
39.2,0.022720039,1170.9574906060082
39.3,0.0042764046,2516.187313424453
39.4,0.007356024,4559.312965904728
39.5,0.016339436,2610.7036043389307
39.6,0.0008196262,3238.1463274930184
39.7,0.0059727663,3523.4026700763484
39.8,0.020543603,2088.289563203903
39.9,0.003527121,2152.0124460648444
40.0,0.017740915,1567.527381033774
40.1,0.026856724,1058.0992880735587
40.2,0.025650155,1041.4741013625146
40.3,0.027994221,1801.6243744130077
40.4,0.02639523,2396.934507765067
40.5,0.012410923,3137.588924645287
40.6,0.0037577893,3847.5716849451746
40.7,0.0009063575,2934.423771997908
40.8,0.00080856617,3340.2584504629785
40.9,0.00075986533,3090.602339368919
41.0,0.0008355859,2934.371037295542
41.1,0.0008569789,3334.1684998061532
41.2,0.0008958176,3086.4242030534756
41.3,0.0008802271,3138.562184701126
41.4,0.0009013069,2916.6061904107723
41.5,0.0008530681,3476.544643561449
41.6,0.0009210721,3271.8894912042624
41.7,0.00083063793,3298.1829522488115
41.8,0.0007526831,3298.4950824877365
41.9,0.00075845915,3246.310276607331
42.0,0.00081793417,3230.461438310201
42.1,0.0007930254,3469.650479257065
42.2,0.0007709577,3273.4693077619654
42.3,0.0007730652,3489.0063577136493
42.4,0.00074194424,3184.549355699207
42.5,0.00076513266,3586.9014752526828
42.6,0.00079906423,3193.8315491215335
42.7,0.0050897896,4277.547708861706
42.8,0.0017551257,4301.990111309856
42.9,0.0014109857,2966.9566287606444
43.0,0.00089435483,3281.1387537913924
43.1,0.0039808108,3898.8575808571663
43.2,0.0043521607,4325.2007494340505
43.3,0.0017487024,3281.6246839304545
43.4,0.0009867494,2784.044174174872
43.5,0.00078966864,2924.3845135098477
43.6,0.0007648177,3459.870417673756
43.7,0.0007797154,3043.9676848704707
43.8,0.0007988876,3013.8085553576548
43.9,0.0007822972,3272.580165847602
44.0,0.0007348964,3310.6613596823895
44.1,0.04006741,2621.3442944465887
44.2,0.03951078,930.4999415114155
44.3,0.008294898,2373.102408635731
44.4,0.00363231,5985.643301549731
44.5,0.012331866,3009.096209073915
44.6,0.014203034,3025.3667575709596
44.7,0.0033171664,4705.822608205309
44.8,0.024739088,2601.8643374191392
44.9,0.016669251,1863.7604849347426
45.0,0.00080698373,3398.6991103188866
45.1,0.0035442929,3841.218887775517
45.2,0.0008116209,3171.6980815647057
45.3,0.00079886656,2870.8958484960604
45.4,0.0007127856,3195.13783819607
45.5,0.0007355018,3122.170852142352
45.6,0.00075613963,3199.1541352881536
45.7,0.00071105204,2981.843243146427
45.8,0.0007645707,3018.31188556376
45.9,0.0007016796,3213.9991212051013
46.0,0.0007060392,3320.435279533826
46.1,0.0007826661,3235.5020083697427
46.2,0.0007086984,3102.533786439236
46.3,0.00072589365,3172.287737245656
46.4,0.0007456441,3023.017974958511
46.5,0.0020618755,3102.374629661145
46.6,0.031217407,1643.4857843548211
46.7,0.0008184744,3074.5404206496687
46.8,0.0008588901,3009.6603261708
46.9,0.0008280302,3023.7364611290864
47.0,0.07986461,1051.798953222809
47.1,0.074517444,902.6042107942304
47.2,0.036876347,1017.6512448606672
47.3,0.020097237,1061.9266228951237
47.4,0.0008348278,3083.384405264596
47.5,0.001054218,2930.9906842195132
47.6,0.03349324,2796.0529954538265
47.7,0.06566619,1251.6626368003224
47.8,0.01250083,7265.162287248031
47.9,0.03692827,981.2350289768154
48.0,0.034189098,1871.3731074241032
48.1,0.016214436,1841.5185422054228
48.2,0.013214701,2588.071079505598
48.3,0.0007156687,3187.1384036428894
48.4,0.00085765973,2971.9926226285565
48.5,0.0009435689,3021.9831585887646
48.6,0.0007871493,3093.3271625341745
48.7,0.00075703743,3076.5932336267533
48.8,0.0007033821,3068.9409036483717
48.9,0.00077723735,3065.3033406703366
49.0,0.00073977304,2872.338521945332
49.1,0.0007358933,3146.3231463803013
49.2,0.00065177784,3077.270414704953
49.3,0.0007955073,2891.1268688975993
49.4,0.003687401,8918.707709132834
49.5,0.028630326,1595.0586023059857
49.6,0.0584348,1940.2396409567523
49.7,0.0360409,1419.0657301513718
49.8,0.034706898,1223.2340630581207
49.9,0.025480768,956.6661699073279
50.0,0.028643169,1547.6851307829666
50.1,0.014187251,1350.8638376662425
50.2,0.028462568,1384.9346163508387
50.3,0.00910422,7533.204645147638
50.4,0.04712424,756.6663481679893
50.5,0.05076263,1714.6116321157585
50.6,0.0012210703,2961.8922146042014
50.7,0.0013813778,3711.1092459655324
50.8,0.001353968,3075.3020264884963
50.9,0.0009020878,3017.9648572087567
51.0,0.00079614244,3200.349310689335
51.1,0.020644698,1316.7856564985043
51.2,0.03458948,816.8916626986952
51.3,0.027185354,1745.8611422293254
51.4,0.04664513,1595.00729468139
51.5,0.041878793,1177.709832786201
51.6,0.004524228,3415.5046709186686
51.7,0.027577048,1326.881545423948
51.8,0.003505811,2474.726714985721
51.9,0.025411287,1540.826936227446
52.0,0.0012280915,3209.0705096748266
52.1,0.007016915,4129.2623906747085
52.2,0.023749629,1245.480056261772
52.3,0.0016292485,3126.631678720438
52.4,0.041060377,1635.9548033427948
52.5,0.027737532,1878.650523195717
52.6,0.028528146,1957.5908554941286
52.7,0.039350998,1837.5462451531268
52.8,0.01847617,1555.4736959887318
52.9,0.000965631,3168.982688193495
53.0,0.046223834,2121.90078371665
53.1,0.051486723,709.6287369012604
53.2,0.0067637037,1904.9467711678506
53.3,0.00091981306,3029.754188186756
53.4,0.015340501,2950.2513694656705
53.5,0.002934463,3015.994176339397
53.6,0.000976461,3072.570996127054
53.7,0.0009838396,2998.93107349183
53.8,0.0008516483,3275.4509362899626
53.9,0.00077188347,3258.08597733401
54.0,0.00080396124,3216.56653399145
54.1,0.0007200667,3317.095870792513
54.2,0.0008096788,3423.0225464132336
54.3,0.00084057683,3294.1402280046605
54.4,0.0008046939,3289.9842526288185
54.5,0.0007611275,3378.846582542929
54.6,0.00089552015,3045.248005613767
54.7,0.0008526193,3191.8540929241776
54.8,0.00086158054,3330.89904384242
54.9,0.0009117507,3034.5720979989683
55.0,0.035199545,1566.8802447373653
55.1,0.04219767,919.9821999126764
55.2,0.024867265,1030.8486764218896
55.3,0.014804551,1209.9961025087334
55.4,0.0029702587,2556.0551539209464
55.5,0.0017200685,2417.709207666476
55.6,0.007187699,1873.2140051252338
55.7,0.0087616155,1592.9801936917552
55.8,0.0007940504,3369.241843336169
55.9,0.009071894,2884.8068428080574
56.0,0.016228167,1328.8757247272702
56.1,0.010701503,1460.5296016255504
56.2,0.00088206277,3251.0351483879167
56.3,0.00075168844,3407.860885974245
56.4,0.00069566816,3469.8774988765726
56.5,0.0007566326,3416.4294325976552
56.6,0.0007313896,3314.574880342375
56.7,0.00066715095,3424.0662938115465
56.8,0.012463042,3510.9665071552363
56.9,0.011759893,3730.692811838909
57.0,0.0026591734,4552.605898743541
57.1,0.021111468,1328.5874185052878
57.2,0.013182629,1435.474284688644
57.3,0.0009100318,3128.767626022304
57.4,0.0010147883,3168.710870144913
57.5,0.009221645,4188.0222829566965
57.6,0.01228731,4298.023450748849
57.7,0.0058830963,4099.184999938969
57.8,0.0023655342,3455.767438262647
57.9,0.0008145415,3075.9471678997193
58.0,0.0057009314,9266.50290351687
58.1,0.034405455,2392.0719582999577
58.2,0.017339502,1301.266050718768
58.3,0.019322928,1716.204824238648
58.4,0.011486215,1822.4438743045434
58.5,0.0010750948,2867.313019469172
58.6,0.03327271,1785.450576447619
58.7,0.022566378,1875.3866182097167
58.8,0.00743054,3408.3673319630707
58.9,0.013073708,2354.8993291655834
59.0,0.024189988,2960.481960324097
59.1,0.0014371807,2797.048548051549
59.2,0.00083128485,3028.5292799115805
59.3,0.0007492844,3096.7856469561975
59.4,0.00071113,3171.399390325147
59.5,0.0008681545,3881.0638406912894
59.6,0.0475885,713.5172509669826
59.7,0.027261544,1827.4642275841436
59.8,0.014718114,1965.2158570463298
59.9,0.011558863,1327.759974404543
60.0,0.020111494,1972.2812895690386
60.1,0.02474585,1760.4235274530663
60.2,0.0066082934,4928.547198747587
60.3,0.038018912,715.0150765956928
60.4,0.020402696,1367.2436972644584
60.5,0.0036363108,7152.298209426999
60.6,0.021532947,1677.8014498791858
60.7,0.003678261,2682.572399025072
60.8,0.0007969432,3033.000168941183
60.9,0.0007949815,3152.140126660145
61.0,0.0008162013,3036.8723164991725
61.1,0.0007108514,3267.219597384378
61.2,0.00077439426,3280.6613439183184
61.3,0.0007899649,3092.112389176221
61.4,0.00077786215,3124.631262601414
61.5,0.00077815366,3222.387552247648
61.6,0.00072038313,3192.0672411404153
61.7,0.00075621216,3056.935575012305
61.8,0.00071686873,3053.886280633663
61.9,0.00073257834,3157.818193354427
62.0,0.0007310761,2927.9952397136663
62.1,0.0007244246,3372.5790314127157
62.2,0.0007237592,3257.4094172357663
62.3,0.0006987387,3403.719383943714
62.4,0.0007895457,3109.6763122915845
62.5,0.0006895609,3339.314615968759
62.6,0.0006642892,3438.7677543864274
62.7,0.00068898866,3067.5531338287296
62.8,0.0006558414,3880.9656946193377
62.9,0.00065605144,3260.635311561578
63.0,0.00073980296,3073.569962103532
63.1,0.0006066926,3344.9228017153523
63.2,0.0006115676,3096.696149667912
63.3,0.03509639,1646.684054219224
63.4,0.0007065473,3148.55732300405
63.5,0.023381706,2613.8470319535354
63.6,0.00071624725,3066.361309248121
63.7,0.0006490565,3447.950686221646
63.8,0.0006434165,3025.0182696279744
63.9,0.0012988055,6191.980379663465
64.0,0.025913771,1710.9471827002417
64.1,0.021835595,1014.7140358648327
64.2,0.0021813796,3602.116269107989
64.3,0.011645437,1299.9160165982207
64.4,0.004452198,2738.009479677736
64.5,0.0006497812,2972.9363408632275
64.6,0.00063789287,3047.7273544978266
64.7,0.00059905916,3215.9864607931095
64.8,0.0006317599,2884.6113393849273
64.9,0.011665451,2366.0365931078222
65.0,0.005526104,1575.5896896534211
65.1,0.002887367,2355.025136373132
65.2,0.0012323369,2280.0526522278547
65.3,0.0006083351,4154.0490657025075
65.4,0.0006043416,3240.957078536625
65.5,0.010868691,1285.399916048294
65.6,0.0026903937,2666.1760966681377
65.7,0.0020952118,2704.587238001781
65.8,0.0013686919,3735.6503453182313
65.9,0.00089566596,2999.460786752653
66.0,0.00056854665,3084.6259476062473
66.1,0.00055165926,3349.8332558085576
66.2,0.0053714393,1536.2936442568448
66.3,0.0021570555,2423.0347169173806
66.4,0.0009779781,3221.0999686892446
66.5,0.0005409074,3310.2739925575193
66.6,0.0004919161,2886.4666063864315
66.7,0.0005168351,2988.1951725551535
66.8,0.010096028,2497.692421777307
66.9,0.0013692472,2984.3981661053335
67.0,0.0010808504,2944.4849168351648
67.1,0.00063433335,2887.099402741002
67.2,0.00045577384,3042.4088205339813
67.3,0.000415473,3142.556298737832
67.4,0.0090630455,2861.97559850098
67.5,0.0011135238,2901.7974633366252
67.6,0.0015503656,3039.4572471113765
67.7,0.0010484928,4280.699617666011
67.8,0.0004511429,2997.701996116309
67.9,0.0030499124,2787.524066661297
68.0,0.0009556333,2798.266630893572
68.1,0.015278913,3023.073361944884
68.2,0.001880018,2930.758322801544
68.3,0.00046833942,3652.933976106981
68.4,0.0010847439,3948.7781689055423
68.5,0.007886444,1242.3120327379772
68.6,0.0014980728,2574.176167440393
68.7,0.0015021451,2752.9197650878136
68.8,0.0052133175,2937.081000178987
68.9,0.00045772974,3133.176887382363
69.0,0.0003776052,3010.530842999717
69.1,0.00040944933,3205.6800180610644
69.2,0.00041275384,3265.464366013549
69.3,0.004643498,2702.672071329781
69.4,0.0051219924,4324.142313508131
69.5,0.013310582,6309.961909335438
69.6,0.003592392,1857.0251134254977
69.7,0.0009640222,2875.0118083770826
69.8,0.01949664,5021.128539019326
69.9,0.0032010528,2283.4591428031613
70.0,0.0005344851,2871.3332195115645
70.1,0.00041448206,3261.8419630664885
70.2,0.0003838972,3176.6143506999215
70.3,0.0004181489,2996.7367290397924
70.4,0.0004780138,3025.3723228280346
70.5,0.009499703,1748.106232885381
70.6,0.0013764307,3647.0338881354965
70.7,0.0037372555,2035.9007704469072
70.8,0.0016759146,2762.8319507871843
70.9,0.00071120745,2741.7891853205874
71.0,0.00042238354,3277.974553001661
71.1,0.004598642,2302.0611895161546
71.2,0.016838185,1456.8526534908165
71.3,0.004527939,1484.8547567670769
71.4,0.0015298176,4350.238353084529
71.5,0.000785187,2708.6307499074956
71.6,0.00044499073,3277.884561785618
71.7,0.00042095513,3072.7399356923697
71.8,0.024483055,2661.2423921204745
71.9,0.0010569347,2603.204441878868
72.0,0.0032752824,2299.5996614197816
72.1,0.0010888402,3672.7373996335805
72.2,0.0003651121,3212.839582822331
72.3,0.0067869164,1135.9333356181291
72.4,0.002448324,2425.1684741430645
72.5,0.017995046,2792.016107566299
72.6,0.0022916968,5979.301828815894
72.7,0.00068114366,3266.795368785491
72.8,0.0006815859,3150.8930101991523
72.9,0.00032270915,3284.758545911609
73.0,0.0003486167,3461.021855277643
73.1,0.0003662926,3091.8235238695784
73.2,0.00033163908,3170.029537808565
73.3,0.00035549572,3311.6742757200986
73.4,0.00033825365,3245.7596915379763
73.5,0.00045172765,2969.624393398546
73.6,0.010937677,1363.1055039036685
73.7,0.015905425,2117.2244517190934
73.8,0.002131939,2885.359512455001
73.9,0.00035570838,2985.8820120592336
74.0,0.00037570938,3088.2048814512395
74.1,0.00046989426,3269.5144689677027
74.2,0.00052318943,2913.7184153378757
74.3,0.00042891625,3140.9869545971133
74.4,0.00039077087,3071.187239065728
74.5,0.00035031367,3408.5063330217317
74.6,0.00032153502,3602.2283445212915
74.7,0.0025570684,7673.768060238498
74.8,0.012168929,2138.0303377599903
74.9,0.02406445,2072.4386138485943
75.0,0.03623905,1800.8280582704922
75.1,0.019879075,2359.855250746452
75.2,0.005631944,2923.8340581747443
75.3,0.002323487,2478.2682570501847
75.4,0.009110659,1515.569129571735
75.5,0.002945418,2658.5624751418627
75.6,0.01671415,1867.8236330047093
75.7,0.0038274245,3360.8445905257136
75.8,0.00046039894,3092.241643762198
75.9,0.000392508,3290.145090556181
76.0,0.031491574,870.3079510302728
76.1,0.025898496,1822.7116785597664
76.2,0.008326133,4673.40080960932
76.3,0.022666855,961.5259182421458
76.4,0.019539716,2233.119459090275
76.5,0.0028775432,7834.306920237706
76.6,0.007931229,7248.680171044113
76.7,0.0012341408,7260.072793531268
76.8,0.024742492,1976.1449285121273
76.9,0.022933044,2007.5860680225135
77.0,0.012978797,3195.455030039474
77.1,0.013611997,1983.250995453671
77.2,0.016396657,1877.7649082654516
77.3,0.00042866185,3096.333289264761
77.4,0.00032221066,3473.5415422340075
77.5,0.00030155812,3266.67359144247
77.6,0.00031049867,3481.037236076234
77.7,0.00029049732,3549.677902889971
77.8,0.00030509479,3293.3142200183356
77.9,0.00033693027,3399.632168616484
78.0,0.00033592523,3314.425234381554
78.1,0.00031634525,3419.4460940493987
78.2,0.00032535126,3461.759197544269
78.3,0.00031028132,3344.3828564755436
78.4,0.00030368136,3559.9115913718206
78.5,0.0003197424,3465.8862765308713
78.6,0.0003220086,3294.897903700895
78.7,0.000331449,3314.6730034199645
78.8,0.00030300926,3392.2224847803973
78.9,0.0003104125,3365.784064405646
79.0,0.00036002859,3564.2680035712383
79.1,0.0003483645,3400.7056509036456
79.2,0.00037781702,3178.822753119209
79.3,0.014794803,888.2361392790443
79.4,0.026039636,817.3327738561414
79.5,0.014192535,771.813575578993
79.6,0.0022065653,2055.2592122345823
79.7,0.00039895377,3111.2892709012654
79.8,0.00037989853,3275.1297176189905
79.9,0.00036639863,3147.430356676864
80.0,0.0003253868,3410.966648499094
80.1,0.0003407072,3589.3503751396447
80.2,0.00031658873,3526.2650537320887
80.3,0.00031835763,3409.765885079086
80.4,0.00032156843,3467.1997577129473
80.5,0.0015157423,6898.24960873051
80.6,0.01864333,2046.6862619238877
80.7,0.016928608,1447.4257402789842
80.8,0.0013677201,2796.957857993871
80.9,0.021819262,1917.4369070821451
81.0,0.00042778405,3724.3127570831953
81.1,0.00034824802,3346.0887056012793
81.2,0.00035066126,3179.801886128248
81.3,0.0003589088,3323.5805593860964
81.4,0.00032574902,3586.226747142919
81.5,0.00029805413,3503.2718605834307
81.6,0.00033920282,3379.657051324623
81.7,0.000365009,3174.0089110428
81.8,0.00036666208,3151.122115383272
81.9,0.00035506106,3470.808566742443
82.0,0.0003282678,3544.8363853569717
82.1,0.00034396432,3378.199884812761
82.2,0.0003445343,3317.3648792371773
82.3,0.00037690546,3132.6756824102335
82.4,0.0003582711,3168.0307082681543
82.5,0.0003401766,3406.5258956972657
82.6,0.00037395148,3237.7752318486946
82.7,0.0003374058,3471.607252240696
82.8,0.00091133395,2186.9329364484684
82.9,0.024465181,1610.985857120816
83.0,0.0011435815,2663.3880531177538
83.1,0.00035955643,3522.4856285261308
83.2,0.0007147607,3839.9192303192885
83.3,0.0011348403,3831.7081281708806
83.4,0.0006189078,3261.1002823488407
83.5,0.00041069728,3390.3115295564285
83.6,0.0004230087,3484.3308959877495
83.7,0.00046055258,3247.315532719732
83.8,0.00040522477,3418.7265493714317
83.9,0.0004025966,3442.108545489722
84.0,0.0004566812,3366.162691991815
84.1,0.00039771007,3538.8546600641603
84.2,0.00046719878,3224.698274777306
84.3,0.0007213646,2976.6095469896386
84.4,0.00043453684,3417.7831032412473
84.5,0.006155498,6266.135155485462
84.6,0.022065332,3001.404479434662
84.7,0.026477303,2018.9704743781695
84.8,0.01060047,7497.068960671933
84.9,0.0013784558,7893.018869962469
85.0,0.013842579,3255.604462027434
85.1,0.038003087,1966.5497767523718
85.2,0.024547996,2017.0662759037618
85.3,0.033090297,598.4652726647065
85.4,0.020424092,1750.3474641047603
85.5,0.04020951,929.4115791035836
85.6,0.017695984,1182.9423649338678
85.7,0.0024809984,6127.615143114288
85.8,0.0031809672,8694.462490426198
85.9,0.0034770214,3591.0657171402954
86.0,0.0071416646,1533.3602449302005
86.1,0.0018973576,3084.1944391931675
86.2,0.002313163,2668.7096985471358
86.3,0.00047129096,3573.15089595997
86.4,0.00038335338,3382.8426677055736
86.5,0.006101848,3253.8787436716216
86.6,0.011752027,1943.8630414629606
86.7,0.00788162,1333.2482210619298
86.8,0.0015508896,2334.0308816161214
86.9,0.0010978124,2306.1405628952443
87.0,0.0004900462,3306.4817754609508
87.1,0.00041339148,3326.1058537261874
87.2,0.00041747966,3398.642614005823
87.3,0.0004639797,3013.740855008918
87.4,0.0004113688,3204.018226431497
87.5,0.00035387027,3380.592412257568
87.6,0.0004118545,3202.859520453316
87.7,0.014136988,3037.771647645192
87.8,0.003817303,4788.717036637216
87.9,0.005410042,3900.2576898642246
88.0,0.010077841,896.195074361761
88.1,0.0076395823,830.739953795503
88.2,0.0054404773,1294.0713096546044
88.3,0.007664464,939.7869867710871
88.4,0.006392537,1190.5734551112355
88.5,0.00578555,4672.625488327161
88.6,0.045609303,707.2756314534329
88.7,0.01829913,890.9456483880928
88.8,0.01564291,1515.1289287187412
88.9,0.0149125485,1530.6131792216436
89.0,0.007011533,1181.4749746394757
89.1,0.00032567504,3277.1225840773986
89.2,0.00028255154,3366.297996647012
89.3,0.00030905407,3688.6622900352913
89.4,0.0002770571,3386.6875214448014
89.5,0.0002947671,3349.2641930166137
89.6,0.00032409595,3073.123978196866
89.7,0.0009295355,2728.4665332267655
89.8,0.0007367759,2927.5728228598878
89.9,0.0005681909,2846.6043102796784
90.0,0.00044342972,2773.7538993848957
90.1,0.000354471,2986.1117237692674
90.2,0.00034483612,3207.6913388322264
90.3,0.000293434,3447.0974067882016
90.4,0.00072263257,5197.79473394976
90.5,0.0039300653,5515.946876667975
90.6,0.009738741,1616.2001225201939
90.7,0.013850292,2355.325303702319
90.8,0.0072032106,1765.2439722127074
90.9,0.0064272587,1995.2949004500301
91.0,0.0008386608,2718.3819466163573
91.1,0.017283702,2179.8663707290534
91.2,0.014768853,2410.8622850351876
91.3,0.0023924743,3146.2494668217832
91.4,0.00069724576,3242.7052766231755
91.5,0.000373776,3484.3607741859614
91.6,0.00030873038,3338.951776212444
91.7,0.00036758918,3234.374111476849
91.8,0.00038538853,2969.4747149654604
91.9,0.0003054874,3192.2880430883365
92.0,0.0003137295,3157.650241798373
92.1,0.00028474274,3502.3190938250277
92.2,0.00030819082,3219.256402368671
92.3,0.00032096056,3249.512192112887
92.4,0.00049783,5801.206235804854
92.5,0.001717925,5813.530777667003
92.6,0.0020109306,5197.699733920824
92.7,0.018921321,3828.9599700794624
92.8,0.0061284034,5481.449711813162
92.9,0.0064991177,5238.547677953049
93.0,0.0031211185,4282.570992990629
93.1,0.00036650567,3060.8936377245254
93.2,0.00032193464,3445.8820933232105
93.3,0.00032129133,3115.3257084894185
93.4,0.00033667262,3188.37649850197
93.5,0.00032576377,3265.376254292086
93.6,0.00032602885,3492.6318508339764
93.7,0.0003562639,3135.6052790946164
93.8,0.005397272,2920.803937678187
93.9,0.119685456,1210.2601892157588
94.0,0.024534902,2300.308653043218
94.1,0.004021493,2213.735881399974
94.2,0.00955085,2445.8725239635605
94.3,0.003864549,2238.648768691876
94.4,0.010512814,3389.675348500542
94.5,0.010609506,3556.909827115548
94.6,0.0047577173,3140.991175628181
94.7,0.0027521397,2459.035326262391
94.8,0.0016243223,2169.8080152906637
94.9,0.0005264784,2671.048751173843
95.0,0.0003782714,2875.030054586831
95.1,0.0003695184,3196.87844218544
95.2,0.0006136781,2509.1686022890126
95.3,0.00048159028,2536.4182882240916
95.4,0.00048385706,2850.650658139955
95.5,0.00038253993,2829.196046812268
95.6,0.00035978114,3107.016459302654
95.7,0.0003519152,2980.3609487366857
95.8,0.00034268413,3318.9297503670746
95.9,0.0003083377,3261.139021417279
96.0,0.0053624343,2358.633295391596
96.1,0.00494357,4088.979193603208
96.2,0.013585074,7555.863079360122
96.3,0.011445389,5357.556245565776
96.4,0.005550028,2188.405494354507
96.5,0.0051170657,2856.078055994918
96.6,0.0024993191,2729.0746349590254
96.7,0.0007499252,2697.226681301722
96.8,0.00039699726,3154.163088808412
96.9,0.00040607268,2917.978741975402
97.0,0.00036683813,3241.408601397114
97.1,0.000352006,3499.968735103561
97.2,0.00034315404,3273.5660191912016
97.3,0.00044744217,3347.7176609651738
97.4,0.009993295,9450.902039869165
97.5,0.1112254,1923.1055194007688
97.6,0.016334586,3015.5896264996954
97.7,0.0041630752,2913.5249449848857
97.8,0.0041345633,3397.37439666598
97.9,0.013917803,7758.939662187124
98.0,0.0024285472,1914.1401323873085
98.1,0.004954844,2846.8949898289334
98.2,0.016246064,7327.951924290792
98.3,0.04136523,1381.9802629661392
98.4,0.0022639115,1578.819429657235
98.5,0.0003760726,3170.81558465977
98.6,0.0003390787,3207.167761311389
98.7,0.000354042,3318.9634252762366
98.8,0.00034198305,3514.465053797856
98.9,0.00037129488,3157.8337381243737
99.0,0.00034283055,3318.0866040804376
99.1,0.00032148667,3642.951987903612
99.2,0.00038622553,3380.4915222323957
99.3,0.00035892383,3087.022727054017
99.4,0.0003327769,3075.3672287355557
99.5,0.00032731873,3195.9728985119664
99.6,0.0003405123,3289.636742288058
99.7,0.00033389387,3242.495207298528
99.8,0.0003355372,3242.204729639201
99.9,0.00034364872,3123.823319857085
100.0,0.00033443133,3367.9236491446545
100.1,0.00032107637,3237.975953941567
100.2,0.00031905758,3403.853754824041
100.3,0.00033797114,3303.0995818001193
100.4,0.0003506091,3236.7673594584194
100.5,0.0003346906,3266.4307896412047
100.6,0.00035709632,3202.063216359921
100.7,0.00033222054,3146.912675139601
100.8,0.00034667493,3247.591871435135
100.9,0.00037564937,3190.330172911278
101.0,0.00033887202,3353.7494329522037
101.1,0.00030773814,3573.6746377338322
101.2,0.009626613,9495.402701212957
101.3,0.030208252,2114.740876095747
101.4,0.0009258456,2587.545098635441
101.5,0.00032037706,3518.259135563803
101.6,0.00032363966,3401.7267817712946
101.7,0.00033846413,3122.315021306003
101.8,0.0003577024,3184.162431741989
101.9,0.0042964816,9550.413140021723
102.0,0.025186768,2555.736291581608
102.1,0.02319114,2104.2054326164225
102.2,0.018871386,2087.5247556303616
102.3,0.020949978,2007.2247180955806
102.4,0.020762943,1815.7530325484554
102.5,0.01835059,885.203476591918
102.6,0.022956058,767.1750294926435
102.7,0.02198591,2454.5543984895276
102.8,0.0003449801,3319.5586356077465
102.9,0.00034851997,3212.2356465896487
103.0,0.00032872954,3306.896048915531
103.1,0.00030509674,3247.6608381715273
103.2,0.0003321923,3118.584365909887
103.3,0.000373094,3291.1726790472085
103.4,0.000513064,3232.9344509831844
103.5,0.00049193803,3295.479898971849
103.6,0.0004942118,3332.1499828742985
103.7,0.00053091685,3051.9219315681007
103.8,0.00038211478,3157.946525707534
103.9,0.0003626754,3196.2058077158486
104.0,0.00035409388,3256.4342913112973
104.1,0.00032064607,3499.6337342001134
104.2,0.0057626357,2993.781410320895
104.3,0.0028715935,1975.200138714919
104.4,0.033129763,1235.0240061892794
104.5,0.030644357,1377.9051602682894
104.6,0.00090533885,2833.2910396907537
104.7,0.0038888804,1843.0267638379182
104.8,0.013018949,1340.201527920201
104.9,0.022312932,1242.21636704736
105.0,0.031966303,1657.0526531193993
105.1,0.009631936,2095.982558032519
105.2,0.0005217114,2825.54447886887
105.3,0.005874743,2185.074411491914
105.4,0.027708633,1781.705275071683
105.5,0.03401911,1041.7736592578924
105.6,0.0058469726,5783.027305479699
105.7,0.0010696782,2893.6575323528014
105.8,0.034769706,1664.4581374168556
105.9,0.05176834,1659.7018721038964
106.0,0.009169558,1499.6499124478426
106.1,0.0032296786,3682.5491178923426
106.2,0.040713802,1449.9114238756183
106.3,0.0006420694,3853.795373726034
106.4,0.02131453,1862.3205934839025
106.5,0.032581538,1711.091162301852
106.6,0.016923938,1531.3164939149078
106.7,0.009887447,2153.860206913759
106.8,0.005723296,1375.0924190816368
106.9,0.0339118,1642.3921558368231
107.0,0.010508917,3091.571470502275
107.1,0.00092845707,3057.6347307451574
107.2,0.0010641152,3503.7683503693156
107.3,0.0006136206,3361.111352747927
107.4,0.00037855248,3121.740413367045
107.5,0.0003460378,3369.2092967512035
107.6,0.00029522975,3341.8592026154643
107.7,0.00024477748,3527.575941977255
107.8,0.00027633287,3297.1949731847203
107.9,0.000305398,3201.6980933100263
108.0,0.0007815781,3609.3406184430696
108.1,0.004380294,6176.858708914965
108.2,0.018746091,1388.9674007908407
108.3,0.021785554,1954.0867667471866
108.4,0.00033846893,3062.608626497473
108.5,0.009194981,3871.0978798902815
108.6,0.039027642,1839.9255461986743
108.7,0.026185831,1937.5210123258898
108.8,0.022688916,2120.172982315632
108.9,0.001633331,4080.700327067818
109.0,0.0057953945,6224.408916676436
109.1,0.040527657,2468.9530531272944
109.2,0.033996157,1562.1108943719407
109.3,0.036598668,2004.2020936256604
109.4,0.002259545,3105.0237496287336
109.5,0.05158389,891.1393274801189
109.6,0.061977554,1707.7298560504082
109.7,0.0074958373,4122.774140753838
109.8,0.077743314,1483.1977600479731
109.9,0.04377694,2233.7958122355576
110.0,0.03311925,2001.925044060251
110.1,0.043113746,1408.5210628753366
110.2,0.013309949,1753.0953645273232
110.3,0.020876575,1441.5623477156023
110.4,0.024007129,1363.6674342173494
110.5,0.0314269,1071.8231778262677
110.6,0.033768862,1158.7286948830742
110.7,0.042555235,1291.3261399934731
110.8,0.00079289946,2628.5072056242334
110.9,0.00554632,3870.4772997417417
111.0,0.035347883,1322.798147651183
111.1,0.025535425,800.0359918201336
111.2,0.014949092,1010.8629406576806
111.3,0.00038769707,3008.8298846342664
111.4,0.0125604,3741.036158253755
111.5,0.020533117,2190.2873371581377
111.6,0.009914421,2463.6924160494013
111.7,0.0010410865,2707.5057964173225
111.8,0.00032304894,3333.8533023497384
111.9,0.0003120379,3434.062171652294
112.0,0.000368608,3156.6076406883303
112.1,0.0003783437,3243.9791211697684
112.2,0.00037233456,3102.330853610062
112.3,0.0003699793,3173.293334978851
112.4,0.00032963476,3379.121609731739
112.5,0.00033571396,3362.301972384438
112.6,0.00035954965,3215.0781510624274
112.7,0.00032754947,3539.219350538942
112.8,0.00029896887,3528.8799552809173
112.9,0.0003239261,3238.626073739686
113.0,0.00033918032,3238.5432894317423
113.1,0.00045195027,3028.020171109206
113.2,0.00054422277,2954.2540392447295
113.3,0.024314681,2344.0846372477026
113.4,0.0011141853,3144.784398105474
113.5,0.009500869,7769.2172425877725
113.6,0.028165624,2364.503589174857
113.7,0.006160087,3097.2980115103455
113.8,0.031633954,2469.911667494177
113.9,0.012142632,1721.0115608435685
114.0,0.020489343,1715.6392910143768
114.1,0.024545215,807.4410288626252
114.2,0.03698184,1778.841079666398
114.3,0.026059857,1267.4663392040488
114.4,0.01104513,3919.753897619971
114.5,0.023666866,1766.1664126154337
114.6,0.003465233,2301.070676726675
114.7,0.0011664714,3138.537593605714
114.8,0.00079137855,3056.0165787386304
114.9,0.00037480023,3268.5412623036964
115.0,0.0003051044,3462.0264354886162
115.1,0.007487788,7486.371531072264
115.2,0.040452246,913.7656684457751
115.3,0.04386183,953.2905639685142
115.4,0.025449565,1538.5395653665264
115.5,0.019491592,3148.9182498593136
115.6,0.058237553,690.400030291609
115.7,0.04464756,1022.9397661675581
115.8,0.025666395,2298.4305751948523
115.9,0.05465988,536.2762287467393
116.0,0.01631497,3036.139026447885
116.1,0.030198868,624.6234731661859
116.2,0.027702598,1103.912339069397
116.3,0.00830682,6785.884067655345
116.4,0.02398511,1679.2760876324055
116.5,0.0038443971,3678.6540965645345
116.6,0.033082355,869.4156658811764
116.7,0.016715238,1234.0795281004348
116.8,0.00039076948,3481.4740646267874
116.9,0.04653193,1854.4061982126893
117.0,0.008349302,2952.6309842276014
117.1,0.0016982153,3553.9387465624336
117.2,0.0010664468,3403.715572569182
117.3,0.000602836,2494.4287838731643
117.4,0.0003107688,3569.1982957520668
117.5,0.0012801356,3062.9517990971844
117.6,0.025573757,895.8161928354046
117.7,0.030408282,1259.0070447726853
117.8,0.029472785,1495.3207985391673
117.9,0.0329622,1563.5185831045335
118.0,0.001982169,2613.554212865034
118.1,0.057434432,1701.5024403586692
118.2,0.05505274,1703.2113269057452
118.3,0.05068029,2003.6212421345538
118.4,0.0018663729,2297.0059631476015
118.5,0.00039448412,3323.987920563607
118.6,0.04713807,2089.6384315263526
118.7,0.03195893,1581.771577193469
118.8,0.00640119,2202.780655012619
118.9,0.033490498,653.0926883026359
119.0,0.01780357,4894.010503191306
119.1,0.017990863,2347.028464789494
119.2,0.023725664,947.6605541179248
119.3,0.0066148336,5282.8641896544395
119.4,0.036267832,1688.7978611015878
119.5,0.035681985,1606.9468236191565
119.6,0.019686468,1168.8800776084786
119.7,0.0050990325,3628.2431900219663
119.8,0.0075329766,1694.0893724653954
119.9,0.023586815,1323.8235264897764
120.0,0.030436594,1089.839851592299
120.1,0.017077407,5829.833892149147
120.2,0.013205088,7005.938409999337
120.3,0.026384639,1939.9551234454732
120.4,0.019642606,2170.754589902771
120.5,0.00044303187,3087.3865201589633
120.6,0.000940624,3421.299402528971
120.7,0.00095076644,3461.257375681526
120.8,0.0007163348,3263.1158203298673
120.9,0.00050761155,3364.820800681745
121.0,0.00034363873,3089.807264917975
121.1,0.00034291446,3100.250885638168
121.2,0.00031193777,3300.252000151092
121.3,0.0003047258,3297.3448890671602
121.4,0.00029811217,3305.4006518917267
121.5,0.0002727591,3368.8197131074917
121.6,0.00029859418,3535.7332701903465
121.7,0.00030909094,3257.3791654074807
121.8,0.00029576616,3674.990663241416
121.9,0.03072529,2353.8301745923036
122.0,0.0071980353,3671.810816799423
122.1,0.00673497,3024.334975872567
122.2,0.013054312,3031.6860611229376
122.3,0.0003988989,3295.204334018276
122.4,0.0004801373,2942.7159602230213
122.5,0.0005019318,2857.715755870514
122.6,0.0005110483,2877.2541202736084
122.7,0.00033184164,3367.9655830630127
122.8,0.00029039854,3514.161195056846
122.9,0.027375907,1702.0478782751584
123.0,0.025719177,3115.695644562114
123.1,0.005635329,7802.823295621335
123.2,0.011438607,5869.294302137891
123.3,0.018161757,1791.5355340160465
123.4,0.014059866,1969.487714841528
123.5,0.02326755,1428.9603884750506
123.6,0.022229956,735.9597121584596
123.7,0.021914247,1799.2794253103816
123.8,0.024340572,723.6588984633091
123.9,0.022302764,1603.4456698115957
124.0,0.0031352274,3192.807911631835
124.1,0.020664163,773.113488514789
124.2,0.020169603,2176.0168117564162
124.3,0.027062224,1507.1247623186396
124.4,0.017104406,1845.8549953533743
124.5,0.01893191,1139.6220909047356
124.6,0.03553849,999.2393914095019
124.7,0.01245147,1149.8166468762465
124.8,0.0169711,1337.5187360202015
124.9,0.02216721,662.6472131065284
125.0,0.023108896,2287.7886117223698
125.1,0.02307166,1399.3058541663438
125.2,0.03403178,1611.2873142705507
125.3,0.027162658,2250.8374455133617
125.4,0.00071178074,3367.8870321574677
125.5,0.019005023,3408.4919687985657
125.6,0.0067978487,7387.647754363886
125.7,0.03015798,1791.086797400356
125.8,0.0175566,2826.845224181944
125.9,0.008918141,6805.780548543111
126.0,0.00035873687,3587.6015554437995
126.1,0.031470273,2134.027085026712
126.2,0.013084168,3124.398755046132
126.3,0.00036011412,3452.5209998719793
126.4,0.0009282285,3388.5544614937007
126.5,0.001063884,3532.3164121343425
126.6,0.00067398336,2892.0568237196303
126.7,0.0004473299,2854.523317619953
126.8,0.0004170186,3356.8586906780465
126.9,0.00042659114,2919.4672878076162
127.0,0.00036752896,2913.296261626025
127.1,0.00030678159,3460.956977690103
127.2,0.0012714918,3044.5880651831126
127.3,0.05044355,786.6422582437141
127.4,0.042669848,1937.7712840262027
127.5,0.005829924,3487.0946637663674
127.6,0.006783862,2398.9784887984147
127.7,0.012670856,2599.085057402972
127.8,0.00034577586,3795.599513943046
127.9,0.0057091354,3383.2416595464492
128.0,0.027562248,1973.6078903089106
128.1,0.021386186,1926.9465657725978
128.2,0.020569516,1958.1691771951002
128.3,0.004769341,8174.425623699863
128.4,0.0065338984,9540.072024762518
128.5,0.0066527594,9861.500404409999
128.6,0.033047006,1839.5985840624749
128.7,0.04041737,1845.7216264015012
128.8,0.022171848,2374.430274430671
128.9,0.026423622,854.0091649554741
129.0,0.037003495,1619.5275748659983
129.1,0.018731628,2201.0482331508774
129.2,0.020769253,1620.7659694156418
129.3,0.02313936,1590.033129349969
129.4,0.029747631,1216.9288286819724
129.5,0.038281776,1393.3833968735726
129.6,0.011208428,5812.45183722975
129.7,0.0018447214,4911.140822017753
129.8,0.016181288,2199.199588263054
129.9,0.008953266,2287.3861035899868
130.0,0.0115953935,2189.653478133273
130.1,0.008406942,2399.5462248733675
130.2,0.00045870116,3195.8815823079476
130.3,0.00041324194,3166.546513924339
130.4,0.00038448875,3239.2840190493057
130.5,0.00043040697,3388.7568122850626
130.6,0.00038708714,3680.156307367469
130.7,0.0003843966,3437.394397045591
130.8,0.00041898337,3002.945112188644
130.9,0.00040994753,3317.269959501862
131.0,0.0004248378,3234.549748140575
131.1,0.0004127116,3372.3583726530414
131.2,0.00044057687,3188.1507649859414
131.3,0.00039849742,3544.0729359048837
131.4,0.00039398493,3269.627932909956
131.5,0.0003793224,3254.534002715657
131.6,0.00035597367,3328.960724443858
131.7,0.00036509597,3453.4581859706236
131.8,0.0003491194,3495.048016492391
131.9,0.000389674,3267.6606530336276
132.0,0.0003730209,3414.7307182196596
132.1,0.00051345286,2873.7923735126246
132.2,0.03217297,2082.734494576574
132.3,0.017799016,2010.2845967186422
132.4,0.0050667427,8550.216570442082
132.5,0.026980152,1559.663364131526
132.6,0.021352142,1498.9889423457735
132.7,0.025017453,1367.384263577072
132.8,0.032956377,1742.064218144864
132.9,0.027449127,2049.0723847616778
133.0,0.007102843,8692.991223759844
133.1,0.019508012,3804.8338538249227
133.2,0.026906926,1923.382145149544
133.3,0.0077530444,8634.359390411077
133.4,0.0021555687,7133.716969792967
133.5,0.022548895,1885.9859927635553
133.6,0.0178632,1319.1998918890977
133.7,0.00095629937,2787.3470275109376
133.8,0.027589243,1481.5994170498443
133.9,0.029857198,1694.2201091754305
134.0,0.021469874,2217.31072702395
134.1,0.023088016,1876.5013066522927
134.2,0.005979186,6594.207998811297
134.3,0.010477323,6433.630223258884
134.4,0.018093886,2525.4720880786167
134.5,0.0018535109,3609.946737173047
134.6,0.00037619984,3338.1783317352565
134.7,0.00035330886,3456.5463371011124
134.8,0.0003401682,3170.0443191624
134.9,0.00030239686,3394.2669359329248
135.0,0.00029404895,3321.645940067505
135.1,0.00030514612,3568.6088839940453
135.2,0.00033547782,3210.0200857391287
135.3,0.00034417483,3266.958791382133
135.4,0.0003990371,3112.821700081705
135.5,0.003062987,2015.4172666646941
135.6,0.0037329025,3164.9658460002897
135.7,0.02852085,1559.9615130044444
135.8,0.02678987,807.3666394880272
135.9,0.025938844,1534.3315356517205
136.0,0.015721567,4259.431931825982
136.1,0.021469831,1205.880002790142
136.2,0.0042728116,3396.938052555546
136.3,0.019525534,1025.133643456158
136.4,0.017469896,1105.0332223610817
136.5,0.020267906,928.6009003133514
136.6,0.026882736,1464.2996939431348
136.7,0.0143422,1740.850946925911
136.8,0.0036966938,3431.4196224247926
136.9,0.02658161,737.0812622520832
137.0,0.025465388,1998.7913906238537
137.1,0.0027495527,2572.465468639713
137.2,0.014830835,2328.669630955287
137.3,0.010120631,2773.155356947869
137.4,0.0039295717,3066.4348421204163
137.5,0.00032210804,3295.0212471009445
137.6,0.0002901157,3572.403422914386
137.7,0.00032252626,3311.16556279445
137.8,0.0003051791,3463.7778002367077
137.9,0.0003295451,3625.8667896892775
138.0,0.0003470673,3135.1407084558505
138.1,0.00034767474,3341.2130068240367
138.2,0.00033134274,3409.576715420665
138.3,0.00032291835,3334.2551449033995
138.4,0.00032777627,3464.490950592681
138.5,0.00035407476,3444.016269808017
138.6,0.00034054252,3525.2587658034417
138.7,0.025061378,2392.173286806943
138.8,0.0013793897,3101.0669318005594
138.9,0.0004371759,3002.7906800730952
139.0,0.00047620063,3139.9813099498124
139.1,0.00037623983,3313.7081568471117
139.2,0.00036229432,3195.478532513358
139.3,0.00035997693,3235.0463730914594
139.4,0.00036400036,3071.0476634802
139.5,0.0003389396,3309.8618052609354
139.6,0.00032050355,3360.593015089833
139.7,0.00034718408,3327.7523435167914
139.8,0.00034695776,3648.927484063089
139.9,0.00034993686,3419.0393443077987
140.0,0.00032336032,3459.4064605847398
140.1,0.00035124057,3361.592073438353
140.2,0.0023755967,5443.36228456855
140.3,0.042277586,2035.891120333713
140.4,0.032360174,1809.6960464415185
140.5,0.02830293,1585.3009440368926
140.6,0.024835397,825.7770612829398
140.7,0.02475291,1164.879814398576
140.8,0.0075813816,7796.183657750087
140.9,0.0137516735,3087.9244898230586
141.0,0.020329755,1115.4659937419651
141.1,0.024786737,2507.065422477444
141.2,0.0030266084,2773.369607946648
141.3,0.0004962767,2805.631419171983
141.4,0.00040140247,3013.156113740202
141.5,0.00036261426,3276.4041517162077
141.6,0.00035475814,3256.6458899080462
141.7,0.0003646672,3292.7641328181485
141.8,0.00037081807,3544.259942851053
141.9,0.00036818298,3292.211380152692
142.0,0.00033405155,3379.2478501170863
142.1,0.00039595028,3074.03219374585
142.2,0.0005474696,3268.5397802495763
142.3,0.05636103,1854.2129564993606
142.4,0.00060949184,3127.2898324783755
142.5,0.061286263,1553.4209861441595
142.6,0.033804838,1897.9378610756883
142.7,0.028579913,2470.267774858983
142.8,0.0116524445,2707.18658479025
142.9,0.010646879,2657.7737797199725
143.0,0.00051886484,5067.4417036812465
143.1,0.05796743,1511.1173973452258
143.2,0.03981741,1726.6200751887682
143.3,0.039111402,2324.313718671328
143.4,0.00055079,3529.834226968044
143.5,0.049680896,1985.3483442998713
143.6,0.048174635,1143.5770655075369
143.7,0.025265882,2263.7503707362685
143.8,0.018433943,2264.4182739474454
143.9,0.010156075,1916.8847880597561
144.0,0.025366643,2281.5311607961
144.1,0.016335318,6938.860187884602
144.2,0.017435389,2489.000599291341
144.3,0.01527858,3270.5513218407364
144.4,0.0005087029,3418.4415263544306
144.5,0.0004565724,3087.0010401656127
144.6,0.00041371744,3372.289111036285
144.7,0.00039164757,3154.380560331044
144.8,0.00036639575,3464.4464816456925
144.9,0.0003992436,3392.80363178382
145.0,0.008090397,1241.7222715885127
145.1,0.003534228,1939.6093222552524
145.2,0.0017768124,3807.939561986222
145.3,0.0010661945,2194.8005910204547
145.4,0.00071450893,2895.750440393453
145.5,0.009954239,1119.244747451434
145.6,0.010038241,2940.6474408528347
145.7,0.0014006562,3508.9370567090677
145.8,0.00065976393,3228.706768253087
145.9,0.00071109115,3018.372280461145
146.0,0.00048687705,3070.755678813315
146.1,0.0025597624,1954.4389900929918
146.2,0.010335189,1922.1324322954692
146.3,0.0029225252,3493.686193510832
146.4,0.0008241587,2810.376936261232
146.5,0.0008567175,3538.0575710346375
146.6,0.0009635529,2830.865704839701
146.7,0.0006486843,4665.633878303372
146.8,0.0016070914,5316.519445694705
146.9,0.0013703698,5039.485028392371
147.0,0.0026521294,5830.498582827064
147.1,0.003457554,6692.174353782215
147.2,0.0031098705,5917.512134024817
147.3,0.0014913657,5945.042080423536
147.4,0.0015291199,6241.057764963184
147.5,0.0016594535,5273.865734915784
147.6,0.0017639805,5171.320703970063
147.7,0.0014938819,6234.05388812222
147.8,0.00162718,6308.172497230009
147.9,0.002780513,4522.223279337817
148.0,0.0033607918,5723.838147707754
148.1,0.0019498288,5666.881495864522
148.2,0.002670348,4825.375507276766
148.3,0.0022616757,3950.8397256164394
148.4,0.0030771948,5024.397600237931
148.5,0.0027327703,5022.612772267773
148.6,0.0014504254,3459.382983765494
148.7,0.0011161999,3674.5898425924315
148.8,0.0009203119,3154.365112309387
148.9,0.0030547127,1035.9760850306593
149.0,0.0013663176,1986.0215371334766
149.1,0.002303899,1824.1257359209894
149.2,0.0004392531,2643.0433681765985
149.3,0.0012909628,1841.9825695716781
149.4,0.00294861,1904.9213466817487
149.5,0.001023276,4835.2822430699725
149.6,0.0022464688,3318.0405472015404
149.7,0.0013814794,1737.6062506986073
149.8,0.0011463498,1724.8082729884964
149.9,0.00097070506,2465.20440864439
150.0,0.00034341082,3748.7846527100473
150.1,0.00030076064,3102.754857714811
150.2,0.00029692575,3291.5983907871105
150.3,0.00035031085,3144.72016505932
150.4,0.00030245274,3360.302732998842
150.5,0.0003034984,3125.7007104032473
150.6,0.00029990362,3169.0288674359904
150.7,0.00031125263,3072.288267359187
150.8,0.0003506588,2924.937037738301
150.9,0.00029741315,3226.034351342839
151.0,0.00028811503,3061.9133541135698
151.1,0.0002884215,3153.2192979965853
151.2,0.00029119058,3376.7699028837574
151.3,0.0003147547,2998.682615842608
151.4,0.0003193793,2932.678706327789
151.5,0.00034185973,3560.1738711960543
151.6,0.0063875047,2228.5200412302233
151.7,0.00609813,2726.8629851286287
151.8,0.0030402225,3616.093349293959
151.9,0.0020883624,3773.8087430113583
152.0,0.0013222083,3784.306911257829
152.1,0.0009878807,4581.172026238267
152.2,0.0015084669,4158.811257923161
152.3,0.0012264057,4262.195283396925
152.4,0.0012468551,4093.038559917654
152.5,0.0013937477,4381.893431965138
152.6,0.0018753452,3728.2363837591074
152.7,0.0023893034,4220.936488503868
152.8,0.0029199347,4217.043357182505
152.9,0.0024233428,4895.409941194235
153.0,0.0019713219,4745.970467785258
153.1,0.0015663471,4436.558860314668
153.2,0.0012647753,4673.113839041276
153.3,0.0009849505,4138.529011209563
153.4,0.0007871821,4080.8550567909933
153.5,0.0013594221,3581.206645739684
153.6,0.0010385293,3656.9397064565446
153.7,0.0007377225,3649.500217918007
153.8,0.00049921026,3781.2397579194508
153.9,0.0005236298,3414.709654974634
154.0,0.00039967007,3428.581297572746
154.1,0.00047884413,3250.998756857879
154.2,0.00037182457,3121.4678677034217
154.3,0.00039445033,3218.9334212200497
154.4,0.00034114838,2981.8830251064946
154.5,0.0003803377,2949.588265103756
154.6,0.00036500845,2845.831866675362
154.7,0.00035032537,3293.2399467966047
154.8,0.0003494782,3191.6935003287517
154.9,0.0003045191,3522.9375699950383
155.0,0.00037309228,3172.805343384805
155.1,0.05382001,807.3001254463793
155.2,0.043380328,2075.696628478247
155.3,0.04000956,1711.4150404498002
155.4,0.004412219,3617.8101136497226
155.5,0.016035391,1899.8759218574965
155.6,0.0076338514,6646.77401067989
155.7,0.04029193,1585.906415395937
155.8,0.0339858,1882.2455619967154
155.9,0.034432765,1490.6202356322651
156.0,0.031952903,1153.7378130632198
156.1,0.018085325,1235.2516553073401
156.2,0.018240865,1088.1169125644817
156.3,0.00069445855,2887.8532382320964
156.4,0.00032933117,3534.441289346254
156.5,0.0003430026,3225.487215558702
156.6,0.00034507742,3292.5944944451267
156.7,0.000397923,2985.942541452686
156.8,0.00037161759,3258.832078268916
156.9,0.0003510366,3475.6315401478914
157.0,0.00034380672,3361.0768463086624
157.1,0.00038002722,2954.0707008797363
157.2,0.00034626914,3363.253866868998
157.3,0.00034873362,3253.8288472333106
157.4,0.00036542298,3235.1943821490113
157.5,0.00034843886,3203.9857291678704
157.6,0.0003527052,3101.4930062582175
157.7,0.00034127483,3213.386680929223
157.8,0.00032710584,3136.3862651731547
157.9,0.00035697364,3274.5807224437985
158.0,0.00034361277,3204.4340055037364
158.1,0.00033507726,3320.5553394011727
158.2,0.00032333212,3323.101041332917
158.3,0.00032941502,3379.0812045183825
158.4,0.00034427157,3244.8646545251786
158.5,0.00031578224,3109.760451272424
158.6,0.0003668996,3108.7591165942495
158.7,0.00035072764,3394.71135443811
158.8,0.00034066953,3424.735455103098
158.9,0.00033894173,3492.9231877277994
159.0,0.00034208715,3281.0234903849264
159.1,0.005274993,3196.1527896199286
159.2,0.03256497,2120.6385176702584
159.3,0.038684383,1844.5887768013674
159.4,0.012380132,7001.0249902386995
159.5,0.04762111,1307.1035783440987
159.6,0.033451732,1118.5041738294224
159.7,0.04600751,1086.48916295118
159.8,0.011190541,1847.3137021014486
159.9,0.050279737,1200.8837281558938
160.0,0.028796177,2034.8036954765103
160.1,0.0034160127,5609.121620013286
160.2,0.03268364,1486.0996997087213
160.3,0.0048706746,8339.897891102566
160.4,0.017895073,1573.2583967519408
160.5,0.0045843557,7737.284350799238
160.6,0.0051794774,1975.5304750105965
160.7,0.035582907,1710.2536905831385
160.8,0.03006136,2201.239333114191
160.9,0.0010468982,3101.5709649671626
161.0,0.0011526649,3093.1416680934294
161.1,0.0009340681,2754.0148811344643
161.2,0.0004525688,2750.0693822640646
161.3,0.0003573244,3292.8995589185715
161.4,0.03470747,1292.6162216891266
161.5,0.017062357,7490.59349001875
161.6,0.050267164,1731.968621809465
161.7,0.055037178,991.8879863172153
161.8,0.05598701,1379.3576869490514
161.9,0.022860037,1565.2357833216415
162.0,0.0013673407,3865.7889628803982
162.1,0.050842408,1577.003973858801
162.2,0.04124202,1439.3005896851785
162.3,0.049445808,1108.24270025852
162.4,0.0093552675,2868.121157112857
162.5,0.00040379373,3355.7114473547917
162.6,0.03920883,1997.3672977617127
162.7,0.048942156,1541.591116005705
162.8,0.039245963,1764.9243847792116
162.9,0.026959337,2070.383086683906
163.0,0.008520464,1661.4466271523636
163.1,0.0038251881,3740.929668389666
163.2,0.015919471,1404.8418059117648
163.3,0.007855133,2555.3277852836363
163.4,0.0037824844,3363.769444005303
163.5,0.02726008,1886.229940854929
163.6,0.009576247,8118.836612611622
163.7,0.061571635,1993.6505679576944
163.8,0.054042563,1085.2499120675411
163.9,0.0146120135,1453.1791452805824
164.0,0.02072546,3437.632237875621
164.1,0.049667116,1820.605864311221
164.2,0.015902817,8767.486318218836
164.3,0.024471084,1546.679882201558
164.4,0.012367107,2226.5250763551235
164.5,0.0121186655,8276.65614105777
164.6,0.00676617,4352.525864966626
164.7,0.031747818,1680.3400270667069
164.8,0.0003030652,3563.0390265214974
164.9,0.035509184,1738.560160806052
165.0,0.032633226,1438.5632723987214
165.1,0.0142013915,7618.70122191509
165.2,0.014728165,4407.856404980578
165.3,0.025814008,2161.8742673340007
165.4,0.0030878307,3263.1932317707815
165.5,0.00047929861,2908.7287957550448
165.6,0.0014578354,3387.854923873847
165.7,0.0010720323,3228.1508885265143
165.8,0.000607519,2757.5312168757455
165.9,0.00042836016,3008.083669321507
166.0,0.00032234573,3147.754883907607
166.1,0.00032742997,3127.044176469602
166.2,0.00032815235,3027.3452917132445
166.3,0.00031251577,3394.286440123996
166.4,0.00029827093,3111.0611638856763
166.5,0.0002948611,3286.0834640877624
166.6,0.0003108512,3264.691692491402
166.7,0.0003104848,3306.6532918969874
166.8,0.09052468,621.2160020936478
166.9,0.028157212,2083.012406876793
167.0,0.058597784,1448.092573118737
167.1,0.07123066,1533.0547267888046
167.2,0.060005367,732.5775655270105
167.3,0.043978345,1256.0039663499783
167.4,0.025146645,1541.383325098054
167.5,0.0005812519,2750.9014118463692
167.6,0.00081635476,2326.272369646283
167.7,0.0005181332,2651.82384085405
167.8,0.00026395192,3340.800911235301
167.9,0.011989955,3207.299727072437
168.0,0.08526781,1945.1547725643989
168.1,0.016287763,3151.80379806528
168.2,0.065591775,1596.2229619431328
168.3,0.0015200457,2755.13781551823
168.4,0.01354514,4082.853041728274
168.5,0.033774074,1404.155644888534
168.6,0.03820698,1602.0506214959905
168.7,0.042320695,1576.9662928937055
168.8,0.033314582,1642.7599332135276
168.9,0.052164312,1657.7716737422604
169.0,0.0582879,797.1495649280091
169.1,0.04357047,1579.989250952954
169.2,0.005425078,3422.227733973786
169.3,0.031037236,1558.3715548550854
169.4,0.02129604,2855.0562106222883
169.5,0.00550734,2873.181823279163
169.6,0.00055742275,2619.627123952119
169.7,0.0005759702,2720.7025138678605
169.8,0.00058712275,2684.4319610689254
169.9,0.0007738284,2463.79467078232
170.0,0.00044605654,2875.6571762144927
170.1,0.00040105172,3167.7314611386137
170.2,0.007597517,3572.998009485472
170.3,0.053340156,1741.045339619382
170.4,0.060496435,1564.5194181573595
170.5,0.062268708,1559.4151643551206
170.6,0.0659627,712.7091932557582
170.7,0.04434282,1706.052373627952
170.8,0.01624522,7722.133770321546
170.9,0.027336163,2038.6110016645125
171.0,0.047068607,1788.6330794737846
171.1,0.04808845,2070.8543611330133
171.2,0.0114753805,3546.343629655893
171.3,0.04455081,780.966782824267
171.4,0.0439209,1922.1182320368255
171.5,0.04524214,1774.517757077022
171.6,0.022263076,1424.4601756706556
171.7,0.04280144,2128.5951964471788
171.8,0.05012717,1306.466551058523
171.9,0.042548865,1622.6206770441513
172.0,0.00034666032,3231.081026273301
172.1,0.012792076,3518.383876242822
172.2,0.010586947,3075.413798887901
172.3,0.0005199383,2946.786031376844
172.4,0.00033681985,3247.658222897259
172.5,0.00030850366,3264.7598510086773
172.6,0.0003192766,3097.1617041712657
172.7,0.0002945931,3328.6053251171693
172.8,0.00031915793,3389.077853041673
172.9,0.0003295018,3265.943898295797
173.0,0.00032770986,3407.0081507914215
173.1,0.00030937462,3407.2815868093
173.2,0.0003681072,2987.284226383231
173.3,0.0003392305,3072.0438195736906
173.4,0.0003592504,3167.0391225965227
173.5,0.00036830982,2982.0836572843778
173.6,0.00032303497,3018.2583021414735
173.7,0.0002804722,3475.331240540359
173.8,0.00029475032,3202.55465646461
173.9,0.000312894,3036.7147540747824
174.0,0.00030922279,3222.5813326408597
174.1,0.002527459,8146.91406655442
174.2,0.0365449,1693.7659268861808
174.3,0.03438672,1908.5980309246609
174.4,0.008228401,7359.4665501916115
174.5,0.03831541,2250.4277441144577
174.6,0.039298203,2114.7818627042298
174.7,0.012072686,2514.0194434816376
174.8,0.0014514348,2824.6141474458163
174.9,0.00032762132,3699.53626181272
175.0,0.00035062636,3237.747811668055
175.1,0.00033291202,3623.3178882216303
175.2,0.0003289557,3253.2383041074468
175.3,0.0002866055,3486.249130109524
175.4,0.00032324262,3625.6071892028485
175.5,0.00028950186,3542.8799394680473
175.6,0.00031603008,3647.230194566894
175.7,0.0004375307,3789.265852366826
175.8,0.004582096,8874.858674390718
175.9,0.037698016,800.7210047760077
176.0,0.031403735,1517.722692831504
176.1,0.02682469,1410.3915096548842
176.2,0.021853669,857.1068185036813
176.3,0.02210313,728.417516526385
176.4,0.03271718,1739.1712958511098
176.5,0.028105207,1485.3418634613136
176.6,0.0020891023,7721.041915318672
176.7,0.010359906,3846.5518556126435
176.8,0.013956265,2625.0073578293404
176.9,0.00034925263,3683.2790712985056
177.0,0.017840482,2154.358595336209
177.1,0.01683452,1904.3969591600876
177.2,0.015289736,2044.2043917476433
177.3,0.00035244643,3550.669288614149
177.4,0.0141101265,2538.76693430458
177.5,0.014673042,930.7771890239201
177.6,0.010635043,2124.9414197276133
177.7,0.032494526,1290.0298142447748
177.8,0.00190922,2715.2545621170593
177.9,0.00033726564,3101.69555563634
178.0,0.0002736034,3345.3312173331633
178.1,0.0002874944,3765.965883510597
178.2,0.00029624105,3424.850291349411
178.3,0.0003304304,3354.1854106421133
178.4,0.0003208534,3325.0522175684987
178.5,0.00033430496,3363.2920673654226
178.6,0.00033628687,3354.89394813887
178.7,0.00031111867,3232.4418549555608
178.8,0.00028664203,3517.043954149876
178.9,0.00031210508,3530.32804975623
179.0,0.00029885117,3391.661109460814
179.1,0.00031779625,3215.8540043120965
179.2,0.0003449047,3324.1703404796062
179.3,0.00031577412,3562.679380656982
179.4,0.0003225948,3205.5000828686884
179.5,0.00032871682,3419.007562030993
179.6,0.0003141341,3371.2129080421655
179.7,0.0002948301,3490.8667074620435
179.8,0.00040097567,4456.784581537186
179.9,0.0069626695,10129.439510800941
180.0,0.029666416,2537.3234400654637
180.1,0.015092965,2197.24368393009
180.2,0.009359788,7541.637257484158
180.3,0.00042611468,5055.2280456554745
180.4,0.021403594,2411.960236039092
180.5,0.013076459,2274.169070722724
180.6,0.015558524,2461.970926851945
180.7,0.020245789,2363.0685788921887
180.8,0.0056457557,3249.3055012833793
180.9,0.0016915255,2590.425972411731
181.0,0.00032953988,3298.9031055411333
181.1,0.00028644496,3581.601480459234
181.2,0.00028390225,3487.673424603148
181.3,0.0002885639,3135.5664101572256
181.4,0.00028562994,3763.094399220956
181.5,0.00028919932,3314.568456172605
181.6,0.000330612,3190.5411299220714
181.7,0.0003218837,3605.145722809646
181.8,0.00028825042,3542.064161391962
181.9,0.00028072187,3964.3282260066485
182.0,0.0007284809,3589.7067010224614
182.1,0.001018231,3098.642417188655
182.2,0.0008521208,3753.506726438177
182.3,0.0049000457,1718.3517397653777
182.4,0.008494956,1251.3059029590754
182.5,0.009008717,1555.9354239604618
182.6,0.00486312,2092.997945323196
182.7,0.009889385,1507.7882558845922
182.8,0.014427861,1638.9064626402528
182.9,0.0038035028,4055.851208192289
183.0,0.018161448,777.663084586102
183.1,0.0033004014,2347.977477412213
183.2,0.02027416,1059.1674975711958
183.3,0.009158953,1565.4696563166622
183.4,0.024337674,728.5956857558187
183.5,0.017779322,1323.3665543188442
183.6,0.01637798,1240.375888458683
183.7,0.04560015,805.3036186067424
183.8,0.02844183,840.1846707770933
183.9,0.01652473,1257.0548679328135
184.0,0.042217456,396.4335208344021
184.1,0.01695202,1041.6055805116887
184.2,0.029522073,643.1738382640276
184.3,0.049124245,530.4843475183666
184.4,0.021439616,476.68181926622367
184.5,0.01916877,698.680837417307
184.6,0.030861272,480.9893109610796
184.7,0.059430975,265.41410175764383
184.8,0.055976577,157.58924271184213
184.9,0.012794349,411.47936202242624
185.0,0.008986005,755.3189432129668
185.1,0.02295386,186.61176991394444
185.2,0.007274651,380.0706397107647
185.3,0.00372785,619.2213198273316
185.4,0.004548619,527.1725884569036
185.5,0.0035040525,681.5055292523909
185.6,0.0038724155,748.2277796209986
185.7,0.008612165,531.6436753351699
185.8,0.0069554383,545.9999051909065
185.9,0.011934572,468.9413303389614
186.0,0.013579575,500.4919923331583
186.1,0.013499261,306.26470677608864
186.2,0.0026715011,672.8001915562928
186.3,0.013994418,484.9914574977209
186.4,0.018902851,340.255632671881
186.5,0.029096602,306.50955969189647
186.6,0.026296424,410.20563367880453
186.7,0.037034404,400.892927429361
186.8,0.024054369,281.3338343384854
186.9,0.013006504,648.225387907213
187.0,0.015975466,532.7605595690212
187.1,0.009685092,395.83967033847273
187.2,0.024874263,385.6579808335302
187.3,0.02818893,349.49609510709087
187.4,0.02429562,363.9411459843699
187.5,0.020110466,401.848910527703
187.6,0.0076234685,502.0254635994295
187.7,0.0055313767,480.32701351587144
187.8,0.0050648935,418.0648167498345
187.9,0.0051949522,403.0182434466893
188.0,0.0057653775,409.6626868187692
188.1,0.01406617,202.04795967076427
188.2,0.014134019,226.0512512882185
188.3,0.007074699,361.48400670005714
188.4,0.03970674,426.68649312461457
188.5,0.025693022,450.4705930917194
188.6,0.004001846,1083.2192538783606
188.7,0.0040518534,1646.27919754856
188.8,0.0075962176,1018.3775471410248
188.9,0.014285442,528.7764108260303
189.0,0.0070244316,938.9846012929296
189.1,0.007592961,441.5824694869322
189.2,0.006316169,344.44123374335487
189.3,0.0053437524,382.47190987941525
189.4,0.005079344,530.5154723815697
189.5,0.010551016,288.572354810142
189.6,0.007607237,356.10937217981785
189.7,0.0065472065,397.9710453553732
189.8,0.002270537,1163.7535398331652
189.9,0.0058835843,598.3560347188354
190.0,0.0052506384,592.0478358844409
190.1,0.0065344484,384.74113390298356
190.2,0.006460929,363.42929311455214
190.3,0.008946944,487.75846619799586
190.4,0.003882626,512.9206971737198
190.5,0.005406856,493.96254122486613
190.6,0.00424299,616.5689846822065
190.7,0.0070325104,486.7093643182569
190.8,0.0029504066,813.0490300028439
190.9,0.0023313249,923.8358094435368
191.0,0.0032318868,658.6444118141297
191.1,0.0066706026,719.7968190914603
191.2,0.0043608416,480.4252573241805
191.3,0.005384427,638.5281488917115
191.4,0.0043218266,541.0805342972558
191.5,0.005525003,392.8497468082342
191.6,0.0145707885,188.68817486712567
191.7,0.031580504,348.80269190501446
191.8,0.031160826,294.81888931190406
191.9,0.029904628,395.5662771183646
192.0,0.006135234,1129.5478172176
192.1,0.009564668,625.4693689665535
192.2,0.018327946,504.71210850679046
192.3,0.016270114,341.9789893671615
192.4,0.024436448,376.7632780575343
192.5,0.00827558,461.2105008864906
192.6,0.003877284,428.7404298068988
192.7,0.0061121634,396.811468171287
192.8,0.01803955,529.5440019648257
192.9,0.026980499,341.80624249701833
193.0,0.005727816,334.873554736542
193.1,0.0040011513,588.6762799001322
193.2,0.017412694,426.4029560023993
193.3,0.019774342,441.987123010901
193.4,0.008396113,759.142161223936
193.5,0.0013949064,828.282755654825
193.6,0.0038963058,698.4997641021374
193.7,0.0071807234,305.33968753583446
193.8,0.0050054574,417.4599213305386
193.9,0.0047975727,631.8521281461936
194.0,0.0047789635,446.30238598476507
194.1,0.004898314,336.2270603553633
194.2,0.004395893,739.650395636615
194.3,0.04675459,438.28053162219624
194.4,0.024824021,363.79198205230125
194.5,0.022242943,536.6287187026446
194.6,0.034770384,399.7530535028212
194.7,0.031055886,365.8683219388939
194.8,0.031671774,413.3190687978251
194.9,0.008273941,258.27396617334404
195.0,0.031867016,500.2328620227414
195.1,0.03125198,429.12548794554874
195.2,0.012987156,173.6603496219166
195.3,0.005194474,775.8809394740601
195.4,0.0080485735,442.9377671054105
195.5,0.035780616,345.5052785641128
195.6,0.025369605,436.16073406540727
195.7,0.0046920003,401.845593297736
195.8,0.0043132734,1630.4962928968469
195.9,0.012798236,476.666701212897
196.0,0.026123786,424.48183392980184
196.1,0.0046995077,449.9056029888318
196.2,0.014114962,445.6098623212534
196.3,0.014556921,492.13105360090196
196.4,0.006255153,545.3220240224042
196.5,0.027207958,435.83042932512416
196.6,0.0091708815,560.9135494754548
196.7,0.0032839335,541.0500190464672
196.8,0.0062079197,386.36528576930215
196.9,0.0038055438,726.1891760294095
197.0,0.004646263,434.92175301842906
197.1,0.0028444042,573.2244551376014
197.2,0.003843145,576.6478320221236
197.3,0.0034022282,569.1376019410618
197.4,0.008366436,306.77229993931735
197.5,0.003867857,604.6139818706811
197.6,0.004775544,673.3769240284496
197.7,0.008665623,300.2143710129528
197.8,0.034897823,389.52714983580603
197.9,0.024674172,576.3004352963726
198.0,0.0018906279,719.8112491580432
198.1,0.003547741,934.7362072423239
198.2,0.0074147745,1220.2748944003504
198.3,0.0051205955,1449.3387401817392
198.4,0.018208181,503.57249365718957
198.5,0.017995182,342.01863992736236
198.6,0.013205284,397.51305520750094
198.7,0.003338217,650.2742324875835
198.8,0.0052310373,805.9236773713629
198.9,0.006419372,311.9271083695229
199.0,0.010566711,185.66348593119585
199.1,0.005013287,519.1249932185958
199.2,0.005708596,384.34049717699503
199.3,0.025959842,451.06314918684535
199.4,0.042271152,343.5237476821542
199.5,0.0031705184,1273.291299687248
199.6,0.032349907,527.2291394937264
199.7,0.012158191,399.68966528112696
199.8,0.0038188985,909.7403305866487
199.9,0.035692632,425.2974843869393
200.0,0.03360791,376.79991500231495
200.1,0.02808176,346.17945246197104
200.2,0.017190631,357.2206429291529
200.3,0.014093307,679.9919930903305
200.4,0.03685212,428.37291909058837
200.5,0.035295337,497.07348689415073
200.6,0.025337467,410.9474102403876
200.7,0.029671703,648.2884653474728
200.8,0.026589248,600.2803406090768
200.9,0.038420014,354.28514479106366
201.0,0.010158867,416.5303503503987
201.1,0.024777148,459.76243449878035
201.2,0.023741767,343.07524350983965
201.3,0.020512171,475.03762374796685
201.4,0.015305072,401.8535556281133
201.5,0.007161681,779.3007700626819
201.6,0.002235871,809.3321183353041
201.7,0.0071240347,381.2281088487945
201.8,0.0030453578,593.9768543593547
201.9,0.0050004227,433.63771029130066
202.0,0.0039223395,905.8209781329324
202.1,0.003382191,658.956014836307
202.2,0.00495133,409.0013631124693
202.3,0.0036542807,541.0549312845627
202.4,0.005274311,361.75241807245305
202.5,0.0032218501,687.9408588809238
202.6,0.0083186915,300.5621862243098
202.7,0.0058688466,419.7075875967818
202.8,0.005472947,574.2890071596415
202.9,0.004345403,673.1682195946391
203.0,0.004934782,661.3980345473116
203.1,0.0029525473,718.5675838097372
203.2,0.0071279234,542.5040164426096
203.3,0.0068635135,323.19676231643524
203.4,0.012102535,191.31818934832648
203.5,0.005474315,362.74744898256967
203.6,0.014690343,397.12162257516883
203.7,0.015032504,487.21349839693664
203.8,0.0054896325,1465.5337134421534
203.9,0.026239825,328.7893170677233
204.0,0.028437754,414.0962463161069
204.1,0.012356683,338.0086713381991
204.2,0.0070798974,656.3258266264745
204.3,0.035156526,294.58059282878867
204.4,0.02391727,357.2142566789008
204.5,0.019490046,344.5776927309287
204.6,0.033569954,370.5358908368524
204.7,0.03500789,294.1658345523058
204.8,0.019626072,473.94928181118246
204.9,0.017034024,428.1995068700503
205.0,0.015925057,472.8219001799814
205.1,0.007984881,676.3095455320104
205.2,0.008783344,285.1322573985031
205.3,0.03276385,270.9386092037316
205.4,0.035906762,296.74759258436916
205.5,0.028814506,349.1924619694249
205.6,0.032393835,376.70649759356183
205.7,0.009908033,468.5599524945644
205.8,0.017686872,428.552587282348
205.9,0.011471422,784.71503558931
206.0,0.028828781,336.4827185552053
206.1,0.018012375,622.0001204209112
206.2,0.022541756,425.3512535931765
206.3,0.006557909,1442.9246647856764
206.4,0.024310792,430.3909922132794
206.5,0.020088568,424.2527005211291
206.6,0.0043914826,481.9334070782277
206.7,0.002163562,661.9085151826613
206.8,0.0023173613,695.1725488502161
206.9,0.0055922675,443.0106458766105
207.0,0.0040844707,491.21135627590843
207.1,0.0041790796,675.754126182468
207.2,0.007353461,283.3784072195367
207.3,0.006548978,703.5064833652069
207.4,0.0029098564,808.625167058222
207.5,0.0032293415,569.3932996024378
207.6,0.0040373923,443.3338310597092
207.7,0.0049425988,325.2158969631851
207.8,0.003822199,437.7620670620962
207.9,0.01077679,222.70975770445364
208.0,0.005308958,434.3171337319847
208.1,0.005417147,438.4761760324283
208.2,0.03800938,337.8991325322188
208.3,0.042307034,323.1437827847896
208.4,0.03822098,296.9511913213465
208.5,0.034288928,368.5640004029498
208.6,0.0062243533,962.9807257631709
208.7,0.0032380056,522.710659819544
208.8,0.020876048,430.78662302707676
208.9,0.038201142,420.84624037439414
209.0,0.03219462,405.7785682888411
209.1,0.034205865,423.55935198070824
209.2,0.029582746,457.315606902139
209.3,0.003939667,507.86588418537303
209.4,0.030069679,527.8711054663055
209.5,0.02726075,428.95061109903304
209.6,0.0053456584,558.2422807318483
209.7,0.005753764,683.5904955774313
209.8,0.022867022,444.8247150175825
209.9,0.0045587313,367.00326560668196
210.0,0.0024383937,881.9807974911025
210.1,0.0032400358,713.2326415913063
210.2,0.002919747,540.1458074940845
210.3,0.0049700094,580.7190378323498
210.4,0.002450222,683.4240552293069
210.5,0.0049279435,745.117003027527
210.6,0.004053366,1058.6152696528
210.7,0.02605262,478.41348642729395
210.8,0.026940167,552.0900931631325
210.9,0.029728033,342.24686419993554
211.0,0.02639246,472.0117737551591
211.1,0.0069143814,477.40538792727233
211.2,0.0141445985,439.381434661459
211.3,0.034944266,591.4500851646162
211.4,0.020936469,614.8769641815832
211.5,0.015732279,621.6542158637833
211.6,0.041730918,487.2410093432846
211.7,0.031092694,386.4797664643632
211.8,0.012773157,397.59826634947353
211.9,0.022269888,409.56599209091223
212.0,0.029058475,506.981885584376
212.1,0.012117261,783.5630018962723
212.2,0.0037867867,931.4392561243803
212.3,0.009953339,251.07346249202024
212.4,0.0036313273,518.400141265451
212.5,0.008681299,322.8845787902656
212.6,0.0061459085,359.9039511680867
212.7,0.0024651082,852.7401539932744
212.8,0.0036165111,570.9433530023932
212.9,0.0027493215,638.0292426531704
213.0,0.0037389358,719.1016281478331
213.1,0.009507947,318.0006921984276
213.2,0.005278913,593.5800885623592
213.3,0.0062361504,313.0209481002691
213.4,0.006531783,495.75752159388185
213.5,0.005801321,359.5631822548981
213.6,0.0027004296,947.7152724706917
213.7,0.0042216107,535.6161281964753
213.8,0.0014060646,954.5688349129495
213.9,0.004362974,405.8349651575124
214.0,0.0034223539,521.7215131752379
214.1,0.0026141661,534.8179398647975
214.2,0.0031702598,488.8078354798745
214.3,0.0044443356,360.20903729243713
214.4,0.0048793033,416.5685808510579
214.5,0.003141749,618.8483162893647
214.6,0.0043056263,398.86009825189103
214.7,0.0045090136,543.8401147722279
214.8,0.03380421,399.98242925442764
214.9,0.0026584335,2594.620307299327
215.0,0.0040248893,541.9559340186162
215.1,0.008133441,813.6782227766402
215.2,0.023982044,454.16182934999523
215.3,0.0058103874,750.4607894633924
215.4,0.0056974236,650.1141192109703
215.5,0.0025953755,610.3874485246121
215.6,0.004029651,405.83968736024343
215.7,0.0028559114,500.10689884979945
215.8,0.0025252167,803.0789184034944
215.9,0.0038513236,631.5642467452637
216.0,0.009143281,609.8031348420095
216.1,0.0046408856,546.8913639449365
216.2,0.005780861,409.60911329471156
216.3,0.002931279,556.0662037874247
216.4,0.0035834354,867.4304262064356
216.5,0.006648221,605.3417579144117
216.6,0.0023999077,947.4510499855193
216.7,0.0060022646,517.7195890809438
216.8,0.009621094,782.6504845830284
216.9,0.0038242687,609.9691501191862
217.0,0.0040279864,491.3353419502115
217.1,0.0044962023,498.4163413038535
217.2,0.0029086315,744.1159095847721
217.3,0.0048064953,1192.4322783839864
217.4,0.004620942,1121.7326263499563
217.5,0.0039742915,696.8415543794692
217.6,0.014232122,264.92835284558305
217.7,0.011022891,287.3277496867461
217.8,0.006271839,317.12754231279547
217.9,0.0071216268,377.0010945979974
218.0,0.0031160584,529.2193671359898
218.1,0.0034491383,445.78444571885376
218.2,0.003448582,1488.838427309387
218.3,0.032305777,657.2514236500419
218.4,0.025496753,538.2217557862415
218.5,0.023963219,417.777408969084
218.6,0.0025449092,1388.3531438904856
218.7,0.0038234806,747.0285258681643
218.8,0.032318573,556.3607623046015
218.9,0.0037712627,1453.437859513095
219.0,0.019812703,549.7921854113197
219.1,0.024442427,418.66889341310934
219.2,0.007206447,333.5998830574051
219.3,0.0032391185,525.9125834784699
219.4,0.004921776,419.57715693015257
219.5,0.0038411936,562.1430682546234
219.6,0.0050337943,479.0333180179921
219.7,0.00367858,687.9949433697914
219.8,0.0045021935,524.884249051837
219.9,0.0042282008,438.12312025526234
220.0,0.016130665,545.5748197161572
220.1,0.054213777,397.3895496838585
220.2,0.043333832,325.8416000083107
220.3,0.0368941,397.5045564981467
220.4,0.03456622,628.3200636077696
220.5,0.02821566,456.4741425849326
220.6,0.020253053,364.44809529534575
220.7,0.01948148,375.9798979548605
220.8,0.010022023,559.9314949995403
220.9,0.006855111,503.07397250335845
221.0,0.0035167702,743.3723247582893
221.1,0.0021334107,667.0298155052502
221.2,0.007735881,259.155277735777
221.3,0.004067606,429.32510833704225
221.4,0.0072625303,312.0226391726221
221.5,0.0030436348,699.9250689452432
221.6,0.0018522184,795.4906857927781
221.7,0.004575233,491.29255682289113
221.8,0.0055480264,389.09765694136667
221.9,0.0029138639,384.38555075425995
222.0,0.0028353266,553.7065207680178
222.1,0.0014923847,801.2026256885314
222.2,0.004017169,457.8284179296156
222.3,0.0075562196,260.9614479906526
222.4,0.0037735407,502.3483831345933
222.5,0.004150865,473.63193351056685
222.6,0.003852616,611.6549593555005
222.7,0.006195202,287.86205976709755
222.8,0.004726217,503.06978645429535
222.9,0.0063200314,266.775391364467
223.0,0.004837248,564.8058451184312
223.1,0.0036547058,476.92978510728693
223.2,0.002724906,709.3960923348271
223.3,0.0042985333,847.9790760398537
223.4,0.0036467968,480.6290448122708
223.5,0.003895819,409.0201854773021
223.6,0.006830237,263.1789429249388
223.7,0.007384608,242.73856495942601
223.8,0.0033692312,422.57552130617614
223.9,0.0059456923,306.19138878539155
224.0,0.001759639,1039.1559382523383
224.1,0.0051824283,391.592909670495
224.2,0.0055416836,326.837840727141
224.3,0.0040748855,777.2040205750595
224.4,0.00513594,626.27617846253
224.5,0.0032834182,650.9500144121503
224.6,0.0026665179,607.5034199092263
224.7,0.004716424,570.9981006940067
224.8,0.005453635,331.96666814835226
224.9,0.008922244,275.70210547944555
225.0,0.004031868,492.8804402504601
225.1,0.0024736626,617.5955718875251
225.2,0.003916065,620.7302300170544
225.3,0.007763321,487.0329344338975
225.4,0.0022593485,799.8196613119871
225.5,0.003360094,509.4325698679967
225.6,0.0044627436,396.1995742894233
225.7,0.0021361813,859.2431969313832
225.8,0.003130764,659.6930478373044
225.9,0.006172337,427.53886737416155
226.0,0.0053113094,362.35969179790624
226.1,0.0034854307,571.2916323133869
226.2,0.0037009632,429.1857415536441
226.3,0.005073527,404.0838961092667
226.4,0.0048328657,477.77476758563097
226.5,0.0022583283,669.5240291579214
226.6,0.0027691724,651.2461419268841
226.7,0.005345779,648.8452948082409
226.8,0.0060623977,342.01997992152843
226.9,0.0053532193,410.2669104610154
227.0,0.003233539,621.3060877464845
227.1,0.0020718814,880.8916724783198
227.2,0.0033463861,736.4588962040172
227.3,0.0040219366,528.8339130921214
227.4,0.0043803426,488.3828357969757
227.5,0.0050473716,367.1078995340053
227.6,0.005327947,308.79687960020465
227.7,0.0036778597,517.5823211849998
227.8,0.004822402,793.5807167181656
227.9,0.004184544,385.803721135716
228.0,0.0040021194,868.7781699810346
228.1,0.0046600658,387.40153514701797
228.2,0.0053269765,476.3655814816847
228.3,0.0053471634,425.94595538379576
228.4,0.0050290823,419.8400329723422
228.5,0.0041931653,451.18720715334683
228.6,0.003788878,391.1325577075957
228.7,0.0036835896,460.68810712597593
228.8,0.004714171,517.7398446237271
228.9,0.0050586695,383.64341267212956
229.0,0.0027361976,713.0151003476374
229.1,0.0075758803,321.32951859345167
229.2,0.0029755156,676.6773680569939
229.3,0.0065124286,519.1344726475295
229.4,0.0074884556,392.19724467948504
229.5,0.0049051708,491.7970390197215
229.6,0.0041558673,438.34171600469693
229.7,0.0052778386,428.16902016031753
229.8,0.0027190486,640.7177325777859
229.9,0.0063734655,484.54889263307984
230.0,0.0036408145,602.9477799554894
230.1,0.005673324,705.064647803458
230.2,0.005088204,532.2958205526265
230.3,0.0032712566,480.1499267900753
230.4,0.0063592126,517.7244533734508
230.5,0.004745658,350.3826227036604
230.6,0.002599096,817.3608187258549
230.7,0.0056851236,608.1845210132205
230.8,0.005832921,586.0134912048501
230.9,0.0060957912,335.07019702767184
231.0,0.003751628,998.4970814264141
231.1,0.0036381327,655.2944289313618
231.2,0.00366115,624.8891867039572
231.3,0.0047981665,375.1937037059539
231.4,0.0065311617,291.75528528210526
231.5,0.003964711,402.0099462545741
231.6,0.008421387,335.78713821844184
231.7,0.0023896147,676.3751905649955
231.8,0.0032342868,620.7888812478062
231.9,0.002907369,848.9891120959606
232.0,0.0016006274,999.974346171009
232.1,0.005855941,507.5418757477981
232.2,0.004714773,735.1424642405307
232.3,0.0047403025,408.80650516533626
232.4,0.00716873,283.0852641442363
232.5,0.0026245392,667.3514118099833
232.6,0.0040922468,407.86631032441807
232.7,0.00237553,731.240249223008
232.8,0.0015640473,966.7276086374807
232.9,0.0030305607,563.9445451618309
233.0,0.002770159,489.825109594477
233.1,0.0027765788,844.166059911467
233.2,0.0038968688,457.9371130841941
233.3,0.0030214593,826.724544596734
233.4,0.0039190794,511.69551538501975
233.5,0.007822257,266.5597781107749
233.6,0.0055858647,365.74324880417134
233.7,0.0047978223,341.2400920366297
233.8,0.0020820796,732.3037646684983
233.9,0.0037363484,666.6694773469459
234.0,0.0030463354,684.4724604109699
234.1,0.002634776,630.7021086362716
234.2,0.003304108,616.4384773979511
234.3,0.0051729265,492.82975672663383
234.4,0.00423759,387.26689374714033
234.5,0.0036158806,564.5346633499046
234.6,0.0025493703,636.3587881429964
234.7,0.001615159,962.3167997541173
234.8,0.0032578604,470.87932151527957
234.9,0.0026966496,614.3381499761795
235.0,0.0032401474,601.6356994070225
235.1,0.0020329535,981.5150681041288
235.2,0.0032571917,487.84115285479567
235.3,0.0045401533,394.43861673251087
235.4,0.0016283478,1058.930519620878
235.5,0.0022115153,677.6083061410776
235.6,0.0036501386,519.4902139259594
235.7,0.010881678,355.58065955159987
235.8,0.0030709303,522.167553076365
235.9,0.0037179189,503.6777335211448
236.0,0.0047177076,378.9669611011364
236.1,0.003350885,505.04792566287824
236.2,0.0049953284,854.0435393664338
236.3,0.002890355,531.9348327239392
236.4,0.002991169,702.8013209869249
236.5,0.0029305378,905.6746824939682
236.6,0.0032524404,953.5469981587901
236.7,0.0028274683,1062.2113745379665
236.8,0.019951815,559.6427076579946
236.9,0.03288719,449.61343890262475
237.0,0.033796318,633.7965796160829
237.1,0.022662766,698.8302765608955
237.2,0.041849073,655.3918660702535
237.3,0.04110453,562.3436232454263
237.4,0.030164592,887.3548559165251
237.5,0.038338352,889.8359396907963
237.6,0.020708373,1110.6080423551548
237.7,0.012101249,1188.2780050929593
237.8,0.025524689,1181.6837589193397
237.9,0.032158274,567.0925010714204
238.0,0.026355397,732.475470285916
238.1,0.02548047,997.9718156533937
238.2,0.024542198,878.5952332413718
238.3,0.024391457,905.3238890292038
238.4,0.02332237,1008.1106985476855
238.5,0.0037536619,1819.258781727047
238.6,0.0012717372,2374.2530371039516
238.7,0.0008728226,2278.64759809258
238.8,0.0005821866,2517.800025501138
238.9,0.0005709021,2478.896134271458
239.0,0.00046142293,2897.309818480633
239.1,0.00045532006,2965.652623623298
239.2,0.00035998694,3327.205497799024
239.3,0.0003604137,3056.5021636108736
239.4,0.0003316688,3341.447871662426
239.5,0.00033360682,3356.7240938658333
239.6,0.00035255429,3232.7394434370867
239.7,0.0003435128,3408.5240310850136
239.8,0.0003119647,3702.3522574429635
239.9,0.00034778955,3087.2001207628277
240.0,0.00036876695,3050.02469099638
240.1,0.00032732784,3324.209500132685
240.2,0.00031611288,3388.675241988516
240.3,0.00032988845,3543.2716551528247
240.4,0.00032833917,3230.9185441477043
240.5,0.0003048904,3349.7353965129596
240.6,0.00032582827,3332.390728110256
240.7,0.0002864679,3361.764782791367
240.8,0.00031337884,3116.962384930388
240.9,0.00032667333,3109.20447477758
241.0,0.0003079098,3214.7666667542326
241.1,0.0003224262,3195.522065204591
241.2,0.00029671163,3438.549235618855
241.3,0.0002917799,3199.297667479158
241.4,0.00030844889,3316.593338224601
241.5,0.0002932782,3651.1393503943304
241.6,0.0030232465,3512.7294656420618
241.7,0.033700563,1864.582709324021
241.8,0.021374447,1839.3315072119774
241.9,0.00310677,3189.8246938600814
242.0,0.00036303987,3178.3808230605855
242.1,0.017856777,2452.5072932269136
242.2,0.004217311,2957.683595063251
242.3,0.0003337414,3422.150384270904
242.4,0.0003577649,3215.6683463696895
242.5,0.0003265614,3425.254600940201
242.6,0.000344952,3368.7924528699027
242.7,0.00035337723,3184.586704686608
242.8,0.0003241881,3348.5450223833036
242.9,0.0003504376,3096.474613653212
243.0,0.0003048194,3549.877037177411
243.1,0.00035070308,3342.0518422831824
243.2,0.00038857743,3328.0258090902857
243.3,0.03121358,1897.3940622048158
243.4,0.0307346,2087.328210227236
243.5,0.000883483,2714.1108138105865
243.6,0.0047541526,3590.84630825474
243.7,0.012284413,9540.02916748218
243.8,0.0070635756,6537.945435435756
243.9,0.031755902,2102.410963096731
244.0,0.02048973,2386.271886939985
244.1,0.0096580945,2643.7496382321297
244.2,0.00043766652,3032.1241189984685
244.3,0.000422039,3318.035388832202
244.4,0.008866741,3037.445486371906
244.5,0.001940585,7615.944958086251
244.6,0.0110515775,3075.6270450697634
244.7,0.0082391035,3079.3434826548255
244.8,0.00042044188,3463.3200575762885
244.9,0.00038292946,3481.994094262932
245.0,0.0004110951,3248.5825457797323
245.1,0.00040338343,3243.0691098868233
245.2,0.00037619585,3420.8221041402303
245.3,0.00041733932,3270.3692221102356
245.4,0.00037728922,3548.0877438332395
245.5,0.00034282796,3349.74330544193
245.6,0.00036511265,3270.0263412576887
245.7,0.00035604197,3266.1218359113363
245.8,0.00034020588,3550.573493636064
245.9,0.00033856716,3617.925836817843
246.0,0.000366225,3363.8338739901183
246.1,0.00037730404,3327.305067384195
246.2,0.00034737954,3337.6923725231113
246.3,0.00035814906,3411.5323421245685
246.4,0.00037763445,3205.6625641756314
246.5,0.00031975424,3662.1211221345043
246.6,0.00060923496,3469.6207418101308
246.7,0.0020289752,3351.920781104067
246.8,0.0008551929,3273.455065942162
246.9,0.0004698027,3037.7365978352873
247.0,0.0006319867,2841.4439240500324
247.1,0.0073372796,9235.184598033538
247.2,0.014053825,1885.653740622894
247.3,0.00034473743,3521.1377141313496
247.4,0.008323266,3279.985193633259
247.5,0.0003454956,3331.858295654484
247.6,0.0003683681,3011.688348366647
247.7,0.0003083454,3508.9439453938267
247.8,0.00033226964,3393.572867805085
247.9,0.00171718,3206.0699649933167
248.0,0.002186008,3863.4117171368034
248.1,0.00096774154,3268.4611907482854
248.2,0.00051044725,3138.2795000683222
248.3,0.00037786414,3096.1756705260555
248.4,0.00034969664,3091.2691277620256
248.5,0.00031284906,3398.840414658052
248.6,0.00028474885,3446.545517639325
248.7,0.0005248924,3054.119526069059
248.8,0.0077269822,9356.21266440377
248.9,0.021333031,3138.3400109254185
249.0,0.031506337,1397.078660837259
249.1,0.032940842,2944.7633798268535
249.2,0.033416014,2499.4111467986513
249.3,0.0346655,2419.123368905338
249.4,0.018714039,2445.503295460241
249.5,0.0101511795,1946.7372950053746
249.6,0.0017018389,2442.4588131963346
249.7,0.00041573434,3046.1707864520504
249.8,0.0004259408,5607.44510761574
249.9,0.03341724,1029.6570794352374
250.0,0.025343796,2308.9169738372466
250.1,0.0031683918,3708.412729121753
250.2,0.013630888,1837.1897817597674
250.3,0.022558913,2352.2406985014863
250.4,0.025182689,670.5764878143221
250.5,0.020819495,1485.4281578421692
250.6,0.025806995,1491.2864238558886
250.7,0.0043562455,8089.727678051136
250.8,0.00064598664,5427.285845568995
250.9,0.015210467,1785.0924606308108
251.0,0.009406557,7382.132641174028
251.1,0.00064879726,5650.122830537046
251.2,0.0043441276,2713.9116658437983
251.3,0.00033215428,3540.3127284163274
251.4,0.003209414,3053.938665805103
251.5,0.00030987273,3555.354722665465
251.6,0.00033522557,2962.574767794753
251.7,0.00037566503,3885.5402547621043
251.8,0.0007833566,3199.8886208302206
251.9,0.0013807546,2552.4436640258155
252.0,0.0071203075,1278.3581748466108
252.1,0.0009527031,2932.8725716630056
252.2,0.0055074748,1416.9324674721956
252.3,0.007912109,1584.0306880029812
252.4,0.0055589126,1828.3584256490553
252.5,0.0025002153,3511.539158667266
252.6,0.0037455845,2639.922323254379
252.7,0.006731556,1877.5091932372484
252.8,0.00523174,2598.810979714081
252.9,0.009408655,1569.745807924206
253.0,0.027680147,1579.429642882963
253.1,0.023771282,862.3327915871394
253.2,0.032676544,769.7780832492482
253.3,0.035677757,1153.5465749857358
253.4,0.008951921,1621.7222580191267
253.5,0.006814941,2022.5188982546529
253.6,0.011125948,1727.2203221771615
253.7,0.021376539,1699.7765235070756
253.8,0.017252104,890.6371949447685
253.9,0.034569994,659.65971438422
254.0,0.01961235,1396.859262649423
254.1,0.02257755,955.8657387114441
254.2,0.0051951585,2437.920623231368
254.3,0.013647288,1293.8510343022954
254.4,0.003791763,2490.885303606556
254.5,0.0044461833,2127.925714489723
254.6,0.004032343,1680.033467632512
254.7,0.011682048,712.7429425583359
254.8,0.010404514,969.5662552136752
254.9,0.005238613,1090.7146626807612
255.0,0.0054708603,806.9606818360662
255.1,0.004692454,582.9237241649886
255.2,0.0068168924,709.6786033744045
255.3,0.0035531255,1407.9076360465601
255.4,0.0035208666,562.9771657559577
255.5,0.0023787683,1184.8230493127596
255.6,0.0035064858,539.5409431018223
255.7,0.0062605445,370.9695078160751
255.8,0.0059548044,351.54136998018674
255.9,0.0040323003,457.89667379204445
256.0,0.0067073605,632.5952091846791
256.1,0.004382869,442.94065770295526
256.2,0.008195754,314.29179794320805
256.3,0.003170921,677.3070057089662
256.4,0.005184315,404.9751169534418
256.5,0.0037604095,645.1017195043024
256.6,0.0028987357,522.3126847711294
256.7,0.001960797,765.5274482583079
256.8,0.0027177485,521.9505807984528
256.9,0.005130909,410.85715240802654
257.0,0.005079047,510.87397274179625
257.1,0.00554631,529.4248210854306
257.2,0.0021915496,893.552764961769
257.3,0.003415319,481.3559988876193
257.4,0.0028916653,721.6980770920215
257.5,0.004559476,615.322010034449
257.6,0.005369601,382.3002177753242
257.7,0.0021860187,650.3673446800904
257.8,0.0028067536,537.3379266039276
257.9,0.005858569,429.2122419309925
258.0,0.0045531937,1028.0369737534852
258.1,0.005982144,340.6979287918862
258.2,0.006022826,592.178406119761
258.3,0.006123719,359.84259512172014
258.4,0.005116624,426.7468784515847
258.5,0.0036925925,512.6872241537428
258.6,0.0064914455,289.758373229313
258.7,0.0021812227,674.5445573091131
258.8,0.0063046264,296.397495891709
258.9,0.005623405,493.09256159322695
259.0,0.0040352847,412.9631930813539
259.1,0.002218854,682.4284859487975
259.2,0.0015338806,865.6677831067935
259.3,0.0040509417,578.3870312479478
259.4,0.0063406536,335.2494432785941
259.5,0.0045256256,411.5748541785972
259.6,0.0027636376,529.7917605762987
259.7,0.0061123115,388.3668008643554
259.8,0.0052441056,676.5417353263998
259.9,0.0037515273,467.7243895341123
260.0,0.0029254532,768.0893606059813
260.1,0.0048155547,744.5610898724622
260.2,0.0052313986,452.852938791088
260.3,0.0020736174,868.4409073787716
260.4,0.0019910242,906.9097719925
260.5,0.0026122995,546.258647280805
260.6,0.005404661,352.739375652087
260.7,0.0062041157,436.11870832078057
260.8,0.0020460016,853.6067370842574
260.9,0.0060696877,323.3356606508871
261.0,0.0031117734,638.7965978235259
261.1,0.0058017056,465.9786882045768
261.2,0.0023931824,605.7147825263094
261.3,0.003433474,432.28800842297017
261.4,0.0033893846,726.8863846813072
261.5,0.0033632913,461.9605745574145
261.6,0.0027511688,731.3838619054414
261.7,0.0056747226,408.8056545146793
261.8,0.0045547313,397.8746131402787
261.9,0.005102893,562.9911165791276
262.0,0.0028164168,623.0576239578346
262.1,0.0034276666,532.2558468508048
262.2,0.002258991,822.494318359918
262.3,0.0028228036,677.2046095939854
262.4,0.004978004,308.01271520394795
262.5,0.008292684,401.5174131711068
262.6,0.008657618,198.64937628400048
262.7,0.0041793003,674.6715043272179
262.8,0.0025312167,643.7599210729887
262.9,0.0023284634,749.9529632200296
263.0,0.0076650586,354.8317030974667
263.1,0.0031266438,473.5182910109877
263.2,0.00626107,272.44754550074197
263.3,0.0063575148,384.20149684821297
263.4,0.0026981307,490.740325141624
263.5,0.0033843184,399.67070600271154
263.6,0.004257551,383.3759271330406
263.7,0.0039809314,405.6581479727673
263.8,0.0021147572,690.0080091920429
263.9,0.006931568,222.84181098372605
264.0,0.0070164558,209.3544342794701
264.1,0.0069591585,220.27724734327265
264.2,0.00933571,204.3668019678789
264.3,0.0020728349,606.2919796231873
264.4,0.005101731,281.210990676911
264.5,0.004886587,299.91109827859924
264.6,0.007868375,287.13084645669824
264.7,0.002579052,589.1783879119505
264.8,0.0035567235,668.6080613180507
264.9,0.0076014926,272.53870109170487
265.0,0.003000136,505.612399177886
265.1,0.00351223,415.6136929772857
265.2,0.007206482,244.5559856141764
265.3,0.005022878,404.3954224518247
265.4,0.004281121,347.2322341008671
265.5,0.0053369068,319.10386784782474
265.6,0.0022053258,575.9017812022495
265.7,0.003379659,358.08624964126585
265.8,0.0067454935,285.04437395453635
265.9,0.0049493993,351.72414570174334
266.0,0.00796853,240.35989371611998
266.1,0.0062281964,302.26103847958365
266.2,0.002534125,562.796491657009
266.3,0.003742569,341.04094251936806
266.4,0.0070204125,235.29791765820178
266.5,0.005480252,263.6443996510444
266.6,0.004897523,350.6985148657715
266.7,0.0062935213,268.8065434855251
266.8,0.0021936249,585.7487309008931
266.9,0.0044610333,437.653617403339
267.0,0.003206295,581.110450940206
267.1,0.0054107644,385.711996850311
267.2,0.0032676426,383.30462997113506
267.3,0.008573203,200.75022713113214
267.4,0.0015504593,944.2492900393577
267.5,0.0026841084,472.7595504817528
267.6,0.0041961605,695.2634184719083
267.7,0.00226745,677.0729014646004
267.8,0.0031643144,438.0862459737213
267.9,0.003828209,427.913224591534
268.0,0.004435028,584.9416105114758
268.1,0.0064125014,355.5503781131358
268.2,0.0027743962,731.2939925663657
268.3,0.0029901033,664.143092988209
268.4,0.0022464173,951.5316765367303
268.5,0.0035588597,711.3885156166366
268.6,0.0030207958,644.893478415198
268.7,0.0038546924,642.9206878245309
268.8,0.0030226363,896.2685174928062
268.9,0.0055607203,499.9928052204671
269.0,0.0025962132,701.137598896649
269.1,0.0047587845,694.7095323206061
269.2,0.0034265607,704.1772819654943
269.3,0.0053751213,489.5205020276884
269.4,0.0032968118,1006.2579216633552
269.5,0.003619591,810.3013379604596
269.6,0.007100131,511.5393552105741
269.7,0.0028366472,826.8641846640319
269.8,0.004335094,828.8333438384353
269.9,0.0022397884,1227.4596772442326
270.0,0.004987831,1421.1665043081684
270.1,0.003660729,1562.333931336931
270.2,0.0029789517,1954.9544035560336
270.3,0.0039993287,2888.605479158178
270.4,0.011696649,1362.5406533117166
270.5,0.012760044,1758.7535529074057
270.6,0.018629406,1291.2811257161507
270.7,0.0122667,2917.3280109376155
270.8,0.020166073,1513.4878572249213
270.9,0.026375882,1533.5276448446234
271.0,0.023301292,1325.985275170292
271.1,0.030112937,735.326855586138
271.2,0.012009205,1381.2539438601966
271.3,0.009847311,1433.0100575792467
271.4,0.004888038,2125.7712134900503
271.5,0.007230191,1082.4922029473973
271.6,0.0018215401,2303.669792922989
271.7,0.00037518714,3401.713310963707
271.8,0.0003898039,3831.691261647932
271.9,0.00036166995,3295.312884529763
272.0,0.0003213402,3183.9368176882163
272.1,0.0003444202,3090.1281531930836
272.2,0.00034644472,3180.0774478836342
272.3,0.00036446436,2860.2959433558513
272.4,0.00034580223,3289.8833970334927
272.5,0.003944759,3414.3600284497334
272.6,0.045319516,2860.9968907689063
272.7,0.0012883227,2534.9502732052924
272.8,0.00036324555,3445.1440630800735
272.9,0.00036329337,3299.3662381103613
273.0,0.00031459212,3512.1443305795046
273.1,0.00040101013,3968.0742660834944
273.2,0.0149053605,5760.604156903024
273.3,0.005658706,8322.90515660836
273.4,0.013514097,1691.3852638635078
273.5,0.013004643,2027.4796222904172
273.6,0.03862323,3122.890520182688
273.7,0.0038854731,4331.988272650347
273.8,0.00032904156,3712.925085044535
273.9,0.00032236683,3495.8312098725455
274.0,0.00036586222,3218.1048725888277
274.1,0.0003331733,3341.4994259625814
274.2,0.00034208677,3379.0976836518503
274.3,0.00033740344,3266.5628697814286
274.4,0.00037208153,3341.201218207148
274.5,0.0003347687,3217.256687508601
274.6,0.00032212402,3259.7193120430184
274.7,0.00032787857,3331.3053501761333
274.8,0.00034853982,3261.3320425610727
274.9,0.00031497228,3705.304917639466
275.0,0.012307791,1198.8829491370716
275.1,0.010147295,1474.4125088382755
275.2,0.00033192727,3235.255127866235
275.3,0.00029795937,3478.6450645227314
275.4,0.00029375186,3299.8819797322644
275.5,0.00030121044,3347.6836868866153
275.6,0.00029108385,3308.1918053819245
275.7,0.00027572078,3553.5905147673184
275.8,0.01887246,4490.899486016594
275.9,0.035471845,2179.3827333266104
276.0,0.00038537147,3823.3703554817193
276.1,0.00032581523,4263.007327968745
276.2,0.04448535,914.3669385391873
276.3,0.021498036,1022.1089493912684
276.4,0.0028084181,3437.999835926563
276.5,0.024417266,1554.2846764138862
276.6,0.06066957,1763.2738298732547
276.7,0.020149287,1493.564785815304
276.8,0.00032540367,3880.804116981616
276.9,0.0150427595,1907.5186795056632
277.0,0.05447934,1503.9903796429253
277.1,0.032411106,2249.186398124323
277.2,0.02751349,1605.4183255300309
277.3,0.0390262,855.1605929263781
277.4,0.0004867519,3459.7809976464187
277.5,0.022036696,2366.564965466093
277.6,0.020260047,831.5369640520536
277.7,0.021123145,2170.714661065911
277.8,0.036752712,2224.202636158797
277.9,0.020381738,2423.212602450084
278.0,0.001496122,3216.137986892938
278.1,0.0003121685,3658.927556008851
278.2,0.0003373595,3099.4711283942906
278.3,0.00034292767,3263.6317697843338
278.4,0.00029335095,3431.8695285016456
278.5,0.00034630497,3313.0391752763253
278.6,0.00028474574,3480.170621991165
278.7,0.00031775335,3314.164575845076
278.8,0.00030756806,3368.7950410022354
278.9,0.0003133531,3137.367754275253
279.0,0.0004961195,2940.5868495306913
279.1,0.0060382797,3893.189917300988
279.2,0.024485296,1159.248930572708
279.3,0.0030128814,3641.159947306393
279.4,0.0033395921,3087.6207345459497
279.5,0.009114548,863.1833315482834
279.6,0.0002841911,3447.899164538172
279.7,0.0010932138,2816.8302745593273
279.8,0.006725105,3901.0064161675723
279.9,0.006187997,3885.1948579393957
280.0,0.0020684726,3660.186295501439
280.1,0.0013872497,3194.6587771802397
280.2,0.0007879987,2560.1831442753346
280.3,0.00047094558,2879.0442436483368
280.4,0.00031302834,3169.3126408111457
280.5,0.00027629433,3223.3005173885085
280.6,0.00031880548,3404.582293061217
280.7,0.046119824,1627.7200644077336
280.8,0.037859946,2037.739530382722
280.9,0.0063436455,3793.1077274174913
281.0,0.019169534,1814.6339903682592
281.1,0.027037285,2031.7106754039073
281.2,0.035253257,1982.4434816136443
281.3,0.038002823,1618.7329266556296
281.4,0.03429182,1327.4747882881875
281.5,0.007951439,1345.0939305459988
281.6,0.021565754,1571.2683102768315
281.7,0.025439985,749.6292310230361
281.8,0.028346276,1288.4837952501084
281.9,0.026154265,1909.1535257540786
282.0,0.0007073021,3871.265474612681
282.1,0.0106627755,2320.834263068034
282.2,0.0041088765,2280.502670353895
282.3,0.003815947,4056.028222842292
282.4,0.01563149,2224.4840652009057
282.5,0.0037508316,2442.7510015848475
282.6,0.00044194868,3035.975679956438
282.7,0.00092170556,2809.7856487923436
282.8,0.0006868125,2875.3569013954952
282.9,0.00048641447,3178.322355234548
283.0,0.0004363653,3050.6949474255753
283.1,0.00038857126,3252.7565545053158
283.2,0.00040107744,3413.953250008073
283.3,0.0003787727,3376.828006429634
283.4,0.0003907202,3324.6773059422317
283.5,0.0069617294,2614.537889196725
283.6,0.020989398,1494.2230581252004
283.7,0.024809843,1344.8173614081732
283.8,0.03806492,1091.4080007062212
283.9,0.033440553,699.4014465225346
284.0,0.04128263,1101.093589460686
284.1,0.023724154,1422.6765203743971
284.2,0.0032205347,2153.0772993408573
284.3,0.004332052,2309.0516025161273
284.4,0.00038324823,3722.261979359604
284.5,0.012679825,2030.7510499883078
284.6,0.03546768,1592.7380740700241
284.7,0.0005323995,3326.7686687400696
284.8,0.0004482152,3657.654661787985
284.9,0.03180152,2036.2854337003323
285.0,0.03406147,1347.6610096389145
285.1,0.035588637,1603.088227797485
285.2,0.004458433,4544.604379715069
285.3,0.035308223,1839.9928716914274
285.4,0.03273928,1712.2063244116118
285.5,0.024911929,1287.5111055537923
285.6,0.045649182,961.4272253952619
285.7,0.03533998,1318.723835237353
285.8,0.010241302,3141.455212653532
285.9,0.010365115,7304.788769412726
286.0,0.0071464814,3618.973202450065
286.1,0.015648516,2083.429946495631
286.2,0.004107604,4239.194905265606
286.3,0.011517863,1042.486225630355
286.4,0.0063640447,2306.9106668235922
286.5,0.00039903825,3462.9696528240825
286.6,0.0003018696,3403.509475892298
286.7,0.0003387469,3245.652894958674
286.8,0.00031674822,3330.167172530465
286.9,0.0003323308,4010.005569551373
287.0,0.0003348153,3694.067740651799
287.1,0.0003277758,3339.0894931659236
287.2,0.00030347987,3312.6395898446467
287.3,0.00031490778,3465.8398010225246
287.4,0.00031547854,3502.936671543404
287.5,0.0003510088,3267.7180679215166
287.6,0.00030767752,3792.431397387911
287.7,0.0003086397,3615.4689647170126
287.8,0.00030807956,3490.879819328992
287.9,0.00028679083,3421.0581874531536
288.0,0.00029722048,3662.679233958519
288.1,0.0003383624,3829.01451430277
288.2,0.0003224639,3755.3649954447424
288.3,0.000300144,3496.4987528464676
288.4,0.0003487679,3370.2676198480376
288.5,0.000343622,3262.1818310570116
288.6,0.00037742915,3081.2567514725833
288.7,0.00033776925,3333.926738207695
288.8,0.0005718926,3619.8158668575024
288.9,0.046180088,744.3333079137943
289.0,0.024295371,2005.0131724112575
289.1,0.000788399,3621.0806760763203
289.2,0.016698688,2281.283080606391
289.3,0.017374735,2063.202350373417
289.4,0.014529337,2353.830581890187
289.5,0.0011994621,2992.343731256499
289.6,0.00052642514,2903.203838227958
289.7,0.0005472005,2836.5587537937026
289.8,0.0006607081,2503.7443855511874
289.9,0.00043388916,2850.156509383229
290.0,0.00045707932,2918.112013655419
290.1,0.0004847667,2768.826537268542
290.2,0.00033794454,3185.3787325899148
290.3,0.00035448404,3245.619923381052
290.4,0.019675896,704.2644413789509
290.5,0.034387834,1850.6343797237307
290.6,0.027607447,1914.2374880802022
290.7,0.022495043,2284.762344585343
290.8,0.00028028316,3456.0953123978816
290.9,0.00030739795,3419.8373441539484
291.0,0.0041893767,4232.101069935204
291.1,0.014504162,1799.380605568385
291.2,0.006132003,2048.4048739452246
291.3,0.0017903303,2671.838427283961
291.4,0.00060001767,2903.440276859972
291.5,0.00042557903,2981.3980152130707
291.6,0.00037309108,3092.0267959986127
291.7,0.0008338721,3050.861682642053
291.8,0.044612322,926.5407464017466
291.9,0.04441073,1163.1855997737532
292.0,0.03318623,1333.7164126865318
292.1,0.026586583,1743.5413095251683
292.2,0.00034638715,3316.6108085285105
292.3,0.0003283677,3216.2620975359923
292.4,0.022121422,1559.6886034542097
292.5,0.00030290722,3395.574002917402
292.6,0.00033375347,3349.8652852624878
292.7,0.0003321508,3233.355633515312
292.8,0.0006451064,2753.7787351668026
292.9,0.0006499161,2936.026535193872
293.0,0.00057725835,2719.572959541282
293.1,0.0003500807,3069.2437650100683
293.2,0.00031302613,3774.347443664572
293.3,0.00031352948,3344.259998137319
293.4,0.041759573,1925.5114984725765
293.5,0.047663327,1658.3721219229972
293.6,0.0035539737,2128.7727891354225
293.7,0.02085009,2003.2771118811072
293.8,0.014524921,1779.4989111721518
293.9,0.0044677486,1946.8837736876617
294.0,0.0012029529,2698.544433660992
294.1,0.010312587,1563.8862803360935
294.2,0.009516663,1656.139616002171
294.3,0.0075835045,1587.0612186726362
294.4,0.014285946,1681.710126905104
294.5,0.018407151,2033.9034662784366
294.6,0.0016694091,2917.449733302751
294.7,0.008090561,2542.5719581703856
294.8,0.009096072,7472.176882692319
294.9,0.00045102314,5477.292978481362
295.0,0.0077738315,2826.539594326143
295.1,0.0031086097,3275.4796749545826
295.2,0.00031092152,3480.817853360667
295.3,0.0002742667,3293.8506553170564
295.4,0.000283708,3464.5154525852286
295.5,0.00029155266,3491.2690457751137
295.6,0.00031144673,3353.459880661651
295.7,0.00033063092,3194.9600468850435
295.8,0.0008496814,3571.6355860991016
295.9,0.03582259,2391.9585705108807
296.0,0.012420004,6050.599495342307
296.1,0.00069208164,5662.442272117556
296.2,0.025614025,2533.8009846319046
296.3,0.010118399,2076.8791767331536
296.4,0.019380813,2444.808687368714
296.5,0.0027644343,3104.245685388741
296.6,0.0057828906,4109.530898181467
296.7,0.005747035,2584.4673684461172
296.8,0.0044046356,2796.488382365621
296.9,0.00050099107,3311.1875951206334
297.0,0.0003653241,3098.2543041296485
297.1,0.00034383973,3340.091025311785
297.2,0.00034642377,3275.9034167778914
297.3,0.00035109287,3399.773288591129
297.4,0.00033083165,3348.193043613241
297.5,0.0003521817,3249.355895636431
297.6,0.00032976439,3239.439363627056
297.7,0.00035289495,3102.7819966411394
297.8,0.00037849238,3077.003706217724
297.9,0.00032235598,3259.5924525069786
298.0,0.00034064427,3475.7529964250516
298.1,0.00033157898,3416.3151635653976
298.2,0.000322699,3314.6508266882315
298.3,0.00031797256,3415.1368577345916
298.4,0.00033729244,3123.6569462169036
298.5,0.001005285,5771.326148334227
298.6,0.0070472243,5915.714174806199
298.7,0.018016394,2279.239574594398
298.8,0.028966466,2849.5904382794956
298.9,0.005777993,7982.74817859463
299.0,0.020964792,2823.04834216609
299.1,0.020056795,2456.806874248194
299.2,0.010751909,2949.721105323039
299.3,0.0061330395,2864.4843119826023
299.4,0.015726523,2782.9155686396725
299.5,0.012984583,2774.406980230627
299.6,0.00733714,3303.0517159468427
299.7,0.004360075,3893.3099383430845
299.8,0.0020465145,3485.2788487010757
299.9,0.0008723437,2907.720739131015
300.0,0.00049140985,2967.621669629114
300.1,0.00038438095,3343.7004194897054
300.2,0.00034782372,3357.524555766171
300.3,0.00032768733,3214.7619738571793
300.4,0.00036387713,3388.6540976846363
300.5,0.00036039227,3503.497217385542
300.6,0.00036107464,2871.934439613054
300.7,0.00032453836,3334.320942325815
300.8,0.00032961508,3140.5676413591464
300.9,0.00036549484,3179.458278159232
301.0,0.00039230476,3114.972896471432
301.1,0.00037587612,3037.187429297441
301.2,0.00035767868,3625.8180724468984
301.3,0.0003845929,3660.9418913926625
301.4,0.00039524364,3182.082876514064
301.5,0.0004065303,3129.394909426585
301.6,0.00041760452,3134.0258537175214
301.7,0.00047385832,5197.544042107324
301.8,0.00063980644,6116.300463941572
301.9,0.000630749,5677.673281296602
302.0,0.006624993,5901.630106329603
302.1,0.046165872,3026.0081051202865
302.2,0.0394918,2787.0318182788255
302.3,0.036699362,3665.8718354602897
302.4,0.026027447,5036.793959121127
302.5,0.010286148,5179.488881984289
302.6,0.005554966,6130.380096727784
302.7,0.0051082466,6210.67099212939
302.8,0.010155325,6009.602185889177
302.9,0.059098706,3493.2047787272268
303.0,0.0543995,2745.6078215169955
303.1,0.0064684185,4737.8474746805
303.2,0.0030991111,3910.20562761457
303.3,0.0032444948,3052.53873526028
303.4,0.0029212027,2420.639271052967
303.5,0.0016582388,2056.041300661229
303.6,0.0019181136,2047.210852116597
303.7,0.0020176817,1820.0432492472153
303.8,0.0010181181,2229.629675066458
303.9,0.00057891774,2946.0963249475576
304.0,0.0003584955,3450.0983549122902
304.1,0.00036698958,3448.2447747777996
304.2,0.00033434777,3610.094816718411
304.3,0.00034424828,3315.4935898108015
304.4,0.00035117508,3498.1720195047938
304.5,0.00035965053,3406.0259890766583
304.6,0.00033751855,3557.7077317249536
304.7,0.00031116736,3564.8843504048987
304.8,0.0003490251,3231.276515561667
304.9,0.00041066413,3273.078965846201
305.0,0.004826084,3831.9454467931328
305.1,0.003572829,4190.104889441432
305.2,0.0021909503,3556.2270403707475
305.3,0.009979486,1255.673954438289
305.4,0.0021035396,3186.098938397776
305.5,0.0003571946,3200.111787693186
305.6,0.0019694213,3149.5662573951345
305.7,0.0007640647,2540.248236307208
305.8,0.0065820036,2559.608101317643
305.9,0.0041653477,2316.864477015492
306.0,0.0018401792,2091.8068902734667
306.1,0.001339048,2141.754031909358
306.2,0.0007738986,2282.414848144141
306.3,0.00081356603,2153.508989857104
306.4,0.0003499172,3268.0527231684023
306.5,0.00047709412,2837.3843786315642
306.6,0.00031905665,3314.509299129203
306.7,0.00031966186,3428.4659949436714
306.8,0.00030429434,3175.5315219805993
306.9,0.0005825634,2610.6180333348666
307.0,0.0004815946,2781.474837355236
307.1,0.0004527037,3204.876905504748
307.2,0.06818216,1917.5638712723724
307.3,0.00039444258,3428.8513919040743
307.4,0.01367678,2966.512829966937
307.5,0.027432287,2113.284594080679
307.6,0.010765113,6704.132034313719
307.7,0.00035904493,3940.1671724821563
307.8,0.016739078,2715.0555228148933
307.9,0.035857517,2529.655855949291
308.0,0.0155086415,2517.7384376384152
308.1,0.003913594,3068.1953845682506
308.2,0.0014335715,2370.0282145928563
308.3,0.0006644956,2485.297059155427
308.4,0.00031589743,3386.554700206978
308.5,0.0003223293,3457.2442747378973
308.6,0.00030764184,3312.5245697730506
308.7,0.00033340053,3048.954275384874
308.8,0.00032338913,3466.0066515697463
308.9,0.00032651372,3609.8829586313072
309.0,0.00028316717,3544.02997686463
309.1,0.0003324203,3218.236590489237
309.2,0.0003290725,3229.257866776864
309.3,0.0003065179,3534.6345028810883
309.4,0.00032658371,3279.3201657422655
309.5,0.00032407316,3705.8160907719734
309.6,0.000333004,3336.3111140378705
309.7,0.0002934954,3411.7898434785325
309.8,0.0003124313,3446.408126853562
309.9,0.00031961707,3414.5663575702765
310.0,0.0003299882,3366.912067996531
310.1,0.00031892245,3480.918820406626
310.2,0.00030655146,3389.891845440586
310.3,0.0021104694,2011.434882182079
310.4,0.024201369,2414.193291281929
310.5,0.00670262,1621.0277719844019
310.6,0.0072720116,2041.0803892897063
310.7,0.022625674,1124.6356299068632
310.8,0.055895656,1221.9884166413544
310.9,0.011373308,1717.8779520589542
311.0,0.005398503,1520.412005348325
311.1,0.0015460311,1891.520296900876
311.2,0.0005454922,2990.2388514698114
311.3,0.00038202354,3245.885143813653
311.4,0.0007952525,2644.351552407862
311.5,0.0006716548,2641.735672568192
311.6,0.00052668335,2787.4256267279716
311.7,0.00046153856,3183.2104613603724
311.8,0.00035478172,3404.233185364418
311.9,0.00032771594,3502.2472133181923
312.0,0.0014585231,2605.5571027134106
312.1,0.02070099,2139.872452792417
312.2,0.008100916,1329.012984018898
312.3,0.009579834,1385.6348078376927
312.4,0.07191523,1742.1320901557797
312.5,0.048099417,678.8424417269803
312.6,0.047489285,1767.5771848634465
312.7,0.017613776,1237.365950469959
312.8,0.01802415,2171.935124944542
312.9,0.0070234663,3391.546305261896
313.0,0.016288841,2773.218916433226
313.1,0.040965065,627.1025839264715
313.2,0.0155865215,2484.5717981668395
313.3,0.009128832,2398.7225545396495
313.4,0.010550622,1833.8969446888589
313.5,0.0040842113,1768.7274307643052
313.6,0.001500964,1868.14490923219
313.7,0.00046253623,3071.812764981589
313.8,0.00053192215,2838.6601173603412
313.9,0.00038946225,3068.8789034639176
314.0,0.0009834139,2447.0153343546453
314.1,0.00038273638,3188.0921776482037
314.2,0.00034692168,3565.3692872389247
314.3,0.0003776153,3001.4938806498376
314.4,0.0003368397,3472.423752276347
314.5,0.00036312916,3301.139805817178
314.6,0.0003933963,3089.3044507135774
314.7,0.00040590714,3015.548066878639
314.8,0.00040821588,3204.831924631515
314.9,0.00039714688,3227.1018703757954
315.0,0.00040685307,3158.5267455261023
315.1,0.0004009793,3093.7578228073976
315.2,0.0003842303,3213.7872099898977
315.3,0.00038854932,3140.1448886511726
315.4,0.00037998223,3291.526687056403
315.5,0.00041057868,3221.2072290781443
315.6,0.0005700645,2816.8139491122583
315.7,0.0005607694,3148.4161286555145
315.8,0.00043007205,3747.395022958533
315.9,0.00041074518,3460.233971269481
316.0,0.00039889972,3457.122270093577
316.1,0.00057195884,3102.278576338781
316.2,0.00092258735,2295.7757222409446
316.3,0.00092759763,2471.3328451723114
316.4,0.0009990656,2130.562171738996
316.5,0.0013734575,2070.9084868572045
316.6,0.0008988905,2274.4905730242363
316.7,0.0009979911,2189.4450916640694
316.8,0.0006614471,2589.0769636262708
316.9,0.0007120268,2569.0910581068065
317.0,0.0007029639,2438.1215808413863
317.1,0.00046522816,3049.2725979093593
317.2,0.00064326526,2735.3302162306272
317.3,0.00038906385,3158.8619267854965
317.4,0.00039167315,3276.033999694476
317.5,0.0003763834,3103.632172893659
317.6,0.00037516814,3212.0058461674007
317.7,0.00038484338,3258.4946169173513
317.8,0.00035530733,3483.834725078771
317.9,0.00038455133,3426.9971145214404
318.0,0.00038684797,3129.765320313067
318.1,0.0005122606,2912.6829783332296
318.2,0.00093734474,2417.4007114505193
318.3,0.00055822695,2818.1870301833496
318.4,0.00050681026,2936.487007429456
318.5,0.0007072815,2422.119862409361
318.6,0.00078918383,2245.03546265336
318.7,0.0008617791,2165.6164741964735
318.8,0.00060582004,2790.05328647779
318.9,0.00080423837,2427.117375893662
319.0,0.00056391757,2502.196627178329
319.1,0.0007722704,2125.500074310285
319.2,0.0007452694,2562.9449206294835
319.3,0.0009002966,2255.062189032371
319.4,0.00090102793,2175.8939168039806
319.5,0.0015659067,1872.5638758722039
319.6,0.0009967901,2319.978063078491
319.7,0.0011330745,2007.8607655005774
319.8,0.0013322942,2075.268402970745
319.9,0.0010925548,1908.003995413088
320.0,0.0018752803,1817.588394559666
320.1,0.0009433389,2347.273725537726
320.2,0.0005115998,2909.106467550405
320.3,0.00032858842,3569.969479334416
320.4,0.00031823965,3702.626331382147
320.5,0.00031913657,3628.361780795613
320.6,0.0003084229,3588.356003673649
320.7,0.00031856823,3377.954415149388
320.8,0.00039979233,3152.7251176712352
320.9,0.00034205586,3228.866615792729
321.0,0.00032467657,3532.9022572213257
321.1,0.00034539847,3240.2731423291884
321.2,0.000317181,3556.641255032455
321.3,0.0003288253,3396.386936123134
321.4,0.00031341575,3568.5119710778117
321.5,0.00033263164,3382.4750348072307
321.6,0.0003204016,3407.673343899604
321.7,0.0003190938,3388.725606652852
321.8,0.0003226087,3300.263256664155
321.9,0.0003248611,3310.4208109415085
322.0,0.00038319846,3274.192372135492
322.1,0.00032455815,3486.2920986866075
322.2,0.000333843,3331.4363692564266
322.3,0.00028662413,3701.392208228202
322.4,0.0003068641,3382.58636360051
322.5,0.00031908127,3418.7880641389324
322.6,0.0002584629,3816.2937093420032
322.7,0.00031390984,3333.3893837406486
322.8,0.0003218498,3341.8951298095362
322.9,0.00030377202,3508.380139532423
323.0,0.0004132671,3162.144590005028
323.1,0.00046927552,2893.013455747866
323.2,0.0007954054,2056.927611882217
323.3,0.0007909906,2026.3644902747667
323.4,0.0009126425,1875.962856220301
323.5,0.0007277517,2376.986123191101
323.6,0.0006498289,2405.094316509891
323.7,0.0005406592,2519.571346517435
323.8,0.00044671106,2779.9010349792634
323.9,0.00050327193,2714.4259573748604
324.0,0.00039269566,3151.539268074282
324.1,0.00036459326,3412.381573539219
324.2,0.00036380172,3106.956739520384
324.3,0.00041733295,3306.433035582137
324.4,0.00031619417,3469.9031300641454
324.5,0.00031606347,3310.8133064511003
324.6,0.00033372437,3195.657971214528
324.7,0.00029443594,3312.793542229575
324.8,0.00031634455,3218.310612023373
324.9,0.00033419704,3201.1148309291257
325.0,0.0003273702,3208.2590713818536
325.1,0.00031128462,3474.690561794194
325.2,0.00031761845,3452.1302101113315
325.3,0.00030360348,3334.508408608358
325.4,0.0002763826,3703.2153038064753
325.5,0.00029705954,3519.8382136730693
325.6,0.0003163938,3291.3918748495466
325.7,0.00030246365,3274.0623395703506
325.8,0.00029202874,3381.1920692927088
325.9,0.00026182504,3548.7441542262222
326.0,0.00029093042,3476.9489900168833
326.1,0.00031379634,3420.266743853318
326.2,0.0003042441,3492.355884283131
326.3,0.00031015105,3529.1811766560386
326.4,0.0003044611,3415.2727323955005
326.5,0.0003078479,3394.752553633312
326.6,0.0005544513,2731.650822249897
326.7,0.0008006574,2218.6671828021135
326.8,0.0010512811,1989.8452777965533
326.9,0.0010848849,1999.6911528069177
327.0,0.001059502,1779.2378770979853
327.1,0.0011101871,1751.3942937535476
327.2,0.0008652697,2150.6978690873007
327.3,0.0009254541,2116.358369558855
327.4,0.0011950342,2061.672697119313
327.5,0.0012928495,1987.382938573041
327.6,0.00097100536,1862.6724970041705
327.7,0.00092576694,2620.6580939385635
327.8,0.00083489425,2207.4017326433795
327.9,0.000894759,2412.6844755747725
328.0,0.00057242083,2613.1167884284514
328.1,0.0006979492,2404.888065836475
328.2,0.0006774178,2791.8066703992927
328.3,0.0005783836,2929.359533389107
328.4,0.00072522927,2394.0818323895064
328.5,0.0004018475,3258.4102632744834
328.6,0.00044831328,3278.431104842952
328.7,0.00042015399,2839.942308610996
328.8,0.00038399445,3504.847547044884
328.9,0.0004989439,3081.3778562355346
329.0,0.00033747614,3422.768655514159
329.1,0.0003427402,3381.6272510692197
329.2,0.00029835876,3374.7727071383347
329.3,0.0003169045,3384.4558580281437
329.4,0.000332083,3389.3833230315086
329.5,0.00032273473,3463.684949739725
329.6,0.00039241402,3357.8880152309803
329.7,0.00033261377,3790.351102139089
329.8,0.00035976712,3175.120742582115
329.9,0.00039490804,3212.249293386005
330.0,0.00036216306,3134.257266952513
330.1,0.00034777634,3160.3798835716475
330.2,0.00035041975,3439.652019959322
330.3,0.00034862346,3281.2817470144428
330.4,0.00030749466,3206.37473054672
330.5,0.00030722737,3175.084251452564
330.6,0.0003390156,3338.107085785743
330.7,0.00032403207,3242.2030400486765
330.8,0.0003392544,3083.7227473964945
330.9,0.00033141472,3347.631388888427
331.0,0.00034294982,3077.8253760106345
331.1,0.00034650843,3199.2752307491696
331.2,0.0003394603,3160.1498639443143
331.3,0.00030702358,3201.1191570426313
331.4,0.00031540034,3056.5899853115625
331.5,0.00034538662,3060.8041997178234
331.6,0.000314532,3286.9499595872653
331.7,0.00036096096,3178.0482713519823
331.8,0.0010095016,2851.9899056192503
331.9,0.010270244,7734.417074946188
332.0,0.00045073626,4065.744527022708
332.1,0.07369857,1634.5232994017194
332.2,0.03113895,1718.7598999276306
332.3,0.017269095,1994.4893819264082
332.4,0.015774954,2044.7391695102042
332.5,0.009588908,2542.949258420754
332.6,0.00036350611,4034.4228014409364
332.7,0.012901099,2743.5953353304612
332.8,0.0042223497,1446.8448269990618
332.9,0.006820154,2247.251843854685
333.0,0.008953134,2760.802913302386
333.1,0.050706696,2035.2870925749537
333.2,0.005412257,2835.4903097954075
333.3,0.022574035,1846.2713894389424
333.4,0.013663142,2028.622877685629
333.5,0.010952588,8128.938488626629
333.6,0.021323862,2405.3380035247155
333.7,0.010665413,2564.973182016013
333.8,0.011632042,2380.624390179948
333.9,0.0069641555,2742.6696800695354
334.0,0.00032790477,4075.0722341883557
334.1,0.023932753,1797.8660616577629
334.2,0.01820658,1828.002113718425
334.3,0.00809997,2210.549438093725
334.4,0.006762641,2070.6097416966445
334.5,0.003303047,1880.72101859626
334.6,0.0010897538,2142.6642754451727
334.7,0.000648325,2484.6755858023535
334.8,0.00034838,3408.0946763572592
334.9,0.00032396795,3728.744254219348
335.0,0.0002922329,3489.0343862860855
335.1,0.0003387444,3508.3390133394005
335.2,0.00036962886,2974.2364477454985
335.3,0.0004133909,3122.229285943053
335.4,0.00039313085,3139.9690804353804
335.5,0.00043406064,2837.473948050897
335.6,0.00036018257,3515.4655457341833
335.7,0.00035840273,3201.712373862849
335.8,0.00031284385,3615.8585684610757
335.9,0.0003963748,3324.898001419423
336.0,0.0054863314,1410.9218648745866
336.1,0.00037015378,3610.5547397560185
336.2,0.06782,1428.3435623644345
336.3,0.01384218,3940.5846969601753
336.4,0.011464574,6907.666309024389
336.5,0.012004914,3850.787358885093
336.6,0.011214655,2261.814391335906
336.7,0.00913053,6824.124650874751
336.8,0.008178477,2656.947061998975
336.9,0.018692179,1082.2127342529836
337.0,0.009108788,987.6555439424745
337.1,0.00046188038,3082.4984554711727
337.2,0.00030423468,3454.8031500631564
337.3,0.00032276745,3395.7255886367675
337.4,0.007441342,2923.8041242528375
337.5,0.004618278,2873.931238158481
337.6,0.0047623552,2743.8657470835506
337.7,0.00440394,2116.6150898780697
337.8,0.003563947,1665.9084729406534
337.9,0.0021926071,1647.2558621250178
338.0,0.0010815103,1944.0446776209112
338.1,0.0003394548,3479.268112425657
338.2,0.00032878944,3341.0789959198346
338.3,0.00032118653,3410.609574840249
338.4,0.00037758335,3349.264389449908
338.5,0.0003847129,3202.052149452754
338.6,0.0003876894,3106.9590802768666
338.7,0.00042915012,2990.6601990198283
338.8,0.00044144978,3109.226197264188
338.9,0.00039329534,3015.650869132152
339.0,0.00033470802,3433.865196027309
339.1,0.00032114825,3397.7589822349623
339.2,0.00029855626,3607.869736802766
339.3,0.0012505234,3871.1420184193526
339.4,0.011830867,7168.52706861872
339.5,0.008970324,2769.777180966668
339.6,0.01550572,2175.77697703768
339.7,0.021744074,1301.8111005417104
339.8,0.009727185,3067.2189069093283
339.9,0.007895626,7847.265018730865
340.0,0.013174029,2126.5465780505197
340.1,0.016962301,1434.1463772068894
340.2,0.00037034287,4140.415373581876
340.3,0.015202091,2498.092931239361
340.4,0.006927376,1437.8602641308685
340.5,0.008098656,6749.048640596682
340.6,0.007478331,3476.3907815452967
340.7,0.025983939,1336.1954135894068
340.8,0.014761177,1490.8069919398954
340.9,0.011279173,2739.8248126074336
341.0,0.046014246,648.1473477786044
341.1,0.010133078,1707.9985670493857
341.2,0.0042267065,1442.2009848332702
341.3,0.0092956,2570.962689031082
341.4,0.0005230256,3747.1102600100276
341.5,0.006853296,2875.6207196496034
341.6,0.0049680206,1572.0350992161866
341.7,0.011110762,3729.7645127197957
341.8,0.0043583107,6684.274563995463
341.9,0.01397829,8398.911986468815
342.0,0.008124009,2819.768860577286
342.1,0.0068747695,2958.458520164363
342.2,0.005587204,2533.1682496645717
342.3,0.035554998,1084.619993591042
342.4,0.0018874139,2228.6756303705865
342.5,0.0042083715,2081.890043509168
342.6,0.00031709747,3456.6554123764035
342.7,0.00032907684,3280.050213385107
342.8,0.011802272,3306.2806385058075
342.9,0.003577895,3045.902144995441
343.0,0.0006697237,2383.4552922000803
343.1,0.00031081485,3266.272638949875
343.2,0.00030768506,3322.0606235000528
343.3,0.0002927526,3604.143684816484
343.4,0.00030191214,3254.2211641985587
343.5,0.00035750744,3275.9306139062187
343.6,0.00034990883,3274.000130516226
343.7,0.00034243468,3194.6722092931277
343.8,0.00034634155,3475.191775178562
343.9,0.0003245336,3457.263612664553
344.0,0.00035665467,3269.7891403677213
344.1,0.00041413575,3320.0298754259165
344.2,0.000372626,3334.9093450862647
344.3,0.00040986063,3293.8166127680797
344.4,0.0003864354,3060.983638804256
344.5,0.0003900336,3170.896609227665
344.6,0.0003295522,3692.433016397439
344.7,0.00031420687,3265.4233933181144
344.8,0.00033947072,3442.02919670902
344.9,0.00034219993,3440.759727949221
345.0,0.00031288614,3448.6141392559057
345.1,0.00033349413,3181.024705346887
345.2,0.0003244351,2924.5615958146714
345.3,0.0003081344,3123.4087898325038
345.4,0.00033038753,3199.4033330671714
345.5,0.00032031487,3100.158857234731
345.6,0.000308916,2883.0298749994463
345.7,0.00031801625,3045.9504945148346
345.8,0.0003133122,3138.121139233791
345.9,0.00030532823,3033.94751906657
346.0,0.00026947906,3694.180506189029
346.1,0.00032301524,3489.905923453427
346.2,0.0002657582,3491.410687003186
346.3,0.0003035031,3312.1551903036743
346.4,0.00031636652,3451.657071634618
346.5,0.00033566065,3402.4572913470174
346.6,0.0003519721,3381.2299274750385
346.7,0.0003455175,3651.1512023694077
346.8,0.0003369842,3429.364578570358
346.9,0.00034799616,3593.3071659919824
347.0,0.00033640547,3526.5411714167712
347.1,0.0003259129,3260.2848191886605
347.2,0.00036875362,3370.32748528891
347.3,0.0004764182,2856.382662002805
347.4,0.000547559,2677.982838877995
347.5,0.0008161042,2233.1535569205917
347.6,0.0007595041,2438.7891667486624
347.7,0.0007548843,2551.7842349926696
347.8,0.00071729487,2652.8687982545785
347.9,0.00067939056,2470.6315848465833
348.0,0.0005677338,2757.428658337991
348.1,0.00049557793,2903.5344526088215
348.2,0.00046552136,3367.2218085205104
348.3,0.00044146346,3285.414002060175
348.4,0.00043620515,3315.4747588790715
348.5,0.0004760365,3385.914430244008
348.6,0.00043227905,3210.7765233301307
348.7,0.00043754457,3475.75511450048
348.8,0.00038946432,3368.788877352343
348.9,0.00039166224,3434.479471997613
349.0,0.00039036656,3617.557617613681
349.1,0.0004295114,3234.0714226371265
349.2,0.00041528384,3289.185663995302
349.3,0.00041909807,3530.423325493233
349.4,0.00037602027,3505.2088153621585
349.5,0.0004041583,3223.8590414967884
349.6,0.0004235439,3402.106747197189
349.7,0.0003745885,3608.3607370944746
349.8,0.00041649892,3340.9156028099874
349.9,0.00037045556,3480.0646973246435
350.0,0.00032773835,3663.285782835114
350.1,0.00037269286,3658.168506305915
350.2,0.00037745334,3135.4069427734817
350.3,0.00036168026,3411.2444203478267
350.4,0.0003827228,3546.50340465303
350.5,0.00041257692,3436.6391997146807
350.6,0.00077966537,2538.984832952297
350.7,0.0006769131,2525.854583046592
350.8,0.0010480302,2240.558135029727
350.9,0.0008951386,2343.256227398848
351.0,0.00077571016,2548.6341022444703
351.1,0.0006136617,3015.197458835325
351.2,0.00090687873,2412.2917195582595
351.3,0.00077058654,2514.1275268899444
351.4,0.00059723627,2860.897739231231
351.5,0.0008440087,2436.927084900415
351.6,0.0008371447,2418.3129991113733
351.7,0.00082530634,2452.3426930044443
351.8,0.0005977761,2588.2345592124952
351.9,0.00047335235,3219.6330168450945
352.0,0.00055489264,2501.9072799309392
352.1,0.0003897742,3110.8508661341475
352.2,0.00065591495,2541.284409832601
352.3,0.00048196522,2944.872582670438
352.4,0.00045846542,3201.9018076892476
352.5,0.0004260502,2999.4064701510297
352.6,0.00044755242,3258.8226089117834
352.7,0.000337433,3516.6970203631836
352.8,0.00032994308,3440.6025750814665
352.9,0.00033933722,3515.668179204151
353.0,0.0003122439,3602.465030766425
353.1,0.00028174213,3560.7002790258844
353.2,0.0003171774,3218.0742607347574
353.3,0.00032790165,3595.0689008504687
353.4,0.00032567448,3364.906246735136
353.5,0.00032367185,3573.309499833794
353.6,0.00029063303,3418.5928259927364
353.7,0.00028555997,3533.0355086178483
353.8,0.00033290594,3095.303216163426
353.9,0.00029657286,3250.480843962701
354.0,0.00036019864,3081.119461653383
354.1,0.00037833845,2763.1472694302615
354.2,0.00033435147,2951.152047181762
354.3,0.00032685796,3107.630869544301
354.4,0.0003147752,3336.253588228519
354.5,0.00032888385,3256.826636070214
354.6,0.00039687371,3135.9331378239167
354.7,0.0009617107,2264.0722330966146
354.8,0.013483136,1104.4906759669423
354.9,0.036991864,1848.4513961883295
355.0,0.018005388,1571.5171271336606
355.1,0.004134765,1326.8432710688342
355.2,0.01247245,2126.6386541966176
355.3,0.00032701265,3665.9500356963217
355.4,0.012577036,1831.2499447382356
355.5,0.013357357,1897.1343509452415
355.6,0.008828447,1585.8609007420796
355.7,0.006592861,1440.5351073191266
355.8,0.0045099617,1480.764962692237
355.9,0.0035034635,1384.6925560701345
356.0,0.0018955759,1716.485383763024
356.1,0.0024509542,1486.7305675003695
356.2,0.00097355695,2295.9298887451023
356.3,0.0011560068,2005.5938607224318
356.4,0.0023325225,1583.7616235531714
356.5,0.002327163,1788.0479926955186
356.6,0.0038169036,1655.071721389766
356.7,0.0003861067,3469.3289434698536
356.8,0.017354665,1874.3117592975657
356.9,0.01605951,2152.386113170326
357.0,0.04102102,827.8945113399594
357.1,0.029324984,1427.889069099359
357.2,0.021829626,1156.1712053583094
357.3,0.007248587,1695.3815356895177
357.4,0.004869237,1709.7391119916254
357.5,0.002007837,1861.793150791388
357.6,0.0011122278,2115.042894931259
357.7,0.0005226065,2774.1537720572787
357.8,0.0004839511,3158.742973553174
357.9,0.00037236596,3339.7835104194037
358.0,0.00034312526,3008.405770684579
358.1,0.00032396734,3289.917487606009
358.2,0.00032959774,3265.8916434363828
358.3,0.00033922246,3178.661111126644
358.4,0.00031363856,3248.625027099494
358.5,0.00031396886,3167.95285838654
358.6,0.00032529864,3481.5281609007307
358.7,0.00030407775,3394.4275481484833
358.8,0.00035836291,3193.0758516377327
358.9,0.00032750488,3287.7497089008157
359.0,0.000336373,2995.4534212325225
359.1,0.0003452232,3030.4336905704436
359.2,0.0003571314,3246.265814140424
359.3,0.0003322708,3398.555368872221
359.4,0.00034935083,3200.7044313957704
359.5,0.00030674387,3444.782507784344
359.6,0.00034204838,3209.5854710043313
359.7,0.0003321877,3662.313001782889
359.8,0.00035597803,3284.6164499011293
359.9,0.00033069128,3474.3944251686903
360.0,0.00037297155,3032.0825013573567
360.1,0.00046936105,2774.488372902807
360.2,0.00066870323,2654.9862963649166
360.3,0.0006763239,2485.4681350302603
360.4,0.0007443634,2449.097253792231
360.5,0.0007560776,2498.7564321108575
360.6,0.00094318856,2162.208177372353
360.7,0.00084855984,2083.469550282712
360.8,0.0007434379,2299.7339602629563
360.9,0.0005629058,2783.414320420706
361.0,0.00044266548,3130.001406774237
361.1,0.00030997902,3353.70671545988
361.2,0.00034060143,3135.0139372250524
361.3,0.0003364571,3373.016079306953
361.4,0.0003272554,3436.387395218798
361.5,0.00034989216,3391.6607608891873
361.6,0.00038263277,3408.939941292554
361.7,0.00033792257,3499.9698317377743
361.8,0.00032468032,3752.7887776051048
361.9,0.00030201423,3447.881944177295
362.0,0.0003231014,3638.12568131648
362.1,0.00030505398,3305.995079993081
362.2,0.00029968796,3383.3634013202754
362.3,0.0003172479,3234.551409409566
362.4,0.00031210476,3363.5299744653585
362.5,0.00031049675,3720.5484929016634
362.6,0.0003472709,3043.16089548868
362.7,0.00035107142,3058.331175082755
362.8,0.0003415838,3193.421969170083
362.9,0.00035075375,3237.123353277362
363.0,0.0003436571,3234.3940691325893
363.1,0.00030797807,3437.686181292809
363.2,0.0003559445,3002.2797214718594
363.3,0.00032754656,3540.7648721049927
363.4,0.00032075352,3508.2327948536963
363.5,0.00033964688,3561.979892882619
363.6,0.00045498007,2960.339348781217
363.7,0.00062738545,2526.0985134037383
363.8,0.0008485315,2433.482096478108
363.9,0.0009998499,2227.065213914882
364.0,0.0009294794,2011.8884775102129
364.1,0.0009087834,2295.4960443281516
364.2,0.0006866969,2295.9354148020807
364.3,0.00072137534,2423.393425501407
364.4,0.000949002,2011.949758925462
364.5,0.0011529679,1858.8205585884482
364.6,0.0010349532,2136.0997239592834
364.7,0.0007222056,2299.0340276224942
364.8,0.0006964094,2320.5322005162298
364.9,0.0006981082,2433.580834576737
365.0,0.0005442886,3040.0557402900668
365.1,0.00041018045,2840.199937642592
365.2,0.0005166146,2902.3789561526382
365.3,0.00046778895,3170.0844871476684
365.4,0.00037238543,3197.8584194321666
365.5,0.00033681042,3213.4325300606106
365.6,0.00046265256,3231.1393929699575
365.7,0.00038575125,3431.0935031658223
365.8,0.00030447578,3457.3964565897277
365.9,0.00029726303,3638.3051211709853
366.0,0.0002988604,3550.5004837319334
366.1,0.00035804225,3246.037590751058
366.2,0.00033982616,3330.4246347709914
366.3,0.00036980357,3179.9923987392003
366.4,0.00037203438,3443.5464060662844
366.5,0.00033770656,3107.696621606398
366.6,0.00034586916,3105.211200525348
366.7,0.0002858589,3523.00712840716
366.8,0.00030781334,3445.1443510797176
366.9,0.0004431523,2965.6056674087795
367.0,0.00031469393,3328.1746393207627
367.1,0.00030862982,3540.1208452512333
367.2,0.0005318962,2962.679749974124
367.3,0.00041323062,3209.6393462313995
367.4,0.00052373233,2942.549906704673
367.5,0.00037543502,3396.713887898497
367.6,0.00041244313,3207.238657440459
367.7,0.00035413247,3136.9988596677417
367.8,0.0003780355,3148.5751178590394
367.9,0.00033232942,3435.2495216532734
368.0,0.00036708097,3256.2330876797855
368.1,0.0005126284,3134.210659879749
368.2,0.0003773547,2995.4310156919664
368.3,0.00037948828,3308.764342747813
368.4,0.0003615328,3199.8213536450257
368.5,0.000548632,2700.3045983491256
368.6,0.0005933288,2576.441500248594
368.7,0.00055304746,2706.793231516221
368.8,0.0006780229,2358.1389262527236
368.9,0.0006133543,2584.2361030130123
369.0,0.0005946623,2775.9853691207054
369.1,0.000978166,2020.8882402873592
369.2,0.00083206303,2269.6014071793275
369.3,0.0009969955,2073.807095328352
369.4,0.0014189448,2187.7828147849523
369.5,0.00059230684,2952.108783664541
369.6,0.0006018376,2994.711039516693
369.7,0.00058637507,2769.94279837763
369.8,0.0004247164,3142.730663281773
369.9,0.0004071509,3137.4448198297614
370.0,0.00045272737,3169.5574548466975
370.1,0.0003540858,3326.2560469147847
370.2,0.00043108762,3116.9778964777133
370.3,0.00035233184,3429.3093394041607
370.4,0.00037732808,3443.133169478003
370.5,0.0003391801,3443.9206964308
370.6,0.00034622106,3518.9981130691376
370.7,0.00034375026,3586.26029702863
370.8,0.00033853637,3496.0403504887977
370.9,0.00035512177,3174.0887609027027
371.0,0.00035894618,3163.4306950336686
371.1,0.0003461191,3684.0829795825002
371.2,0.00034214288,3260.8257902488035
371.3,0.0003197747,3562.85686968633
371.4,0.00040470087,3201.580071745804
371.5,0.0004896391,2756.649166859136
371.6,0.00065071305,2295.3424636932345
371.7,0.0006446945,2658.279287239344
371.8,0.0006146489,2606.115513487008
371.9,0.0008603897,2131.6847595540767
372.0,0.00091691327,2158.688695268482
372.1,0.0005723105,2631.5565251256603
372.2,0.0006996622,2514.010530496733
372.3,0.0007835393,2542.0098695607167
372.4,0.0012669741,1806.4738462371934
372.5,0.000935452,2199.5303765873123
372.6,0.00097404304,2003.8887204318075
372.7,0.00091718766,2141.5817234297033
372.8,0.0006725179,2413.509104160976
372.9,0.00074373116,2373.5559188910024
373.0,0.00061142293,2659.188809553637
373.1,0.0006607742,2432.8615637862094
373.2,0.00046540215,3068.8118733381884
373.3,0.0004902968,2942.34560603974
373.4,0.00036710582,3294.145046188476
373.5,0.00038420552,3039.807691226604
373.6,0.00034661154,3741.2539416539466
373.7,0.0003576626,3202.5181874351065
373.8,0.00032943705,3496.0893020210433
373.9,0.00033496512,3465.682952730538
374.0,0.00031739575,3425.649260732085
374.1,0.00032644012,3455.602131498037
374.2,0.0003351533,3578.0606834446053
374.3,0.00031377762,3186.6758712570636
374.4,0.00030785066,3633.474845420411
374.5,0.00028857106,3033.875102192289
374.6,0.00029843833,3572.869727912161
374.7,0.0003286224,3100.1186579233918
374.8,0.0003554833,3017.7702862610436
374.9,0.00032331303,3125.558956252299
375.0,0.00033346968,3290.493012395791
375.1,0.00034479407,3129.5903176716097
375.2,0.00036278757,3149.9075201357546
375.3,0.00033515142,2992.5713535638097
375.4,0.00032307932,2940.728329915479
375.5,0.0003318232,3059.129622455283
375.6,0.00031664106,2989.0498836147985
375.7,0.00028724884,3489.195418347677
375.8,0.0002941174,3350.5485865218516
375.9,0.00031539472,3158.7317419423325
376.0,0.0003290354,3185.4545385968413
376.1,0.0003164913,3549.556413677212
376.2,0.000362007,3276.098165577098
376.3,0.00036725347,3136.8920813700042
376.4,0.00034819733,3430.8731452896536
376.5,0.00035195614,3207.757394686437
376.6,0.0002929452,3488.4208949540625
376.7,0.00034682712,3193.12031543559
376.8,0.00032503,3305.9252267416923
376.9,0.00027488862,3443.4711766857795
377.0,0.00038160797,3234.392548623786
377.1,0.0003152368,3314.0637948082976
377.2,0.00034020885,3333.9181435071114
377.3,0.00037854273,3229.1472161729735
377.4,0.00032470096,3224.6976063704124
377.5,0.00033317972,3241.220311415855
377.6,0.00029761918,3389.7613124342097
377.7,0.0002804472,3291.3597930021533
377.8,0.00032490835,3099.625928170507
377.9,0.00037115221,3012.602987742663
378.0,0.00073271676,2819.072766519589
378.1,0.00028655736,3418.349384378872
378.2,0.00030722644,3593.6026860307
378.3,0.021735057,2000.6939856835393
378.4,0.032333445,1583.203560652852
378.5,0.018612206,1766.9059861525418
378.6,0.0044195806,2426.19749312004
378.7,0.008404022,7360.206289655707
378.8,0.00047803507,4013.9101039228312
378.9,0.0043256856,2874.284640616896
379.0,0.006464517,2446.064137364691
379.1,0.005923332,2427.3624655150074
379.2,0.027330764,1713.0578226361458
379.3,0.020069988,1926.9605812044206
379.4,0.00030127238,3941.0891755481252
379.5,0.0066017015,2547.277769290429
379.6,0.00042316382,3477.884280952064
379.7,0.012378673,1612.4690828704245
379.8,0.008926836,1584.4987480047234
379.9,0.005623678,1539.1107311561486
380.0,0.0009726598,2350.067167567168
380.1,0.00073047314,2712.099844353769
380.2,0.0005229316,2782.2027724432496
380.3,0.0006053663,2547.0546343119795
380.4,0.00041546923,2925.7725522567766
380.5,0.0003959745,2780.0193278622382
380.6,0.00043380872,3058.713831342973
380.7,0.00039047326,3228.531405363413
380.8,0.00030952506,3324.6221662796424
380.9,0.014451989,2449.383888143611
381.0,0.044328608,1454.847018673801
381.1,0.027993549,1540.5631392380467
381.2,0.04147438,1173.5150561547068
381.3,0.025684958,995.266555663429
381.4,0.0071599344,1421.2072273180438
381.5,0.0056530405,1532.3392355724463
381.6,0.012979149,1501.979180302534
381.7,0.0011983071,2880.9489895193738
381.8,0.006131613,4208.34796386267
381.9,0.006808702,2124.3587847575327
382.0,0.0042806473,2289.3533732075693
382.1,0.00028956513,3462.938411339429
382.2,0.00033086629,3435.895921291267
382.3,0.006738992,2196.400910905672
382.4,0.005761143,2218.1865194708175
382.5,0.020873796,1326.103490821227
382.6,0.00032756905,3926.1701263687296
382.7,0.00032644655,3441.5754266995455
382.8,0.0003277128,4146.13097414325
382.9,0.00038329652,3748.0677454897404
383.0,0.035898533,1640.6712667997065
383.1,0.008120512,3001.734416126855
383.2,0.016155174,1821.039358024664
383.3,0.0024306744,1958.0778907232398
383.4,0.004341615,6590.985090100247
383.5,0.0059920913,3961.060569283399
383.6,0.0058184387,2717.8413924583506
383.7,0.006164008,1526.7546087420124
383.8,0.0034190589,1604.83273830217
383.9,0.0026566624,1632.445092268006
384.0,0.001327366,2065.9755107768005
384.1,0.0007136537,2625.043365951088
384.2,0.0006295186,2562.233153175482
384.3,0.00038962305,2925.971401927772
384.4,0.00031717526,3550.1046229150315
384.5,0.00030833978,3385.304001930277
384.6,0.0003601664,3375.3985892445553
384.7,0.00033863462,3475.2720897259615
384.8,0.00036179568,3418.61933158335
384.9,0.00034288713,3437.2709750998265
385.0,0.00037162012,3158.1389854028193
385.1,0.00043898338,3007.4645138605115
385.2,0.00042688713,2724.7463689888496
385.3,0.00038011066,3248.6773002214704
385.4,0.000343322,3289.408899038945
385.5,0.00036349808,3382.797489532779
385.6,0.0003415492,3158.2214749629484
385.7,0.00037135283,3225.778625506113
385.8,0.00035754763,3101.5843104661126
385.9,0.00034303288,3468.335319654807
386.0,0.00032712374,3328.9614197792152
386.1,0.00033737972,3342.422203765201
386.2,0.00030919287,3515.304789916955
386.3,0.00031363257,3487.693329068834
386.4,0.00034356175,3364.481510048472
386.5,0.00031983794,3590.79208527794
386.6,0.00029632816,3504.4690303863576
386.7,0.00038762824,3377.0326164394305
386.8,0.0003485202,3420.853193481169
386.9,0.00035147148,3565.3734529760563
387.0,0.00037234146,3394.675268951606
387.1,0.00033377737,3480.2643322508015
387.2,0.00030461914,3373.643491833063
387.3,0.00030843972,3656.531991771491
387.4,0.00031647537,3594.87905751264
387.5,0.00034097137,3476.663499739617
387.6,0.00030026058,3195.0343598290683
387.7,0.00031654333,3587.996530462121
387.8,0.0003332733,3570.6071286206197
387.9,0.0004657815,3214.952029534797
388.0,0.0045556547,2566.362476523801
388.1,0.009226943,5979.630599129075
388.2,0.0091744065,5624.081064740352
388.3,0.009767048,7313.117006016399
388.4,0.00541002,3598.0626212685293
388.5,0.013212831,2168.7339678553244
388.6,0.0072359717,2865.4931582199165
388.7,0.00062249496,3734.136741431773
388.8,0.006212881,2083.2786056617883
388.9,0.008001368,2372.6207573643787
389.0,0.018872082,1450.6730540687954
389.1,0.027956288,1385.2770975821445
389.2,0.006552098,1735.2366115107845
389.3,0.0036864115,1859.4387813766164
389.4,0.00031721205,3434.194497309893
389.5,0.00030582733,3740.9945674183373
389.6,0.0077069732,2032.4244881510924
389.7,0.023004228,1169.456608251902
389.8,0.013439854,1415.9800463970384
389.9,0.014895484,808.915891359939
390.0,0.0058301273,1339.1860932967877
390.1,0.0075164186,1553.9592020297684
390.2,0.0046781343,1703.590544096397
390.3,0.0023663118,1868.303465974905
390.4,0.0010076043,2253.349636607159
390.5,0.00067151786,2420.826210190974
390.6,0.00053758017,2752.3483589663892
390.7,0.0005291934,2740.538330993197
390.8,0.0005527009,2673.187464784687
390.9,0.0006126332,2415.3125437867043
391.0,0.0016351579,1843.8282958255215
391.1,0.008784845,1420.3473130271395
391.2,0.0058632945,1566.5515675001802
391.3,0.00032170978,3746.1655382230438
391.4,0.020987948,2702.180488037249
391.5,0.02564348,949.9653147025746
391.6,0.004930277,2067.966145169864
391.7,0.01432124,2418.7141982331536
391.8,0.0038692888,2165.116424002015
391.9,0.0016511338,1929.2682389372844
392.0,0.0005176907,2815.9042739754445
392.1,0.0003259065,3246.7456916238393
392.2,0.00030716474,3108.935201577572
392.3,0.00031449806,3560.810971081619
392.4,0.00030546027,3391.482743433088
392.5,0.00027647932,3567.9325784793214
392.6,0.00032601654,2960.4137763088174
392.7,0.00035513059,2948.6683613776027
392.8,0.00032739545,3307.3821648919657
392.9,0.00033895418,2991.376356416611
393.0,0.00032809033,2999.8558708646756
393.1,0.00033484265,2929.174745664833
393.2,0.00030303551,3166.178400520258
393.3,0.00031620477,3391.7815461238442
393.4,0.0003294445,3001.589711033236
393.5,0.00031035155,3199.8101780042753
393.6,0.0002993522,3363.9254107770143
393.7,0.00027920218,3383.671791376906
393.8,0.00032703945,3238.9009981949534
393.9,0.00029726618,3371.757888871574
394.0,0.00030878716,3413.5761081985415
394.1,0.00031962132,3331.1713561858933
394.2,0.0002993197,3403.9736954766236
394.3,0.00029766886,3221.9436394406744
394.4,0.00059171044,2847.7719655167894
394.5,0.0009454047,2120.658236158095
394.6,0.00087363645,2317.9687724238324
394.7,0.0011069742,2003.9912587984168
394.8,0.0009922322,2167.0134751422142
394.9,0.0008794659,2278.0024671129318
395.0,0.0005960381,2264.9376549942995
395.1,0.00067718164,2454.9766044423345
395.2,0.00068469136,2355.187319290213
395.3,0.00044938375,2851.0360583398615
395.4,0.00041105907,3136.5630192899557
395.5,0.00031919137,3314.0428439921498
395.6,0.00029526575,3567.658573346115
395.7,0.00027856106,3480.7339717158866
395.8,0.00033920506,3131.564033836218
395.9,0.00049940625,2940.6739590369493
396.0,0.00029245304,3407.35568484533
396.1,0.00027963985,3206.827340188628
396.2,0.00030628126,3322.836316555912
396.3,0.00033195372,3436.3003473883336
396.4,0.000516407,3188.673446987688
396.5,0.00051041436,2708.9529086986263
396.6,0.00056887075,2559.4597644902865
396.7,0.00057702814,2541.7327830455506
396.8,0.00070312555,2281.321870490643
396.9,0.00075087394,2083.66988340551
397.0,0.00068019214,2611.9131846323426
397.1,0.00056531717,2417.5366833828384
397.2,0.0006737512,2395.535600305247
397.3,0.00049300084,2617.467767625982
397.4,0.00056802935,2626.9934430956323
397.5,0.00074829545,2351.3015386690217
397.6,0.0007435803,2235.6318637888435
397.7,0.0008423199,2246.6830534069118
397.8,0.0016603451,1576.040875486662
397.9,0.0011918404,2066.6093271224922
398.0,0.0010402008,2105.479748943963
398.1,0.00084154925,2259.7730919496153
398.2,0.0012775927,1903.2070516711838
398.3,0.0009579044,2539.558615077077
398.4,0.00062537624,2773.302431685015
398.5,0.00036856317,3140.1731355190605
398.6,0.00034067396,3193.7228221310024
398.7,0.000323195,3269.294544446141
398.8,0.0004987586,3073.308942451215
398.9,0.00036213832,3204.716407229562
399.0,0.0003133776,3349.4549398637546
399.1,0.0003729877,3209.3274367689773
399.2,0.00034654484,2970.8466732624665
399.3,0.00037516572,3124.902152387885
399.4,0.00030006035,3304.5047537876558
399.5,0.0003845262,2895.9347138653734
399.6,0.0003278189,3322.3615835343944
399.7,0.00029810466,3275.263305962584
399.8,0.00031967013,3309.783821487002
399.9,0.00027766978,3215.7113317071835
400.0,0.00027520317,3415.628150808155
400.1,0.00031762687,2999.0328603675175
400.2,0.0002599577,3488.685931765222
400.3,0.00029042503,3259.0254159810797
400.4,0.0003177956,3134.8617807014807
400.5,0.00029457625,3389.2552864923555
400.6,0.00034532102,3210.3781597180287
400.7,0.0003209143,3306.5956501641435
400.8,0.00055242336,2865.0592496415816
400.9,0.0053887377,7838.9921989396125
401.0,0.008419721,6678.604774627676
401.1,0.072601065,1321.5349055827821
401.2,0.029486734,1210.4045910354914
401.3,0.009366709,1677.6615986974698
401.4,0.0030671994,6247.461555060562
401.5,0.00582442,6081.6988650719895
401.6,0.011196799,1742.7338972754
401.7,0.004601333,1736.1681655835619
401.8,0.0040040314,1736.173934277616
401.9,0.0020537039,1685.2603286578455
402.0,0.00089683913,2351.8648164651886
402.1,0.00044953896,3287.116859804003
402.2,0.00040495137,3365.0302415872316
402.3,0.0004007878,3551.6108939202427
402.4,0.00042122565,3216.71194196627
402.5,0.00046281438,3027.850021500364
402.6,0.0004105116,3218.9789508138724
402.7,0.00042683358,3170.791330932144
402.8,0.00042031484,3277.1886155786024
402.9,0.00038752894,3568.9134128667156
403.0,0.0003746681,3412.3096150867573
403.1,0.0004182098,3502.615773048154
403.2,0.00042701187,3432.068442391206
403.3,0.00037748925,3465.2265043570615
403.4,0.0004267944,3212.63682442871
403.5,0.008799291,1901.0715605942921
403.6,0.0073004947,1598.2836030921633
403.7,0.0070092063,5471.5439990330315
403.8,0.0009955041,4956.866343628093
403.9,0.019066965,1671.2793756753185
404.0,0.0003720976,3875.6875266184506
404.1,0.008049168,2205.096543806551
404.2,0.0059403656,2007.8829080062142
404.3,0.010324282,3614.2111388436506
404.4,0.004698078,1874.095380184779
404.5,0.006787504,1441.3806870092556
404.6,0.0021149404,2301.9016037378096
404.7,0.00096515677,2317.6962295434028
404.8,0.0004886205,2889.2655571124515
404.9,0.00041046785,3228.0821855039753
405.0,0.0003581485,3535.7901199224134
405.1,0.0003278825,3548.6893493267853
405.2,0.00036004177,3372.3590713073336
405.3,0.00034714278,3290.2558345378616
405.4,0.0003152888,3370.318636820549
405.5,0.00031897728,3235.346755389664
405.6,0.00034916645,3324.345633657786
405.7,0.0003501194,3141.381620310409
405.8,0.00032942035,2962.050279606528
405.9,0.00030797077,3411.919326207132
406.0,0.0003431171,2927.515029897424
406.1,0.0003166987,3324.8643777523757
406.2,0.00031630453,3208.453196393886
406.3,0.0003064625,3561.7050350739187
406.4,0.0003420141,3376.3721225357976
406.5,0.00034429328,3216.46757213845
406.6,0.00031836692,3823.8863168131957
406.7,0.00029369135,3924.4708310883657
406.8,0.00034648302,3436.860900831657
406.9,0.00043900879,2907.2039010844323
407.0,0.00067444454,2428.533303854434
407.1,0.00073092844,2220.3080385464314
407.2,0.0007147172,2366.5472233764176
407.3,0.00063754147,2400.3719224072893
407.4,0.0009030571,2314.986485012027
407.5,0.0009521092,2107.764925417567
407.6,0.000765557,2181.5494580616337
407.7,0.0004983891,2963.1090553350477
407.8,0.0004906033,2768.485809522431
407.9,0.00033719887,3329.0956688129236
408.0,0.00040426536,2972.4533138947495
408.1,0.00037083242,2975.063129738938
408.2,0.0003475016,3175.741992707844
408.3,0.0003719121,3227.456218231234
408.4,0.0003320804,3403.3824645152854
408.5,0.00034929445,3201.571072447502
408.6,0.0003363805,3364.1720167276053
408.7,0.00029061793,3361.734792787905
408.8,0.00031925255,3403.585123729231
408.9,0.00031669185,3548.815882371729
409.0,0.00030686051,3466.4551174800886
409.1,0.0003083276,3438.9387530328427
409.2,0.00031345742,3590.6727551956164
409.3,0.00029648983,3525.763800158768
409.4,0.00031048115,3467.850932641366
409.5,0.00033294183,3319.8350748056096
409.6,0.00028839606,3498.0829704486314
409.7,0.0002915317,3666.683514155976
409.8,0.00027686157,3657.59401297783
409.9,0.00033597174,3556.6207341873337
410.0,0.0003328739,3352.988020539936
410.1,0.0003260332,3654.217543694344
410.2,0.0003316399,3373.81682112126
410.3,0.00031882362,3608.799463170679
410.4,0.00043422618,3007.4132740881905
410.5,0.0005152213,3018.5432266210346
410.6,0.0008785296,2141.607259827748
410.7,0.0010213096,2242.7153135714266
410.8,0.0009938536,2048.8081513212833
410.9,0.0010215858,1915.7246827344793
411.0,0.0008804504,2249.7520858951316
411.1,0.0008524589,2492.558569547033
411.2,0.0008554246,2359.5933190318724
411.3,0.0010090601,2259.355482387851
411.4,0.0012030298,1824.068804981127
411.5,0.00069860165,2611.265323358927
411.6,0.0008127282,2147.562257856833
411.7,0.00077105896,2431.6292677794536
411.8,0.00058932323,2872.8626733206274
411.9,0.00046505727,3122.178363343205
412.0,0.000452817,3000.329860237996
412.1,0.00045463647,3154.042824359052
412.2,0.00036219563,3383.2142934024255
412.3,0.00036189402,3409.2758206480507
412.4,0.00036554164,3348.4777301826616
412.5,0.00037548435,3315.790525597357
412.6,0.00031231766,3375.5251315994246
412.7,0.0003119256,3549.24350284937
412.8,0.00037987772,3278.0761344753805
412.9,0.00038992765,3357.0391292346976
413.0,0.00040825864,3292.3084125576866
413.1,0.00031332157,3825.490810991718
413.2,0.000389757,3326.82032156586
413.3,0.00037932539,3623.8778408784683
413.4,0.00035170672,3225.4815548162983
413.5,0.0003137639,3697.083512733748
413.6,0.00032735156,3649.518454311413
413.7,0.0005209748,3174.4499722079963
413.8,0.00035041696,3353.1621659990424
413.9,0.00035655848,3344.8110029371974
414.0,0.00033628044,3719.972527192701
414.1,0.00035642768,3372.9888872418887
414.2,0.00034648794,3406.6006142350034
414.3,0.000331317,3586.2450622780657
414.4,0.0003524264,3375.4064604003183
414.5,0.0003661367,3434.851789644782
414.6,0.0003729298,3328.437112428259
414.7,0.0003768875,3361.814141267489
414.8,0.00036971428,3293.5746655571684
414.9,0.00039346406,3571.601874544228
415.0,0.00050804944,3237.9621392951194
415.1,0.0004092515,3353.810671796309
415.2,0.0006002181,3060.479386718617
415.3,0.00055958756,2926.5165324692357
415.4,0.00054201693,3131.285820404363
415.5,0.0006501893,2593.285605731293
415.6,0.00064908096,2693.6304499105354
415.7,0.0005900652,2945.816409431135
415.8,0.00058192224,3024.064205419616
415.9,0.0008557124,2501.9545495753046
416.0,0.0007542783,2635.081063103757
416.1,0.0009270531,2306.0350532544567
416.2,0.0013273438,2280.2152133452464
416.3,0.00069734274,2526.1597993864225
416.4,0.0005962291,2906.1362553372533
416.5,0.0006624062,2555.17547577954
416.6,0.00044699202,3328.0490813272804
416.7,0.00046055036,3321.1019297503653
416.8,0.00041022387,3347.711256151576
416.9,0.0004690633,3036.2045677911633
417.0,0.0004204339,3589.0582231582357
417.1,0.0003833734,3619.7751388825272
417.2,0.00037539037,3275.3754271121825
417.3,0.00038116777,3393.122778873373
417.4,0.00037237952,3339.3447009628107
417.5,0.0004328148,3223.531990988182
417.6,0.0003378042,3268.5073122328176
417.7,0.00040949258,3328.385005093863
417.8,0.000674344,3324.6635078643035
417.9,0.0003659367,3491.157841608769
418.0,0.00060453214,2876.960436761332
418.1,0.00042216998,2964.674642762076
418.2,0.00043646942,3199.386344931445
418.3,0.00052748923,2841.146475276509
418.4,0.00057527266,2898.844421241665
418.5,0.00068029464,2428.6729535609375
418.6,0.0006215403,2652.6960367199504
418.7,0.0007904514,2378.4465627941995
418.8,0.0009857306,2207.4230782278987
418.9,0.00072362035,2520.562478687969
419.0,0.0008453333,2520.610689234482
419.1,0.00084182643,2202.910947536657
419.2,0.0010196201,2226.9485721274596
419.3,0.0010850541,2089.2052602741614
419.4,0.0009511804,2257.455568529343
419.5,0.0008709416,2326.740428268694
419.6,0.00068970304,2609.712683038925
419.7,0.00089687854,2054.358918388049
419.8,0.00066878117,2811.4877184822717
419.9,0.000559413,2719.3590030321147
420.0,0.00040740336,3311.9011078652265
420.1,0.00057387404,2831.1623696838296
420.2,0.00032864374,3566.647462026027
420.3,0.00034344572,3375.352555880707
420.4,0.00038273193,3256.6467672892863
420.5,0.0003212027,3218.0466918397447
420.6,0.00033773232,3373.702897401261
420.7,0.00034042957,3224.031170859849
420.8,0.0003677275,3346.524822251451
420.9,0.00032726058,3339.0846617924362
421.0,0.00029713917,3275.1643252317667
421.1,0.00031762655,3048.2172414556344
421.2,0.00031859576,3005.5002713373997
421.3,0.00029621102,3441.9230585093273
421.4,0.00029588037,3293.8032205347113
421.5,0.00030323636,2836.79207268006
421.6,0.00031793703,3030.703113734059
421.7,0.00028225002,3151.595122667792
421.8,0.00029731286,3102.2200112071596
421.9,0.00029813053,3397.161649385156
422.0,0.00028678714,2961.1953791923775
422.1,0.00026626638,3116.6987496915226
422.2,0.00028957162,3268.3409368627017
422.3,0.000290844,3179.6415821055084
422.4,0.00027871013,3309.246107755662
422.5,0.00028647218,3216.969907749843
422.6,0.00028651292,3278.542462136197
422.7,0.00030958536,3025.9944751036264
422.8,0.0002905205,3105.8517077816164
422.9,0.00026463994,3354.7498842714886
423.0,0.00027762546,3174.088851505807
423.1,0.00027090794,3115.143877915589
423.2,0.00027907398,3253.5772951846275
423.3,0.00030226004,3380.071517348163
423.4,0.00027578155,3040.501472730248
423.5,0.00031720463,3155.0322638884372
423.6,0.00039978934,3283.1878923693857
423.7,0.004124246,2072.6586556471434
423.8,0.043002922,583.4898520515186
423.9,0.0078398725,1509.1679201735901
424.0,0.0023250245,1569.750669931048
424.1,0.006262163,1799.1560359286382
424.2,0.00030679442,3778.1336467639408
424.3,0.005949103,2216.8090999609494
424.4,0.019662537,1003.3812475626847
424.5,0.0077043413,1760.5650621103593
424.6,0.0044717835,1708.2748002307703
424.7,0.0035640486,1606.2443249844043
424.8,0.002755176,1502.2248924330383
424.9,0.0014039509,1901.2883261202683
425.0,0.0005955283,2707.071872768538
425.1,0.0003901094,3052.9619587634893
425.2,0.00032691858,3498.7976853899395
425.3,0.0003081285,3097.5182014522284
425.4,0.00035143827,3394.615254543932
425.5,0.00040128603,3074.817134110994
425.6,0.0006236051,2614.6492156472214
425.7,0.00047583392,2889.1485362086946
425.8,0.0003795519,3093.8079188113506
425.9,0.0002729072,3470.566147542524
426.0,0.00030592378,3355.0655100004587
426.1,0.00043197817,3177.6173734692975
426.2,0.0010510875,2902.862251180566
426.3,0.009593303,3979.145089853205
426.4,0.05361191,1113.4108052122972
426.5,0.012568565,1573.2702103823171
426.6,0.0044060843,1673.7141325104596
426.7,0.0015412923,1941.3720802312005
426.8,0.0009474443,2214.000364036398
426.9,0.0006219296,2581.0177172319395
427.0,0.0004444548,2855.8054560464516
427.1,0.00046126186,2832.634377013834
427.2,0.00030412362,3501.585134012022
427.3,0.009518275,1778.3106732888791
427.4,0.009013367,2072.337667182065
427.5,0.020572217,2161.0679714916882
427.6,0.017823854,1703.2529341693353
427.7,0.0069662156,3030.5023057920926
427.8,0.011022796,7351.391919183317
427.9,0.016956966,1970.7170916775449
428.0,0.004798112,1339.893294889166
428.1,0.00697017,2463.4296859539636
428.2,0.010384035,3562.807469087994
428.3,0.0070846374,2483.2822390632773
428.4,0.0071675656,6458.30662209943
428.5,0.008903229,2274.9856455104073
428.6,0.0057539903,1537.4157521676811
428.7,0.00660319,2241.1643435487726
428.8,0.0055733128,2810.323973307238
428.9,0.0035090162,1760.9333495603946
429.0,0.0065805456,3268.536001290988
429.1,0.0030326887,2318.5025290588405
429.2,0.0061792713,1632.5394765789608
429.3,0.0034358273,1523.2761612381792
429.4,0.0014006861,1917.697527004015
429.5,0.0004854674,2955.500705686017
429.6,0.00035801806,3287.5727573487284
429.7,0.00035065826,3247.5458244086144
429.8,0.00038996324,3217.476715706755
429.9,0.00036284252,3269.1409400450866
430.0,0.00032312577,3451.821678421533
430.1,0.0002997709,3274.980981682434
430.2,0.00034308303,3307.744875393419
430.3,0.00032106508,3063.76088285217
430.4,0.00033626705,3144.634466284955
430.5,0.000324952,3398.428563035864
430.6,0.0003549431,3223.8998919398614
430.7,0.0003224401,3310.410323023204
430.8,0.00033784556,3111.059944288191
430.9,0.00031783184,3161.203906180862
431.0,0.0003343376,2817.2871036013635
431.1,0.00033390225,3144.644034884611
431.2,0.00034077046,3294.214288310155
431.3,0.00034527795,3292.582736346015
431.4,0.00033840234,3112.1580705223864
431.5,0.00033627162,3557.325104586391
431.6,0.0003430336,3126.609340954673
431.7,0.0003347665,3292.9971324192284
431.8,0.00031242057,3349.1055880348385
431.9,0.00034315276,3242.9260534048562
432.0,0.00034683815,3613.7165479190066
432.1,0.00031195494,3419.9659008951076
432.2,0.00031171401,3673.583305078732
432.3,0.00035081618,2945.617246453612
432.4,0.00032647175,3259.7455556785576
432.5,0.00033662774,3257.6007239046876
432.6,0.00033975934,3238.734989773994
432.7,0.000317293,3223.90496121511
432.8,0.00030741026,3275.9847726573553
432.9,0.0003168824,3218.105298596269
433.0,0.00029833417,3313.6230742374332
433.1,0.0003403164,3193.7067192041804
433.2,0.00038585457,3322.0326700636774
433.3,0.00037621212,3787.231066604024
433.4,0.00034760495,3433.032971437522
433.5,0.00034173758,3271.06463467542
433.6,0.00030210149,3467.884412289504
433.7,0.00033005144,3533.004990214785
433.8,0.00031833557,3569.100765627351
433.9,0.0003550677,3230.69583065228
434.0,0.00030792065,3741.952442614882
434.1,0.00034093938,3586.357972302043
434.2,0.0003938544,3137.0873833569185
434.3,0.00044459951,2947.5097420072725
434.4,0.00080434035,2316.91341284749
434.5,0.0008458244,2663.9629530553493
434.6,0.0009587259,2282.7845874737477
434.7,0.0007146634,2402.2782669930452
434.8,0.00065496296,2495.7511633201107
434.9,0.00058422453,2745.742614411604
435.0,0.00045558906,3077.835144999981
435.1,0.00047564987,2885.0350588773936
435.2,0.00038397923,3506.257891438353
435.3,0.00037710846,3247.3581294042015
435.4,0.0003512683,3368.1926355327814
435.5,0.00040542384,3201.1124320482486
435.6,0.00035871653,3288.391253170171
435.7,0.0003330983,3127.558202074919
435.8,0.0003899285,3073.4894793480885
435.9,0.00030736186,3339.9512582196962
436.0,0.00035360176,3454.2142176782454
436.1,0.0003419563,3333.1959524048243
436.2,0.00035916717,3460.837095605921
436.3,0.00031308288,3497.2134531648408
436.4,0.00030912302,3682.112324715827
436.5,0.00032898632,3420.888415829548
436.6,0.00033892883,3250.9623312471103
436.7,0.0003163625,3389.58671509564
436.8,0.0003344274,3309.244776061895
436.9,0.0003045073,3593.0059243791848
437.0,0.00031944175,3074.177069722902
437.1,0.00032175847,3137.705201578242
437.2,0.00027775305,3573.9912536719958
437.3,0.0003089723,3524.082221205157
437.4,0.00030103544,3510.2269793497326
437.5,0.0003437022,3508.083977098933
437.6,0.00034360497,3220.1048014533108
437.7,0.00036740644,3417.7637011149227
437.8,0.00048984104,2733.6941268031214
437.9,0.0008002262,2075.5917136886837
438.0,0.0010897957,1998.9558507431268
438.1,0.0010664236,2062.3617414142
438.2,0.0011073524,2075.981833941922
438.3,0.0010652138,1837.7048736073325
438.4,0.0009906398,1962.9916900457847
438.5,0.0008589062,2137.993502903117
438.6,0.0010789024,2177.553128822848
438.7,0.0012292314,1925.8390805743193
438.8,0.0009411245,2217.528031331387
438.9,0.0009371055,2302.99423253047
439.0,0.0008889961,2267.3453476695827
439.1,0.0008996573,2241.8441245121253
439.2,0.0005736804,2849.2265828173086
439.3,0.0006262398,2634.9586834419083
439.4,0.000702469,2394.5790454609164
439.5,0.0005086077,2948.078592380557
439.6,0.00068763306,3015.3118122185956
439.7,0.00041335166,3256.737585297317
439.8,0.00042514497,2935.1085548602405
439.9,0.0004789885,3145.8569776870168
440.0,0.00035913681,3459.763247361399
440.1,0.00043160326,3125.5722399501333
440.2,0.00035652125,3704.3149261900394
440.3,0.0002924151,3522.486397942572
440.4,0.00026936247,3682.0925063983373
440.5,0.00031030388,3547.4342948960248
440.6,0.00032863705,3317.078082467194
440.7,0.0003266445,3555.9089609379657
440.8,0.00028308894,3344.891442011536
440.9,0.00028618175,3373.4494463141964
441.0,0.00029585545,3249.721735703505
441.1,0.0002635781,3370.9273031614302
441.2,0.00027863993,3278.0806773795584
441.3,0.00027548964,3305.6876323861115
441.4,0.0003005225,3126.923158552452
441.5,0.00031041453,3134.6859566028224
441.6,0.000307571,2988.5725736107847
441.7,0.00027560742,3009.9999279553904
441.8,0.00028939894,3275.1797716134683
441.9,0.00029486176,3102.557174438712
442.0,0.00030326986,3190.067302223866
442.1,0.00033099068,2823.781494476803
442.2,0.00030513582,3291.5898185391734
442.3,0.00032564538,2812.730046401808
442.4,0.0003289248,2904.698261737747
442.5,0.000358286,3042.5834555029787
442.6,0.00032851886,3413.6454868195306
442.7,0.0006348677,2790.6148369400203
442.8,0.002924222,1613.4061085039868
442.9,0.073016144,1610.827586381893
443.0,0.0083740465,1984.806953418628
443.1,0.0049304483,2128.9930221160303
443.2,0.0024835935,1805.8968917587265
443.3,0.001254136,2116.638890954893
443.4,0.00080035446,2233.86284350795
443.5,0.0003894889,3091.396368025654
443.6,0.00034300968,3325.8336879634676
443.7,0.00035495058,3376.6430608665823
443.8,0.0003429173,3268.707075052308
443.9,0.0003523323,3170.599386191968
444.0,0.00032629576,3401.356347983981
444.1,0.00034611567,3026.8808867561197
444.2,0.0003825065,3004.877622220518
444.3,0.00032612763,3146.969299784939
444.4,0.0003490208,3130.1106760231414
444.5,0.0003337745,3318.102525830547
444.6,0.00032995868,3319.3809899636926
444.7,0.00032761434,3198.572076475793
444.8,0.00031368216,3362.2235975653457
444.9,0.0003388255,3198.066790768088
445.0,0.00032501813,3359.1163276826237
445.1,0.0003511424,3332.9841235610575
445.2,0.00030842045,3393.5648575012992
445.3,0.00036601978,3222.2854523325323
445.4,0.0003671704,3323.6371264634695
445.5,0.0006842414,2189.5489079003833
445.6,0.0007451272,2237.871072651793
445.7,0.00064937136,2353.823221546454
445.8,0.00055599614,2883.6027173973935
445.9,0.0008073243,2377.7834313148037
446.0,0.00086765207,2020.2781760116027
446.1,0.0008009682,2364.8466782952887
446.2,0.00054092746,2824.6673195782237
446.3,0.00047380378,2883.343446664405
446.4,0.00037345057,3265.6518652755803
446.5,0.0003960313,3144.710589257774
446.6,0.00035230845,3360.9457608910443
446.7,0.00033486114,3374.9782106723387
446.8,0.00038962913,3638.7420626096537
446.9,0.00037226328,3506.8192444847555
447.0,0.00038967823,2829.7392816133843
447.1,0.00034979003,3585.4859253923396
447.2,0.00031423656,3626.757675951793
447.3,0.00035748517,3385.584690062649
447.4,0.00038518303,3226.5780157027884
447.5,0.00037785558,3330.696789072822
447.6,0.00034661172,3834.53555176005
447.7,0.00041417519,3508.7123400245428
447.8,0.0003858665,3322.95452357039
447.9,0.0004145592,3314.635816405541
448.0,0.0004022161,3377.7233718275575
448.1,0.00042770748,3470.163483707681
448.2,0.00040789365,3538.2528412671586
448.3,0.0004483363,3320.6340362040596
448.4,0.00043524793,3274.0836768421905
448.5,0.00039180098,3614.7248913909507
448.6,0.00039469777,3564.374187324549
448.7,0.00039698448,3378.522552372001
448.8,0.00043580873,3272.9839425157566
448.9,0.00048422287,3220.122101718227
449.0,0.0005325237,2954.246678028765
449.1,0.00087743864,2262.41307185514
449.2,0.0010514474,2453.2989057543255
449.3,0.0009961365,2460.7204018878474
449.4,0.0010351685,2209.2132055879897
449.5,0.00078917865,2617.317982176533
449.6,0.00092730956,2399.5601009259453
449.7,0.0008288293,2374.100248055081
449.8,0.0010484284,2241.833347184046
449.9,0.0012156697,1991.8704890551817
450.0,0.00071563333,2849.914929395957
450.1,0.00084677,2387.851322076399
450.2,0.0008013457,2689.249403691856
450.3,0.00066984026,2906.0577067919858
450.4,0.00049346004,3072.9011681260067
450.5,0.00044807905,3242.7751803712868
450.6,0.00044418607,3436.6362853529313
450.7,0.00037646614,3321.2773019367755
450.8,0.00038001884,3595.602344708396
450.9,0.00037459825,3293.9424916457083
451.0,0.00038298438,3551.4157903889104
451.1,0.0003135997,3643.089840706947
451.2,0.0003704582,3099.2247521802706
451.3,0.00034551014,3351.735075851318
451.4,0.00031611748,3523.3827127866653
451.5,0.0003277283,3322.086558314134
451.6,0.00032302528,3356.9141871572037
451.7,0.0003256238,3378.595625736558
451.8,0.0003206718,3272.0191960248258
451.9,0.00031498462,3582.3732182536514
452.0,0.00033432018,3767.4763392720242
452.1,0.0003259366,3533.605927708562
452.2,0.00045172096,3347.8951035368214
452.3,0.00030751637,3817.2547633635436
452.4,0.00031625238,3684.7092502476025
452.5,0.00031351842,3814.492657209222
452.6,0.00029408085,3605.634961027481
452.7,0.00028703557,3555.1729662586276
452.8,0.00027132872,3787.7464517017174
452.9,0.00031429838,3550.0312340327337
453.0,0.00030726902,3528.0471244712007
453.1,0.0003202243,3356.370295229679
453.2,0.00032347144,3252.41093025599
453.3,0.000313297,3531.3376981662423
453.4,0.0003982128,3261.9567988875056
453.5,0.000516062,3076.2428574887044
453.6,0.00036823092,3442.8942752891235
453.7,0.00055827486,2867.2071607066155
453.8,0.0004956531,3003.1424412644674
453.9,0.0005401228,2854.8707245683663
454.0,0.00062592595,2444.1231228987626
454.1,0.0006372564,2311.240593987643
454.2,0.00055751775,2572.2959603370437
454.3,0.000586605,2637.280747952384
454.4,0.000662708,2280.4573522165324
454.5,0.0006993499,2246.90011653243
454.6,0.00084793277,2276.4999085845416
454.7,0.001349323,1980.053521265083
454.8,0.00066441105,2378.612187494362
454.9,0.0004203888,2899.707202381921
455.0,0.0005616577,2683.4431324390553
455.1,0.00039538686,2845.7488505895667
455.2,0.00038036623,3349.488644746375
455.3,0.0003382512,3428.4352800626557
455.4,0.00034369688,3272.9969366108367
455.5,0.00032766588,3338.6527312565754
455.6,0.00033902517,3537.1298243804613
455.7,0.00030938088,3747.291149212333
455.8,0.00034018926,3487.239490768902
455.9,0.00031241242,3861.2822295621936
456.0,0.0003198303,3638.7079369095063
456.1,0.00027973432,3702.3450506753707
456.2,0.0003330506,3465.855591291901
456.3,0.00033200628,3477.4420763528437
456.4,0.00034888336,3433.714137457512
456.5,0.0003420156,3502.2608927106226
456.6,0.0003227796,3458.9922639951383
456.7,0.00038891588,3368.649459202663
456.8,0.0005099441,2731.7238665740138
456.9,0.0004862893,3018.7620516136253
457.0,0.0007027044,2537.609146602794
457.1,0.00064545154,2752.0360271670193
457.2,0.0006071561,2878.8008317663293
457.3,0.00094407727,2119.8960492296446
457.4,0.0006605479,2623.057198420102
457.5,0.0006387815,2582.699546114741
457.6,0.000800987,2186.9377909124432
457.7,0.0009695009,2107.2413084414825
457.8,0.0010703522,1965.3282136618443
457.9,0.0008545776,2509.345678185404
458.0,0.0007812853,2407.7398734828766
458.1,0.00066377816,2594.8709324949286
458.2,0.00092230935,2101.2462051334824
458.3,0.0006651184,2727.6359423665517
458.4,0.0006359762,2893.023053492338
458.5,0.0005411261,3094.327458131529
458.6,0.00056316354,2874.803100203201
458.7,0.00035692047,3475.007285284867
458.8,0.00031601128,3450.1699502803685
458.9,0.0003407344,3313.9683620690075
459.0,0.00036350495,3361.927667868699
459.1,0.0003553909,3480.34931573144
459.2,0.00040468868,3427.9731134207873
459.3,0.00037590388,3334.711429289322
459.4,0.00035213944,3406.247655378734
459.5,0.0013194854,2961.6465349731334
459.6,0.0024807854,1585.4527445936644
459.7,0.0007945928,2894.4646984671717
459.8,0.00042996794,3358.552095918204
459.9,0.0003684907,4138.071692960023
460.0,0.00043399254,3390.1499147140444
460.1,0.0003763694,3091.1723181008574
460.2,0.00038328665,3122.9278285529854
460.3,0.00034935222,3431.6146143054266
460.4,0.00037494913,3399.1620204040837
460.5,0.00035914063,3297.9151890103367
460.6,0.00036411133,3635.0233768390567
460.7,0.00044244758,3184.204164012079
460.8,0.00044632767,3345.3713363379547
460.9,0.0004015985,3523.832029170754
461.0,0.00043574246,3557.9474324250614
461.1,0.0004590712,3237.192066341227
461.2,0.00048433142,3393.4590579755304
461.3,0.00042886863,3680.8620867494146
461.4,0.00044789244,3395.947795584507
461.5,0.00043454196,3537.228526127449
461.6,0.00041824742,3360.2271234962273
461.7,0.0004972201,3327.1586424066973
461.8,0.0015190722,3524.378284853627
461.9,0.0020975242,2743.712291928862
462.0,0.0004754298,3778.202978651705
462.1,0.00079416216,3698.4719904955064
462.2,0.0005356225,3620.2308544953335
462.3,0.0006655677,3161.999563392047
462.4,0.00043679148,3639.417984192334
462.5,0.00075204036,2768.193096856087
462.6,0.000658461,3202.436128837926
462.7,0.00045772007,3500.4120683245505
462.8,0.00036520167,3576.468760987391
462.9,0.00048583144,3198.062592072757
463.0,0.00040904834,3287.160675153208
463.1,0.00044438982,2926.6641322501428
463.2,0.0004033604,3395.1129293620743
463.3,0.0006806683,3196.4918016776346
463.4,0.00085782574,3274.161241434065
463.5,0.0005238758,3722.4439785483682
463.6,0.0009703262,3084.612605348977
463.7,0.00044534056,3437.431905154115
463.8,0.00042700022,3599.846226730323
463.9,0.00049681624,3294.152886037299
464.0,0.0004219694,3560.3301648033666
464.1,0.0004988043,3719.498219653804
464.2,0.00037283203,3791.549588065236
464.3,0.0003872424,3537.6015717107857
464.4,0.0005623272,3374.7276307053826
464.5,0.0004084675,3184.189779832413
464.6,0.0006544634,3050.0631206181333
464.7,0.00030164426,3660.3824393661694
464.8,0.0042423685,2265.6316619294294
464.9,0.0006244272,3187.43154167594
465.0,0.0010339186,2844.956919592578
465.1,0.00046416055,4790.108502638004
465.2,0.00037692077,4882.449498074022
465.3,0.00038445514,3498.858184780856
465.4,0.00032705007,3551.7451731883357
465.5,0.00042992557,3155.3163673522095
465.6,0.00035827415,3858.161910995003
465.7,0.03015752,2074.2402072704363
465.8,0.048909638,1709.5504371926272
465.9,0.046547577,1900.9886452863193
466.0,0.0440964,2810.7957849343047
466.1,0.03360639,2208.758128135116
466.2,0.0003600619,3687.5148244341344
466.3,0.00035425604,3979.011862724837
466.4,0.030519651,2570.0508347690807
466.5,0.031470057,2633.3778869120783
466.6,0.015349094,3254.328999630372
466.7,0.0009318335,3205.0255220206955
466.8,0.00038335347,3540.248016972461
466.9,0.000827365,2616.9309521047835
467.0,0.0010271746,2320.366475298979
467.1,0.000774385,2639.6240532976444
467.2,0.0038615717,1977.1482525990432
467.3,0.0042589973,1453.2026681252728
467.4,0.0010934218,3389.558794765793
467.5,0.013941458,8391.919921404624
467.6,0.06964014,1589.7382622807206
467.7,0.06104582,2217.3073127862613
467.8,0.010726057,2234.0379270665535
467.9,0.027511954,2814.885790068451
468.0,0.045404516,1499.848637628065
468.1,0.05148729,1415.5266698252062
468.2,0.03682845,1496.9971518722853
468.3,0.033471227,1328.0809194048343
468.4,0.009671987,3828.7769205635323
468.5,0.005549645,3896.726285927255
468.6,0.028507307,2487.1929034384025
468.7,0.015537131,2771.8635912255168
468.8,0.010453314,2538.7045421910216
468.9,0.007306117,2971.8694026119156
469.0,0.0040392308,3564.156665909634
469.1,0.0003673204,3816.980903178974
469.2,0.013558849,3731.222025963814
469.3,0.045657065,1714.1368218877005
469.4,0.04976626,696.7609630499309
469.5,0.037994616,754.060556017298
469.6,0.00036171576,3914.876299866367
469.7,0.010107517,4171.229866361808
469.8,0.034858637,1752.6909670385965
469.9,0.038539495,1555.05439190762
470.0,0.038868897,877.8455919113552
470.1,0.026250558,998.5343568034052
470.2,0.00042541898,5356.138155211753
470.3,0.005997914,3718.012283376217
470.4,0.010499143,2592.547883727557
470.5,0.018717105,9560.161533473274
470.6,0.02842677,1811.1236353691056
470.7,0.03251329,1367.077223660138
470.8,0.03282147,1619.9118291143682
470.9,0.025329566,990.6971615302376
471.0,0.028331932,1624.8842239383082
471.1,0.009716107,2043.397753955489
471.2,0.004736051,2116.6893694986347
471.3,0.0022516088,2300.2588829853908
471.4,0.0008046775,2810.2964099000915
471.5,0.00045853615,3216.8088282354347
471.6,0.0004245738,3471.235931623877
471.7,0.00048440363,3538.207265259026
471.8,0.00045408713,3045.7563571791707
471.9,0.0005256123,3109.4179295502063
472.0,0.0004321364,3254.4853808586513
472.1,0.00033014762,3861.6611647917716
472.2,0.0003809534,3238.419383667474
472.3,0.00045195714,3186.655757857775
472.4,0.056273434,1673.9957361273305
472.5,0.007480375,2625.6280826142524
472.6,0.0106405355,2788.321326097986
472.7,0.0076445574,1418.61316439018
472.8,0.018229518,2491.3343128505844
472.9,0.0046898997,3265.139401754458
473.0,0.00052737334,5520.443603003401
473.1,0.00078403804,3943.614553763129
473.2,0.0004398808,4519.151819758694
473.3,0.0004763948,3760.7559130763457
473.4,0.0003558381,3267.1768603910477
473.5,0.00035451696,3329.4790505496294
473.6,0.0004273081,3182.13076308726
473.7,0.00034866386,3666.98547093086
473.8,0.0005418315,3040.5940227685855
473.9,0.00038235539,3257.36496445578
474.0,0.00031453973,3718.17242537395
474.1,0.00031360585,3682.9635925068947
474.2,0.0004237098,3429.9797404248593
474.3,0.00039154597,3281.9176306616446
474.4,0.00037333436,3328.0225269729694
474.5,0.00042436222,3151.8291327363386
474.6,0.00034696507,3567.708524693863
474.7,0.00041283594,3405.648932035516
474.8,0.0003932582,3561.404130494556
474.9,0.0006306737,3211.796523312595
475.0,0.017665945,2254.316888084788
475.1,0.0010229539,3681.50774224121
475.2,0.04689624,2216.1340563189624
475.3,0.02344928,8289.486179696669
475.4,0.0030994515,9048.623340637776
475.5,0.016329462,8066.612782053212
475.6,0.03077112,4081.471477617606
475.7,0.054224364,995.3840828519144
475.8,0.04943718,1579.2025093630602
475.9,0.06874439,1464.0959100480707
476.0,0.037022736,1920.8831682404073
476.1,0.01761944,2132.8201132416116
476.2,0.01638537,2254.647561784361
476.3,0.012632502,8055.355419378839
476.4,0.025944196,9138.032967541043
476.5,0.010420803,6900.811229606215
476.6,0.027729386,2594.803382554516
476.7,0.015813313,2474.206167074129
476.8,0.007758306,2701.0599432119507
476.9,0.0023889472,3075.9779413469796
477.0,0.002299846,2956.3571177625345
477.1,0.012229079,4228.909268258394
477.2,0.020602928,2055.1541895633404
477.3,0.014756832,4204.425110872792
477.4,0.06387195,2490.5169518425278
477.5,0.057360213,2054.0602004977127
477.6,0.044591404,1089.7814186494993
477.7,0.017962283,3207.283264917839
477.8,0.0059280363,3165.5043876898326
477.9,0.00035080133,3832.6071918094462
478.0,0.0036070542,4554.023595275747
478.1,0.018399056,2444.5953680328635
478.2,0.022253409,2226.479281365144
478.3,0.0028066034,3363.6356202737106
478.4,0.0007098347,3003.7085336137898
478.5,0.00036790007,3484.8528557752143
478.6,0.00033426585,3581.9929848402007
478.7,0.0027006175,2895.7216661861657
478.8,0.0007198863,4510.394466189501
478.9,0.00054860325,4334.788344104191
479.0,0.0004684323,3692.5330479302756
479.1,0.0004365324,3912.7535927375416
479.2,0.00046454385,3427.4802714920475
479.3,0.0004977608,3932.235371656987
479.4,0.0003937515,3475.7950401598964
479.5,0.00034833056,3833.1922967839987
479.6,0.0003640748,3552.0878955721787
479.7,0.00039994577,3451.9223839903416
479.8,0.00038180803,3341.915989216924
479.9,0.00034908,3864.845205402016
480.0,0.0003507348,3931.850559461387
480.1,0.00033583544,3989.7977471903723
480.2,0.00045357828,3389.5268603327822
480.3,0.0005467749,3666.5411732337807
480.4,0.000402942,4067.8468470666407
480.5,0.00041918122,4085.391416389134
480.6,0.00044271434,3430.1944925968955
480.7,0.05484861,1828.91716834071
480.8,0.02746168,2891.2850420644672
480.9,0.018189747,2795.722067429091
481.0,0.019030053,5044.193876803962
481.1,0.03057003,991.532050416716
481.2,0.03506167,1504.514441160453
481.3,0.0004107294,3903.555468024438
481.4,0.03160122,1230.8931171026497
481.5,0.04225526,1301.7480848534333
481.6,0.044270292,701.162028328388
481.7,0.03580843,1698.772746427324
481.8,0.02033294,1634.3220510983733
481.9,0.012813028,1981.1952023416234
482.0,0.000813328,4699.524037809846
482.1,0.00043339806,4781.574059246745
482.2,0.044832855,797.1541686345828
482.3,0.0553484,1565.6011881010663
482.4,0.04380292,1745.514884308659
482.5,0.0004620973,3929.224584404084
482.6,0.02932178,1701.6259749844914
482.7,0.016333211,2546.62416636667
482.8,0.024294613,2658.4333940112674
482.9,0.0006693473,4039.2577503304556
483.0,0.0028247645,3566.0128470081236
483.1,0.016386991,3462.2067253041455
483.2,0.016237,2296.389236117019
483.3,0.013660502,1761.5736241646846
483.4,0.0076740975,1197.1626244448664
483.5,0.03643959,1690.7246851365471
483.6,0.02119967,1649.8410057282754
483.7,0.024971366,1874.9476799543095
483.8,0.0025149037,3238.9330148616154
483.9,0.00037914715,3539.2146362854483
484.0,0.0003015458,3633.977188231406
484.1,0.0002973774,3568.409451836884
484.2,0.00037930906,3550.631421231467
484.3,0.0002788087,3807.990154850356
484.4,0.00039977723,3594.2205380285304
484.5,0.0014068515,4488.811139894266
484.6,0.0008117958,5154.908542626234
484.7,0.00046479545,4381.17515129193
484.8,0.00036839748,4932.161901556774
484.9,0.00034260232,3574.696114198818
485.0,0.00033485712,3465.34455963213
485.1,0.00031381779,4003.0443140507896
485.2,0.0002952223,3548.481455189652
485.3,0.00030991898,3560.386579592048
485.4,0.00036808226,3540.126793933794
485.5,0.0019700753,3545.515552021984
485.6,0.036233976,3001.1276732932806
485.7,0.012201268,3659.962568836619
485.8,0.0032420107,3515.1313794240114
485.9,0.0010467716,3580.5764270663994
486.0,0.0002948676,4215.833506110516
486.1,0.028973276,3840.465265930732
486.2,0.0033104012,5189.703847855286
486.3,0.0010166843,3522.4764978161047
486.4,0.0037579353,3392.9194771405137
486.5,0.022497712,4468.0298243545
486.6,0.009395413,4273.482598298754
486.7,0.007705109,4073.094558040305
486.8,0.0022092296,2680.8251591259714
486.9,0.0022794944,2636.83559593509
487.0,0.00028083034,3892.79849260631
487.1,0.007115344,6642.19046974696
487.2,0.011304712,3853.6640415749366
487.3,0.016657084,9674.123234735995
487.4,0.0077717784,8195.174004324763
487.5,0.037421715,2393.836480710481
487.6,0.045643725,1160.430746099983
487.7,0.056618147,1749.975611273744
487.8,0.027818626,861.6986573711597
487.9,0.043900687,1196.2565468112214
488.0,0.015461512,1229.9030581826428
488.1,0.040298894,1996.5290589067088
488.2,0.024974491,2028.1824808246552
488.3,0.02213497,2174.131318731902
488.4,0.0018784715,3497.5327501094125
488.5,0.002595113,2787.8487780289247
488.6,0.026557904,2095.7749137631886
488.7,0.005650335,3299.205767118103
488.8,0.001159746,2795.6896531232305
488.9,0.00032122666,3731.391417629786
489.0,0.0003344549,3556.2641679916633
489.1,0.0003670018,3705.572664095801
489.2,0.0003567126,3500.875853852464
489.3,0.0003722035,3370.5767920926196
489.4,0.00033711008,3835.40762586371
489.5,0.00038710365,3385.069195620879
489.6,0.00037864898,3588.867407383587
489.7,0.004134204,2837.2224614935317
489.8,0.0009345558,3836.07133587183
489.9,0.00050824485,3896.4107632547584
490.0,0.00049189705,4050.0501047807556
490.1,0.0003834963,4653.775798655836
490.2,0.00032166293,4483.844837796673
490.3,0.0003833437,3718.888679025368
490.4,0.00036044721,3780.4652379390727
490.5,0.000384512,3589.239509986195
490.6,0.00038798605,3501.5862716276656
490.7,0.00035205865,3591.7477796892463
490.8,0.00035694096,4147.103765523607
490.9,0.00035391483,4031.1114701653455
491.0,0.00036213486,4218.101878928407
491.1,0.00042598767,3377.923968509712
491.2,0.00037391044,3476.8005425659603
491.3,0.0005022191,3205.408508113239
491.4,0.00056793436,3115.7685978072714
491.5,0.04217793,1638.306938287587
491.6,0.025215551,792.4625346308047
491.7,0.015074763,1486.313182213104
491.8,0.003292821,1917.501898060797
491.9,0.00036396415,4595.654033291209
492.0,0.0058558425,4465.111463295663
492.1,0.031605676,1572.3940004098135
492.2,0.024625534,1546.6743905304763
492.3,0.014069013,1548.8008096533054
492.4,0.013418506,1091.1770674143902
492.5,0.009294604,1938.3538172799244
492.6,0.011735477,1915.921377834552
492.7,0.0038435364,2138.450097314214
492.8,0.00060443,2886.7332405696006
492.9,0.00029250237,3650.999253879632
493.0,0.00035403133,3721.206097593784
493.1,0.00037679798,3315.1192562425235
493.2,0.0004264776,3622.2695518993814
493.3,0.00058537483,3158.558418128624
493.4,0.00068658823,3075.5399771203693
493.5,0.0006547622,2866.090008464808
493.6,0.000550018,3128.450240233047
493.7,0.0004013024,3402.412210008475
493.8,0.00041993978,3498.156771110189
493.9,0.00034507542,3797.466377710335
494.0,0.00033709206,3719.561916335316
494.1,0.00040577928,3486.09050937371
494.2,0.011016359,3857.2228957473426
494.3,0.044652853,1654.7285342492748
494.4,0.037294243,1601.4828719045356
494.5,0.020087276,1902.0681140724612
494.6,0.003708702,2144.87451830202
494.7,0.008964296,2628.64454278141
494.8,0.009083716,3472.432961995242
494.9,0.009326976,2929.819570413905
495.0,0.009715811,1756.7185908363504
495.1,0.025757968,2190.410113844244
495.2,0.012877015,2546.985656404778
495.3,0.005467268,2719.8087519855662
495.4,0.0025065395,2382.257381630963
495.5,0.00072403764,2825.623095438761
495.6,0.00054214796,3296.767323404606
495.7,0.00034876133,3299.6439076314778
495.8,0.00048668458,3203.2175237695196
495.9,0.00053258095,3507.5374809081723
496.0,0.00046648312,3780.706556904152
496.1,0.00038866696,3773.2731365804966
496.2,0.0005036351,2941.9848318547847
496.3,0.0003928033,3348.824104122616
496.4,0.049702566,1828.6849749969365
496.5,0.012470153,3776.4802164777843
496.6,0.03032826,2639.8816361210866
496.7,0.01152221,7123.995933683181
496.8,0.02771971,2375.3572109091324
496.9,0.024829505,771.8297830191191
497.0,0.02635238,1374.4021724786664
497.1,0.022530772,1014.5188917181513
497.2,0.014357424,1060.6509311251848
497.3,0.03141453,1317.4271564862265
497.4,0.0020480526,4537.271595212059
497.5,0.0007273846,5003.885531543636
497.6,0.00603814,4010.1648038500184
497.7,0.020718308,2382.8734770033175
497.8,0.0038164232,3222.1021371984475
497.9,0.00043626936,3439.439777442929
498.0,0.00032796065,3985.5648339381114
498.1,0.000317391,3821.596599574659
498.2,0.0003292324,3581.0722621255227
498.3,0.00036424387,3600.552793060525
498.4,0.0003628229,3422.5427063861935
498.5,0.0003342931,3914.38037641533
498.6,0.0003366721,3523.2055904573026
498.7,0.00035317123,3774.8176376811366
498.8,0.0005402223,3320.1595725264547
498.9,0.00040011044,3304.224813084949
499.0,0.00043049574,3467.9784808201644
499.1,0.00032989102,3630.081005346516
499.2,0.00038474033,3639.2424416354343
499.3,0.0004928222,3511.1512559744224
499.4,0.019293675,3023.197792337214
499.5,0.024427544,3601.7948734379574
499.6,0.010497332,7215.120260594913
499.7,0.026164996,2699.427783541671
499.8,0.061110917,2008.9070627453052
499.9,0.04735476,1701.7873457189903
500.0,0.03413548,1107.4289455215855
500.1,0.04406825,2115.265598537887
500.2,0.04193872,2070.701798505018
500.3,0.024235304,1018.5200548699356
500.4,0.007683631,2107.6454694500594
500.5,0.009181674,3801.7031647912427
500.6,0.0012908806,3881.414860297139
500.7,0.007883336,2906.3020615069613
500.8,0.004039453,3415.8434910893966
500.9,0.0009502648,2769.9858442566706
501.0,0.00080193515,3276.7117162176837
501.1,0.0012491435,2761.661442679143
501.2,0.0010372212,2852.933503334777
501.3,0.0007521448,2883.9831082451065
501.4,0.00046049798,2964.7339051247936
501.5,0.00043052188,3327.3764523990103
501.6,0.00037260746,3260.6016993218723
501.7,0.00030716567,3619.120137974194
501.8,0.0003729631,3522.762175372357
501.9,0.00042898607,3379.436006867297
502.0,0.0030294168,1704.2602865733406
502.1,0.0049064434,1143.439945642488
502.2,0.0025284663,1675.2135902852942
502.3,0.0020534704,2475.1270537236337
502.4,0.011441473,9115.046933151581
502.5,0.0061215926,3402.4753222074396
502.6,0.074595965,998.1573344110558
502.7,0.05689107,2361.0021950743017
502.8,0.0075807725,3438.713554020619
502.9,0.0013153445,3861.4846851065176
503.0,0.009511118,5236.752348793489
503.1,0.004534915,3978.0491202392454
503.2,0.0059703505,3647.6113200223926
503.3,0.00297049,3085.140319364662
503.4,0.0019709328,2436.444622802007
503.5,0.0006637094,2677.140270083539
503.6,0.000613821,2898.979640342898
503.7,0.0005821376,3987.3553205093904
503.8,0.0006785764,3721.717212540406
503.9,0.036777537,2145.1643651007994
504.0,0.06415481,780.639448329981
504.1,0.038002104,2459.4797665725064
504.2,0.0014353031,3341.9389445282545
504.3,0.017220797,2156.627202714755
504.4,0.010363475,3263.3432800895343
504.5,0.026496584,2422.4196818368946
504.6,0.0005541998,3832.4272456924946
504.7,0.020705255,2906.792171728375
504.8,0.022449188,2474.287823227269
504.9,0.0051185153,2296.756486892685
505.0,0.0129494555,3875.676901256168
505.1,0.0084115425,2611.627817676044
505.2,0.019629834,3231.58266520333
505.3,0.004598467,2749.9816668466647
505.4,0.0008732302,2772.327125607066
505.5,0.003444975,1447.003719767059
505.6,0.009913898,703.4543428651798
505.7,0.0035037226,1950.145331271558
505.8,0.0031970094,1929.2854326921397
505.9,0.002063367,2845.7981263661723
506.0,0.0094667105,605.2309652808356
506.1,0.023820773,296.77910607167814
506.2,0.004572734,2764.638460614323
506.3,0.009943137,1089.6959600215491
506.4,0.0030552752,2817.017390117143
506.5,0.018462464,369.5483154311225
506.6,0.028829258,286.63310910105406
506.7,0.007527115,1790.4622174220372
506.8,0.014386737,640.6061614046196
506.9,0.004397095,1643.9223707378674
507.0,0.019953255,1067.030073074422
507.1,0.056349184,1771.5551248289357
507.2,0.03840289,1839.363002226559
507.3,0.01523437,2030.7058095320435
507.4,0.009275023,2902.639211157417
507.5,0.022208307,1257.8629774847373
507.6,0.011977464,1713.510809588316
507.7,0.0060842754,4629.095157216057
507.8,0.012272109,6304.517205149583
507.9,0.007005614,6373.839128938182
508.0,0.01289576,4615.788498293093
508.1,0.0035774321,2603.0746473407653
508.2,0.0035457506,2138.2457280629574
508.3,0.0032882206,1585.8333684906581
508.4,0.0013076462,2062.9428986165826
508.5,0.011742568,1041.532725992941
508.6,0.008214791,1607.9587522693337
508.7,0.002349971,2005.8930235146486
508.8,0.004252963,2481.495307679767
508.9,0.0133071365,2930.8498622507977
509.0,0.010682419,2906.8490053614746
509.1,0.005324351,3087.081316375723
509.2,0.010299796,7865.965681002824
509.3,0.009782382,7952.453906742192
509.4,0.0021347867,6575.161534211695
509.5,0.0012651933,3416.1141292936904
509.6,0.0011810773,2200.023284694218
509.7,0.0010297892,2161.927604347589
509.8,0.0005423996,3092.479737674894
509.9,0.001801766,4860.181089583187
510.0,0.0010937518,5619.770368291605
510.1,0.00053879444,5305.756278050732
510.2,0.0008961598,3498.387611912588
510.3,0.0004175493,3741.961545915219
510.4,0.0003356042,3570.7519980686243
510.5,0.00037979032,3520.8134506911792
510.6,0.0004077477,3324.791221404145
510.7,0.0003501791,3549.39597850203
510.8,0.00036476727,4047.821158590279
510.9,0.00044320614,3926.724623687713
511.0,0.0006055877,4557.289236011088
511.1,0.0004961924,4769.686591749325
511.2,0.0004156867,5392.1324589266005
511.3,0.0008197248,3183.937751416056
511.4,0.0006936842,2974.5583895324507
511.5,0.0010978476,2113.025601752498
511.6,0.0014527626,1945.7825445695748
511.7,0.0011039769,2018.6073150139941
511.8,0.00073559006,2823.649712976075
511.9,0.0010467123,1937.2641523121165
512.0,0.0009614073,2076.3967572121132
512.1,0.0009120802,2486.702764654404
512.2,0.0006851137,2717.6237045002426
512.3,0.0007911723,2772.7249382573928
512.4,0.002396112,3914.3895657974017
512.5,0.0013663501,4543.124601255124
512.6,0.000734493,3259.218334332193
512.7,0.00044645555,4100.331233232868
512.8,0.0004706579,3678.1209160431677
512.9,0.0004134313,3525.8897157650354
513.0,0.00043905515,3020.40028679602
513.1,0.00040079703,3790.3491741545695
513.2,0.00040817034,3755.586589758039
513.3,0.00036455685,3547.9251114324397
513.4,0.00037861988,3708.219461488383
513.5,0.0005570491,3875.5916808091038
513.6,0.00040811414,4457.0894116478285
513.7,0.0004354822,4667.056132934157
513.8,0.00039065108,4586.43320318004
513.9,0.0003537804,3636.2821190381296
514.0,0.0003717663,3297.5007347607693
514.1,0.0005085715,3197.7730203829865
514.2,0.00053738646,2936.32974713607
514.3,0.00041175596,3295.192106587369
514.4,0.0006213564,2559.309251235982
514.5,0.00087215,2165.0845269329834
514.6,0.0010701811,2287.420089810391
514.7,0.0012293449,1984.4827805449834
514.8,0.0010106904,2354.367951927486
514.9,0.0008232437,2318.8289863073787
515.0,0.0030251935,2592.817881989776
515.1,0.0015713224,3514.3320033013297
515.2,0.001393218,3083.628109848807
515.3,0.0011459662,3589.462960415235
515.4,0.00089801213,3294.1760713471353
515.5,0.0005299077,3437.0303106860324
515.6,0.00059229275,2844.4150894351537
515.7,0.00049862044,3647.775724577264
515.8,0.0006052437,3359.8963510764443
515.9,0.0005786556,2808.4436578502173
516.0,0.00050827954,3165.490889070158
516.1,0.00046798703,3142.0551981200288
516.2,0.0004686328,3343.833059865095
516.3,0.0004456002,3519.209013285823
516.4,0.0004453797,4290.59588522474
516.5,0.0005456849,4194.412062077836
516.6,0.0005304604,4314.710958828139
516.7,0.00086365914,3362.2634094552204
516.8,0.0006286847,3252.693385448678
516.9,0.00047553214,3505.807519915098
517.0,0.00048956036,3434.717414488844
517.1,0.0005048835,3297.156558066502
517.2,0.0005815354,3389.1627861084494
517.3,0.0003666133,3529.1227808204017
517.4,0.00045109008,3591.2778038317133
517.5,0.00041572898,3443.156499931949
517.6,0.000380334,3446.594463876458
517.7,0.00047204405,3302.8989446151863
517.8,0.00047167638,3567.9977914932447
517.9,0.004218222,1774.767883230392
518.0,0.0012894259,3694.320471292326
518.1,0.00069853675,4820.110155382286
518.2,0.00047304985,4569.254203638024
518.3,0.0004508335,4249.674677027346
518.4,0.00040857054,4093.828612682829
518.5,0.00048317006,3420.3587761935014
518.6,0.00036371025,4047.935333136409
518.7,0.00042041464,3416.736489569267
518.8,0.0004477086,3718.9024764214855
518.9,0.00039784025,3293.821396153178
519.0,0.00035563487,3586.9046276064914
519.1,0.00037653898,3499.3385153733425
519.2,0.0004215003,3740.0783426422377
519.3,0.00031880877,4208.870026219653
519.4,0.00036860618,4491.6816642641015
519.5,0.00048319815,3962.7982459644863
519.6,0.00041334092,3150.070577589081
519.7,0.0011631969,2112.121535552351
519.8,0.0026764525,3057.8279361682125
519.9,0.06295765,1533.600614747894
520.0,0.0478419,1665.5844405915782
520.1,0.022725793,1836.1513204529942
520.2,0.0038523832,3097.286656019357
520.3,0.00035508044,3753.0045341706964
520.4,0.007890617,1883.986691076775
520.5,0.008564371,1806.7884151868386
520.6,0.0061518527,1818.1392150078902
520.7,0.004747774,2009.7542728721119
520.8,0.006229198,2212.9490646742124
520.9,0.002232641,2548.7617787942468
521.0,0.0034946692,2555.5166274751123
521.1,0.005033306,2753.2599534227184
521.2,0.0034619134,2603.819302339513
521.3,0.0003049187,3679.3320879824196
521.4,0.01073271,2610.280293939866
521.5,0.012407139,2351.234667701857
521.6,0.0064767236,1940.8805484660174
521.7,0.002183763,1965.5572870881065
521.8,0.0007836652,2551.945296456273
521.9,0.00039485443,4066.514048636414
522.0,0.00063121796,2902.1611660350627
522.1,0.0004451816,3479.587334575238
522.2,0.000457634,3661.184889221031
522.3,0.00033299904,3997.540237231712
522.4,0.00035113326,3489.9457121262712
522.5,0.0003173971,3210.37731934801
522.6,0.00031083883,3576.477469769362
522.7,0.00030791145,3697.7784103394656
522.8,0.00035348392,3111.42046641297
522.9,0.0003320063,3238.636497635428
523.0,0.00034142702,3835.3714925205745
523.1,0.000323041,3385.923578529544
523.2,0.00033467787,3465.78199753026
523.3,0.00037160626,3368.845146878125
523.4,0.00038912124,3371.692459740945
523.5,0.0014753361,3746.636832493934
523.6,0.0006461844,4619.984835268826
523.7,0.0004833458,4076.5530270562367
523.8,0.00048370365,4132.898785073088
523.9,0.00036404765,4226.193229172397
524.0,0.00040015692,3817.230864061945
524.1,0.0003808543,3622.2201345130898
524.2,0.00035769248,3989.2396142193065
524.3,0.00033837152,3632.9250000408474
524.4,0.00035236528,3793.7350208175703
524.5,0.0003725311,3577.5688726845556
524.6,0.0003489961,3488.8457094977075
524.7,0.00039723818,3485.90497350185
524.8,0.0005934436,3288.951132140423
524.9,0.00040298587,4138.081490606569
525.0,0.00060883537,3902.6902629357523
525.1,0.0007027298,3102.684446476903
525.2,0.0005353054,3100.6171423884743
525.3,0.00065955776,2600.2826308961585
525.4,0.000598363,2753.1057256781555
525.5,0.0006347243,2916.4487163582307
525.6,0.00050932326,3101.830287869526
525.7,0.00054647675,2890.2634104972767
525.8,0.0005683134,2871.6837213560616
525.9,0.0004289149,3248.0965718403204
526.0,0.00038935494,3426.5620357425223
526.1,0.00093798485,3460.822391274676
526.2,0.00047326484,5044.924226098832
526.3,0.0008414748,4589.276396780017
526.4,0.0004262959,5156.974215760625
526.5,0.00042787715,4240.045202793608
526.6,0.00032681585,4445.490143839462
526.7,0.0003510741,3884.2422457948687
526.8,0.00031898924,3998.760312372904
526.9,0.0003084851,4089.6656909459075
527.0,0.00036166783,3851.491189078459
527.1,0.00032016856,3721.3714512398897
527.2,0.00028639383,3932.0447756214226
527.3,0.00036841145,3386.3068711144224
527.4,0.0003414784,3634.9139792766464
527.5,0.00039591402,3614.477645906427
527.6,0.0003971864,3865.7061026968563
527.7,0.0003717016,4730.780385230316
527.8,0.0005333677,4221.859705271348
527.9,0.00035096717,3501.1987110730724
528.0,0.00032159782,3583.8251256153176
528.1,0.00042662583,3348.4581374079717
528.2,0.0004580979,3120.206093988376
528.3,0.00050296326,2881.319696255604
528.4,0.00064507633,2830.5127619852146
528.5,0.000619647,2624.8987666207304
528.6,0.00079274277,2320.815396326198
528.7,0.00088465464,2398.397292539622
528.8,0.00066518603,2667.3078151865184
528.9,0.00092619006,2131.618646019936
529.0,0.000806615,3718.9016518705726
529.1,0.00086423114,2871.4319484612015
529.2,0.0011647457,4121.961888548851
529.3,0.0008779853,4064.159849554813
529.4,0.0007769477,3953.2535230529725
529.5,0.0006698423,3932.0360718650645
529.6,0.0013596215,3030.894866784057
529.7,0.0008467776,3452.024157384738
529.8,0.0007716881,2871.606571733718
529.9,0.0006076722,3508.429272443106
530.0,0.0006314615,2942.110292582172
530.1,0.0006889891,2655.5142537668153
530.2,0.0005030408,3111.6944315325677
530.3,0.00047597918,3525.9267327126236
530.4,0.00043418663,3721.1985501323807
530.5,0.0003906288,4274.367984719149
530.6,0.00039789005,4048.444189533765
530.7,0.00045662827,4079.9868663180278
530.8,0.00041929714,3169.039089207721
530.9,0.0004247421,3405.438577548948
531.0,0.00033918372,3571.8022283094615
531.1,0.0003325754,3443.0671976893964
531.2,0.00039202097,3399.4454792442
531.3,0.00035758855,3419.1165183143876
531.4,0.0004228902,2931.866900644148
531.5,0.00039907978,3442.8890137909248
531.6,0.0003692141,3467.729380318591
531.7,0.00038465747,3568.845274421136
531.8,0.00056637527,5161.898147852056
531.9,0.000690982,4554.987363352213
532.0,0.0003682279,5300.4168111732215
532.1,0.00041719156,4421.408445562796
532.2,0.00035159598,3681.123727656475
532.3,0.00036937205,3626.9007997039876
532.4,0.00035687446,3975.1522823653404
532.5,0.00032882663,3473.7416479277745
532.6,0.00038714719,3362.4350205889373
532.7,0.00035694087,3247.115869787238
532.8,0.00035210396,3283.390804580099
532.9,0.0003247621,3631.1226562765883
533.0,0.00033262558,3898.104771033677
533.1,0.00038453168,3700.1974321804023
533.2,0.00034321728,3563.5279715888573
533.3,0.00038463925,3798.436493555475
533.4,0.00037285648,3794.749077869941
533.5,0.00046375755,3283.7501901843466
533.6,0.00041591245,3601.0264575965502
533.7,0.003282908,1562.4292085039308
533.8,0.0056721526,2337.4997869003437
533.9,0.0036196092,2575.8126470771376
534.0,0.003801529,2691.67273646129
534.1,0.0025623285,2164.376712263727
534.2,0.0014542738,2137.972840818785
534.3,0.0008191198,2392.249953026985
534.4,0.0005584123,3064.827558761855
534.5,0.00087565754,3134.3703284347707
534.6,0.00136972,4186.8761109092675
534.7,0.0014499921,2375.30053194451
534.8,0.0005163151,4601.420464774017
534.9,0.00050202804,4864.520774534687
535.0,0.00081071764,3154.3922086781395
535.1,0.0008077984,3088.4599260356763
535.2,0.0007379497,3303.8495939230347
535.3,0.00072761846,2913.634234084494
535.4,0.00059323676,3041.277165044169
535.5,0.00052296795,3052.0233854199737
535.6,0.0004021468,3523.490311483318
535.7,0.00041929862,3318.9713320302562
535.8,0.00040367767,3985.8144714887117
535.9,0.0003664559,4190.808225945404
536.0,0.00061570125,4108.977087792147
536.1,0.00045494453,4747.783076141675
536.2,0.00044368682,4315.625576713588
536.3,0.01439816,6708.152669554209
536.4,0.0069226767,3600.449080922152
536.5,0.014876748,2240.627582303228
536.6,0.008512516,2746.548598147164
536.7,0.008947016,2635.7649954470107
536.8,0.0048736134,2698.1161845124516
536.9,0.00767511,2162.901742763612
537.0,0.0041933726,1599.888762415113
537.1,0.04782713,1596.899739881854
537.2,0.031121273,1826.781987152498
537.3,0.014639427,2243.398228709861
537.4,0.005349111,2283.2751791371866
537.5,0.011369446,4325.303424881928
537.6,0.0103502255,3411.9062018352524
537.7,0.008488159,4040.0939818473316
537.8,0.004256629,3560.6107595662115
537.9,0.001828704,2841.956147335204
538.0,0.0011977144,2621.549173339532
538.1,0.00079422904,2871.615438681614
538.2,0.00065259007,3851.068533547508
538.3,0.00043900177,3921.7290588459437
538.4,0.0003957343,3262.6225841301475
538.5,0.00037714528,3336.1774618839054
538.6,0.0003882985,3035.941821762101
538.7,0.00038147118,3839.892575527876
538.8,0.00048400593,4472.772728278748
538.9,0.0004123603,4653.688318535405
539.0,0.00044390748,5490.528781875355
539.1,0.00044232947,5147.045671127837
539.2,0.00043912372,3300.708776648071
539.3,0.00031074396,3804.551213281118
539.4,0.00034421158,3387.453044021941
539.5,0.00028957886,3451.3378857699195
539.6,0.00029394325,3581.637526441426
539.7,0.00031783798,3287.322196956453
539.8,0.0002653414,3666.359787975569
539.9,0.00028886693,3456.169236232021
540.0,0.00031557496,3338.8442391043013
540.1,0.00035720732,3259.5867972427445
540.2,0.00034985147,3216.9461701635246
540.3,0.0045014764,2533.363707192667
540.4,0.0005618018,5394.566026739463
540.5,0.0004062845,4272.771603889429
540.6,0.00054945477,4736.518684708662
540.7,0.00076031574,3831.750420005128
540.8,0.0026402592,2257.5804140190594
540.9,0.00048645967,4043.3325176220183
541.0,0.00037882852,4039.9310214440648
541.1,0.0004887003,3951.5490080595882
541.2,0.000559281,3615.6711536722055
541.3,0.00082312914,2663.258563619682
541.4,0.008978816,916.7102433089024
541.5,0.019884495,547.1575415696432
541.6,0.004009235,1162.4097778227092
541.7,0.0024030618,1712.318680581495
541.8,0.005035484,1088.6844983989263
541.9,0.005253707,1080.3022806186193
542.0,0.031303726,191.9172603131776
542.1,0.005178891,1117.4220063015612
542.2,0.0043489565,1085.58468887744
542.3,0.006869129,654.9260716509566
542.4,0.0059407167,1288.861948093141
542.5,0.03462645,182.47003197599622
542.6,0.004353007,1110.1032105389343
542.7,0.0070204707,842.2471282333099
542.8,0.009178699,671.9141212100644
542.9,0.0037785426,3006.728658271239
543.0,0.04593243,540.8891682875324
543.1,0.004681775,3394.1283534575246
543.2,0.0060878764,1711.9514702073993
543.3,0.008683771,617.6045629403859
543.4,0.023718042,313.92113192979036
543.5,0.040719755,224.93988796552566
543.6,0.0027137385,1752.3112377362056
543.7,0.0038659952,1591.634751523406
543.8,0.0030233602,1653.6084802843786
543.9,0.021564296,645.5260441896314
544.0,0.008108784,978.2881647370803
544.1,0.0035597358,2203.0653396168864
544.2,0.0072194873,1508.5096259867914
544.3,0.0028977438,2075.9485694668724
544.4,0.0029807673,1965.0601242286014
544.5,0.001742765,2089.186145058095
544.6,0.0015828393,1830.9441076071253
544.7,0.0011650913,2167.7262700278884
544.8,0.0012473281,2033.0338406576404
544.9,0.0009664377,2540.9933622084873
545.0,0.00094136625,2248.576597812893
545.1,0.0011174657,2274.9912639176787
545.2,0.0013856544,1767.366299903801
545.3,0.0055237575,1725.359010648111
545.4,0.0014750134,1848.7207819066125
545.5,0.002244357,1686.815733306622
545.6,0.005149412,2702.1577634436544
545.7,0.0016681516,3315.858848071758
545.8,0.0009801775,3408.9221695874794
545.9,0.0010304899,3794.7812196080567
546.0,0.021326844,563.4078464024872
546.1,0.0073405243,1703.2634092135402
546.2,0.00055691274,3668.6818310279627
546.3,0.0006255423,3659.1862623784855
546.4,0.00080856745,2968.298070940467
546.5,0.016460648,776.9759961252611
546.6,0.034824207,283.6223848410465
546.7,0.009879499,630.0017430835184
546.8,0.012801121,716.4987682536878
546.9,0.0026574926,1821.82543141018
547.0,0.018224472,489.75827674318975
547.1,0.038198188,286.6259072923972
547.2,0.007525943,1222.2411158267266
547.3,0.006751716,2494.9070203723427
547.4,0.003762078,2442.1973982117925
547.5,0.014507939,808.3156255069315
547.6,0.0323525,397.4397682116377
547.7,0.009997677,869.506814690056
547.8,0.008126635,674.5608329360405
547.9,0.0023646264,2401.8788224316577
548.0,0.0131435525,509.9070487982243
548.1,0.014528942,939.7358516878887
548.2,0.006890088,1096.0207461564835
548.3,0.0035800913,1752.616021402597
548.4,0.0014761782,2530.1482045903413
548.5,0.0025510115,4092.1856825951354
548.6,0.0034479548,3097.4259321601203
548.7,0.008206229,1097.066623662391
548.8,0.0032452035,2582.154214680089
548.9,0.0011200567,3920.540190454488
549.0,0.00085563154,3565.3557838823517
549.1,0.0008694948,3328.584489669629
549.2,0.001477479,3031.690368162328
549.3,0.011859133,878.2479052548445
549.4,0.0036210984,1224.9768083727017
549.5,0.0011705016,2355.6836980840017
549.6,0.0014361731,2671.5882623576963
549.7,0.0012805914,3755.637906521086
549.8,0.000560921,4499.551710364487
549.9,0.0012787826,3414.5136706563057
550.0,0.0006476691,3489.640758809278
550.1,0.00053017505,3311.375135166806
550.2,0.0006796199,3058.779841035239
550.3,0.00056140765,3365.7236409197444
550.4,0.00055247726,3053.009573704988
550.5,0.00038965678,3622.3010407513502
550.6,0.0003668495,3632.200488751939
550.7,0.00037578636,3652.3055937936388
550.8,0.00035370333,3792.2185230279238
550.9,0.00041225395,3375.582797317479
551.0,0.00035971784,3867.007470159542
551.1,0.001134927,3766.1107609525375
551.2,0.0015320927,2839.7816408580406
551.3,0.0020451483,2574.6427295053372
551.4,0.0009137906,4460.091647769949
551.5,0.0007064254,4499.096898759919
551.6,0.0006066586,4487.759063502557
551.7,0.00068728003,3892.7021095291666
551.8,0.00056178344,3576.0589285366786
551.9,0.00063368224,3594.5946656264155
552.0,0.0008420182,3113.9590669597637
552.1,0.0012775862,2680.5913755128154
552.2,0.0036356403,1581.6194810112156
552.3,0.0032021003,1570.880032615141
552.4,0.0028061986,1354.127027156636
552.5,0.0030895325,1410.0612685554397
552.6,0.0024112805,2144.2393305124606
552.7,0.0010325807,3595.687707688552
552.8,0.0008206737,3479.4199395157525
552.9,0.0011901379,2288.4562829061074
553.0,0.0015431608,2095.1099334393066
553.1,0.00049558585,3076.810650074702
553.2,0.00057413575,3030.1093942847683
553.3,0.0009641101,2857.028580152442
553.4,0.00069163705,2679.247404666543
553.5,0.00061400764,2884.415894563689
553.6,0.00046283496,3433.749114635978
553.7,0.00051405176,3123.0684309873986
553.8,0.00038040814,3116.2912513021492
553.9,0.0009862237,3368.318916267972
554.0,0.0012928083,3723.470640675084
554.1,0.0022688804,1876.0760656896196
554.2,0.00063874683,4391.0971131431015
554.3,0.00059573015,4564.757327065134
554.4,0.00044334194,4645.880948633718
554.5,0.0005612146,4380.585751888305
554.6,0.00044695992,3999.2342727073083
554.7,0.0006824258,3562.8402419670765
554.8,0.0005549238,3693.9662005319506
554.9,0.00068646896,3218.0759553062517
555.0,0.00077794393,2516.891008282621
555.1,0.00048599832,3254.8872535298324
555.2,0.0010222772,2746.625675052658
555.3,0.0010196113,2751.436205693492
555.4,0.0005751198,4252.450857498025
555.5,0.0005574047,4269.3067262117365
555.6,0.00050818286,4938.084882643525
555.7,0.00045531933,3558.0280942358795
555.8,0.0004007651,3636.940857233732
555.9,0.00043490366,3818.030114925341
556.0,0.0006875206,3293.8910435594535
556.1,0.00046622477,3654.766845034848
556.2,0.00036959248,3412.846434057845
556.3,0.0004957519,3194.4590128843447
556.4,0.0005008831,3161.2228815856015
556.5,0.00031414322,3165.4220764363163
556.6,0.00036552193,3503.8065227787724
556.7,0.00045361926,3641.1475434720714
556.8,0.016677907,2170.830928819134
556.9,0.010340034,2201.544272105388
557.0,0.007911606,1713.4387624123283
557.1,0.0048949146,1468.0955154461574
557.2,0.0037628396,1588.9563432938537
557.3,0.0020381464,2124.951521073607
557.4,0.0015737144,3259.864262946873
557.5,0.000627908,4180.585771509255
557.6,0.00056849007,4299.589083901856
557.7,0.00049364765,3775.680221737842
557.8,0.00042873048,3518.4926994474463
557.9,0.00038911233,3431.437721565084
558.0,0.000661672,3247.4419458243988
558.1,0.0005499621,3208.2242440868054
558.2,0.00036322812,3883.417122937405
558.3,0.00052075594,3855.1474840902383
558.4,0.00038323936,3399.5880233201706
558.5,0.000297296,3523.097514409832
558.6,0.005346369,1365.3740463337394
558.7,0.014028969,444.7741588914447
558.8,0.0027551262,1696.0693619044655
558.9,0.0028332276,1713.3724920890622
559.0,0.0009988906,3240.328467055844
559.1,0.006303533,1290.6178631466162
559.2,0.02603834,260.19526018935323
559.3,0.0055135437,1601.604045832651
559.4,0.005729243,928.2123449395443
559.5,0.007390384,917.9952183537512
559.6,0.004939739,1447.676623143105
559.7,0.02317474,1558.7413548545208
559.8,0.018384742,1140.3221170862842
559.9,0.003729241,1849.6954432253442
560.0,0.001471996,2863.57512972535
560.1,0.0014477816,2864.1699242504956
560.2,0.003972681,2624.3030860640683
560.3,0.027222836,351.1520857264592
560.4,0.0022754343,3096.3776019316274
560.5,0.0024857412,2425.9401531864964
560.6,0.0022299555,2536.7047414682747
560.7,0.0013432842,3146.902834962895
560.8,0.024497187,353.73577287832387
560.9,0.009436656,711.042217601055
561.0,0.0069514313,785.742400988238
561.1,0.0024998547,2138.7926413243927
561.2,0.0025621157,2262.8996070726444
561.3,0.008054385,1050.689701855468
561.4,0.032199558,471.48224598207946
561.5,0.012222104,603.7097215208508
561.6,0.0037870663,1351.2626838315296
561.7,0.0020991454,2390.7581207974795
561.8,0.0013587602,2596.243368130522
561.9,0.0022749538,2227.4330957796005
562.0,0.01833381,373.11715169281626
562.1,0.0027383917,1745.8546066044364
562.2,0.0014044418,2525.09623451708
562.3,0.0012271329,2096.7586735980058
562.4,0.00078327954,3217.895913995316
562.5,0.00202364,2521.704438500113
562.6,0.009446152,1112.6833499637441
562.7,0.008836913,2656.364026199165
562.8,0.008671086,1874.942448519074
562.9,0.004016876,2195.850972590191
563.0,0.0024228503,2607.690568800515
563.1,0.0016977421,2160.2894178404395
563.2,0.0011193975,2210.411431578237
563.3,0.000660915,2678.7961379550115
563.4,0.0008017541,2929.1864220360408
563.5,0.0004823812,3292.049442880543
563.6,0.00056284433,3189.5414378895175
563.7,0.00053577963,3345.5643623411033
563.8,0.000498687,3728.18961254754
563.9,0.00067549566,4344.585874956688
564.0,0.00069507665,5115.109534025012
564.1,0.0004788401,3521.8882077451617
564.2,0.00075911515,2895.7767116569175
564.3,0.00056729483,3058.478194866226
564.4,0.0004149791,3318.3097666665403
564.5,0.00055429956,3076.7215218946885
564.6,0.0004907927,3240.1180987497783
564.7,0.00046819515,3131.0172492806673
564.8,0.00047904532,3246.060737238403
564.9,0.00037586706,3579.9827473313694
565.0,0.0004438852,3143.885461207532
565.1,0.00046796992,3266.3004966002327
565.2,0.0025800345,2027.6172097378524
565.3,0.010619772,2071.37082520384
565.4,0.0030802402,2199.562774382599
565.5,0.0018590814,2680.95879712089
565.6,0.0013469899,2985.2161787439795
565.7,0.0006640951,3599.265818859503
565.8,0.0004556655,3837.246398419148
565.9,0.00048207,3913.9312128697234
566.0,0.0005700771,3857.690879967123
566.1,0.00042866802,3439.21223566562
566.2,0.00051370764,3291.4808857771636
566.3,0.00038236004,3788.669777869712
566.4,0.00045650016,3416.1626972493395
566.5,0.00036340608,4973.287580346078
566.6,0.00038494213,4556.580507884832
566.7,0.00035029274,3588.735196669315
566.8,0.00032185426,3569.148101347046
566.9,0.000310111,3682.859044581309
567.0,0.0003219638,3427.8044922789563
567.1,0.00036636146,3533.8194152140222
567.2,0.000518947,2891.2190560549707
567.3,0.00065803935,2860.1106956790914
567.4,0.00037226087,3507.6565171333605
567.5,0.000880601,2789.603578420775
567.6,0.0006143107,3250.0342574760916
567.7,0.00071233633,3307.3418542556783
567.8,0.00045099002,3559.511273376802
567.9,0.00038588615,3779.1566486578413
568.0,0.0006186255,2889.007713672325
568.1,0.00092399126,2397.5976274794252
568.2,0.0014938868,1810.8743505566322
568.3,0.0013377316,2059.1254284909182
568.4,0.00074056926,2531.13146800122
568.5,0.0023324043,3491.011138226279
568.6,0.0014927769,2754.8435329425274
568.7,0.0012306724,3489.7318882153972
568.8,0.00078224076,4291.598350362023
568.9,0.00066680345,3444.5288432866632
569.0,0.00046529874,4022.6896695894357
569.1,0.0005296219,3948.8428492075827
569.2,0.00073321693,3146.8397996981257
569.3,0.00057311676,3213.1862756925884
569.4,0.00049829227,3289.019014727087
569.5,0.00045031708,4009.889229707602
569.6,0.0004831801,4774.358398834098
569.7,0.0005269177,3970.273158068816
569.8,0.00049627904,3827.2159052094435
569.9,0.00040285347,3314.90806369031
570.0,0.0004156729,3341.210215201809
570.1,0.00036093278,3560.4935569621553
570.2,0.0003806006,3445.0146114618174
570.3,0.00035155783,3830.466377954297
570.4,0.00034023228,3573.368027743284
570.5,0.00033011552,3707.6083304473736
570.6,0.000376928,3384.7035045604953
570.7,0.00035579436,3808.3052180932877
570.8,0.00041231315,3599.682067525122
570.9,0.00045800544,3533.654755014591
571.0,0.00046412944,3175.016682409949
571.1,0.002001009,4736.259315384189
571.2,0.0014643554,3480.150641897004
571.3,0.00096650515,3428.1149320918257
571.4,0.0009238362,3606.2913537797285
571.5,0.001067031,2760.4516074252574
571.6,0.0009934783,2295.6688177864135
571.7,0.0010729078,2236.7613406775426
571.8,0.00082458893,2298.798456902433
571.9,0.0010160541,2321.233137687
572.0,0.0007869336,2670.0516223441723
572.1,0.0006695998,2543.506400240838
572.2,0.0005816464,3025.675739598534
572.3,0.0005305742,3849.015790302076
572.4,0.00058246916,3757.437791925012
572.5,0.0006962765,3955.162119381192
572.6,0.0005713622,4051.482921028667
572.7,0.0005583862,3483.563139346432
572.8,0.0006425697,2834.4699277393474
572.9,0.0006230231,3055.0079904044483
573.0,0.0004025777,3507.8944364561758
573.1,0.00038160474,3641.580477766687
573.2,0.00037596244,3542.5911571323077
573.3,0.00052067614,2941.840345910733
573.4,0.0004319174,3453.109995643829
573.5,0.00046195782,3511.163503752013
573.6,0.0003561481,3573.7130027717035
573.7,0.00039983154,3422.84352661966
573.8,0.0005085628,3520.6642310215775
573.9,0.002903448,2376.791347654335
574.0,0.0007250276,3658.7931959954826
574.1,0.00042518115,5709.083060894025
574.2,0.00046298897,5152.071842011342
574.3,0.000497647,4912.163525339601
574.4,0.0004265919,4738.767839343689
574.5,0.0004860523,3651.344419263468
574.6,0.00041956274,3727.6570300065555
574.7,0.00043665335,3602.8304162497084
574.8,0.00041500115,3378.3782659184767
574.9,0.00045328168,3425.938815502473
575.0,0.0004889629,3422.4958671256923
575.1,0.000520029,3814.517123589876
575.2,0.0003799443,4864.859667086025
575.3,0.00043409326,5115.627920369507
575.4,0.0004996533,4687.202923968513
575.5,0.00047078662,4690.981380838145
575.6,0.000425718,3844.9639647529475
575.7,0.00044320434,3548.149780736663
575.8,0.00055045844,3375.418709429
575.9,0.0004985989,3247.4552426747696
576.0,0.0006082006,3511.6610971536475
576.1,0.00038539164,3542.7149839614613
576.2,0.00045091577,3486.6532548158784
576.3,0.00053220324,3145.5661247565013
576.4,0.0006292954,3020.1784581784423
576.5,0.001288679,1976.3216424733866
576.6,0.0091397865,1919.87467968364
576.7,0.0021021264,2162.1987456523816
576.8,0.0015233052,2885.25294458378
576.9,0.0014206646,3319.51612195125
577.0,0.0011008432,3516.9333904293153
577.1,0.0013943748,2981.071433036791
577.2,0.0010484878,3331.9985142578316
577.3,0.00084070396,2759.9506264129277
577.4,0.000888325,2738.4090174141484
577.5,0.00080177456,2541.9186509883466
577.6,0.0009575302,2539.228833218299
577.7,0.00090294884,2791.272019063841
577.8,0.00058748806,4164.41121551128
577.9,0.0006739212,4490.946257209373
578.0,0.00078026013,3997.5037444822983
578.1,0.00060478464,3038.819210823951
578.2,0.00044294284,3395.984587050314
578.3,0.00049948023,3295.905538181654
578.4,0.0004013514,3338.0160198897747
578.5,0.00059840473,3037.8498008830265
578.6,0.00059314916,3201.5354815056266
578.7,0.0004024119,3920.0268964705256
578.8,0.000461191,3476.009192875028
578.9,0.00054039434,3302.1370139256487
579.0,0.0007777797,2658.2625917591004
579.1,0.0006733629,3759.0261669696993
579.2,0.002657303,3518.8056184062243
579.3,0.0012094396,3390.3082264924915
579.4,0.00043000377,5085.430809594456
579.5,0.0004005559,4930.860227476034
579.6,0.0005831024,4543.878562749863
579.7,0.00054350786,4914.176535254681
579.8,0.0006136528,3246.7237726987305
579.9,0.00035316098,3594.5888716652325
580.0,0.00061945233,2976.686561833206
580.1,0.0006995175,3841.965751787666
580.2,0.0007131367,4003.663481607119
580.3,0.001012928,3574.937867100177
580.4,0.0012874441,2570.822463931737
580.5,0.0011814727,2428.9421832780226
580.6,0.0013516276,2007.547521181737
580.7,0.0011362144,2068.5121221107934
580.8,0.0008725849,2567.6467610390887
580.9,0.0009308175,2367.3025798309345
581.0,0.0007848503,2579.9927339414503
581.1,0.0010594327,2645.716184473649
581.2,0.0010634417,1952.9245233921058
581.3,0.0009292243,2218.47977547509
581.4,0.0013139402,1864.9613561324977
581.5,0.0031714663,2709.2919025080214
581.6,0.0012328806,3519.1583625654475
581.7,0.0007649579,3995.7930589365023
581.8,0.00069516024,3515.7797540147894
581.9,0.0006309075,2922.269680473961
582.0,0.0005983297,2883.3046686946363
582.1,0.00055484584,3108.580111212052
582.2,0.0008934169,2433.1002296107317
582.3,0.00047742823,3087.357158376766
582.4,0.00041606821,4083.0908872520995
582.5,0.00038936207,4098.720216405954
582.6,0.00037116106,4900.885068807249
582.7,0.00035884912,4905.664289738779
582.8,0.00032175062,5091.886516848712
582.9,0.00040284856,4906.188791614595
583.0,0.0003386708,4315.449975130887
583.1,0.00037504136,3377.0134776404707
583.2,0.00038841018,3322.245549596135
583.3,0.00039169958,3309.1529123351784
583.4,0.00034917286,3246.9631890940555
583.5,0.000323492,3483.49902780519
583.6,0.00043297693,3038.956177999039
583.7,0.00046873235,3140.3461880680343
583.8,0.00033140395,3406.5941833669704
583.9,0.00288102,1878.7486517084749
584.0,0.0010992695,4119.262099654728
584.1,0.00040770025,4543.426291071366
584.2,0.0003745683,4545.36540699627
584.3,0.000427233,4148.832134112564
584.4,0.0003400124,4479.776465513545
584.5,0.0003601246,3672.2900609034327
584.6,0.0003094639,3774.589362087703
584.7,0.014188209,7876.716590119659
584.8,0.039375156,1777.6894505017326
584.9,0.037526663,1974.6437316203276
585.0,0.022192026,1959.804337353642
585.1,0.011986602,2334.004843457233
585.2,0.0059803715,2527.3410237977223
585.3,0.00049357663,5779.380454843094
585.4,0.017657105,1747.290985097137
585.5,0.00046391398,3595.8560687556474
585.6,0.020120414,1994.3635778536363
585.7,0.0057606683,1755.1010139019552
585.8,0.035618484,1870.3234571452476
585.9,0.017657973,2154.475875654528
586.0,0.008732461,2163.691603862524
586.1,0.003961199,2002.061727208945
586.2,0.0021790764,1968.1879204111392
586.3,0.0059100105,2246.3320384775807
586.4,0.00057473616,4085.0383888750357
586.5,0.0006264166,4491.034414610489
586.6,0.00061569345,4517.786349731342
586.7,0.00058468315,4330.299527087122
586.8,0.0006238935,3599.449285958576
586.9,0.00035953926,3874.5942172017008
587.0,0.0003782501,3741.3104932761516
587.1,0.00036871317,3633.420133664378
587.2,0.002346004,8346.15204911086
587.3,0.016547494,3109.3614589661497
587.4,0.013715611,3302.6403521570674
587.5,0.012767689,3139.177629335256
587.6,0.0076815174,1467.1794563944773
587.7,0.005964998,1229.273712635396
587.8,0.0075022187,2819.0782670109265
587.9,0.013926871,2587.5140161841614
588.0,0.009170842,8333.852944843782
588.1,0.010681491,7166.098440332198
588.2,0.0332098,880.644359371501
588.3,0.012284126,2572.4994443070414
588.4,0.0003955884,3609.2613852461673
588.5,0.0136576975,3785.7832040584035
588.6,0.0076504494,3545.9226964265135
588.7,0.008345902,3336.8752543487176
588.8,0.0035121085,3280.38786506473
588.9,0.0019335361,3045.3745347545246
589.0,0.00084366766,3273.918838115545
589.1,0.00044139044,3312.9302086626494
589.2,0.00037939913,3543.5710755030195
589.3,0.00035290423,3310.267510564356
589.4,0.00040845448,3348.3947056071925
589.5,0.00041233204,3329.951428995376
589.6,0.00042779974,3180.1552837269564
589.7,0.00045623077,3332.467626888384
589.8,0.00042116822,3545.5340888121127
589.9,0.0004303666,3539.2066603517897
590.0,0.00044380728,3056.979568565994
590.1,0.00047719496,3129.1042739946233
590.2,0.0003519148,3574.0207703026285
590.3,0.00034180091,3763.7258211056405
590.4,0.00040588606,3217.915546524989
590.5,0.00036742634,3417.8109001812622
590.6,0.00042449,2969.5497560041763
590.7,0.00037389484,3410.9556724540043
590.8,0.005194368,4722.582710027693
590.9,0.017367907,2546.5507033902722
591.0,0.05821004,1384.0090112905382
591.1,0.029651191,1478.939927744536
591.2,0.005823118,2376.3909817549174
591.3,0.009388309,3502.8680708116667
591.4,0.008584884,3423.7531257280966
591.5,0.0059839445,3244.3297215867187
591.6,0.0036993888,2580.046567215376
591.7,0.002066353,2144.403284617556
591.8,0.00079945364,2428.933173445507
591.9,0.00051484595,3195.492145450087
592.0,0.0004878984,3474.263919614912
592.1,0.0005302882,3159.6379090998776
592.2,0.0005246763,3278.0355431398434
592.3,0.00044020754,3790.281742334305
592.4,0.0076986905,2044.6504395538495
592.5,0.0009610352,3505.239229486516
592.6,0.0155959185,3300.0098512753952
592.7,0.01169366,7315.011124019496
592.8,0.0029825808,1791.4328179710465
592.9,0.004884241,1855.9541263013775
593.0,0.010739703,2737.2762363292627
593.1,0.0028718458,1988.0691458162569
593.2,0.01595907,2465.180717698886
593.3,0.008132851,2003.717933565162
593.4,0.0031286695,1902.4845070910242
593.5,0.0006926033,2439.418376338559
593.6,0.00046035514,3373.9612596415827
593.7,0.006064877,2101.5947945406415
593.8,0.0010679994,5801.674177163199
593.9,0.00059462886,5286.392844707596
594.0,0.0005293969,4321.310886327119
594.1,0.0005697714,3602.7857047874886
594.2,0.0005438123,3555.983352372857
594.3,0.00048418154,3434.0250264852434
594.4,0.00062417635,2758.3351424490224
594.5,0.0004922546,2965.7244852220415
594.6,0.0004120898,3655.1341258518987
594.7,0.00049053,3397.612502058724
594.8,0.00039207903,4114.559220347799
594.9,0.00044508203,4593.801681937861
595.0,0.00056998647,3201.616120694905
595.1,0.00035393733,3604.2652367943556
595.2,0.00047924524,3283.5270342181534
595.3,0.00036087277,3536.5494602418516
595.4,0.008297274,1371.5909810707406
595.5,0.10730752,1767.8900033180198
595.6,0.0620452,783.3981479852973
595.7,0.019491347,1870.4638053363262
595.8,0.019370055,1864.1296518154397
595.9,0.00038435668,3964.9617383038612
596.0,0.016008276,1573.6212965336756
596.1,0.006291008,1492.7299772573851
596.2,0.014341504,1290.7100536616108
596.3,0.0036444035,2205.0304748302465
596.4,0.00041789486,5469.830107801017
596.5,0.045092024,1952.5183592932995
596.6,0.01848876,2928.1284955353312
596.7,0.012121366,2535.403118557897
596.8,0.000452709,4098.7067661470965
596.9,0.011975303,2055.038699490655
597.0,0.006094983,1936.7735739021032
597.1,0.007843786,2749.0111143890044
597.2,0.0064932555,2573.805563021289
597.3,0.0051488844,2603.876406391533
597.4,0.035977285,1719.8317655071949
597.5,0.010699194,1828.1393641658653
597.6,0.0041871066,1735.638491687083
597.7,0.002209322,2194.4882026157215
597.8,0.0011602176,2087.457081771674
597.9,0.000772108,2471.463852078915
598.0,0.0006709624,2363.9494129980717
598.1,0.00038318586,3344.407215524269
598.2,0.00038377746,3371.6909770645716
598.3,0.0005018292,3057.9792752889216
598.4,0.0005096982,3494.6008006911425
598.5,0.0003544307,3944.242406663485
598.6,0.0003622769,3713.767639199291
598.7,0.00799977,1475.7546739993927
598.8,0.0051215678,1217.942649508253
598.9,0.0010308011,2662.835377614441
599.0,0.00051553734,3740.1340083121295
599.1,0.0006289859,4904.781165130508
599.2,0.00044969763,5612.197363274639
599.3,0.00055657333,5446.559676719122
599.4,0.000507413,5350.4074322334545
599.5,0.00041959545,5638.119737798044
599.6,0.00055286114,4535.840302515912
599.7,0.0005290074,3360.110565358619
599.8,0.0005047446,4014.567196534279
599.9,0.00086724805,3839.7408202836186
600.0,0.0004156589,5274.601617430655
600.1,0.0006591199,4964.131450877139
600.2,0.00040895215,4218.23175710517
600.3,0.00028716266,3742.492712130322
600.4,0.00029724397,3818.7358943009085
600.5,0.00031181198,3755.3776883071214
600.6,0.000388951,3619.7687958446727
600.7,0.0008219766,2787.33713406336
600.8,0.0007134825,2774.1190222904816
600.9,0.0004003243,3486.651132518159
601.0,0.0005030186,3229.3868747493734
601.1,0.00028796232,3757.871750500831
601.2,0.0004311343,3912.266756549174
601.3,0.003749551,3260.917288838911
601.4,0.0012028924,2828.0026847596064
601.5,0.00050115364,5216.270456965179
601.6,0.00042019752,5469.482251638947
601.7,0.0013314947,4303.2982254085755
601.8,0.00054734194,5621.145446341253
601.9,0.0011478381,4900.1781652907175
602.0,0.0004944711,5634.713349273206
602.1,0.0005197165,4321.051759463404
602.2,0.00040957096,3909.184066517838
602.3,0.00052818336,4336.837411188408
602.4,0.0009265367,5410.798126512417
602.5,0.0006849253,5393.424567635242
602.6,0.00077746034,4632.3079757749165
602.7,0.0009716632,3928.838601987838
602.8,0.0010650383,3189.0029742297056
602.9,0.0008534971,2606.9658279333994
603.0,0.000505344,2885.908910732332
603.1,0.0007281343,2688.299029344594
603.2,0.00057560665,3258.2309527640627
603.3,0.0004290844,3819.995460417006
603.4,0.00038357603,3588.3303300642024
603.5,0.0004431874,3548.0400144192863
603.6,0.0010747275,2671.353022015417
603.7,0.0027849704,3935.0426226638547
603.8,0.0011258938,4355.188376259808
603.9,0.00042974675,6042.992996740014
604.0,0.00066711876,5214.595517822496
604.1,0.0006326217,5247.424789920429
604.2,0.00044169952,5540.2440473398765
604.3,0.00045783195,4291.627723552207
604.4,0.0004100349,3859.1260433227953
604.5,0.00042578284,4016.383017859061
604.6,0.0006026319,4858.64165494476
604.7,0.0006968417,5609.902833981789
604.8,0.0005711196,5526.5569260525535
604.9,0.00040123175,5063.160704130495
605.0,0.0004838237,3486.508300970073
605.1,0.00035986447,3826.5850573735856
605.2,0.0003528847,3569.4934912794815
605.3,0.0004017964,3656.2815299230406
605.4,0.00036536055,3683.877499122521
605.5,0.000457904,3323.4709079241557
605.6,0.00055690313,3118.582045439512
605.7,0.00065619143,2984.970937871435
605.8,0.0006556898,2875.388243110151
605.9,0.00090118055,2807.7097480938473
606.0,0.0007788039,3336.6947539192115
606.1,0.001730161,2533.348703155809
606.2,0.000751589,4478.0841297116995
606.3,0.00084971223,4549.416559761105
606.4,0.000857918,4630.882531760273
606.5,0.0007640665,4334.57542959845
606.6,0.00067101995,4983.270300118495
606.7,0.0006635538,3879.065043442576
606.8,0.0005458817,3355.831208598637
606.9,0.0004972863,3571.772848464587
607.0,0.0005766598,3374.678280452286
607.1,0.0005085937,3220.6326493947895
607.2,0.00046219758,3281.214717822859
607.3,0.0005131323,3444.385185125461
607.4,0.0006462487,2967.261195069381
607.5,0.0004901872,3285.3882897457784
607.6,0.0003820073,3714.004550196799
607.7,0.0004139754,3590.4293961457265
607.8,0.0004024448,3397.986616192429
607.9,0.0004252667,3728.7325197540067
608.0,0.00041017737,3603.953743272086
608.1,0.00038428925,4046.7142693171336
608.2,0.00040108484,3775.9359929676098
608.3,0.0004828297,3465.9332675101737
608.4,0.00042510204,3551.040101708168
608.5,0.00083791546,3129.0583061349093
608.6,0.0006695401,3387.6136454339694
608.7,0.0003678892,3893.1933773284613
608.8,0.0003898368,4055.39710228063
608.9,0.00041585177,3806.0409526307444
609.0,0.0072325976,2186.214713074775
609.1,0.00057334465,3308.0354420619997
609.2,0.0005371743,3582.573546982163
609.3,0.00063003565,3955.5439154162405
609.4,0.0007011414,5102.151132872867
609.5,0.00064962404,5775.947827689542
609.6,0.001102778,4806.299276844404
609.7,0.0009183756,2493.8297852477353
609.8,0.00064204267,2959.1488722692875
609.9,0.0006782003,3423.28010873267
610.0,0.0007376861,3586.6054576700835
610.1,0.00054415525,4372.786063174143
610.2,0.000520022,5133.478009249561
610.3,0.00047217702,4951.031182210216
610.4,0.00046298676,3555.0768632529935
610.5,0.00048031408,3226.5295317809996
610.6,0.00037807625,3531.226299264441
610.7,0.00038185559,3427.4145922604566
610.8,0.00038941606,3716.5920771110636
610.9,0.00038392036,3664.1997809360346
611.0,0.00040559232,3659.2021730535025
611.1,0.00035997413,3977.24489249618
611.2,0.000925516,4163.746291813052
611.3,0.00039211035,4117.748145273391
611.4,0.00074984104,4885.8723682501395
611.5,0.00048138696,6430.6575303690415
611.6,0.0004380941,6319.041114320026
611.7,0.0004405267,5650.786473805925
611.8,0.00039424896,3766.9987946687115
611.9,0.00031330035,4089.774440286357
612.0,0.00032158283,4619.168208666102
612.1,0.00036628556,5248.906138516544
612.2,0.00041503276,5757.060156825351
612.3,0.00048401637,6325.615712610467
612.4,0.00052183145,5545.254120686139
612.5,0.0007627212,4835.4075640834
612.6,0.0005665767,5294.395853968188
612.7,0.00040751082,4927.4089563879015
612.8,0.00036737026,4091.0785315486537
612.9,0.00032300013,3945.8517783718607
613.0,0.0003296946,3735.7586681134812
613.1,0.00048036952,3561.68096032676
613.2,0.0005770048,3451.941194368233
613.3,0.00059680024,3207.7468479505824
613.4,0.00073740614,2622.536420401641
613.5,0.00071773527,2827.7553396966787
613.6,0.0034393787,3050.4242276327777
613.7,0.00083760667,4530.326869395892
613.8,0.0010219258,4652.057298194161
613.9,0.0009200518,5325.87041887762
614.0,0.0010837682,4233.178831531794
614.1,0.0007044765,3278.0273196419357
614.2,0.000939343,2547.9132758386572
614.3,0.0006042977,4027.742716110648
614.4,0.00077019207,4486.327661539961
614.5,0.0005145636,5064.0418631613275
614.6,0.0006630155,3943.784475457006
614.7,0.0005197771,3553.846053023017
614.8,0.0005251285,4533.5511208446005
614.9,0.0005241746,5005.235238793906
615.0,0.0007142567,5246.423927240972
615.1,0.0005515096,6156.447346022299
615.2,0.00039034695,5673.819161954607
615.3,0.00034751155,4139.702060493107
615.4,0.0003379534,3795.8555880627455
615.5,0.0003462792,3845.2897439730345
615.6,0.00033724337,3901.723133642841
615.7,0.00035211266,3475.6533722842837
615.8,0.0007021241,3447.0594864553636
615.9,0.00041271275,3647.9058149651537
616.0,0.00038770185,3471.6552249488636
616.1,0.00027016638,4202.720155720376
616.2,0.002244193,3027.778514532716
616.3,0.00078669447,3817.84914927092
616.4,0.0008353923,3856.0706814049545
616.5,0.00047224306,5992.566281344036
616.6,0.00073191314,5576.569216712091
616.7,0.0004125289,6014.151502728656
616.8,0.00066325173,5158.696733823823
616.9,0.00039884486,4997.758684849303
617.0,0.00044045373,4990.2592708803
617.1,0.00035491778,3612.9735550355704
617.2,0.00033368345,3756.9850278088816
617.3,0.00040759463,4596.796749883126
617.4,0.00041102705,5970.00084568656
617.5,0.0006652619,5078.65289546743
617.6,0.0004468155,5984.467850834806
617.7,0.0004625412,6652.567802113555
617.8,0.00040006405,5339.96017471903
617.9,0.0004018147,3422.569281015178
618.0,0.00038440345,3589.427957301463
618.1,0.00045764472,3158.7304562225477
618.2,0.00038767018,3715.8605819686
618.3,0.0004508796,3291.3390012947884
618.4,0.00034707732,3689.397532994023
618.5,0.00040659754,3284.2709980648906
618.6,0.00033352798,3753.552346897365
618.7,0.002634232,6167.860082169596
618.8,0.00052605494,5479.8547845575795
618.9,0.00048299663,4555.825843985872
619.0,0.00065584976,5700.400604991259
619.1,0.0006675676,5431.133361393624
619.2,0.0004454815,5358.574727073329
619.3,0.00042798475,5746.947398121985
619.4,0.00043059193,5214.781714233437
619.5,0.00042804997,5397.471174203813
619.6,0.00036304235,3558.252356141629
619.7,0.00031547746,3716.297765712442
619.8,0.00031468764,3803.1148762467424
619.9,0.00033002245,4321.700268630187
620.0,0.00042281,5320.288616594381
620.1,0.0011356086,5192.364938894096
620.2,0.0003730517,5822.722589735968
620.3,0.000408028,3279.7273688201303
620.4,0.00027659972,4146.163741941936
620.5,0.00034704225,4121.354403788558
620.6,0.0003005145,4003.223623716207
620.7,0.00033232916,3896.2339981300465
620.8,0.00031857507,3868.147558596771
620.9,0.00039966742,3814.6783520396652
621.0,0.00036987697,3788.2415797374624
621.1,0.00897584,2072.01010131041
621.2,0.004421233,2702.781534355601
621.3,0.009056714,2468.940585835302
621.4,0.011070949,7793.877307310444
621.5,0.008288477,4321.624553792124
621.6,0.012114405,1619.5794658837365
621.7,0.015266513,2367.1599688361916
621.8,0.005554414,2806.7910503643934
621.9,0.0031163911,2466.0182995964647
622.0,0.0018056463,2266.4458271881567
622.1,0.0013559803,2330.1956562570685
622.2,0.0006037656,3289.4713436663515
622.3,0.0005719662,3308.114312440227
622.4,0.0004962314,4314.846878284832
622.5,0.00046930555,4786.7200721252475
622.6,0.00069806934,4255.436111166065
622.7,0.00067018723,4468.583532152552
622.8,0.0005314806,3406.411280826269
622.9,0.0004928114,3689.476412997891
623.0,0.00042341804,3584.2413305424884
623.1,0.00047674487,3489.594293133616
623.2,0.00040339128,3668.8844901741804
623.3,0.0004005606,3668.995321729324
623.4,0.00040224637,3758.0308551919234
623.5,0.0005202017,3669.621936840528
623.6,0.0068770736,3511.059262435838
623.7,0.00052612496,4062.351411939683
623.8,0.01978741,7267.818491140941
623.9,0.013496472,3281.651140181326
624.0,0.006648927,2324.02854325897
624.1,0.007350237,2289.53314370678
624.2,0.0067283846,2300.929405316289
624.3,0.0080689415,2215.8657789687873
624.4,0.059541106,1372.760658282732
624.5,0.005886324,2082.05076714336
624.6,0.01847596,3407.6528855133374
624.7,0.030110722,961.644615339395
624.8,0.008297663,2283.8421748614974
624.9,0.0025757453,2050.1890482946947
625.0,0.0034017062,3213.9454751240755
625.1,0.01109572,3912.9497532449227
625.2,0.010112738,1795.396454144041
625.3,0.019538473,3006.115235762241
625.4,0.010244079,3426.319977878679
625.5,0.005387659,2498.8151458263787
625.6,0.016781656,3430.761268232237
625.7,0.013763237,2428.308161635985
625.8,0.0063809995,2304.697845937206
625.9,0.0037394993,2039.651646085872
626.0,0.0018354825,1817.8828502388897
626.1,0.0010039415,2497.9867887566143
626.2,0.00065687497,2804.560386208483
626.3,0.00047833924,3494.383848645908
626.4,0.006291957,1915.2688496181572
626.5,0.00076602935,4039.339401206668
626.6,0.00061189913,6080.400878947692
626.7,0.000812864,5738.134129214753
626.8,0.0015827684,3585.9742608032316
626.9,0.00045454528,4451.781479740213
627.0,0.0004044191,3898.715189465832
627.1,0.00036354718,3770.680232346095
627.2,0.00050002127,3276.5383820810484
627.3,0.00061147456,3104.08600670408
627.4,0.0012768316,2428.29618549757
627.5,0.0016150654,2365.2859412837206
627.6,0.0018035169,2809.849731657306
627.7,0.0015268447,3523.5445430563595
627.8,0.0015027871,3341.7427881924214
627.9,0.0012569253,3321.436207796877
628.0,0.0013354896,2028.205516907511
628.1,0.0010942323,2333.849978510042
628.2,0.00072882755,2692.605440403299
628.3,0.00078419485,2584.417991079714
628.4,0.0006109092,3285.3032852618044
628.5,0.0007174844,2642.4894108865487
628.6,0.000815663,2379.530945817175
628.7,0.00055845245,3238.435786442634
628.8,0.0004572735,3505.41908310526
628.9,0.0045035966,2735.574849524347
629.0,0.0029535405,4768.539499517545
629.1,0.00050430093,6421.169541664389
629.2,0.00037448248,5845.836932383689
629.3,0.0004261294,5640.071462412067
629.4,0.00040262094,5118.329307578647
629.5,0.0003392896,4858.050376621522
629.6,0.00036335233,3749.0530022522817
629.7,0.00037497983,3727.565355048072
629.8,0.0004523462,3516.050370085606
629.9,0.00048737292,3987.1089357362853
630.0,0.00046818765,4120.020064871237
630.1,0.00068329595,4050.79747058019
630.2,0.0006075127,4458.0135800371545
630.3,0.0006446048,5483.969606970689
630.4,0.0015837752,4025.3460950984445
630.5,0.0006158654,4942.308408589586
630.6,0.0008585456,4451.04298864086
630.7,0.00046297556,3764.9903068379917
630.8,0.00036096564,3765.4878169018025
630.9,0.00050157245,3375.2334067969728
631.0,0.00048565312,3629.15199272221
631.1,0.0006085269,2853.2401476353
631.2,0.00088577543,2664.1990087679255
631.3,0.0012920578,2104.3868321685886
631.4,0.0012386456,2110.2565637343573
631.5,0.0013499933,2233.1338157480673
631.6,0.0011437905,2276.0146601883985
631.7,0.0028294802,3226.631313503643
631.8,0.000997734,4322.398804608757
631.9,0.0008765558,3776.3825351390024
632.0,0.0012071015,2184.286875049887
632.1,0.0011779213,2351.165851463887
632.2,0.0009974189,2784.4057047407414
632.3,0.001314769,3431.571550366063
632.4,0.00071248977,4549.515622595283
632.5,0.0010618198,3332.015388488032
632.6,0.00086549536,3681.979249656566
632.7,0.0007150218,2988.2289049691926
632.8,0.0006316373,3132.306023878969
632.9,0.0006110924,3275.606927366187
633.0,0.00066719635,4232.4350925556155
633.1,0.00092106196,3629.5506605444043
633.2,0.0006194816,4580.869520074932
633.3,0.00047512416,5037.839170984796
633.4,0.00042774994,4956.558233425639
633.5,0.0004408625,4450.900779887012
633.6,0.00039321993,4036.808790906225
633.7,0.00037675333,3663.822746038886
633.8,0.00038412475,3610.016481589767
633.9,0.00034160752,3942.164762390631
634.0,0.0003465071,3761.9201479302205
634.1,0.00048496248,3262.5703545987376
634.2,0.00042898228,3381.8277437219813
634.3,0.0004284824,3445.612801216723
634.4,0.00042257307,3564.5343030032022
634.5,0.0059111062,3613.9414726133145
634.6,0.0011530428,3624.1361384332995
634.7,0.0007095024,5381.815491123954
634.8,0.00063761586,5431.92820441129
634.9,0.0004765609,4804.3820878660545
635.0,0.00044416505,5196.142415666095
635.1,0.0006069454,4527.452699225348
635.2,0.00047246416,5258.77984071339
635.3,0.00037967542,4949.838502331428
635.4,0.00044314322,4773.227078426121
635.5,0.0004654498,4145.41377214358
635.6,0.0004102357,3739.531306968679
635.7,0.0004199674,3718.41742349741
635.8,0.00045775843,3711.9932018260915
635.9,0.0004383218,3758.0573938834714
636.0,0.00075598457,4018.1876712314534
636.1,0.0006827049,4781.776651816515
636.2,0.00054311677,4396.725985133746
636.3,0.00085287605,4029.023442965231
636.4,0.00088618475,4431.215466938643
636.5,0.0013874689,2928.519089598647
636.6,0.0016295401,2198.7523606893656
636.7,0.001363077,2131.6680990490704
636.8,0.0013323815,2066.423023166442
636.9,0.0010161118,2631.3497043628713
637.0,0.0011190398,2384.2535146517575
637.1,0.00097535725,2601.396866919879
637.2,0.0013479679,2186.106553050042
637.3,0.0011255328,2670.103671056543
637.4,0.002847407,2529.968126218046
637.5,0.0008475188,3092.9577361827055
637.6,0.0014961066,4289.156908218749
637.7,0.0020126342,3279.1478679864445
637.8,0.0015312794,3131.610970563558
637.9,0.001330223,3011.129208450257
638.0,0.0017872842,3187.1110196199584
638.1,0.0011332434,3512.677037208778
638.2,0.0008999674,3879.038852795965
638.3,0.0010441332,4434.511589076366
638.4,0.0013454453,2620.4812243283814
638.5,0.00082869927,2847.0972531041207
638.6,0.00048132977,3592.6761744632804
638.7,0.0003794746,3771.840523245395
638.8,0.0004410676,3930.9122474201554
638.9,0.00052522036,4169.52628893595
639.0,0.0004686368,4584.0947960049425
639.1,0.0006135888,5283.470542360506
639.2,0.00059867336,4977.469555720001
639.3,0.0017851694,2925.1244776699205
639.4,0.002321294,1618.7072272032165
639.5,0.0021776468,1816.4213899161598
639.6,0.0017548306,1835.8683814114427
639.7,0.0015586171,1813.2550896333726
639.8,0.0013475016,1988.0321594843308
639.9,0.0011587885,2176.0144047042636
640.0,0.0010496835,2450.7632570680275
640.1,0.0012889304,2258.8025001076053
640.2,0.0011577694,2211.12678218811
640.3,0.001323249,2209.481267180804
640.4,0.0018633229,2826.477738725412
640.5,0.0016345747,3335.9175759477284
640.6,0.001798125,3243.687583037051
640.7,0.0022209978,2951.4154470646936
640.8,0.0012597291,2747.2796633931603
640.9,0.0010318646,2448.022975146885
641.0,0.00084595167,3386.014921354582
641.1,0.00073221757,4556.782276141531
641.2,0.0006903356,4900.918645644615
641.3,0.0008277316,4556.972294567584
641.4,0.00047073644,3412.980997472565
641.5,0.00045474042,3615.5251289824882
641.6,0.0005028098,3134.094837317941
641.7,0.00073800806,3473.439451105807
641.8,0.0006240226,3879.362351688751
641.9,0.00055009674,4663.387356403504
642.0,0.00054075505,4618.063051814218
642.1,0.0005532937,5013.232695644758
642.2,0.000697105,4935.497294122849
642.3,0.000651217,4667.562130597485
642.4,0.0003998978,3510.827018099849
642.5,0.00037512393,3465.3825147350076
642.6,0.00043090415,3285.0254572570116
642.7,0.000698235,2996.7989745486484
642.8,0.00035733366,3682.8293664402745
642.9,0.00036186408,3383.323306606403
643.0,0.00041112513,3501.0052097051885
643.1,0.00033918768,3606.9263196493266
643.2,0.00034561963,3935.149974755067
643.3,0.0024552122,3054.811040960549
643.4,0.0008027807,6519.830809139916
643.5,0.0016737637,3798.0964157646786
643.6,0.0009419778,4182.6048102739205
643.7,0.00036338528,3690.5153350142773
643.8,0.0003824026,3595.6395157989123
643.9,0.00037264914,3362.742462237497
644.0,0.00033770816,3533.78372973935
644.1,0.0003245781,3816.5169350220176
644.2,0.00031165453,3683.2120877166617
644.3,0.00033915474,3650.4436670900686
644.4,0.0003318911,3943.0861482350842
644.5,0.00033511125,4256.1671888807505
644.6,0.00046898364,4353.076291867768
644.7,0.00041295498,3931.277918512104
644.8,0.00034599606,3717.466962875721
644.9,0.00033183364,3740.9382702160774
645.0,0.00034439552,3668.1876104285784
645.1,0.00029626224,3943.6953105074635
645.2,0.00031727896,3739.525278534211
645.3,0.0003128899,3897.9650434822706
645.4,0.00035181997,3754.1444462269933
645.5,0.00029807733,3633.6127909185343
645.6,0.00033124574,3821.4761708400747
645.7,0.00036168433,3691.0354845885695
645.8,0.0072105136,1562.8931550042557
645.9,0.0023111145,2472.5186570053934
646.0,0.005027176,2536.4774678484528
646.1,0.0014970588,4378.899966334831
646.2,0.0012051853,3972.7732408773563
646.3,0.0010656342,4154.660103271941
646.4,0.0013159971,2735.196747948906
646.5,0.00091706985,2349.2068104108157
646.6,0.0009154393,2649.047099477992
646.7,0.00052737637,2920.562321876838
646.8,0.0004714924,3043.938027667222
646.9,0.00073745596,2876.08575421815
647.0,0.0005925344,3196.863827074473
647.1,0.00068036665,3646.967840910553
647.2,0.0005254253,3845.2977588045183
647.3,0.00052914623,3896.7968659439157
647.4,0.0004450544,3621.844934488737
647.5,0.00050461927,3128.801415684852
647.6,0.0007021838,2755.5197738421
647.7,0.00069031824,2740.778984467575
647.8,0.0005875825,2810.4187671684354
647.9,0.00061569596,2500.148855553588
648.0,0.0004764277,3371.1727366736914
648.1,0.00035194753,3556.082082554216
648.2,0.00038967453,3548.5568696992686
648.3,0.0003702003,3317.1774372531554
648.4,0.00034301355,3624.0236806420808
648.5,0.00036666787,3691.518069339287
648.6,0.0042959484,1934.8684807197374
648.7,0.0010085016,5327.040817100069
648.8,0.0018007375,5198.98595928382
648.9,0.00049073267,5874.613203856441
649.0,0.0011093635,4216.271997885109
649.1,0.0006126411,4580.917041060414
649.2,0.0004480907,5084.137215271592
649.3,0.00045730206,4953.165914894898
649.4,0.00038359183,3548.0382243829454
649.5,0.0005075378,3494.0991205510054
649.6,0.0004826382,3636.5263270038704
649.7,0.00052334246,3796.1507085107996
649.8,0.0003756106,3891.6859308999005
649.9,0.003678555,3655.2986298231217
650.0,0.061677705,2755.1287712758867
650.1,0.05324664,3047.4229359743495
650.2,0.052600536,1678.535718020682
650.3,0.033670794,2529.1799718613247
650.4,0.014126228,2426.2294702925406
650.5,0.00043604203,4241.39454067951
650.6,0.020225579,3455.9271617835257
650.7,0.017297883,2884.6766295645957
650.8,0.014179939,2510.7740412952407
650.9,0.0066137495,3159.2780606643096
651.0,0.0015598356,2487.721276652145
651.1,0.00047542842,3303.606617719931
651.2,0.00033629243,3622.577234732181
651.3,0.00040979584,3441.0335650302613
651.4,0.00038522863,3715.600742763527
651.5,0.0017603644,2779.006871468556
651.6,0.00054654,3253.846540925083
651.7,0.0008894359,3771.248684484257
651.8,0.00042698442,5091.403400497641
651.9,0.00043931225,5570.822941767399
652.0,0.00046181516,5401.961428145345
652.1,0.00042863446,5154.255344745187
652.2,0.00057937566,5644.43124825015
652.3,0.008091369,5631.307181901254
652.4,0.0006536887,5052.3771457464745
652.5,0.037066318,2830.677035426893
652.6,0.020581346,1517.1398235006068
652.7,0.016315777,1930.528412053368
652.8,0.01657088,2549.241592072367
652.9,0.016489372,7641.347876282509
653.0,0.003916219,4252.939721956053
653.1,0.0096819205,3471.7811362770035
653.2,0.0031958814,3471.530991847253
653.3,0.0008492866,4511.484675897002
653.4,0.00050293317,5197.406553297558
653.5,0.0004001417,3471.4845245827905
653.6,0.00032793774,3879.6170725909033
653.7,0.00032658048,3737.6354104221664
653.8,0.000349503,3664.915079150044
653.9,0.0003458711,4161.160675076719
654.0,0.0004139668,3592.512907158446
654.1,0.00047677598,3478.9797847460454
654.2,0.00033394698,3543.4293547260922
654.3,0.001976191,3491.6751942548262
654.4,0.000655558,3253.7947588881934
654.5,0.0004106379,3494.94707094542
654.6,0.0010127604,3948.669593325132
654.7,0.0005550956,5380.194687821981
654.8,0.00069550297,4888.866822610647
654.9,0.0004379987,4845.515639821694
655.0,0.000513892,4992.702768225389
655.1,0.00052308483,4854.7234100575815
655.2,0.00042124043,5011.617714068376
655.3,0.000744828,3960.7430625521492
655.4,0.00030448768,5025.432692250641
655.5,0.00037208837,3996.243405542141
655.6,0.00044585357,3497.252722497063
655.7,0.00040202242,4642.818337530715
655.8,0.029865323,2223.360581655752
655.9,0.0024013396,5399.368638860178
656.0,0.0036012384,6477.7628712485475
656.1,0.0041443175,2601.561568564281
656.2,0.0037129994,3342.165365813883
656.3,0.0037347618,6601.034206853905
656.4,0.012417927,2556.97160793656
656.5,0.013929031,2057.2138095151067
656.6,0.01062597,2007.035830797602
656.7,0.0005340096,3572.30706073182
656.8,0.000479092,3319.4337914070607
656.9,0.00040859386,3702.7251113535053
657.0,0.0002696266,3794.9671221419617
657.1,0.004757806,2481.9515809747254
657.2,0.012326799,2800.689689806543
657.3,0.0043492885,3669.6569978001708
657.4,0.0012766012,4177.573818675603
657.5,0.0005479075,5412.159713388184
657.6,0.00096259674,4538.4508342230865
657.7,0.00072149746,5753.634755122899
657.8,0.00068814546,5365.856194007086
657.9,0.00035825747,3765.828846648924
658.0,0.00034778542,3413.3865527886855
658.1,0.00041181335,3519.898355244117
658.2,0.00050135294,3264.775303165485
658.3,0.00037040448,4497.901080883819
658.4,0.00049540657,4988.4624933643245
658.5,0.00040801516,5115.517127602285
658.6,0.00040101688,4656.257648956165
658.7,0.00038229683,3661.836874503385
658.8,0.0002920504,3875.765687773078
658.9,0.00034983957,3541.5382430225372
659.0,0.00033180317,3905.230867950227
659.1,0.00029542553,3989.7128247938726
659.2,0.0003558961,3582.035822952883
659.3,0.00034135766,3738.774864083544
659.4,0.026183149,1915.5428037485528
659.5,0.02986725,1550.3918129394144
659.6,0.0011291968,3408.7438820994175
659.7,0.008905211,8984.577558707695
659.8,0.001278238,4700.649988267369
659.9,0.019789277,2104.6358959348668
660.0,0.004147719,3236.218190070941
660.1,0.008932191,2209.819800844666
660.2,0.0033059798,2287.085547981893
660.3,0.0014146459,3026.2557503846792
660.4,0.0006669377,3293.619434033998
660.5,0.0008040593,3736.068915836465
660.6,0.0003078171,4027.1694350323414
660.7,0.0006495713,3197.459180973008
660.8,0.00035754548,4220.660932341668
660.9,0.007746026,4679.816614107913
661.0,0.04895607,2670.006935890433
661.1,0.03686423,2791.3633437283315
661.2,0.010517546,1409.0863233607092
661.3,0.0054862257,3206.1926697008853
661.4,0.0073746457,2470.1045412566004
661.5,0.0070811384,3563.016118574065
661.6,0.00818112,3176.836423767546
661.7,0.00042698797,3720.0528716126632
661.8,0.016308162,2830.8273863562
661.9,0.014769184,2379.2313620363566
662.0,0.0074403738,2107.3901376304602
662.1,0.00035581994,3507.9898447476894
662.2,0.009431336,2365.644109693628
662.3,0.004029406,3596.359411235446
662.4,0.0022359437,3774.415562931398
662.5,0.0021618246,3923.253814323102
662.6,0.0009943076,4477.932451311597
662.7,0.0005906768,3522.306950677161
662.8,0.00037148062,3714.54736241872
662.9,0.0005443938,4112.608004073389
663.0,0.0004980461,3988.0366321762585
663.1,0.00042066743,4261.082142619943
663.2,0.0004919543,4294.239912240728
663.3,0.00042929457,3389.41618165782
663.4,0.0003547277,3872.714790072265
663.5,0.0004302874,3483.1854091572814
663.6,0.0004920546,3757.6208846766112
663.7,0.0005354652,4077.0079214588654
663.8,0.00048110186,4540.853331931286
663.9,0.00043478436,4664.065663117537
664.0,0.00069512025,4679.8313988821665
664.1,0.0006828907,5665.843798372945
664.2,0.00059883774,5850.44044075186
664.3,0.0005523589,5775.394241676414
664.4,0.00077523227,3556.8970231468484
664.5,0.012290973,9626.65713681763
664.6,0.018943667,2534.6205280805875
664.7,0.000759239,3161.974252813952
664.8,0.007771962,5416.626531583734
664.9,0.0134638315,2486.122705082309
665.0,0.0016044213,3461.405508809178
665.1,0.00042149486,3437.67260225708
665.2,0.0004849782,3600.9594040838756
665.3,0.0030802102,3733.9402619035914
665.4,0.00093551714,5619.202547431893
665.5,0.0014092776,4579.614534005608
665.6,0.0056138793,6170.594490412452
665.7,0.03328147,1888.1066168425161
665.8,0.00045752487,4364.317962034678
665.9,0.030822707,2166.8782764400403
666.0,0.016333021,2630.4041971796173
666.1,0.005096827,5233.448027825481
666.2,0.022917025,2299.5971593461186
666.3,0.0035428496,4859.964769715539
666.4,0.0032575906,2126.9895913265746
666.5,0.01796588,2195.1057014687804
666.6,0.0043558935,4171.404407882841
666.7,0.0075720223,4259.494446243232
666.8,0.012472528,2230.0795863621283
666.9,0.004288581,2501.3966814896166
667.0,0.0003691971,3984.8528327892036
667.1,0.0006300899,2830.9780658474388
667.2,0.0007713311,2746.819566821232
667.3,0.0005687531,2851.6150925905586
667.4,0.00047920446,3403.358834740416
667.5,0.0004842984,3449.6875646435
667.6,0.00036592304,3627.1216760801162
667.7,0.00039409526,3502.667435216636
667.8,0.00044731275,3489.7579153430343
667.9,0.00032306128,3888.555954669083
668.0,0.0059569487,1446.6655227582194
668.1,0.001690816,2557.2789731052444
668.2,0.0010216876,3005.251092104528
668.3,0.00034465594,5028.8678070864935
668.4,0.00035078285,4624.853708654169
668.5,0.0003578302,4766.485376396337
668.6,0.00037668343,5051.37758734825
668.7,0.000782592,3640.8820287933695
668.8,0.089333795,1705.4929155021332
668.9,0.06100908,727.7169578269512
669.0,0.05637145,1502.102222737062
669.1,0.053833324,1221.0049172782728
669.2,0.029137934,1396.718285609858
669.3,0.0003737028,3940.493229917428
669.4,0.04176213,1505.2302491781636
669.5,0.040500633,1377.0566603952984
669.6,0.012041778,2086.580778038563
669.7,0.000938799,2871.940346107921
669.8,0.0016123549,2099.370501633509
669.9,0.0015087742,2069.357359631943
670.0,0.0010504364,2510.1657496419266
670.1,0.0009941285,2485.668835247471
670.2,0.00034363696,3528.8389846557325
670.3,0.00037414004,3575.7104935942198
670.4,0.00036060327,3711.874564287872
670.5,0.0016222994,2635.677149649394
670.6,0.0006190209,3693.744213149175
670.7,0.005457083,8207.290141969497
670.8,0.014247135,8575.712863054207
670.9,0.010791328,3201.6180443052194
671.0,0.011076755,2267.584600895937
671.1,0.023550635,2856.4026186964315
671.2,0.049010385,1347.531111466131
671.3,0.004248201,3345.3209999444275
671.4,0.008151518,4210.569743871511
671.5,0.054759827,1989.3462587915565
671.6,0.06027646,768.3055528668267
671.7,0.06097141,1584.779534660431
671.8,0.0651028,640.4902406931984
671.9,0.07058798,1437.2589708506434
672.0,0.0781627,1558.224382409757
672.1,0.08246027,1662.914509851279
672.2,0.05414775,1980.0075137490041
672.3,0.015329577,8543.771317463252
672.4,0.016950062,5558.585923270452
672.5,0.05072366,1837.4543684518565
672.6,0.01912938,1548.3338524554806
672.7,0.0041138656,1987.067951858772
672.8,0.00061890756,3088.584268424724
672.9,0.0005847626,3225.4954399872317
673.0,0.00041719884,3917.012944611154
673.1,0.0023317605,1681.684541956361
673.2,0.004870436,1095.4504806355108
673.3,0.0047038966,2568.8711793061475
673.4,0.0009873271,5761.073552027661
673.5,0.0010074686,5007.127979178169
673.6,0.0005547032,3692.695250350286
673.7,0.0004804708,3622.3739978260755
673.8,0.0005916385,4309.48784173929
673.9,0.0009029014,3187.3946491246643
674.0,0.064422086,1447.0160374343288
674.1,0.052429553,1013.3596699356214
674.2,0.07013814,1246.1508170919221
674.3,0.01218041,2614.3592996432603
674.4,0.061376024,1378.0751174742277
674.5,0.082181506,1068.1642843795594
674.6,0.0687728,1343.1416139718099
674.7,0.0040591834,3499.806980408872
674.8,0.026272478,1922.8154225794215
674.9,0.0639029,825.9491095279725
675.0,0.01923468,2264.672524475339
675.1,0.0073305788,2333.773153672204
675.2,0.044537418,1862.0370975181947
675.3,0.04978229,1482.6317963170297
675.4,0.017724529,1982.6264052624965
675.5,0.00072560535,2756.892541619892
675.6,0.00036881628,3486.181605001624
675.7,0.004403137,1469.318280317865
675.8,0.0013450055,3415.4024913662997
675.9,0.00061653025,4556.114179152817
676.0,0.00042383512,5702.145333578268
676.1,0.02253022,2220.934789254176
676.2,0.003002677,3996.1969075775864
676.3,0.050526988,1087.187265223004
676.4,0.060001664,951.992193707325
676.5,0.07384123,923.7767547625084
676.6,0.08060597,630.2997743042993
676.7,0.057522073,1284.333362764972
676.8,0.039244488,1602.7443244676529
676.9,0.019474298,7258.702652211001
677.0,0.051270064,1675.6465531782442
677.1,0.050274517,1214.2767871040987
677.2,0.04839357,1519.1506995941609
677.3,0.013114565,2686.023749772806
677.4,0.042320956,1808.968742398533
677.5,0.00055660534,3267.996069712074
677.6,0.00072273967,3048.515516987057
677.7,0.00083713175,2927.272756074326
677.8,0.047897838,2278.4799163888692
677.9,0.027415825,2803.161300708009
678.0,0.033901818,2105.1712186714453
678.1,0.02182784,1484.6753584904473
678.2,0.011240944,2103.231982055593
678.3,0.006428052,3730.2872587684305
678.4,0.041993357,889.1753533088653
678.5,0.045828626,1469.4190509579853
678.6,0.03317714,1545.8562147204489
678.7,0.01807152,2304.4002921801834
678.8,0.031979878,1592.9394509888652
678.9,0.031853862,1837.8597192999619
679.0,0.03273875,1681.6712674692083
679.1,0.0028451257,2309.403901938752
679.2,0.0017323532,2334.178469704302
679.3,0.0022021092,2614.4753103610237
679.4,0.0020519916,2916.4082824173584
679.5,0.001804088,2976.605341693242
679.6,0.0010088284,3688.686425313823
679.7,0.0007923934,4417.645889908225
679.8,0.00077302713,4294.75614845743
679.9,0.00064606295,4771.18917875564
680.0,0.0005737192,3289.5609388173734
680.1,0.00033090852,3754.6911870196377
680.2,0.0003777664,3912.2444579499934
680.3,0.0008778709,3142.4158540110698
680.4,0.00045889363,3735.076953496129
680.5,0.051005464,3639.180050928991
680.6,0.10307207,1601.4698391567913
680.7,0.005322574,8286.769466318463
680.8,0.015308834,8055.568089393216
680.9,0.026115285,7140.668270564118
681.0,0.05929821,1306.0467554663255
681.1,0.0055425502,4900.3642804315305
681.2,0.04467724,1974.9875281075513
681.3,0.033187624,1274.0633432227883
681.4,0.011054218,1172.6026275063928
681.5,0.022425232,1425.1114130846477
681.6,0.0062575294,3632.9396868832937
681.7,0.038190022,725.1625361360649
681.8,0.048218586,1402.2309968574361
681.9,0.039903827,1868.1855780514989
682.0,0.00056779856,4672.965844181096
682.1,0.02493791,2627.2628280710624
682.2,0.008508653,2968.8121426932485
682.3,0.0010255827,4119.408607820284
682.4,0.001296095,3567.7451827129453
682.5,0.0011913476,3688.16898228888
682.6,0.0010935317,4040.733633576235
682.7,0.00047449511,3612.6888994309475
682.8,0.00044921564,3563.914728659175
682.9,0.00048154016,3476.597174150472
683.0,0.058223847,2067.2876396092365
683.1,0.05312623,1736.646457522512
683.2,0.0006372685,3424.3609426517137
683.3,0.0064375037,3828.166094175213
683.4,0.016694905,8654.920343828411
683.5,0.022801196,8955.52468761613
683.6,0.0099719325,7869.362538763732
683.7,0.016731123,2803.046368974822
683.8,0.01632404,2674.6949076657806
683.9,0.0050014993,3858.2466480544745
684.0,0.023787828,2117.9749814594984
684.1,0.02312473,2481.631362956621
684.2,0.03161721,798.7282498689284
684.3,0.00553021,2392.658621237473
684.4,0.0028486496,2235.7164755230315
684.5,0.0004352443,3465.9931256183445
684.6,0.00038996138,3680.482937157555
684.7,0.0006402442,3676.109273185055
684.8,0.00050459226,4930.868943978941
684.9,0.0004613187,5368.252534060196
685.0,0.0007197864,5166.416345638092
685.1,0.00051000324,5563.78742781773
685.2,0.0005083798,4622.92478756733
685.3,0.0005499414,3534.153766192798
685.4,0.0016694458,2735.4090028422725
685.5,0.00054996077,3381.4469829263903
685.6,0.0005663117,3620.8197473432892
685.7,0.00096642604,3011.7171496396063
685.8,0.00044105423,3551.503176144119
685.9,0.0005513852,3305.1385968113464
686.0,0.008569696,2068.1173381671433
686.1,0.04185678,1836.061471209348
686.2,0.037537254,1997.803438318961
686.3,0.006568696,981.7748594718688
686.4,0.015463383,3793.259532374237
686.5,0.028288994,2563.6682677201266
686.6,0.023216149,2105.4674187450287
686.7,0.015013169,1875.1895616892461
686.8,0.010274018,1727.8878739272918
686.9,0.0047218245,2506.152729648553
687.0,0.0022805023,1799.7848430616602
687.1,0.0006504619,3108.9958386678427
687.2,0.00047631445,3641.1807509118016
687.3,0.00048678502,3616.392447543944
687.4,0.0005055507,4873.640780199285
687.5,0.00041638987,5237.961892631858
687.6,0.0005131311,5272.324923367285
687.7,0.013009324,2136.5620541466237
687.8,0.0073803025,4897.569775437016
687.9,0.012334744,4157.598138955785
688.0,0.00470601,8283.599287158582
688.1,0.040165614,2300.6794253721337
688.2,0.039333537,2080.1496675427848
688.3,0.040392943,1346.3894446814045
688.4,0.02603331,2280.496306476251
688.5,0.010522646,1793.732284101517
688.6,0.026657743,2407.2484183892557
688.7,0.01925553,2858.1252921546716
688.8,0.007293084,3681.056416960395
688.9,0.00058039505,3111.031193132322
689.0,0.0006034622,2927.197539623966
689.1,0.0037276382,1606.1433290465009
689.2,0.0012285588,3406.0792521440926
689.3,0.00058033894,3578.3224687948477
689.4,0.00062492536,4323.853932514483
689.5,0.0006342944,4941.688484199203
689.6,0.0007493281,4445.012775609628
689.7,0.0003911647,4101.003731696562
689.8,0.0006906487,3661.2497183346054
689.9,0.00053695036,3318.5400940600207
690.0,0.00036967546,3983.102147191604
690.1,0.00041884484,3444.1359071627685
690.2,0.00036575028,4109.970595643922
690.3,0.00037469872,4401.925404894852
690.4,0.00044084102,4637.302059292506
690.5,0.0004815088,4911.955212424944
690.6,0.0006690776,4598.911483560822
690.7,0.0004180471,5004.034330555223
690.8,0.00040372123,4185.92215840412
690.9,0.00039795588,4031.774019870908
691.0,0.00047111863,3664.2436300711324
691.1,0.00034044028,3878.0471407085447
691.2,0.00049535575,3352.87624386672
691.3,0.0004237398,3668.837058919523
691.4,0.00038630774,3818.211718949624
691.5,0.00046361252,3211.2009793762954
691.6,0.0011202021,3000.3315940501384
691.7,0.0029544397,3760.100522625219
691.8,0.0020963477,4040.7348743456105
691.9,0.0029375532,5568.196311977761
692.0,0.015354081,2097.359017342485
692.1,0.039252535,992.2746995600072
692.2,0.041734386,1466.7741273366962
692.3,0.013813536,1004.138583875961
692.4,0.031308793,1579.5368259265426
692.5,0.004007474,4938.067533490093
692.6,0.00052948843,3778.5202233583354
692.7,0.053053226,1232.6960178695272
692.8,0.004989978,4648.263225512352
692.9,0.095404595,602.8015066624276
693.0,0.08030822,1349.4969501960488
693.1,0.07968848,1403.8444722390666
693.2,0.01898216,8876.157566789634
693.3,0.049411375,1745.8749955218648
693.4,0.048945233,1101.9249504328368
693.5,0.023420071,899.3522154968089
693.6,0.028787319,1951.032179587177
693.7,0.021325061,1876.4894837309878
693.8,0.0038955642,2266.881713754664
693.9,0.00045555108,3642.9719179478534
694.0,0.00052065187,3409.4032750146735
694.1,0.0005861298,3008.933576919148
694.2,0.0006098634,2978.6511964021474
694.3,0.00055841886,3508.642665305356
694.4,0.0042547556,3768.109912324324
694.5,0.0011043453,4913.444752502655
694.6,0.00097311835,4952.474562084715
694.7,0.0004501009,5283.365226584248
694.8,0.00052881235,5114.538848763268
694.9,0.00047414628,4590.538298093616
695.0,0.00040615836,3813.3243204977734
695.1,0.04927228,2153.275458254234
695.2,0.01972948,1281.3064846120192
695.3,0.05442567,1235.7965216399007
695.4,0.00082121335,3411.7538922948743
695.5,0.028457629,2364.489664193338
695.6,0.034886405,1566.3867127840124
695.7,0.028647935,1346.1331889956987
695.8,0.010756126,6059.318067805999
695.9,0.017165372,8467.044831525995
696.0,0.008152775,7855.942489704585
696.1,0.020131113,1714.893302307912
696.2,0.00048427455,3942.393914028348
696.3,0.042794418,2076.686509552133
696.4,0.004629241,4580.955115660543
696.5,0.040381256,1230.0191102019483
696.6,0.052943196,1550.1874446166125
696.7,0.037809327,1412.6394702696855
696.8,0.05626585,1338.2887728644419
696.9,0.002744636,2763.599850440475
697.0,0.011871965,2539.4709083713387
697.1,0.019870784,1142.5031155007932
697.2,0.00895569,2247.8195527987154
697.3,0.0025299361,2890.9911664646775
697.4,0.0007881253,5042.732725209949
697.5,0.0012397169,3902.5063425544627
697.6,0.0011083974,2856.0303315058145
697.7,0.0007335936,3420.7632128668984
697.8,0.0007062898,3364.352006455123
697.9,0.00045859686,3629.6317966948764
698.0,0.0006309264,3613.4393305748918
698.1,0.0008119282,4278.699784103355
698.2,0.001398085,4653.555493974455
698.3,0.00053986727,4943.834712747436
698.4,0.000534127,4782.742207073904
698.5,0.0005438895,3948.7328265806145
698.6,0.00031417,4104.387815201355
698.7,0.00031972863,3987.180068529254
698.8,0.00047039345,3353.761800353923
698.9,0.00044337602,3236.0260920622814
699.0,0.00046585654,3477.515618046617
699.1,0.00045413277,3577.3663500792873
699.2,0.00041750137,3590.823734270404
699.3,0.00047321164,3661.9170967700256
699.4,0.00030719984,3788.0823549188544
699.5,0.00040740415,3547.521954074045
699.6,0.0019122146,2902.832738832991
699.7,0.0019367915,3996.093368751219
699.8,0.0006261512,3550.0533588585995
699.9,0.00044053854,5244.902979690182
700.0,0.0009989287,4258.143536543594
700.1,0.00081618334,4321.834759414045
700.2,0.00070864544,4755.201836154205
700.3,0.0004286009,3702.622132951058
700.4,0.0008707794,2847.006032265118
700.5,0.047874108,1965.041473175279
700.6,0.019838164,998.3660857980966
700.7,0.0043997327,3095.408642918497
700.8,0.00045373003,4086.0515039024676
700.9,0.018830828,1599.697347879021
701.0,0.009035397,2537.2378828458072
701.1,0.00084104476,4952.054071744509
701.2,0.0051765786,3267.522032034111
701.3,0.010537948,7976.918559486538
701.4,0.010652722,7676.791645961056
701.5,0.011907446,3236.534901610386
701.6,0.003751242,3695.81551301829
701.7,0.0004936811,3784.909233998742
701.8,0.0003255558,3951.2950859455173
701.9,0.00049754244,3361.1656265812217
702.0,0.00056721043,3071.7966726574027
702.1,0.00034083094,3746.1163223535495
702.2,0.00047575298,3558.0532204930832
702.3,0.00034763652,3668.9785268022815
702.4,0.0044387835,1363.9821834187715
702.5,0.00047212627,4579.115972219783
702.6,0.00072580617,4389.165192646604
702.7,0.00050356146,5112.535593760544
702.8,0.000455779,4874.780599250279
702.9,0.0005719215,4771.792685312048
703.0,0.00038107054,5057.1882722194605
703.1,0.00041110266,3615.028539061057
703.2,0.000328124,4015.5703413285205
703.3,0.00033010915,3880.154779833058
703.4,0.00042262374,3644.226452080259
703.5,0.00045382974,4651.675120691537
703.6,0.00049186026,4913.833574384225
703.7,0.00044499035,5548.417802013587
703.8,0.0006833184,5251.454301699787
703.9,0.016199604,1981.0563092371228
704.0,0.0009847523,4775.82209205656
704.1,0.0005339619,4264.9974861581195
704.2,0.025690604,3234.2656343973254
704.3,0.03919418,685.3621546605926
704.4,0.01573761,1876.6290323346973
704.5,0.017870283,1079.6106498015163
704.6,0.011252426,1967.677661275466
704.7,0.0065619317,2387.7375343003437
704.8,0.0027503495,2472.5170999920806
704.9,0.001114757,2203.6696217821363
705.0,0.0006926063,3276.7009325880103
705.1,0.00048493873,3434.9568870720873
705.2,0.001784097,4144.983333908668
705.3,0.00049525616,6133.339740090384
705.4,0.0020856175,3659.3418636515753
705.5,0.01571767,2418.4832201391755
705.6,0.010219564,2905.9593779796724
705.7,0.021672443,2165.219720324038
705.8,0.012219485,1577.2737340604533
705.9,0.00033203792,3684.417067686988
706.0,0.00032737752,3657.051290709491
706.1,0.00042434636,3704.0489734563407
706.2,0.0044228467,4828.524119774968
706.3,0.020629352,1929.5005925059195
706.4,0.029977705,1686.7095607210902
706.5,0.02726036,2063.8989314168753
706.6,0.013375967,2347.3162550271754
706.7,0.011573228,9503.177561557432
706.8,0.028032143,2329.8812064614062
706.9,0.016527737,2578.7830987296597
707.0,0.006481705,4557.635887310885
707.1,0.011558363,2101.119443253792
707.2,0.01971284,2636.755319209863
707.3,0.013711552,2768.7487310695346
707.4,0.005137879,3376.4354868120276
707.5,0.0012064378,2651.964005061737
707.6,0.0004585535,3466.243689839538
707.7,0.00040140716,3432.7060469754447
707.8,0.00034082608,3535.329261308124
707.9,0.0003728137,3571.9598937200326
708.0,0.00040582154,3476.6517173893008
708.1,0.00041038,3291.6188146500012
708.2,0.0005813306,3556.9159083513587
708.3,0.0034263083,3691.2894553009473
708.4,0.0007196112,5831.804687344469
708.5,0.0008785158,5603.43582429528
708.6,0.0013105443,3951.3329949610134
708.7,0.00038326686,3630.7446076927936
708.8,0.0005111228,3345.1917257333466
708.9,0.0007320609,2756.52562615083
709.0,0.00066884473,3212.7243036455557
709.1,0.0012955818,2591.836963496981
709.2,0.00045989646,3347.9213929401944
709.3,0.00078537606,2814.7024132765446
709.4,0.000408947,3636.453787465451
709.5,0.0013166862,2171.965158243632
709.6,0.0015895118,2288.7981895634643
709.7,0.0010358958,2800.782704060708
709.8,0.0009134215,3685.8201827289795
709.9,0.0009650647,4077.710131122848
710.0,0.0010400628,4073.6055108626765
710.1,0.0007831685,4140.337750838389
710.2,0.0006545343,3922.334856937754
710.3,0.00095227914,3059.8608098282675
710.4,0.001278021,2918.12294555925
710.5,0.0012335262,2184.531845540044
710.6,0.0009104099,2595.64369844072
710.7,0.0009831373,2735.063648599243
710.8,0.0007255376,2477.5444455205807
710.9,0.0020878005,2120.18013246629
711.0,0.0010206444,2401.497822854382
711.1,0.0011318659,2089.826750848765
711.2,0.0013149295,3012.822489391842
711.3,0.00057288405,3009.2442350455385
711.4,0.005556524,1652.174630492781
711.5,0.0013413252,5577.039347343219
711.6,0.003110533,3814.109592671048
711.7,0.0009930123,4561.613334421809
711.8,0.0009455847,4835.201002803542
711.9,0.0008715529,4238.085727396024
712.0,0.001132195,3567.7237705677762
712.1,0.00065208226,3529.4912743634877
712.2,0.0006328566,3681.2489383026345
712.3,0.0008006925,2861.21718405036
712.4,0.0005160588,3494.226870446391
712.5,0.0011531861,3124.215180764698
712.6,0.0016408209,2202.1995736668605
712.7,0.0011234684,2274.816944862919
712.8,0.0017931776,2083.6949403259705
712.9,0.00094615004,2773.6351712487913
713.0,0.0009486382,2676.3455766491356
713.1,0.0010386074,3668.7124429473224
713.2,0.0010069787,4531.969353741221
713.3,0.0012841158,4929.955569430091
713.4,0.0010422266,3855.6312931470015
713.5,0.0007147556,3435.1372649803225
713.6,0.0010371039,2616.5758247859794
713.7,0.0010303213,2775.2384171213307
713.8,0.00047651504,3298.487025549291
713.9,0.00055238104,3165.934941648843
714.0,0.0006602995,2774.176860675416
714.1,0.000676858,2939.1688339499638
714.2,0.0006490914,2851.1655011413104
714.3,0.0007275583,2929.5868114764116
714.4,0.0012013193,2830.560039797885
714.5,0.0019270689,2458.4701853713404
714.6,0.0021416205,3706.3523035400585
714.7,0.0005821143,3683.0816520334292
714.8,0.0008082852,5563.094885894953
714.9,0.0013974672,4408.894295439862
715.0,0.00068191875,5301.5948465972
715.1,0.00050566864,4970.995531840787
715.2,0.00091683696,3872.141335959804
715.3,0.00046515776,3960.055834960889
715.4,0.0014505222,3006.7825262753126
715.5,0.0013321522,2299.6554028074906
715.6,0.00081099744,2852.3680778331263
715.7,0.0010414363,3388.56491946939
715.8,0.0009930301,3514.5717758783294
715.9,0.0012475149,4122.284326942223
716.0,0.0010087749,4841.289911478898
716.1,0.00076582225,5225.530327267579
716.2,0.0011478936,5438.4430181413445
716.3,0.00039008813,5064.296575778424
716.4,0.00030602087,4135.80711858304
716.5,0.00030582809,3951.3451827144945
716.6,0.00031321865,4122.710304149929
716.7,0.0003315209,3728.190036111725
716.8,0.00029520952,3982.349255964752
716.9,0.0005001391,3399.465049082247
717.0,0.00061432895,3446.53676885377
717.1,0.000317128,3624.651770353694
717.2,0.0004101065,3493.70341603438
717.3,0.0007563921,3768.890041507622
717.4,0.0009499915,4537.981575766744
717.5,0.0011866813,4112.561476907968
717.6,0.00050842797,5237.954562176892
717.7,0.0011532333,4653.947395284724
717.8,0.00058513664,4955.857338083677
717.9,0.00077861594,4488.452108310932
718.0,0.00074204826,2923.1504464721374
718.1,0.001044136,2392.814239213363
718.2,0.000626834,2856.568715000496
718.3,0.0011128789,2219.210744526109
718.4,0.0009234903,2846.27370575645
718.5,0.00064518733,4055.3088175693288
718.6,0.00076612807,3975.3782837343765
718.7,0.0006325289,3683.556840866855
718.8,0.0007606225,3525.7170165898165
718.9,0.0006769003,4960.401968340217
719.0,0.0008073042,4499.0715154760255
719.1,0.00081365363,5038.8103960563385
719.2,0.00094539125,5171.55230931474
719.3,0.00051883777,4220.377883761666
719.4,0.00056964735,3208.5353480942413
719.5,0.0007223274,3053.73849352089
719.6,0.00052176876,3494.1888982957344
719.7,0.00053264655,3309.8854479030706
719.8,0.00041219432,3543.6875507905843
719.9,0.0006034799,3212.5283986289064
720.0,0.00036564915,3557.5654588515226
720.1,0.000548264,3046.397968695922
720.2,0.0017052173,3210.1978968564727
720.3,0.001171561,5470.220851489071
720.4,0.00093850255,4510.5062575533775
720.5,0.0007845155,4677.316800315357
720.6,0.0007165353,4291.727713206938
720.7,0.00047041295,3995.9349573973086
720.8,0.00053640845,3589.8086675678705
720.9,0.0005186904,3573.943517782519
721.0,0.000505064,4229.291473695312
721.1,0.0005668239,3133.900255412269
721.2,0.00051515555,3160.378553974593
721.3,0.0005487679,3135.6118997193735
721.4,0.0006338738,3768.8725481062656
721.5,0.0007962528,4208.264428370212
721.6,0.0010314368,4096.194718410404
721.7,0.00092394254,5111.287194029002
721.8,0.0006589597,4528.535971385743
721.9,0.00064736005,3581.7102127596177
722.0,0.000577636,3046.479712217898
722.1,0.00049303385,3715.610963308871
722.2,0.00065532554,3205.7329729527255
722.3,0.00055592693,2979.5418520279236
722.4,0.000621614,3388.13141452968
722.5,0.0007366729,3077.1154038700333
722.6,0.00065224373,3037.863783261526
722.7,0.0005191706,3276.804099805652
722.8,0.00050207815,3388.441417852948
722.9,0.00042948735,3479.6567490138787
723.0,0.0003633413,3967.882887314303
723.1,0.0052423677,1946.9612440064407
723.2,0.0004822708,3978.6176031348627
723.3,0.0026688508,3067.8497338211246
723.4,0.00077552494,5397.24014761464
723.5,0.0018486858,4633.444621976303
723.6,0.001475202,4391.8843123914685
723.7,0.0010586736,5027.04344865665
723.8,0.0013120623,2486.059902973365
723.9,0.0011088724,3065.7931164913884
724.0,0.001196055,3158.458980856699
724.1,0.00071844575,3627.999470265273
724.2,0.000391056,4101.109490645822
724.3,0.0006101275,4109.120528805674
724.4,0.00067990716,4376.829068035662
724.5,0.0011932455,4460.636555911849
724.6,0.0007974668,4857.3981947820375
724.7,0.00078696135,3506.269230998413
724.8,0.0007975182,3087.936516477797
724.9,0.0010733055,2744.6507895848413
725.0,0.0006234024,3090.544613582725
725.1,0.000422939,3371.9588375975864
725.2,0.0012849543,2678.3674784910313
725.3,0.0051883315,1914.7282296626727
725.4,0.0043675443,2949.314781927884
725.5,0.0028800566,4102.054420173067
725.6,0.0014297708,3638.857832835271
725.7,0.02487651,1030.5680893243634
725.8,0.0010023562,3292.857223418073
725.9,0.00075547217,3049.2904125863806
726.0,0.0004861997,3448.5147088552967
726.1,0.003055055,3079.4751582107265
726.2,0.0059330366,3896.8581053848156
726.3,0.004692166,3748.1690199825375
726.4,0.0031200266,3410.447039512995
726.5,0.0025402808,3068.844760907834
726.6,0.0013607988,3037.4781918886115
726.7,0.001593476,2689.8494750534605
726.8,0.0008551129,2522.1397763562986
726.9,0.00049445103,2934.6871142482455
727.0,0.00033464984,3527.1318046512433
727.1,0.0003304075,3265.9562415535506
727.2,0.00035429807,3489.580589536313
727.3,0.040190116,1553.628548109511
727.4,0.04331777,1888.1017504109798
727.5,0.042392116,726.5784986270452
727.6,0.032337524,2197.7782330364007
727.7,0.00037805288,3823.1204865327686
727.8,0.021192523,1855.93939016114
727.9,0.019252563,1742.3485435113612
728.0,0.013165166,1183.7294674727127
728.1,0.029212167,2271.631879387472
728.2,0.02053756,1870.3805472646447
728.3,0.029449858,2099.1654779688533
728.4,0.00038204138,3885.172143518063
728.5,0.024764968,1982.9116272921833
728.6,0.025953365,1601.0238484178003
728.7,0.037850667,1385.1608780730514
728.8,0.036506582,710.6205935386488
728.9,0.00039713748,3692.7581552583406
729.0,0.022234341,2911.391011706948
729.1,0.010874863,8180.147729671684
729.2,0.01688648,2429.488682414193
729.3,0.0064044474,4418.377344004633
729.4,0.00039488616,4173.5852154215245
729.5,0.014796631,2134.1768009190937
729.6,0.010405275,2262.5065562494815
729.7,0.0034406956,3188.919759055335
729.8,0.00054664246,3154.95216412873
729.9,0.00035807517,3156.5571406480904
730.0,0.00031571754,3369.797868085524
730.1,0.00030646057,3306.2227076922545
730.2,0.00035071233,3282.983580826028
730.3,0.00034969597,3377.270397391824
730.4,0.0003092632,3434.4856098352107
730.5,0.00031329133,3311.782979389771
730.6,0.00032392566,3266.551530686359
730.7,0.000301767,3397.650999600485
730.8,0.00034337034,3184.4810420647673
730.9,0.0002836248,3801.6747973483684
731.0,0.003410852,2538.696907300304
731.1,0.036378246,1641.6882395861178
731.2,0.032653883,653.634222500897
731.3,0.027754549,1613.2502944783846
731.4,0.024872823,1664.7558321023544
731.5,0.027907701,635.1785835684179
731.6,0.035113342,1259.885696008488
731.7,0.03553764,881.8118706085492
731.8,0.0062282034,3182.472631963401
731.9,0.033130873,706.3241213267879
732.0,0.01916925,1379.3122001912154
732.1,0.00033439632,3868.455993452862
732.2,0.0052517205,2067.7898257029706
732.3,0.0021695509,5692.855076914774
732.4,0.007518972,3284.5109749052644
732.5,0.018689452,1376.9487573675485
732.6,0.010971565,1501.1747827252188
732.7,0.00061133393,2671.8505105290155
732.8,0.00030795892,3474.4295919145698
732.9,0.00031507117,3555.4877015949996
733.0,0.00029631078,3446.8178529599204
733.1,0.00031737008,3218.8851390833615
733.2,0.00029937574,3308.1879313596382
733.3,0.00030585346,3331.641489599994
733.4,0.0003074487,3065.054182500061
733.5,0.00030529316,3518.3465255172814
733.6,0.00029575318,3420.0017423980307
733.7,0.00044572132,3252.0198101499454
733.8,0.00033711415,3258.8527491491827
733.9,0.00028632427,3590.526557286102
734.0,0.0002855599,3612.264548446743
734.1,0.00029654242,3348.5939273402682
734.2,0.006906458,3085.2487567026515
734.3,0.006282748,3493.7591796867346
734.4,0.0022359937,3897.4028742095225
734.5,0.01093333,1759.7117925739694
734.6,0.0014611533,2738.0991499845954
734.7,0.0009168297,3184.0498838299154
734.8,0.00030576624,3513.5779986897987
734.9,0.0034294147,2868.6093576568423
735.0,0.01711776,4139.0595336709175
735.1,0.009385643,3711.6441201472335
735.2,0.0034467548,3307.3890035394966
735.3,0.0018398133,2999.1221530405282
735.4,0.0008383803,2493.3981572002194
735.5,0.0004013533,3030.871760259783
735.6,0.0002816303,3535.755185526805
735.7,0.00033124935,3673.521354131164
735.8,0.0045568445,8088.219144521075
735.9,0.04331866,1692.6199455091833
736.0,0.05205824,1742.5827676263352
736.1,0.044386953,734.8138936121397
736.2,0.036581468,1291.423387732927
736.3,0.042234857,699.7941785341181
736.4,0.03170099,1348.1339861425506
736.5,0.03346792,1889.1152568604625
736.6,0.009767074,6654.164839524699
736.7,0.008225589,2070.8683346804146
736.8,0.0056946143,3346.5732730772975
736.9,0.011588736,2222.51963887292
737.0,0.029057477,2144.0270251088896
737.1,0.012940979,7277.902246114965
737.2,0.019831851,1547.4549801970948
737.3,0.026384285,1837.9139450944842
737.4,0.021794256,2037.856674607461
737.5,0.0137925055,2211.8693588985852
737.6,0.000637811,3384.8242073441297
737.7,0.0003327703,3203.6681828173496
737.8,0.00037065815,3126.2268853841783
737.9,0.00032509322,3524.0400712507994
738.0,0.00031581367,3194.529951120927
738.1,0.00033686086,3250.111626566546
738.2,0.0004546217,3098.84447656356
738.3,0.00038681613,3038.8711151733405
738.4,0.00043709442,2951.059231078455
738.5,0.00041432012,2892.4595053636467
738.6,0.00031424337,3263.7758348510415
738.7,0.0003098707,3254.989226430311
738.8,0.000341861,3070.750521663824
738.9,0.0003249659,3321.3147942778323
739.0,0.00032994032,3147.31107149081
739.1,0.0003180592,3391.4716771597946
739.2,0.0014693476,2410.020949358678
739.3,0.003823788,2387.4334648441973
739.4,0.03387027,2693.768761799696
739.5,0.010640934,8518.036268225718
739.6,0.015924528,7468.6072083964245
739.7,0.028919533,1652.3964883785184
739.8,0.028976984,2261.6532459602413
739.9,0.019428194,2802.9224567805254
740.0,0.00989411,3210.2951872866392
740.1,0.0051116007,2969.134279839548
740.2,0.0029630887,3034.338761274532
740.3,0.0017049076,2791.65672548392
740.4,0.00094588974,2454.921611765605
740.5,0.0010006268,2589.2215876606474
740.6,0.0003983884,3765.182848768354
740.7,0.0063853087,2083.8724150718535
740.8,0.021579629,2943.9831419805255
740.9,0.038304776,1866.2070273547922
741.0,0.025555432,1934.3122369359703
741.1,0.015552416,2707.6666154666736
741.2,0.0026906396,3865.4494010081517
741.3,0.0011637198,2887.0343391368297
741.4,0.014209227,2854.967167306182
741.5,0.009414494,2298.309631743771
741.6,0.010051073,2708.1470604440738
741.7,0.0025465782,2449.791781025206
741.8,0.0006315787,3003.04539104264
741.9,0.00042492014,3229.6633291477333
742.0,0.0004295236,3527.7630072847796
742.1,0.00040920058,3389.675887878141
742.2,0.00037726274,3474.3808712012174
742.3,0.0003712487,3321.872683701003
742.4,0.00043562189,3259.5679273342607
742.5,0.00039855557,3257.03757416924
742.6,0.00041497184,3211.48766780636
742.7,0.0004153743,3179.6439555955994
742.8,0.0004247775,3266.4039983259645
742.9,0.0004196045,3101.811827743791
743.0,0.0003863112,3445.9078055304135
743.1,0.00041132627,3286.9373419363037
743.2,0.0003742844,3282.414070030144
743.3,0.00034684828,3689.1455879507225
743.4,0.0031015654,2932.7405521526744
743.5,0.026880922,2014.2264549256624
743.6,0.0036048538,5731.037852726774
743.7,0.009454808,7543.47898868632
743.8,0.008385854,2256.15966361016
743.9,0.00651124,4304.01718343048
744.0,0.007859866,7408.15539632333
744.1,0.0006732505,3690.5453513848365
744.2,0.0097797485,2631.641028114726
744.3,0.00040842078,3352.2311713131794
744.4,0.00035654643,3542.88095030909
744.5,0.00035629707,3346.2295549644177
744.6,0.0003239197,3442.891352385284
744.7,0.0003494471,3549.45072656688
744.8,0.0003216027,3376.880238193753
744.9,0.00031878444,3488.5473850164335
745.0,0.00033809696,3480.572139465583
745.1,0.00033411212,3219.254403335057
745.2,0.000343783,3668.867133790438
745.3,0.0003518056,3026.0026323772436
745.4,0.0003382422,3352.7882684021424
745.5,0.00030789615,3456.1946929386063
745.6,0.000310464,3317.787275054391
745.7,0.00032374833,3497.3900635613622
745.8,0.00036029457,3223.0463779324173
745.9,0.00035039894,3504.175401157303
746.0,0.005753372,7823.905174679936
746.1,0.018117134,2328.541983387305
746.2,0.0052256007,2753.517942043916
746.3,0.0017147864,3345.154144368623
746.4,0.00028852854,3680.8341591787757
746.5,0.0003096134,3254.4680458782263
746.6,0.0003353758,3243.316647962579
746.7,0.0052643376,4265.109181611355
746.8,0.014638836,1840.4170466462522
746.9,0.001571731,7234.046606634711
747.0,0.003765943,8289.72448396709
747.1,0.0021386428,4130.491962250934
747.2,0.001675074,4007.158144789226
747.3,0.002145523,3613.6624737151424
747.4,0.000734575,3943.9218468771296
747.5,0.0003380158,3253.192335362768
747.6,0.00030555917,3341.6256978417505
747.7,0.0003214784,3706.9359901826474
747.8,0.00034826435,3299.5772805900006
747.9,0.003745906,3580.4930810050005
748.0,0.0127874715,1746.508067212696
748.1,0.0034252084,2207.476029353598
748.2,0.0012134431,2330.1674640810197
748.3,0.00037184203,3135.242786619343
748.4,0.00032206127,3425.3805547587535
748.5,0.00029980083,3383.162203648102
748.6,0.00035647838,3245.699970803066
748.7,0.0003760041,3093.508829820328
748.8,0.0003854778,3134.9171738280343
748.9,0.0003186932,3245.8345591794423
749.0,0.0003063814,3620.8338595679043
749.1,0.00029396865,3591.6442725623892
749.2,0.0029404724,4555.999456382407
749.3,0.03629947,1873.659199660758
749.4,0.03367362,2105.9298741754183
749.5,0.00051697646,3878.447236211058
749.6,0.017297111,2363.207157036107
749.7,0.011818459,1854.4140398094005
749.8,0.0048701926,5479.2694299951245
749.9,0.0093162665,7355.284648645863
750.0,0.007290753,2220.7098129034653
750.1,0.02464746,2186.7530700706593
750.2,0.009366817,1172.4636021721544
750.3,0.0109311,2334.4567217514004
750.4,0.007168742,2403.3183267712384
750.5,0.0056512053,2393.2280428027366
750.6,0.0070839776,4663.875953602349
750.7,0.007158856,2594.7762821313595
750.8,0.0023306494,3116.3678331716674
750.9,0.00066814147,2667.5389677446324
751.0,0.0004588963,3353.7851914543107
751.1,0.0003532647,3392.27572779321
751.2,0.00038577383,3212.880686674788
751.3,0.00036469224,3180.3442467078225
751.4,0.00031386066,3459.541784307505
751.5,0.0003400095,3701.9506433765473
751.6,0.00032940804,3478.6932477166465
751.7,0.00032641174,3496.6692890398117
751.8,0.00032129727,3498.985287290265
751.9,0.0003379547,3426.791131151512
752.0,0.00031150947,3612.9584466151327
752.1,0.0003778514,3307.1233086240404
752.2,0.0003223753,3564.01094306127
752.3,0.00037297793,3198.146317824485
752.4,0.00032407878,3661.5561712647486
752.5,0.00033381736,3430.7085027918247
752.6,0.00035161368,3368.6376931246045
752.7,0.0003625164,3358.978616502173
752.8,0.0003225526,3705.6761273804605
752.9,0.00031399023,3562.9947761567632
753.0,0.00034437602,3456.432927900785
753.1,0.00037059715,3330.401686256783
753.2,0.00037220228,3069.331374510414
753.3,0.013515833,2342.2046271049467
753.4,0.008965969,2488.6434741124112
753.5,0.017737739,2207.2671433948194
753.6,0.003222622,2843.679307499939
753.7,0.0028541281,4356.840762199077
753.8,0.007896172,7736.75593549644
753.9,0.009406261,2133.588402458557
754.0,0.018637959,1731.962581394727
754.1,0.0077742604,1869.909431175023
754.2,0.0040288703,2009.1119823731976
754.3,0.0007977199,4069.288605513348
754.4,0.02438447,1473.1374749209438
754.5,0.0021984659,2948.1123827087363
754.6,0.0014676857,2576.0625694912
754.7,0.0006329756,3090.406937857407
754.8,0.00042071834,3412.118720898624
754.9,0.00039496858,3217.8904206612597
755.0,0.00040519296,3540.199669900351
755.1,0.000413339,3271.773049089868
755.2,0.00039972455,3476.359443232127
755.3,0.0004791153,3009.4854709779697
755.4,0.00047545898,3230.8391886972076
755.5,0.00042045466,3300.71010599476
755.6,0.00042672508,3108.2577514484465
755.7,0.000610366,2980.7537329682573
755.8,0.0003974589,3490.7742552648106
755.9,0.00042592216,3192.439902437905
756.0,0.00043836367,3432.834555364101
756.1,0.00043952957,3092.1237793267937
756.2,0.00040947754,3548.434456969464
756.3,0.00039247726,3299.319184442468
756.4,0.0013587939,2530.748254302365
756.5,0.00907769,2236.1843344045915
756.6,0.010543395,2720.2894192044887
756.7,0.012558703,1434.7843462128662
756.8,0.007407642,2740.055929758251
756.9,0.0064831907,3144.608140171093
757.0,0.012902106,2586.996691964524
757.1,0.002584437,2480.7484795549226
757.2,0.008712146,2072.41269664585
757.3,0.019718913,2101.7284977769446
757.4,0.006438523,2383.7012041339344
757.5,0.0018300539,2094.865864517906
757.6,0.00064096396,2594.010856815531
757.7,0.000349906,3283.5686745565854
757.8,0.00032670493,3436.411088259314
757.9,0.00032230158,3401.133393274108
758.0,0.00033821308,3645.6904126785757
758.1,0.0003194179,3239.6074938377537
758.2,0.0004039526,3292.0675566908626
758.3,0.0003370977,3172.148759038361
758.4,0.000341694,3388.8966809346534
758.5,0.00035412484,3363.856455210571
758.6,0.00029683928,3467.6260592468398
758.7,0.00032252335,3325.564970241895
758.8,0.00031152988,3374.2305620811067
758.9,0.00028964612,3512.558509052838
759.0,0.00032299754,3219.9899920977277
759.1,0.00033542636,3275.793805113961
759.2,0.00029891953,3323.195761183991
759.3,0.0003097913,3459.781052755837
759.4,0.0002868211,3551.247105222373
759.5,0.00030866975,3442.772234138141
759.6,0.00031373033,3352.2151685114177
759.7,0.00027806856,3588.3127490218776
759.8,0.00034629717,3241.103453118626
759.9,0.00032324536,3613.902827951154
760.0,0.00033785708,3336.0084701777732
760.1,0.00029525676,3675.5952042575595
760.2,0.009300112,8468.397056006826
760.3,0.024582226,2001.346406243234
760.4,0.028739193,1526.2648171687829
760.5,0.0050693173,2407.666540902931
760.6,0.00046848136,3426.566414696792
760.7,0.026246352,1906.571964383242
760.8,0.007855907,2887.8403166919265
760.9,0.0023491543,2499.3808135567124
761.0,0.00041230748,3029.9072114435153
761.1,0.00030727463,3246.1325045755475
761.2,0.00039586573,3022.5397124770784
761.3,0.0006896217,2475.2570095930055
761.4,0.0010969766,2257.812972256568
761.5,0.0005695534,2581.4829450576913
761.6,0.00037838836,3152.5080559665003
761.7,0.0003657779,3337.920483173295
761.8,0.00042426403,3330.971224506537
761.9,0.00050115446,2777.1627954326586
762.0,0.00043844344,3114.1186325534254
762.1,0.0002971143,3440.2224214894227
762.2,0.00037884558,3041.7868389148794
762.3,0.000386758,3057.3102456733236
762.4,0.019167276,3502.1149631880226
762.5,0.06098839,1563.5129229498827
762.6,0.037826814,803.6829794710429
762.7,0.02749859,1735.4928826099253
762.8,0.023400819,1559.0544124115954
762.9,0.017192833,2327.229234715258
763.0,0.010047757,2509.9397196886166
763.1,0.0062467298,2497.9498220043524
763.2,0.004373632,2120.381844106775
763.3,0.0024362465,2123.0716272920977
763.4,0.0020015917,1954.1660137952556
763.5,0.0008683527,2374.389046964381
763.6,0.00060514105,2882.3884955123026
763.7,0.00056078436,2944.6847979264858
763.8,0.0005598539,2873.9635750402545
763.9,0.00040621927,3287.513405977835
764.0,0.0036515621,7123.036143816891
764.1,0.002663135,5525.184073750452
764.2,0.019197647,3301.1683419202404
764.3,0.028657263,1827.5174134540468
764.4,0.010615102,2422.24162447014
764.5,0.008399757,7180.325450587847
764.6,0.007597649,6306.341139563993
764.7,0.011615818,6072.333241023296
764.8,0.00794018,5187.1836235681
764.9,0.0062212883,8562.934230646886
765.0,0.0041673547,4387.389649989775
765.1,0.013504568,2641.6491586564953
765.2,0.007522245,2460.5592068805067
765.3,0.009867916,2087.0612148609525
765.4,0.00040800517,3724.4254007161053
765.5,0.007998387,2333.661506293689
765.6,0.004290165,3606.707071255313
765.7,0.0006573086,4313.43039677057
765.8,0.0009609484,4191.2151030837695
765.9,0.012125135,2759.0105522500103
766.0,0.0024762822,3128.320805005537
766.1,0.00084384246,3537.597150942656
766.2,0.0011220657,3971.9905770271134
766.3,0.001429854,5185.056726600368
766.4,0.0018426399,4413.425077603764
766.5,0.0021174005,4446.627494476276
766.6,0.0016611652,4278.268678501344
766.7,0.0020899528,4130.103760278298
766.8,0.0025847617,4014.825614531756
766.9,0.0018058785,4546.265608716074
767.0,0.0021712838,4403.056888857671
767.1,0.002617245,4242.894622127451
767.2,0.002713221,4162.822030592283
767.3,0.0030333716,4365.856252451517
767.4,0.003182619,4597.587353525636
767.5,0.0036010381,3325.6844769249747
767.6,0.0023615353,3855.676772309659
767.7,0.0014787505,4272.658564990255
767.8,0.0016749788,3934.9685519878067
767.9,0.001280718,4013.4022628885928
768.0,0.0012385681,4299.127731804553
768.1,0.001307711,4581.427301647987
768.2,0.0015586318,4178.340837842326
768.3,0.0014261309,4338.426291928257
768.4,0.0014338079,4498.387919434449
768.5,0.001320922,4454.833123780943
768.6,0.0012234254,4488.91958106763
768.7,0.0010844549,4538.33790992998
768.8,0.0010924353,3759.8482176512657
768.9,0.0009019529,4180.8220420460475
769.0,0.00089990423,3974.1473218109472
769.1,0.0006914703,5142.925450135095
769.2,0.0004194556,4470.069394250412
769.3,0.0003248343,3455.121771538767
769.4,0.00036528314,2994.8497396035937
769.5,0.00033807015,3073.9496747547314
769.6,0.00032980103,3130.1454120176195
769.7,0.0003049077,3219.6701775033907
769.8,0.00033693487,3344.569756162797
769.9,0.0003349233,3221.5752176284936
770.0,0.00035080136,3272.5243828667217
770.1,0.0013199477,6237.6919841807585
770.2,0.0052166926,4479.38594916707
770.3,0.01731358,2647.9044571662535
770.4,0.024085976,2209.6732335905795
770.5,0.018914372,3107.7680750549935
770.6,0.0066891857,5108.655609673236
770.7,0.0043038786,5432.2248499701955
770.8,0.0021826767,5655.6329690825705
770.9,0.0016723599,5355.13830536396
771.0,0.0013531735,4978.559329546937
771.1,0.001259915,5872.3608841685345
771.2,0.001061883,5637.38324576153
771.3,0.0011649446,5496.097206049565
771.4,0.0008180786,4728.625062485229
771.5,0.0009568036,5352.249976043766
771.6,0.00061330985,6002.813663221045
771.7,0.00037837322,4188.556455128324
771.8,0.00036175348,3627.2519821978403
771.9,0.00033993184,4009.6689030410816
772.0,0.00031516424,3818.74000911063
772.1,0.00028308353,3618.531171455834
772.2,0.00027736454,3554.2174302487065
772.3,0.00039066462,3339.3209583709368
772.4,0.00045473647,3162.159966909023
772.5,0.0024181874,1629.977872435574
772.6,0.000448167,3028.4349008166937
772.7,0.004033017,1200.4380551099766
772.8,0.00052550127,2702.2520303343367
772.9,0.0047135064,1245.044089723877
773.0,0.0012322314,2110.6427795604855
773.1,0.00038718208,2989.308873148154
773.2,0.0036222003,1309.7306517145462
773.3,0.000695737,2678.7235649055237
773.4,0.00040235798,3253.5680080198304
773.5,0.00045718136,3257.178751018584
773.6,0.0028299803,1490.1114136203203
773.7,0.0031129962,1377.8196793493269
773.8,0.00067600165,2665.2410931113372
773.9,0.014385401,633.8923205717775
774.0,0.0006063923,2756.6036170318503
774.1,0.0004650897,2756.6732933529156
774.2,0.00032763736,3457.2252087361417
774.3,0.001488745,2905.256548408369
774.4,0.009906479,744.7948711339902
774.5,0.00045883498,3082.0227380065817
774.6,0.026118996,248.96360088635606
774.7,0.0006161661,2673.1291029460062
774.8,0.000396666,2981.3978582617356
774.9,0.0024242497,1378.028379283694
775.0,0.019604448,2589.410389334968
775.1,0.013730698,2531.8972145716625
775.2,0.0014455438,2235.6263423036885
775.3,0.00047213119,3448.7300870855574
775.4,0.0036579825,1063.0500501866115
775.5,0.0004612709,2851.8482858007906
775.6,0.00048186208,2929.4584007961157
775.7,0.0002889391,3357.913312945093
775.8,0.00035346934,3120.2054363728375
775.9,0.009140979,707.7186693167681
776.0,0.00080562255,2492.8078808775613
776.1,0.0004428761,2823.2174562471682
776.2,0.0028094829,1672.6712777270732
776.3,0.0011331923,2110.5145064867693
776.4,0.00034827972,2946.1748956996294
776.5,0.00040392656,2902.4789090821537
776.6,0.0003531117,2988.0187132086667
776.7,0.00611428,1132.0555301300606
776.8,0.0012160214,2034.561705420665
776.9,0.00051970617,2832.5782369151566
777.0,0.004268292,1158.5215853626041
777.1,0.00044624865,3286.709611965063
777.2,0.00048431926,3001.604498054253
777.3,0.00039481936,2973.024791554191
777.4,0.0005182786,2957.3013934172595
777.5,0.005596006,1295.664147314302
777.6,0.0027355205,2172.2709678689903
777.7,0.017606327,2164.0578736044035
777.8,0.019073026,6358.757073714041
777.9,0.0118158255,2397.915094381775
778.0,0.016622871,1796.1718151262091
778.1,0.008188531,7493.207888556199
778.2,0.010574363,5745.22486086235
778.3,0.014455159,1545.7832991755004
778.4,0.010817594,4370.734812155497
778.5,0.0073865317,2479.4780325187135
778.6,0.027944602,843.0768634474081
778.7,0.014179262,1817.1422391124468
778.8,0.009980116,2009.7762042971706
778.9,0.00036986996,3459.145664032596
779.0,0.008500434,2632.968122984989
779.1,0.0048501953,2448.416094352554
779.2,0.011729659,1471.5703038179777
779.3,0.003206629,2086.194719125066
779.4,0.0013209332,2136.45787826539
779.5,0.003296947,1714.402694718044
779.6,0.0010233452,2513.295440670747
779.7,0.0005365102,2934.1208666595435
779.8,0.00035991205,3166.8752848872364
779.9,0.000356214,3406.989738957
780.0,0.00323679,1483.654039123106
780.1,0.0029834737,1702.2750657845484
780.2,0.0010037614,2447.8031664504056
780.3,0.021635197,525.1585551191523
780.4,0.0010637415,2513.7330317233227
780.5,0.0007998268,2937.5265727762203
780.6,0.0006019885,2913.9807686326826
780.7,0.00038575754,3286.2015164913137
780.8,0.00051355234,3241.138293307291
780.9,0.018589351,4337.877634636098
781.0,0.006150691,3488.7916956443614
781.1,0.049178902,1582.0518620282473
781.2,0.03354866,2220.0640836697085
781.3,0.004150807,2718.3557089950305
781.4,0.0057354853,2473.1270124450643
781.5,0.002291896,2742.0955217676064
781.6,0.00042933098,3218.135502558781
781.7,0.014609351,435.0833267736111
781.8,0.00091513904,2556.378674581205
781.9,0.001041713,2742.667946955734
782.0,0.0036392661,1848.9166112952462
782.1,0.00053337886,2829.6012966843623
782.2,0.00034788545,3029.165499327855
782.3,0.00050175056,2756.2528083424195
782.4,0.00038211182,2991.774478463749
782.5,0.016271865,335.4728872480206
782.6,0.0006279846,2598.0246176507067
782.7,0.0004959488,3021.3953565574116
782.8,0.0037001248,1673.6628139820425
782.9,0.00051954883,2815.4938844994317
783.0,0.00047896468,2955.2830950605885
783.1,0.00046229668,2708.65603445801
783.2,0.00038573978,3018.682364368356
783.3,0.012363131,623.2235570576155
783.4,0.0008257458,2650.93005108147
783.5,0.00059900404,2978.1189103800875
783.6,0.0035940122,1660.0229741570708
783.7,0.00074984867,2593.450924307128
783.8,0.00079272524,2623.813225191312
783.9,0.0007831123,2407.2549548290485
784.0,0.00067350187,2516.1743494624125
784.1,0.0071859844,917.9452364655415
784.2,0.0012164399,2173.842917003727
784.3,0.00052003533,2759.2197887271413
784.4,0.015210835,520.705954296657
784.5,0.00126806,2430.6340561783973
784.6,0.00058513595,2649.395319756033
784.7,0.0004661196,3371.1771213804523
784.8,0.000640778,2860.445371207604
784.9,0.0011318108,2477.5301137252977
785.0,0.010592958,610.4632551177815
785.1,0.0008822404,2470.183376918779
785.2,0.0043807407,1627.667784527235
785.3,0.001015857,2272.647872941647
785.4,0.0008399797,2742.4482542126843
785.5,0.0004135408,3247.514461112647
785.6,0.00036810286,3202.7022647623107
785.7,0.0006535586,2922.3252470387547
785.8,0.004590136,1475.602819576888
785.9,0.0021998056,2112.8143118611274
786.0,0.00085923786,2640.2788871658486
786.1,0.02777619,356.79115495810953
786.2,0.00056976534,2402.1140690346706
786.3,0.000570664,2863.4824011398355
786.4,0.00045502716,3080.2885520457576
786.5,0.0004901996,2647.3395310293736
786.6,0.0006251921,2694.345737619972
786.7,0.008168804,901.7947764372321
786.8,0.0007377815,2525.617069697242
786.9,0.0006850385,2465.689406628112
787.0,0.0050510317,1330.2171613118192
787.1,0.0006446709,2621.6551516029235
787.2,0.00069251447,2499.2283049581715
787.3,0.00059910223,2575.993121005934
787.4,0.000861289,2789.5868507387827
787.5,0.0005687366,2688.7293837247316
787.6,0.011023922,604.2983340075085
787.7,0.0005958059,2514.559766421806
787.8,0.00083436136,2393.760689948902
787.9,0.0025457318,1672.736997807263
788.0,0.000601222,2709.2670926755263
788.1,0.00066450995,2625.8527787924813
788.2,0.0006688215,2642.717042681417
788.3,0.000694913,2477.701212484658
788.4,0.0004924619,2907.059870656377
788.5,0.006534551,846.183741785941
788.6,0.0011845639,2849.483483972033
788.7,0.00053400244,2959.4761252408143
788.8,0.006768359,942.1020643493713
788.9,0.00049115653,2951.953600829468
789.0,0.00039503037,3261.7711159616247
789.1,0.00035392374,3493.0258325327472
789.2,0.004550546,1343.4071939215094
789.3,0.002122683,1804.8265515747648
789.4,0.0003154093,3504.362187353697
789.5,0.023772374,291.2601993012713
789.6,0.00061085966,2816.6661905341152
789.7,0.00030172095,3418.2168987078453
789.8,0.00029191494,3288.0952726129935
789.9,0.0003379056,2955.2604772891686
790.0,0.0076274117,649.7584471635918
790.1,0.00034415035,3217.323772833862
790.2,0.0016254103,3212.345102161224
790.3,0.0012931398,2728.336317904054
790.4,0.00061019347,3562.9012483459805
790.5,0.006492005,2300.6413760200685
790.6,0.0003287224,3225.0290103651814
790.7,0.014257388,2162.5067594150123
790.8,0.01461377,2005.1533096598712
790.9,0.004021014,2585.1007890554038
791.0,0.014083958,866.1967687477903
791.1,0.00094346766,2115.6591129954986
791.2,0.00068952946,2331.390496427385
791.3,0.0004895197,2864.39683284515
791.4,0.0045508435,1115.0949416331384
791.5,0.0016598859,2203.623483323694
791.6,0.013057937,2024.944044375301
791.7,0.0074675954,988.4633182687345
791.8,0.002847538,2967.7987792159925
791.9,0.019024216,1949.643021030791
792.0,0.010874689,1723.090154769954
792.1,0.00078663277,2363.8107936725823
792.2,0.00035448986,3217.914555565512
792.3,0.01994669,670.4686491628704
792.4,0.00078638416,2804.793105454778
792.5,0.00081336463,2403.235330274001
792.6,0.0026673265,3080.3427802495985
792.7,0.0024243584,2554.5890811276113
792.8,0.0036307643,1718.5585129957278
792.9,0.004120317,1361.996083460202
793.0,0.0009831173,2007.0877864344345
793.1,0.022048093,526.1422282203699
793.2,0.0006299488,2948.7446446018703
793.3,0.0005077122,2885.6223799478535
793.4,0.0003759531,3158.569125376992
793.5,0.0010488251,2986.190546555833
793.6,0.009959219,669.348209958969
793.7,0.0004631133,2817.324627004493
793.8,0.025805764,313.7679379145181
793.9,0.00062551297,2582.7729778792036
794.0,0.00045094537,2832.6661800522493
794.1,0.0025871552,10796.166250604929
794.2,0.0053566205,3736.76148264876
794.3,0.008994961,1935.8642005203833
794.4,0.0049517285,6161.0983048125145
794.5,0.006104041,8495.563217030427
794.6,0.008075331,1598.3159733902708
794.7,0.006494782,3687.5306856278357
794.8,0.0013298222,2375.5455726251507
794.9,0.0020980807,2913.6746763079996
795.0,0.00036899894,3287.6246400239397
795.1,0.0065242583,1082.6992873423646
795.2,0.0034633842,2678.1797903732063
795.3,0.002438047,2019.2893747907951
795.4,0.003496014,1326.3247632075527
795.5,0.0011926107,2413.21249381316
795.6,0.00039648727,3330.183847368323
795.7,0.00038045994,3335.228640432363
795.8,0.00041988204,3611.0929812061713
795.9,0.005362715,1321.8061175346616
796.0,0.001389279,1804.5149806647578
796.1,0.0006042286,2747.702296334826
796.2,0.005180972,1017.3840712117521
796.3,0.00050586346,3086.5983218882734
796.4,0.00048328144,2836.3528694720067
796.5,0.00046541708,2922.416212463868
796.6,0.00050801755,2845.3979970218893
796.7,0.003229058,1179.4618633853306
796.8,0.003061901,1513.0069615588636
796.9,0.00058716536,2846.171183894181
797.0,0.022859853,564.327248356537
797.1,0.00059675897,2864.476802584322
797.2,0.00063836906,3134.153327021321
797.3,0.00044820178,3243.8224828711946
797.4,0.0004729025,3296.0380116976976
797.5,0.0013559336,2911.833296755287
797.6,0.009202962,1074.7342446421528
797.7,0.0010247324,2714.003155542424
797.8,0.02246663,498.2537287100313
797.9,0.0006533449,3206.6501354174475
798.0,0.00046033136,3355.816422336272
798.1,0.0005856234,2782.970854588389
798.2,0.00042212108,3300.590016910306
798.3,0.00064453186,2824.5646696784984
798.4,0.00898524,986.5237906104458
798.5,0.0009901633,2651.615978577323
798.6,0.0009658605,2722.80434355843
798.7,0.0033936545,1510.7458876456735
798.8,0.001282486,2171.7779656653292
798.9,0.0006994586,2679.1127171850862
799.0,0.0005070846,2728.1801120354367
799.1,0.0004995489,3133.276425828273
799.2,0.003078166,1621.526563168225
799.3,0.0030461573,1700.7963692925014
799.4,0.0012467902,2515.059134318649
799.5,0.022691246,520.6720629282117
799.6,0.0011100047,2958.268187871352
799.7,0.00080178346,2834.6674592396876
799.8,0.0006138741,2966.6469832091575
799.9,0.000408632,3545.37494317842
800.0,0.0003657701,3449.348038223295
800.1,0.0132345045,518.4184210916767
800.2,0.0008594168,2590.255083313979
800.3,0.009183372,1641.563438782565
800.4,0.000497898,3021.563390361018
800.5,0.0007275983,2936.553329365748
800.6,0.0006054543,2836.512082716489
800.7,0.00040025506,3224.6584630730163
800.8,0.00037134407,3232.7552123595387
800.9,0.014736334,456.2980707001102
801.0,0.00087741856,3030.940453442742
801.1,0.0008947102,3327.264297852007
801.2,0.004302526,1698.5249890083624
801.3,0.0005716868,3340.211879574145
801.4,0.000447261,3143.696835345904
801.5,0.00060026656,2767.296037092141
801.6,0.0004630115,3253.8406493379935
801.7,0.0162557,401.6076724708942
801.8,0.00085219083,2430.495940232939
801.9,0.00066527183,2665.6939974384704
802.0,0.0052451994,1498.6522769776095
802.1,0.000632639,2684.257345633157
802.2,0.00067109073,2653.8462274931876
802.3,0.0004983418,2868.222340745124
802.4,0.000608833,2793.9350450703937
802.5,0.010473992,688.5811578354891
802.6,0.0008029885,2387.231788832979
802.7,0.00062955334,2663.840592869269
802.8,0.0050794804,1506.1841747783576
802.9,0.0005283062,3012.6791341987137
803.0,0.00035256002,3033.5172117312395
803.1,0.00035354498,3245.0012445143807
803.2,0.00038243696,2975.4634362096745
803.3,0.0071976096,947.6760645445797
803.4,0.0015644269,1939.6355471427423
803.5,0.0004048599,3506.5139154583344
803.6,0.021069666,457.4888420666409
803.7,0.0012602743,1929.8132334084994
803.8,0.0008482632,2222.0585075674003
803.9,0.0004129557,2855.2749316570953
804.0,0.0003979674,3057.269377903237
804.1,0.00084009516,2525.497387901358
804.2,0.0108127585,504.33675951548423
804.3,0.0010412482,2313.302505883249
804.4,0.0029346102,1623.9619373201283
804.5,0.0010371265,2287.6705581487245
804.6,0.0008421853,2581.341578439852
804.7,0.0004833743,2843.9189870452333
804.8,0.00035837825,3092.888773225141
804.9,0.00033832656,3648.666459401142
805.0,0.004624463,1529.7316962471161
805.1,0.0025835417,1923.7800646542446
805.2,0.00494756,7605.806560495555
805.3,0.031473283,6043.903324739378
805.4,0.038955823,1444.7128408840874
805.5,0.033961877,660.1605772018713
805.6,0.009553263,1786.409223741812
805.7,0.0067540496,2058.7248109925254
805.8,0.002820253,1572.2997550327111
805.9,0.008259022,1089.0023700761383
806.0,0.007361157,2119.2039036734996
806.1,0.0059213876,2326.7462150012625
806.2,0.006753686,1492.4222209847835
806.3,0.0006398434,3195.030589129168
806.4,0.0004412159,3231.0251271851234
806.5,0.0004131755,3166.2768709958254
806.6,0.0006187249,2757.8468651799635
806.7,0.0004889197,2899.8852898619693
806.8,0.0106106205,696.660738081084
806.9,0.0006865258,3051.4867671766115
807.0,0.0005264306,3047.6726298439917
807.1,0.0069399187,1456.0934335737295
807.2,0.0004175886,3373.1199734587044
807.3,0.00037215653,3328.2020929971573
807.4,0.0003866941,3225.0853240263887
807.5,0.00037455308,3539.203036070919
807.6,0.000426484,3258.418626574764
807.7,0.006395658,902.1761732177374
807.8,0.0013419205,2363.6006040080324
807.9,0.008367985,2118.123074157283
808.0,0.024498796,1862.726005574938
808.1,0.009391752,1045.5503522487304
808.2,0.01880192,2233.0359587047546
808.3,0.020442724,1398.9645262061454
808.4,0.010156003,896.1554510079401
808.5,0.01377153,2422.1073383273747
808.6,0.00040773491,3512.7250476062177
808.7,0.027203426,1114.002365246286
808.8,0.021542374,1693.0713832339604
808.9,0.014168124,4211.253809424863
809.0,0.006114015,3428.501590825456
809.1,0.0070100892,3175.7360868478277
809.2,0.01258731,2218.330390799779
809.3,0.00547549,2322.397178586002
809.4,0.005041594,2965.7753767068803
809.5,0.002361435,2096.8710370525323
809.6,0.003576606,3298.8870187308326
809.7,0.0033398168,8050.330383407598
809.8,0.0021163032,7934.963488033332
809.9,0.0050555235,1201.6479620893338
810.0,0.0026324496,2249.3273627451417
810.1,0.006728905,3170.2709865557663
810.2,0.023115588,2404.3420190352545
810.3,0.000564267,3177.2830015911463
810.4,0.00048666765,3311.4241021255784
810.5,0.0004646925,3160.025367595458
810.6,0.0033474145,1378.779200013299
810.7,0.0029861454,1857.6264884340449
810.8,0.0005534614,3314.865118752652
810.9,0.022655057,659.576849022885
811.0,0.00080718624,2721.675700142362
811.1,0.0007680802,2518.9460327163106
811.2,0.00056485797,2824.7041920596985
811.3,0.00056160224,3145.035916390772
811.4,0.0014834129,3016.082544009687
811.5,0.00885488,992.113091189046
811.6,0.0011020018,2551.5708992252535
811.7,0.022738185,405.01534938876523
811.8,0.0006926476,2714.981664784489
811.9,0.0005058327,3350.1143776248427
812.0,0.00046218975,3280.6202132173435
812.1,0.00041795452,3279.1620672332624
812.2,0.00049499073,3124.581479481949
812.3,0.009635738,970.0021757892417
812.4,0.0012828913,2526.915653479272
812.5,0.0009281138,2644.6450053390254
812.6,0.003233665,1713.0437545883838
812.7,0.0011643629,2258.208083990492
812.8,0.000715085,2555.7944637361284
812.9,0.0007444889,2515.281357024383
813.0,0.0005681367,2906.4072237585797
813.1,0.003111634,1561.6123089074065
813.2,0.0030415605,1597.6277651455703
813.3,0.0010793688,2554.7776238727206
813.4,0.022381574,451.2447763517391
813.5,0.0011797637,2378.7589727715795
813.6,0.0010030665,2595.073893001304
813.7,0.0005451817,2812.3476374225174
813.8,0.0003186353,3381.7608895584854
813.9,0.00046826148,2890.3481177780454
814.0,0.013154236,489.91828904251236
814.1,0.00088626944,2590.5416542587136
814.2,0.009912752,1369.2441586837062
814.3,0.0005117325,2808.4968642702206
814.4,0.00067570125,2992.29058336784
814.5,0.00062781095,3002.52052167764
814.6,0.00036283463,3604.3877492989695
814.7,0.00037363608,3357.525941503789
814.8,0.014731773,446.77328401728545
814.9,0.00085434923,2797.1841051857136
815.0,0.00082831224,3092.9497349053304
815.1,0.004153491,1694.6203848728123
815.2,0.0004955405,3102.9021238559917
815.3,0.00034813798,3456.3661932928226
815.4,0.00047587554,3093.585724273815
815.5,0.0003316076,3321.693965999791
815.6,0.016252534,393.75189617760384
815.7,0.00069541327,2676.5878587358966
815.8,0.0004006136,3246.0596726817666
815.9,0.005128265,1600.500805653452
816.0,0.000532152,3128.976362893607
816.1,0.0005494712,3060.825008410327
816.2,0.0006008002,2490.882495346381
816.3,0.00053219305,2932.5606830374654
816.4,0.011127708,604.5983635513446
816.5,0.000998588,2125.304135991722
816.6,0.00071800157,2373.624193107393
816.7,0.005109067,1372.154834950379
816.8,0.00081013364,2799.4770333896377
816.9,0.0006320341,2347.791948403463
817.0,0.0004809048,2702.8498971120284
817.1,0.00057541527,2555.9297764656426
817.2,0.007224479,985.7273745283404
817.3,0.001601955,1839.9431013510648
817.4,0.0004997721,2803.488462249646
817.5,0.02092238,492.20345690391537
817.6,0.0014020957,2094.548677361578
817.7,0.0008455539,2538.6180246035874
817.8,0.0004636202,3108.54386594486
817.9,0.0005217795,3000.7486354152857
818.0,0.0009860918,2586.9098268888156
818.1,0.010565327,615.4296534071599
818.2,0.0009982894,2946.014696027345
818.3,0.0029661532,1587.5736161864234
818.4,0.0010291664,2300.8415626612978
818.5,0.00078604807,2564.3759357040008
818.6,0.0003948291,3128.698335905345
818.7,0.00031172752,3334.6430529198806
818.8,0.0003435251,3269.196169607716
818.9,0.0046353135,1535.1353434382918
819.0,0.002464032,1839.5830694243339
819.1,0.0007467698,2681.258746844862
819.2,0.029536154,307.15609444232234
819.3,0.0006209078,2848.7421132064455
819.4,0.0005919407,2634.565747017714
819.5,0.00040627382,2913.3635716592185
819.6,0.00041292497,2895.021545963822
819.7,0.0005399931,2678.666835043128
819.8,0.007863435,715.2755480787134
819.9,0.00063459657,2620.1253972533873
820.0,0.00050467916,2971.081709863376
820.1,0.005827205,969.9114306293616
820.2,0.008797366,4453.683807886828
820.3,0.016707608,2252.876541135983
820.4,0.012680444,1792.1065031722565
820.5,0.0074967,3995.589299395969
820.6,0.006624931,2810.573169005932
820.7,0.011456152,1278.3569919556958
820.8,0.00056873186,2919.640378362553
820.9,0.014663308,1930.0569041271087
821.0,0.011794087,1715.8931238673117
821.1,0.0061901384,2120.1703427844054
821.2,0.003995974,2109.8920312460305
821.3,0.0025163232,1832.9870362054714
821.4,0.0012581499,2376.9056127324357
821.5,0.0009518753,2193.530265872487
821.6,0.006749036,919.0978628522439
821.7,0.0012179341,2245.705131251418
821.8,0.000467911,2986.2117830284474
821.9,0.007214674,948.5759883751535
822.0,0.00087424327,4042.184509609133
822.1,0.009960869,8827.445134588961
822.2,0.005858225,6254.807804200953
822.3,0.0083439285,2273.1077554415974
822.4,0.012326265,1275.1204142058175
822.5,0.007537477,2828.5619474195973
822.6,0.02650896,1522.8430243773512
822.7,0.0076602264,4981.786607775521
822.8,0.006838845,8098.358530511601
822.9,0.017074903,2061.517744405279
823.0,0.010690627,2079.804385353535
823.1,0.014290896,2026.8334305795204
823.2,0.0029316547,2559.5992620975508
823.3,0.0007225171,2941.153978087909
823.4,0.0019043139,2579.037125742644
823.5,0.003524668,3576.9573593477826
823.6,0.001178005,2859.736626108243
823.7,0.00039446342,3165.3747852791707
823.8,0.005094868,1189.5072194450054
823.9,0.002355147,2168.778439371039
824.0,0.0005852999,2483.1743638359817
824.1,0.01792401,582.2448692889827
824.2,0.00048312955,2845.438899763706
824.3,0.00042071153,3134.3215155910884
824.4,0.00036234307,3289.2350351965497
824.5,0.0007963784,2129.971203466948
824.6,0.0004776081,2959.59189713401
824.7,0.00266221,1444.2512085298124
824.8,0.00052045414,2770.3910314826085
824.9,0.0006951562,2623.19407264838
825.0,0.00040233848,3160.6552305289856
825.1,0.0011953759,3053.9005478638173
825.2,0.00035897514,3167.816186183122
825.3,0.023288323,289.9721559855368
825.4,0.00088347786,2770.4344539769586
825.5,0.00064509455,2877.275152615437
825.6,0.00038830584,3095.4856364075617
825.7,0.0004269673,3252.9361385033503
825.8,0.0030084713,1542.5332782853686
825.9,0.0027843267,1585.6398965523572
826.0,0.00074165926,2898.467507707249
826.1,0.010277407,959.9857378956337
826.2,0.00060214824,2562.163138384834
826.3,0.00057633856,2552.9880800507985
826.4,0.0004618474,3014.644155280457
826.5,0.0022222681,2220.81072906745
826.6,0.007379115,1427.1730423954368
826.7,0.0006064023,2671.3447850639695
826.8,0.026617292,264.2707225028819
826.9,0.0007262922,2421.178707883081
827.0,0.00048826347,2877.0412561536077
827.1,0.00051185756,3019.0237426827907
827.2,0.0004587909,2722.6764883789942
827.3,0.0062951366,1044.2801226351894
827.4,0.000809003,2104.0476065976563
827.5,0.0005385302,3143.334611098263
827.6,0.003516372,1303.5354946838504
827.7,0.00051044073,3072.9103236611545
827.8,0.00045579203,2803.2545192213306
827.9,0.00038384646,3678.075561634142
828.0,0.0003842872,3284.594139711085
828.1,0.010159899,831.7252468105698
828.2,0.0007344951,2688.327165877009
828.3,0.0005191198,3071.866725921028
828.4,0.0024396386,2230.999987703487
828.5,0.0011949606,2939.5620009281083
828.6,0.00036203244,3514.7306326924554
828.7,0.00037791335,3573.9054211576927
828.8,0.00036338248,3299.776062366028
828.9,0.007999148,1164.4469058005604
829.0,0.0012250664,2308.1711115549087
829.1,0.00058119267,2624.3241187475023
829.2,0.003845619,1319.9736858911378
829.3,0.00047969076,3154.127874067847
829.4,0.00043151458,3028.820784056806
829.5,0.00046429067,3022.7302814073814
829.6,0.00051301677,2974.773947381233
829.7,0.0035365145,1236.9076864764934
829.8,0.0017443849,2097.974190531173
829.9,0.0005753695,2661.9575744775298
830.0,0.010534256,890.663402215139
830.1,0.0005278189,2929.683493934437
830.2,0.00065421534,2542.219173772788
830.3,0.0006034553,2462.507352999931
830.4,0.0005204078,2682.179241856065
830.5,0.002539935,1818.8563359449054
830.6,0.0055994866,1331.8556312894182
830.7,0.0009285194,2241.8253650636398
830.8,0.023679087,287.9384471132231
830.9,0.0006219795,2806.8469495760523
831.0,0.00056199636,2876.8997813665583
831.1,0.00044868956,2837.363467867756
831.2,0.0005228333,2917.0900995957873
831.3,0.00050930877,2832.626609313841
831.4,0.010730333,553.8477931649512
831.5,0.0006995893,2702.989895870499
831.6,0.00068282883,2609.2390309519333
831.7,0.0021128007,1948.7256703638957
831.8,0.00096454704,2300.83879145161
831.9,0.0005088961,2993.4764925747213
832.0,0.00032737182,3380.310520700271
832.1,0.00038680717,2985.565210562546
832.2,0.0032064759,1256.4788917627452
832.3,0.002732669,1831.779739746747
832.4,0.0010497464,2340.4572383294635
832.5,0.013756964,687.3844754209566
832.6,0.0010974156,2280.2542041911574
832.7,0.00055320625,2904.6567280830905
832.8,0.0005426093,2809.1543788965573
832.9,0.00034471732,3160.0695712882575
833.0,0.0011408045,3200.9519773960874
833.1,0.011012519,634.8078541947968
833.2,0.0006908171,2645.1841920879438
833.3,0.020645034,440.8115026807675
833.4,0.00054743316,3154.8964874470075
833.5,0.00061007944,2965.7186106007284
833.6,0.0005590845,2977.672861567141
833.7,0.00036017696,3398.590234312266
833.8,0.00039126584,3014.616906088283
833.9,0.014519974,396.5539565710547
834.0,0.0008809972,2215.462406957791
834.1,0.0023562824,2114.5150102540683
834.2,0.0021058694,1959.378530510483
834.3,0.00056610996,2468.581239842145
834.4,0.0005568093,2546.974970791224
834.5,0.0007204324,2597.037127518156
834.6,0.00054930616,2748.0332623246168
834.7,0.016329436,413.1351134070027
834.8,0.0005758856,2581.129565287908
834.9,0.0011843507,2843.1860220336184
835.0,0.0024989676,2556.205816914297
835.1,0.00048836984,3230.3932809681087
835.2,0.0005044577,3192.9168532452622
835.3,0.00042386644,3116.5741995647704
835.4,0.00032695412,3342.654295671459
835.5,0.012478668,433.12535320890987
835.6,0.0008007843,2743.7200262994675
835.7,0.00053558237,3229.8415834879547
835.8,0.0016987005,1875.2638125406793
835.9,0.00044437827,3116.169303130757
836.0,0.0003365909,3696.680814395353
836.1,0.00033845173,3140.500171950023
836.2,0.00042295596,3260.3303587954433
836.3,0.007242596,747.2464130638242
836.4,0.0010726004,1910.089692061808
836.5,0.00044888156,2829.103480177937
836.6,0.010875579,817.6691892119275
836.7,0.0011709525,2529.543401632987
836.8,0.0005903072,2872.2368890192383
836.9,0.00045989192,3394.7095351570597
837.0,0.00043040325,3045.4287491716527
837.1,0.0017302841,2904.851349381649
837.2,0.009585276,1026.4319205461738
837.3,0.00073247385,2524.2609774103953
837.4,0.01522492,1098.5772853342096
837.5,0.001088937,2171.8256656743133
837.6,0.00091885554,2224.430543507688
837.7,0.00052203174,2950.595699403627
837.8,0.00047197103,3020.7365793709882
837.9,0.00046383712,2768.8116944810968
838.0,0.006779738,1133.3625292051902
838.1,0.0017567537,2184.546906995234
838.2,0.0008929014,2350.9809491154865
838.3,0.019409737,639.8063475640776
838.4,0.000674048,2590.3833213834414
838.5,0.0006542536,2925.3609188197506
838.6,0.0004125927,2879.9040118630023
838.7,0.00041396465,3085.214413748571
838.8,0.0007261401,2547.4828488446783
838.9,0.008430653,702.0051526355525
839.0,0.00046813334,2864.8381802217136
839.1,0.00042415023,2949.17331426877
839.2,0.0035032223,1411.6585543520232
839.3,0.00045739327,2715.2535061000312
839.4,0.00039889629,2986.3620112569374
839.5,0.00038043293,2755.5574339799264
839.6,0.0008910221,2554.936755345626
839.7,0.004789017,3136.102318250574
839.8,0.02605478,1852.3894220358773
839.9,0.018704725,2383.7456545911164
840.0,0.007789791,9019.314275549865
840.1,0.005752389,7583.650834002001
840.2,0.0045489185,5826.9044240614285
840.3,0.011865187,1656.6790530301341
840.4,0.006050407,2682.4748687846536
840.5,0.006471939,3018.9353624328714
840.6,0.004785123,3984.349866957081
840.7,0.010385225,923.2150802639114
840.8,0.016518323,2952.7690782975806
840.9,0.017057518,1935.9696119126431
841.0,0.00941348,7375.655936525315
841.1,0.014035613,7466.171722269561
841.2,0.0038619968,4195.193887764815
841.3,0.017648783,1421.3367147669326
841.4,0.016113933,1077.4320696037958
841.5,0.015838536,1620.8525897065726
841.6,0.011342436,1154.772611712783
841.7,0.025525551,1530.7118005399252
841.8,0.00094937114,2862.1735789158174
841.9,0.010123669,3138.7221052544382
842.0,0.005999307,2387.3907017152774
842.1,0.0023893397,2475.4821870281608
842.2,0.007679788,975.1644963960218
842.3,0.00041306324,3361.0035466087174
842.4,0.00667034,2300.246554101811
842.5,0.0009844991,2792.3838956430486
842.6,0.0005370607,3060.9724905773182
842.7,0.0003902087,3320.802077504124
842.8,0.00034284312,3383.1035297475755
842.9,0.0059752613,1053.6141965826578
843.0,0.0013010895,2840.165881616457
843.1,0.00052276894,3316.658566648052
843.2,0.0076110205,999.4725426684083
843.3,0.0005075556,3419.698395907054
843.4,0.006074061,3455.1273817057577
843.5,0.009398626,1791.8938783979136
843.6,0.008575316,2456.59647336151
843.7,0.0034837849,1593.446011109316
843.8,0.0014182508,2999.409433160166
843.9,0.02264235,704.4724845299384
844.0,0.0010649343,2799.9145680118245
844.1,0.0008946847,2476.099641862209
844.2,0.0006821944,2622.3013489371456
844.3,0.0004927293,2610.7716421869027
844.4,0.00042925344,3175.7802903750103
844.5,0.01582489,1731.0222405785617
844.6,0.025816333,1275.0912676810183
844.7,0.01080778,1410.0645417259834
844.8,0.0059036617,3095.963769247486
844.9,0.001311368,2420.656378103746
845.0,0.010698178,2181.6773522434537
845.1,0.012233978,2267.543972869864
845.2,0.004420467,2764.9177300073547
845.3,0.01484479,695.2283481450971
845.4,0.0028164976,2989.550083945244
845.5,0.0029597688,2512.3421354847655
845.6,0.0043687117,1299.9985372772662
845.7,0.0051032957,3716.7134029061153
845.8,0.01669971,2678.7728476240277
845.9,0.006362133,3065.087502313328
846.0,0.00198441,3244.0009842403683
846.1,0.016348336,651.5608631106353
846.2,0.0007891097,2518.700581042343
846.3,0.0004258608,2894.5897078149237
846.4,0.005189746,1350.6071913323415
846.5,0.00051975506,2559.1183858602067
846.6,0.00048769655,3056.68258262458
846.7,0.00037502372,3015.622045565308
846.8,0.0003349275,3245.945515738042
846.9,0.010678643,621.8817917787427
847.0,0.00077408063,2203.6161083376705
847.1,0.0005776997,2941.075150015375
847.2,0.0050999527,1328.7417468366245
847.3,0.00046826803,2916.6806584515125
847.4,0.00030894176,3215.306346208865
847.5,0.0004209224,2824.503133524011
847.6,0.0007538542,2543.794343085679
847.7,0.007225847,1072.9341804006276
847.8,0.0016665108,1758.2364583083531
847.9,0.0010508436,2057.428341616972
848.0,0.021002585,522.8682463529087
848.1,0.0012855834,1938.9202340150855
848.2,0.0008851633,2422.370984743771
848.3,0.0005907298,2706.615075158871
848.4,0.0004698043,2832.821695765111
848.5,0.00083022413,2723.1058082401355
848.6,0.010745866,487.91075310827824
848.7,0.001193084,2311.665704137659
848.8,0.0031235276,1570.67346333075
848.9,0.0011561827,2320.910147144835
849.0,0.00076038827,2462.3486553497673
849.1,0.00040545725,3278.3623907633273
849.2,0.00037521895,3300.767567816426
849.3,0.00040506714,2866.5015582300016
849.4,0.004646204,1502.622722997599
849.5,0.0025925469,1747.012937948993
849.6,0.00075315876,2875.9682157081543
849.7,0.029572507,327.7334913647643
849.8,0.0005655138,3027.750491303177
849.9,0.00054396683,3148.6281060301467
850.0,0.00039643844,3298.283800211521
850.1,0.00045681844,2817.314357393933
850.2,0.0005283808,2735.490407694522
850.3,0.007734958,792.0963015354916
850.4,0.0007529284,2369.6793014044274
850.5,0.00057347084,2836.9657676143306
850.6,0.0063167075,1068.1739462491057
850.7,0.0006444102,2697.3807661709843
850.8,0.00058115803,2511.7819646787198
850.9,0.00070337806,2595.238740185406
851.0,0.0007937776,2463.1639267750925
851.1,0.000624425,2647.4618401123544
851.2,0.010831339,660.9991150835442
851.3,0.00075736904,2711.7387945408827
851.4,0.0007554422,2414.3229760036834
851.5,0.0062954626,1277.9991392142156
851.6,0.00060802774,2800.3349621764746
851.7,0.0006007166,2583.830616046572
851.8,0.00055277155,2572.583531765845
851.9,0.0006177381,2731.292905551364
852.0,0.00058688584,2981.9668380304224
852.1,0.006566257,971.1238865542339
852.2,0.0013974577,2123.7700639324985
852.3,0.0006895034,2487.3021851656167
852.4,0.007235652,830.7540244719969
852.5,0.0006054142,2957.100296613821
852.6,0.00045840463,3025.1593701022257
852.7,0.00037876173,3134.228178264706
852.8,0.0045981794,1066.0421742199676
852.9,0.0023796493,1615.3198864825622
853.0,0.0003639915,3235.8573817917922
853.1,0.023705551,285.24396146190213
853.2,0.00060331915,3006.388229824928
853.3,0.00038025453,3075.6920968025984
853.4,0.0003257738,3582.6797710333453
853.5,0.0003979374,2970.5812877081053
853.6,0.008048803,620.7835378043362
853.7,0.00039661067,3222.439722514504
853.8,0.0006094968,2914.469144876294
853.9,0.0019200157,2421.1594474293825
854.0,0.000706636,2793.5835543452185
854.1,0.00041253451,3292.465820827216
854.2,0.0003068093,3399.9247991299253
854.3,0.0051087053,1041.7131724551648
854.4,0.0025195228,2027.027381920541
854.5,0.00049489836,3092.984618979648
854.6,0.02093114,634.2016542349766
854.7,0.00053923624,3109.112667654571
854.8,0.0003253101,3776.960531630599
854.9,0.00037289088,3305.057091997154
855.0,0.0063495734,947.8674075380125
855.1,0.0005218454,2961.6109024720463
855.2,0.00039351365,3399.0617868386325
855.3,0.007476168,1371.6452743834116
855.4,0.0006559187,2828.529706171505
855.5,0.000637089,2802.4264691754006
855.6,0.00050833967,3216.6475309048137
855.7,0.0007560237,2355.6544002777027
855.8,0.0123196505,1494.7739370084898
855.9,0.0008795444,2376.9391799637747
856.0,0.0011475576,1914.5706227630167
856.1,0.0006126724,2711.1114205940803
856.2,0.0006182632,2750.4057539099717
856.3,0.00231094,1991.5921591824085
856.4,0.0035896604,1416.1193158267467
856.5,0.00086166116,2722.372902678164
856.6,0.024116063,435.7198844278106
856.7,0.00075429876,2920.846532085326
856.8,0.00052313256,3083.1286430922373
856.9,0.00045633185,3235.91292038092
857.0,0.00061791216,3148.4794488654084
857.1,0.010375933,645.3403764420013
857.2,0.00048279722,3510.2757525431552
857.3,0.022621648,654.3885615406984
857.4,0.000670522,3008.3475695224665
857.5,0.000547424,3184.182376288643
857.6,0.00043461638,3581.0556947488612
857.7,0.0004863868,3038.149158716521
857.8,0.0047550607,1218.2236936292902
857.9,0.0023549942,2275.531214469859
858.0,0.0005246376,3329.6777476165053
858.1,0.011571921,1135.2213634331083
858.2,0.0005418838,3092.2970908866014
858.3,0.00045918915,3188.6675640656736
858.4,0.00042672615,3270.4188443834937
858.5,0.00044042984,2938.261877933397
858.6,0.0053775255,1389.055907613932
858.7,0.0011379087,2553.9374510167654
858.8,0.0006970083,2818.0750967377326
858.9,0.003616557,1352.5330491688405
859.0,0.0013836218,2102.5188295929015
859.1,0.0005916301,2843.5984850975765
859.2,0.0006057421,2746.375897155004
859.3,0.00050745276,2980.6074854829817
859.4,0.004379501,1419.2860903553383
859.5,0.0016664434,2237.0916459082446
859.6,0.00072700216,2540.0920333130043
859.7,0.007474091,1030.3311008316866
859.8,0.0005964086,2970.2191226271543
859.9,0.0005349172,2935.7909969311086
860.0,0.0005095527,2918.0902044938352
860.1,0.0005065517,2866.9871922950438
860.2,0.0032006293,1458.5233756686193
860.3,0.0031544338,1241.425117157882
860.4,0.00049819576,3096.216659599726
860.5,0.024887804,326.0402766075825
860.6,0.0005064901,3076.380606036434
860.7,0.000605711,2784.5359616435717
860.8,0.00038987247,2923.0343842661523
860.9,0.00036661045,3556.4856349668275
861.0,0.00065234985,3048.2554338587365
861.1,0.0100734765,616.5739163897501
861.2,0.0010174994,2357.6567553516657
861.3,0.019324763,628.9601521096379
861.4,0.0007049795,2543.119230449939
861.5,0.0002905668,3251.949823157443
861.6,0.0003764327,3148.41257949708
861.7,0.0007323466,2821.5027257522383
861.8,0.011836551,2671.3692259764794
861.9,0.022748971,1823.1122169695304
862.0,0.013119088,1157.3507646004225
862.1,0.0009192285,3171.00232703879
862.2,0.025776062,1742.4119810512352
862.3,0.0046130377,2083.718559484163
862.4,0.004797673,2314.7331734572913
862.5,0.0029468192,2233.090911683307
862.6,0.0013553065,2289.9809816815614
862.7,0.002793664,1722.7340582890442
862.8,0.0029194353,1182.2307488135134
862.9,0.0011709789,2017.5366900207111
863.0,0.022772608,293.4647892610233
863.1,0.0009788758,2566.53079623729
863.2,0.00078246277,2799.5844953122355
863.3,0.0005597891,2756.665106458299
863.4,0.0005294467,2681.1349614927194
863.5,0.020031,1653.566326370934
863.6,0.01938609,706.3511777923746
863.7,0.0009514436,2724.0081890282154
863.8,0.004999013,2666.834971666735
863.9,0.0046742167,7127.58160383519
864.0,0.0023001935,4201.225630486529
864.1,0.0027253756,2375.8726674363807
864.2,0.0004189312,3115.0664903100687
864.3,0.00039705995,2884.656680419533
864.4,0.01409559,544.3340800987226
864.5,0.0009955863,2677.4628519399353
864.6,0.0010566632,2938.408391963442
864.7,0.0049665053,1043.55214188706
864.8,0.0005562223,3001.669804294234
864.9,0.00036016395,3070.9308777699384
865.0,0.00049050385,2897.4513007025917
865.1,0.00037458978,2920.960107033298
865.2,0.01526289,403.44429899769716
865.3,0.00085243146,2312.1876093168135
865.4,0.0004660865,3022.767824623877
865.5,0.0060683526,1136.783495397427
865.6,0.00052763784,3043.933192040392
865.7,0.000519576,3180.8897813097906
865.8,0.00060119474,2765.2041735991465
865.9,0.00056257704,3010.35056675407
866.0,0.008394725,846.8074824400738
866.1,0.0009361633,2142.5764618523913
866.2,0.0007518191,2554.5564854449008
866.3,0.006570449,1103.545872329187
866.4,0.0006274285,2574.4251268481817
866.5,0.0006002083,2887.2413059118044
866.6,0.00055986166,2643.7468216266147
866.7,0.00044083296,3213.5751739902908
866.8,0.0060114,1049.5615909101793
866.9,0.0016790592,1934.2568614474048
867.0,0.00054456276,3310.136920696589
867.1,0.023037083,442.7805699213336
867.2,0.0013018899,2030.2837005236643
867.3,0.0009574608,2900.403922762526
867.4,0.0003911822,3397.948122927616
867.5,0.00040683095,3362.723608356802
867.6,0.00067143136,2906.048162244605
867.7,0.010915406,484.1423027780217
867.8,0.0011024402,2817.02172837724
867.9,0.001891824,1837.9875120499553
868.0,0.0017439289,2595.0156628144596
868.1,0.0008619991,2353.206596139644
868.2,0.0004367729,2918.7363732595054
868.3,0.00036727116,3433.4106413167874
868.4,0.00035803148,3511.339012818512
868.5,0.00284485,1627.0525828589125
868.6,0.002515834,1615.3123554866816
868.7,0.0006319988,2789.3932260952
868.8,0.02949564,250.8263460799999
868.9,0.0005711904,3229.875745408929
869.0,0.0005586115,2773.7150188011706
869.1,0.0004265125,3344.185940910126
869.2,0.00043458736,3192.5284658573178
869.3,0.0007357095,3154.8030469869855
869.4,0.006819546,1045.906840710505
869.5,0.0007896599,2885.563313710494
869.6,0.0006310475,3223.814858636341
869.7,0.008683678,976.1148228925812
869.8,0.00065151666,2665.5716204267774
869.9,0.00064226845,2959.727122823881
870.0,0.00066957524,2680.6436081493453
870.1,0.0007203323,2645.6837044988692
870.2,0.0006447755,2813.005604768185
870.3,0.009721841,875.235973964785
870.4,0.0012089896,2406.2769099337065
870.5,0.00078050385,2632.113478650528
870.6,0.008761843,1121.5311026889985
870.7,0.00071394426,2843.1264803932236
870.8,0.00058502494,3083.3330070893285
870.9,0.0005756931,2956.274401150458
871.0,0.0005942327,3056.385589815387
871.1,0.0004243796,3149.2098078283966
871.2,0.005251651,1036.9498622536037
871.3,0.0013199473,2019.8337986081706
871.4,0.00051988394,2981.7488729090146
871.5,0.011683376,635.8604498757899
871.6,0.0006382349,2863.213915744336
871.7,0.00037931337,3373.135409519581
871.8,0.00035709102,3343.1669197669653
871.9,0.004141228,1237.695776732473
872.0,0.0025561333,1573.8782845220496
872.1,0.00048619387,3390.212553599427
872.2,0.023007052,287.1236922956068
872.3,0.0005415816,3013.4574555035024
872.4,0.00033591583,3821.563835563666
872.5,0.00030640702,3432.9903291070073
872.6,0.00035798148,3509.846568444317
872.7,0.008209538,626.5417950021445
872.8,0.00042760588,3235.5322957628327
872.9,0.00042257947,3027.9276575076365
873.0,0.0022304782,1876.7756578338103
873.1,0.0008028528,2347.061613542314
873.2,0.00039827477,2845.19861715992
873.3,0.00039331877,2876.1356538270325
873.4,0.0044952813,973.7946691044701
873.5,0.002963594,1432.7413688100105
873.6,0.0005339455,2712.224601994249
873.7,0.02671176,350.9859850737915
873.8,0.00044811476,3078.694850994549
873.9,0.00035493303,3059.3728695945188
874.0,0.0003604555,3104.170062986213
874.1,0.003195702,1304.769656263863
874.2,0.0030849616,1314.4031443034269
874.3,0.00052374916,3265.173261755102
874.4,0.024936255,331.70964386549065
874.5,0.0006239051,2699.868151887331
874.6,0.0007548696,2429.6787147114096
874.7,0.0005174517,2840.530840424144
874.8,0.00040989163,2995.145518218001
874.9,0.000729558,2635.124539828914
875.0,0.009485255,644.2694416227869
875.1,0.0009612661,2407.7571378813604
875.2,0.019649688,563.1516216304581
875.3,0.00071771705,2645.0747890029284
875.4,0.0003448356,3264.9202979276624
875.5,0.00037329784,3332.6226010055966
875.6,0.00040413794,3028.549137521846
875.7,0.0003386832,3499.13601299989
875.8,0.007075053,1176.3013210173851
875.9,0.0009890235,2452.9000026099725
876.0,0.0006866003,2980.920795862845
876.1,0.0035668323,1239.765250059727
876.2,0.0011134038,2276.3870856427657
876.3,0.000526634,2924.098610774574
876.4,0.001210635,2157.128419696198
876.5,0.0023194477,2981.532803517661
876.6,0.02203483,2602.5145043680523
876.7,0.0059256423,6072.21254518865
876.8,0.005053682,6546.893706451999
876.9,0.032898426,398.05348551042675
877.0,0.018995035,1421.5259615418454
877.1,0.007108501,7252.134432278865
877.2,0.007040693,7283.486518409378
877.3,0.016066564,1789.8567955828046
877.4,0.0151571045,1277.2568499731954
877.5,0.015950967,457.2972329233499
877.6,0.0016878278,2351.7330578308065
877.7,0.009196268,1450.854565695645
877.8,0.009068229,971.5650549624053
877.9,0.009353333,959.401222134837
878.0,0.00066196435,3003.169691531578
878.1,0.013934364,2264.1558114630525
878.2,0.0074352124,2462.5082225100423
878.3,0.014747749,1506.498427455692
878.4,0.0013496245,2481.9326557516374
878.5,0.0009789232,2683.776198972294
878.6,0.0049267234,1135.7262898125061
878.7,0.000524,3133.90908412154
878.8,0.00035350912,3267.239773500753
878.9,0.00046325946,2902.8786935357107
879.0,0.0004320477,3061.6784450419755
879.1,0.015769089,419.69317393348035
879.2,0.00081772276,2527.6127389586445
879.3,0.00041062752,3471.522975303628
879.4,0.006122158,1190.3470449562913
879.5,0.0006173151,2675.5103559801278
879.6,0.0005948246,2799.383798694047
879.7,0.00046765077,3205.0138816829617
879.8,0.00041749005,3086.091907491731
879.9,0.009629949,892.1877077697284
880.0,0.0009237431,2348.6531433568503
880.1,0.00048497436,3205.240131823729
880.2,0.0056610103,1176.0049983124538
880.3,0.00045527008,3243.9587945336643
880.4,0.0004071882,3295.9158121215387
880.5,0.015339672,2566.655672120327
880.6,0.018116223,2070.1529428220624
880.7,0.008596199,1977.6271982538076
880.8,0.0016373983,2324.007953366106
880.9,0.002333341,3342.8091150493415
881.0,0.023763284,6279.608472493939
881.1,0.00299635,4558.491053716003
881.2,0.0031017708,2976.050396034748
881.3,0.0020652872,2994.500600904622
881.4,0.0013077192,2237.727001415694
881.5,0.00092094985,2250.69739118423
881.6,0.010794795,505.0140194718758
881.7,0.0011074535,2443.3898417678784
881.8,0.0018072526,1602.1916031550504
881.9,0.0014251561,2536.03193655421
882.0,0.00095856714,2314.598445499007
882.1,0.00045270045,3034.564305437943
882.2,0.00048171397,3037.1263794349834
882.3,0.00043427336,3044.753450985783
882.4,0.0033797685,1653.3037109850661
882.5,0.009282759,7048.250201416132
882.6,0.00522085,4634.199669625257
882.7,0.029659191,1999.9215119120736
882.8,0.00897741,3246.3575045161333
882.9,0.0036826099,3242.382180248695
883.0,0.00042802378,3831.3339955315223
883.1,0.0034259283,3361.59303611778
883.2,0.003686716,2899.5668819125895
883.3,0.007657103,1626.0217874951848
883.4,0.00096196134,2234.9524293090044
883.5,0.0006436035,2665.5124234585883
883.6,0.007447275,867.7178779623418
883.7,0.00056497037,2771.8475023449487
883.8,0.00043845747,2846.7335086421504
883.9,0.0003863723,2823.5168783251506
884.0,0.00049372355,3020.519635083205
884.1,0.00038887255,2868.8780294798307
884.2,0.009899598,720.7676782608942
884.3,0.0011061135,2847.888197922543
884.4,0.00048157154,2870.436238175383
884.5,0.008240592,974.6362795154862
884.6,0.00038448695,3428.3622988245324
884.7,0.00040532846,3076.2393848086767
884.8,0.00033468741,3138.6971708821625
884.9,0.0003185995,3295.9397304242275
885.0,0.00033681528,3532.920805961162
885.1,0.0050647478,1013.7338638846139
885.2,0.0014283769,2033.7568180109195
885.3,0.00045585155,2916.9320838515778
885.4,0.0092651695,742.9089110244518
885.5,0.00059945666,2668.247359666961
885.6,0.00055547897,2696.6787682879312
885.7,0.0005824472,2639.701303631733
885.8,0.004433947,1157.8471798489497
885.9,0.002622801,1399.7674555764142
886.0,0.00076050486,2399.4981739026516
886.1,0.023467414,310.39707036057916
886.2,0.0006644686,2580.9049013790627
886.3,0.00045572929,2841.8440168811967
886.4,0.00037575225,3084.0643044106164
886.5,0.00032977984,3380.909611575684
886.6,0.008156636,613.3346887819582
886.7,0.00043714975,3112.519515501802
886.8,0.00040429147,2963.1411281311316
886.9,0.0020435413,2151.0658569292427
887.0,0.00073170534,3012.838533959154
887.1,0.00044246222,2900.3918337552664
887.2,0.00029928106,3554.9677541974056
887.3,0.0045218198,1022.5747547249855
887.4,0.0028435797,1667.2199280397347
887.5,0.0005939848,2867.577817363407
887.6,0.025742985,412.07928884614375
887.7,0.00047814057,3129.1044469639237
887.8,0.0003124948,3368.855064586906
887.9,0.00038717774,3189.86930806148
888.0,0.0010816979,2491.1332084571864
888.1,0.00041010184,3295.9383361507853
888.2,0.0035786715,1170.7407863133892
888.3,0.00048435474,3249.8310700821667
888.4,0.00068509724,3093.1664177078806
888.5,0.00042127923,3182.0347542343998
888.6,0.00055352657,3569.476726961331
888.7,0.00036043188,3060.1526322517566
888.8,0.022448894,383.87072751692494
888.9,0.0007503571,2956.4926192154467
889.0,0.00068385096,2720.798077582569
889.1,0.0004104818,3252.8869800582315
889.2,0.00052983256,2686.7366164531504
889.3,0.0030500402,1634.6079879029182
889.4,0.0031985976,1267.3643369185284
889.5,0.0008538592,2426.066526086282
889.6,0.014093285,699.9942962132661
889.7,0.00077552936,2297.662562426953
889.8,0.0006703522,2449.187331156844
889.9,0.00075178704,2588.4713048876793
890.0,0.0016059558,2160.772958247176
890.1,0.009939134,751.6823373301413
890.2,0.0006051301,2610.357038768909
890.3,0.026163582,258.61053523889876
890.4,0.0006697286,2435.9816034163227
890.5,0.00046524568,2866.1558768337745
890.6,0.00040817363,3060.4953943846494
890.7,0.00046855898,2858.178144583061
890.8,0.0060240054,1139.7226534498616
890.9,0.0010340506,2077.065119522763
891.0,0.00048604832,3134.335963774402
891.1,0.0036315585,1104.9196272736604
891.2,0.00050767284,3058.7525678232028
891.3,0.00045747912,2883.407187781191
891.4,0.00034042992,3265.1754618249774
891.5,0.00035864973,3266.4238260446327
891.6,0.009012546,709.0140069710444
891.7,0.0007348014,2376.7574522265013
891.8,0.00041063005,3287.5680081168284
891.9,0.002753879,1867.0703985778116
892.0,0.0011478146,2390.688801391342
892.1,0.0003750832,3339.613445045119
892.2,0.00032165527,3256.872273220938
892.3,0.00038461547,3047.6075301752153
892.4,0.006107266,1116.0644740846608
892.5,0.0012673194,2206.4205554666787
892.6,0.00060743623,2662.1861986733657
892.7,0.0042358055,1194.6716563612868
892.8,0.00047088924,3021.1266369207738
892.9,0.00041486125,3297.634377700874
893.0,0.00040588016,3220.140898837768
893.1,0.0004465151,3188.878111624572
893.2,0.003482279,1459.497425608331
893.3,0.0029013245,1890.1447387694286
893.4,0.0005080983,2951.4899743832934
893.5,0.01679235,687.4319150636164
893.6,0.0004938486,3013.715090215135
893.7,0.0006022655,2958.3682070452987
893.8,0.00048029452,2925.0205854062033
893.9,0.00042282115,3004.317566812846
894.0,0.0016491623,2560.451273474152
894.1,0.007853059,1409.314435155876
894.2,0.0009181507,2268.861623479198
894.3,0.022986786,329.71375544302714
894.4,0.00074258243,2639.21306242868
894.5,0.0005215213,2849.2978703159333
894.6,0.00048663796,2976.972805636421
894.7,0.00047838938,3090.606261832013
894.8,0.0005007966,2991.0803461279365
894.9,0.01007449,671.896896633201
895.0,0.0009685148,2909.927900232602
895.1,0.00071209366,2774.6018964582445
895.2,0.003129104,1589.4934305016623
895.3,0.0009914413,2445.972374074066
895.4,0.000527772,3064.7293136827257
895.5,0.00036014104,3336.0201929000177
895.6,0.00034174987,3370.334082897456
895.7,0.0032237787,1484.7782588199398
895.8,0.003018723,1496.7976443138134
895.9,0.0011148519,2525.592280077783
896.0,0.021609828,539.7325709467068
896.1,0.001082229,2719.1426930893917
896.2,0.0007861988,2785.533349748724
896.3,0.0005626387,3275.7613437196032
896.4,0.00038214758,3324.4793987436015
896.5,0.00055691664,3376.607942545783
896.6,0.012423418,578.1496387877776
896.7,0.0008053983,2746.862130681089
896.8,0.017969884,1038.277063443331
896.9,0.00057605735,3308.1705544877377
897.0,0.0007421327,3418.006917565126
897.1,0.00060380873,2806.8807631150657
897.2,0.00041465217,3125.3977989999753
897.3,0.000495891,3047.973104532397
897.4,0.014674302,458.9741043575555
897.5,0.00089839,2397.2073367771627
897.6,0.0011522832,2633.2074996136016
897.7,0.0034825807,2139.520940128407
897.8,0.000628047,2508.139240972294
897.9,0.00061667425,2475.223112123248
898.0,0.0006454179,2613.2588079143798
898.1,0.0005390149,3434.1853580151046
898.2,0.016342312,479.92525883001287
898.3,0.0007449667,2321.6454438987425
898.4,0.0006821518,2522.752377335998
898.5,0.0035051072,1865.2709376450593
898.6,0.0006349052,2811.7879359920476
898.7,0.0006143092,2768.199503465399
898.8,0.00055810675,2895.126341452892
898.9,0.0005148936,3175.3970610755737
899.0,0.012336533,612.8635674869639
899.1,0.00087854493,2362.3769840272685
899.2,0.00050245953,3314.012596590602
899.3,0.0032815,1991.6141731165803
899.4,0.00046713257,3699.251953410203
899.5,0.00039124215,3244.333757631266
899.6,0.00035400505,3471.997269038595
899.7,0.00043368692,3134.3892412542364
899.8,0.0071577774,921.1002755414181
899.9,0.0013203754,1768.7805657881563
900.0,0.00043178388,3155.712814336924
900.1,0.014546825,596.3756646903919
900.2,0.0013316529,2146.3773879513788
900.3,0.000624289,2551.646079719064
900.4,0.00042279615,2793.5897459944467
900.5,0.00035961962,3168.148795114168
900.6,0.001259894,2618.0175622368183
900.7,0.010487868,561.9916765554497
900.8,0.00076683616,2552.636179688091
900.9,0.0048086722,1612.9860964039826
901.0,0.0010111077,2361.7853376488515
901.1,0.0008860628,2512.0393315743377
901.2,0.00039821267,3176.7232366504168
901.3,0.0003528122,3204.392532489762
901.4,0.00040732828,2902.850266715979
901.5,0.004669917,1456.0902888702508
901.6,0.0021613552,1922.4407513653164
901.7,0.0009950575,2087.6888618648964
901.8,0.027456652,373.9016753392576
901.9,0.0007575551,2383.6770325198763
902.0,0.00069789204,2456.7045861158854
902.1,0.0005316602,2624.889740969337
902.2,0.00062344485,2561.5238919783046
902.3,0.0007510438,2400.9504366841875
902.4,0.008191169,779.8275217772226
902.5,0.00066398666,2837.505805406264
902.6,0.00039575243,3292.1902104467536
902.7,0.00497627,1232.365793760434
902.8,0.00042430407,3107.9173839659384
902.9,0.0003745766,3607.5017222853535
903.0,0.00041195855,3384.4940613323
903.1,0.00075353513,2904.329841415369
903.2,0.00040102852,2934.983441392152
903.3,0.011019498,540.7730388787994
903.4,0.00044431275,2767.9293273142666
903.5,0.00063251413,2630.069370151066
903.6,0.002625389,1638.06383539217
903.7,0.0003974746,3052.9579247575207
903.8,0.00044676024,2867.4287704176463
903.9,0.00031398024,3076.583069317136
904.0,0.0003195659,3305.329343828756
904.1,0.00032646203,3175.262441770411
904.2,0.006627973,745.8204812371155
904.3,0.0011524805,2095.0392311330097
904.4,0.00048403314,3191.485341628816
904.5,0.0066503244,972.8762883943855
904.6,0.0005045271,2720.0435675528242
904.7,0.00032562768,3206.9224107637015
904.8,0.00032695913,3230.9643167978547
904.9,0.004588636,952.0318158995166
905.0,0.008607112,2850.4135655968885
905.1,0.022815114,2237.6554140596136
905.2,0.0248008,1074.2461578430625
905.3,0.005893378,6487.5107812191
905.4,0.006256064,2957.947420779221
905.5,0.008571702,1988.282392575837
905.6,0.0072395527,2288.2926449224065
905.7,0.01637354,1216.880640572315
905.8,0.0015094056,3084.9552273847266
905.9,0.01284963,1657.7923982457119
906.0,0.001957299,2233.54071428064
906.1,0.00085467566,2343.861626578623
906.2,0.00046331875,3121.380234752668
906.3,0.00031977022,3372.822126371396
906.4,0.0054880623,1004.1564636301117
906.5,0.0016253764,2200.958776555326
906.6,0.0006709945,2480.356952965865
906.7,0.0141292,670.9124824419916
906.8,0.00054991525,2834.3837305495254
906.9,0.0004354958,3035.506355412721
907.0,0.00045819854,3315.846617570348
907.1,0.0004276954,2946.8079403761312
907.2,0.003230114,1288.6585045399586
907.3,0.0016002451,2087.953442128448
907.4,0.0006309316,2904.7252724630143
907.5,0.003936494,1151.856310420645
907.6,0.00049208035,2946.41839954799
907.7,0.0006514107,2746.2677799790918
907.8,0.00036133747,3388.86931460851
907.9,0.0033982806,6028.389093919349
908.0,0.007331159,2033.5493650290591
908.1,0.0033312442,1827.7689662370299
908.2,0.028164411,1034.588498393977
908.3,0.02157138,1355.1378988917404
908.4,0.01515993,1396.1216997718589
908.5,0.01591147,1474.534108639617
908.6,0.010690103,2110.038606954606
908.7,0.011172838,1860.227310360213
908.8,0.0037884447,2033.5792329191388
908.9,0.0023861465,1837.5571124215035
909.0,0.0022110082,1859.805375498937
909.1,0.00061004463,2475.82031418412
909.2,0.00057728705,3112.0479656003354
909.3,0.00045082235,3120.8465096978584
909.4,0.00038159685,3193.5038906387645
909.5,0.010533249,485.0565116822721
909.6,0.0005835628,2815.652350798784
909.7,0.0068509784,1981.0838404020774
909.8,0.0010847063,2178.1253673734827
909.9,0.00086728623,2906.3901587890996
910.0,0.00041265413,2907.8312728206183
910.1,0.0003836215,3097.550351127282
910.2,0.00038095727,3304.0737565715926
910.3,0.011817179,567.2403980332278
910.4,0.0011533385,2409.4925637366005
910.5,0.0027598243,2490.0664939075323
910.6,0.016698346,1613.2897669688982
910.7,0.0130430935,2284.5263937366267
910.8,0.0074699973,7332.824272444256
910.9,0.003947421,5475.247926455113
911.0,0.037563425,1959.2637569681174
911.1,0.028750693,1217.5989683799764
911.2,0.019371133,1371.9704314758324
911.3,0.0073432787,3228.8953369951014
911.4,0.015379444,1312.2381829906737
911.5,0.009197777,2422.00412809979
911.6,0.0005949489,3778.9342452891415
911.7,0.02061312,1828.0643227677035
911.8,0.024679502,1396.2703154874996
911.9,0.003881729,1719.4662238828096
912.0,0.0068491506,3906.1015005007343
912.1,0.010245562,2341.0306707857344
912.2,0.024337037,2208.6198068399367
912.3,0.0013883569,3559.1028821423934
912.4,0.0034024692,2579.8493352732708
912.5,0.005587733,2998.8387174244504
912.6,0.0032679855,2613.6688100104775
912.7,0.010418543,1964.5113919619923
912.8,0.013675062,1629.5373764854537
912.9,0.003962818,2609.2544746807453
913.0,0.006048667,2799.0844065511583
913.1,0.011155619,1879.3767726591022
913.2,0.0048799445,4529.464126656074
913.3,0.013672454,1963.225141835313
913.4,0.00608072,2467.54640816303
913.5,0.0034570599,2661.630267301252
913.6,0.0043577217,1849.5763555788822
913.7,0.0017172219,2135.752554421766
913.8,0.0010146855,2518.6250696799925
913.9,0.0077571524,970.5293113460841
914.0,0.0010615855,2612.636371998214
914.1,0.00047378652,3295.612976685139
914.2,0.00057115534,2963.1347212496316
914.3,0.00043189607,3084.679176009692
914.4,0.0022285911,2263.9501937491523
914.5,0.006925237,1422.4912969161962
914.6,0.0007978789,2573.3570831294155
914.7,0.022722892,295.25293412521864
914.8,0.00058352464,2809.23722232475
914.9,0.0005200125,3025.9621679593356
915.0,0.0005003634,3320.5506869322758
915.1,0.00039698847,3424.7804169074852
915.2,0.00086464704,3376.452405445734
915.3,0.012895988,678.0775874730095
915.4,0.0010042195,2645.5444262833757
915.5,0.024848662,690.7077716755919
915.6,0.0010318148,2724.9965571302773
915.7,0.0005315441,2969.652927923943
915.8,0.00037933254,3555.8673730851574
915.9,0.000525244,3092.656077486705
916.0,0.0005355735,3012.7161243671176
916.1,0.013288245,613.9809507250476
916.2,0.00058474776,2822.6135329237563
916.3,0.009681003,1440.7436762243915
916.4,0.00085831067,2628.3750904729677
916.5,0.00052976445,2660.0502698604682
916.6,0.0006954636,2228.6709190641823
916.7,0.0005570863,2860.619571715323
916.8,0.0005027683,2955.8325998139235
916.9,0.012195147,480.42412821544093
917.0,0.00084478594,2704.7188124417016
917.1,0.00070478435,2899.455851887841
917.2,0.0014248918,2585.701798361341
917.3,0.0006043433,2932.9123813433835
917.4,0.00035628967,3389.825159994887
917.5,0.0003516001,3287.5849901573856
917.6,0.0004335092,3271.32442528016
917.7,0.009522105,700.4967844466563
917.8,0.0011134105,2462.7091001388126
917.9,0.00041784288,3189.4931802127862
918.0,0.0047485516,1348.4949389168835
918.1,0.0008746508,2703.281384488563
918.2,0.0005464355,2966.543047638331
918.3,0.0004555729,3267.2973593166807
918.4,0.0004242826,3007.8933645502993
918.5,0.0035134421,1615.8348366597647
918.6,0.003957145,1283.1940898663029
918.7,0.0007421737,2766.881906192176
918.8,0.02455642,335.4550832728205
918.9,0.00094765663,2173.301594304777
919.0,0.0007427489,2697.9537833180507
919.1,0.0003714238,3181.99940901852
919.2,0.00034700733,3195.2225360426078
919.3,0.0003968341,3456.0241115144036
919.4,0.0076611387,741.4462263229441
919.5,0.00089659245,2227.4402163942054
919.6,0.00092070794,2167.2254761123063
919.7,0.01027668,674.1039155904668
919.8,0.0006268517,2586.556890954657
919.9,0.00060889265,2445.742916007312
920.0,0.00055186515,2674.867490022807
920.1,0.00055768277,2984.589957492976
920.2,0.0009871256,2088.506226205001
920.3,0.00815268,758.2187798743931
920.4,0.0007815168,2507.312013715238
920.5,0.0006008733,2861.1369619710886
920.6,0.0023492142,2045.9038486654572
920.7,0.00057038665,3045.8718556288145
920.8,0.00051412126,3004.457861109174
920.9,0.0005182171,2712.2517957908526
921.0,0.0009882736,2076.115103865569
921.1,0.00051899656,3048.9889931235666
921.2,0.010598969,613.1290407050799
921.3,0.00082466117,2799.837256721747
921.4,0.0006563655,2597.5137545601865
921.5,0.001199979,2697.6782491043055
921.6,0.00048471213,2832.5110802536965
921.7,0.0004726033,3306.651159078555
921.8,0.0004016503,3250.0778524942616
921.9,0.00044846613,3227.9252611275406
922.0,0.0005369169,3128.0858209577127
922.1,0.011884016,593.6483431818959
922.2,0.00066498196,2742.860532176771
922.3,0.00052187766,3170.4620282407545
922.4,0.0020416589,1965.0731099091415
922.5,0.00067667343,2945.187980256601
922.6,0.00040030776,3269.3894757629
922.7,0.00037633692,3326.29808087193
922.8,0.0051022503,1194.6258723135543
922.9,0.0011257951,2457.3199526017493
923.0,0.00035661625,3254.9752304134836
923.1,0.01398143,597.7445596375904
923.2,0.00052689,3273.4924018285697
923.3,0.00037277996,3267.550426335187
923.4,0.00035379818,3413.6854590627418
923.5,0.0014759949,2771.9818847715874
923.6,0.0050966744,1362.6822837254822
923.7,0.00042496604,3077.765454685876
923.8,0.023088098,622.5605139682561
923.9,0.0009796749,2392.334876415481
924.0,0.00063893676,2602.4603553867532
924.1,0.0006346034,2456.7255252348154
924.2,0.00055786024,2522.086779999473
924.3,0.006009127,940.7764472598956
924.4,0.0007568162,2506.182278613471
924.5,0.0006991477,2537.28339933707
924.6,0.0045359638,1619.811137252338
924.7,0.0005007522,3409.8367370821625
924.8,0.00052140193,2828.32791042147
924.9,0.000444896,2893.2104682707027
925.0,0.007126393,844.5336165760689
925.1,0.00079847337,2610.926179940303
925.2,0.00048131731,3159.411157136919
925.3,0.003131386,1674.0415711797582
925.4,0.000515067,3320.053067261669
925.5,0.0006914672,2782.8454657114858
925.6,0.0004907781,3407.8361348950584
925.7,0.0014832353,2716.9752399124454
925.8,0.0004115584,3358.6124500651467
925.9,0.0239874,315.21368537066667
926.0,0.0009761121,2559.329551471674
926.1,0.0006619595,3350.3306193086587
926.2,0.00061201816,3014.869364225634
926.3,0.00048177195,3284.9668881049065
926.4,0.0030067037,1631.4837184857547
926.5,0.0017558142,2193.6913009802593
926.6,0.00073596,3121.5342327642147
926.7,0.0069009895,1215.4646865731418
926.8,0.00067270524,2883.5400101205414
926.9,0.000670765,2893.56342496443
927.0,0.0005168088,3383.1969190548907
927.1,0.0026479159,1991.0736755065668
927.2,0.0051244134,1466.2574502072457
927.3,0.0007238407,3079.761868655127
927.4,0.02681751,292.61678315831665
927.5,0.00067045324,2685.8501520456357
927.6,0.00047528732,2901.773850775853
927.7,0.00041900572,3274.9934257060454
927.8,0.0004058754,3286.3185913752177
927.9,0.007621833,764.1184768989092
928.0,0.0008644516,2333.2684554004313
928.1,0.000517694,2964.046667999456
928.2,0.0029615364,1566.9545403076895
928.3,0.0005422402,2788.895384459956
928.4,0.00045793928,3125.1465374334334
928.5,0.00035976138,3086.5058398194124
928.6,0.0003262643,3309.544051413518
928.7,0.0105013875,529.2243366715746
928.8,0.0006342804,2410.917889934388
928.9,0.002890459,2510.717980249044
929.0,0.0012693512,1739.0133522391682
929.1,0.000880054,2682.995241283744
929.2,0.00044339438,2716.3010179514145
929.3,0.00034917772,2883.596651299941
929.4,0.00043154616,3074.554175615918
929.5,0.010665259,650.4330702264416
929.6,0.0028672165,1975.0453408650656
929.7,0.015035611,1902.3936841490486
929.8,0.0042372704,2181.107247680908
929.9,0.006845839,8213.416343224426
930.0,0.032381684,1058.4970538807763
930.1,0.037269857,1751.3512759208534
930.2,0.01581757,1750.5125942343439
930.3,0.009546141,2027.7953314758706
930.4,0.006036468,8113.769595442769
930.5,0.011500686,2652.1414769963494
930.6,0.008921088,3133.239650923965
930.7,0.0039594066,2956.5739281537376
930.8,0.0014397998,2629.029279144551
930.9,0.0007363232,2598.236776472079
931.0,0.00039664493,3061.8837405088548
931.1,0.0031628574,1506.2570077798187
931.2,0.0030094509,1123.346623935359
931.3,0.00071920076,2783.5690825220618
931.4,0.02389134,265.79301656768195
931.5,0.00043720796,3127.336588686095
931.6,0.00046643175,2889.33488456631
931.7,0.00040565061,3095.8161244480034
931.8,0.000341104,3200.293128193295
931.9,0.0003404043,3470.0054508640924
932.0,0.01076264,539.3811855005422
932.1,0.0007127938,2619.2833720253034
932.2,0.0019552486,2474.2371275437954
932.3,0.001891522,2682.691251955657
932.4,0.0009549538,2698.9160580417906
932.5,0.0019676592,1884.4704450893037
932.6,0.040748663,2023.0254000685563
932.7,0.06392572,797.1944873212516
932.8,0.017162764,1625.5402627435951
932.9,0.014564517,1995.237732036021
933.0,0.0010254866,2981.226958527089
933.1,0.011044967,2036.066569991954
933.2,0.004209802,1489.9721154002427
933.3,0.007462841,2517.0472468644666
933.4,0.0089030685,2002.3308093547907
933.5,0.0012067453,2485.444821751253
933.6,0.0014833199,2565.534511936886
933.7,0.007930537,1162.5643426523861
933.8,0.000779802,2496.515517027245
933.9,0.022232648,326.41334881447506
934.0,0.0006604603,2577.71784746867
934.1,0.00058205554,2728.260988351082
934.2,0.000698544,2699.7727915187475
934.3,0.00042386763,2866.8586122569
934.4,0.00065577147,3019.2993867720625
934.5,0.01339727,465.65162152016364
934.6,0.00084274955,2333.18013353803
934.7,0.014742117,1249.514468205232
934.8,0.0011868908,2373.2015483560263
934.9,0.003595203,1695.4112898176863
935.0,0.04718832,1653.4236934723108
935.1,0.0075165457,1026.300070594799
935.2,0.0040412173,2319.661527776248
935.3,0.01613451,1053.7146206209532
935.4,0.0036093146,2173.4786303404962
935.5,0.0042555197,2266.623664219262
935.6,0.00092345057,3339.934087762473
935.7,0.012263302,2452.5656927651003
935.8,0.03422855,754.1363436537712
935.9,0.021064136,1447.3835645592774
936.0,0.013875614,1733.9942829019524
936.1,0.01367335,2034.797801577542
936.2,0.0075498573,8739.618058498723
936.3,0.026700158,2039.9737012055691
936.4,0.015298917,1809.1377224934527
936.5,0.0004916768,3437.140806513451
936.6,0.010165675,2669.135866680067
936.7,0.007525564,2837.581993539772
936.8,0.008042595,2965.6735376737847
936.9,0.008352707,1478.5647322367508
937.0,0.0012215858,2262.7827041917794
937.1,0.00046958905,3157.92891286658
937.2,0.006899374,1095.6754942075474
937.3,0.00089529867,2643.5346852558414
937.4,0.00062903314,2936.552550124991
937.5,0.0005126897,2862.8471946188793
937.6,0.00044120543,2938.0171417444003
937.7,0.002778927,1889.6687597520308
937.8,0.007060278,1252.9604311130163
937.9,0.0007707263,2692.792915276672
938.0,0.022336233,542.6088552164321
938.1,0.001020117,2312.8872993541936
938.2,0.0051582744,4819.906473606624
938.3,0.0064343195,2515.130816231788
938.4,0.038876157,1651.294438085817
938.5,0.013270711,1504.7260462449158
938.6,0.009102029,1299.7416153519875
938.7,0.002043935,1805.1374498983726
938.8,0.001194541,2170.26826794682
938.9,0.0153539,770.6673992305527
939.0,0.0005524802,3154.8952138994387
939.1,0.0005312698,3064.967294699559
939.2,0.037590772,2046.9500994852049
939.3,0.00878705,2657.3390335052254
939.4,0.006252251,2682.615654728829
939.5,0.0142332725,2022.9480714746496
939.6,0.011705927,8932.729859223162
939.7,0.025281984,2125.6986185468027
939.8,0.045355123,560.1940938019518
939.9,0.008126271,2399.1393659107325
940.0,0.026619002,942.8192395598621
940.1,0.037396904,1810.1161191495778
940.2,0.006366784,2874.9399544568005
940.3,0.0027506116,2834.87070947598
940.4,0.010609896,602.7972949888716
940.5,0.0005828161,3122.2252377716395
940.6,0.0005751812,2848.6421921453816
940.7,0.0012767795,2284.5981561380027
940.8,0.00043140107,3209.8282934932663
940.9,0.00035169936,3253.9350509417236
941.0,0.0003378633,3365.6976916046206
941.1,0.0002918458,3334.406949209764
941.2,0.00040414694,3257.1506443166086
941.3,0.011421708,581.511384477615
941.4,0.00077963615,2481.8614649714555
941.5,0.0005236099,2900.257515542459
941.6,0.0025265252,1707.402385867068
941.7,0.00060833676,2832.0362519297505
941.8,0.0003859875,3127.451303305406
941.9,0.00034798542,3103.877547822823
942.0,0.0049311523,1044.0718479887767
942.1,0.0011588245,2009.7358987607704
942.2,0.00034797672,2963.3166803713702
942.3,0.02177315,447.8854671566139
942.4,0.00051531027,2786.950137217877
942.5,0.00032688215,2976.1090095887903
942.6,0.00034841918,3179.3885154128075
942.7,0.0012327175,2894.8774775599754
942.8,0.007067994,870.8642636767325
942.9,0.00030575242,3288.5154832222797
943.0,0.019934822,964.09329978188
943.1,0.00081367546,2567.4920909443845
943.2,0.00038455366,3280.7297799341673
943.3,0.00036837268,2959.599699158226
943.4,0.00035409606,2952.3010299318566
943.5,0.0062868297,853.1679300213118
943.6,0.0007358633,2630.9363231356797
943.7,0.0004321858,3100.2798486311517
943.8,0.0055183927,961.7846506548041
943.9,0.0004790522,2712.7349930920504
944.0,0.00035784554,2721.255436376156
944.1,0.00034353606,2946.507067911334
944.2,0.0038129927,1410.3954741738162
944.3,0.0010591666,1935.2991579884822
944.4,0.00050939474,2490.579164852506
944.5,0.0057185963,994.2164172930445
944.6,0.00040371812,3005.840172394801
944.7,0.00041910744,2962.9098469614264
944.8,0.0003587937,2932.24007142682
944.9,0.0003319738,2958.6992841074593
945.0,0.0027968802,1499.665050225408
945.1,0.002432074,1177.317443200166
945.2,0.000573839,2635.5830627767837
945.3,0.018837297,287.8311791791111
945.4,0.0003985332,2847.1833661304645
945.5,0.0004214787,2594.1830113865135
945.6,0.00033425313,2842.9326220560583
945.7,0.0003398952,3232.8522922680822
945.8,0.00033110424,3009.6891668721337
945.9,0.007575234,634.3274149229833
946.0,0.0004868817,2802.5273583976787
946.1,0.0016932146,2508.9921655889657
946.2,0.0012010825,2419.387976191243
946.3,0.00056419184,2519.667809236029
946.4,0.00040740243,2929.4395778785965
946.5,0.00030239872,2948.3535757059126
946.6,0.00033180806,3136.7642694983138
946.7,0.0023833136,1637.3470823505222
946.8,0.0011360509,2194.9553328856896
946.9,0.0006787139,2703.32598784918
947.0,0.0044843215,1105.6125398071358
947.1,0.0006212713,2432.40933587822
947.2,0.00031159967,3193.3686551631863
947.3,0.00036515086,2870.3320949917447
947.4,0.00030812307,3142.9053738408847
947.5,0.0008859464,2584.0858680980373
947.6,0.0035436472,1714.8672952508211
947.7,0.00042484782,2616.203466271004
947.8,0.0103777945,447.4890074617265
947.9,0.00033558582,2893.711068323839
948.0,0.0004014664,2646.7211779286367
948.1,0.00033665993,3058.752683129997
948.2,0.0002931424,2897.6896411178905
948.3,0.00038165686,3543.123359940341
948.4,0.005232969,913.5031583825611
948.5,0.0004670843,2670.633608038366
948.6,0.007647745,1522.6482257000312
948.7,0.00043385045,2673.026339768684
948.8,0.0011141284,3199.0698893180215
948.9,0.0009787357,2737.7904406444627
949.0,0.00042347712,2979.048977692427
949.1,0.00034650715,3438.6603826622104
949.2,0.0046152407,1304.4507092516064
949.3,0.0012410529,2602.716742083089
949.4,0.0025299562,2652.0224910780976
949.5,0.0004970079,3380.8011150067528
949.6,0.0003192755,3411.3271513611235
949.7,0.00037335584,3410.367319192589
949.8,0.00033130727,3225.0889573348445
949.9,0.053951927,2003.2708938954665
950.0,0.016621804,1921.9044789558368
950.1,0.0032441688,5462.614972896195
950.2,0.07865198,1965.0914975502074
950.3,0.002505763,3119.091056646201
950.4,0.0003614133,3158.0778390169435
950.5,0.00039369054,3277.164227773164
950.6,0.00044795574,3317.6057414352763
950.7,0.048646353,2141.986285435089
950.8,0.024021031,2067.0871415911597
950.9,0.015061611,2229.759008186251
951.0,0.010229363,2161.9681260215393
951.1,0.004546253,2296.455598255905
951.2,0.003269236,1969.234057368479
951.3,0.0015053015,2178.686628055232
951.4,0.0005294852,2990.1026587316333
951.5,0.0003379428,3383.6413788977957
951.6,0.00043362568,3100.378869534448
951.7,0.000654813,3158.886233427777
951.8,0.00032751262,3430.9561346853075
951.9,0.0014624776,2379.7846155451107
952.0,0.0003225806,3217.7024912660954
952.1,0.00034110912,3211.8635762941385
952.2,0.013825817,3156.291573933822
952.3,0.011618956,3006.9300511700153
952.4,0.02252216,2406.7010685390846
952.5,0.007942349,3320.054696998648
952.6,0.0036483174,2599.256653928912
952.7,0.0006211289,2666.8602770345974
952.8,0.0002994409,3567.9677522913694
952.9,0.00031053126,3496.2337628284745
953.0,0.00033676188,3489.6515489586172
953.1,0.00042248427,3256.5200308408193
953.2,0.0003512957,3284.3679134901936
953.3,0.00039572953,3136.149779008385
953.4,0.00044289947,2963.739718976932
953.5,0.000405529,3147.3141081016815
953.6,0.00040205912,3036.5754387428747
953.7,0.00035598394,3113.0192578926512
953.8,0.00034218282,3376.9447701003182
953.9,0.0003010226,3381.3110683717377
954.0,0.00031702305,3128.046488765793
954.1,0.00030918478,3448.710181471519
954.2,0.0003054699,3454.464187531338
954.3,0.00032113274,3630.224412717946
954.4,0.00034268465,3254.6932650479735
954.5,0.0003137099,3447.4194274555157
954.6,0.0003193252,3463.744601763768
954.7,0.0003252502,3352.733445564028
954.8,0.0069173095,2621.44176275289
954.9,0.0035065052,3124.557207150731
955.0,0.013387096,1238.0166670534952
955.1,0.001394453,3242.929646532229
955.2,0.0006511108,3231.9885677262046
955.3,0.00030194063,3413.3348576871367
955.4,0.00027645848,3565.302419085073
955.5,0.0031001659,3278.1222817900957
955.6,0.005406103,3155.2609567578093
955.7,0.002034463,3166.774476319056
955.8,0.00091430754,2594.4336314390807
955.9,0.00046083677,2896.5584424795543
956.0,0.00036273,3357.3737369716864
956.1,0.00032073437,3205.6048032283534
956.2,0.00031402966,3588.6339265270017
956.3,0.00031918817,3344.9821294266317
956.4,0.0003155998,3548.7490067835374
956.5,0.0003043047,3626.4831956748494
956.6,0.00032835198,3301.084200296205
956.7,0.00036012,3107.2391962640195
956.8,0.00035718523,3511.1652972862676
956.9,0.012686221,2423.0923745774667
957.0,0.008929027,1968.868804862827
957.1,0.00040030573,3285.892390830173
957.2,0.032729506,1659.9761762986661
957.3,0.026502956,1438.7228115980402
957.4,0.025388421,1866.8277138772658
957.5,0.015457431,2046.4630679311351
957.6,0.0022701912,3377.141832687286
957.7,0.0009069679,3203.021998418828
957.8,0.00068391906,2733.2587183678925
957.9,0.00032352976,3165.438053928841
958.0,0.00029635598,3289.5844203971537
958.1,0.00027591462,3409.0063033446368
958.2,0.00028473604,3753.22021852935
958.3,0.00032006815,3777.980889592788
958.4,0.03297444,2147.069899947387
958.5,0.017439434,2557.9581301909143
958.6,0.0009926878,6005.383853316261
958.7,0.041442852,1499.5714478668597
958.8,0.020860747,2752.019363774618
958.9,0.009313334,2664.26304681651
959.0,0.015589511,7996.793236168563
959.1,0.033783715,1554.284992326549
959.2,0.02374487,2226.3607973665685
959.3,0.04004792,1717.7825773999452
959.4,0.0003756003,3626.648179698872
959.5,0.016500149,2824.3605388334436
959.6,0.033260334,1311.5185595434948
959.7,0.0005027578,3437.241278866245
959.8,0.009649082,4447.9507233246295
959.9,0.011293241,7141.959717738955
960.0,0.010008608,2434.099395863027
960.1,0.003948169,1823.6171610119006
960.2,0.014679082,2008.522628443615
960.3,0.008416399,2932.7691715180654
960.4,0.007179027,3336.791201577912
960.5,0.0026116264,2945.441783766315
960.6,0.001026708,2422.1225334103883
960.7,0.00071971037,2674.247030587578
960.8,0.0004437836,3209.661600010652
960.9,0.00033075782,3334.909518112441
961.0,0.00034188334,3364.806475459846
961.1,0.00033908774,3231.054069221622
961.2,0.00028825647,3494.225631875535
961.3,0.00028795347,3595.546855899981
961.4,0.00030096082,3413.2620182140054
961.5,0.0002872363,3915.9433462430984
961.6,0.00029243281,3586.962176290119
961.7,0.00033678356,3433.9076858000126
961.8,0.00028841302,3521.491002159583
961.9,0.00026635855,3432.181376135745
962.0,0.0002774533,3592.896011542626
962.1,0.00034292258,3170.2708889763317
962.2,0.014580223,2242.4073781827756
962.3,0.047552932,1683.6186524753086
962.4,0.018568262,1258.0813688350142
962.5,0.012550921,2373.1180051241304
962.6,0.026571443,746.101201507082
962.7,0.010858719,1500.9280230434942
962.8,0.011021766,3171.443570491563
962.9,0.018207924,1058.6815322426107
963.0,0.021817338,1825.9274929565854
963.1,0.0032544506,2837.6826483459763
963.2,0.003388199,1401.2762683977649
963.3,0.004458138,2615.5983229544263
963.4,0.012909896,1715.6517373351392
963.5,0.009278108,2809.545148279785
963.6,0.0031735527,2443.3845658235614
963.7,0.0005534278,2861.4976170778846
963.8,0.0003168566,3300.0942917747807
963.9,0.00028564763,3581.481992956516
964.0,0.0003082009,3185.8248306115875
964.1,0.00034993995,3317.8865559982805
964.2,0.00035110948,3316.9568437566923
964.3,0.00036403423,3212.6603422973662
964.4,0.0003902831,3380.1955564333866
964.5,0.00032553065,3393.5232547305004
964.6,0.00032531077,3345.957452304162
964.7,0.00033837176,3369.9044545742245
964.8,0.008981096,9458.632342987734
964.9,0.052166004,1686.6765763746803
965.0,0.031443257,1926.6633867426897
965.1,0.009202129,2136.713853667377
965.2,0.0021201307,2725.842516145728
965.3,0.00031251018,3329.473117196121
965.4,0.00033966138,3333.370169267523
965.5,0.008166784,3429.3501044383997
965.6,0.0132028805,1605.8797323528147
965.7,0.0024996088,8854.578211335955
965.8,0.0058890907,7330.57089254942
965.9,0.003955011,3127.2482302920175
966.0,0.0013709518,3466.876142897053
966.1,0.0003156511,3500.677225552993
966.2,0.00031024776,3193.0823028361206
966.3,0.00032027316,3795.93154571488
966.4,0.02167688,1622.953603340838
966.5,0.00206562,2265.8212293403026
966.6,0.0006075784,2919.512211820016
966.7,0.00031405667,3915.7341574369366
966.8,0.00027500352,3768.920390454022
966.9,0.00031022565,3446.157109707166
967.0,0.00031985287,3530.339859259776
967.1,0.00033895072,3589.4001294476857
967.2,0.0004473523,3091.78609717335
967.3,0.00046375635,3419.39386402504
967.4,0.0045388,2859.299581677758
967.5,0.0078501515,4628.191959687056
967.6,0.012674243,4307.028197365639
967.7,0.012356814,7400.924925971369
967.8,0.0004891251,4272.641887201349
967.9,0.00862452,2673.184398209972
968.0,0.0026260677,3257.392039609542
968.1,0.0035582762,2816.186309697053
968.2,0.0004020278,3786.1365250783138
968.3,0.012095521,2176.979384643684
968.4,0.0043856637,2579.7926665845575
968.5,0.00225287,2557.237988279061
968.6,0.00043255268,3214.7549214718433
968.7,0.00037761775,3188.6030042650773
968.8,0.00042487629,3301.3049737420974
968.9,0.00038664715,3275.9800489777444
969.0,0.00041084757,3393.9904594127797
969.1,0.00047981285,3334.025676938406
969.2,0.00043877077,3211.889410543981
969.3,0.00044684924,3428.1158040173036
969.4,0.00039936628,3331.952187456389
969.5,0.00039114745,3388.9529344568014
969.6,0.0003775604,3509.470566151862
969.7,0.00041785324,3263.804556758818
969.8,0.00041072624,3259.353655851142
969.9,0.00041963332,3488.6720610623242
970.0,0.0003975968,3414.3199355209217
970.1,0.0004110314,3171.141092585685
970.2,0.00041616333,3337.369527714287
970.3,0.00037054784,3526.0674165099026
970.4,0.0004194486,3320.3538116118334
970.5,0.00036778793,3386.5262162612125
970.6,0.0003203835,3791.5015144269
970.7,0.00035666986,3694.8351605856774
970.8,0.00036622814,3111.016245228553
970.9,0.00033936117,3442.592858044553
971.0,0.00033301444,3690.225340976462
971.1,0.00036555796,3385.3628632227646
971.2,0.00036760364,3540.956625679398
971.3,0.0003418607,3567.725465999197
971.4,0.00036983387,3592.1450247667153
971.5,0.00038479973,3329.612978638772
971.6,0.00032681308,3596.684867388706
971.7,0.00034458228,3707.3030866511845
971.8,0.00034997438,3334.5143605986023
971.9,0.00033842234,3485.5304815049476
972.0,0.00035218158,3372.270622090553
972.1,0.0003438847,3298.1834025115304
972.2,0.0003249585,3424.4754936441323
972.3,0.00032733948,3477.564401952147
972.4,0.00033767094,3157.344805171386
972.5,0.00031211224,3684.5031838511204
972.6,0.0003496444,3043.3425033412464
972.7,0.00033935477,3122.1243616699603
972.8,0.0003477764,3462.3109948012684
972.9,0.00032810363,3436.330688597628
973.0,0.00033680175,3481.7548779339677
973.1,0.00034364135,3388.2780377030113
973.2,0.0003306403,3597.215628176411
973.3,0.006592324,2602.586143762959
973.4,0.057167716,1226.4671180705227
973.5,0.016583953,1417.1764905644764
973.6,0.020299029,2086.336278198419
973.7,0.027369343,789.9214966677749
973.8,0.011538454,1656.5494831658984
973.9,0.010793517,3249.3172570660613
974.0,0.004410211,1697.120505580082
974.1,0.014249679,2627.9816495491746
974.2,0.019499136,1791.1690340862037
974.3,0.0042541986,2653.362132816186
974.4,0.0013697922,2397.3890423936878
974.5,0.0003239207,3373.852973735764
974.6,0.00038871405,3259.1961169932165
974.7,0.0004882392,2674.3116794888474
974.8,0.00037351673,3174.5002343785873
974.9,0.000395021,3044.947779766316
975.0,0.00040027464,3266.394293882314
975.1,0.00038038281,3264.5402163824956
975.2,0.0003587629,3288.3449985900434
975.3,0.00030808107,3260.933421258525
975.4,0.0003572563,3200.4302125972804
975.5,0.0007790037,2727.171134444491
975.6,0.025597282,2328.3933167176983
975.7,0.030829037,1841.3792749878153
975.8,0.0057792505,1595.817065000295
975.9,0.011081936,1724.4239102292252
976.0,0.0004005745,3187.7455929874386
976.1,0.010947123,3078.7897099396473
976.2,0.011151299,2714.738062907957
976.3,0.008805751,4100.5678077565935
976.4,0.0051946314,3440.0137482637347
976.5,0.0063598645,3163.6664890018847
976.6,0.0010606614,2583.6836176034485
976.7,0.0003471413,3414.1799014753788
976.8,0.00034059415,3514.0455159581925
976.9,0.00032339516,3363.409496734546
977.0,0.00031950758,3474.669873435666
977.1,0.00031631807,3630.3726909117327
977.2,0.00033642084,3470.7934935859003
977.3,0.00034889174,3126.174047942116
977.4,0.0003729498,3538.3208582133766
977.5,0.00032640892,3478.3898843952607
977.6,0.00032129156,3313.474596676001
977.7,0.00034985173,3722.8162798577373
977.8,0.00035103157,3363.6472499023366
977.9,0.0004860294,3211.5786231187594
978.0,0.00032041778,3712.994967857842
978.1,0.0003805864,3362.7764095012226
978.2,0.00039729322,3162.6132145903284
978.3,0.00040742205,3299.755396134279
978.4,0.0003544422,3465.7751576535375
978.5,0.00037032738,3390.266678819422
978.6,0.0003510594,3220.2854136067126
978.7,0.0003216409,3501.076895919271
978.8,0.00033820857,3571.3849072370504
978.9,0.00033677506,3470.986171577113
979.0,0.00032203653,3506.6205623483975
979.1,0.0003384232,3284.563581579592
979.2,0.00055912806,3222.4623832604393
979.3,0.00032258074,3567.6442217618305
979.4,0.0003748657,3509.5262348905176
979.5,0.00038198463,3534.964894354889
979.6,0.00036457932,3225.613412475921
979.7,0.00032861708,3388.205913563893
979.8,0.0003386122,3543.769609062538
979.9,0.00034617897,3352.8405259480837
980.0,0.00035287158,3371.8057340205796
980.1,0.0004319309,3486.630863583697
980.2,0.00031850146,3436.153374523039
980.3,0.0003360509,3498.2413218099514
980.4,0.00035899534,3170.2941428007916
980.5,0.00036945887,3082.8884157306843
980.6,0.00044536407,3456.587661543045
980.7,0.015265123,2325.3091582893676
980.8,0.02007927,1612.8299254998258
980.9,0.0043717315,6186.011462012547
981.0,0.009212379,7403.3993887794795
981.1,0.020803155,2223.8439545282863
981.2,0.012840955,2543.4267550227755
981.3,0.012346951,7037.419249425879
981.4,0.00035345327,4120.560450594816
981.5,0.011666258,3202.5170157538323
981.6,0.0074890438,3105.003782398647
981.7,0.0013785793,2695.0340151385312
981.8,0.00047552524,3424.046946674566
981.9,0.0006040749,3141.9441447867757
982.0,0.0006360393,3010.5852431230724
982.1,0.000625563,2952.1885286282413
982.2,0.00043659596,3454.7312456236323
982.3,0.0004259548,3522.4516214499413
982.4,0.00043902348,3323.2215605801384
982.5,0.00039783109,3495.3905983041705
982.6,0.00039107658,3575.6005312767134
982.7,0.0059380247,3776.5659656816097
982.8,0.0037596954,2752.750978621417
982.9,0.0029129253,2958.2704402129075
983.0,0.0026673954,2702.6943176525224
983.1,0.003695792,8039.116667084189
983.2,0.004535581,9041.05756177675
983.3,0.0040784115,9357.662006907278
983.4,0.022929624,1961.0734591866735
983.5,0.01856116,2154.9355788524545
983.6,0.015027561,976.1581837121827
983.7,0.011053321,1933.6953218966214
983.8,0.010732471,1748.7875007401708
983.9,0.00039955808,3682.116808755389
984.0,0.0069030966,4301.198032870097
984.1,0.0056749736,1540.658128492548
984.2,0.011379104,2561.889950823893
984.3,0.006545931,3057.210752389344
984.4,0.0036198322,3108.795887998406
984.5,0.00056201883,3171.442229240787
984.6,0.00054613134,3092.36819538276
984.7,0.000325511,3208.8901510443848
984.8,0.00033697637,3742.374236111965
984.9,0.00031792646,3472.296924088831
985.0,0.0003000525,3587.658957100562
985.1,0.00031921628,3388.2732828996636
985.2,0.00027527704,3336.1856155924024
985.3,0.00029602798,3384.3433304064165
985.4,0.00032761117,3171.8150836152513
985.5,0.00030757367,3086.431029572091
985.6,0.00030761125,2983.5725142523806
985.7,0.00027139208,3147.6950205393287
985.8,0.00030903204,3223.95477664975
985.9,0.00033143396,3158.126921739643
986.0,0.00033681208,3023.608252405165
986.1,0.00033277215,3146.8951813387926
986.2,0.00037607594,3073.582105230461
986.3,0.00040100314,3005.732126222143
986.4,0.00054882007,2498.4033407443294
986.5,0.00073630374,2467.9184897220166
986.6,0.00089108857,2438.66115582709
986.7,0.0009183165,2259.7170275196177
986.8,0.001193875,2114.376987702245
986.9,0.0010061972,2150.487619772041
987.0,0.0009500207,2070.3371077455035
987.1,0.00087347784,2337.9472046947576
987.2,0.00077259936,2365.275762521913
987.3,0.00057818956,2585.361609240574
987.4,0.0005372601,2558.8179540408287
987.5,0.00051491626,2703.026117269321
987.6,0.00048276148,2758.321891454187
987.7,0.00044802748,2637.1627996355405
987.8,0.00036301423,3263.2918288886212
987.9,0.00030945375,3296.8201746619275
988.0,0.0003082411,3495.3062574002297
988.1,0.0003310809,3443.4008203029534
988.2,0.00032642993,3059.003445181934
988.3,0.00029012005,3442.9222042812025
988.4,0.0003267156,3316.5211913507574
988.5,0.00030859336,3297.8488446180213
988.6,0.00033590908,3285.4727643202837
988.7,0.0003432545,3446.8455884872105
988.8,0.00032837864,3367.478076844384
988.9,0.0003984774,3044.625455497443
989.0,0.00046216763,2834.7771964052417
989.1,0.0007553774,2496.6293015174288
989.2,0.00059893116,2685.1765380734623
989.3,0.00078364625,2307.952195796528
989.4,0.0008698401,2274.5577234497414
989.5,0.0009084869,2357.093376201634
989.6,0.0010456445,2133.291177192183
989.7,0.0008438053,2453.880188671152
989.8,0.00087706133,2502.2001724183683
989.9,0.000646181,2317.9212917018426
990.0,0.0007699464,2315.067109880751
990.1,0.0007280678,2240.533857991835
990.2,0.0010420257,1812.2287131487658
990.3,0.00089725445,2070.811134137255
990.4,0.0010983177,2035.7355652392034
990.5,0.0011028501,1958.2171246558105
990.6,0.00085363275,2298.925219638875
990.7,0.00077956833,2215.9001990294164
990.8,0.0007247731,2387.0224488886242
990.9,0.00057049363,2923.4679053027403
991.0,0.0004552777,2935.2027481582227
991.1,0.00041228303,2879.8623028739767
991.2,0.00033810473,3259.5636180206166
991.3,0.00037651337,3205.6885090967166
991.4,0.00035110803,3136.6896657332727
991.5,0.00034028053,3216.300359960576
991.6,0.0003867372,3107.8871366614007
991.7,0.00031006947,3316.940838226161
991.8,0.0003052869,3545.9117401886497
991.9,0.00035636447,3378.0375342236366
992.0,0.00035550518,3246.53071383688
992.1,0.00035235612,3237.342507260635
992.2,0.00035126857,3371.2755057481822
992.3,0.00038890852,3325.367856415881
992.4,0.0003781796,3240.2730077590895
992.5,0.0003928965,3201.3294816269463
992.6,0.00042856403,3084.2334352579815
992.7,0.00043041472,2963.3866644676887
992.8,0.0005251343,3079.0546960349075
992.9,0.00061770994,2780.300309842183
993.0,0.0008875871,2140.487631152217
993.1,0.0012427128,2004.683862828604
993.2,0.0011551005,2065.5143799792477
993.3,0.0012111231,1979.7934854035916
993.4,0.0012596112,2152.7318786492215
993.5,0.0012652712,1988.1073963796584
993.6,0.0011712051,2382.696066778469
993.7,0.00080719346,2295.4722846913874
993.8,0.0007833912,2453.42420528994
993.9,0.0009797475,1972.9758595674332
994.0,0.0006370406,2406.0214149744165
994.1,0.00059731177,2386.626819920559
994.2,0.00042863004,3091.6083788061633
994.3,0.0005239054,2851.739501310124
994.4,0.00043588478,3028.24807400631
994.5,0.00045795602,2890.126853859364
994.6,0.00038747914,3377.0542228574277
994.7,0.00037922472,3267.792456895467
994.8,0.00035668476,3230.479204030585
994.9,0.00034174393,3624.2205459511847
995.0,0.00032764403,3532.6523318302675
995.1,0.00034063307,3251.3885699761595
995.2,0.00036138904,3338.5092712932305
995.3,0.0003218452,3350.007458038521
995.4,0.00035457686,3220.1148927898284
995.5,0.00035437633,3265.4176617048474
995.6,0.00031678312,3322.697644095066
995.7,0.00033630617,3298.8069867795684
995.8,0.00049189094,2797.8201736804713
995.9,0.0006336885,2609.4377224481486
996.0,0.0019678806,1605.7081524427488
996.1,0.001988458,1715.8494662234903
996.2,0.0011938807,1979.0315652830902
996.3,0.0012196964,1881.799132263679
996.4,0.0010069605,2201.985863136025
996.5,0.0014563536,1799.6655026249985
996.6,0.0010054882,2077.5665788291176
996.7,0.0009801928,2180.886820652524
996.8,0.0010924283,2229.286260334249
996.9,0.0009675343,2176.4504627325036
997.0,0.00090938143,2395.1400094972105
997.1,0.00069357705,2377.8331446960533
997.2,0.000721202,2725.6954540081756
997.3,0.00084550545,2228.003911846999
997.4,0.00086828443,2281.6352259599194
997.5,0.0008208552,2487.606669555359
997.6,0.00070900586,2761.9900881008753
997.7,0.00059042126,2717.7734792960787
997.8,0.0005010077,2940.4314197054323
997.9,0.0005261433,2941.8520494036165
998.0,0.00058278383,2705.5426757503374
998.1,0.00059086346,2611.9822022094872
998.2,0.00050475245,2910.954682893523
998.3,0.00041689342,3128.721386283867
998.4,0.00048360988,2968.1624378160623
998.5,0.0004670568,3524.322456918905
998.6,0.00037250825,3198.9281969421845
998.7,0.00033747862,3427.3523006396817
998.8,0.000355098,3502.721861249086
998.9,0.0003226019,3430.4665882405284
999.0,0.0003379844,3376.677978246093
999.1,0.00030654357,3274.5780264157947
999.2,0.00030610498,3193.574513303844
999.3,0.00030360016,3281.3666392547057
999.4,0.00030899557,3324.6665338266644
999.5,0.00029302321,3328.546629588068
999.6,0.00027142523,3233.5343346416894
999.7,0.0003024446,3127.0921345877973
999.8,0.00029707025,3381.472113779703
999.9,0.00026486313,3302.677314329635
1000.0,0.00031935624,3259.03610593927
1000.1,0.00030264413,3384.4151577937537
1000.2,0.00027681084,2984.563060531431
1000.3,0.0002933451,3469.120400686444
1000.4,0.000284546,3236.7976114428993
1000.5,0.00029165592,3005.7938026545253
1000.6,0.00031086532,3117.212566892304
1000.7,0.00031259813,3025.2506968241773
1000.8,0.00032022406,2979.844601217647
1000.9,0.00031877044,2962.022679531337
1001.0,0.00030789746,2938.821361495344
1001.1,0.00028133887,3410.6881664559487
1001.2,0.00028293088,3283.5393738386083
1001.3,0.00026634109,3417.834591202079
1001.4,0.0002945816,3081.0452486757913
1001.5,0.00033132013,3121.733909176027
1001.6,0.00027215664,2933.707123943265
1001.7,0.00031836887,2709.6657201929365
1001.8,0.00030354285,2987.3858276156247
1001.9,0.00027133359,3303.622205898607
1002.0,0.00028664965,3145.0586118168903
1002.1,0.00031889734,3131.83326124179
1002.2,0.00032465745,3385.1958992624213
1002.3,0.00032791786,3174.61691568539
1002.4,0.00032164546,3169.106486125501
1002.5,0.00032583775,3409.9545479638173
1002.6,0.00031212188,3231.4924408111674
1002.7,0.0002740314,3324.6104912755927
1002.8,0.00031600083,3045.87700211844
1002.9,0.00029276378,3238.7684066851198
1003.0,0.0003087124,3400.7830797759502
1003.1,0.00029053848,3263.8732836422746
1003.2,0.004702575,3628.3310475158514
1003.3,0.020292632,1733.9679830694095
1003.4,0.014742339,1694.8424078792038
1003.5,0.0051489137,1511.642689718491
1003.6,0.0044943495,2143.645181219345
1003.7,0.0030110106,2705.859930486519
1003.8,0.00034390658,3513.2762228297142
1003.9,0.01792412,6439.952228647938
1004.0,0.025099093,944.9416094306057
1004.1,0.020034304,1761.5248188546682
1004.2,0.00028135924,4028.503541701705
1004.3,0.011191782,6922.275655695115
1004.4,0.0073787444,3291.2305831001854
1004.5,0.0028812787,3135.42823074343
1004.6,0.00035455162,3338.3947161400615
1004.7,0.000317766,3471.8034862344284
1004.8,0.00035066777,4047.5566373543857
1004.9,0.00029690476,3462.8582428590476
1005.0,0.00034239667,3529.5392978282734
1005.1,0.00034983756,3259.197912560097
1005.2,0.0003307074,3366.7659362780014
1005.3,0.00031747267,3323.634990696071
1005.4,0.00030494956,3239.111422460925
1005.5,0.0035572033,1695.2658908721999
1005.6,0.018699488,1948.9445322257418
1005.7,0.028037831,1627.361771014352
1005.8,0.0057560997,1532.1884092831658
1005.9,0.0021590265,1744.7605795392856
1006.0,0.00036103514,3785.9568259455714
1006.1,0.016159168,1820.8073481482174
1006.2,0.022008536,1431.0122483872099
1006.3,0.011833917,1389.4405921757193
1006.4,0.017271927,2016.8895376217558
1006.5,0.0068097957,2034.8385099215932
1006.6,0.002675151,5255.509722570364
1006.7,0.0018981387,4289.265324559797
1006.8,0.007438127,2701.1211268894285
1006.9,0.0063467477,2849.3411370793724
1007.0,0.004083684,9296.782197420911
1007.1,0.008407394,2405.73361183713
1007.2,0.0035158729,2033.1941711403806
1007.3,0.021747146,1886.3672001680159
1007.4,0.0026612785,2667.8206640917165
1007.5,0.0005711614,2825.557919607062
1007.6,0.0003376815,3177.151236254295
1007.7,0.00032269143,3334.8137465551717
1007.8,0.0003138439,3358.0512546016244
1007.9,0.00033054958,3353.412293466349
1008.0,0.00030845444,3398.547190820323
1008.1,0.0003558346,3104.5821804583575
1008.2,0.00035729443,3223.9464507251437
1008.3,0.0003374783,3286.561185447554
1008.4,0.00035624614,3038.0080910559345
1008.5,0.00034270078,3257.6315440942562
1008.6,0.00029349444,3346.9079921357234
1008.7,0.00029490943,3444.5190579144883
1008.8,0.00031801796,3195.6530607552218
1008.9,0.0003136466,3407.544174362025
1009.0,0.00033482214,2992.7334348586483
1009.1,0.00033042172,3263.9415777128647
1009.2,0.00034257528,3077.4899909738033
1009.3,0.0003139987,3306.2501171987615
1009.4,0.0003047394,3439.3043864152223
1009.5,0.00030535532,3423.740555548714
1009.6,0.00031680366,3407.9196747180367
1009.7,0.0003061023,3207.8955363284017
1009.8,0.0003184448,3592.2194281425595
1009.9,0.0003085301,3090.3747148704215
1010.0,0.00035176825,3257.7327534550936
1010.1,0.00034230863,3207.9913747996347
1010.2,0.0003593379,3015.9283586979514
1010.3,0.00034903784,3254.035275676726
1010.4,0.0003103534,3473.1926172981703
1010.5,0.00026629205,3562.2897279609447
1010.6,0.0002995847,3453.7406883383483
1010.7,0.00033065063,3287.746369959807
1010.8,0.00032180888,3357.115619223153
1010.9,0.0003705725,3027.606650965358
1011.0,0.0003508297,3254.8350974642262
1011.1,0.00048625475,2847.434890059937
1011.2,0.00085150276,2218.0210592058384
1011.3,0.0015085003,1962.2019851946968
1011.4,0.0012222484,2164.4575366231256
1011.5,0.001140381,2276.146859765856
1011.6,0.0007835661,2266.0466637587947
1011.7,0.0007612556,2407.17604406051
1011.8,0.0008061274,2367.0790480606133
1011.9,0.00070642337,2489.5178098923056
1012.0,0.00075007445,2496.808615832686
1012.1,0.000682411,2302.101479268135
1012.2,0.0006521704,2700.650024091654
1012.3,0.0008066147,2287.040885390861
1012.4,0.0008672075,2312.0692217274154
1012.5,0.0005953871,2485.5427194244357
1012.6,0.00041328446,3183.8360524987543
1012.7,0.00042540635,3041.7442364582785
1012.8,0.00041389363,2871.8117824923033
1012.9,0.00037871898,2975.771757763354
1013.0,0.00038819364,3040.9202071563977
1013.1,0.00031924061,3411.651114075081
1013.2,0.00032295714,3404.231006787415
1013.3,0.000297461,3462.205188588545
1013.4,0.0003503181,3392.6680282009684
1013.5,0.00033566338,3310.85554391855
1013.6,0.00035240114,3362.8687510337795
1013.7,0.00031957557,3418.8029649907376
1013.8,0.00038272684,3324.766520250382
1013.9,0.0003526089,3341.893328684579
1014.0,0.00036985634,3262.934309624422
1014.1,0.00041309945,3030.2328680083083
1014.2,0.00054271176,2836.953832554399
1014.3,0.00064691197,2729.2338418802065
1014.4,0.0008311387,2237.718726525053
1014.5,0.00095447124,2229.2225620630848
1014.6,0.0011102551,2041.5318677040643
1014.7,0.0011687293,1990.3013285316556
1014.8,0.001097416,2021.870464404658
1014.9,0.00090612366,2357.2939207411614
1015.0,0.00079757185,2377.7780735535275
1015.1,0.0008421654,2402.108634860045
1015.2,0.000982528,2182.9957578321014
1015.3,0.00078965287,2278.412566298992
1015.4,0.00081590033,2219.5927038396117
1015.5,0.0008676919,2251.5148994716483
1015.6,0.00067812525,2490.519631628382
1015.7,0.0008679189,2108.4601115621854
1015.8,0.0008179732,2482.9985240265746
1015.9,0.0006700305,2658.2898678484053
1016.0,0.00053385796,2584.0051617459926
1016.1,0.0004830494,2766.013400831832
1016.2,0.0005257222,2987.333861325649
1016.3,0.00059091684,2602.0551822244515
1016.4,0.0005706258,2653.991284246916
1016.5,0.00052247674,2705.8042288183706
1016.6,0.0004011029,2961.4023186836557
1016.7,0.00038517243,3106.5799575462042
1016.8,0.00037879168,3064.6179160498755
1016.9,0.0003679043,3383.3850127945757
1017.0,0.0003868619,3259.064056615602
1017.1,0.00036012442,3255.6167576396624
1017.2,0.00035394562,3327.786442778259
1017.3,0.00032762633,3128.96075000787
1017.4,0.00028560666,3501.633274616355
1017.5,0.00032249544,3465.832532634091
1017.6,0.00033018005,3317.9564377483402
1017.7,0.0003041458,3777.3225577251724
1017.8,0.00030268703,3598.9872161740323
1017.9,0.00028746788,3337.153159910891
1018.0,0.00027300994,3861.676449611181
1018.1,0.00028512505,3527.3281237543097
1018.2,0.00030543067,3594.594913130244
1018.3,0.00030372673,3487.751765453968
1018.4,0.00030502956,3283.8166573754684
1018.5,0.00030109775,3665.2952931405343
1018.6,0.00027181287,3664.710090431222
1018.7,0.00026734357,3646.7236262699935
1018.8,0.00035189223,3086.3868815606033
1018.9,0.0003385387,3111.5842231992087
1019.0,0.0002935144,3347.0836280669696
1019.1,0.00032128813,3472.653436298877
1019.2,0.00028494096,3279.0268601048265
1019.3,0.00026970307,3319.644170369601
1019.4,0.00028701732,3410.7492138549023
1019.5,0.00027991322,3362.931537803007
1019.6,0.00029495015,3457.7746599629563
1019.7,0.00039271222,3024.005070598987
1019.8,0.00037890562,2951.464088466521
1019.9,0.00037495,2913.256631548184
1020.0,0.00039934748,3141.759504186289
1020.1,0.00044349144,2982.952485086632
1020.2,0.00058535,2447.872758765611
1020.3,0.0005857045,2374.9579080041767
1020.4,0.0006502697,2275.4362940881783
1020.5,0.00063916703,2600.725753444694
1020.6,0.0007397621,2333.215720364843
1020.7,0.0007182729,2372.487067738052
1020.8,0.00075866975,2554.035991044654
1020.9,0.00062181056,2635.554773217042
1021.0,0.0008834738,2168.558230044753
1021.1,0.0008065094,2409.6036649288358
1021.2,0.0006202838,2533.6416911835495
1021.3,0.00059563207,2524.9448458200286
1021.4,0.00053190044,2732.926597060313
1021.5,0.00048990076,2816.560050261037
1021.6,0.00043023023,3028.2411447343325
1021.7,0.00045583834,2582.9429196044775
1021.8,0.0004380192,2996.230375727368
1021.9,0.0003950163,2950.2646390410423
1022.0,0.0003832899,3071.689434276902
1022.1,0.00035306264,3331.19590958293
1022.2,0.0003659712,3302.3279449496385
1022.3,0.00030460994,3213.4964680431517
1022.4,0.00032543257,3378.0086731058054
1022.5,0.0002947017,3631.9489871913756
1022.6,0.00031190563,3278.0078950097786
1022.7,0.00033301377,3131.128873118074
1022.8,0.0003180548,3387.661719171636
1022.9,0.00032229116,3360.582662460774
1023.0,0.0003094554,3732.5325995654916
1023.1,0.00028424893,3459.6282815200107
1023.2,0.00032737874,3412.846723899426
1023.3,0.00036152313,3136.9156690078657
1023.4,0.0003983375,2851.080612344083
1023.5,0.00033787207,3455.1365764202283
1023.6,0.00037485117,3187.907662110942
1023.7,0.00045231287,3430.5355795858004
1023.8,0.00046712082,3050.685363899796
1023.9,0.00049793307,2734.718937174382
1024.0,0.0004639046,2946.7974386312776
1024.1,0.0005288212,2740.7700278265665
1024.2,0.0006190005,2596.845797358671
1024.3,0.00052691164,2614.9275889891906
1024.4,0.0007205143,2368.3159836185073
1024.5,0.000702208,2594.4594666121316
1024.6,0.0007717939,2517.6923379197647
1024.7,0.0008634661,2254.975298695582
1024.8,0.00066115794,2610.8677135671155
1024.9,0.000650411,2743.2697451051245
1025.0,0.0005380031,2855.0417510996413
1025.1,0.00049170636,3027.4420996167223
1025.2,0.00060638704,2588.8758042511995
1025.3,0.00059291907,2755.680673588655
1025.4,0.00076735544,2465.9661773236403
1025.5,0.0006370002,2781.345639722402
1025.6,0.00066780596,2666.937337413282
1025.7,0.00080746505,2492.354250221573
1025.8,0.00061782246,2804.310627082216
1025.9,0.0006915197,2597.0045114149834
1026.0,0.00060299516,2989.8437962567286
1026.1,0.00044716167,3171.6978741965504
1026.2,0.00050057325,3100.233828421914
1026.3,0.00052746345,3178.451335667778
1026.4,0.00051970244,3227.662728693313
1026.5,0.00051902235,3111.8562745378667
1026.6,0.0004290725,3458.375957963922
1026.7,0.00042520097,3097.4356725526213
1026.8,0.00043372708,3290.027346917771
1026.9,0.00040393494,3198.229642102332
1027.0,0.00039575412,3635.038593507511
1027.1,0.00041123043,3343.272308057419
1027.2,0.00038255096,3400.1011115721676
1027.3,0.00034992807,3263.073788402432
1027.4,0.00035951787,3179.966604525971
1027.5,0.00037374246,3149.8003988532373
1027.6,0.00035535797,3423.5891319307284
1027.7,0.00034647473,3569.018938381944
1027.8,0.00036667407,3330.5253349853747
1027.9,0.00037329187,3233.4511105160354
1028.0,0.00036805414,3313.9091432496352
1028.1,0.00036148765,3390.0877903942355
1028.2,0.0003652018,3233.5972031228475
1028.3,0.00032165702,3419.4933076059433
1028.4,0.0003676317,3297.080019319816
1028.5,0.0003241295,3394.47314521945
1028.6,0.0003337478,3313.4673112196724
1028.7,0.00036818133,3262.4459471026626
1028.8,0.00036349616,3046.189207289294
1028.9,0.00033604942,3115.2908491832195
1029.0,0.0003064391,3047.721299405578
1029.1,0.00032217306,3147.6375718101754
1029.2,0.00031621454,3185.4209837147914
1029.3,0.00032822747,2996.9525312489495
1029.4,0.00034762535,3073.1540485295354
1029.5,0.0003173675,3223.875283925336
1029.6,0.00032246456,3240.663787644198
1029.7,0.00033237116,3134.1640357212464
1029.8,0.00032086004,3223.7705731043425
1029.9,0.00031637275,3086.6377038064816
1030.0,0.0003160383,3323.868002462132
1030.1,0.000311145,3241.626128561679
1030.2,0.00032231034,3033.345496794107
1030.3,0.00032096516,3085.2124878653635
1030.4,0.00028820732,3266.392640116534
1030.5,0.0003226995,3145.5507103765926
1030.6,0.00031169932,3270.512837807484
1030.7,0.0048867627,3816.844759981142
1030.8,0.0048889862,4267.084264929452
1030.9,0.0031657394,4475.839426442804
1031.0,0.0026572733,2688.939683019648
1031.1,0.0016759945,2692.825028498456
1031.2,0.00033831774,3647.8544466904395
1031.3,0.0003854507,3203.759848133871
1031.4,0.00037231052,3203.894347410816
1031.5,0.001532392,2857.3429380374428
1031.6,0.0030705468,3245.344573969492
1031.7,0.0008666768,2847.0230461894625
1031.8,0.00030956636,3495.6098313722737
1031.9,0.0003527179,3421.350164067657
1032.0,0.0003212114,3440.137429577303
1032.1,0.00035454374,3260.151288924471
1032.2,0.00029436764,3396.9812766137447
1032.3,0.006525842,3556.812019242677
1032.4,0.03696049,1607.1057137575344
1032.5,0.021600574,1796.353298063852
1032.6,0.018609317,1921.5644446228532
1032.7,0.027827991,1776.3882123633998
1032.8,0.025924237,1764.794484786298
1032.9,0.022381041,1303.2776144818984
1033.0,0.0075399424,2651.389298833921
1033.1,0.009460318,1395.918986121064
1033.2,0.0046136533,2915.691370012412
1033.3,0.022291817,1124.2323534887594
1033.4,0.014136359,1071.7981249966863
1033.5,0.00030258048,3487.6256626511963
1033.6,0.00033046753,3346.7780976451104
1033.7,0.0003034073,3385.6406202044063
1033.8,0.00032140847,3521.2922059397365
1033.9,0.0003491889,3343.0516583381846
1034.0,0.00034195263,3145.076018649244
1034.1,0.0003177451,3282.6993404396853
1034.2,0.00035158117,3031.498879097052
1034.3,0.0003214065,3088.5226864045853
1034.4,0.00035680234,2995.9567585934706
1034.5,0.00031233614,3318.9577623195737
1034.6,0.0003817866,3521.631118408818
1034.7,0.010698437,8433.295154458758
1034.8,0.00036965773,3254.325120997836
1034.9,0.00048443014,3020.172335762876
1035.0,0.00040959875,3340.570819649677
1035.1,0.0003581328,3411.8297055451076
1035.2,0.00037519884,3454.16260685945
1035.3,0.0003525501,3556.4955362565934
1035.4,0.00034102146,3264.248325652212
1035.5,0.000324965,3406.32777537006
1035.6,0.00033770854,3256.0503663860295
1035.7,0.000332763,3178.106490477089
1035.8,0.00036671874,3058.4426559494696
1035.9,0.00032784612,3533.0989603805783
1036.0,0.00032777878,3408.039131424829
1036.1,0.00036739197,3233.656186355258
1036.2,0.0003504048,3598.9941683873867
1036.3,0.00035010002,3240.2420143168742
1036.4,0.0003737578,3195.0672987396065
1036.5,0.00035186767,3315.87751247106
1036.6,0.00034397317,3229.839455145063
1036.7,0.00035265647,3164.7875675072196
1036.8,0.0023423696,2736.868484606362
1036.9,0.03689881,1944.6233693472923
1037.0,0.015437983,2300.7621064176606
1037.1,0.004781922,5668.823090823142
1037.2,0.0073748543,9437.335827501769
1037.3,0.024887137,1806.476084304486
1037.4,0.01171226,1925.7388011802132
1037.5,0.009590627,2316.940166604007
1037.6,0.011102416,2362.6089895498976
1037.7,0.0071827862,2138.1726226695
1037.8,0.0040321825,2407.814469262413
1037.9,0.0016604826,2333.3483840539825
1038.0,0.0010373662,2357.092677726195
1038.1,0.00046030455,2849.5548355609817
1038.2,0.00041136047,3074.7045313048175
1038.3,0.0060661477,4362.172062865149
1038.4,0.0041141245,6974.648943658369
1038.5,0.0051669865,9740.37283191895
1038.6,0.005273434,3181.266543752843
1038.7,0.0003721211,3625.0437194752385
1038.8,0.00045560917,3323.3315485804533
1038.9,0.00041762998,3684.947153077246
1039.0,0.00041023755,3369.2807054391424
1039.1,0.00044041453,3394.9071945751075
1039.2,0.00039969027,3408.583080871423
1039.3,0.00041159254,3550.0209646128797
1039.4,0.00041346587,3434.9467795048768
1039.5,0.0003876125,3404.1140170555645
1039.6,0.0004598915,3333.0572843858486
1039.7,0.0007217544,2992.4422970713445
1039.8,0.00037269917,3544.0297672945226
1039.9,0.00044556166,3228.876867099621
1040.0,0.00052116904,3044.8432158997775
1040.1,0.00048549348,3305.9942075152853
1040.2,0.00037462148,3356.0968893882177
1040.3,0.00039037433,3336.779396680616
1040.4,0.00039637633,3169.7866629442206
1040.5,0.0003716902,3141.172032414241
1040.6,0.00036154673,3334.038484547908
1040.7,0.0027096074,1878.5096763176525
1040.8,0.0048101577,3692.2191809242686
1040.9,0.007174923,3900.2940727924038
1041.0,0.0054816757,7638.220056429218
1041.1,0.0030209157,2802.8229328909883
1041.2,0.0046304404,2105.5783594578597
1041.3,0.026251486,2191.056599176448
1041.4,0.009750573,2495.0338078370596
1041.5,0.006362094,2751.4022467728914
1041.6,0.0045554964,2308.485580170276
1041.7,0.0032200308,2233.7019705117245
1041.8,0.0010640002,2362.464656476353
1041.9,0.00038050694,3035.576141165869
1042.0,0.00031802728,3352.555367388309
1042.1,0.00028940637,3335.176671018447
1042.2,0.00032536715,3043.7836530406885
1042.3,0.0002865003,3399.873888646078
1042.4,0.00032580958,3417.226704548056
1042.5,0.00033982686,3334.6885502683917
1042.6,0.00031157237,3178.406443034832
1042.7,0.0003235189,3078.9454099279046
1042.8,0.00028086957,3226.709127323676
1042.9,0.00031414418,3570.7136201267886
1043.0,0.0003310871,3124.536219505227
1043.1,0.00030549045,3154.4407894924116
1043.2,0.00030686762,3342.775627850715
1043.3,0.000277997,3173.09413856094
1043.4,0.00030833806,3199.279405063404
1043.5,0.0003264633,3154.3977751746484
1043.6,0.0003295295,2904.7760909479666
1043.7,0.00033516533,3170.173483799706
1043.8,0.0068111354,2692.079325882073
1043.9,0.04086635,798.4865260005762
1044.0,0.033361115,1924.9104749759513
1044.1,0.0042335694,4461.524774183035
1044.2,0.0071257334,2124.734896994871
1044.3,0.0050261035,2224.0688466879133
1044.4,0.0005000628,3360.924548481014
1044.5,0.004741174,1780.3915958072882
1044.6,0.00033966952,3269.7736936715764
1044.7,0.021965364,1719.2430191596432
1044.8,0.0043360814,4151.682001210396
1044.9,0.0056613674,2297.948200941634
1045.0,0.005050061,1872.556876477598
1045.1,0.0016525207,1806.3183969925108
1045.2,0.0011839219,1974.7122203885183
1045.3,0.0007495167,2314.2556142630665
1045.4,0.00036389224,3219.4210766444476
1045.5,0.0002957843,3246.3026887513715
1045.6,0.031975795,1737.3148361467452
1045.7,0.015267738,1958.4867594628533
1045.8,0.02289422,1926.3982515149755
1045.9,0.017969305,1564.4829756679997
1046.0,0.0019444315,2694.2292502275795
1046.1,0.003435745,8591.4071979319
1046.2,0.004330742,8337.570891223935
1046.3,0.0003274097,3721.7062710213377
1046.4,0.0011361096,2939.155615515613
1046.5,0.009198705,2237.1362034173735
1046.6,0.0043079373,2237.276360200022
1046.7,0.0052811257,2079.182728076322
1046.8,0.0043142354,2038.6210510242636
1046.9,0.0010584863,2184.5770803064233
1047.0,0.00037369152,3213.6281184485706
1047.1,0.00035695249,3034.0679957161688
1047.2,0.00036855627,3189.022577317978
1047.3,0.00034876767,3262.7398597726383
1047.4,0.00030898687,3308.0844905940194
1047.5,0.0003095489,3062.4522976067365
1047.6,0.00031928907,2996.179105682345
1047.7,0.0003069723,3331.066308280941
1047.8,0.0003664701,2987.6838881956455
1047.9,0.00033186085,3189.358935585695
1048.0,0.0003604732,3129.745048633926
1048.1,0.0005091119,2971.9322240699066
1048.2,0.00043781218,2981.454974371921
1048.3,0.00046770778,2774.796355741619
1048.4,0.00036195302,3061.685107910609
1048.5,0.00045370217,2751.6506115017014
1048.6,0.00036707975,3142.3773016578507
1048.7,0.000392019,3055.489984314622
1048.8,0.00034389386,2925.0669359430517
1048.9,0.00038856154,2933.9778074125497
1049.0,0.00036667197,3000.865931621124
1049.1,0.010795495,1552.0550135039175
1049.2,0.0055733775,2368.8693168591362
1049.3,0.005632518,2542.7480873181203
1049.4,0.000311323,3343.005500663529
1049.5,0.029981462,1638.3959238463196
1049.6,0.0104590375,2232.8768343006004
1049.7,0.01970326,1738.9055818829681
1049.8,0.0037675004,1516.430140596154
1049.9,0.0039672423,2245.810434984756
1050.0,0.009920178,1789.2931092145545
1050.1,0.0050060097,2195.9723899468863
1050.2,0.0030244747,2415.7479690960886
1050.3,0.001904845,2335.329948957772
1050.4,0.00067686976,2434.5874458808544
1050.5,0.00047601853,2775.5209464515524
1050.6,0.00042448932,2714.7008306481785
1050.7,0.0003727183,3215.528896472424
1050.8,0.00032585452,3542.8577263165153
1050.9,0.0003399367,3300.753491838018
1051.0,0.00035970547,3403.9575003169402
1051.1,0.00040974305,3162.998589049378
1051.2,0.00036886934,3178.9943317463076
1051.3,0.00034486566,3398.2492431118853
1051.4,0.0003514264,3384.761350970587
1051.5,0.0003737805,2884.3091885813983
1051.6,0.00035453957,3224.7838260728176
1051.7,0.0024079685,8992.564522788576
1051.8,0.0037888433,6340.689958951096
1051.9,0.016128412,1955.626936097005
1052.0,0.0054144016,2631.1143188559918
1052.1,0.00034153822,2980.1037647757003
1052.2,0.0003429332,3247.3740713266666
1052.3,0.00036922883,3195.7732980125193
1052.4,0.00036560948,2998.120096524216
1052.5,0.009175872,2494.1961935904205
1052.6,0.008371133,1891.8187154046495
1052.7,0.0067076096,1702.7032206634697
1052.8,0.003124217,1580.1024995783607
1052.9,0.0011749314,1937.9877490280637
1053.0,0.00056754914,2561.1346682263775
1053.1,0.0003750027,3055.736317022849
1053.2,0.0003315923,3368.2365752844753
1053.3,0.0003319868,3291.3099423512485
1053.4,0.0003404748,3198.2424757967297
1053.5,0.00033310897,3152.2481471573383
1053.6,0.0003379917,3248.145488833717
1053.7,0.0003363682,3213.00638863191
1053.8,0.0028878432,8561.185272958639
1053.9,0.0027341533,4630.993004115054
1054.0,0.003526203,2077.1907624470114
1054.1,0.0035550417,2075.065104841117
1054.2,0.0019312921,1815.425163365502
1054.3,0.00033909845,3238.8456532325345
1054.4,0.00037521863,3010.448330711826
1054.5,0.00033766075,3567.0548253902944
1054.6,0.0046805465,2295.3303680487793
1054.7,0.002149102,2000.9564300468166
1054.8,0.00031776604,3536.7786851931096
1054.9,0.0003759257,3297.5160347335236
1055.0,0.0003154618,3256.345438739161
1055.1,0.0003248026,3489.870209525
1055.2,0.00033029963,3469.404450927239
1055.3,0.0003235361,3498.0024446499447
1055.4,0.00029748128,3451.236981786911
1055.5,0.00035099481,3142.174452242657
1055.6,0.00032536974,3348.421710353421
1055.7,0.00037350468,2945.932051363839
1055.8,0.0003441137,3384.7723497822994
1055.9,0.00031085455,3385.3167357622688
1056.0,0.0003431503,3194.198637397487
1056.1,0.00031531128,3543.163803448916
1056.2,0.0003201008,3361.3302044222264
1056.3,0.0032380286,8954.281997020373
1056.4,0.0036027927,4287.24616788719
1056.5,0.004818438,2785.313197174076
1056.6,0.023039907,2449.7439695378353
1056.7,0.01249204,2074.7116739081744
1056.8,0.009406683,1935.7761595849888
1056.9,0.0018266425,2845.3779540446685
1057.0,0.001737182,2793.328516261598
1057.1,0.0020150153,2570.181073664268
1057.2,0.001973048,2213.393147961372
1057.3,0.0018561865,2033.142257117739
1057.4,0.0020006825,1940.769041729285
1057.5,0.0013359761,2234.0485013183643
1057.6,0.00043470482,2860.130105191901
1057.7,0.00030336637,3304.983360349798
1057.8,0.000285231,3338.5297613946377
1057.9,0.0003095594,3409.0559092767503
1058.0,0.00028802373,3233.3457117867365
1058.1,0.027026825,1658.4240044367227
1058.2,0.0036497985,2727.6245121088264
1058.3,0.001720009,2130.2501342246915
1058.4,0.0004612303,2921.37604224686
1058.5,0.00033272762,3053.9277813040817
1058.6,0.00030407016,2988.592298411646
1058.7,0.0002767545,3271.406345631376
1058.8,0.000295029,3163.121941995862
1058.9,0.0002892831,3173.706537047789
1059.0,0.000296842,3171.8001662727393
1059.1,0.0003305299,3000.1686937100103
1059.2,0.00027533976,3282.474313386368
1059.3,0.00031579103,2935.573565726005
1059.4,0.00031311793,3077.939583921461
1059.5,0.00027028457,3267.4846125463027
1059.6,0.00028369133,3133.7645125401964
1059.7,0.00030557511,3051.4099248018156
1059.8,0.00033638516,3086.4224314809703
1059.9,0.00031849425,2913.472342141098
1060.0,0.00031475892,3214.282813853101
1060.1,0.00030785045,3151.8254616670674
1060.2,0.0003077041,3044.7059117811814
1060.3,0.00028411136,3400.4307122491837
1060.4,0.00031460653,3023.5479846825783
1060.5,0.00029740675,2993.106114464881
1060.6,0.0003132431,2974.788265963341
1060.7,0.000285737,3054.4369691735924
1060.8,0.00026137554,3241.3425364464283
1060.9,0.0003009276,3412.4244804189534
1061.0,0.0002940376,3139.2921949620386
1061.1,0.00029556893,3115.798795014031
1061.2,0.0002861592,3399.9580975519416
1061.3,0.00027757225,3056.067171974451
1061.4,0.00027263415,3272.268144111369
1061.5,0.00026299487,3375.3370580197993
1061.6,0.0002659471,3158.8769423990298
1061.7,0.0002837738,3382.6314868660124
1061.8,0.00025785944,3168.9656154742634
1061.9,0.00029462506,3063.0824456704568
1062.0,0.00026457736,3156.1204698293955
1062.1,0.00028673522,3181.9411540927263
1062.2,0.00026780638,3107.8934612876474
1062.3,0.00033778118,2841.1588477139103
1062.4,0.00030136155,3599.3772750238822
1062.5,0.00028592098,3159.670150930915
1062.6,0.00033304578,3451.4724193421816
1062.7,0.00030759073,3031.1552344468982
1062.8,0.00031361298,3189.6014832089363
1062.9,0.00029818818,2969.903240288932
1063.0,0.0002981248,3028.9839049945003
1063.1,0.00032067948,3179.3135440530828
1063.2,0.00031344529,3278.514797647654
1063.3,0.0003248555,2872.2884755555688
1063.4,0.00029436222,3222.275275056178
1063.5,0.00030060514,3167.6220897630924
1063.6,0.00031565924,3013.250181229424
1063.7,0.0003324515,3734.997706824364
1063.8,0.0003377369,3549.1313406130625
1063.9,0.0003033364,3452.7694385811665
1064.0,0.00030816288,3135.11400703805
1064.1,0.0002954776,3358.612323134573
1064.2,0.00031736263,3494.9266052768676
1064.3,0.0003513263,3275.0901693954174
1064.4,0.0003240944,3525.3547997319993
1064.5,0.00037197626,3271.992422888825
1064.6,0.0003379012,3709.9930261546083
1064.7,0.0004328672,3096.7560572192524
1064.8,0.00037961864,3088.865216798342
1064.9,0.00038704326,3164.3099341786456
1065.0,0.00040464784,3080.3649944190574
1065.1,0.0003860791,3415.7531850903856
1065.2,0.0005595001,2681.969333457972
1065.3,0.0005082029,2922.902325973664
1065.4,0.00065589417,2534.977587749648
1065.5,0.0008013616,2366.4978922943706
1065.6,0.00076213904,2322.333035847563
1065.7,0.0006000926,2600.8253483794692
1065.8,0.0006781358,2575.9575954647694
1065.9,0.0006470823,2487.0268177835487
1066.0,0.0005692008,2674.57104995833
1066.1,0.0005351374,2620.2582482658977
1066.2,0.00056784967,2621.4046203180983
1066.3,0.0005460249,2766.758118366082
1066.4,0.0004889341,2770.080252913439
1066.5,0.0004583395,2849.543391277499
1066.6,0.000433754,2963.3168009147557
1066.7,0.0003693079,3265.3159345034783
1066.8,0.0004060533,3185.787366989632
1066.9,0.00036357867,3347.330752036479
1067.0,0.0003515455,3012.9025803157983
1067.1,0.00031572572,3633.4764301508685
1067.2,0.00031157478,3538.2917595828044
1067.3,0.00031337966,3509.743190031396
1067.4,0.00032634518,3826.9565865579375
1067.5,0.0003197616,3515.118918204705
1067.6,0.00036982208,3257.1976996823514
1067.7,0.00033623877,3380.058878219026
1067.8,0.00036398257,3307.9615503231717
1067.9,0.00038423398,3431.532105846157
1068.0,0.0003187542,3474.6929365815968
1068.1,0.0003062096,3406.5579752563312
1068.2,0.0003232295,3560.8821490194264
1068.3,0.00036816474,3179.1556567778966
1068.4,0.00036823764,3342.3983967524205
1068.5,0.0003258101,3390.7789177192694
1068.6,0.00039878418,3123.0600130644325
1068.7,0.00039338708,3341.810541376683
1068.8,0.00035959267,3342.0607463481097
1068.9,0.00036824355,3191.317034566709
1069.0,0.00037193493,3179.717415914126
1069.1,0.0004568544,2962.294640601738
1069.2,0.00046449582,2804.1606503034345
1069.3,0.0005153519,2817.1333766551033
1069.4,0.00060466904,2562.5205629700135
1069.5,0.00057857705,2823.4018449479527
1069.6,0.00069933693,2407.281873084491
1069.7,0.0009831903,2254.3025800080663
1069.8,0.0011648225,2108.2854520686074
1069.9,0.0011144893,2066.6181084024915
1070.0,0.000652589,2665.240854024968
1070.1,0.0007815936,2195.0595150031095
1070.2,0.00054055883,2737.292425127321
1070.3,0.00058828556,2925.5266310877396
1070.4,0.0006676838,2569.5815276546123
1070.5,0.00054132927,2566.579155680103
1070.6,0.00050221605,2607.7265565657085
1070.7,0.0005153916,2746.26267965426
1070.8,0.0005680813,2804.3770808440036
1070.9,0.00043877645,2994.309609744117
1071.0,0.00051355176,2825.569594751918
1071.1,0.00046299354,2902.5043483982936
1071.2,0.00046259802,2900.2454243531574
1071.3,0.0005269157,2417.8537691008614
1071.4,0.00053051265,2696.1082814726688
1071.5,0.00048465037,2722.482630789332
1071.6,0.00046563175,2775.204283783213
1071.7,0.00037767098,3253.0129414286002
1071.8,0.00036173893,3069.4630390267384
1071.9,0.00035622861,3087.0817281852937
1072.0,0.00031832382,3412.0799517936316
1072.1,0.0002947076,3635.85159478279
1072.2,0.00031772366,3408.472040597517
1072.3,0.00029665994,3565.588866416446
1072.4,0.0002776011,3355.494805656487
1072.5,0.00029617897,3493.7698546806555
1072.6,0.0003222614,3557.417449426721
1072.7,0.00033517147,3230.6979266164876
1072.8,0.00031320547,3187.7637981418643
1072.9,0.00032680386,3112.70987147968
1073.0,0.00032516132,3163.0595166706094
1073.1,0.00031606172,3214.457511060048
1073.2,0.00028627724,3324.1972835922206
1073.3,0.0003062094,3480.305318747716
1073.4,0.00029840818,3167.1279681601745
1073.5,0.00031710137,3447.4983968102847
1073.6,0.0003376711,3029.7887467153396
1073.7,0.0003152068,3208.8218679190923
1073.8,0.00029855172,3189.9618325412794
1073.9,0.00030470488,3207.730067450119
1074.0,0.000327752,3497.117159145287
1074.1,0.0002810981,3135.582977741463
1074.2,0.00031435402,3093.462475965251
1074.3,0.0003183395,3081.812673663466
1074.4,0.00033446983,3000.2686472804903
1074.5,0.0003105297,3086.0400092104164
1074.6,0.00029533662,3079.030095812791
1074.7,0.00031564917,2976.289219922021
1074.8,0.00031260288,3199.358365522701
1074.9,0.00029907882,3097.2908089409125
1075.0,0.00030139097,3100.093136772867
1075.1,0.00030757673,3345.5321839307608
1075.2,0.00031111552,2955.3712421405635
1075.3,0.00028617363,3212.805297508026
1075.4,0.00031844,3310.6165457158136
1075.5,0.0002891349,3278.7890643320047
1075.6,0.00026994015,3255.5405472199145
1075.7,0.00029718253,3247.8984433323953
1075.8,0.00028553072,3305.3478965870213
1075.9,0.00029346233,3127.97142910648
1076.0,0.0003168776,3144.9522861498185
1076.1,0.00029684813,3373.637093419824
1076.2,0.00025827592,3333.6604622780897
1076.3,0.00026996518,3338.4692236484857
1076.4,0.0003073459,3095.146087306996
1076.5,0.00030161548,2935.9599102134516
1076.6,0.00027616575,3324.809523510515
1076.7,0.00031550167,3348.023973666097
1076.8,0.00030894755,2848.5654884827
1076.9,0.00026782055,3239.6859475144825
1077.0,0.00026580045,3317.0306048869757
1077.1,0.00030660155,3005.8229745740023
1077.2,0.008623553,2457.1153584185836
1077.3,0.0048189554,7768.685959842009
1077.4,0.002137351,8147.013170166807
1077.5,0.01061916,3042.025931117171
1077.6,0.00034039502,3126.557572016426
1077.7,0.0063054967,2497.425703122202
1077.8,0.0025226807,2852.6233389313734
1077.9,0.018744905,1280.6593063152027
1078.0,0.018039903,1067.762314349275
1078.1,0.017584523,1322.1196065877323
1078.2,0.006076357,1824.1992602606892
1078.3,0.0014224633,2231.2261699381584
1078.4,0.0006735186,2617.4181479069143
1078.5,0.0003896337,3137.74162597758
1078.6,0.0003488981,3264.5453932274354
1078.7,0.00034242286,3218.0031453774714
1078.8,0.0003227503,3410.9200927263573
1078.9,0.00032574686,3242.334805533934
1079.0,0.00035214354,3277.0933605520845
1079.1,0.00033758272,3430.7672242610097
1079.2,0.00031793563,3734.1239459370577
1079.3,0.00034786577,3191.859837714808
1079.4,0.0003766853,3128.242464409896
1079.5,0.0007478283,2656.5659717204935
1079.6,0.0017947049,2139.5042144649774
1079.7,0.00034674615,3651.7919045122158
1079.8,0.012631107,1993.801868280353
1079.9,0.0018829759,2560.3598451848375
1080.0,0.00082248054,2558.9951020376807
1080.1,0.00032163924,3033.7133726905736
1080.2,0.0003227616,3173.1521112419755
1080.3,0.0003308084,3207.697272266319
1080.4,0.00029753,3339.641210973791
1080.5,0.00032306855,3046.0687902825575
1080.6,0.00031085373,3333.6040795660497
1080.7,0.00029656445,3147.090591629276
1080.8,0.00045166552,2970.9728963985926
1080.9,0.00052846276,3106.5838775378684
1081.0,0.00079679873,2457.2906321944793
1081.1,0.0005193792,3046.2683287049795
1081.2,0.00039725166,2886.32332339169
1081.3,0.00035601534,3135.296988039637
1081.4,0.00035524394,3014.3895864294477
1081.5,0.0003658329,3105.872211432166
1081.6,0.0003396197,3465.511197812141
1081.7,0.00035077584,3310.4714552111095
1081.8,0.0003589722,3166.9341365362343
1081.9,0.001330596,3550.7294341902752
1082.0,0.013564741,6157.811868299777
1082.1,0.014973902,7830.60996718025
1082.2,0.029322838,1966.1134868191539
1082.3,0.007636756,2746.8409128270064
1082.4,0.004216326,2468.843892576878
1082.5,0.006206558,2916.6943516943643
1082.6,0.026883036,1686.8872116657212
1082.7,0.0046354053,6997.423167404659
1082.8,0.007935467,6292.581247668143
1082.9,0.019802134,2141.5800107326827
1083.0,0.0023288364,7950.221506171253
1083.1,0.005763185,2623.505380983604
1083.2,0.0014041176,3609.145128129292
1083.3,0.013573704,2182.672889794156
1083.4,0.007868708,1856.3338198821623
1083.5,0.008389557,1649.2638383107483
1083.6,0.0032972386,8477.477579808934
1083.7,0.004769771,8513.170455515849
1083.8,0.0021314623,3928.2648976589944
1083.9,0.010540163,2007.7706166278663
1084.0,0.0057311216,9026.228223438544
1084.1,0.014111516,2251.356593281265
1084.2,0.011579953,1877.8337345333375
1084.3,0.0060873968,1386.4768317154578
1084.4,0.013401285,2613.1171889895513
1084.5,0.0033934643,3525.06866828463
1084.6,0.002145515,3045.9862466794766
1084.7,0.0012519262,2343.472766258881
1084.8,0.0006446879,2957.5931675364454
1084.9,0.00047074855,3056.714456626875
1085.0,0.00040978286,3074.8172144985615
1085.1,0.000385909,3086.0568855209926
1085.2,0.00034772602,3595.0580371518035
1085.3,0.00034644981,3492.0420348457596
1085.4,0.00036345253,3374.6763052416654
1085.5,0.00037697857,3265.62025125886
1085.6,0.00034128426,3400.658753534786
1085.7,0.00035732452,3524.9616061659985
1085.8,0.0003745776,3313.3819721992536
1085.9,0.00033015318,3752.001177050918
1086.0,0.0003661287,3510.410328762754
1086.1,0.0003442048,3462.577108818042
1086.2,0.00034238485,3674.327078772524
1086.3,0.00034996943,3309.4488465616873
1086.4,0.00034431458,3194.67650018754
1086.5,0.00034467512,3257.9852294336733
1086.6,0.00031493232,3347.50201334316
1086.7,0.00033208056,3228.685204949855
1086.8,0.0035625808,2642.252398044881
1086.9,0.0027444616,2294.2685350246984
1087.0,0.0049773464,4419.047663483815
1087.1,0.0046299775,9210.209385432427
1087.2,0.0024582562,2274.294321927623
1087.3,0.003926411,3338.3229960114777
1087.4,0.012307763,2061.124658286957
1087.5,0.012648043,1919.2209453719922
1087.6,0.0021955627,2171.0497714945996
1087.7,0.00030860177,3170.598361038076
1087.8,0.00033599258,3222.019610981306
1087.9,0.00030988225,3260.4877519178845
1088.0,0.00027445398,3311.5728016198664
1088.1,0.00033006928,3104.871161151693
1088.2,0.00030498498,3299.7273312833695
1088.3,0.0003312493,3171.102118541876
1088.4,0.0003269552,3163.901788784039
1088.5,0.0002815162,3343.538193688187
1088.6,0.00027618336,3498.653904093767
1088.7,0.00033068555,3138.6753357717
1088.8,0.00029313262,3273.5525183453383
1088.9,0.0003479963,2950.360400108976
1089.0,0.00036769043,2769.193190417746
1089.1,0.0003462062,2983.7212482400323
1089.2,0.00034332415,3175.118456279306
1089.3,0.00031658646,3040.9541717245024
1089.4,0.00030721762,3097.119568287951
1089.5,0.0003579234,3249.05659114049
1089.6,0.00029317167,3184.174485588749
1089.7,0.00033866643,2751.3960811468164
1089.8,0.0003232913,3019.0124010996606
1089.9,0.00033295597,2931.87792604735
1090.0,0.0003267569,3000.3267969281383
1090.1,0.00032674952,3181.714643730478
1090.2,0.00035094746,3033.119071905637
1090.3,0.0003616141,2893.465398274118
1090.4,0.00031877108,3286.90567122556
1090.5,0.00030904837,3224.887652335318
1090.6,0.00032789496,3279.8871435886895
1090.7,0.00031957345,3301.0741010315187
1090.8,0.00030453096,3080.74949986932
1090.9,0.00030657847,3495.885903616973
1091.0,0.0003348022,3037.9670077720084
1091.1,0.0003063661,3528.1729782915836
1091.2,0.0003254511,3198.225317370583
1091.3,0.00030264157,3408.063568319003
1091.4,0.0003206223,3447.0418187334108
1091.5,0.000324356,3401.7154540225474
1091.6,0.00034026202,3345.410848071249
1091.7,0.00030073166,3631.648725891121
1091.8,0.0003348935,3435.790674437261
1091.9,0.00032517486,3482.929406148387
1092.0,0.00040141583,3317.717791702615
1092.1,0.00038419318,3226.5839923751355
1092.2,0.00041737,3288.66356551838
1092.3,0.00043712635,3131.4164644573666
1092.4,0.0004648269,2882.4329756286033
1092.5,0.00074029865,2382.0383093945875
1092.6,0.00061068276,2617.6163204008117
1092.7,0.00059313705,2661.201946089894
1092.8,0.00069386803,2600.376389733741
1092.9,0.0006627707,2391.6150049646526
1093.0,0.00089569006,2257.948221644158
1093.1,0.0006356154,2501.037685048814
1093.2,0.0005950071,2664.787443223524
1093.3,0.0005703382,2480.650857296229
1093.4,0.00083797064,2414.3490710796477
1093.5,0.0007230532,2651.647970179687
1093.6,0.0005544907,2695.2166164119217
1093.7,0.0006891629,2519.2954227135497
1093.8,0.0005739609,3044.415389609397
1093.9,0.0005022443,2597.4956208569515
1094.0,0.00050948776,2783.2572770247525
1094.1,0.00043904549,3198.58307298823
1094.2,0.00045089866,3173.3067889572903
1094.3,0.0003641899,3310.5918150620437
1094.4,0.00035386044,3316.002711217553
1094.5,0.000389185,3150.275889315819
1094.6,0.0003380176,3395.206944095542
1094.7,0.00035994,3333.6657298113446
1094.8,0.00037228555,3331.3272007584455
1094.9,0.00033540485,3449.105689361825
1095.0,0.00034414706,3491.271485492046
1095.1,0.00035856044,3426.2587797052133
1095.2,0.00034913182,3328.5336746975318
1095.3,0.00041826486,3101.6805105316935
1095.4,0.0003726381,3033.22260623982
1095.5,0.0003375405,3529.2275354301
1095.6,0.00040259687,3160.0810754632103
1095.7,0.00033464123,3737.7516685819874
1095.8,0.00036662913,3281.1393741722127
1095.9,0.00036049364,3587.68933370765
1096.0,0.000407701,3311.432140369508
1096.1,0.0003809677,3526.232926551546
1096.2,0.00036188305,3466.149804039713
1096.3,0.00039300913,3558.0820509300356
1096.4,0.0004629226,3363.284770365994
1096.5,0.00047589227,3291.7761674755775
1096.6,0.0005114109,3337.9075230367025
1096.7,0.00067513756,2796.9603444801623
1096.8,0.00069778826,2646.6132747786
1096.9,0.00091768976,2423.5602278673005
1097.0,0.00084079435,2476.1752234778237
1097.1,0.00080769864,2543.7273549061306
1097.2,0.0009403087,2354.0934416137643
1097.3,0.0011563614,2260.7355613294667
1097.4,0.0008857252,2518.746365941791
1097.5,0.0008522583,2505.5236638419174
1097.6,0.0008708853,2439.309251705754
1097.7,0.0008216292,2403.5520804553753
1097.8,0.00068510376,2553.475598176652
1097.9,0.00077035616,2730.086386604758
1098.0,0.0006394822,2655.6674951549385
1098.1,0.0007781762,2364.130225299208
1098.2,0.0006811757,2667.875721132821
1098.3,0.0007322491,2334.684949404912
1098.4,0.0006194995,2821.467369456591
1098.5,0.0005538921,2912.87405076903
1098.6,0.00073823886,2344.1872755418376
1098.7,0.0013519105,2277.5331055194697
1098.8,0.0007044553,2455.4161404508936
1098.9,0.001136365,2282.1394179744757
1099.0,0.000642009,2532.1239645245028
1099.1,0.0006906064,2781.4784174940246
1099.2,0.00065485394,2421.960065612029
1099.3,0.0007095497,2590.80524105647
1099.4,0.00060552335,2651.9763362847407
1099.5,0.0005165225,2742.8517701666733
1099.6,0.0004599318,3097.7375759336023
1099.7,0.00039333172,3138.1228672485304
1099.8,0.00036975698,3089.852553776757
1099.9,0.00037069153,3349.20865391874
1100.0,0.0003102409,3492.904281700453
1100.1,0.0003478466,3386.8370967277715
1100.2,0.00032885713,3444.1236490496594
1100.3,0.00032572626,3499.770001882835
1100.4,0.00031659455,3254.3779988890783
1100.5,0.0003107288,3309.971033437829
1100.6,0.00031850918,3171.5601641920293
1100.7,0.00029874127,3457.9574966624205
1100.8,0.00028616915,4000.943514267781
1100.9,0.0003115594,3622.0482815192972
1101.0,0.00030263708,3641.7281939913273
1101.1,0.00031159123,3384.328953643643
1101.2,0.00033063543,3640.3185689812385
1101.3,0.0003410949,3302.648856666687
1101.4,0.00045726006,2950.073752860141
1101.5,0.00045835983,2954.00767819873
1101.6,0.000618041,2665.493379942518
1101.7,0.00064418383,2458.4100059634284
1101.8,0.0007315923,2224.6810198106523
1101.9,0.00079392915,2316.593010213762
1102.0,0.0011179198,2225.1306947389694
1102.1,0.0013769827,1806.5067640805662
1102.2,0.0013254804,1934.7753027598774
1102.3,0.0015015848,1866.9785621395938
1102.4,0.0012397689,1804.0580732276867
1102.5,0.001353866,1912.2737776327672
1102.6,0.0010359387,1883.0356169815943
1102.7,0.0010434451,2078.4356631953733
1102.8,0.0010960152,1894.712114827806
1102.9,0.00079350907,2159.777265849424
1103.0,0.00079982093,2298.8550150503315
1103.1,0.00062221003,2498.0746439263676
1103.2,0.0005411242,2491.1789787394287
1103.3,0.0005536941,2593.4540576183226
1103.4,0.0004524778,3056.397157612494
1103.5,0.00040108094,2897.3111398867377
1103.6,0.00040901417,2907.0929091692587
1103.7,0.00033540165,3375.1519464272506
1103.8,0.0003420695,3512.1937276617264
1103.9,0.00030615646,3750.6313336123326
1104.0,0.00030714716,3609.9780777474707
1104.1,0.0003247885,3342.2132807932812
1104.2,0.0003519398,3227.0748863966983
1104.3,0.0003346313,3275.753782886184
1104.4,0.0003100908,3445.890419062218
1104.5,0.00031413525,3335.042076126168
1104.6,0.00039096348,3046.1407520755483
1104.7,0.000583239,2489.2908427515044
1104.8,0.00062620745,2475.8682927674718
1104.9,0.0008203002,2218.817368411454
1105.0,0.0007227476,2475.848621799479
1105.1,0.0007025579,2442.83392033142
1105.2,0.0007328832,2449.086652471012
1105.3,0.00077359914,2342.052742080151
1105.4,0.0008667401,2305.5223103678345
1105.5,0.0009652739,2187.4265431375075
1105.6,0.0008028986,2339.8632270806597
1105.7,0.000958216,2141.407840612943
1105.8,0.0006233633,2426.409735627569
1105.9,0.0007251195,2544.300420036761
1106.0,0.00076420576,2149.621840444539
1106.1,0.0007009866,2260.7221343253646
1106.2,0.00078693964,2147.0111128704675
1106.3,0.00077174534,2428.2122307536292
1106.4,0.0006064668,2513.051136601318
1106.5,0.0005230806,2964.53650490745
1106.6,0.0004338152,2881.0490388852295
1106.7,0.00040747933,3466.3447153878506
1106.8,0.00042582417,3121.5191889914327
1106.9,0.00041283164,2881.7250486091484
1107.0,0.00034150152,3270.9816745454455
1107.1,0.00031192088,3137.5929498644755
1107.2,0.00033623262,3276.8753309791564
1107.3,0.00034348175,3099.538980728843
1107.4,0.00037230566,3038.167839072248
1107.5,0.00035537104,3083.201285997221
1107.6,0.00044624065,3215.5976163313576
1107.7,0.00036580916,3758.6901657148255
1107.8,0.0004149097,2939.380003999431
1107.9,0.0003876148,3215.796718966525
1108.0,0.00032059732,3566.402119431146
1108.1,0.00046067624,3035.699408847133
1108.2,0.0003561782,3091.1971063957044
1108.3,0.0003762656,2756.7151629893565
1108.4,0.000328889,3035.153592046442
1108.5,0.00037264623,3029.0165397447354
1108.6,0.0003598573,2800.3073568269856
1108.7,0.00034572798,2937.0239465007976
1108.8,0.00038247454,2903.7784363717
1108.9,0.00031099905,2991.9313455791807
1109.0,0.0003022289,3242.078151499211
1109.1,0.00035623525,3048.0019472779927
1109.2,0.0003487681,2988.0805727969323
1109.3,0.0003519464,3038.3649852860867
1109.4,0.00035467747,3160.394069877967
1109.5,0.0003826653,3131.2668342289135
1109.6,0.0003863273,3063.2369278135448
1109.7,0.00038342873,2964.224731799923
1109.8,0.00037032014,3053.2035010677314
1109.9,0.00036367358,3049.95508888295
1110.0,0.00044751613,3096.3696000658274
1110.1,0.0003758244,3183.557392896325
1110.2,0.00041059614,2920.4792558970535
1110.3,0.00035064007,3212.7856914376903
1110.4,0.00032570027,3222.905293980056
1110.5,0.0003355776,3197.7697325039785
1110.6,0.00035917546,3097.394167822017
1110.7,0.0004014337,2891.4931205390594
1110.8,0.0003656649,3360.0562389028696
1110.9,0.00036248378,3155.959922835652
1111.0,0.00034085396,3318.4205133125324
1111.1,0.00038823555,2993.940954170739
1111.2,0.00036032067,2987.629094580711
1111.3,0.00037424648,2936.5621603775444
1111.4,0.00035583126,3120.255271517406
1111.5,0.00033547185,3145.11166003349
1111.6,0.00035478183,3119.400963262028
1111.7,0.00036396497,3055.908800142107
1111.8,0.00036400784,3189.549907222436
1111.9,0.00036274252,3154.0200953176586
1112.0,0.00036141076,2994.0085991628534
1112.1,0.00032840134,3427.321557203972
1112.2,0.00032036586,3414.9249520628573
1112.3,0.00033731162,3029.139796357914
1112.4,0.00039408967,3185.8273403905005
1112.5,0.004382859,2174.4271799494277
1112.6,0.003998319,2097.411362245195
1112.7,0.0018298907,2181.024401865482
1112.8,0.000872467,2478.176539569794
1112.9,0.00087280845,2389.6605951338906
1113.0,0.0007561841,2394.897873293072
1113.1,0.00084432005,2445.121729325594
1113.2,0.0011481711,2371.5549468948416
1113.3,0.001817382,2378.48018357382
1113.4,0.0021262171,2358.495893448768
1113.5,0.0021145663,2531.724756113613
1113.6,0.0020918513,2335.459050993441
1113.7,0.00070963113,2604.1066597902686
1113.8,0.00046280187,2626.1319274286834
1113.9,0.0003382419,3497.755779002619
1114.0,0.000785348,2571.7383272552556
1114.1,0.003533863,2190.2073737906203
1114.2,0.004083997,2599.8876064936435
1114.3,0.004730952,2276.9242011482784
1114.4,0.0033676322,2395.672442782233
1114.5,0.0011482072,2305.184396311316
1114.6,0.0005660924,2588.949191097365
1114.7,0.0003872453,3185.244860848333
1114.8,0.00032126036,3514.617724921824
1114.9,0.00030012382,3456.748635811965
1115.0,0.00030301762,3425.1623076708042
1115.1,0.0003158578,3456.0247540596138
1115.2,0.0003386136,3272.364398505733
1115.3,0.00035727475,3031.2070770027085
1115.4,0.00034771257,3413.7559960581643
1115.5,0.00030909586,3421.9544617851793
1115.6,0.00034539116,3266.011600334449
1115.7,0.00031928084,3904.3445053968526
1115.8,0.00033094705,3365.099593571798
1115.9,0.00030531082,3417.6830615363356
1116.0,0.00034339525,3551.7561708483922
1116.1,0.00032113586,3300.9480151888083
1116.2,0.000322967,3513.8926449959863
1116.3,0.00031181957,3298.8688305532473
1116.4,0.00032002295,3215.989294784823
1116.5,0.00034000742,3330.5664286874535
1116.6,0.00040229628,3087.5143537830104
1116.7,0.0012194507,2117.846200380454
1116.8,0.0032843456,2113.368942457066
1116.9,0.00035989797,3437.7559265704804
1117.0,0.0138064325,4208.912106831615
1117.1,0.0064741727,6943.287314579054
1117.2,0.03271401,891.2800005171255
1117.3,0.0359944,845.3508206766373
1117.4,0.009550681,1794.7352509710906
1117.5,0.005854232,2847.149353543974
1117.6,0.0024805677,2064.1952630963983
1117.7,0.00036604947,2902.77900235907
1117.8,0.0003122291,3429.280652336679
1117.9,0.00030698878,3264.9700070559006
1118.0,0.00040765473,3035.5547792664015
1118.1,0.00528387,2971.260516730975
1118.2,0.0030658778,2510.2702946984346
1118.3,0.0009202684,2512.6789773948376
1118.4,0.00031411054,3429.690649476484
1118.5,0.00027300196,3635.382102768039
1118.6,0.00029254358,3361.760780810211
1118.7,0.00033568134,3311.6420081508913
1118.8,0.00027144456,3272.08353164197
1118.9,0.009233434,9081.888372263717
1119.0,0.005827766,3729.4132285612723
1119.1,0.036293942,1831.924854875897
1119.2,0.012089432,8299.672276646894
1119.3,0.02651536,3725.3731609646084
1119.4,0.026325826,2308.5256273337136
1119.5,0.012900021,2350.7184073757903
1119.6,0.016805781,2319.6279533526103
1119.7,0.014740961,1596.5475589544706
1119.8,0.020414198,1237.4591698393915
1119.9,0.00517591,4112.030529013736
1120.0,0.035917055,879.2351116101094
1120.1,0.004542219,3295.4032132725815
1120.2,0.0051010232,3832.617024289051
1120.3,0.001875149,3319.049505986104
1120.4,0.0014556615,6596.269424856983
1120.5,0.0117221605,6224.956511051286
1120.6,0.0018191043,3518.9802679138334
1120.7,0.00029429814,3501.5083802429035
1120.8,0.010717823,2578.2021791951624
1120.9,0.0040709833,2495.9861555687257
1121.0,0.0011906542,2310.7885269838807
1121.1,0.00055833394,2894.4689517611687
1121.2,0.0002637817,3532.0043631574185
1121.3,0.00028458843,3283.248415319273
1121.4,0.00027940777,3436.1128560583275
1121.5,0.0002855737,3371.742079870638
1121.6,0.00027241718,3490.8756469499017
1121.7,0.0002802686,3317.6389192985107
1121.8,0.00026299473,3077.9445512837524
1121.9,0.00030709177,3143.8497671410096
1122.0,0.0003095817,3750.9791243809836
1122.1,0.00027725194,3187.290292257416
1122.2,0.00031703178,3326.9360114531446
1122.3,0.0003065006,3140.4350382797256
1122.4,0.00030669014,3230.622955911074
1122.5,0.00032345485,3256.5053826149706
1122.6,0.0019185077,4174.759608537437
1122.7,0.041152403,1299.4655577052004
1122.8,0.040343035,1672.2764539970972
1122.9,0.0080289,1924.6842975028558
1123.0,0.0034721082,2618.9181949412914
1123.1,0.002326796,8348.203884353721
1123.2,0.005865828,4296.985137093014
1123.3,0.0062813438,3116.526604238288
1123.4,0.0073587117,2520.1003216358963
1123.5,0.001448927,3271.7249778653
1123.6,0.0007628255,2907.781675760697
1123.7,0.0006197062,2715.189425997144
1123.8,0.00035673066,3220.2485466802473
1123.9,0.00036060959,3063.2387374949717
1124.0,0.00032283957,3303.7324315739124
1124.1,0.00035727606,3146.3678282299807
1124.2,0.00033923858,3327.6136692675937
1124.3,0.00036614283,3363.952839322278
1124.4,0.00038583146,3102.75227393473
1124.5,0.007905496,3443.5471493988307
1124.6,0.018081259,1991.176619180899
1124.7,0.0105446,2226.799091002977
1124.8,0.006383291,2631.9799434869324
1124.9,0.003371719,2812.756002650298
1125.0,0.0006601925,2571.490828067065
1125.1,0.00034259257,3525.88718456506
1125.2,0.00030835444,3553.415795022173
1125.3,0.00035736745,3257.6944385179777
1125.4,0.00035854854,3278.122633751369
1125.5,0.00033649674,3338.5059898561867
1125.6,0.00035578036,3091.06300146741
1125.7,0.00034626253,3359.27542797157
1125.8,0.0002988976,3414.849488434411
1125.9,0.0002917326,3640.3979799733856
1126.0,0.0003185429,3344.058919844712
1126.1,0.00030321503,3470.2669493547655
1126.2,0.00033121626,3111.4397268719667
1126.3,0.0003277709,3431.8401328940477
1126.4,0.000335962,3196.057214810128
1126.5,0.0010945403,6528.593630179701
1126.6,0.003059102,5868.127893717671
1126.7,0.014440132,1595.9007928847873
1126.8,0.007452188,1836.6032266599404
1126.9,0.0065255705,3484.5389521311736
1127.0,0.015680332,1026.8867748053835
1127.1,0.007994557,1308.8194580642123
1127.2,0.002281099,2010.3845331793566
1127.3,0.0017327348,1831.5369328002578
1127.4,0.0006932098,2352.8594449696175
1127.5,0.00045272082,3001.971020134197
1127.6,0.00031192132,3537.8047148990054
1127.7,0.00026327535,3633.9503226386987
1127.8,0.0003000534,3413.14649312481
1127.9,0.0003298932,3322.0194245550247
1128.0,0.00031351368,3327.227131559167
1128.1,0.00028361834,3621.243382668816
1128.2,0.00030583722,3305.257699860498
1128.3,0.00034387322,3090.4323018926134
1128.4,0.00033303243,3274.9123276835817
1128.5,0.00034875516,3054.6862765406195
1128.6,0.00033347888,3493.325485305713
1128.7,0.00031389695,3584.5219868520608
1128.8,0.00032141295,3356.069414664342
1128.9,0.0028584572,2004.868110969609
1129.0,0.04388161,589.9038202222061
1129.1,0.034820635,2162.09945740325
1129.2,0.00032110198,3942.41084365818
1129.3,0.029650997,2154.946879720855
1129.4,0.0071723987,2000.9841441155831
1129.5,0.0058990344,1469.9474523742595
1129.6,0.008126182,3154.5705954723953
1129.7,0.039235156,599.7889895570842
1129.8,0.028165456,1948.2685379876245
1129.9,0.0035968171,2667.672728750254
1130.0,0.0040535145,1314.453293335718
1130.1,0.034271795,1488.0601666939915
1130.2,0.024419367,1563.3307375790405
1130.3,0.015260144,1246.095182377835
1130.4,0.003542948,2486.4375549259257
1130.5,0.0114925215,1750.4888746603165
1130.6,0.005017448,1963.63051264026
1130.7,0.0008820451,2677.094650113445
1130.8,0.00047971125,3007.1658984417013
1130.9,0.00033857752,3233.452148523803
1131.0,0.00040750593,3148.0340483941645
1131.1,0.0003435146,3318.4903520600974
1131.2,0.00033304625,3415.994891796772
1131.3,0.00031801246,3345.658036624924
1131.4,0.00035463835,3488.556430052239
1131.5,0.00034210726,3180.4697639275323
1131.6,0.0003178067,3197.217096811333
1131.7,0.0002966037,3681.0822707069265
1131.8,0.004754825,2923.672016962457
1131.9,0.0031440943,1679.6704231661452
1132.0,0.0049491976,2162.004899231562
1132.1,0.018611476,1563.452261863579
1132.2,0.0008057953,2677.9184392499515
1132.3,0.00029861857,3480.814483658157
1132.4,0.00030950553,3170.7117358608425
1132.5,0.00032551546,3232.2317829912226
1132.6,0.00032501077,3184.766925190836
1132.7,0.00030375397,3284.087587717037
1132.8,0.0002895813,3331.0326358130064
1132.9,0.00029459267,3277.8917811185684
1133.0,0.00028991516,3434.5160437546356
1133.1,0.0003195269,3571.557025811991
1133.2,0.0003217329,3064.872458957886
1133.3,0.0003131597,3275.1771141284767
1133.4,0.00030871446,3349.7236368327285
1133.5,0.00030587244,3080.7628649261183
1133.6,0.00033803628,3084.4431610344363
1133.7,0.000289367,3203.66755430469
1133.8,0.000297812,3005.4124345816795
1133.9,0.00031731575,3007.8580400838105
1134.0,0.00032157334,2987.2824987321587
1134.1,0.00029537268,3185.0389801188567
1134.2,0.00029984067,3212.334868384167
1134.3,0.0003175398,3027.0972039175704
1134.4,0.000315783,3225.307471112309
1134.5,0.00030383535,3151.893082606933
1134.6,0.00027200507,3207.40523661843
1134.7,0.0003103323,3249.0624300214104
1134.8,0.00033107522,3142.268892863155
1134.9,0.00028780085,3815.5956113926313
1135.0,0.00028331604,3417.5917713914655
1135.1,0.0002854904,3239.362573952366
1135.2,0.0002781321,3478.2742388453516
1135.3,0.00029408056,3274.806224157058
1135.4,0.00030634968,3269.940886677105
1135.5,0.00030797522,3261.522864744491
1135.6,0.00030279602,2987.805764891056
1135.7,0.00029985097,3369.802863961703
1135.8,0.00027281826,3275.296971093512
1135.9,0.00025274642,3462.1384466129975
1136.0,0.00029834025,3159.440668163838
1136.1,0.00030491888,3062.1879115224306
1136.2,0.00029505475,3164.0104340229195
1136.3,0.00031881712,3253.7308806496294
1136.4,0.00028981504,3069.4831863673244
1136.5,0.00027736483,3024.2446579713796
1136.6,0.0002873634,3146.709068683898
1136.7,0.00027549767,3023.4417769909146
1136.8,0.00029746979,3194.3104451613153
1136.9,0.00032645278,3199.9764075484227
1137.0,0.0003409529,3013.034205829328
1137.1,0.00030982916,3275.3715371222684
1137.2,0.0003142167,3419.9182198252893
1137.3,0.00034312188,3057.0510526048206
1137.4,0.00043347862,2909.9345055447584
1137.5,0.00051369227,2542.379409744691
1137.6,0.0009932345,2158.903576645099
1137.7,0.0025211922,2895.683284268568
1137.8,0.0037834803,3216.0565570501913
1137.9,0.002099337,3037.3967448090184
1138.0,0.0016347972,2618.4705626417226
1138.1,0.0013452133,2386.840742886505
1138.2,0.0009247271,2510.1445772837556
1138.3,0.00087830704,2260.917412291229
1138.4,0.00059290556,2709.933095152681
1138.5,0.0005698014,2559.7417135774863
1138.6,0.00045426065,2862.3344760227014
1138.7,0.00039543296,3126.417616271552
1138.8,0.00032856807,3358.9112333412304
1138.9,0.0003518047,2885.7896016595455
1139.0,0.00036744316,3198.324037443802
1139.1,0.00034946913,3052.8039024986256
1139.2,0.00032539992,3300.5127231825018
1139.3,0.00038825674,2939.2432982914297
1139.4,0.0006000069,2657.91045362886
1139.5,0.000670112,2327.349904276393
1139.6,0.00074827246,2362.5910035583147
1139.7,0.00080520404,2262.728137230028
1139.8,0.00078934414,2284.061191280757
1139.9,0.0006831974,2385.870971009289
1140.0,0.0005372952,2519.808630394129
1140.1,0.0004025216,2831.962961043511
1140.2,0.00032468655,3615.770924459277
1140.3,0.00028146952,3313.4231401253433
1140.4,0.00031438822,3395.0699678661877
1140.5,0.0002973265,3329.1210786209567
1140.6,0.0003721525,2803.56268831102
1140.7,0.0004772999,2882.2905142168543
1140.8,0.0012724835,2542.221245261221
1140.9,0.025040027,1206.036451236582
1141.0,0.036297932,884.9815806541841
1141.1,0.0032513915,1750.2755177067236
1141.2,0.0026700054,1906.2584784508551
1141.3,0.0015517273,2165.064827061177
1141.4,0.0011203559,2212.635772142441
1141.5,0.00079960865,2247.500821995999
1141.6,0.000637217,2392.7640618726014
1141.7,0.00055633317,2854.0711730932094
1141.8,0.0005338818,2956.9377598962506
1141.9,0.00042217548,3036.3779614473356
1142.0,0.00032047063,3439.113672424414
1142.1,0.00037102858,3429.017105420809
1142.2,0.00040337062,3234.436621261374
1142.3,0.00081535004,2405.328077469596
1142.4,0.0007106607,2487.9705257663772
1142.5,0.00050311605,2975.7500922674994
1142.6,0.0005297966,2841.320634886708
1142.7,0.0004936261,3049.4165326952143
1142.8,0.00040667187,3241.9898878521594
1142.9,0.0004620586,3154.43170324566
1143.0,0.0004508773,3158.5507062423794
1143.1,0.00043072147,3193.008289714699
1143.2,0.00044862638,3096.996552468309
1143.3,0.00040203048,3299.1521996839683
1143.4,0.00040386437,3205.8218254020485
1143.5,0.000404473,3362.7664853017313
1143.6,0.00043601825,3388.1857894392424
1143.7,0.00039045635,3480.0158677364907
1143.8,0.0004191774,3490.605783784089
1143.9,0.00039928663,3390.2866459995403
1144.0,0.001768477,2593.50714624407
1144.1,0.003477029,2703.5652249851187
1144.2,0.014160895,1948.0965035642637
1144.3,0.00041584775,3352.2760915086315
1144.4,0.009170049,1774.8273855835655
1144.5,0.021872086,1280.1020608243011
1144.6,0.005273029,2332.6164870187745
1144.7,0.04603341,784.2912907627606
1144.8,0.029873867,948.3823908995055
1144.9,0.014526779,1416.1570879224416
1145.0,0.0035505402,2576.6802192041
1145.1,0.0030760418,2513.246238156978
1145.2,0.0018491115,2059.7866861752855
1145.3,0.0008668353,2410.9841223492585
1145.4,0.0006153112,2567.378839483348
1145.5,0.0003353737,3330.9766396857312
1145.6,0.00036851337,3431.0622567127275
1145.7,0.00033182674,3616.3545112406955
1145.8,0.00032718727,3489.646492563351
1145.9,0.00036296019,3315.7078289358087
1146.0,0.00036510054,3079.339840746784
1146.1,0.00045773195,3034.823809653495
1146.2,0.0004864591,2755.607970487183
1146.3,0.0005153051,2732.4702916842252
1146.4,0.0004905471,2748.557979200454
1146.5,0.000534484,2574.9866420893522
1146.6,0.0007888988,2329.2247764306667
1146.7,0.00073306024,2324.832871607641
1146.8,0.00064880156,2513.5939716214352
1146.9,0.00068703806,2429.154753656071
1147.0,0.00058043585,2600.026154113595
1147.1,0.000626344,2580.3254510388906
1147.2,0.00054999,2844.3684642437856
1147.3,0.00047630607,2715.205402216813
1147.4,0.00048500544,2706.4003503100603
1147.5,0.0003781262,3034.2926705646014
1147.6,0.00032087386,3315.647248055827
1147.7,0.00032293436,3357.117986417348
1147.8,0.0003185979,3395.0364002442557
1147.9,0.0003475321,3566.575919972172
1148.0,0.0003310007,3418.6291516902807
1148.1,0.00029066624,3708.0950199861672
1148.2,0.00028710385,3509.8628956020584
1148.3,0.0003142485,3338.1877839614617
1148.4,0.00031466986,3317.3994880020887
1148.5,0.0010365892,2155.185172399365
1148.6,0.003085668,1672.450380051509
1148.7,0.0031872224,1668.0757985184216
1148.8,0.0021972829,1853.9684810467734
1148.9,0.0016192531,2036.5544007201042
1149.0,0.0013958823,1940.1323790513393
1149.1,0.0010471339,2040.0765662676956
1149.2,0.0006665049,2513.097996008871
1149.3,0.00050554145,2843.1287825016325
1149.4,0.00037787438,2779.8723575359645
1149.5,0.00032785206,3157.253212829894
1149.6,0.00033613702,3178.7238222189876
1149.7,0.00034766176,3339.677024937606
1149.8,0.00036100624,3042.1300889382283
1149.9,0.00035512538,3159.684301886055
1150.0,0.0003091642,3131.046520620641
1150.1,0.00030650967,3250.4826984696133
1150.2,0.00034423915,3288.378825443829
1150.3,0.00034186625,3277.358106335798
1150.4,0.00034495318,3260.7097663659656
1150.5,0.00031862804,3455.547372339114
1150.6,0.00034351082,3265.676067433663
1150.7,0.00030319544,3549.1398538485705
1150.8,0.0003329797,3444.5187198907693
1150.9,0.00030603923,3510.3440623134998
1151.0,0.00031847775,3705.599432453661
1151.1,0.00035560445,3277.112482859636
1151.2,0.0006015139,2611.529630065451
1151.3,0.0031741718,3608.5484948391213
1151.4,0.074985735,588.5078564616393
1151.5,0.039375383,1466.3319434335585
1151.6,0.0043056584,1996.6821399270407
1151.7,0.0038527325,4987.681686501251
1151.8,0.06500272,1491.9525609364123
1151.9,0.006482226,2071.5745593410315
1152.0,0.005184054,1915.5603111992975
1152.1,0.0028033522,1981.3763950861787
1152.2,0.0021906688,1847.4390298765675
1152.3,0.001356756,1966.218370789232
1152.4,0.0010412999,2294.5370295633466
1152.5,0.0009742062,2279.3720145862935
1152.6,0.0005865688,2698.9082657964814
1152.7,0.00033916824,3505.8656908551657
1152.8,0.001234898,2551.7332129918436
1152.9,0.036256902,565.5622561237818
1153.0,0.03206725,1074.60753381923
1153.1,0.00689887,2015.827164550446
1153.2,0.0019092163,2941.247152922417
1153.3,0.0014633493,2636.3737141634665
1153.4,0.0031807572,2357.592018043443
1153.5,0.0019565858,2432.7866666182044
1153.6,0.0013960968,1994.683376668984
1153.7,0.000529655,3198.485782624086
1153.8,0.00034185455,3357.2727553942345
1153.9,0.00037873184,3206.951423123207
1154.0,0.000659151,2511.742228816427
1154.1,0.0012494174,2209.6187333252396
1154.2,0.0024124973,2030.1575924598922
1154.3,0.0019116792,1917.8392487271035
1154.4,0.0013290704,2067.237471568655
1154.5,0.0007946465,2443.077526902099
1154.6,0.00048007377,2863.02971177997
1154.7,0.00040029423,3173.8701453922354
1154.8,0.0003569849,3396.771960827902
1154.9,0.00035336672,3343.90435620438
1155.0,0.00037914948,3182.2742075665815
1155.1,0.00032148967,3226.422941440153
1155.2,0.00039240316,3085.811346904425
1155.3,0.00033092775,3528.6517585270913
1155.4,0.0003520801,3322.4776510374113
1155.5,0.0003748401,3488.012576626831
1155.6,0.00042236698,3182.6314445743837
1155.7,0.00037156386,3308.3605195988343
1155.8,0.00035950533,3272.474314261706
1155.9,0.0004726607,3192.8877046325133
1156.0,0.0008532174,2633.560828942601
1156.1,0.002031177,2462.23709221835
1156.2,0.041780557,602.7653720489526
1156.3,0.0026396785,1750.0562294002018
1156.4,0.0014703049,2135.310449181904
1156.5,0.0014522381,1996.4895620072302
1156.6,0.0010773223,2137.218879261218
1156.7,0.000678831,2692.727471972255
1156.8,0.0018352759,1743.4878247904508
1156.9,0.011332675,1466.257728743403
1157.0,0.0025163107,1914.7459671936058
1157.1,0.0012677717,2172.356580620147
1157.2,0.0011734812,2025.0101914460165
1157.3,0.00077023736,2555.763182523176
1157.4,0.00048440218,3029.0729280586893
1157.5,0.00034273934,3394.025243859389
1157.6,0.0003835947,3389.7667368081457
1157.7,0.00040263572,3058.1751640254624
1157.8,0.00034992924,3535.3822689317135
1157.9,0.0011125084,2703.006694993729
1158.0,0.0010774035,2249.1331445876313
1158.1,0.0017037222,2057.1834976869286
1158.2,0.0014134379,1885.88412706674
1158.3,0.001050835,2019.8642237840706
1158.4,0.0008619249,2246.349719519203
1158.5,0.0006272217,2485.577403748997
1158.6,0.00048581554,2832.3056411336356
1158.7,0.00038432292,3047.830286625978
1158.8,0.00035876103,3112.4865272833135
1158.9,0.0003033513,3383.1120924701218
1159.0,0.00036099672,3044.011683460144
1159.1,0.00032457674,3425.5422302842608
1159.2,0.00034697758,3173.9555522305463
1159.3,0.00034395538,3340.6788885509577
1159.4,0.00050815294,3029.370711763874
1159.5,0.00029596494,3462.0019471202854
1159.6,0.0003561124,3420.8651973236992
1159.7,0.00031560002,3761.582420497002
1159.8,0.00032027156,3097.5010760216865
1159.9,0.00030384728,3270.8096963470653
1160.0,0.00030439536,3252.9197660328996
1160.1,0.0003267372,3008.802446618733
1160.2,0.00032579136,3250.41959052358
1160.3,0.00052940723,2664.8220246964875
1160.4,0.00067514234,2459.2343526086725
1160.5,0.00055938755,2545.4244639579783
1160.6,0.0004872083,2533.547084680693
1160.7,0.0004901021,2794.5323125952646
1160.8,0.0005614012,2814.31209510891
1160.9,0.00054142554,2557.2893358777724
1161.0,0.0007276946,2293.001288308312
1161.1,0.0006695713,2508.9103416286334
1161.2,0.0018954042,6175.085181488581
1161.3,0.004235019,5659.124468766408
1161.4,0.033095337,1306.708525425307
1161.5,0.0133122355,1425.5495819369735
1161.6,0.0014331224,2523.1792242091587
1161.7,0.00029901715,3591.8394262700212
1161.8,0.00030041172,3538.3057628923953
1161.9,0.0003534242,3183.168388349844
1162.0,0.002845841,2486.5023995443607
1162.1,0.004409848,1943.1772169470762
1162.2,0.006210465,1945.1199072414938
1162.3,0.002065944,1754.8905805380577
1162.4,0.0006362784,2356.412626778031
1162.5,0.0002902099,3358.757780528353
1162.6,0.00031013275,3343.838572806998
1162.7,0.00062569405,2319.8653056197245
1162.8,0.000976986,2156.5777339207257
1162.9,0.0009449696,2283.9265164365265
1163.0,0.0010649217,2031.105134064206
1163.1,0.000945945,2039.767488814015
1163.2,0.001815293,1871.7664483526694
1163.3,0.0012084754,2091.645511128029
1163.4,0.0009374363,2176.34767094362
1163.5,0.0008199437,2163.585998004447
1163.6,0.00065375725,2407.8657262167235
1163.7,0.0004781746,2833.421300891124
1163.8,0.0006818102,2356.070522659658
1163.9,0.00067195063,2346.6717314516322
1164.0,0.0005501044,2398.698789288731
1164.1,0.0005714542,2604.9990582327673
1164.2,0.0004583389,2837.4890883375956
1164.3,0.0005192631,2619.608187266866
1164.4,0.00045331384,2763.6656420045815
1164.5,0.00040746346,3196.0272533437687
1164.6,0.00040920367,2777.9535582230087
1164.7,0.0004237906,3028.6574859968237
1164.8,0.00045417875,2987.593077690917
1164.9,0.0005277547,2860.469982806655
1165.0,0.00042115973,3065.308161515881
1165.1,0.00034483284,3371.1940400350313
1165.2,0.00036330795,3361.7219871094294
1165.3,0.00039374456,3248.691558477884
1165.4,0.00040776428,3334.759499370687
1165.5,0.00037315086,3111.7968390668507
1165.6,0.0003637931,3228.366037588182
1165.7,0.0003401918,3198.683818579692
1165.8,0.0005029491,2728.4178735498967
1165.9,0.0016537629,1891.6639793739719
1166.0,0.0049707177,2348.653761512107
1166.1,0.06357309,1316.1370175950033
1166.2,0.005398224,6352.531732359107
1166.3,0.0060413345,5702.70824643636
1166.4,0.015805451,1393.2025846315614
1166.5,0.013347777,1552.4628467433129
1166.6,0.030721866,1590.3178202350043
1166.7,0.009568222,1821.2082087533688
1166.8,0.008537553,1996.276777093635
1166.9,0.0059191426,2275.8103658894825
1167.0,0.004093123,1999.8157932884833
1167.1,0.0027006834,1911.6677218357827
1167.2,0.0020747015,1867.796020473567
1167.3,0.0015217277,1757.5852360537328
1167.4,0.0010321789,1900.5030541443484
1167.5,0.000732083,2476.5171817677738
1167.6,0.0005224696,2651.4808506304894
1167.7,0.00038946865,2888.3564055653937
1167.8,0.0003641084,3045.7964774967013
1167.9,0.0003822886,3233.299570423772
1168.0,0.0003303188,3482.6093568811234
1168.1,0.00035358348,3579.0944095131076
1168.2,0.0003249678,3134.4953890000215
1168.3,0.00035133839,3061.6358399357323
1168.4,0.00036888526,2924.949294724498
1168.5,0.00035107884,3114.589281643109
1168.6,0.0003314663,2969.18140575659
1168.7,0.0003310953,2909.792151152159
1168.8,0.00033308574,3174.4429356206183
1168.9,0.00035489743,3101.016924873899
1169.0,0.00034866293,3364.145467517808
1169.1,0.00035257443,2871.121644328694
1169.2,0.0003404737,3132.3121525992115
1169.3,0.00036930773,2859.8993538563923
1169.4,0.0003414982,3588.714496327503
1169.5,0.0003643197,3026.1671656871913
1169.6,0.00032315214,3227.5419411135476
1169.7,0.00030441588,3261.200763213439
1169.8,0.00031521954,3216.099922689157
1169.9,0.00032572218,3212.397312862716
1170.0,0.00032784074,3589.555426526587
1170.1,0.00032105827,3198.5722532288205
1170.2,0.00030843928,3625.0324509426846
1170.3,0.00029114287,3040.593981399866
1170.4,0.00030137922,3596.4322219256555
1170.5,0.00032700613,3082.05919895682
1170.6,0.00035027033,3070.7818268518713
1170.7,0.00032277495,3174.7211946112443
1170.8,0.0003340216,3304.026222305577
1170.9,0.00034064963,3162.614344475237
1171.0,0.0003638833,3187.7106879574626
1171.1,0.00033347998,3021.9723589114687
1171.2,0.00033101352,2963.237060159456
1171.3,0.00033825662,2958.517824439768
1171.4,0.00032501132,2988.1675434690064
1171.5,0.00028734343,3448.1797618554883
1171.6,0.00030023095,3180.1016653599245
1171.7,0.00030166464,2957.6513446180616
1171.8,0.00032083006,2956.0554037830802
1171.9,0.00032203947,3357.774530865799
1172.0,0.00033704194,3192.433445071328
1172.1,0.0003711734,3078.033548952695
1172.2,0.00052127085,2617.017747126456
1172.3,0.00067810307,2389.780955090074
1172.4,0.0009963854,2222.6140467100845
1172.5,0.001136262,2096.151329778678
1172.6,0.00087324245,2303.5913651795177
1172.7,0.0008707281,2170.91215847104
1172.8,0.00082290743,2173.635216597454
1172.9,0.0007143329,2361.422580377474
1173.0,0.00065852475,2412.6144238332904
1173.1,0.0006041287,2435.4336486365783
1173.2,0.00053671165,2564.1912055950083
1173.3,0.00047904294,2688.5309693447184
1173.4,0.00047750806,2874.2044107773777
1173.5,0.00042698675,2712.094621384874
1173.6,0.00032656975,3158.3611552756697
1173.7,0.00033720542,3083.2730581787814
1173.8,0.00029944553,3467.410624147725
1173.9,0.0002883856,3290.0025677537164
1174.0,0.00029167483,3304.7074371860535
1174.1,0.0003117894,3201.158080401156
1174.2,0.0002917252,3209.4150191765384
1174.3,0.0002998787,3372.810377412797
1174.4,0.00027704774,3505.977632530541
1174.5,0.0002793842,3478.715185738859
1174.6,0.0003334268,3168.401884431034
1174.7,0.00037527108,3361.892727939239
1174.8,0.00071527093,2271.9543826580116
1174.9,0.0005486522,2638.0554644751946
1175.0,0.0008406339,2296.3237135211693
1175.1,0.0007876167,2372.1276423330996
1175.2,0.0009248364,2278.294962918737
1175.3,0.0009690233,2285.6979843474105
1175.4,0.00074817473,2247.109181856413
1175.5,0.00083955814,2008.6110559969995
1175.6,0.0007631381,2438.6442151258516
1175.7,0.0008170705,2202.522510855174
1175.8,0.0007560292,2367.131884748631
1175.9,0.0010041732,2073.371520597899
1176.0,0.0010121067,2081.2977445537713
1176.1,0.0010036995,2057.0688629714796
1176.2,0.0011562147,1972.568995196597
1176.3,0.0008498028,2140.120502473943
1176.4,0.00082555984,2299.827200010942
1176.5,0.00074098544,2463.254356552785
1176.6,0.0004745653,2733.508648893355
1176.7,0.00040918737,2757.6125003768593
1176.8,0.00034172952,3287.682571264808
1176.9,0.00026877882,3334.4878783213217
1177.0,0.00030869895,3297.068530463179
1177.1,0.00027715825,3493.71616128189
1177.2,0.0003165404,3575.743190209548
1177.3,0.00030205055,3284.0994806917097
1177.4,0.00028519952,3154.996689059476
1177.5,0.00031084294,3760.5145401009604
1177.6,0.00029750465,3346.636939516229
1177.7,0.00031726257,3296.051756729681
1177.8,0.00030333124,3348.54864421172
1177.9,0.00028433293,3408.191833675646
1178.0,0.00034353143,3122.256055392387
1178.1,0.00033290908,3166.444130656506
1178.2,0.00033910255,3278.7581285723522
1178.3,0.00032853367,3196.9352457262366
1178.4,0.0003802776,3486.30586611703
1178.5,0.00040947332,3055.531918780454
1178.6,0.0005363262,3296.7576644635674
1178.7,0.0007696537,2312.7715872161994
1178.8,0.0011858054,1992.1575574998578
1178.9,0.0012118707,1957.0951018424616
1179.0,0.001194098,2099.230641271004
1179.1,0.0012236927,1866.5130916869707
1179.2,0.0012631444,2011.6730719799143
1179.3,0.0009983267,2162.3755437970685
1179.4,0.00097255554,2359.6859893413357
1179.5,0.00075765455,2323.8645495231353
1179.6,0.0009394455,2186.1251121182886
1179.7,0.00058093574,2942.4593643902167
1179.8,0.0005699039,3024.155241220597
1179.9,0.00052582036,2899.955730387087
1180.0,0.00049408025,3018.6432337227498
1180.1,0.00046518334,2726.008875275073
1180.2,0.00040110946,3201.806239264644
1180.3,0.0003368014,3325.039136030993
1180.4,0.00038941155,3362.9234943704005
1180.5,0.0003328796,3517.5367352193716
1180.6,0.0003578634,3203.4282548966744
1180.7,0.00034279772,3416.9897268698296
1180.8,0.00036602333,3217.9095535327233
1180.9,0.00033608908,3367.068188317812
1181.0,0.00035642003,3055.0306689465733
1181.1,0.00031591184,3460.257351114621
1181.2,0.00033413863,3444.4958516920688
1181.3,0.00035386262,3450.9394765112424
1181.4,0.00032994704,3333.2364846527216
1181.5,0.00052344945,2634.765023987871
1181.6,0.0006067203,2541.307757079966
1181.7,0.0019016585,1557.7936397786996
1181.8,0.0020581863,1514.6439809968015
1181.9,0.0012891869,1963.150917145193
1182.0,0.0013253571,1972.688255869596
1182.1,0.000847436,2271.642028326002
1182.2,0.0014209751,1762.8465885190649
1182.3,0.0010706693,2031.9472010678796
1182.4,0.0009458871,2263.7293364231464
1182.5,0.0010924044,2030.1602276310714
1182.6,0.0010439128,2123.495314289201
1182.7,0.00095870084,2216.5008616301575
1182.8,0.00074188865,2520.3884725395405
1182.9,0.00081745576,2377.306232141099
1183.0,0.000959634,2057.6563063608633
1183.1,0.00085431343,2305.066944028734
1183.2,0.00086672907,2283.940489258911
1183.3,0.0007174082,2494.2927886994416
1183.4,0.00053320965,2782.088957849581
1183.5,0.00059114804,2845.014392267597
1183.6,0.00050723896,2761.3017288050646
1183.7,0.0005124439,3043.151209906405
1183.8,0.00060000457,2794.4108620435773
1183.9,0.00048936094,2874.818015070338
1184.0,0.000443943,3155.939231869479
1184.1,0.00044347547,2961.207177565542
1184.2,0.00046816218,2835.72791831861
1184.3,0.00036749302,3332.2644300642437
1184.4,0.0003347848,3583.928733429227
1184.5,0.00031068514,3359.215314017553
1184.6,0.0002799181,3732.5358426418575
1184.7,0.00034602865,3654.17431334856
1184.8,0.00030278324,3696.8525156510364
1184.9,0.00030105343,3653.8621889626875
1185.0,0.00032072904,3309.0552849125434
1185.1,0.00031740713,3571.395008842306
1185.2,0.00032597056,3383.5455621466026
1185.3,0.00030614802,3452.5096672114387
1185.4,0.00033089975,3508.0173101243176
1185.5,0.00031899556,3479.3269083995665
1185.6,0.0003438383,3240.3763882573194
1185.7,0.00034535394,3417.5357659905567
1185.8,0.00042741766,2838.8497628697332
1185.9,0.00039457664,3279.760872815712
1186.0,0.00060920394,2781.520983923394
1186.1,0.0010153629,2307.169568025157
1186.2,0.0014760894,1931.9251414398987
1186.3,0.0011882783,2144.8155606628766
1186.4,0.0010367904,2141.286228340051
1186.5,0.0007728032,2420.1981027341103
1186.6,0.00067089044,2397.4063611501565
1186.7,0.00073095853,2300.9144423465314
1186.8,0.00078541914,2409.4615808158105
1186.9,0.0007784006,2344.1452607625465
1187.0,0.0006304805,2552.3724122864533
1187.1,0.0007155375,2314.0826799097613
1187.2,0.0007346259,2372.0274650693527
1187.3,0.00077132165,2243.2715564794244
1187.4,0.0005209572,2706.1434503051896
1187.5,0.0004015224,3203.2367851855097
1187.6,0.00042411874,3211.421199477978
1187.7,0.0003809387,3122.7165582510106
1187.8,0.00037510679,3066.555131762009
1187.9,0.00033322288,3204.432716117042
1188.0,0.00033097324,3104.6840519880984
1188.1,0.0003071274,3741.052791560009
1188.2,0.00031255916,3537.814485828336
1188.3,0.00028172167,3747.9369055187663
1188.4,0.00032317862,3243.874726457764
1188.5,0.00035937587,3213.5538594137006
1188.6,0.00033249735,3455.4236637712684
1188.7,0.00034045783,3145.1150501789994
1188.8,0.00034281655,3128.5226242828003
1188.9,0.0003691433,3124.9148622817706
1189.0,0.000556823,2704.2738178911277
1189.1,0.0004862891,2863.1383554744366
1189.2,0.0007235904,2384.92095653666
1189.3,0.00080192066,2359.2085711919103
1189.4,0.0010876751,2102.70125148391
1189.5,0.0010672162,2187.9216231216283
1189.6,0.001082414,2135.3958157320485
1189.7,0.0008988656,2366.012529489213
1189.8,0.00079600315,2307.218723008028
1189.9,0.000761937,2252.5898071210745
1190.0,0.00076980534,2378.80675478965
1190.1,0.00079032034,2283.4767225000987
1190.2,0.0009384592,2292.670517734615
1190.3,0.00080248324,2316.0723320055517
1190.4,0.00078734645,2478.568068059794
1190.5,0.0008068309,2193.483772683847
1190.6,0.0007493673,2432.4102682534312
1190.7,0.00060387567,2675.8708527116555
1190.8,0.00059845066,2534.849135516576
1190.9,0.0006955276,2391.182613378362
1191.0,0.0004981231,2622.9602711039406
1191.1,0.00054146594,2609.4822566463445
1191.2,0.00056100707,2750.859723711808
1191.3,0.0004200685,2818.5151714478134
1191.4,0.00049028476,2723.6675301927344
1191.5,0.0003740835,3003.4329328025656
1191.6,0.0004037555,3096.909510684938
1191.7,0.0003277993,3186.5433957390624
1191.8,0.00031215118,3251.546171160459
1191.9,0.00036931585,3001.102109467023
1192.0,0.00028900133,3339.7313823640575
1192.1,0.00029310078,3498.9794649068526
1192.2,0.000335526,3715.819941025641
1192.3,0.00032100355,3328.627729559481
1192.4,0.0003295665,3276.119624388422
1192.5,0.00033257584,3241.276837908689
1192.6,0.00031093523,3403.573481432072
1192.7,0.0003409175,3020.8860428856037
1192.8,0.0003248988,3598.0967965115806
1192.9,0.0002972407,3462.4971929340018
1193.0,0.00033580646,3171.8406594301423
1193.1,0.00030019827,3491.100903554819
1193.2,0.00030435488,3532.391648476717
1193.3,0.0003378391,3208.6592631279577
1193.4,0.00033170744,3457.4005418012775
1193.5,0.00035085488,3495.248032399239
1193.6,0.00045540635,3004.9458480184967
1193.7,0.00033910302,3333.755364230468
1193.8,0.0003385541,3302.0790987832706
1193.9,0.00035631037,3342.5907600536393
1194.0,0.00033045234,3709.2104824334924
1194.1,0.00035143833,3358.150579659023
1194.2,0.00031526637,3351.8175327196723
1194.3,0.00034189204,3225.862160497304
1194.4,0.00034406988,3234.9186555140755
1194.5,0.0003197419,3232.8634001923165
1194.6,0.00043762126,2965.768930981425
1194.7,0.0003818425,3180.0499027040773
1194.8,0.0003975879,2989.365873162482
1194.9,0.0004422417,2997.897882456493
1195.0,0.000545238,2414.1008060318995
1195.1,0.00064930634,2376.55380006744
1195.2,0.000630718,2562.754516998251
1195.3,0.0006560677,2368.4102295380444
1195.4,0.00070273544,2346.253133252294
1195.5,0.00069809065,2451.958414218072
1195.6,0.00074354623,2337.35258544714
1195.7,0.000654566,2403.9742720456857
1195.8,0.0006727872,2582.4986328334962
1195.9,0.0008007297,2356.0099321184043
1196.0,0.0006587543,2452.199705858977
1196.1,0.0005474663,2723.031880783345
1196.2,0.00051987823,2768.6907153628476
1196.3,0.00054547476,2888.916546451548
1196.4,0.0004323126,3162.772080768953
1196.5,0.00040496758,3066.80518536182
1196.6,0.00042807157,2891.6250753957074
1196.7,0.00040203735,3336.241129116924
1196.8,0.00040273534,3159.7711908902556
1196.9,0.0004051074,3273.05296069076
1197.0,0.00037883644,3183.1152046540624
1197.1,0.0003768507,3540.022627018717
1197.2,0.00035196895,3262.326025184992
1197.3,0.0003227982,3467.7304453306756
1197.4,0.0003410408,3345.859242272325
1197.5,0.00035867118,3302.5147641077697
1197.6,0.00038251688,3266.973889450635
1197.7,0.00040361093,3278.6246321626477
1197.8,0.00035592593,3403.954878946267
1197.9,0.0003911249,3466.5916166709776
1198.0,0.00041845394,3336.687543681957
1198.1,0.0003953281,3463.6885239098556
1198.2,0.00046424314,3217.577615087891
1198.3,0.00051289814,2873.722287169347
1198.4,0.00046603745,3182.6123758999493
1198.5,0.0005245107,2952.353009960391
1198.6,0.00051761535,3112.954605485852
1198.7,0.0005078231,3203.7808010436274
1198.8,0.00053602643,2849.5030149374625
1198.9,0.00057621766,2944.851944204249
1199.0,0.0006788868,2761.5901048983183
1199.1,0.0005682211,2986.837247405168
1199.2,0.00066250114,2562.3292771374195
1199.3,0.00075364567,2622.8149551793963
1199.4,0.00085934607,2500.9160432383733
1199.5,0.00079691363,2671.3438165659377
1199.6,0.0007196788,2567.1797069261256
1199.7,0.0006337743,2620.0916082187377
1199.8,0.0005064953,3016.209530084689
1199.9,0.00050665735,2915.7174723571393
1200.0,0.0005872966,2623.930178248514
1200.1,0.0006121073,2849.4432561930253
1200.2,0.00068147824,2777.9929901713826
1200.3,0.0006864134,2587.6369512858246
1200.4,0.00061783346,2744.1862828386647
1200.5,0.0006838559,2811.0260830241177
1200.6,0.0006138002,2811.0028440163555
1200.7,0.0006215924,2754.015558333563
1200.8,0.0005160882,2903.9813730109536
1200.9,0.00053912395,2610.5825559825935
1201.0,0.00046214132,3180.2729230973655
1201.1,0.00045362514,2951.5240227368263
1201.2,0.00045027168,3219.0241880435756
1201.3,0.000417648,3000.929597264095
1201.4,0.00047949454,2912.133520762779
1201.5,0.00037753332,3250.4579216317024
1201.6,0.0003810455,3032.626128341404
1201.7,0.0003174712,3538.1279203370923
1201.8,0.00038138646,3056.2880110614115
1201.9,0.0003262273,3483.6973170991937
1202.0,0.00032497296,3315.737715239099
1202.1,0.00030922316,3488.8969527889963
1202.2,0.00031916946,3455.64682701148
1202.3,0.00034197434,3267.227382955603
1202.4,0.00032368113,3808.6954718553407
1202.5,0.00029141226,3795.979692056357
1202.6,0.00033050045,3327.2321035338628
1202.7,0.0003447786,3206.007957132887
1202.8,0.00028845045,3520.4708958322817
1202.9,0.00027641075,3725.4802207279026
1203.0,0.00030247975,3503.8999833635876
1203.1,0.00032899785,3238.73608989521
1203.2,0.00033326045,3478.9864810785302
1203.3,0.0003034947,3718.3194177520622
1203.4,0.00032990295,3214.172266276959
1203.5,0.0002787509,3587.885570493396
1203.6,0.00034952525,3312.1533177443202
1203.7,0.0003397621,3321.118152937056
1203.8,0.0004061601,2988.356469819487
1203.9,0.00055187836,2521.884183578096
1204.0,0.00047597365,2901.990708207406
1204.1,0.0006111162,2450.9713882540523
1204.2,0.00065477827,2561.781578018149
1204.3,0.0008395482,2113.995541373406
1204.4,0.0007018036,2235.6766425246624
1204.5,0.000573943,2364.7155558576887
1204.6,0.0007733109,2357.161461635546
1204.7,0.0005032886,2812.958262786571
1204.8,0.00063326414,2476.0251928922657
1204.9,0.000472644,2651.704746820224
1205.0,0.00055751397,2764.7168147296416
1205.1,0.00055581355,2576.4610414218314
1205.2,0.0004784617,2788.150241189003
1205.3,0.00046882904,2676.552270663576
1205.4,0.00036917324,3124.7198106564833
1205.5,0.0003961476,3293.967518157252
1205.6,0.0003280366,3299.806923650218
1205.7,0.00037075262,3277.9537102295017
1205.8,0.00035307417,3246.5243210895937
1205.9,0.0003316437,3631.8483507159417
1206.0,0.00033530957,3417.093627141157
1206.1,0.0003198123,3812.4672733458756
1206.2,0.0003233895,3443.9339005333645
1206.3,0.0003025841,3592.793765747244
1206.4,0.0003155083,3572.8672162361
1206.5,0.00033949412,3412.824965367541
1206.6,0.00034055754,3126.7840718952625
1206.7,0.00033451317,3395.9888754485996
1206.8,0.00033987424,3353.2564685752395
1206.9,0.00041346002,3379.837738751642
1207.0,0.0003474248,3523.100638056344
1207.1,0.00038711753,3246.3799518381165
1207.2,0.00035431757,3469.8511308074667
1207.3,0.0004770428,3059.47274018592
1207.4,0.00042518633,3175.8743478837305
1207.5,0.00045395194,3395.038999388355
1207.6,0.00042745986,3108.7258728601937
1207.7,0.00041515622,3180.5480892667674
1207.8,0.00044347323,2980.2289342729364
1207.9,0.00046250902,2938.9751098085185
1208.0,0.0005467232,3024.5258704141525
1208.1,0.00065681187,2807.4457507510388
1208.2,0.00060839014,2714.4722702236163
1208.3,0.00054850476,2833.15440563745
1208.4,0.0006699472,2557.446957960419
1208.5,0.0008738328,2142.398475873466
1208.6,0.0011990984,2292.006929567407
1208.7,0.0008546724,2487.9378964212938
1208.8,0.0007651657,2425.878186307114
1208.9,0.00063298206,2714.322555266049
1209.0,0.00050684507,2919.4802370050093
1209.1,0.00070567726,2510.991919415553
1209.2,0.00057788653,2515.943797133514
1209.3,0.0004814108,3150.8254314217743
1209.4,0.0005254993,2853.480719484397
1209.5,0.0004917752,2887.954178276028
1209.6,0.00061109086,2566.9136621558723
1209.7,0.0005749676,2627.688240780733
1209.8,0.00049721915,3064.052436518918
1209.9,0.0004902617,3078.3207463800563
1210.0,0.00051308086,2847.690288437678
1210.1,0.0004635874,3067.7355611036264
1210.2,0.0005233474,2756.839068992778
1210.3,0.0004791824,2794.7695363008606
1210.4,0.000485991,3007.403938109823
1210.5,0.00042352086,3078.7534834764383
1210.6,0.0003689339,3414.324982812656
1210.7,0.00035558658,3617.4721261328655
1210.8,0.00037410916,3559.6271674820496
1210.9,0.00041058587,3226.374393931197
1211.0,0.00034712977,3718.116753903744
1211.1,0.00035502517,3623.6094179581196
1211.2,0.0003987415,3710.0672045708316
1211.3,0.00044738245,3279.76055644957
1211.4,0.00042290633,3438.6259190570668
1211.5,0.0004137414,3462.8557142381537
1211.6,0.00046178437,3247.9196934622314
1211.7,0.00040346803,3716.144514581642
1211.8,0.00039023175,3633.828587683512
1211.9,0.00045642964,3456.2905418035834
1212.0,0.0004070863,3652.2325082326024
1212.1,0.00045877747,3327.8436960743193
1212.2,0.00072933716,3329.910105962034
1212.3,0.00051142264,3448.1806771240344
1212.4,0.00054002326,3241.923125280649
1212.5,0.00056874455,3219.817562366669
1212.6,0.00054653187,3186.941164775839
1212.7,0.0006529889,2808.697428688647
1212.8,0.00066732755,2878.5500477667497
1212.9,0.0007533622,2584.870002138169
1213.0,0.00061433733,2712.5076333553016
1213.1,0.0006281647,2635.418004268037
1213.2,0.0007677755,2477.1092660270456
1213.3,0.00069645204,2572.563507569653
1213.4,0.00087524264,2277.671155881988
1213.5,0.00075571897,2531.5084720239956
1213.6,0.0013380834,2414.7200776325294
1213.7,0.00058039534,2509.8884169474936
1213.8,0.0012694005,1935.0375513018148
1213.9,0.00083784247,2326.957432360771
1214.0,0.00063875853,2456.4963787749457
1214.1,0.0007244108,2655.697943357644
1214.2,0.0006134695,2920.3368471815356
1214.3,0.0004997183,2836.82187757691
1214.4,0.00055201934,2884.983793948384
1214.5,0.00044037457,3046.4753485773335
1214.6,0.00046778604,2860.9395000846225
1214.7,0.00049339933,3086.4546974839864
1214.8,0.0003452954,3586.6493826462643
1214.9,0.00037105102,3242.9252837899576
1215.0,0.0003139552,3420.3211055652655
1215.1,0.00036088526,3325.973850679433
1215.2,0.0003243801,3391.9374480995816
1215.3,0.00035334766,3430.947452877471
1215.4,0.0003234367,3594.729186341078
1215.5,0.00033513916,3292.0624258779276
1215.6,0.0003429325,3583.2468970790605
1215.7,0.0003347584,3723.3938548365013
1215.8,0.0002817458,3919.311705532902
1215.9,0.0002912945,3829.9011311038994
1216.0,0.00031566925,3624.0498278443265
1216.1,0.00030408602,3579.0944613122183
1216.2,0.00030606054,4012.8566203638347
1216.3,0.00035005185,3240.21857199668
1216.4,0.0003206259,3364.1368589861477
1216.5,0.00030542578,3428.0405165514117
1216.6,0.0003043012,3506.7525895629365
1216.7,0.00029275153,3498.519707453559
1216.8,0.0003466351,3147.9253087879006
1216.9,0.0003907277,3199.982264539505
1217.0,0.00042867067,3149.4441274305113
1217.1,0.00064145937,2566.1508748410565
1217.2,0.00068047526,2372.6865410095033
1217.3,0.0008766722,2149.5575266486157
1217.4,0.00082655664,2086.024004136924
1217.5,0.00076064665,2460.5201154360598
1217.6,0.0008469486,2271.931679436397
1217.7,0.00091107516,2153.4917781728736
1217.8,0.0008358537,2262.3434283617357
1217.9,0.0008108188,2242.6870071478015
1218.0,0.00074430654,2295.041460562915
1218.1,0.0007062877,2356.232415711128
1218.2,0.0006702266,2274.285380373599
1218.3,0.00062724727,2471.5881759905333
1218.4,0.00059334363,2778.3880044872312
1218.5,0.0007372475,2207.9649295595163
1218.6,0.0006083508,2410.9870149241115
1218.7,0.0006135266,2414.9375604094976
1218.8,0.0005844179,2506.8463265634446
1218.9,0.00046997672,2703.3494690915804
1219.0,0.0006137698,2581.575831956694
1219.1,0.00061004324,2624.971434136704
1219.2,0.00051683764,2782.9203646317474
1219.3,0.0005705363,2791.404321573903
1219.4,0.00052566075,2699.6138417153957
1219.5,0.00066104863,2480.898019942897
1219.6,0.00063391967,2381.4653677003257
1219.7,0.00074348744,2253.51310888412
1219.8,0.0006267758,2325.6360505781195
1219.9,0.0005010303,2451.274703773289
1220.0,0.00037761277,3066.1705966835534
1220.1,0.00037065218,3109.649573414812
1220.2,0.00034108045,3301.400246882038
1220.3,0.00034969792,3255.599600807879
1220.4,0.00033974217,3179.7547744353483
1220.5,0.00032315776,3490.404989973209
1220.6,0.00033766896,3296.388478484188
1220.7,0.00030574363,3419.8200726894324
1220.8,0.00033239953,3628.1966998758835
1220.9,0.00033618294,3461.4115147761977
1221.0,0.00031908342,3434.276027667529
1221.1,0.0003388348,3387.89593742688
1221.2,0.0003587305,3432.763314372814
1221.3,0.00036852292,3284.932545813826
1221.4,0.0003162641,3395.4484725367497
1221.5,0.0003043485,3793.5952205513754
1221.6,0.00036969339,3395.0256273424284
1221.7,0.00035424944,3237.6142701838353
1221.8,0.0004905889,2976.5859398165785
1221.9,0.0004989314,2927.0353955638534
1222.0,0.0006676929,2541.6715998760974
1222.1,0.00066892593,2242.091126584689
1222.2,0.00071698724,2158.2844119777014
1222.3,0.00080860115,2250.6918895356275
1222.4,0.0010503834,1891.491075050806
1222.5,0.0014112794,1773.7670809904298
1222.6,0.0013119213,1899.9000978622846
1222.7,0.0015661659,1788.2781995459634
1222.8,0.0012560284,1851.8470599858892
1222.9,0.0013858723,1698.5165583321716
1223.0,0.0010571697,1769.299987491661
1223.1,0.0011497156,1809.9151354902756
1223.2,0.001133383,1846.6587558797964
1223.3,0.00086457265,2145.884141104451
1223.4,0.0008465565,2205.0076314417356
1223.5,0.0006338255,2492.624367582215
1223.6,0.00056228525,2511.7226665096723
1223.7,0.00056677737,2617.332935165262
1223.8,0.0004845949,2640.736585490955
1223.9,0.00039730445,3128.600463456487
1224.0,0.0003790833,3277.849543897966
1224.1,0.00038029748,3428.1325861999026
1224.2,0.000352442,3504.8624370064144
1224.3,0.0003542584,3257.359288919207
1224.4,0.00036633384,3255.66728162595
1224.5,0.0004068643,3356.0170588731194
1224.6,0.00036845417,3200.939841596699
1224.7,0.00038721607,3026.698656218011
1224.8,0.00036095513,3421.0202208078745
1224.9,0.00037587364,3410.159459883686
1225.0,0.00047075414,2926.533792058238
1225.1,0.00067857455,2525.6579064388707
1225.2,0.00067161856,2429.50171137054
1225.3,0.00081286405,2393.127461917299
1225.4,0.00077557884,2623.5723719858183
1225.5,0.0006849609,2600.5325108117086
1225.6,0.0007248019,2546.8817120851995
1225.7,0.00084391434,2283.9777695110565
1225.8,0.0007948332,2437.745415923854
1225.9,0.0009832139,2221.942434979969
1226.0,0.0008045907,2401.2080960153053
1226.1,0.0009405678,2175.9372000537487
1226.2,0.0006914523,2428.8088861328497
1226.3,0.0007439153,2375.1972958916326
1226.4,0.000786163,2402.7468278023393
1226.5,0.00070630945,2285.6323064124927
1226.6,0.000754532,2313.3997819302813
1226.7,0.00070671045,2453.3020933817506
1226.8,0.0006580331,2452.4052073663834
1226.9,0.00057046534,2656.240971990095
1227.0,0.00044287433,2735.780619034551
1227.1,0.00040424117,3235.2254333871497
1227.2,0.0004171482,3104.4371459998856
1227.3,0.00040450675,3005.905079485874
1227.4,0.0003637146,3182.326821858764
1227.5,0.0003352811,3236.8485597448316
1227.6,0.00037674984,3090.788532214207
1227.7,0.0003844787,3182.451980821534
1227.8,0.0003290884,3566.1345749581924
1227.9,0.00033029186,3420.8479766746514
1228.0,0.00033694902,3467.8874142146187
1228.1,0.00033321496,3303.0172756232396
1228.2,0.00030837013,3412.7016521597334
1228.3,0.0003355009,3336.746757102322
1228.4,0.00030814813,3573.7810612048206
1228.5,0.000303112,3340.6367048341963
1228.6,0.00034804904,3249.725799869033
1228.7,0.00034489777,3302.108615658914
1228.8,0.0003429218,3324.6427805344497
1228.9,0.00033925235,3254.512230243589
1229.0,0.00037664906,3276.5125734799803
1229.1,0.00033347445,3589.0284473483644
1229.2,0.00034132716,3533.5499312502343
1229.3,0.00032245732,3474.2539220755802
1229.4,0.00030221295,3731.8120244222328
1229.5,0.0003060283,3670.7151970408695
1229.6,0.00031687348,3468.012981162551
1229.7,0.00032027,3681.7077759281688
1229.8,0.00032989233,3716.483934810627
1229.9,0.00032635024,3562.9970873201983
1230.0,0.00039208267,3069.02099059376
1230.1,0.0006840514,2502.4634538031464
1230.2,0.0006440501,2647.073108259825
1230.3,0.000894194,1960.065718681419
1230.4,0.0010379979,2199.862569628546
1230.5,0.0010132112,2289.4478129085614
1230.6,0.0014184368,1677.1289804030685
1230.7,0.0014661227,1977.5207424115144
1230.8,0.0012593232,1889.0352830301413
1230.9,0.0013266363,1960.9591308358717
1231.0,0.0012650604,2013.3862067007433
1231.1,0.0009564179,2071.060452851204
1231.2,0.00083066296,2011.772624518926
1231.3,0.0007314249,2330.1086852459052
1231.4,0.0004635915,2696.254146109539
1231.5,0.00042457966,2929.8517692352843
1231.6,0.00036322323,3261.905936445378
1231.7,0.00033011628,3143.0954858507316
1231.8,0.0003182646,3299.9434119376715
1231.9,0.0003271273,3399.416066841738
1232.0,0.00033847074,3445.9682134429268
1232.1,0.00027047397,3623.1726822514584
1232.2,0.00030223318,3402.5781084118294
1232.3,0.00029690366,3485.8749163653233
1232.4,0.00028220116,3369.9674633533623
1232.5,0.0003063232,3535.569368263389
1232.6,0.00029066537,3328.9044991622
1232.7,0.00029077628,3169.7898112760477
1232.8,0.000298795,3028.8048472979794
1232.9,0.00031549486,3076.337493759309
1233.0,0.00031731708,3416.3857571401145
1233.1,0.0003006337,3367.864258039145
1233.2,0.0003215221,3098.132518714938
1233.3,0.0004122487,3064.152583361129
1233.4,0.00055621064,2430.2719350723673
1233.5,0.00062622014,2519.1301113313443
1233.6,0.0007762328,2564.3464447270308
1233.7,0.0009097174,2369.95014846268
1233.8,0.00084358087,2362.213457332748
1233.9,0.0011098159,2268.162948535849
1234.0,0.0011518206,2175.221241748944
1234.1,0.00062976877,2471.9930463838873
1234.2,0.0008034503,2148.3658578298628
1234.3,0.0008205937,2366.196190176631
1234.4,0.00056839746,2770.155026433416
1234.5,0.0006543012,2520.7260341145993
1234.6,0.000460348,2898.1692770383424
1234.7,0.0004587119,3021.514662657392
1234.8,0.00043690298,2802.3908511153177
1234.9,0.00037126933,3319.432087206343
1235.0,0.0004354647,3069.010491865802
1235.1,0.00035469682,3182.548827968687
1235.2,0.0004020851,2999.341832048847
1235.3,0.0003388249,3106.1435150420402
1235.4,0.00030479493,3237.5376806685117
1235.5,0.00032622454,3477.0006712554705
1235.6,0.00029603584,3359.291484171218
1235.7,0.00029258014,3486.064813280633
1235.8,0.00029807125,3705.1135298970985
1235.9,0.00028023624,3400.0046205491412
1236.0,0.0002757182,3552.8492919026717
1236.1,0.00026626035,3714.913862902894
1236.2,0.00027447374,3399.877378873752
1236.3,0.00027809228,3583.8544388797445
1236.4,0.00025968868,3450.121130170379
1236.5,0.00029781705,3442.4158192133928
1236.6,0.00026650506,3491.2765932472207
1236.7,0.00028487988,3494.8516606075846
1236.8,0.00026754139,3459.672160249586
1236.9,0.0004229678,2748.8605467078787
1237.0,0.00037091316,3480.9068259592236
1237.1,0.00056633673,2514.8706638749186
1237.2,0.00072131964,2531.6067726428687
1237.3,0.00087234564,2060.869256038365
1237.4,0.0010261193,2000.7290740390122
1237.5,0.0012445543,1967.5215558926761
1237.6,0.0009891789,2078.093679156498
1237.7,0.0009684131,2165.743763607783
1237.8,0.00075504626,2272.7851416454114
1237.9,0.0008580098,2010.867783180111
1238.0,0.00057742605,2537.9682741477427
1238.1,0.0005176973,2836.4465344147843
1238.2,0.0005498291,2449.471900476353
1238.3,0.00051299925,3332.3219174384876
1238.4,0.00044062283,3177.037766768652
1238.5,0.00037755855,3268.748886201096
1238.6,0.00035066908,3060.933273462725
1238.7,0.00032010797,3244.520011537228
1238.8,0.00031291205,3444.80053204642
1238.9,0.00032941948,3340.5494263374358
1239.0,0.00032380593,3431.2843582650858
1239.1,0.00037167876,3244.8246281138745
1239.2,0.00033326604,3659.1030943664427
1239.3,0.00035687492,3271.066701618228
1239.4,0.00037826414,3048.603172879593
1239.5,0.0003808857,3132.320268495473
1239.6,0.00037415203,3310.0279888430487
1239.7,0.00045732834,3140.1922539289553
1239.8,0.00068461464,2514.151523562762
1239.9,0.00064150075,2561.813876195415
1240.0,0.0008026593,2287.1229639709295
1240.1,0.00078859867,2225.1670386844003
1240.2,0.0008389295,2369.1981979691586
1240.3,0.0011859979,2114.3228109772003
1240.4,0.00092472037,2257.9959077084204
1240.5,0.00079461565,2224.239395227426
1240.6,0.00064324634,2583.325231058836
1240.7,0.0007428872,2398.823461290978
1240.8,0.0008739117,2296.5963675356006
1240.9,0.0009993332,2230.275359211991
1241.0,0.0008962581,2139.264444259682
1241.1,0.0008969009,2251.3729368810036
1241.2,0.0010308037,1990.0612501797145
1241.3,0.0009601528,2162.1074028547537
1241.4,0.0007264872,2498.9361859961195
1241.5,0.000718411,2770.792467166788
1241.6,0.00046159732,2883.826943040157
1241.7,0.00035803812,3518.843415349803
1241.8,0.00035157832,3443.1193516513654
1241.9,0.0003147993,3359.9048034491225
1242.0,0.00032892206,3932.246624866019
1242.1,0.0003152377,3549.6932003345905
1242.2,0.00036079562,3360.9074106260477
1242.3,0.00033436576,3413.234336928237
1242.4,0.00036185439,3273.2915044892998
1242.5,0.00037034292,3572.3749691312332
1242.6,0.00032385916,3409.2087948147537
1242.7,0.00026974507,3583.5208436662315
1242.8,0.00029452535,3622.6732755415123
1242.9,0.0003377847,3520.4834120407177
1243.0,0.00031367395,3486.4912334900023
1243.1,0.00028820164,3429.3170033006704
1243.2,0.00031208573,3425.1925623337393
1243.3,0.0004064598,3205.8368206797236
1243.4,0.0003946962,3128.083994528162
1243.5,0.00043624677,2792.412440487078
1243.6,0.0006934482,2596.841135367474
1243.7,0.0010253493,2080.958728727032
1243.8,0.0011629934,1981.0020870343135
1243.9,0.0011289637,2061.286330312325
1244.0,0.0012539454,1993.5364229010193
1244.1,0.0011830764,2217.1008290297636
1244.2,0.001218483,2189.4702234086794
1244.3,0.0011352248,2079.731168314205
1244.4,0.00081081456,2448.5653331352605
1244.5,0.00079661986,2255.2952115712096
1244.6,0.00091494,2409.718565532363
1244.7,0.00057948066,2576.6284670805494
1244.8,0.00060894847,2677.1382234984226
1244.9,0.0005095707,2965.5589631833027
1245.0,0.0005067876,2676.8953476588745
1245.1,0.0003710553,3069.2000005122445
1245.2,0.0004212355,2778.63131273497
1245.3,0.00034145612,3343.724730527802
1245.4,0.00034562976,3493.288631468094
1245.5,0.00029963208,3487.069398335938
1245.6,0.0003685697,3258.123049320998
1245.7,0.0003392513,3219.76889639632
1245.8,0.00037099034,3201.216083877539
1245.9,0.0003150713,3228.7261559243625
1246.0,0.00038992512,2934.2642185038076
1246.1,0.0003453969,3352.4857382093232
1246.2,0.00031814445,3327.573752238699
1246.3,0.00030937983,3440.8041938873303
1246.4,0.00038071658,3096.4391205572106
1246.5,0.0004973409,2646.2620670400747
1246.6,0.00066527224,2648.7272503839595
1246.7,0.0021091788,1567.5812211453558
1246.8,0.0016279102,1671.0132136056868
1246.9,0.001348102,1948.993405903602
1247.0,0.0010136187,2049.136806483823
1247.1,0.0009722673,2073.1741860893544
1247.2,0.0012861541,1913.9960408070256
1247.3,0.0009425244,2194.0781759056345
1247.4,0.0010149585,1937.5325552582844
1247.5,0.0010792078,2033.9218006119995
1247.6,0.0010407541,2095.3054492502733
1247.7,0.0010014463,2011.3966070271554
1247.8,0.000697224,2386.927029232531
1247.9,0.00066125893,2682.7020374240615
1248.0,0.00072146824,2393.4173107895585
1248.1,0.00077370275,2497.899558994233
1248.2,0.0007624132,2253.039146108729
1248.3,0.00067023846,2522.459274076307
1248.4,0.0006456448,2579.0211327909847
1248.5,0.0005542662,2634.580150547964
1248.6,0.00051315746,3005.486204937095
1248.7,0.0005165961,2648.42779887507
1248.8,0.00047566995,2708.7181066945855
1248.9,0.00048131836,2871.077510304969
1249.0,0.00045355642,2771.5423618853065
1249.1,0.00048208894,2695.6363470844826
1249.2,0.00039538677,2922.7389796306647
1249.3,0.0003448323,3157.325457627597
1249.4,0.00034259568,3432.531180313054
1249.5,0.00032710953,3311.7170137005246
1249.6,0.00030287536,3512.6936501192818
1249.7,0.00032617434,3515.2182713536527
1249.8,0.00031111037,3245.182283141075
1249.9,0.00028261097,3566.7366541943534
1250.0,0.00031950354,3583.5987289986624
1250.1,0.00028455837,3574.740732361736
1250.2,0.00027247894,3475.9254059511686
1250.3,0.00029661835,3599.7590037937207
1250.4,0.00029096587,3538.3203577925387
1250.5,0.0002976597,3332.2531230781424
1250.6,0.0003165417,3418.3452917953946
1250.7,0.00034782803,3423.183451931688
1250.8,0.0003126799,3351.960131844862
1250.9,0.00036757876,3252.452077801268
1251.0,0.0007087343,2448.5785142516597
1251.1,0.001229357,1887.9721479640475
1251.2,0.0011708981,2097.331811410681
1251.3,0.001230377,2199.060873742859
1251.4,0.000940572,1991.0139332269168
1251.5,0.00058967766,2438.6064803137238
1251.6,0.0007722344,2219.8167157859866
1251.7,0.00065809017,2356.3454156964203
1251.8,0.00080246176,2055.9756426977942
1251.9,0.00063628505,2302.937471006833
1252.0,0.00073738996,2027.0521930020232
1252.1,0.00082415977,2287.1534873330115
1252.2,0.0007684044,2341.0858738348506
1252.3,0.00061800145,2584.1424026227173
1252.4,0.0005005076,2791.724014483387
1252.5,0.00043665236,2841.1708636449503
1252.6,0.00040838573,2942.979933242017
1252.7,0.000377924,3156.2510222654664
1252.8,0.00036224627,3213.2603795634927
1252.9,0.00036739573,3175.522714654606
1253.0,0.00036455202,3298.427871920245
1253.1,0.00036522598,3268.7154124692725
1253.2,0.00034926244,3372.364180717031
1253.3,0.00034506482,3323.3149416218853
1253.4,0.00031864183,3563.600198125151
1253.5,0.0003249422,3409.793426795817
1253.6,0.00035879802,3319.9001925687776
1253.7,0.00035581278,3395.107345914672
1253.8,0.00033106792,3553.6799320182145
1253.9,0.00039539428,3066.5413498612515
1254.0,0.000540779,2732.6470874400134
1254.1,0.00058114424,2629.347760563628
1254.2,0.000843228,2263.608103182973
1254.3,0.0009291834,2157.5024962016164
1254.4,0.0011608559,2091.4500167300976
1254.5,0.0010781796,2223.764598268334
1254.6,0.0011574891,2126.2033798619673
1254.7,0.0009806305,2187.074259769238
1254.8,0.00082944415,2157.177521321479
1254.9,0.00082873576,2248.3175757211347
1255.0,0.00094757456,2146.0705380730333
1255.1,0.0006785105,2464.3146584021138
1255.2,0.0010474194,2098.72024951752
1255.3,0.0007306474,2165.134776427918
1255.4,0.0008480252,2161.724645744322
1255.5,0.00082251173,2326.1965839116738
1255.6,0.00087663153,2252.5998415347212
1255.7,0.00064480904,2474.5005294805815
1255.8,0.0006024417,2484.564770537313
1255.9,0.0004916448,2780.3179537773094
1256.0,0.0005291873,2650.7881389860663
1256.1,0.000592666,2709.447319476603
1256.2,0.0005705127,2782.481205086276
1256.3,0.0004990979,2763.4571039506927
1256.4,0.0004907074,2758.565237304646
1256.5,0.0004297106,3089.637983180707
1256.6,0.00042808766,2983.0714830737834
1256.7,0.00040159846,3116.754804203027
1256.8,0.00038014902,3271.147157062567
1256.9,0.00039936864,3011.043519960612
1257.0,0.00035222378,3493.528664943435
1257.1,0.00038576586,3175.584919552443
1257.2,0.00039995398,3191.7387896351393
1257.3,0.00035503315,3249.9788481634646
1257.4,0.00040752458,3040.3621151044845
1257.5,0.00038861943,3401.294656854472
1257.6,0.00037102224,3334.5186089866147
1257.7,0.00041544283,3230.1433426596864
1257.8,0.00039830254,3357.282635111706
1257.9,0.0004145048,3428.9507101807208
1258.0,0.00045050672,3363.727430086962
1258.1,0.00040636022,3346.0915796042923
1258.2,0.00044137356,3164.124725112525
1258.3,0.00039629944,3356.780299870961
1258.4,0.00038820817,3377.4791138811484
1258.5,0.00038485412,3564.1858975242726
1258.6,0.0004953359,3330.8695661794704
1258.7,0.00042992807,3479.5404434199236
1258.8,0.00040684792,3532.2376179067387
1258.9,0.0003815029,3541.515380594345
1259.0,0.00041364075,3231.5205212855635
1259.1,0.00040450183,3474.8605201246964
1259.2,0.00039378033,3387.119063762707
1259.3,0.00040770049,3374.4874924195456
1259.4,0.00037750645,3684.180981153148
1259.5,0.00036236213,3433.3418949567613
1259.6,0.00042933208,3109.6558113175365
1259.7,0.0003943864,3053.251494633966
1259.8,0.00043461836,3304.3868054418235
1259.9,0.0004898828,3013.8841622136897
1260.0,0.00060523633,2875.2316250316885
1260.1,0.00065171416,2650.7650028801168
1260.2,0.00069312257,2574.404254322479
1260.3,0.000750403,2709.0369193353645
1260.4,0.0007694763,2478.656404909714
1260.5,0.00067529007,2556.526807160871
1260.6,0.0009256433,2364.9419162862114
1260.7,0.000670921,2509.212785983676
1260.8,0.0008461231,2296.827583319222
1260.9,0.0008259123,2339.811082202706
1261.0,0.000678201,2426.914061683804
1261.1,0.0005930592,2514.3950671352763
1261.2,0.0005164741,2897.4993805241706
1261.3,0.00051999016,2573.208252195438
1261.4,0.0003871286,3019.830449378307
1261.5,0.00045486432,2811.1764808775943
1261.6,0.0004288519,2734.405048102893
1261.7,0.00034947856,3188.598108222909
1261.8,0.00036702212,3381.467344136766
1261.9,0.00037104412,3338.7015677186364
1262.0,0.00034083053,3243.433469857
1262.1,0.00033228542,3490.1903734745833
1262.2,0.00031488985,3765.025393354642
1262.3,0.00032181296,3295.810057554504
1262.4,0.00032487622,3295.8872736994695
1262.5,0.0003136376,3537.4975379613497
1262.6,0.0002771452,3618.329193144667
1262.7,0.0003296643,3378.9629727502984
1262.8,0.00029726038,3591.4928052650484
1262.9,0.00033107674,3387.934124631653
1263.0,0.00034375448,3347.5729732419927
1263.1,0.00028723106,3542.738140933361
1263.2,0.0003490762,3297.2716107282868
1263.3,0.00039122705,3131.84146686144
1263.4,0.0003572046,3206.8880108525564
1263.5,0.0004907561,2619.978329187954
1263.6,0.0004907905,2701.5829082332866
1263.7,0.00055419945,2772.8314277864843
1263.8,0.0005608401,2533.0137857192567
1263.9,0.0004926082,2652.739763893281
1264.0,0.0005593625,2587.978061143651
1264.1,0.00055289676,2868.0134874439204
1264.2,0.00079550163,2394.001906307485
1264.3,0.00075216155,2323.329216798243
1264.4,0.0006503732,2492.6845454986533
1264.5,0.0009623397,2060.628498252263
1264.6,0.0006408214,2340.9009376163594
1264.7,0.00062284066,2512.735495418803
1264.8,0.00048742027,2755.953013177211
1264.9,0.0005000945,2701.748443409438
1265.0,0.0005781019,2721.4388696265214
1265.1,0.0005803273,2677.8128035368773
1265.2,0.0007216333,2611.7694267119737
1265.3,0.0006532028,2443.954082706377
1265.4,0.0006024227,2449.3261681347767
1265.5,0.00075735355,2366.331217587479
1265.6,0.0005722315,2688.5556259441933
1265.7,0.00067860825,2593.580342172059
1265.8,0.0005653711,2883.357403210227
1265.9,0.0004477154,3167.9298048458477
1266.0,0.00037620802,3637.754940122053
1266.1,0.0004943651,3030.800201847791
1266.2,0.00045343413,2797.5900630595397
1266.3,0.000432723,3249.525566793583
1266.4,0.00038486937,3178.7298533522962
1266.5,0.00036385556,3232.4619202445488
1266.6,0.0003948431,3445.948763704335
1266.7,0.00035792252,3226.1286238285193
1266.8,0.00037542326,3544.969904981664
1266.9,0.0003730596,3292.2999336118537
1267.0,0.0003462868,3192.008824800255
1267.1,0.00044191812,3259.105547230335
1267.2,0.0004230875,3194.492674416882
1267.3,0.0003503194,3456.150018724861
1267.4,0.0003738952,3532.933277645881
1267.5,0.0003510673,3456.9234027216235
1267.6,0.0003418752,3591.6813236409844
1267.7,0.0003272945,3645.3819003968656
1267.8,0.00034929463,3534.0149849379345
1267.9,0.00033278682,3457.8333213067285
1268.0,0.00035654946,3323.507603507133
1268.1,0.00034136767,3670.237459832143
1268.2,0.00030513434,3511.495392809111
1268.3,0.00036204685,3348.938930243617
1268.4,0.00041383563,3597.0268597103022
1268.5,0.00035272614,3156.9551777248244
1268.6,0.0003548972,3367.2128378044385
1268.7,0.00038662262,3302.5368402691297
1268.8,0.00042417352,3248.572056297351
1268.9,0.0006020475,2682.74368764276
1269.0,0.0005093162,2898.832914334425
1269.1,0.0006445065,2582.5998298722243
1269.2,0.0007708977,2432.8352420415195
1269.3,0.0008153281,2314.389301977769
1269.4,0.0006268538,2623.8950499275957
1269.5,0.0006874188,2532.688383085541
1269.6,0.0007592506,2580.9534640618795
1269.7,0.0005647795,2789.1723448171642
1269.8,0.0005838204,2757.4613919347976
1269.9,0.0005478563,2660.100097401962
1270.0,0.0005688705,2722.739139910136
1270.1,0.0004951121,3015.238991445948
1270.2,0.00054280245,2739.275812631481
1270.3,0.0004532253,3244.575679312671
1270.4,0.00045248287,2997.2396867493867
1270.5,0.00039599548,3389.726975295438
1270.6,0.00044846474,3051.701141616555
1270.7,0.00041521864,3233.3389681305794
1270.8,0.000363638,3425.1861393594195
1270.9,0.0003795425,3549.8692128712355
1271.0,0.00042172,3462.6988384127644
1271.1,0.00039989452,3685.2365625218954
1271.2,0.00039541224,3626.947627416212
1271.3,0.0003956672,3394.371503886624
1271.4,0.00039658908,3482.970079198699
1271.5,0.00039157388,3655.6061413692537
1271.6,0.00043783753,3284.253760435404
1271.7,0.0003696776,3447.7583687999063
1271.8,0.00042971718,3161.175227919957
1271.9,0.00063938485,3006.196286719768
1272.0,0.00037688954,3693.999076572942
1272.1,0.00047130696,3165.210228853858
1272.2,0.00044804334,3258.1152771573998
1272.3,0.000436539,3576.9162146268886
1272.4,0.00037253348,3051.917614258524
1272.5,0.00039232758,3125.026947779785
1272.6,0.0004121919,3128.8065069834843
1272.7,0.00041760216,2948.0018688338373
1272.8,0.00039571343,3055.8253300689903
1272.9,0.00040764877,2842.014559539006
1273.0,0.00054146006,2735.070464470254
1273.1,0.000617798,2688.017249109528
1273.2,0.0005770519,2417.4840263601955
1273.3,0.00069791486,2475.368005374139
1273.4,0.00087532884,2283.747074146785
1273.5,0.0010268913,1927.25785025842
1273.6,0.0012289607,2034.246384324711
1273.7,0.00071255845,2395.867334805158
1273.8,0.00084951567,2141.7200919241113
1273.9,0.0005572852,2683.655376812021
1274.0,0.0005774019,2502.3719582680706
1274.1,0.00064722775,2361.3475116078594
1274.2,0.0005000409,2722.4826365163817
1274.3,0.00051542657,2347.218806006339
1274.4,0.000521048,2762.7620320525
1274.5,0.0005059691,2676.131578346612
1274.6,0.00048409807,2747.104666830068
1274.7,0.0004421922,2919.174321221907
1274.8,0.0004918184,2648.334805472795
1274.9,0.00044560933,2940.9399863240533
1275.0,0.00051478145,2865.087830740923
1275.1,0.0005136079,2768.250108166152
1275.2,0.00049057894,2899.257392690023
1275.3,0.0004431196,2918.7933057493456
1275.4,0.00040990123,3141.0418428555554
1275.5,0.0003295348,3527.275353646858
1275.6,0.00032019778,3399.627811924889
1275.7,0.00030468768,3500.097481494241
1275.8,0.0003044213,3362.385904985605
1275.9,0.0003561852,3123.6252838655428
1276.0,0.00030754073,3376.1264503065418
1276.1,0.00029979064,3253.2064420949346
1276.2,0.00028921422,3358.981118755547
1276.3,0.00029142888,3639.390370324011
1276.4,0.00031610113,3317.201278438934
1276.5,0.00030169633,3213.757083279281
1276.6,0.00032389254,3453.3434788761124
1276.7,0.00034919835,3285.1889901500826
1276.8,0.00032013992,3357.9723587940093
1276.9,0.00031806255,3419.715139175873
1277.0,0.0003145177,3581.026122782234
1277.1,0.00030825564,3497.0294665111887
1277.2,0.00033691974,3255.956409375849
1277.3,0.00037063632,3422.8519828260296
1277.4,0.00040755395,3250.2045996020333
1277.5,0.00038590957,3225.5705896030718
1277.6,0.00041116768,3236.6218215087774
1277.7,0.00052219373,2623.033630502275
1277.8,0.00053748593,2648.2939437925706
1277.9,0.00065665465,2526.003590611042
1278.0,0.00059438276,2710.0453119185554
1278.1,0.00064006227,2507.7642454283605
1278.2,0.0006190857,2244.640916611003
1278.3,0.00058769097,2394.066694051605
1278.4,0.0007318217,2359.2423857565263
1278.5,0.00066076766,2452.8960616525105
1278.6,0.00065559003,2476.9939850137125
1278.7,0.00055459136,2431.2942430729336
1278.8,0.0010937168,1880.349741470889
1278.9,0.0006607876,2414.712212703682
1279.0,0.0006338259,2463.0030269727977
1279.1,0.00077001855,2274.8008258870423
1279.2,0.00062581943,2423.3125265697813
1279.3,0.00054264185,2523.2700469011033
1279.4,0.0005082428,2799.678086822047
1279.5,0.00042907006,2923.5097650041794
1279.6,0.00046632582,2779.963405653588
1279.7,0.00038961525,2830.9439928121874
1279.8,0.0003935284,3173.9317299064414
1279.9,0.00040215193,3211.3481374497906
1280.0,0.0003301525,3510.554207220747
1280.1,0.00032630033,3330.684737882603
1280.2,0.00034245916,3186.0432789469905
1280.3,0.00034050253,3341.374400918456
1280.4,0.0003708188,3361.676942577706
1280.5,0.0003581604,3108.2475311844364
1280.6,0.0004035229,3276.1227353437434
1280.7,0.00040684317,3205.801074593484
1280.8,0.0003858282,3135.4571463446664
1280.9,0.00035167768,3359.9556442928574
1281.0,0.00036780714,3223.084773897329
1281.1,0.0004127742,3285.9698145166894
1281.2,0.00041831197,2969.731023196868
1281.3,0.00043010904,3119.101370773368
1281.4,0.00035824272,3577.275466236755
1281.5,0.00033110453,3772.078975026744
1281.6,0.00034155755,3412.7958949708864
1281.7,0.00035256066,3449.9558387580037
1281.8,0.00043543565,2915.0703542027913
1281.9,0.00050011656,2858.647451489379
1282.0,0.00053995324,2758.5027172940945
1282.1,0.0007149992,2511.6125387136103
1282.2,0.00064443395,2379.2410084113744
1282.3,0.00077447126,2414.113619775624
1282.4,0.0010076655,2096.7651776731427
1282.5,0.0007926512,2357.0311969885474
1282.6,0.0010088457,2121.137128772962
1282.7,0.0007971655,2548.8607670885463
1282.8,0.00086963206,2271.066602765344
1282.9,0.0009090237,2338.811458164111
1283.0,0.0007026715,2479.2267110641637
1283.1,0.0008042807,2197.320361762525
1283.2,0.0005531668,2785.2256847455246
1283.3,0.0006149957,2622.926557971426
1283.4,0.00071872555,2308.2100710095124
1283.5,0.00068313756,2519.6766860294556
1283.6,0.00056897633,2515.4318954143905
1283.7,0.00068933656,2276.891373333935
1283.8,0.00048503675,3031.417052580447
1283.9,0.0005613214,2686.837993009812
1284.0,0.0006316478,2576.2407428877
1284.1,0.00055871374,2790.8319719260016
1284.2,0.00054740586,2692.724037703581
1284.3,0.00045821443,2905.283019696377
1284.4,0.000593918,2549.6472430353715
1284.5,0.00067899417,2712.6032788096404
1284.6,0.0008319701,2017.7456392962326
1284.7,0.0007568979,2324.289033247692
1284.8,0.0005505461,2828.4678519170693
1284.9,0.00050992303,2945.0602210162865
1285.0,0.00046814792,2954.0349910385894
1285.1,0.0004278809,2838.430009905734
1285.2,0.00039208835,3437.989058646991
1285.3,0.00040148743,3374.974651779802
1285.4,0.00032781056,3433.23262102243
1285.5,0.00031512257,3550.629806160912
1285.6,0.0003081601,3445.7774591637226
1285.7,0.00031347256,3262.377186079142
1285.8,0.00031333984,3691.800074942913
1285.9,0.00031540554,3606.0545849180053
1286.0,0.00032143516,3599.3800118568147
1286.1,0.0003024519,3469.06270814066
1286.2,0.00030636758,3601.2724701087895
1286.3,0.00032040945,3408.8047416254803
1286.4,0.00035402577,3326.235669805694
1286.5,0.00033799277,3335.7274336930946
1286.6,0.0003166459,3518.7337576719187
1286.7,0.00036021415,3265.9626465131823
1286.8,0.00041956172,3247.265235038886
1286.9,0.00052988593,2722.7168761843823
1287.0,0.00052387494,2748.7936907285057
1287.1,0.00067901093,2402.0054157181917
1287.2,0.0007548473,2222.116780426698
1287.3,0.0009556259,2170.6351110857922
1287.4,0.0012299588,1722.1997246025571
1287.5,0.0014399317,1829.6096541947747
1287.6,0.001284049,1836.6101100393157
1287.7,0.0016491963,1682.7253303642538
1287.8,0.0012162324,1923.8856728229905
1287.9,0.0012715197,1851.0335703306648
1288.0,0.0012844838,1947.6840841977569
1288.1,0.0011969703,1970.3803523711506
1288.2,0.0009979723,2035.3015338416635
1288.3,0.00077364146,2288.4974040240636
1288.4,0.0007894852,2323.1102171925354
1288.5,0.00058959774,2667.7494749999846
1288.6,0.0005255113,2792.75930248891
1288.7,0.00045688945,2824.9448370239384
1288.8,0.00038116312,3022.0223283204227
1288.9,0.00042861424,2759.0177863953345
1289.0,0.00034455734,2914.0869674765495
1289.1,0.00032832916,3477.2598074454872
1289.2,0.0003090905,3473.809415835928
1289.3,0.00031596224,3290.8330225102463
1289.4,0.00028819367,3399.725027237392
1289.5,0.00031134955,3359.499674058828
1289.6,0.00028941117,3449.8838958833653
1289.7,0.00029222926,3690.348064397725
1289.8,0.00032055113,3422.631554147487
1289.9,0.0002726373,3552.8165519248832
1290.0,0.00043324922,2850.2506637944284
1290.1,0.0006992719,2332.8722767410927
1290.2,0.0006301469,2700.3079708513296
1290.3,0.00077687524,2387.559199250677
1290.4,0.0007675867,2291.053902424998
1290.5,0.00062473613,2427.2785978128013
1290.6,0.0007163795,2391.1135372626622
1290.7,0.0007659909,2499.8796193726084
1290.8,0.0008983476,2236.0544330103867
1290.9,0.00083443424,2384.740350682776
1291.0,0.0009569729,2470.0328495984754
1291.1,0.0008975606,2260.133201380329
1291.2,0.0007278514,2340.269900779374
1291.3,0.000725862,2115.673593786704
1291.4,0.0007668417,2272.9572737758704
1291.5,0.00074326777,2231.9994367013323
1291.6,0.00077283446,2220.50294154368
1291.7,0.0006124448,2604.666766623752
1291.8,0.0005563639,2508.670227729637
1291.9,0.0004512532,2877.35041104227
1292.0,0.00035408282,3122.834285389588
1292.1,0.00039246085,3072.442600367739
1292.2,0.00035286302,3251.532829944741
1292.3,0.00031296164,3267.1493608523724
1292.4,0.0003180935,3646.077682490445
1292.5,0.00028526707,3432.6196367363877
1292.6,0.0003141766,3148.2156397143435
1292.7,0.00026762518,3325.7736824610856
1292.8,0.00029503132,3432.431323669932
1292.9,0.0002712571,3444.7132380085814
1293.0,0.00032540568,3185.135131715787
1293.1,0.00031045897,3401.5328011145366
1293.2,0.00028157906,3430.1671751492822
1293.3,0.00032450055,3763.1010630723295
1293.4,0.00030247192,3484.470250445951
1293.5,0.00030978795,3341.9423147556663
1293.6,0.00030010028,3382.216541417959
1293.7,0.0002948368,3383.9708844992047
1293.8,0.00032780887,3503.5797698443207
1293.9,0.00031053962,3590.8498446433387
1294.0,0.00034237892,3333.4906446169452
1294.1,0.00030042572,3408.5693609451127
1294.2,0.00029609675,3547.844079779898
1294.3,0.0003126408,3240.284743030764
1294.4,0.00034041845,3532.8584241732055
1294.5,0.00033034192,3764.6121341910093
1294.6,0.00030432915,3363.851117619676
1294.7,0.000330606,3390.0645386942315
1294.8,0.00031758464,3352.9300065444054
1294.9,0.00034377264,3319.2456157169395
1295.0,0.00044183896,2962.194742252914
1295.1,0.0006951682,2346.360200862824
1295.2,0.0006468217,2612.9263870693253
1295.3,0.0010087942,2167.649340324523
1295.4,0.00099431,2153.762777943737
1295.5,0.001153397,1977.7473033795468
1295.6,0.0014873749,1896.8756296714882
1295.7,0.0012302573,2181.67789564666
1295.8,0.001100035,2222.726857918344
1295.9,0.0014878584,1891.87772259353
1296.0,0.001117586,2115.730840331363
1296.1,0.0011297006,2016.91141397246
1296.2,0.00078898633,2343.1615519602306
1296.3,0.0006010599,2805.627471416424
1296.4,0.000454162,2981.0108930368397
1296.5,0.000481131,3003.172749526866
1296.6,0.0003490595,3192.8924822442596
1296.7,0.0003895128,3243.516910902401
1296.8,0.00040955335,3022.0214096197815
1296.9,0.00033444483,3315.145548441811
1297.0,0.000321335,3270.7708824333686
1297.1,0.00034829357,3326.995912398901
1297.2,0.00031880123,3508.7256264087255
1297.3,0.0003530465,3177.8872524874587
1297.4,0.0003427542,3298.1065940697717
1297.5,0.00032948994,3418.4354174109826
1297.6,0.0003210722,3518.8116051576644
1297.7,0.00031762433,3275.9570285818527
1297.8,0.00029974774,3527.328885055341
1297.9,0.00031960782,3506.9852765177247
1298.0,0.00032448702,3397.860877837467
1298.1,0.00033638597,3664.9480915182644
1298.2,0.00034723044,3417.8124551495266
1298.3,0.00050979044,2881.776199112459
1298.4,0.00048260117,2725.6319975259375
1298.5,0.00070601684,2797.4905529647626
1298.6,0.00080084754,2531.2547495071485
1298.7,0.0009635042,2439.3518617056643
1298.8,0.0010747145,2386.9586910232106
1298.9,0.0011565901,2428.0140056109135
1299.0,0.00083935435,2420.3378559375406
1299.1,0.00069137604,2511.748295292512
1299.2,0.00071791466,2522.6453576939994
1299.3,0.0007987364,2659.009957439691
1299.4,0.0006784884,2593.6313748023445
1299.5,0.0005107902,2800.223480889038
1299.6,0.00049144734,2791.1087455683883
1299.7,0.0004638772,2732.772396008734
1299.8,0.0003956985,3058.7555931718302
1299.9,0.0003979886,3307.259234075298
1300.0,0.00037647996,3554.996484646863
1300.1,0.00038862525,3162.144524346074
1300.2,0.0003633583,3362.0684553088113
1300.3,0.00032329335,3441.1191581224753
1300.4,0.0003063763,3625.04612577336
1300.5,0.00034920848,3434.815770824568
1300.6,0.00029768492,3472.6685871393274
1300.7,0.0003182751,3612.5419436985003
1300.8,0.00032607248,3184.1847201457686
1300.9,0.00032159756,3463.042341728807
1301.0,0.0003339665,3446.9739304564678
1301.1,0.0003175834,3301.6797955856814
1301.2,0.00031285328,3553.679103118963
1301.3,0.00032404042,3400.2451400307186
1301.4,0.00031190546,3444.159037071901
1301.5,0.00029597763,3747.404288356208
1301.6,0.0003276984,3272.493390995253
1301.7,0.0003558499,3214.437356713368
1301.8,0.00034849741,3437.481970218014
1301.9,0.0003758783,3008.26889311707
1302.0,0.0004595122,2940.863442670414
1302.1,0.0004701842,2787.1565709036418
1302.2,0.0006689911,2520.9984892254924
1302.3,0.0007459015,2462.829092846882
1302.4,0.00097396824,2304.6415549573176
1302.5,0.00113968,2018.8123550346247
1302.6,0.0011641642,2060.657227001526
1302.7,0.000993665,2167.2460914500616
1302.8,0.0008958388,2111.108350329848
1302.9,0.0006871058,2378.5186964895124
1303.0,0.0008546327,2236.625805085067
1303.1,0.00060370145,2455.69871669278
1303.2,0.0004994891,2945.566692654804
1303.3,0.00055533857,2666.9983498138317
1303.4,0.0004758382,2718.5033143639466
1303.5,0.0004026129,2886.6052836117096
1303.6,0.00040302656,3051.979892879276
1303.7,0.0003649669,3279.365996517801
1303.8,0.00031571544,3368.0836273375826
1303.9,0.00029055765,3492.055947307572
1304.0,0.0003060309,3620.7465478292124
1304.1,0.00029843257,3534.8695072725723
1304.2,0.00032088038,3144.3500250103602
1304.3,0.00035256962,3272.552484919763
1304.4,0.00031630773,3524.114049445773
1304.5,0.0003169817,3301.6682883705776
1304.6,0.00032316116,3456.4422909255627
1304.7,0.00032301163,3390.3735957406016
1304.8,0.00045251838,2817.000111801004
1304.9,0.00064787193,2741.2225183239325
1305.0,0.00079665275,2289.8751169412494
1305.1,0.00092804566,2238.235023135936
1305.2,0.0007494505,2367.168536389072
1305.3,0.00086783775,2051.345977213926
1305.4,0.0011082134,1946.628450906307
1305.5,0.0009167303,2079.6849116362364
1305.6,0.0008656711,2283.413181808153
1305.7,0.0006681447,2450.001225202147
1305.8,0.00082473684,2205.257802386844
1305.9,0.0009779219,2136.746231464112
1306.0,0.0009778182,2120.045023010291
1306.1,0.0008841813,2383.800440915805
1306.2,0.0010781978,2004.994419842145
1306.3,0.0008872209,2422.039715824484
1306.4,0.00096023397,2037.7907472828924
1306.5,0.00060302997,2865.28364117405
1306.6,0.00048275662,2861.8239069703855
1306.7,0.0005502332,2891.458876426347
1306.8,0.00036791223,3162.302523440784
1306.9,0.0002735154,3369.64195155598
1307.0,0.00027614832,3598.8901567628845
1307.1,0.0002939825,3337.4074856652182
1307.2,0.00030416343,3329.2987239278036
1307.3,0.00027971063,3700.928593399777
1307.4,0.0003057104,3693.5150500330165
1307.5,0.00030794693,3171.047131721515
1307.6,0.0002617711,3674.2953393335274
1307.7,0.00027479627,3617.1220344428248
1307.8,0.0002910173,3430.2292104997077
1307.9,0.00029860096,3533.4836704617524
1308.0,0.00030572055,3400.170677742679
1308.1,0.00033992005,3214.9668015823513
1308.2,0.0003135663,3464.696590862614
1308.3,0.00033578888,3130.5440973313325
1308.4,0.0003792043,3156.7982541727124
1308.5,0.00048239113,2698.4800264604055
1308.6,0.00048942666,2549.1446036989455
1308.7,0.0007574825,2166.4739777381565
1308.8,0.0009949018,1982.3456025269945
1308.9,0.0010939257,1943.2516936436812
1309.0,0.001056424,1965.8814072710206
1309.1,0.0011826622,2010.6696670000165
1309.2,0.0011638991,2100.1349420239007
1309.3,0.0012444088,2005.2185566934415
1309.4,0.0011848414,2149.6125048847784
1309.5,0.0008541615,2184.998028134723
1309.6,0.00083731447,2357.3832600462583
1309.7,0.00066344335,2564.0815627739503
1309.8,0.0005145734,2680.559000275677
1309.9,0.0006579301,2648.10771769236
1310.0,0.00052181416,2526.0949307840897
1310.1,0.00051241665,2800.009700976506
1310.2,0.00040598618,3338.9906147793804
1310.3,0.00039862646,2914.721189205001
1310.4,0.00036362035,3247.869959962544
1310.5,0.00035011646,3359.264900397062
1310.6,0.0003308519,3498.0384211877813
1310.7,0.00034185147,3254.402401664769
1310.8,0.0003312886,3041.5585650515127
1310.9,0.00032477002,3293.096423083724
1311.0,0.0003216339,3497.298148956747
1311.1,0.00030599264,3559.1603247102416
1311.2,0.0003095704,3149.27864865343
1311.3,0.0003199024,3339.824621245454
1311.4,0.00031179207,3519.310044151287
1311.5,0.00032853338,3129.9823336115996
1311.6,0.0004714131,3264.340354635875
1311.7,0.0008005391,2338.898330389611
1311.8,0.0022843485,1600.6764387075177
1311.9,0.0014199356,1843.836111953197
1312.0,0.0013454191,1723.722625680637
1312.1,0.0010804879,2081.938407225539
1312.2,0.0011589782,2046.4831488970676
1312.3,0.0012269645,2069.776099939062
1312.4,0.0011714493,1951.7123346712049
1312.5,0.00090118876,2256.561208323348
1312.6,0.0011017806,2059.6856967479825
1312.7,0.00094228465,2134.5339514620164
1312.8,0.0009918499,2253.691746221739
1312.9,0.00077041826,2269.641217362842
1313.0,0.00078749406,2210.8607193716903
1313.1,0.0007765821,2352.3548419645294
1313.2,0.0007121444,2414.435584350139
1313.3,0.00080941425,2297.1588571010443
1313.4,0.00067020796,2665.170412674617
1313.5,0.0005762411,2629.859257365781
1313.6,0.0006496485,2511.9832372784113
1313.7,0.00058279606,2732.798195260911
1313.8,0.0005628939,2927.6868749602177
1313.9,0.00055456994,2812.758338686752
1314.0,0.00054468546,3090.7301239405815
1314.1,0.0005930654,3089.055285516438
1314.2,0.00048173187,3184.2221744007884
1314.3,0.0004994535,3321.811090165418
1314.4,0.0004055745,3357.9632866325064
1314.5,0.00041117208,3318.572639848059
1314.6,0.00039391217,3438.8691678140503
1314.7,0.000423336,3301.2915247436586
1314.8,0.00039200796,3414.1567714992325
1314.9,0.00041247337,3409.9576352603117
1315.0,0.00037983077,3410.3197590079
1315.1,0.0003950355,3254.6543357792743
1315.2,0.00041330775,3415.0204254431796
1315.3,0.00037944247,3415.47120453345
1315.4,0.00042007913,3376.9255097842824
1315.5,0.00036524204,3447.717334440087
1315.6,0.00032166927,3624.457379253871
1315.7,0.00036548203,3486.45305508245
1315.8,0.0004123853,2940.5098447839446
1315.9,0.00037226945,3345.8650644565714
1316.0,0.00046780027,3282.6800009950884
1316.1,0.0007933466,2310.424732058268
1316.2,0.0015315405,2154.8307202018323
1316.3,0.0011768077,2214.049024086531
1316.4,0.0011931288,2246.769701531068
1316.5,0.0008532773,2391.4600103409216
1316.6,0.0007408797,2576.819972229794
1316.7,0.00080188405,2600.942170768759
1316.8,0.00070362666,2440.5102149605523
1316.9,0.00080678513,2376.4415953226453
1317.0,0.0007002589,2513.8248577733148
1317.1,0.0007152388,2470.9046217602486
1317.2,0.00081857096,2227.3478954500497
1317.3,0.00085154903,2182.005975445334
1317.4,0.0006144382,2475.925619646126
1317.5,0.00038943737,3128.216199117771
1317.6,0.00041976004,2706.968107399675
1317.7,0.00044667238,2811.4359306713673
1317.8,0.0003401905,3236.5343299284123
1317.9,0.0003589363,3277.1762514116463
1318.0,0.00033299162,3621.443921563973
1318.1,0.00035854394,3176.0445132837613
1318.2,0.00033589132,3419.479127097426
1318.3,0.00029439077,3657.7585510408235
1318.4,0.00033116582,3276.8541478244206
1318.5,0.0003362186,3453.5126980168225
1318.6,0.0003167049,3437.31487576552
1318.7,0.00027094033,3439.536684376264
1318.8,0.00032682833,3242.8806570827
1318.9,0.00036562714,3314.54490908165
1319.0,0.00041491978,3130.364120772482
1319.1,0.00050577556,2932.077640923846
1319.2,0.00054457015,2714.694168992966
1319.3,0.0008270367,2289.513834083792
1319.4,0.0009871135,2107.3864230590966
1319.5,0.0010985034,2079.955638122816
1319.6,0.00122984,2122.136097114274
1319.7,0.0010973162,1889.5563270272266
1319.8,0.00088996923,2392.919580881434
1319.9,0.0008461581,2341.237345892844
1320.0,0.00083622034,2686.212094389382
1320.1,0.00097440876,2242.6516238278214
1320.2,0.0007360408,2437.1829204994233
1320.3,0.00085487904,2194.2437217349516
1320.4,0.0008322018,2020.0858397736465
1320.5,0.0007459128,2326.604308201019
1320.6,0.0009587337,2073.595205922822
1320.7,0.0007914137,2401.1114655727565
1320.8,0.0006173973,2707.896245232502
1320.9,0.0005267714,2781.04050178518
1321.0,0.000497418,2713.993836735001
1321.1,0.0005041246,2990.7091545345043
1321.2,0.0005669639,2800.375733498965
1321.3,0.00056480523,2743.7873687382526
1321.4,0.0005276745,2679.929203385331
1321.5,0.00040120847,2990.471819548716
1321.6,0.00037047444,3216.5916332001066
1321.7,0.0003839464,3243.7670708756127
1321.8,0.0003759431,3351.3508340730978
1321.9,0.000405738,3100.708863234376
1322.0,0.000369617,3418.93993241603
1322.1,0.00035384358,3503.020412180308
1322.2,0.00032844106,3551.388424134644
1322.3,0.00033249744,3202.307393588503
1322.4,0.00032140297,3721.3794541222987
1322.5,0.00032276538,3624.259218282239
1322.6,0.00032137425,3439.6984530103277
1322.7,0.00035173455,3632.231699543722
1322.8,0.00033114108,3362.9304769579385
1322.9,0.00037511124,3339.2380889601764
1323.0,0.00032199937,3679.362308637879
1323.1,0.00037229975,3355.6889015201937
1323.2,0.00039828607,3148.6815880004274
1323.3,0.00040973225,3333.3308487758545
1323.4,0.00034876738,3423.781492561202
1323.5,0.00036749523,3381.390932377125
1323.6,0.00036126314,3213.1399549681523
1323.7,0.00038457566,3318.4116001068505
1323.8,0.00040488146,3206.710634150403
1323.9,0.00033745263,3489.6993906911384
1324.0,0.00032097122,3490.544496820323
1324.1,0.00031731045,3295.1397827251785
1324.2,0.00034159556,3650.6404898403343
1324.3,0.00032362208,3630.307670843093
1324.4,0.00037814258,3514.3029903097627
1324.5,0.00032838696,3599.164902978261
1324.6,0.0003894032,3023.212674487794
1324.7,0.00038826995,3174.1796395878796
1324.8,0.00043411885,3222.296398439391
1324.9,0.0004376746,3123.326828905255
1325.0,0.00050614995,2852.6617102378586
1325.1,0.0005789352,2512.916484299204
1325.2,0.00057518145,2555.839411424845
1325.3,0.0006822101,2516.340968058956
1325.4,0.00068438414,2555.1905628594077
1325.5,0.0007395601,2442.8372144052532
1325.6,0.0007133112,2585.274982214999
1325.7,0.0007665847,2644.1992480082467
1325.8,0.00061008666,2732.2074620429635
1325.9,0.0008625826,2145.985142673474
1326.0,0.00088114,2310.270532235549
1326.1,0.0006320598,2555.9048007002075
1326.2,0.00058975077,2851.7157538598185
1326.3,0.000580344,2716.7911575791995
1326.4,0.0004976943,2945.457762252504
1326.5,0.00045276247,3095.4803748517315
1326.6,0.00045607408,3228.710385528074
1326.7,0.0004510064,3044.4207643869595
1326.8,0.00041219444,3293.923372246293
1326.9,0.00041982892,3301.505583946043
1327.0,0.0004150458,3440.0877314728214
1327.1,0.0004229342,3335.517122892219
1327.2,0.0003788822,3446.8554412141248
1327.3,0.00037331664,3681.015676284668
1327.4,0.00040436938,3452.924411347712
1327.5,0.00038825735,3538.5609253813755
1327.6,0.0003901197,3396.6611196758045
1327.7,0.00037883894,3318.816622137343
1327.8,0.00036732786,3623.3751451633684
1327.9,0.00041345257,3150.3258222799595
1328.0,0.00058760104,3014.703369651767
1328.1,0.00038944374,3586.896658882725
1328.2,0.00044925095,3030.5822176056918
1328.3,0.00042083164,3343.6998614572176
1328.4,0.00047202056,3001.907911597003
1328.5,0.00044346706,3105.6305321825434
1328.6,0.00046202852,3121.913737229046
1328.7,0.0004462185,2829.832261014534
1328.8,0.0005072798,2657.886721585781
1328.9,0.0005526756,2859.722796618936
1329.0,0.0005162846,2652.2848493983306
1329.1,0.0005969356,2522.260968410972
1329.2,0.0005383491,2648.074314945008
1329.3,0.0007916263,2479.417339426796
1329.4,0.00075579755,2294.33379981192
1329.5,0.0007366169,2417.5303222877387
1329.6,0.0008580296,2219.775191418032
1329.7,0.0006241332,2444.8174327182005
1329.8,0.000639165,2550.0928721743435
1329.9,0.0005379962,2632.556278120739
1330.0,0.00043956115,2861.1428333887106
1330.1,0.00053690694,2522.225106477012
1330.2,0.0005566159,2531.182099051077
1330.3,0.00070897804,2333.983196458245
1330.4,0.0006081323,2359.9728579248567
1330.5,0.00061178196,2594.4161840499446
1330.6,0.000745538,2450.0767907028726
1330.7,0.0005033158,2824.566250359308
1330.8,0.00064662576,2670.8133945499158
1330.9,0.0005027278,2689.9324233016478
1331.0,0.0003618812,3359.003423868475
1331.1,0.0004423324,3473.3252401881577
1331.2,0.00046465703,3063.998329096161
1331.3,0.00045900766,2936.9128023792136
1331.4,0.000449297,3004.6902580252586
1331.5,0.00040589276,3059.081070841725
1331.6,0.00036154778,3188.5467022178627
1331.7,0.000341591,3174.181742451731
1331.8,0.00033838517,3256.955192233932
1331.9,0.00031239024,3246.551638904776
1332.0,0.00031299115,3271.9994133745554
1332.1,0.0003461305,3266.5203925585947
1332.2,0.00033960733,3371.785080729177
1332.3,0.00028982523,3359.075704272971
1332.4,0.00030768092,3337.3681461729648
1332.5,0.00029117224,3555.1224183705513
1332.6,0.00031383568,3411.594550322112
1332.7,0.0003355276,3276.387306118878
1332.8,0.00028913387,3716.4309840472174
1332.9,0.0003396102,3286.6408666127677
1333.0,0.00029409284,3491.1808966677327
1333.1,0.00033730196,3373.125695737327
1333.2,0.00034470917,3444.1766352858785
1333.3,0.00033107636,3322.198726937602
1333.4,0.0003372893,3295.8999023927636
1333.5,0.00041775889,2943.728568389589
1333.6,0.0003542654,3617.080270281036
1333.7,0.00033164772,3284.187109062715
1333.8,0.0003427654,3308.5369272832977
1333.9,0.00042557716,3008.3349969787687
1334.0,0.0005830315,2880.170348065024
1334.1,0.00054713344,2662.9165481814066
1334.2,0.00064766867,2429.842636685757
1334.3,0.00082821836,2171.92144721364
1334.4,0.0008027596,2200.1922950736957
1334.5,0.0006378764,2277.4305606055177
1334.6,0.00068801077,2395.5835297731996
1334.7,0.00064604933,2424.9828563392193
1334.8,0.0005668171,2323.709889992943
1334.9,0.0006104371,2404.3990839635085
1335.0,0.0005672768,2809.3236997321765
1335.1,0.0005782169,2462.706819782106
1335.2,0.00049832766,2729.412803444233
1335.3,0.00047039933,2895.8198233105227
1335.4,0.00052426796,2848.5208170514074
1335.5,0.00041712172,2935.8375127315057
1335.6,0.00041140942,2884.231555706146
1335.7,0.00036263894,3246.7806885387213
1335.8,0.00040962762,3026.06162110225
1335.9,0.00036021872,2987.180362226839
1336.0,0.00036429777,3461.301664575108
1336.1,0.00038441722,3191.572721532083
1336.2,0.00032641125,3455.0475447926924
1336.3,0.00029471886,3377.4929818294177
1336.4,0.0003450073,3183.6201180067537
1336.5,0.00035409382,3158.4964234664276
1336.6,0.00035763302,3432.727160918954
1336.7,0.00036736042,3410.432092172152
1336.8,0.00038579103,3322.9777832346235
1336.9,0.00038111187,3089.700848276858
1337.0,0.0004062389,3212.8492034357937
1337.1,0.00042463499,3080.447983963498
1337.2,0.0004207525,3085.04566905997
1337.3,0.0004519487,3206.460853243616
1337.4,0.0004374328,3183.796888022247
1337.5,0.00042721134,3208.836176426979
1337.6,0.00037952384,3366.923279143231
1337.7,0.00033186292,3606.7592339361754
1337.8,0.00038056434,3270.2883115297836
1337.9,0.00048647777,2774.2292210765972
1338.0,0.00054253434,2710.1056016427183
1338.1,0.00058195955,2759.6174983284263
1338.2,0.0006663578,2514.2169846839865
1338.3,0.0005768056,3006.5425349876296
1338.4,0.0007288493,2374.813770796026
1338.5,0.0010859752,2039.186465763985
1338.6,0.0011052847,2145.72607344633
1338.7,0.0011508598,2058.174404641445
1338.8,0.0006539158,2433.1256566156785
1338.9,0.00075096305,2307.4466810623876
1339.0,0.0005429105,2900.2791612054534
1339.1,0.0006250332,2600.9751411152083
1339.2,0.0006942127,2704.8958321494256
1339.3,0.00055862387,2561.794569661838
1339.4,0.00048018762,2995.4959273342947
1339.5,0.0005007072,3049.2160188435987
1339.6,0.0005942418,2684.2973224286284
1339.7,0.0005335774,2837.449458828169
1339.8,0.00049536995,2719.578238852896
1339.9,0.0004964638,2837.140947047933
1340.0,0.00047043693,3031.135617606331
1340.1,0.0005221613,2726.273305265247
1340.2,0.00045807974,2938.233687971572
1340.3,0.00045393716,2785.8037146716633
1340.4,0.00043816806,3085.0026849674096
1340.5,0.00035605137,3335.049482771956
1340.6,0.00031226905,3676.04997867639
1340.7,0.00033754535,3216.929921579671
1340.8,0.00031903983,3295.9368891623308
1340.9,0.00033362373,3436.9183546935365
1341.0,0.00036109754,3428.930010846392
1341.1,0.00033321118,3239.0764646996404
1341.2,0.00033546073,3639.3634159436883
1341.3,0.00037601456,3350.1587740379055
1341.4,0.00033163442,3508.959537203078
1341.5,0.00031151893,3685.8808580392392
1341.6,0.00033040062,3277.449332898449
1341.7,0.00031726607,3702.67236191447
1341.8,0.0003054236,3319.3548662863755
1341.9,0.00029695276,3294.056738427785
1342.0,0.00031885086,3564.1883086541184
1342.1,0.00032473498,3440.5665741962853
1342.2,0.00032704248,3600.83727220358
1342.3,0.00029636087,3574.5127418539187
1342.4,0.00035418707,3535.0832704329473
1342.5,0.000399937,2852.7151167330576
1342.6,0.00040788657,3014.2131066071797
1342.7,0.0004406256,2891.2490309654013
1342.8,0.00044515915,2712.1534259593486
1342.9,0.00056757394,2574.3086074000407
1343.0,0.0006056505,2775.98495958029
1343.1,0.0007141019,2418.231565458269
1343.2,0.000672391,2336.204461660624
1343.3,0.00056136743,2969.898391480354
1343.4,0.0006458796,2551.909368196878
1343.5,0.0006850864,2328.93848063198
1343.6,0.00067153847,2339.835097019427
1343.7,0.0006141825,2362.1439564781986
1343.8,0.0005628205,2715.3218149982094
1343.9,0.0007736333,2187.7156019351924
1344.0,0.0005751178,2611.8630607455557
1344.1,0.00059532654,2554.705540633409
1344.2,0.0006755037,2383.0884347029237
1344.3,0.00041556716,2972.809711715784
1344.4,0.0004782031,2791.796883700478
1344.5,0.00037210967,3343.104328593634
1344.6,0.00040490174,3095.4724769350414
1344.7,0.00035733866,3282.422122870055
1344.8,0.00036569303,3285.6368686543046
1344.9,0.0003275048,3371.304826319617
1345.0,0.00033920314,3146.9664263641107
1345.1,0.0003423446,3457.6232179674
1345.2,0.0002870403,3345.430513357102
1345.3,0.0003037542,3325.376462791643
1345.4,0.00033484554,2970.834856061316
1345.5,0.00030760225,3316.11397742763
1345.6,0.00029374988,3765.9724574499724
1345.7,0.000285696,3773.813823461665
1345.8,0.00028103,3799.9182809557788
1345.9,0.00029560973,3373.714346037844
1346.0,0.00032766085,3460.7193046266448
1346.1,0.00026266824,3330.217748145666
1346.2,0.00032392252,3213.2943882629506
1346.3,0.00029462582,3395.435498653486
1346.4,0.00027087674,3461.98787932908
1346.5,0.00028276586,3373.9841524287094
1346.6,0.00031306376,3362.7747335460826
1346.7,0.0003099872,3586.8966313025403
1346.8,0.0003167234,3335.540276702509
1346.9,0.0003841203,3386.755685962789
1347.0,0.0004660689,2928.237044656405
1347.1,0.00055624946,2612.4021847258864
1347.2,0.0008690556,2260.06466362297
1347.3,0.0006477464,2483.3843718319845
1347.4,0.00075964566,2387.5425229113953
1347.5,0.0008475206,2417.8064143331612
1347.6,0.00070591044,2482.5465177069227
1347.7,0.0009495586,2075.165409567482
1347.8,0.00087686407,2226.415996043107
1347.9,0.0007747924,2332.957660635522
1348.0,0.0007638852,2285.628073321576
1348.1,0.00062040205,2377.3460664840154
1348.2,0.00082630006,2106.432491734015
1348.3,0.00063747325,2265.2712565595853
1348.4,0.0006683841,2235.836596676336
1348.5,0.0006266912,2625.5567897160454
1348.6,0.0006309339,2421.624485446991
1348.7,0.0005682826,2590.2905716732876
1348.8,0.00073080725,2296.415204465754
1348.9,0.00054778403,2675.5682980536885
1349.0,0.0005642586,2607.3718540490863
1349.1,0.0005277672,2711.643293941998
1349.2,0.0005059572,2597.4903959541152
1349.3,0.00044612406,2743.618101837027
1349.4,0.00049220334,2663.314911006868
1349.5,0.00057527964,2534.178783030351
1349.6,0.00082094246,2190.8175761466564
1349.7,0.000813966,2344.942539014176
1349.8,0.0006673754,2439.270867262933
1349.9,0.0004901415,2699.336072290841
1350.0,0.00044641804,2898.6156511691643
1350.1,0.00041736083,2905.0556807395405
1350.2,0.0003977238,3012.9163448394193
1350.3,0.00036821153,3237.5409976078568
1350.4,0.00031430565,3250.6277906320065
1350.5,0.00031885374,3203.475082809232
1350.6,0.00031349287,3613.035812859429
1350.7,0.0002879967,3476.317786114895
1350.8,0.00031211096,3412.533164529137
1350.9,0.00033623725,3483.098424974315
1351.0,0.0002904735,3554.9720515589715
1351.1,0.00030876,3580.3600131326266
1351.2,0.00033457868,3171.1151115633193
1351.3,0.00031447946,3356.78059476794
1351.4,0.00034524433,3227.227246761752
1351.5,0.0003388413,3359.2704221734184
1351.6,0.0003385286,3370.9327373169235
1351.7,0.00034659824,3339.311259700784
1351.8,0.000382546,3096.384077376105
1351.9,0.00038303563,3538.572186699258
1352.0,0.0005244461,2567.6366769056904
1352.1,0.0005172105,2698.9964328059214
1352.2,0.00063208677,2450.5957978261704
1352.3,0.00072119385,2427.1652141005407
1352.4,0.0008621774,2120.0571937926643
1352.5,0.0011912624,1852.1949268725377
1352.6,0.0012363596,1964.4098399124287
1352.7,0.0012444427,1855.4229662024807
1352.8,0.0012623506,2049.2809817867433
1352.9,0.0010581999,1980.9495120964918
1353.0,0.0010687461,1951.1916065394048
1353.1,0.0011361463,1777.8183632218784
1353.2,0.0009346349,2092.3832586389467
1353.3,0.00072509225,2126.1436684605114
1353.4,0.00062975555,2352.312156997499
1353.5,0.000637088,2303.780297912414
1353.6,0.00051041314,2724.686280960953
1353.7,0.0004043299,2835.295013435645
1353.8,0.00035063934,3024.2035460841953
1353.9,0.0003110139,3227.143650975775
1354.0,0.00033524027,3031.1544993107345
1354.1,0.00028820403,3373.8584249220567
1354.2,0.00024504802,3707.483006571824
1354.3,0.00026660974,3687.7304335898443
1354.4,0.00026066767,3450.8841409198144
1354.5,0.00027488975,3498.3167916532334
1354.6,0.00026560982,3239.1102811357828
1354.7,0.0002695902,3160.8162328933454
1354.8,0.00026378385,3395.5300029487694
1354.9,0.00023588545,3625.2531249491253
1355.0,0.0002218863,3667.660615993491
1355.1,0.00035034868,3115.2617842770537
1355.2,0.00041394183,2831.1713867941744
1355.3,0.00040338433,2601.5177355550304
1355.4,0.00045877113,2756.926600545431
1355.5,0.00043277245,2455.3451545577204
1355.6,0.00038575605,2530.0715103292573
1355.7,0.0004558514,2454.807351351232
1355.8,0.0004929683,2610.705180651741
1355.9,0.0005326003,2480.2983394749967
1356.0,0.00042421973,2669.7859542066
1356.1,0.00049003126,2510.595483018989
1356.2,0.00039697645,2771.173451863706
1356.3,0.0003744904,2716.8998390074985
1356.4,0.00036595296,2669.036544378425
1356.5,0.00031778443,2759.668479245206
1356.6,0.00037601043,2490.696544003796
1356.7,0.00032212393,2975.3119608458105
1356.8,0.00028677043,2831.84596926354
1356.9,0.00027363314,2964.0640482361932
1357.0,0.00025429385,2994.0145232977025
1357.1,0.00022711494,3151.757622964332
1357.2,0.00023397643,3064.476327665504
1357.3,0.0002263669,3063.722524148658
1357.4,0.00019635708,3257.2622091782127
1357.5,0.00022341298,3015.477032262563
1357.6,0.00018185854,3276.775203799447
1357.7,0.00020020793,3025.5308786709656
1357.8,0.00016401369,3568.9532943205704
1357.9,0.00019283907,3432.899508774307
1358.0,0.0001945485,3235.527050742858
1358.1,0.0001854136,3211.0589927518295
1358.2,0.00017070447,3352.3711365509243
1358.3,0.00019313936,3322.691133089603
1358.4,0.00018102197,3074.216181598972
1358.5,0.00017249673,3356.9285596641757
1358.6,0.00017627471,3173.1395003383504
1358.7,0.00017202897,3605.4371463789034
1358.8,0.00016385189,3081.715254678854
1358.9,0.000156427,3054.3963915614204
1359.0,0.000143423,3325.1896563644536
1359.1,0.00014844483,3103.2491743838814
1359.2,0.00013818755,3264.6310957931437
1359.3,0.00013196742,3176.6774427525693
1359.4,0.00014363734,3267.0466024049942
1359.5,0.0001384531,3103.0205914569806
1359.6,0.00013243372,3256.7147288819647
1359.7,0.00013595316,3151.1935044560328
1359.8,0.00012973923,3227.380479536313
1359.9,0.0001330485,3183.1607663903974
1360.0,0.00012186731,3184.178716917891
1360.1,0.000129684,3234.27969169256
1360.2,0.00013773901,2836.2111748365005
1360.3,0.0001562793,2906.3176175369545
1360.4,0.00019568778,2696.7212045322153
1360.5,0.0002044773,2347.3628060778983
1360.6,0.00019053044,2523.424947622958
1360.7,0.00019584465,2450.8656838958645
1360.8,0.00019499596,2386.2935279022017
1360.9,0.00017707098,2506.349233036699
1361.0,0.0001872237,2341.3653404519496
1361.1,0.00014016082,2667.150150662575
1361.2,0.0001400948,2572.0204712616255
1361.3,0.0001031475,2648.7283888980623
1361.4,9.3318245e-05,2910.94722768126
1361.5,8.178695e-05,3096.8765700669405
1361.6,7.6088916e-05,2958.603010645997
1361.7,7.1272436e-05,3064.4393627030413
1361.8,7.1117094e-05,3020.910703134921
1361.9,6.747469e-05,3162.334027735195
1362.0,6.0485192e-05,3401.21993044562
1362.1,6.300703e-05,3003.9211562830574
1362.2,5.030882e-05,3693.3855067039776
1362.3,4.623441e-05,3208.443282702239
1362.4,4.7276426e-05,2899.1785675968267
1362.5,4.6884146e-05,2813.1553371451796
1362.6,4.6467227e-05,2642.4938070908966
1362.7,4.047221e-05,2856.949142606719
1362.8,3.7216705e-05,2909.4560833551855
1362.9,3.6999052e-05,2345.7787402987024
1363.0,2.8960965e-05,2547.140624711397
1363.1,3.1071497e-05,2071.321227347075
1363.2,2.6697704e-05,1748.7335463244804
1363.3,1.7500135e-05,1255.2607374748163
1363.4,1.413174e-17,8051.238247402736
1363.5,0.0,0.0
