timestamp_sec,amplitude_rms,frequency_centroid_hz
0.0,2.6918893e-05,16002.383646420794
0.1,3.8655682e-05,15804.7954461671
0.2,3.847757e-05,15925.854151665553
0.3,4.092782e-05,16013.340498743268
0.4,3.7755686e-05,15897.527571713232
0.5,4.0172054e-05,16192.047138090167
0.6,3.2477965e-05,16228.379713176006
0.7,3.126003e-05,16005.203438587756
0.8,3.3615324e-05,16187.533840163871
0.9,5.7419147e-05,12233.912907994993
1.0,0.036269236,2850.0186509866176
1.1,0.010701612,6028.746131128948
1.2,0.03961573,2912.0928752379714
1.3,0.043190718,2905.7990812512567
1.4,0.04061909,3137.9813049662166
1.5,0.027324608,3451.636716951102
1.6,0.030563429,2906.2392273439873
1.7,0.027942086,2971.6301841716327
1.8,0.022508373,9210.861692157738
1.9,0.038892426,3014.4945136281685
2.0,0.06613009,2759.0399822383865
2.1,0.08113395,2754.5501334741552
2.2,0.08401763,2737.24516742586
2.3,0.053814597,3386.253006098548
2.4,0.0059688063,3961.8403253014303
2.5,6.1328756e-05,10628.694994118177
2.6,3.2509422e-05,16320.036856224824
2.7,3.15166e-05,16046.816543702362
2.8,3.1979147e-05,16064.347421390978
2.9,0.00011570385,11080.477684986558
3.0,0.03239441,3345.527860188899
3.1,0.018328477,4203.807644224502
3.2,0.04945142,2675.01612377531
3.3,0.039455894,2749.624823247802
3.4,0.028299624,3259.3593466147563
3.5,0.02397589,3518.2899562405246
3.6,0.029795252,2170.207849537429
3.7,0.028323077,2907.164382781358
3.8,0.012834689,8749.646795982111
3.9,0.03605466,3223.7807986977236
4.0,0.059026778,3591.709962876821
4.1,0.024106741,3901.59136890158
4.2,0.004834211,3909.6744480907564
4.3,0.0005261228,4797.61558498754
4.4,0.00012700185,8962.887364981234
4.5,4.5125114e-05,13916.71714507198
4.6,3.1024996e-05,16017.591009200196
4.7,3.1532443e-05,16143.162342425994
4.8,3.098261e-05,16029.116124001483
4.9,3.2234664e-05,16190.126762210755
5.0,3.1209485e-05,16079.370309340202
5.1,3.2307635e-05,16100.10044536617
5.2,0.030215828,2949.6385710453837
5.3,0.035314552,3270.1743542336008
5.4,0.02467612,3926.6786435302465
5.5,0.04325861,3130.492573265422
5.6,0.053742968,2728.836196072426
5.7,0.04173325,2519.3732346344304
5.8,0.016551308,3522.7817686680337
5.9,0.03661058,2755.6089506671856
6.0,0.03865697,3002.5786511352167
6.1,0.03992644,3569.3162365412772
6.2,0.014073754,3594.2410526364565
6.3,0.009781946,3885.8515877720465
6.4,0.013935048,4245.817262700758
6.5,0.007886879,3859.3367056597554
6.6,0.002519081,3088.2273943361124
6.7,0.008994249,5207.301957982181
6.8,0.017929541,3580.378148411307
6.9,0.04241119,2614.3110496637587
7.0,0.023932157,8452.930054757664
7.1,0.026293196,1699.929184690436
7.2,0.028730474,3003.001056775308
7.3,0.017817473,1882.7059052020525
7.4,0.023873478,2458.6464615826326
7.5,0.02927076,3289.1800626938457
7.6,0.040541798,1440.454091130494
7.7,0.039160646,2649.0749926525846
7.8,0.04915402,3348.3694462996136
7.9,0.016166473,3790.684882132261
8.0,0.0015290214,3754.382431253151
8.1,8.9466266e-05,10205.561333622318
8.2,5.9273556e-05,12951.541796942143
8.3,3.212155e-05,16174.038676700184
8.4,3.1734453e-05,16277.307987032611
8.5,0.00044826316,6832.276088869152
8.6,0.039741427,2549.5928461485782
8.7,0.03774442,3214.0256678547826
8.8,0.021338457,3154.209234507227
8.9,9.771239e-05,9710.470381313131
9.0,3.2386168e-05,16066.698237024539
9.1,3.254314e-05,16294.22469008163
9.2,3.3237047e-05,16153.111194939875
9.3,0.00068487163,8426.983199098448
9.4,0.08310489,2693.9675846674763
9.5,0.04165219,1750.377247207899
9.6,0.06537299,1714.4942252284936
9.7,0.057485018,2275.874581827422
9.8,0.00025200745,8059.479098924885
9.9,0.03160529,2425.6790062642826
10.0,0.0041089496,6055.595762867142
10.1,0.033819824,2231.2837228904873
10.2,0.014828213,2511.865587585709
10.3,0.054863993,1845.4674828221778
10.4,0.050169993,1833.662027442258
10.5,0.00041601915,8712.225932067884
10.6,0.029884342,2128.2120663625924
10.7,0.039522845,1199.1871353953934
10.8,0.040413946,3265.533096601799
10.9,0.01785416,3293.55778938886
11.0,0.0041362997,4654.198135211097
11.1,3.3611694e-05,16203.27321046986
11.2,3.1477248e-05,15988.837701667177
11.3,3.234629e-05,16160.075554080031
11.4,3.2316853e-05,16038.019986242803
11.5,0.00523357,7026.027979557401
11.6,0.032175478,3762.599888577202
11.7,0.043899365,2936.33952241344
11.8,0.045119196,2327.674003696567
11.9,0.044843864,2091.596394813155
12.0,0.045872346,2037.0143049217966
12.1,0.044488266,2074.5471317208076
12.2,0.049957417,2140.749052395323
12.3,0.051592063,2056.3033753792424
12.4,0.048764855,2351.968108553204
12.5,0.04844128,2528.95687992801
12.6,0.035012707,3121.8830332388366
12.7,0.050378364,2953.7840327133663
12.8,0.030071408,3518.6321973325043
12.9,0.0060605635,3419.4979589201675
13.0,0.00032696256,6066.224625447247
13.1,7.4078554e-05,11229.274348486339
13.2,3.0668598e-05,16079.217967400882
13.3,3.3387947e-05,16104.135206978466
13.4,5.4993827e-05,11821.159785309052
13.5,0.0074109617,8655.641071432416
13.6,0.045941737,3591.341193407586
13.7,0.046757717,2854.2254960240653
13.8,0.05050426,2245.18098911544
13.9,0.057191882,2012.6054702172692
14.0,0.061974723,1703.0721091844448
14.1,0.05920015,1546.8740505749263
14.2,0.057751786,1581.4617076887928
14.3,0.062170982,1502.6096248195113
14.4,0.064885765,1535.116201588532
14.5,0.06562548,1676.4520305504884
14.6,0.069783375,2030.1431922506526
14.7,0.09187275,2464.490913615682
14.8,0.06585218,3462.917978016966
14.9,0.0060535497,4118.884362318052
15.0,0.00044504428,5322.698211831839
15.1,0.00015533686,9222.638483629657
15.2,0.000105587416,11915.740825108394
15.3,5.0424696e-05,13608.374830891544
15.4,3.260179e-05,16127.801140382933
15.5,3.196966e-05,16098.534454473835
15.6,3.2807297e-05,16103.885667954553
15.7,3.065607e-05,15946.24085036807
15.8,3.1844134e-05,15931.683829633055
15.9,3.3187425e-05,16142.471709895159
16.0,3.3214576e-05,16200.971174741293
16.1,3.2962933e-05,16213.695487592586
16.2,5.365841e-05,13824.96529004355
16.3,0.0007261799,4474.390464598462
16.4,0.05981194,2284.2551306543774
16.5,0.047676336,2357.73571638871
16.6,0.02139309,8187.711408308989
16.7,0.011601403,7594.015676331494
16.8,0.0028439646,3973.008766415247
16.9,0.004568736,4145.753053214574
17.0,0.027757639,2377.1494762208818
17.1,0.030836139,2848.428252863209
17.2,0.016227368,7609.218814975578
17.3,0.010010524,8217.626551614463
17.4,0.00029061805,7325.170410491893
17.5,4.4934524e-05,14684.993899903893
17.6,3.1776926e-05,16005.643770563183
17.7,3.1504645e-05,15952.969632670365
17.8,3.2799056e-05,16181.874543874897
17.9,3.231627e-05,15991.592181154147
18.0,3.0582087e-05,16064.000583322544
18.1,0.0044179456,7522.2661398291375
18.2,0.07347168,2207.8623003061775
18.3,0.06728331,1904.1378109498412
18.4,0.027897036,1800.3760997908596
18.5,0.00015144062,9782.286184763387
18.6,0.059585854,1902.197931156455
18.7,0.049756575,2183.7573423036674
18.8,0.03547212,2272.720463680791
18.9,0.059490897,2326.0725531034805
19.0,0.065973856,2196.386318087423
19.1,0.037205186,2043.58075839947
19.2,0.00014120652,10070.664446560808
19.3,0.009463652,4973.23475151815
19.4,0.053782362,2788.926705450697
19.5,0.065939516,2892.547079837579
19.6,0.030828292,3791.0082547180855
19.7,0.0068703634,3138.684292643163
19.8,0.000592587,4114.323754684316
19.9,6.7455534e-05,11386.78428681873
20.0,5.856398e-05,13662.681464176145
20.1,3.0349469e-05,15913.927645129083
20.2,2.9389057e-05,15970.224898477609
20.3,3.1967335e-05,16036.60138683478
20.4,3.1564665e-05,15963.258584167777
20.5,3.124055e-05,16085.676379165012
20.6,3.1834665e-05,16066.466662153718
20.7,3.0949548e-05,15950.116250088628
20.8,3.1193234e-05,16046.102856711726
20.9,3.3806202e-05,16118.79141333782
21.0,3.197034e-05,16032.445358729794
21.1,3.337309e-05,16063.04177775398
21.2,3.298602e-05,16122.153863079391
21.3,3.0685347e-05,16066.221828442869
21.4,0.0069404733,3057.762599634424
21.5,0.044131387,2263.4100153979593
21.6,0.0053040367,5028.602537320915
21.7,0.001145627,4528.822181888585
21.8,0.04960564,2199.164216588258
21.9,0.04035796,2219.7311193739697
22.0,0.026153326,3408.832518723471
22.1,0.03368417,2580.127637798862
22.2,0.0334496,1849.9600525050082
22.3,0.04631237,2240.1463574856034
22.4,0.03192076,2880.0923200147595
22.5,0.045939066,2605.8461526581955
22.6,0.023652373,2880.8122206252947
22.7,0.017635567,2581.4959638494274
22.8,0.027135838,2849.415998425382
22.9,0.027949188,2883.933567369858
23.0,0.032403402,3159.7199368748106
23.1,0.010562101,3350.0014683931727
23.2,0.0020771513,2643.5959094503432
23.3,0.00033763144,6425.761223065492
23.4,0.00036792734,5045.397062604739
23.5,0.00010926756,9700.435610302793
23.6,3.0296964e-05,16038.757891580366
23.7,3.1139334e-05,16039.201797856855
23.8,3.2771248e-05,16092.137368372227
23.9,3.2077078e-05,16026.789422543781
24.0,3.422124e-05,16066.359990908255
24.1,0.02616961,1795.7992203963743
24.2,0.054347746,2855.5844271211454
24.3,0.038486324,2663.3998567289964
24.4,0.00011414404,10142.302868562569
24.5,0.009336202,4016.2612857902054
24.6,0.044602904,2282.555770369747
24.7,0.036328588,2947.4796455463475
24.8,0.04471014,3194.870894063781
24.9,0.04821262,2864.9057594229334
25.0,0.024600554,2154.4539343915103
25.1,0.0001222252,10518.235008431464
25.2,0.014581482,3571.6716489653622
25.3,0.06725111,2274.0259294345306
25.4,0.06827641,2832.5697214883626
25.5,0.038808547,2916.6544780624854
25.6,0.0075607905,2804.1291455758587
25.7,0.00024607696,7645.186379611871
25.8,5.8691425e-05,11003.21890067052
25.9,3.3522803e-05,16217.081867823335
26.0,3.160689e-05,15998.30189934555
26.1,3.100755e-05,15895.995171271243
26.2,3.18251e-05,16121.250343718817
26.3,0.000540207,4839.03438508557
26.4,0.06201654,2412.0269693354967
26.5,0.049585596,2492.4760986232163
26.6,0.02200753,1107.2653717430444
26.7,0.035214238,2538.6232841060314
26.8,0.026305763,2524.5398357621966
26.9,0.0039969874,3988.9289748980345
27.0,0.0010652016,3716.5631376793654
27.1,0.0010363412,3785.7561701403733
27.2,0.032010686,2131.399195546346
27.3,0.036913674,2940.7596577716067
27.4,0.06356732,2098.3860542429793
27.5,0.072520934,3359.2027972876795
27.6,0.016874703,4017.016649080324
27.7,0.0036774313,3824.0729736711874
27.8,0.0003360039,5899.190618939148
27.9,6.828128e-05,11656.734144173004
28.0,3.3163615e-05,16219.135200129645
28.1,3.291567e-05,16155.432431180197
28.2,3.2440574e-05,15990.453971323273
28.3,3.1613923e-05,15961.177378271805
28.4,3.0824143e-05,16108.45943193358
28.5,3.111396e-05,15944.947152758055
28.6,3.0540916e-05,16022.099013969553
28.7,3.071487e-05,15963.400147986591
28.8,3.0901712e-05,16118.401203886924
28.9,3.350689e-05,16201.464132496469
29.0,3.241128e-05,16283.755370470863
29.1,3.1128486e-05,16047.349949621977
29.2,3.1623935e-05,15912.420614149623
29.3,3.1629876e-05,16087.81643354872
29.4,3.0527477e-05,15951.751217738427
29.5,3.094775e-05,16118.267555659915
29.6,3.1398977e-05,16087.251474427096
29.7,2.9312781e-05,15845.845745248987
29.8,3.2011292e-05,16183.440629007717
29.9,0.05387042,2017.6171348926105
30.0,0.0009807064,7220.708089693559
30.1,0.0816079,1866.128548294328
30.2,0.08812987,1739.8609929762938
30.3,0.06306799,2097.2493132405634
30.4,0.0540715,2458.3561196373266
30.5,0.04340043,2126.9276308762933
30.6,0.061055277,2913.870931354927
30.7,0.034768082,1431.4532755459804
30.8,0.045375932,2372.9082285352556
30.9,0.013702775,3236.933751592897
31.0,0.03891423,2485.4746443184276
31.1,0.019978927,7914.834498426895
31.2,0.00025902802,8949.058275958629
31.3,0.008503444,2730.221263155447
31.4,0.027968034,2704.3711963614583
31.5,0.05094736,2770.1871568474253
31.6,0.052928247,2522.181285541841
31.7,0.03430128,2499.4219667043876
31.8,0.0056422916,2824.5269268144943
31.9,3.3817614e-05,16153.622439229797
32.0,3.162606e-05,16040.253559657198
32.1,3.2144217e-05,16061.164092868408
32.2,3.226556e-05,16246.90136552756
32.3,3.1104246e-05,16013.372625517066
32.4,3.1366322e-05,16059.642362730012
32.5,3.250405e-05,16306.898578236722
32.6,3.2319935e-05,16361.746077632644
32.7,3.241096e-05,16136.482366057597
32.8,3.3707212e-05,16315.413798247026
32.9,0.05599693,2259.376604426953
33.0,0.00055318145,7078.225053986869
33.1,0.06541069,2384.0919501457643
33.2,0.04138637,2131.2265751019186
33.3,0.04026956,1567.0184335515191
33.4,0.039075002,1744.270774428433
33.5,0.030647296,1196.856522283137
33.6,0.041422945,2606.734382896746
33.7,0.00039477143,9155.723074390176
33.8,0.04029658,2372.099162321906
33.9,0.036903635,2309.983166842684
34.0,0.004536769,2863.5635558514978
34.1,0.000167686,8370.700486325333
34.2,0.043403093,1459.939040691126
34.3,0.011402352,2750.8273487340825
34.4,0.0792192,1890.020108382398
34.5,0.01757436,6730.342806997602
34.6,0.00065699243,9261.804166277889
34.7,0.12056126,2242.2073487489924
34.8,0.106849425,1934.7044770851517
34.9,0.09711546,1551.9396066132595
35.0,0.040278032,1968.8115615942434
35.1,0.0039420286,3091.607554944744
35.2,0.04493578,3052.121656764972
35.3,0.046159517,3068.2014773303954
35.4,0.041626,3387.51288974284
35.5,0.028897878,3158.6207805890986
35.6,0.029030496,3193.2771689645947
35.7,0.0040251403,4528.2992121698335
35.8,0.0007841243,3690.4801551157234
35.9,5.6919627e-05,11346.34086284941
36.0,3.034759e-05,16118.206465440931
36.1,3.251761e-05,16146.578366554097
36.2,3.1385076e-05,16075.306932386702
36.3,3.414495e-05,16200.68448264166
36.4,2.965288e-05,15931.04472426337
36.5,3.0569066e-05,15844.71073704705
36.6,3.2172687e-05,16058.167641989623
36.7,3.1696014e-05,15938.751321217345
36.8,3.1850304e-05,16175.278581423394
36.9,3.327366e-05,16307.271509302855
37.0,3.1345346e-05,15966.065901195896
37.1,3.3605476e-05,16363.949114110195
37.2,0.00019446896,12437.032334904312
37.3,0.06995941,2179.045527389298
37.4,0.029712979,3551.488581506939
37.5,0.05420519,2351.9548671409284
37.6,0.009216357,1516.881147556842
37.7,0.044691723,2579.987667181126
37.8,0.065379195,2326.944076774682
37.9,0.05834281,2361.6113230453707
38.0,0.04477191,2237.4799789640388
38.1,0.030730845,1666.0844108830574
38.2,0.041955683,2109.4457631571822
38.3,0.046762604,2398.333619204345
38.4,0.036271766,2186.1874794015407
38.5,0.024435917,2244.252373174177
38.6,0.0033009273,3607.764296794664
38.7,0.0004031333,4420.87434171303
38.8,9.048187e-05,10401.607893957098
38.9,7.594771e-05,11493.856565242408
39.0,6.0256134e-05,13528.630249803758
39.1,0.00016143608,9307.69538010514
39.2,0.058696993,1830.7276153772398
39.3,0.095522135,2540.456580600705
39.4,0.05003198,2634.07444505922
39.5,0.012498987,2614.9107041187804
39.6,0.029672638,1813.2441799357978
39.7,0.059726737,1908.261181193372
39.8,0.040558062,2384.5751207389944
39.9,0.028614137,2758.500385360513
40.0,0.032952964,1408.066772610038
40.1,0.051588584,2005.627640712446
40.2,0.029053649,2795.1750477986234
40.3,0.005807168,3653.998589579494
40.4,0.00068064145,4270.816921274629
40.5,0.00018572708,10117.850928071857
40.6,5.6389727e-05,13095.882421268798
40.7,5.3069718e-05,13758.156548624727
40.8,3.130104e-05,15890.283777758523
40.9,3.2952965e-05,16209.712850867714
41.0,3.4880755e-05,16242.787387279166
41.1,3.062991e-05,15824.338880798216
41.2,3.3817043e-05,16274.456767290403
41.3,3.3314634e-05,16117.163869633532
41.4,3.101443e-05,15932.804044950575
41.5,3.3878736e-05,16126.527884870933
41.6,3.2144504e-05,16160.18738527408
41.7,3.0689855e-05,16047.989286781454
41.8,0.0043448843,4284.903216063419
41.9,0.1471284,1519.3771951098504
42.0,0.075900316,1942.6736538545226
42.1,0.047260217,1212.124172465358
42.2,0.05059364,2609.264762581902
42.3,0.05157106,1245.4905541038795
42.4,0.05808008,1793.7523120821002
42.5,0.03444309,1322.7211896214633
42.6,0.06437977,1974.4323051875015
42.7,0.047752384,2189.4676997827737
42.8,0.013211504,2877.636367985861
42.9,0.00061821676,4463.71511126849
43.0,0.0005333501,10120.790025805127
43.1,0.05358388,2530.419402390972
43.2,0.017042242,6457.621934469187
43.3,9.4035335e-05,10231.274386089986
43.4,0.023002192,4953.170476463773
43.5,0.032829635,2557.2999009198543
43.6,0.065111645,2013.3242740270323
43.7,0.12341728,1780.4471089467806
43.8,0.07891773,1789.2003081161051
43.9,0.024489544,1435.8244421443926
44.0,0.017002165,2874.339923749582
44.1,0.022854794,3288.045514854949
44.2,0.023984067,3870.582597209531
44.3,0.014398883,3139.7018176149772
44.4,0.0020853076,2762.0844111236747
44.5,0.00018790089,7945.166908629508
44.6,7.792241e-05,11727.662465442307
44.7,3.351889e-05,16211.528189343782
44.8,3.314058e-05,16224.237526317374
44.9,2.9565283e-05,16037.234884232195
45.0,3.0394764e-05,15984.240046510187
45.1,6.0474835e-05,13843.714873305507
45.2,0.005253309,8283.121873736985
45.3,0.022248402,2727.5117326587774
45.4,0.057602692,2070.668678070022
45.5,0.019466761,2465.2925886242815
45.6,0.00015147559,10000.273319117216
45.7,3.1801173e-05,15984.38348130321
45.8,3.2386637e-05,16035.659450978466
45.9,3.050579e-05,16048.322507837816
46.0,3.133082e-05,15941.716865861212
46.1,3.1195348e-05,16086.504760614176
46.2,3.3262633e-05,16044.091808644243
46.3,2.9997604e-05,15890.207128864524
46.4,3.1228396e-05,16177.370652190039
46.5,0.075010665,2425.153201048541
46.6,0.13964874,1013.9545282506147
46.7,0.07269517,1962.6239337688967
46.8,0.04422132,1405.2172922731697
46.9,0.04253533,2222.3176463662485
47.0,0.034301423,3045.397584696757
47.1,0.0343094,1475.5089367361459
47.2,0.03503936,2308.028562579835
47.3,0.03313797,1410.6671184448571
47.4,0.070509054,2130.2038851322395
47.5,0.087612,2203.4424474823377
47.6,0.016650675,2578.535172181631
47.7,0.0007780002,4301.359191504997
47.8,0.000109926405,10343.685640700423
47.9,0.004684103,8093.016590458265
48.0,0.042503215,2465.1358775542317
48.1,0.01330021,8517.484536421005
48.2,0.008511081,6832.4626410137325
48.3,0.04978661,2174.920318236425
48.4,0.05789043,1752.5721271375692
48.5,0.102472395,1578.881452116857
48.6,0.059317946,1982.3116190189062
48.7,0.013232456,1891.3696820834184
48.8,0.022111176,2769.656968679757
48.9,0.024496032,3010.520483577018
49.0,0.024802303,3410.0074493301972
49.1,0.014114831,3361.6605205887854
49.2,0.0011729653,3280.577881637549
49.3,3.4197375e-05,16296.1521969728
49.4,3.190056e-05,16031.740300782089
49.5,3.143881e-05,16092.88594495816
49.6,3.067526e-05,16030.899410246628
49.7,3.144116e-05,16124.840061809628
49.8,3.2762782e-05,16159.812398396873
49.9,3.1007283e-05,16044.434058120522
50.0,0.022014223,2514.8189072288123
50.1,0.14381011,822.9218001757138
50.2,0.068526015,2082.598767613706
50.3,0.0004648211,6825.592458569452
50.4,0.05215663,2081.6772327926237
50.5,0.016712528,3195.184358153577
50.6,0.080141164,1670.9889049009425
50.7,0.020830888,3188.3578763110913
50.8,0.018893626,4740.040122795169
50.9,0.05837902,2190.454711390646
51.0,0.05099881,1200.6439727285722
51.1,0.035586018,2295.767516874724
51.2,0.03330537,1720.117589307105
51.3,0.04162012,2100.3861329409756
51.4,0.0003742922,8017.7192328296105
51.5,6.846111e-05,11571.613562742165
51.6,0.08403008,2443.318234922471
51.7,0.042028975,2268.2458539230247
51.8,0.05188765,1671.6695461997615
51.9,0.05337418,1706.0717579885745
52.0,0.051384784,1782.074987099671
52.1,0.013340238,2178.992892412688
52.2,0.0009926526,9147.659988149931
52.3,0.05409907,1590.1531734054347
52.4,0.059287895,1159.0783622873507
52.5,0.0115795545,3227.8249806887006
52.6,0.0068437434,6707.102871254723
52.7,0.01715497,4772.6495003789705
52.8,0.025762292,2674.735189179866
52.9,0.012503791,2832.0452190930705
53.0,0.00028764058,6398.809759155072
53.1,3.2362208e-05,15853.691746515458
53.2,3.3013264e-05,16181.611399566178
53.3,3.2956745e-05,16061.93553597188
53.4,3.1904594e-05,16023.467434327815
53.5,3.3244964e-05,16011.839141922708
53.6,3.295889e-05,16064.742989841641
53.7,0.018530814,2519.04911336424
53.8,0.11901227,817.7849176599033
53.9,0.05452777,2403.5975310418908
54.0,0.0018326472,3277.7916340170577
54.1,0.050222583,2191.8216137339296
54.2,0.020120297,3465.8959415895283
54.3,0.044927627,1758.9776911416106
54.4,0.04683521,1648.211572463306
54.5,0.040348582,2099.8961401526767
54.6,0.008184362,5228.890228238717
54.7,0.0477483,1604.4412710203585
54.8,0.03743351,1199.9029330819512
54.9,0.06435462,1939.8094744219204
55.0,0.035569623,1743.193155929963
55.1,8.104487e-05,10463.547964174337
55.2,0.00036126046,11395.26634596736
55.3,0.04539669,2743.757899498099
55.4,0.0013595005,2901.331156069673
55.5,0.034084447,2104.723793259357
55.6,0.08274052,2016.5393622458078
55.7,0.047867242,1353.4339732312612
55.8,0.039328583,2022.7574477689589
55.9,0.018659145,5886.559207816943
56.0,0.010250663,2430.766279794251
56.1,0.007217745,3528.9069170891057
56.2,0.0048835776,2196.111806012318
56.3,0.03451212,2272.441687976206
56.4,0.057692725,2168.7441726135676
56.5,0.06935259,1809.2958478428236
56.6,0.0075617963,2369.018105349178
56.7,0.00013588081,9429.898113973131
56.8,3.0705127e-05,16053.548155818566
56.9,3.21941e-05,16059.322860161052
57.0,3.301488e-05,16114.764136065036
57.1,3.244824e-05,16103.883257429607
57.2,3.0085424e-05,15894.629516041923
57.3,3.25922e-05,16030.662936563413
57.4,3.2507065e-05,15988.557533739653
57.5,3.1679538e-05,15926.614231741098
57.6,3.2426135e-05,16206.120702988688
57.7,3.2353426e-05,16166.23655254073
57.8,3.0244822e-05,16006.800366885072
57.9,3.1184933e-05,15963.576554895684
58.0,3.333407e-05,16205.467771849768
58.1,3.2188276e-05,16141.207243610159
58.2,3.2535616e-05,16031.744473248647
58.3,0.012971356,3268.787929013877
58.4,0.048517916,1796.121078783017
58.5,9.522221e-05,10026.584525548029
58.6,0.057379276,1929.9328579203443
58.7,0.03542601,2595.346808539546
58.8,0.017355315,8160.671922329904
58.9,0.0017512658,7151.137329746431
59.0,0.038703237,2049.1175406197403
59.1,0.00084963586,7136.617766247493
59.2,0.0065816655,4977.476238588812
59.3,0.05085272,2061.886316760888
59.4,0.02164097,7676.1519933600275
59.5,0.0038142581,8622.709079035483
59.6,7.212241e-05,11139.182055590378
59.7,0.037052605,2725.11447461877
59.8,0.043563873,2815.3619290057486
59.9,0.02218943,2781.0952530858904
60.0,0.004662731,2639.23034183303
60.1,0.00011600888,9727.943005197347
60.2,5.0455335e-05,12709.746275883912
60.3,3.0984855e-05,16105.169416528162
60.4,3.127208e-05,16149.133376967971
60.5,3.236912e-05,16019.998348235078
60.6,3.2439108e-05,16172.837584006955
60.7,3.1585638e-05,16005.569612000618
60.8,3.0682764e-05,15995.100536738182
60.9,3.760275e-05,16189.120171425186
61.0,0.023840163,1607.3576205797026
61.1,0.07551143,2302.005872941687
61.2,0.06325411,2696.5640305140255
61.3,0.058567308,1810.0310001720795
61.4,0.041779578,2221.9075506910076
61.5,0.02551761,2534.766725445333
61.6,0.01331153,2387.14570686337
61.7,0.0067947414,6324.369171890772
61.8,0.0016616941,5933.334582045074
61.9,0.023126028,4175.217784358481
62.0,0.028601825,2123.003913011888
62.1,0.03285766,1859.9307096837183
62.2,0.06867965,1887.1929306095333
62.3,0.038970552,1606.1024076303806
62.4,0.003969226,2396.5331445240745
62.5,0.016790377,2341.5863996387234
62.6,0.083518155,2217.2249844097155
62.7,0.0013157286,4741.7061613206315
62.8,8.1740574e-05,10267.896361566854
62.9,7.871037e-05,11402.189826180178
63.0,3.1314783e-05,15953.871802926871
63.1,3.147526e-05,16114.043262491607
63.2,3.1931224e-05,16070.460661823447
63.3,3.2529977e-05,16076.186833937105
63.4,3.2145555e-05,16140.624386100235
63.5,3.0781903e-05,16091.47161273003
63.6,3.306206e-05,16097.512435647806
63.7,3.1202497e-05,15977.446591514003
63.8,3.0889307e-05,15963.236007128839
63.9,3.166534e-05,16204.188118602564
64.0,3.107813e-05,16051.02024114607
64.1,3.1260864e-05,15904.755280021736
64.2,3.0354146e-05,16048.346605290444
64.3,3.250332e-05,16230.377905221092
64.4,3.1832904e-05,16096.858320828374
64.5,3.1791355e-05,16188.15173073461
64.6,0.0001997347,8039.148949476807
64.7,0.06995843,2499.843893163295
64.8,0.05615337,2255.7743985313937
64.9,0.020703409,8565.415797631786
65.0,0.015893333,7995.138295901348
65.1,0.0050446223,7197.104131534334
65.2,0.0007567675,4813.287904526203
65.3,0.022631818,2371.7916606188696
65.4,0.020806536,2657.6890306871346
65.5,0.02428485,2832.427942917963
65.6,0.011861536,7259.782264928441
65.7,0.020293899,8390.206973343367
65.8,0.0057517183,7744.2256201167775
65.9,3.506986e-05,16181.781963400092
66.0,3.231655e-05,16185.941688689945
66.1,3.145083e-05,15964.184812245421
66.2,3.3234355e-05,16149.307754181395
66.3,3.091483e-05,16084.65562604691
66.4,3.099425e-05,15988.9374722759
66.5,3.2216194e-05,16077.327583152304
66.6,3.1137944e-05,16037.793825790672
66.7,3.4130717e-05,16044.48200810176
66.8,3.3009186e-05,16181.650449474124
66.9,4.843446e-05,12252.419727695526
67.0,0.006607126,5831.629839559663
67.1,0.059781767,2541.5292294947753
67.2,0.05634159,2917.158541364583
67.3,0.03489936,1796.821274143374
67.4,8.722288e-05,10024.106817646858
67.5,0.023488902,3235.1455992649994
67.6,0.07081425,1803.0584542833285
67.7,0.07216342,1771.739211879088
67.8,0.010296514,3011.282014235649
67.9,0.058088023,2574.4621094219106
68.0,0.044132095,2832.089993442503
68.1,0.021133637,2599.9360994626277
68.2,0.0011025035,4895.055991452846
68.3,0.00027821492,9762.735396209873
68.4,0.033486422,2302.865745176155
68.5,0.05665069,2478.4294241930884
68.6,0.06298234,2618.475140580883
68.7,0.022786804,2735.601654047792
68.8,0.0018216652,2832.430763402661
68.9,0.0010969427,3217.784671088524
69.0,0.00028415484,6389.463194963378
69.1,3.1913518e-05,16082.461359469538
69.2,3.3083325e-05,15996.249593206256
69.3,0.015190551,8578.339520161218
69.4,0.08329651,2175.054332228097
69.5,0.06883497,1843.9813304836002
69.6,0.044558086,1651.3094699235678
69.7,0.050463036,1957.1934702893182
69.8,0.028329216,2017.0633695801394
69.9,0.00013084551,9187.571016266587
70.0,0.06382811,1843.4253481018222
70.1,0.06143776,2093.9231201081443
70.2,0.06680544,1554.9206267386792
70.3,0.08078025,2589.537772072541
70.4,0.06001088,2341.875922396363
70.5,0.0030294983,4853.08113853727
70.6,0.05172957,2611.4764221675587
70.7,0.058947,2836.9262812797306
70.8,0.0016984843,5702.680253031587
70.9,0.03355107,2872.7547734993555
71.0,0.050310053,2019.3684899147534
71.1,0.042304184,1933.858247162759
71.2,9.3568146e-05,9572.610023180694
71.3,0.04221951,1798.8333381624027
71.4,0.076830305,2155.0781726700984
71.5,0.086325824,2124.108554674496
71.6,0.017764932,2809.6095920499524
71.7,0.00016960336,8863.950325376609
71.8,3.3492553e-05,16231.846966216111
71.9,3.120196e-05,16006.95803711834
72.0,0.003871268,10336.993310999282
72.1,0.0044497764,4959.737430480691
72.2,0.022608735,4082.7742815596953
72.3,0.07099529,2784.7457046539703
72.4,0.055804998,2992.6334266948907
72.5,0.00027877867,7857.845991937347
72.6,0.02958655,1924.2090242614308
72.7,0.06695452,1635.1171823400869
72.8,0.062299818,1836.71297813208
72.9,0.08350801,1872.1368832159505
73.0,0.0006873993,4392.550170056191
73.1,3.122695e-05,16032.688053646436
73.2,3.208593e-05,16065.826134407449
73.3,3.1500986e-05,16045.598161465416
73.4,0.016746212,2719.547321018873
73.5,0.0068963203,6441.380009567656
73.6,0.053585023,2316.105340522478
73.7,0.021797666,1400.4730850388016
73.8,0.048857965,3417.415844899456
73.9,0.07992362,1824.752006273403
74.0,0.0017050924,7164.493916482152
74.1,0.033704173,2089.7277143384467
74.2,0.050887745,1874.946192544169
74.3,0.054535292,2290.8591492812
74.4,0.032033157,2737.2676271665123
74.5,0.0012487967,3854.508547416624
74.6,3.132702e-05,16061.313650427113
74.7,3.0454896e-05,16110.463507300066
74.8,4.747615e-05,13712.316513114012
74.9,0.16809577,1711.591514495925
75.0,0.09265264,2173.241082014422
75.1,0.05070681,1921.7287317415103
75.2,0.056386027,2148.074427791278
75.3,0.00040752505,8368.408110585602
75.4,0.037532773,2427.1837660966858
75.5,0.0018666647,4880.472674030764
75.6,0.058417965,1240.423826283356
75.7,0.048116818,1482.3530991026391
75.8,0.03536202,2132.8787481452096
75.9,8.714367e-05,9971.365738602477
76.0,0.018523386,2816.4432265901073
76.1,0.05176687,1774.5314753759628
76.2,0.051590726,2147.646961427061
76.3,0.034021188,2470.331560432057
76.4,0.00034591684,7549.522869634076
76.5,3.351332e-05,16285.458094639755
76.6,3.4441473e-05,16169.475631021745
76.7,3.52784e-05,15735.272244143549
76.8,0.023590028,2898.416177390449
76.9,0.06998815,2383.7518212851655
77.0,0.012858275,6132.276066998897
77.1,0.018507408,3588.080153102999
77.2,0.00014135474,9821.74262505562
77.3,0.057135213,1755.227771589475
77.4,0.054001432,1814.3186465963718
77.5,0.10012714,1812.7500154778763
77.6,0.0004854619,8400.803292661021
77.7,0.021553852,3331.4221423825743
77.8,0.037368346,2141.4208984317797
77.9,0.050880317,2408.4788218132658
78.0,0.022777997,2803.3581057230613
78.1,0.0002497516,7730.274130686272
78.2,4.4504694e-05,15378.256834869804
78.3,3.133354e-05,15997.135173614188
78.4,3.2396536e-05,16063.875000500222
78.5,3.2449734e-05,15975.85765727971
78.6,3.2158932e-05,16132.475652887086
78.7,3.2530246e-05,16089.846802604816
78.8,3.2503467e-05,15989.297520393933
78.9,3.2261138e-05,16156.951290522367
79.0,5.1283598e-05,13944.177702513936
79.1,0.014781801,1061.0911960077624
79.2,0.08742921,2443.097834101797
79.3,0.10450856,1274.5278757913181
79.4,0.08222248,1367.601650266853
79.5,0.032246616,1128.675078670374
79.6,0.065797664,1784.1937248621073
79.7,0.06996668,2250.991176619591
79.8,0.04620708,2304.3608104741534
79.9,0.0071371812,7722.416239121111
80.0,0.04804575,2199.70085317434
80.1,0.04462026,1833.7634193925683
80.2,0.018953385,1259.4965127541955
80.3,0.050813798,2593.7492542011437
80.4,0.06438362,2388.271286931071
80.5,0.011718555,2614.758783772329
80.6,0.00017367753,8462.123019010454
80.7,6.465515e-05,11128.42814051155
80.8,3.3961584e-05,16018.896079079845
80.9,3.0031071e-05,15827.073165200976
81.0,3.268899e-05,16050.894206971177
81.1,6.705235e-05,13231.065699852916
81.2,0.010080026,9056.24316800046
81.3,0.059580468,2653.9430854770526
81.4,0.06381057,1964.237856286742
81.5,0.008276711,2923.6300135370543
81.6,3.211364e-05,16129.237907974013
81.7,3.3610882e-05,16141.127367322537
81.8,3.156638e-05,16040.92156081757
81.9,3.159551e-05,16040.95782762766
82.0,0.004844859,4942.4450235103595
82.1,0.071568616,2098.441684984406
82.2,0.04645268,2166.301584554378
82.3,0.046439324,2033.8957109793337
82.4,0.009424239,4208.427434609848
82.5,0.09173477,2209.988130423837
82.6,0.0715054,1658.2284918704513
82.7,0.02970546,1955.6605081765267
82.8,0.0032595207,2198.43815238595
82.9,0.093838766,1731.085299269237
83.0,0.03286275,3397.1252517774838
83.1,0.0034170428,3669.157547126514
83.2,8.6720785e-05,9968.700810597516
83.3,7.575868e-05,11901.175034106209
83.4,3.3287357e-05,16226.907063682125
83.5,3.210984e-05,15954.828954349357
83.6,3.2689866e-05,16172.108641221646
83.7,3.216606e-05,16103.098407124897
83.8,3.5023662e-05,16182.579126977525
83.9,3.3438137e-05,16081.466157032435
84.0,0.018472785,3845.147536839149
84.1,0.085475065,1755.0509336581529
84.2,0.06860651,1831.1559507557542
84.3,0.034342673,2093.9739426450087
84.4,0.065660104,1226.541719424041
84.5,0.06088523,2062.9039793011193
84.6,0.002462665,8093.887068172792
84.7,0.004334719,5513.4458370472585
84.8,0.0336618,1817.7279905329372
84.9,0.024839312,1896.8407630888885
85.0,0.04551767,2434.3651334827196
85.1,0.049777806,1907.193006006142
85.2,0.060383707,1955.0252829422272
85.3,0.0309868,2427.3016648144903
85.4,3.835584e-05,16023.048445421668
85.5,0.00014518724,10434.119590481661
85.6,0.047564585,1789.7242285830498
85.7,0.0077397437,5120.810879563842
85.8,0.06351609,1857.958924447763
85.9,0.018277984,7887.255555938604
86.0,0.028386675,2875.675072325713
86.1,0.0017620589,5930.6196332277705
86.2,0.027385725,4729.680620510981
86.3,0.010189535,5313.758364749192
86.4,0.03926653,2158.103149335756
86.5,0.024610095,2417.982847030823
86.6,0.078116,1872.4040735430178
86.7,0.044467926,2125.1631639640823
86.8,0.010411928,8450.07529657212
86.9,0.06782657,1713.1750872668495
87.0,0.06628726,1976.0003359112454
87.1,0.020978142,2615.7367926137777
87.2,0.045281436,2571.9179066647675
87.3,0.016993195,3751.295715168958
87.4,0.04824303,2521.4591880982284
87.5,0.03885846,2926.357945494787
87.6,0.0070459987,2962.766878660321
87.7,0.00012459709,9786.659176944402
87.8,3.379305e-05,16240.067734296643
87.9,3.151487e-05,16177.001549379946
88.0,3.2584245e-05,16166.145045850408
88.1,3.30594e-05,16127.283747598123
88.2,3.1377636e-05,16149.56650884657
88.3,3.2466076e-05,16062.304993858234
88.4,0.009991389,4282.426722828849
88.5,0.041262574,1429.8464586061637
88.6,0.026817152,2270.7227521390914
88.7,0.055211827,1832.162908001268
88.8,0.054246824,2267.89376872337
88.9,0.044481844,1938.4016081417205
89.0,0.013013436,4407.6477531020755
89.1,0.014794414,8330.867511947195
89.2,0.022648161,2193.065972417922
89.3,0.0582719,1570.7354776017585
89.4,0.063995056,2292.836101534653
89.5,0.0779825,1139.4933090612249
89.6,0.051690202,2362.2693776780807
89.7,0.034686413,2336.488950903757
89.8,0.0024545165,2399.5910237274643
89.9,3.1996413e-05,15907.33917475409
90.0,3.2811407e-05,16249.591381046053
90.1,0.00030918856,6109.766404654832
90.2,0.07178599,2279.7452801460386
90.3,0.02835994,3152.2336342932913
90.4,0.051842917,2342.157346185872
90.5,0.016092869,8141.054324671975
90.6,0.07755799,1923.3123119604481
90.7,0.0026043607,4175.65542293244
90.8,0.039290894,1965.9847121107439
90.9,0.03207214,1955.2425634701046
91.0,0.051473122,1949.7950891341839
91.1,0.026827907,2326.5738898136415
91.2,0.04267501,2153.7008195695926
91.3,0.014687076,8112.573527212936
91.4,0.009000969,4072.684873327568
91.5,0.06272147,2154.005370695846
91.6,0.076782905,1937.8091284197349
91.7,0.02788899,2388.759850393861
91.8,0.024719285,2625.9421355104196
91.9,0.03512011,2998.82702244287
92.0,0.051409606,2931.480287458915
92.1,0.01577941,3253.835791512105
92.2,0.0010561611,3298.8687316819164
92.3,7.966538e-05,10355.412886152406
92.4,5.9757527e-05,13025.150072493458
92.5,3.2404503e-05,16037.613313688982
92.6,3.0167581e-05,15880.00550783023
92.7,3.214962e-05,16032.165961575654
92.8,3.2014097e-05,16160.216475634968
92.9,3.2562875e-05,15999.239659498364
93.0,3.1157877e-05,16015.385219556894
93.1,3.3822933e-05,16218.952436347896
93.2,3.158835e-05,16038.275630865626
93.3,3.154268e-05,16196.165934250983
93.4,3.2663997e-05,16165.10993225654
93.5,3.2542815e-05,16063.310943502549
93.6,3.2566168e-05,16094.827302160129
93.7,2.8949391e-05,15887.686444234505
93.8,3.267902e-05,16031.755343106126
93.9,3.1844604e-05,16096.682606646427
94.0,3.0469431e-05,15985.40650073603
94.1,3.2516647e-05,16239.367427280666
94.2,3.1070613e-05,16065.261366311519
94.3,3.2367065e-05,16071.756217358477
94.4,3.2465614e-05,16139.581101175627
94.5,3.1321564e-05,15986.033580001078
94.6,3.238524e-05,16249.93412502901
94.7,3.365369e-05,15973.539581912348
94.8,0.044198517,2810.608158669694
94.9,0.079255946,1962.3412350201227
95.0,0.07060741,2289.570327745405
95.1,0.03268334,5691.06349334665
95.2,0.009089293,7649.940899627283
95.3,0.037440583,3181.5385137223698
95.4,0.0634793,1851.6097534085197
95.5,0.057892222,1678.1046548458298
95.6,0.013682137,3471.122017657911
95.7,0.052486368,2590.013751140611
95.8,0.06903172,3426.228389167975
95.9,0.048840176,5531.997620921207
96.0,0.007205569,4246.453988294684
96.1,0.00018439196,9643.48447170021
96.2,0.010122195,3395.572424610048
96.3,0.038091373,2467.75626440588
96.4,0.040454246,2978.3870663931025
96.5,0.027718106,4082.785711489131
96.6,0.003683247,3528.5499127414996
96.7,0.00016671928,8797.03437352843
96.8,6.0631242e-05,10909.256825759468
96.9,3.1758074e-05,16071.311706915216
97.0,3.204573e-05,16121.858978864664
97.1,3.3234886e-05,16132.954270027281
97.2,2.9955288e-05,16149.355989161648
97.3,3.2132022e-05,16061.91711778131
97.4,3.2509768e-05,16135.29136669855
97.5,3.2875283e-05,16087.77502500378
97.6,3.181238e-05,16108.136405002922
97.7,3.18466e-05,16103.932081200128
97.8,3.155959e-05,16126.696797777822
97.9,3.108148e-05,15991.541006370233
98.0,3.147923e-05,15996.169577504068
98.1,3.092418e-05,16110.554493183932
98.2,3.490385e-05,16222.08899129341
98.3,3.1237232e-05,16078.100452059949
98.4,6.282939e-05,12209.57870634013
98.5,0.00025953332,6784.7389273793615
98.6,0.00031261268,6649.262271986188
98.7,0.091837555,2275.8445925901306
98.8,0.09514062,2294.8209811682036
98.9,0.072373085,2219.6416282578402
99.0,0.011089977,3100.2828925477606
99.1,0.0023490575,3115.960863766424
99.2,0.00010894794,8768.443155304438
99.3,3.1578864e-05,16130.014096418441
99.4,3.0424275e-05,15956.772383876347
99.5,3.2345255e-05,16275.2622488768
99.6,3.303638e-05,16106.812029749679
99.7,3.2327258e-05,16133.509505655205
99.8,3.161035e-05,16172.889023549498
99.9,3.21555e-05,16174.452780929601
100.0,0.00045902247,9497.470823114898
100.1,0.04376226,1888.0904092685116
100.2,0.07034914,1208.023820294109
100.3,0.0879972,1652.039179936955
100.4,0.06945836,2119.2590962848126
100.5,0.001090162,7460.065538531124
100.6,0.06382251,1683.3537505424779
100.7,0.052506175,1470.026714554338
100.8,0.046793528,1870.9673747125378
100.9,0.01925956,2034.722390133421
101.0,0.0037482078,2894.0541357789107
101.1,0.001225712,7482.1106555044735
101.2,0.06094191,1845.7489974791715
101.3,0.020427098,2225.8533979952826
101.4,0.06185039,2357.224746417225
101.5,0.0015050735,7998.702000102458
101.6,0.064621806,1627.550823097418
101.7,0.029604152,3401.465235762791
101.8,0.023909593,7439.712462410214
101.9,0.02220915,7577.234951294669
102.0,0.05607022,2414.0551935132853
102.1,0.01993041,2441.7193150074736
102.2,8.9897316e-05,10445.515568423649
102.3,0.018594822,3871.810736089552
102.4,0.04118119,2542.823820187331
102.5,0.031297028,2577.9043624827154
102.6,0.0059734015,2279.1863759304024
102.7,8.760757e-05,10101.882724669931
102.8,3.1818472e-05,16005.215052675885
102.9,3.143171e-05,16002.727870301414
103.0,3.2412547e-05,16212.291626053197
103.1,3.1961878e-05,16020.57327946651
103.2,3.237651e-05,15988.78057702654
103.3,3.4549532e-05,16118.300742804226
103.4,3.223249e-05,16034.290919087762
103.5,3.0173567e-05,16124.827584238154
103.6,3.1008316e-05,16006.333909707939
103.7,3.5407702e-05,16157.974813938748
103.8,0.021433003,3642.61634626013
103.9,0.0650452,2103.501694976794
104.0,0.00017536292,8987.746067993492
104.1,6.0497125e-05,11812.402758677927
104.2,0.02862759,7883.995325347799
104.3,0.16648577,1195.5330396145173
104.4,0.04346872,1919.46342908195
104.5,0.00036596123,7905.190793047292
104.6,0.008370993,2162.594329750205
104.7,0.00020894983,9193.568574367328
104.8,0.014634734,2622.15152665584
104.9,0.04353884,1627.130069269152
105.0,0.10235584,1285.2093371034607
105.1,0.0014070487,4932.1771893739715
105.2,7.1247385e-05,10620.272986998516
105.3,3.2123884e-05,16183.415296373658
105.4,3.3992095e-05,16117.362530791186
105.5,3.0642037e-05,16038.292231862039
105.6,3.3149317e-05,16271.805427183835
105.7,3.176431e-05,16169.970398500427
105.8,3.2531232e-05,16054.334801839672
105.9,3.293467e-05,16158.061063819705
106.0,3.0102783e-05,15978.888941570618
106.1,3.151844e-05,16127.440678910707
106.2,3.289679e-05,16095.853953023197
106.3,3.228067e-05,16108.251174843977
106.4,3.2119162e-05,16012.847785086515
106.5,3.1861728e-05,16110.209877845413
106.6,5.343473e-05,13376.584160594568
106.7,0.0076473774,2209.833342390615
106.8,0.011982709,3106.4742177890976
106.9,0.011446753,2307.4201124138863
107.0,0.025943602,1055.9118465984993
107.1,0.000101461956,9947.163836137677
107.2,6.7793524e-05,11839.228989860478
107.3,0.033850964,2226.0079697874294
107.4,0.08587822,1860.8180366124295
107.5,0.064994015,1865.242119977046
107.6,0.03662909,1657.1487003261143
107.7,0.044113412,2181.0269328458717
107.8,0.0364859,2016.4631616774327
107.9,0.031159671,2448.607632976925
108.0,0.04920162,2279.57339418071
108.1,0.017029304,3176.35381874561
108.2,8.374106e-05,10774.204136190125
108.3,0.00011822738,10992.020207829577
108.4,6.5395434e-05,12450.713321702446
108.5,0.066799134,3233.9943374222803
108.6,0.016688261,4347.863752896325
108.7,0.09231293,1767.2739703598345
108.8,0.004878404,2654.913351784475
108.9,0.0073690168,2685.3772111758135
109.0,7.56093e-05,11123.201943793205
109.1,5.6182907e-05,12948.647975064487
109.2,0.028820636,3933.2178729892025
109.3,0.026178798,4046.5899453300285
109.4,0.018029127,3853.6539623580934
109.5,0.011254373,3710.290527937292
109.6,0.0065787234,3381.4114069730545
109.7,0.002500331,3062.4157170532562
109.8,0.00030217873,5638.008210291582
109.9,0.00014272133,8047.814430221233
110.0,0.026722075,1918.6531646841504
110.1,0.007409257,5786.484318280465
110.2,0.052540302,1950.4684932693804
110.3,0.025694115,6329.831474527748
110.4,0.008841019,3138.886707389721
110.5,0.051254798,2203.6246906932715
110.6,0.008616493,7792.074853249913
110.7,0.044330947,1163.2716183407408
110.8,0.062327962,1280.5848667927123
110.9,0.012413264,7848.64187911776
111.0,0.00017299714,8672.143946922151
111.1,0.057437755,1696.7698152037156
111.2,0.03870194,2767.3572889451693
111.3,0.0427867,1242.8876862324776
111.4,0.07941593,2167.5089966082314
111.5,0.07100095,2389.4240150134206
111.6,0.027852912,2623.7855729204507
111.7,0.010529554,2515.9545003398453
111.8,0.000100410834,13717.675548702831
111.9,3.121048e-05,16094.203454558095
112.0,3.2064352e-05,16211.566835642077
112.1,3.386511e-05,16101.480219626817
112.2,3.316447e-05,16179.598802950983
112.3,6.819172e-05,10625.798269063798
112.4,0.11025305,1661.47172417385
112.5,0.12315544,1034.8825298018521
112.6,0.054058217,2174.130716752895
112.7,0.00013280232,9697.08563883076
112.8,0.04539945,1853.3011589037878
112.9,0.00029768716,8078.483898744058
113.0,0.06122985,1632.6223099196636
113.1,0.0018147136,5398.680587982395
113.2,0.036722492,2543.321669718671
113.3,0.05137702,2267.0781463606
113.4,0.0001924432,8370.353913559604
113.5,0.00042336454,4850.737445480861
113.6,0.01450577,6725.6149206023865
113.7,0.051649667,1082.9521173269716
113.8,0.034466557,1740.1425750618603
113.9,0.0006856374,8376.359330370879
114.0,0.013593921,1663.4359376728066
114.1,9.451551e-05,9998.84384194486
114.2,0.015629558,2441.4496027957907
114.3,0.07165289,1938.1377174947368
114.4,0.03002704,2872.3081235775962
114.5,0.004302904,2329.033256845935
114.6,9.127405e-05,9238.834294825678
114.7,5.8219917e-05,12114.583747210021
114.8,3.349954e-05,16273.943826758212
114.9,3.2035223e-05,16131.316117510512
115.0,3.3362492e-05,15958.421156791748
115.1,3.2344095e-05,15956.813405036057
115.2,3.2878776e-05,16114.498042332863
115.3,3.20128e-05,16082.506155008989
115.4,3.229113e-05,16238.763612399927
115.5,3.1788684e-05,16057.52455861606
115.6,0.010432582,7553.2012209660425
115.7,0.047475696,1973.0740436375072
115.8,0.03825388,1580.0403985025773
115.9,0.04320975,1471.620406066568
116.0,0.025360534,2022.6296473239645
116.1,0.010742214,2495.3608938002144
116.2,0.040738888,2548.6700646402724
116.3,0.046857037,2557.073729630637
116.4,0.026938844,2324.720536249385
116.5,0.036699686,2183.016173972268
116.6,0.052532576,1827.196432559495
116.7,0.022666454,2372.2888700741137
116.8,0.019933403,3012.4130726897392
116.9,0.025541743,3157.556898279417
117.0,0.013838504,2992.189134894909
117.1,0.00086081214,4163.304345375123
117.2,8.571315e-05,10267.079616471712
117.3,5.520931e-05,13892.728640270847
117.4,5.4731867e-05,13783.325085426186
117.5,0.03739111,2010.550757774461
117.6,0.0015720377,3306.3083041655555
117.7,8.0589496e-05,10297.235557836393
117.8,0.00015662861,11070.250699014618
117.9,0.057047457,2313.2818153053336
118.0,0.04928954,2478.662531557687
118.1,0.00073446875,6543.841691855274
118.2,0.008861091,7383.604835829547
118.3,0.055017095,1790.911007450916
118.4,0.054098617,2072.982761410387
118.5,0.008781019,5662.625900540133
118.6,0.061781842,2328.876384920941
118.7,0.047905583,1687.1274510797375
118.8,0.024339834,3902.90607773577
118.9,0.07531041,2067.2697920678634
119.0,0.009266728,9118.825020907178
119.1,0.11297868,1818.65764609924
119.2,0.041985285,2149.064515093044
119.3,0.001627853,6209.125949861918
119.4,0.052298523,2524.5286606953505
119.5,0.022487504,4156.0989184591945
119.6,0.04436301,2939.795888880201
119.7,0.048874017,3119.6290156731975
119.8,0.018063324,2762.285903055169
119.9,0.00010715501,9500.503210366856
120.0,3.2525273e-05,16132.274472109724
120.1,3.2892516e-05,16193.038926672132
120.2,3.3752567e-05,16186.026581338912
120.3,3.2256685e-05,16219.295746296226
120.4,0.00020032864,10015.030592791527
120.5,0.1564493,1278.4559422822633
120.6,0.10519835,1847.7020505182218
120.7,0.0021888842,3080.8860619515153
120.8,0.06727611,2171.9007215123574
120.9,0.028071107,2611.6045602308213
121.0,0.06290246,1830.321936141612
121.1,0.02837446,3211.9813170990374
121.2,0.015061574,9070.457748197787
121.3,0.044647526,1473.3103742620565
121.4,0.06537157,1612.221257385625
121.5,0.0052330247,3031.7915975141796
121.6,0.017771358,2314.8028160755402
121.7,0.08670115,2019.6679214564706
121.8,0.050440982,2238.6686651851496
121.9,0.006625744,7453.595452824133
122.0,0.007968451,4866.650870554955
122.1,0.028194835,2378.3462959688086
122.2,0.04402871,2397.844629651106
122.3,0.060939003,2298.5597105084207
122.4,0.032861035,2465.656417639183
122.5,3.2911645e-05,16093.306108303235
122.6,3.4178272e-05,16059.570845931506
122.7,2.9669729e-05,15849.512173944182
122.8,0.00023765666,9486.20410257408
122.9,0.060098175,1837.249277813104
123.0,0.039033644,2613.3078754387543
123.1,0.00025069245,9418.347000164693
123.2,0.04808275,2180.5657855087284
123.3,0.04153176,1585.5651737556987
123.4,0.048082795,2162.556256561795
123.5,0.026557375,1104.4028713123735
123.6,0.0115938345,7727.245553007388
123.7,0.04789631,1962.595309615926
123.8,0.046449102,1910.504484195788
123.9,0.027746221,2914.1161480052933
124.0,0.041359205,2525.3903510440273
124.1,0.036285903,2364.9270531889542
124.2,0.052148137,2169.2743778632002
124.3,0.06498811,2080.1125710927954
124.4,0.05271593,2264.6836113115596
124.5,3.2069955e-05,15958.56183016334
124.6,3.0093652e-05,16033.292599317305
124.7,0.02303793,2116.6868717369316
124.8,0.000961177,5784.385982361777
124.9,0.052503545,1880.912552238651
125.0,0.018705864,5754.42025358971
125.1,0.008052831,3634.387824260476
125.2,0.032331273,2247.636145336333
125.3,0.0119845625,6298.966570081983
125.4,0.0018694677,5848.968353768195
125.5,0.019930841,1853.6522560230997
125.6,0.0118561145,5255.8984850989345
125.7,0.000112365124,9858.372391275047
125.8,0.005179653,7010.658310416332
125.9,0.05618528,2553.8698722751537
126.0,0.060639333,1868.6503681848092
126.1,0.06560489,2150.6062020289733
126.2,0.00105589,5025.748482257558
126.3,0.06918876,2148.164009261694
126.4,0.04598121,2213.763654378374
126.5,0.0053869416,5200.949864699411
126.6,0.017073147,2897.836394133895
126.7,0.0059809606,5220.5935345142125
126.8,0.048167437,2420.5458358902733
126.9,0.044754267,2988.7464050963345
127.0,0.013799383,2536.41691955256
127.1,0.00038109146,6230.994881713115
127.2,5.7130906e-05,11661.003218677604
127.3,3.0582625e-05,15962.91890922528
127.4,3.192893e-05,15986.971661225574
127.5,3.387496e-05,16328.214126205672
127.6,3.4850946e-05,16081.694294058112
127.7,3.0150839e-05,16017.017233575361
127.8,3.2797718e-05,16109.529357184394
127.9,3.2880882e-05,16118.047263097698
128.0,3.267275e-05,15997.215960302045
128.1,3.1454878e-05,16031.524608608986
128.2,3.304169e-05,16183.508330127464
128.3,0.02501393,3688.7486408464415
128.4,0.06838266,1736.9559979707342
128.5,0.07243679,2130.5113413689114
128.6,0.08191147,2647.520226475734
128.7,0.041782122,2353.5159102109005
128.8,0.0001250023,9385.7389547314
128.9,0.06398254,2186.9268338081583
129.0,0.020748487,2213.186351905204
129.1,9.501728e-05,9611.612406566792
129.2,0.011126268,3361.481854071747
129.3,0.046794627,2399.7237691757887
129.4,0.06944475,2452.7817257688503
129.5,0.024913115,3230.5016313268015
129.6,0.000103115264,9792.855539002936
129.7,3.0961484e-05,16108.885551493066
129.8,3.0483243e-05,15976.299277806393
129.9,2.9890387e-05,15824.57355565041
130.0,3.099936e-05,15960.37998635174
130.1,3.153304e-05,15896.514425924259
130.2,3.2022323e-05,16100.032688623654
130.3,3.239826e-05,16162.249359981808
130.4,3.303553e-05,16105.30362824285
130.5,3.6318812e-05,15132.705863360618
130.6,0.054827232,1989.9314151288343
130.7,0.055101253,2259.2650382012575
130.8,0.009224623,1704.4759706054897
130.9,0.062604554,2593.217082182925
131.0,0.053311832,1602.1417334401885
131.1,0.054540515,2612.143965690894
131.2,0.0041715833,8596.392525669064
131.3,0.023773292,1328.0607089972345
131.4,0.07367962,1478.1087040764853
131.5,0.061803233,2602.0200953994035
131.6,0.045599077,2427.2517501627694
131.7,0.010890709,4491.482138450755
131.8,0.03835697,1325.289711177065
131.9,0.051652323,1715.5396135697229
132.0,0.02540328,2507.9500128538825
132.1,0.00023841328,7680.807837575805
132.2,3.0845218e-05,15843.493751082386
132.3,3.1225103e-05,16246.125067807447
132.4,3.2163305e-05,16031.593346251551
132.5,0.00013930818,9629.913476278343
132.6,0.008179964,8621.854048615585
132.7,0.08512257,1860.1566313854287
132.8,0.102940254,1786.7883959886294
132.9,0.011567565,1954.329541230016
133.0,8.059019e-05,10167.881816539259
133.1,6.14675e-05,12514.56134381589
133.2,5.5213255e-05,13343.896975271477
133.3,0.00036065286,8020.444275614576
133.4,0.00048589817,9341.893904649765
133.5,0.109367795,1616.529736671671
133.6,0.07737099,1979.0417247742093
133.7,0.030967725,984.1815803582576
133.8,0.0005758226,7936.817169114854
133.9,0.073085204,2363.0696346437603
134.0,0.07925659,1855.8635867097896
134.1,0.078162365,1062.8247710430946
134.2,0.040279612,2428.9489368049412
134.3,0.00011279714,10041.05182442057
134.4,0.025132805,1766.335813614351
134.5,0.00021359998,8514.815698056333
134.6,0.04421116,2403.747237090918
134.7,0.028910222,1863.5115292418423
134.8,0.000108932094,9406.776025196259
134.9,3.0289137e-05,15972.19917457119
135.0,3.0903426e-05,15922.344017868769
135.1,3.1810687e-05,16055.272948723708
135.2,3.2550946e-05,16127.953992160796
135.3,3.1680276e-05,16057.302958330321
135.4,3.1185155e-05,16022.209113505576
135.5,3.3662927e-05,16192.15996260168
135.6,3.2308035e-05,16191.67954460769
135.7,3.0406614e-05,15864.826502589396
135.8,3.232842e-05,16172.92796926704
135.9,5.9816266e-05,13239.991440805079
136.0,0.030731477,2182.4908891876826
136.1,0.0037679386,3148.16854821007
136.2,0.056011584,2680.8107465793523
136.3,0.022989796,8008.369117401833
136.4,0.0011626508,7798.363593934609
136.5,0.05552814,2072.196368518157
136.6,0.011135018,5919.914464982614
136.7,0.04553086,1821.4503084310322
136.8,0.00486292,7245.266010144189
136.9,0.08942977,1982.2557385370915
137.0,0.06753681,2148.8593805112646
137.1,0.056024954,2148.9998696646458
137.2,0.00016885482,11111.418482946265
137.3,3.2801105e-05,16037.539951045292
137.4,3.401753e-05,16230.038376979817
137.5,3.1233503e-05,16046.7397629918
137.6,4.3932516e-05,13935.248193876647
137.7,0.00016534995,10592.141550404001
137.8,0.12795006,2519.7550476854203
137.9,0.08889123,2624.950477398918
138.0,0.06863752,2125.130410746441
138.1,0.029772399,2030.197674124117
138.2,0.00881094,2705.8999800317565
138.3,0.059530877,2443.7379691679985
138.4,0.09137969,2206.788635960082
138.5,0.04346598,2587.75998727514
138.6,0.004052708,2439.0787716240397
138.7,0.00020313606,7010.637121527473
138.8,0.04237475,2446.01838816146
138.9,0.05770446,2643.2380517259744
139.0,0.012539479,3325.2009030546715
139.1,3.3455795e-05,16306.828501616761
139.2,3.2946926e-05,16174.29485129113
139.3,0.12406207,1949.4084317869847
139.4,0.053861726,2641.235562921571
139.5,0.019628856,6754.52921927781
139.6,0.04223644,2103.2925731132646
139.7,0.015646191,8828.168231288397
139.8,0.035914302,1859.2480344503874
139.9,0.06288488,1773.7195810075523
140.0,0.042972088,1355.2153547336973
140.1,0.036057733,2503.229053820586
140.2,0.01578712,2518.5094140855426
140.3,0.042147405,2570.00643651706
140.4,0.029656025,2267.39056026971
140.5,0.0011173566,3225.617155540508
140.6,8.188944e-05,10591.483858419831
140.7,3.2339758e-05,16009.744514400545
140.8,3.1430394e-05,16160.9105791331
140.9,3.0052404e-05,16039.781723040765
141.0,3.216822e-05,16139.552414215494
141.1,3.130549e-05,15975.885515152582
141.2,5.176998e-05,14416.480774804448
141.3,5.8426267e-05,13162.110924956194
141.4,0.10418875,1946.3663556230401
141.5,0.1402975,1835.7060353806191
141.6,0.024625402,1805.1952253012212
141.7,0.03677298,2314.2119212164116
141.8,0.051886063,1495.5401704991978
141.9,0.027459744,1797.8353361205031
142.0,0.0005532917,5497.075133819028
142.1,0.0068974737,7421.210266206188
142.2,0.07188869,1074.050137592419
142.3,0.052286617,1519.6765241825935
142.4,0.0027130544,6054.67840046906
142.5,0.017020846,8125.964108201323
142.6,0.025717147,2288.4420824249682
142.7,0.02518471,2124.8453535529707
142.8,0.051122766,2508.7172779329667
142.9,0.05335014,2696.3051052458527
143.0,0.051943116,1163.395945888297
143.1,0.052271917,1635.4927082204738
143.2,0.061546914,1484.2733067581903
143.3,0.01465771,1625.1572011918875
143.4,0.00013297166,10324.697453931525
143.5,0.068021365,1862.9834082050647
143.6,0.061399877,1317.6181645501285
143.7,0.038263354,2139.148442016492
143.8,0.029012522,2562.2147713614854
143.9,0.011090794,7777.030095842011
144.0,0.02415665,5614.456129775197
144.1,0.046145316,2318.6983487666275
144.2,0.044470865,2319.1898361271847
144.3,0.05874334,2090.7281643749097
144.4,0.044151455,2157.5974654364454
144.5,0.0058442517,2210.6244734730703
144.6,0.00039257694,5825.394044511435
144.7,0.00013419823,9665.907347536437
144.8,3.6329384e-05,16267.819279570842
144.9,3.0590418e-05,16023.493599438749
145.0,3.0347339e-05,15856.141599654296
145.1,3.076199e-05,16043.179556939482
145.2,2.9412524e-05,15945.484421032874
145.3,5.045248e-05,12554.950551797287
145.4,0.10355353,1969.9543120419353
145.5,0.10418568,1335.8306071175157
145.6,0.098945506,2352.6182487822525
145.7,0.08948567,2079.948757347742
145.8,0.01916978,6913.884774727911
145.9,0.021221286,7918.064295054534
146.0,0.022737686,6191.428436443926
146.1,0.019931288,2719.647278711127
146.2,0.017070865,2279.964113119316
146.3,0.0012919006,4827.895034581055
146.4,0.064058505,1732.6254523153411
146.5,0.056235537,1629.7504912571303
146.6,0.039249785,1819.0635624840013
146.7,0.016481722,1853.500867570248
146.8,0.0071489713,5135.618597907611
146.9,0.049414624,2519.1082160456976
147.0,0.04976923,2271.456146964343
147.1,0.018597674,3598.546617584474
147.2,0.05368205,2813.464177072396
147.3,0.05155159,1870.4200324627718
147.4,0.0027538198,9869.941497556303
147.5,0.042716186,1694.1220194425161
147.6,0.00013076264,8916.789312058567
147.7,0.057221133,1809.945062492415
147.8,0.07049954,2061.1445816986256
147.9,0.02258745,2201.350263919028
148.0,9.705929e-05,10357.037988919852
148.1,3.366371e-05,16273.512074449389
148.2,3.5412093e-05,15363.162391902742
148.3,0.00017333167,7568.132253093452
148.4,0.034652404,2419.280508417058
148.5,0.05731824,1880.7060504036172
148.6,0.0668486,2103.1265796956104
148.7,0.063942716,2219.687766970329
148.8,0.094335735,1110.9923354462048
148.9,0.07282639,1706.5175542015738
149.0,0.05567378,2045.2969144659805
149.1,0.001807792,4201.025453975171
149.2,0.03051343,1932.5363900026089
149.3,0.082204506,919.282453890296
149.4,0.037186295,1590.0284447886625
149.5,0.010194729,2935.7684154755643
149.6,0.06763776,1636.4905004042014
149.7,0.072965294,1774.2265960694203
149.8,0.004823115,2651.3079067625663
149.9,0.09168501,1658.9493490906623
150.0,0.06847284,2044.3066070129425
150.1,0.07029565,1538.555663668662
150.2,0.016350292,2658.6809552820105
150.3,0.023418454,1396.5837110606988
150.4,0.0010142301,6280.977025269165
150.5,0.06313223,1878.4730277905958
150.6,0.0534371,2079.9937989713153
150.7,0.0061048013,2312.3119953055143
150.8,9.181444e-05,10102.071120751349
150.9,3.0541978e-05,15969.777818121918
151.0,3.0133415e-05,15937.435095732262
151.1,3.1441035e-05,16007.297560915587
151.2,2.9209814e-05,15885.7678331711
151.3,0.013044804,7579.164333924417
151.4,0.11073058,1163.8351517428446
151.5,0.13908333,1395.6086402025908
151.6,0.008849806,4854.568741774665
151.7,0.023177566,8223.539323059458
151.8,0.07676007,2122.5300624119923
151.9,0.06757771,2441.286235748167
152.0,0.06198406,2435.3913176425467
152.1,0.04873223,2590.8618030870794
152.2,0.0006959548,6470.140051593771
152.3,0.0344955,1885.3308358942816
152.4,0.000834194,6808.126351281964
152.5,0.083023,1563.9597520080022
152.6,0.098801486,1641.1488375466279
152.7,0.08248553,1454.9160657330146
152.8,0.02520276,1461.260105135784
152.9,0.120263554,1281.8671737976438
153.0,0.13084482,1332.593448195157
153.1,0.051234476,2130.1987091357328
153.2,0.03190848,7590.1535137308
153.3,0.0002529258,8443.294281650731
153.4,0.0064351372,7503.229001255629
153.5,0.026458088,3017.4355923865387
153.6,0.021039616,8417.742926791992
153.7,0.00016356754,9498.126277902893
153.8,0.05680716,2361.3769707327215
153.9,0.06588844,2365.374733241634
154.0,0.05091161,2461.1490828405863
154.1,0.014014288,3042.436709965636
154.2,0.0013541583,3259.6976446446433
154.3,6.958637e-05,11040.69023861075
154.4,0.026744258,2526.4988134011123
154.5,0.009253585,4675.230142302483
154.6,0.007837459,5687.306700631638
154.7,0.08857185,1748.0135964693006
154.8,0.071811624,1813.1206504201016
154.9,0.06320713,1845.050804213237
155.0,0.0694326,2080.31735619382
155.1,0.094243005,1932.2586591855297
155.2,0.06356473,1867.393152003598
155.3,0.0066306973,2313.172337305292
155.4,0.038873293,1888.484878938431
155.5,0.020941181,1767.1484861893177
155.6,0.0031359831,4378.700714702736
155.7,0.033280484,2200.0463571834985
155.8,0.0069764936,1965.1430698245667
155.9,7.967863e-05,10637.80765910425
156.0,3.1629646e-05,16068.295533178016
156.1,3.43092e-05,16073.271978848872
156.2,0.028615609,2454.0607074324953
156.3,0.08591898,1795.917348671263
156.4,0.10039325,1756.8770461366444
156.5,0.04569479,2605.7308299714064
156.6,0.1160453,1749.8190278488592
156.7,0.12147146,1684.5113316179797
156.8,0.09669908,1533.8400334533294
156.9,0.001341394,5642.921391057179
157.0,0.054613024,2200.8632453044984
157.1,0.15815824,990.1649732912481
157.2,0.034069605,1827.6467713860065
157.3,0.0003149322,9568.311676712863
157.4,0.06153883,3260.0098931158363
157.5,0.12676638,1036.6584227467747
157.6,0.060378604,1760.7716229286987
157.7,0.004763863,3701.1381305661025
157.8,0.03784318,2764.6540018705023
157.9,0.06193645,1944.6616561787312
158.0,0.055328727,2188.4187079532676
158.1,0.07624874,2367.3870002543485
158.2,0.073490694,1944.7734697768028
158.3,0.06394152,1096.758601416309
158.4,0.07716175,1234.0932795190886
158.5,0.06905908,1171.8673513399876
158.6,0.049423236,1440.3557133962804
158.7,0.06707668,2018.6051416629284
158.8,0.06624587,1648.6700606874265
158.9,0.019870637,1844.1644618351022
159.0,0.0012171771,2779.0329145977566
159.1,0.00018785207,8869.32260698663
159.2,0.022811782,1863.1271432892127
159.3,0.15695821,1568.799699260504
159.4,0.16190253,853.2915143195539
159.5,0.05360285,2019.9255482819385
159.6,0.0003529767,9802.642157749242
159.7,0.11901271,1550.384971760679
159.8,0.07088113,1293.8984505315093
159.9,0.11759321,1707.2715383720601
160.0,0.00047833764,5349.9400710201535
160.1,0.028310902,1765.2709796747336
160.2,0.00696992,2790.275715357665
160.3,0.021395162,2095.088674034031
160.4,0.044419613,1920.058017321258
160.5,0.0059975875,2513.0436845484255
160.6,8.02503e-05,10259.647762651404
160.7,3.3804154e-05,16130.034999637493
160.8,3.245684e-05,16123.071536540694
160.9,9.7827404e-05,11091.66014334708
161.0,0.11316615,1965.5785181488902
161.1,0.08612507,2236.8475260365985
161.2,0.034695372,2654.8026092646437
161.3,0.01088618,7603.886011283378
161.4,0.12627277,956.1050400490997
161.5,0.11369376,1087.9075730627392
161.6,0.094995916,940.5772656264586
161.7,0.07709899,1896.3868300540362
161.8,0.055120002,2838.3529145733883
161.9,0.07194624,1142.8241164030414
162.0,0.09169099,1276.4638639958425
162.1,0.065115124,966.5696614379556
162.2,0.09114834,1976.1573977811747
162.3,0.098855585,2119.7165389064185
162.4,0.018522406,2179.056537263249
162.5,3.1201744e-05,16059.422879006677
162.6,3.1214466e-05,16046.113072444468
162.7,3.2785036e-05,16060.404184237676
162.8,3.1508218e-05,15987.89912729762
162.9,5.4630673e-05,11765.08930249825
163.0,0.029273126,2578.6188804281383
163.1,0.037568558,1969.4890607080133
163.2,0.00036367297,8022.473903732995
163.3,0.061601598,2918.5781023977265
163.4,0.049874302,1818.368407907924
163.5,0.046947982,2487.4605421070264
163.6,0.05786461,1545.819693268564
163.7,0.06854503,1490.033778413457
163.8,0.029775344,1965.9741012695495
163.9,0.12388521,1626.1983221363541
164.0,0.051697824,1807.2436209592051
164.1,0.00020188233,8680.878784482473
164.2,0.09349735,1372.5003756666988
164.3,0.088281564,1390.2535140018035
164.4,0.0023994292,5753.481764578314
164.5,0.013213759,7104.385554282398
164.6,0.05294254,1703.1438990827799
164.7,0.00037644655,8370.906343322655
164.8,0.0986821,1547.302635706376
164.9,0.06652185,1617.2291440597398
165.0,0.033886008,1957.2920046277582
165.1,0.00021120076,9260.156793957934
165.2,0.05601713,1771.5555753819472
165.3,0.086681336,1534.6004987650545
165.4,0.0128793465,5233.607918606677
165.5,0.07194352,1409.6500755125692
165.6,0.089945726,1908.6810219459899
165.7,0.042236257,1583.659185087605
165.8,0.07412033,2138.007246069422
165.9,0.06810878,1652.8108598586546
166.0,0.028168831,1977.5656572727512
166.1,0.041767787,1874.3305853859997
166.2,0.033416484,2029.885623200288
166.3,0.033033893,1274.9793215091242
166.4,0.031719696,1764.457454972132
166.5,0.03762432,2133.4932466741034
166.6,0.004429303,2022.584838692153
166.7,7.7069664e-05,10928.518431955348
166.8,3.085939e-05,16111.114404781913
166.9,3.1063286e-05,16068.221907199513
167.0,3.1264608e-05,15961.473659950756
167.1,0.0007181023,4114.654688480808
167.2,0.009500738,8740.25393846522
167.3,0.05737004,2108.496770352983
167.4,0.033472322,2168.0834780249415
167.5,0.00021161005,9499.66685822767
167.6,3.3591234e-05,16250.040153026952
167.7,3.262327e-05,16108.592166480048
167.8,3.2525495e-05,16141.42745012711
167.9,3.051469e-05,15937.769860702007
168.0,3.13533e-05,16099.905405480018
168.1,3.158747e-05,16050.297630108285
168.2,0.06602561,1985.8758576901191
168.3,0.07051748,2630.1486308986823
168.4,0.0014338061,6058.102853381292
168.5,0.060327817,1762.1890290607798
168.6,0.08117041,2265.8588521723955
168.7,0.094731845,1184.9872097891275
168.8,0.064638436,2152.5418371605324
168.9,0.00018692306,9281.183005512528
169.0,0.03218278,4105.450343190555
169.1,0.060685296,2525.2462105878526
169.2,0.031811565,2903.962261383511
169.3,0.013197187,6778.673708775525
169.4,0.065239,1591.4103132116152
169.5,0.08615614,1026.6510491209094
169.6,0.09755977,1884.589649838434
169.7,0.08142873,1557.9479566374957
169.8,0.006864923,1875.4484092231498
169.9,3.4442135e-05,16169.574145777402
170.0,3.29444e-05,16203.328217752653
170.1,3.2918237e-05,15982.407839742482
170.2,0.045134883,1812.9903949268473
170.3,0.071488395,2150.351781130675
170.4,0.06143708,2294.8543308270773
170.5,0.014472016,8038.420582455209
170.6,0.05578187,1929.1778917263964
170.7,0.06252169,1198.0479021157682
170.8,0.07946346,1481.591739828397
170.9,0.058765464,1992.1044791863796
171.0,0.0373707,2202.3237014396123
171.1,0.003998057,2326.3171114036268
171.2,7.122194e-05,8760.559589855962
171.3,3.3075637e-05,16298.42779092873
171.4,4.6366917e-05,14204.350065563493
171.5,0.060795873,1935.5937565460604
171.6,0.00024002405,7965.075533360366
171.7,0.07803116,2006.0719732553748
171.8,0.009557746,6000.660368379804
171.9,0.00030390866,8821.120045049918
172.0,0.06325067,2012.6890258893347
172.1,0.013334599,7473.936387547991
172.2,0.043110184,2236.229234422499
172.3,0.061123893,1716.1654633093972
172.4,0.0001591132,8973.032500762836
172.5,0.030826658,1705.0784568695303
172.6,0.05138802,1745.7203383512924
172.7,0.01358884,2487.667253707736
172.8,0.028843574,2072.410083345114
172.9,0.038117383,2110.3497150516037
173.0,0.031307194,1990.9442191780981
173.1,0.040764403,2631.950848233091
173.2,0.0155804185,2726.353431584368
173.3,0.0607292,2641.5071667443754
173.4,0.029656304,3137.816531118325
173.5,0.0036329336,2666.3470514615215
173.6,9.5321964e-05,9865.22950164642
173.7,7.3795614e-05,10839.352189576362
173.8,7.7927805e-05,12831.316215122792
173.9,0.065642096,2153.4207244280506
174.0,0.11956188,836.7945739155136
174.1,0.062566176,2147.258677133543
174.2,0.016800037,2820.2521894153488
174.3,0.089440905,1606.5626852051603
174.4,0.10798261,823.0508389025031
174.5,0.046259414,2306.7827849353725
174.6,0.010188266,3363.5922783304018
174.7,0.03075793,1958.2707876859845
174.8,0.06616179,2516.237114212063
174.9,0.008881249,5623.825782819751
175.0,0.036460966,1604.1901193575743
175.1,0.06776762,2120.6966020863024
175.2,0.07875411,1644.8166543367017
175.3,0.06713684,2073.302123265389
175.4,0.034554936,1956.1795922656797
175.5,0.060804863,2075.4114059326107
175.6,0.04995426,9065.913569986635
175.7,0.0095789945,3928.606059669202
175.8,0.03809218,2459.232222072768
175.9,0.009017543,7815.78678594357
176.0,0.032274406,2461.871051260213
176.1,0.025128037,5674.858756099258
176.2,0.01675137,5814.259237282649
176.3,0.028883895,2097.3987253181203
176.4,0.016461968,3029.474886480044
176.5,0.033763032,2036.1068792367619
176.6,0.039392553,2512.90874135128
176.7,0.028995637,2107.155454775845
176.8,0.032325126,2271.267211255412
176.9,0.023146858,1208.6587857660645
177.0,0.034527227,1999.7884254267874
177.1,0.025995318,1197.9734942175694
177.2,0.048187822,1947.7676471612142
177.3,0.045288853,2028.7193821898722
177.4,0.038154304,2306.213861848859
177.5,0.0033262533,2199.1277366960953
177.6,3.090927e-05,15912.932490600486
177.7,3.280379e-05,16254.571557789755
177.8,3.298864e-05,16126.328987763327
177.9,3.0767445e-05,15868.225354670618
178.0,3.1038384e-05,16034.319919429081
178.1,0.0045295362,2068.4457315155746
178.2,0.031021854,1941.7154142864479
178.3,0.056652702,1675.9977608101458
178.4,0.045402907,2407.469628461254
178.5,0.011078926,8221.43482179231
178.6,0.042016827,2155.8386511304225
178.7,0.0074177007,7238.890312662168
178.8,0.028226135,2034.9369754460158
178.9,0.018183025,1913.8424239961805
179.0,0.000121562894,9446.226036674607
179.1,0.031190647,1681.303560597669
179.2,0.036821797,1743.0401276495088
179.3,0.014860432,2507.656672164327
179.4,0.037962224,2401.733990138519
179.5,0.031626593,2204.1560978691095
179.6,0.014338378,2713.695121548045
179.7,0.03150395,2273.185231263533
179.8,0.012774064,3143.4262123710814
179.9,0.033726886,2799.229358372434
180.0,0.02016793,3105.3662550487625
180.1,0.0005737775,4893.397644503722
180.2,5.992943e-05,11108.339597864784
180.3,3.1969375e-05,15957.261921224039
180.4,3.3116503e-05,16178.126563894255
180.5,4.3448912e-05,13772.34871594657
180.6,0.019669054,7721.612886008428
180.7,0.044781484,1367.0855968509827
180.8,0.083942875,1229.2434918636272
180.9,0.11663941,1525.5322842405162
181.0,0.046768613,1282.983740948043
181.1,0.02441124,1942.9752426278346
181.2,0.014490759,3188.517775711762
181.3,0.08547402,1254.0344569556082
181.4,0.06990997,1172.2932146414819
181.5,0.012685085,2576.2103843987406
181.6,0.040257514,1551.90903153507
181.7,0.04754128,1653.4463022866075
181.8,0.08492092,1572.944199283028
181.9,0.05088277,1851.588185894316
182.0,0.012155903,3585.9625518459
182.1,0.048967417,1966.2217579666833
182.2,0.0007385025,9458.400518531369
182.3,0.0075011975,4345.070211494379
182.4,0.029052554,2011.283074249276
182.5,0.024974108,2574.1317097806946
182.6,0.0035104647,6562.851249803718
182.7,0.008308274,2710.910966016467
182.8,0.04013734,2207.9655200080656
182.9,0.007884414,3483.1358061443207
183.0,9.579885e-05,9595.566211757188
183.1,0.0212596,2577.9671585947103
183.2,0.017957687,2367.243237002381
183.3,0.0014588492,3155.95201821313
183.4,7.5688e-05,10778.348850312763
183.5,3.0838128e-05,15939.568509314771
183.6,3.420855e-05,16217.630793741477
183.7,3.4099845e-05,16023.362406647992
183.8,3.1782314e-05,15986.231972991849
183.9,3.264517e-05,16150.659285380169
184.0,3.2596872e-05,16000.5683673495
184.1,3.1439973e-05,15985.852416764557
184.2,3.2497606e-05,16180.175315423294
184.3,3.2335807e-05,16102.966629569379
184.4,3.11483e-05,15991.474660882504
184.5,3.2851985e-05,16116.308736760377
184.6,3.1362022e-05,16159.792387366933
184.7,3.2744534e-05,16060.823386298598
184.8,0.038036685,5353.317679812809
184.9,0.021070668,3685.569529936502
185.0,8.337961e-05,9906.953508018963
185.1,0.09561366,1944.6174032057118
185.2,0.02799322,2232.8105931359823
185.3,0.009451414,2590.431303392711
185.4,0.000281991,8568.570580170523
185.5,0.029523918,1976.253255819304
185.6,0.015881985,3833.5563689059745
185.7,0.008091537,2764.061180839144
185.8,0.0046010287,3860.8354763981215
185.9,0.004297586,6329.642735967332
186.0,0.022134915,3209.225614773733
186.1,0.0013029682,5299.728268015956
186.2,0.020740837,4148.089411749551
186.3,0.029379668,2227.7907927949263
186.4,0.030907148,2428.9961030799186
186.5,0.03742248,2191.1359140669015
186.6,0.013010523,1840.1453002886742
186.7,0.03058625,3110.7194641658016
186.8,0.0048817294,3230.9649398817933
186.9,8.010593e-05,10305.799445959692
187.0,3.4174343e-05,16199.81157949918
187.1,3.0315907e-05,16105.248415435093
187.2,3.345233e-05,16256.244772169484
187.3,3.3532895e-05,16237.065532234721
187.4,3.363427e-05,16063.453441019465
187.5,3.2010612e-05,15899.11853749572
187.6,3.2311287e-05,16117.372184594311
187.7,3.253435e-05,16154.757130704354
187.8,3.2623273e-05,15928.864580297426
187.9,3.235705e-05,16183.479345824122
188.0,0.030833421,2679.368628632296
188.1,0.013080907,4010.379446127406
188.2,0.06737083,2924.6312493169007
188.3,0.020940911,2559.5370792082294
188.4,0.050846837,2138.9060856013416
188.5,0.04098475,1440.5715968641275
188.6,0.00022174527,8946.13307000475
188.7,7.709705e-05,10307.918737105789
188.8,0.0060347635,5365.345643107645
188.9,0.04414809,2479.266098297863
189.0,0.005094017,3218.668160311456
189.1,0.019545365,2009.1020050356533
189.2,0.022212405,1437.9741657924992
189.3,0.016169338,4893.755802848687
189.4,0.033460096,2894.4577358897477
189.5,0.044279493,2188.32558897076
189.6,0.039041646,1628.4366392546344
189.7,0.05086199,2333.0250051760318
189.8,0.009068655,7797.11041560315
189.9,0.08564163,2038.3648554525755
190.0,0.071954206,1735.5909473203885
190.1,0.016493844,1264.2295332074282
190.2,0.010140849,3203.9273865149216
190.3,0.026832059,3277.103841328636
190.4,0.007746978,3379.847405218699
190.5,0.0006991779,3921.6187966387497
190.6,0.00010435409,9799.19263581592
190.7,3.1572024e-05,15894.265002759501
190.8,3.226464e-05,16174.159393604783
190.9,2.9662951e-05,15916.570402600722
191.0,3.0975167e-05,15944.271917234395
191.1,3.0987747e-05,15979.536988706675
191.2,3.20031e-05,16097.305097783912
191.3,3.1482723e-05,16038.451183643505
191.4,3.2247113e-05,16082.553247867956
191.5,3.269236e-05,16201.30328613837
191.6,3.5271732e-05,16273.514174135775
191.7,3.0827185e-05,16161.633288920053
191.8,3.0723593e-05,15978.371980979606
191.9,3.4457713e-05,16058.85772754019
192.0,3.1607862e-05,16192.00442020911
192.1,3.1511707e-05,16170.441319776395
192.2,3.086415e-05,16073.174921714204
192.3,3.228422e-05,16089.91101162049
192.4,4.4379587e-05,14014.28753249043
192.5,0.00019244158,8023.619850820928
192.6,0.025057198,9374.442610056909
192.7,0.07988468,1505.6545376379
192.8,0.016645972,3176.3743044143075
192.9,0.042353913,2132.460179418403
193.0,0.0041015698,5988.0308489504
193.1,0.018333554,7295.2069840541135
193.2,0.056458835,2838.246384502886
193.3,0.05157301,2483.3420303044873
193.4,0.04511467,2518.4742030055754
193.5,0.03486062,2329.7260062752116
193.6,0.00608014,2708.007138073293
193.7,0.00024550664,6479.173264647072
193.8,3.1465825e-05,16124.805319526244
193.9,3.2601205e-05,16173.487298965963
194.0,3.0872896e-05,15833.252573555836
194.1,3.1206728e-05,16100.54958650417
194.2,2.9361043e-05,15991.466800064785
194.3,3.204711e-05,16173.326280029944
194.4,3.1653228e-05,16170.38302596111
194.5,5.801346e-05,13346.965740525178
194.6,0.02312248,2456.3642860832406
194.7,0.0051671504,7941.486784733777
194.8,0.025940107,1904.1528194712423
194.9,0.045378562,3116.4930588160955
195.0,0.030862099,1934.948614350577
195.1,0.04776475,2204.209489769446
195.2,0.027622974,6518.328265982557
195.3,0.049836922,1725.2711645526344
195.4,0.00011677056,9518.083839227109
195.5,0.053107776,2613.8160063010473
195.6,0.037730742,3100.3967459413557
195.7,0.025775013,2988.9287285484706
195.8,0.0014976641,2852.8639968213347
195.9,0.000119381795,9304.728560649046
196.0,5.967872e-05,12699.07047249972
196.1,3.2771204e-05,16074.56674718173
196.2,3.0851446e-05,15841.733249302457
196.3,3.3155233e-05,16233.375289020778
196.4,3.1083862e-05,16161.184236899402
196.5,3.2770367e-05,16098.365377725358
196.6,3.2604854e-05,16101.828385006826
196.7,3.3295488e-05,16084.240613500951
196.8,3.1087515e-05,16013.764964978867
196.9,3.555916e-05,16344.887379208265
197.0,3.244522e-05,16025.859072337556
197.1,3.3344768e-05,16228.699560683206
197.2,0.00013716155,11379.630528042186
197.3,0.06274575,2532.835272664049
197.4,0.015265294,8683.981047993539
197.5,0.042895466,2094.747858543242
197.6,0.043272402,2292.7324514013662
197.7,0.030263083,2689.0318930602803
197.8,0.03946783,2037.7636995632292
197.9,0.06411779,2635.5732120721486
198.0,0.049876284,2396.7936005101246
198.1,6.8389236e-05,15196.158363632641
198.2,3.2352546e-05,15989.180674932604
198.3,3.4109406e-05,16208.807863321075
198.4,3.291705e-05,16161.192571521065
198.5,0.019239234,7995.697608308011
198.6,0.027808733,6415.4774257136605
198.7,0.031174375,1984.959286734581
198.8,0.0026282598,9276.5824349572
198.9,0.07771448,1618.592563577664
199.0,0.011133072,4526.214717930616
199.1,0.089450076,2532.2579795051934
199.2,0.024428708,2555.283221584691
199.3,0.024140133,2465.2301499725945
199.4,0.02077121,2621.81704298094
199.5,0.021758901,1871.9217855503055
199.6,0.048169747,1864.970514600761
199.7,0.057278264,1678.2350356587892
199.8,0.050850697,1512.6220799712219
199.9,0.040708296,1874.897328852186
200.0,0.051964637,2329.8890790535943
200.1,0.007368071,3096.9420403964195
200.2,0.0004818612,4861.2784337697085
200.3,0.00014341147,7566.488859112594
200.4,3.2598542e-05,16179.765132086844
200.5,3.3053533e-05,16087.764403362296
200.6,3.307251e-05,16212.868284723676
200.7,3.171742e-05,16181.940625889349
200.8,2.9682857e-05,15986.078934906593
200.9,3.16638e-05,16137.268997495868
201.0,3.249662e-05,16139.680672473418
201.1,3.1262538e-05,16126.840048122753
201.2,3.298506e-05,16042.135268696755
201.3,3.150291e-05,16060.294597963551
201.4,3.2315027e-05,16102.747706556202
201.5,3.2200685e-05,16042.491804498637
201.6,3.1390136e-05,16001.527496365674
201.7,3.1462852e-05,16083.53801014309
201.8,3.293038e-05,16223.61165196084
201.9,3.087826e-05,15995.896900041602
202.0,3.2678938e-05,15943.82076025485
202.1,3.188306e-05,15948.387829872543
202.2,3.222708e-05,16136.50543358532
202.3,3.0537547e-05,16093.337290735444
202.4,3.2094955e-05,16062.52142090599
202.5,3.4695655e-05,16124.11175747011
202.6,3.396636e-05,16086.003968986646
202.7,2.9756638e-05,15879.522332849276
202.8,0.00016859142,7985.466863955198
202.9,0.044513363,2145.1923729443633
203.0,0.015087566,1777.5472029260718
203.1,8.801203e-05,9926.159466284773
203.2,5.9513022e-05,12821.888276057965
203.3,5.9762035e-05,13462.422752690814
203.4,0.055576228,2197.6226036755825
203.5,0.0301815,1968.2984957172062
203.6,0.028496651,3323.932951995588
203.7,0.019358253,8682.208663752288
203.8,0.048476882,2718.9610078935643
203.9,0.00011572538,9098.492345731054
204.0,8.40737e-05,9862.316607380188
204.1,0.008591626,3372.4785290542127
204.2,0.046922572,2684.6833993872033
204.3,0.04950863,2609.10363855963
204.4,0.045487206,2516.506150285647
204.5,0.041108865,2532.5741909876997
204.6,0.030458841,2765.4571443861323
204.7,0.03863001,3028.304443932286
204.8,0.02223595,3518.315776369444
204.9,0.0024713846,3035.8475265137954
205.0,0.0042032725,7218.001982167749
205.1,0.022376455,8795.917679918774
205.2,0.05458053,2370.4620053203535
205.3,0.0606583,2243.980338369796
205.4,0.056279577,2464.1260991026948
205.5,0.04009712,2135.8271346471033
205.6,0.042097066,2139.270999739602
205.7,0.05104419,2062.7796352406444
205.8,0.0051905643,4322.437908519675
205.9,6.9843016e-05,11148.610151730543
206.0,0.043928366,1654.710268251344
206.1,0.000293546,7832.286796099214
206.2,0.060157478,1576.2109674008364
206.3,0.015269276,2522.576624606201
206.4,0.061633315,1907.9551316795412
206.5,0.014539931,7633.45795020709
206.6,0.047314014,2917.9495462688296
206.7,0.089915514,2028.0700410420388
206.8,0.013157473,3346.5829694613903
206.9,0.01005679,6194.3931966777955
207.0,0.051186875,2528.0172456305604
207.1,0.062286552,2772.4346889334083
207.2,0.05311163,2793.9398158991244
207.3,0.04827853,2655.0278297194436
207.4,0.032146018,2870.9454359475017
207.5,0.0077690543,2757.9035813844653
207.6,0.00029229792,7270.761258103992
207.7,5.3835178e-05,12185.575131433005
207.8,3.190897e-05,15840.311857895795
207.9,3.1184936e-05,16099.885001689154
208.0,2.9796602e-05,15762.520194317647
208.1,3.158948e-05,16002.314707745816
208.2,3.2997603e-05,16268.086277962575
208.3,3.263214e-05,16155.273362607208
208.4,3.256254e-05,16078.48002719418
208.5,3.1978296e-05,15968.602161745599
208.6,3.3678545e-05,16184.43467838704
208.7,3.3529384e-05,16214.754429248458
208.8,3.2958244e-05,16279.864196519404
208.9,3.3045275e-05,16070.428262151194
209.0,3.2086606e-05,16128.650677067288
209.1,3.1894677e-05,15961.45811359031
209.2,3.2002685e-05,16144.227214347233
209.3,3.4525612e-05,16263.059102808073
209.4,3.241986e-05,16013.385246706013
209.5,3.1739364e-05,15881.596522342092
209.6,0.00092654204,4122.238073332758
209.7,0.053737704,2502.5364984454336
209.8,0.0860029,2295.193867256632
209.9,0.07029989,2400.561037076007
210.0,0.054677255,2292.162505025447
210.1,0.032807685,2410.6350362420744
210.2,0.0029146976,3640.2391764913395
210.3,7.514487e-05,10602.185989669864
210.4,5.4873195e-05,12941.312908068787
210.5,0.040537477,2053.783062647577
210.6,0.025448328,2389.1080306659887
210.7,0.058861174,2987.8783440261586
210.8,0.011253397,3504.368116222637
210.9,0.033958558,1970.5700853901853
211.0,0.025622914,2847.3967108433653
211.1,0.037186768,3062.7074812793558
211.2,0.059961222,2798.378203796858
211.3,0.018290939,2714.5752169155435
211.4,0.00023346445,9049.603770369993
211.5,0.052815873,2705.2776055891486
211.6,0.044774074,2692.585555681828
211.7,0.039546367,2657.596121620228
211.8,0.041770197,2621.255054250636
211.9,0.026865818,2636.962747704235
212.0,0.010210195,2838.965645217272
212.1,0.0036957238,2660.2113030580686
212.2,0.0011501859,3498.186053246568
212.3,0.011508533,3276.9031844153706
212.4,0.06108303,2204.0228558075505
212.5,0.06971127,2161.847791700112
212.6,0.08311027,2053.1970617967872
212.7,0.07371285,2124.9149832837047
212.8,0.06626973,2025.0665979456205
212.9,0.046116367,2075.3810694195977
213.0,0.034675185,2226.8157356691877
213.1,0.0044507193,6596.731871104095
213.2,7.82551e-05,10554.935623409105
213.3,0.00010700418,12168.851252117058
213.4,0.08356108,2035.695926644013
213.5,0.058185685,1843.3958884011981
213.6,0.044852458,2171.4519226358034
213.7,0.004995752,5593.82832158489
213.8,0.01053609,8796.923129452733
213.9,0.0061445856,7939.732905143634
214.0,0.030792108,2493.876658113585
214.1,0.000117188836,9521.289586364519
214.2,0.009427025,4808.99977906961
214.3,0.032696873,2289.1225612160724
214.4,0.038680427,2414.7390188500326
214.5,0.025139516,2478.8395084221384
214.6,0.014604101,2918.1339210623228
214.7,0.0042703673,2809.300885575425
214.8,0.001980306,2647.6893713406303
214.9,0.0005326026,4211.66410487444
215.0,7.013666e-05,11657.610772767204
215.1,4.448398e-05,13519.42439820844
215.2,3.0750125e-05,15987.377306310627
215.3,2.9876725e-05,15985.059439611914
215.4,3.086312e-05,15920.242922431145
215.5,3.13638e-05,16055.505378780357
215.6,3.0777737e-05,16038.135421365327
215.7,3.0402001e-05,15864.207302299443
215.8,3.1505035e-05,16157.055734713149
215.9,3.3873635e-05,16209.100259430958
216.0,3.3107146e-05,16219.421067297744
216.1,2.963769e-05,16143.473610507559
216.2,3.0468653e-05,15917.904115571182
216.3,3.119247e-05,16032.177076199696
216.4,3.247167e-05,16067.21502564737
216.5,3.2888816e-05,16226.14279684056
216.6,3.2752858e-05,16080.624472362442
216.7,3.1067942e-05,16053.456028591636
216.8,3.1392065e-05,15993.134423649186
216.9,3.286698e-05,16087.721137663939
217.0,3.3175813e-05,16023.875227921413
217.1,3.3816046e-05,16144.69264691167
217.2,4.652394e-05,12522.623439005669
217.3,0.0017506193,6229.829807216127
217.4,0.084779724,2579.553097552561
217.5,0.073237725,2319.0039856305457
217.6,0.049649086,2659.222760824801
217.7,0.03549577,2392.7477722310655
217.8,0.025024537,2057.8436462924874
217.9,0.00019611366,9055.051752751286
218.0,7.406424e-05,10802.422488252972
218.1,5.6590216e-05,13163.691723057884
218.2,0.011197827,4213.584318489073
218.3,0.039761346,3201.707804794522
218.4,0.041738514,3717.2385062391713
218.5,0.0017667814,4882.827890779936
218.6,0.074608944,1927.1145156408334
218.7,0.018867116,8574.54362183766
218.8,0.014026296,7979.017965984205
218.9,0.01578946,3525.546584723921
219.0,0.00011554145,8754.752892689608
219.1,8.421515e-05,10436.299895048116
219.2,0.04774956,2396.689588803641
219.3,0.057554796,2231.6442864307805
219.4,0.05747989,2305.151184993034
219.5,0.04095757,2902.162036748344
219.6,0.03998887,2754.3164865227855
219.7,0.033013638,2960.13147840203
219.8,0.019955892,3161.241743642934
219.9,0.0051341304,3088.7343551906124
220.0,0.0003612479,6162.944902982301
220.1,0.009580848,2110.775280684431
220.2,0.11234566,1686.3899142662235
220.3,0.03121186,2956.2582003139037
220.4,0.079518475,2296.9967631364843
220.5,0.08368021,1617.9244644521884
220.6,0.053236883,1670.2211958207208
220.7,0.00018655715,8484.478643788156
220.8,0.1036466,1926.659552673025
220.9,0.09273296,1840.046817374865
221.0,0.063569255,1722.5302980841166
221.1,0.05866073,1780.0036813568624
221.2,0.017539479,1965.5031309743072
221.3,0.0025598304,9692.631461489222
221.4,0.065969445,2344.8706378231295
221.5,0.06693678,2443.658149313697
221.6,0.012657939,4398.676420381378
221.7,0.0068770903,7726.0462231350275
221.8,0.09126292,1136.9153853215619
221.9,0.087874174,1379.0301419394677
222.0,0.02803898,1249.007979807036
222.1,0.065266624,1747.5309838408286
222.2,0.011930311,3574.3171564659956
222.3,0.056647465,2189.2451103607696
222.4,0.037356764,2558.451322953382
222.5,0.066517614,2180.882059058916
222.6,0.05642557,1614.6305334933452
222.7,0.008759528,4111.589455731431
222.8,0.06530126,1975.635257686053
222.9,0.061456047,1964.8322884123447
223.0,0.057957273,1204.540988836966
223.1,0.022730898,8201.623642217979
223.2,0.002452971,8629.293612872118
223.3,0.012945414,2402.1575771437183
223.4,0.052750595,2564.136188543655
223.5,0.044318423,2390.186322251655
223.6,0.02995726,2620.0021398348613
223.7,0.015726801,2615.385180998646
223.8,0.004178317,2614.706349388103
223.9,0.00072631694,3737.5099785331713
224.0,6.8317386e-05,11271.83434793353
224.1,3.2866024e-05,16048.48446637596
224.2,3.2344073e-05,16220.683420033125
224.3,3.2371285e-05,16239.469504038425
224.4,3.1203923e-05,16156.280060995145
224.5,3.0673444e-05,15920.703848879139
224.6,3.1776563e-05,15934.868874661199
224.7,3.242829e-05,16049.061916852394
224.8,3.2427346e-05,16229.720955021614
224.9,3.1859097e-05,15934.972231500466
225.0,3.0595966e-05,15889.985150266491
225.1,3.19445e-05,16204.394909462677
225.2,3.2525677e-05,16027.98296887829
225.3,3.1235402e-05,16051.39747161197
225.4,3.9033897e-05,15919.916326817533
225.5,0.00041788293,8145.750228798226
225.6,0.07147845,1862.9661461851783
225.7,0.00048429455,7130.50338580876
225.8,0.026972668,6283.496962866249
225.9,0.078059144,2931.5966181233425
226.0,0.04138313,3154.9400575816003
226.1,0.0004241206,7980.363903187242
226.2,0.06469087,2284.544300717365
226.3,0.08969313,1502.1540283170586
226.4,0.052465245,1838.7982662979464
226.5,0.008057369,2869.0211330720094
226.6,0.065437056,1932.4891149108335
226.7,0.021328764,8671.232458604776
226.8,0.06930997,2358.0903762592643
226.9,0.05399128,2448.437547546459
227.0,0.016503626,3713.9933453823805
227.1,0.059716687,2338.3065842438177
227.2,0.001560283,8929.79485990743
227.3,0.028066473,5987.363489422043
227.4,0.07788353,1891.731486003801
227.5,0.08347702,1430.7671136958957
227.6,0.1009687,1478.4663082525483
227.7,0.06372682,1536.3323752089966
227.8,0.016689308,8690.17617898083
227.9,0.048450064,2111.6131912610786
228.0,0.0053204,4805.0338764266035
228.1,0.0070979,5690.976040216907
228.2,0.04271622,2355.5269748373576
228.3,0.040017426,2571.467742340974
228.4,0.031691723,2563.2138244872285
228.5,0.020363877,2798.4869298372664
228.6,0.00926797,3021.376720218538
228.7,0.004113694,2708.1229245898817
228.8,0.0006666238,4233.872385222772
228.9,0.0011171658,3161.2448565736204
229.0,0.11712589,1377.7983759786605
229.1,0.05763365,2595.6084635470725
229.2,0.1142037,1631.4794014860097
229.3,0.10305233,1817.6684481817458
229.4,0.03241012,1746.114599684853
229.5,0.010019636,8399.993789192133
229.6,0.00017111975,8821.990091208161
229.7,0.047677647,1764.9994985915002
229.8,0.074236356,1929.4575993342087
229.9,0.06433421,2329.4770923923256
230.0,0.089738205,1673.8756729806837
230.1,0.07852185,1180.3403064419913
230.2,0.02821476,2082.7207918004824
230.3,0.06611552,1782.826745274199
230.4,0.008965417,4377.424892235813
230.5,0.013004392,5478.774738945393
230.6,0.008030057,6772.657049964082
230.7,0.048893098,1934.392368196857
230.8,0.020135865,7579.038930470432
230.9,0.02442793,7596.364521914095
231.0,0.0001730772,9063.180894151943
231.1,0.0016677735,6996.253189924373
231.2,0.028083742,2198.018686492766
231.3,0.030229894,2554.273951218585
231.4,0.01528525,2988.43704744312
231.5,0.013078711,2945.091478001677
231.6,0.0070017516,3084.193288230431
231.7,0.0043748124,2894.337309450888
231.8,0.0009308164,3377.025655518395
231.9,0.00022478105,8004.632196229364
232.0,6.3750966e-05,12679.230524077917
232.1,4.1803796e-05,14102.314902274407
232.2,3.2944692e-05,16000.665650495195
232.3,3.3955766e-05,16096.714596019227
232.4,3.2843196e-05,15946.812555892291
232.5,3.0977557e-05,16250.44316003981
232.6,3.223293e-05,16168.6495818877
232.7,3.2168657e-05,15950.699803823387
232.8,3.1204756e-05,16047.513089519069
232.9,3.365683e-05,16111.626891089829
233.0,3.0262101e-05,15833.086044953958
233.1,3.0218933e-05,15885.6938677148
233.2,3.2454664e-05,16103.950040271866
233.3,3.4718665e-05,16156.28950086309
233.4,3.1977783e-05,16187.587794248615
233.5,3.241353e-05,16092.920079968813
233.6,3.2265525e-05,16070.258635378807
233.7,3.224262e-05,16065.228314925522
233.8,3.325896e-05,16208.195918180481
233.9,3.0196967e-05,16003.149152617714
234.0,3.2093958e-05,16071.415655783361
234.1,3.3013683e-05,16194.302913302237
234.2,3.2206433e-05,16122.6653396709
234.3,3.134559e-05,16299.461939470519
234.4,0.00069801847,4292.074580774693
234.5,0.04668122,2282.552050422565
234.6,0.09515416,2013.4609647304442
234.7,0.06776985,2506.701119596595
234.8,0.04275854,2524.9328311483673
234.9,0.033268575,1957.7679429816603
235.0,0.0037610384,4528.847340099045
235.1,7.74922e-05,10834.99148946317
235.2,5.6361612e-05,13203.52138121475
235.3,0.009124281,4468.098025365588
235.4,0.06617412,2509.0458823487097
235.5,0.054013085,3330.233882392614
235.6,0.014477786,2892.1378632767855
235.7,0.100200385,1950.8075002092523
235.8,0.037561335,2428.9679721954703
235.9,0.026154043,8204.766104695842
236.0,0.0140201785,8681.897880007218
236.1,0.00013541903,8578.704209160944
236.2,0.00048768616,6378.745930477153
236.3,0.03573903,2267.657663712624
236.4,0.05822774,2156.845940974531
236.5,0.059522785,2260.1126233927066
236.6,0.058927972,2478.3981315964484
236.7,0.068201944,2352.364584608451
236.8,0.061449558,2561.5507712161743
236.9,0.02887346,2964.3477918604567
237.0,0.012138287,3263.325339127502
237.1,0.0009178284,3552.7974961864106
237.2,0.00014523024,9327.119438994076
237.3,0.06743662,1550.487450223077
237.4,0.139852,1118.1636594351307
237.5,0.13335808,1888.3384490151043
237.6,0.12010108,929.0796761357366
237.7,0.103814766,1963.5960862773536
237.8,0.0720787,1583.6794082921974
237.9,0.032510135,1867.1591329913226
238.0,0.0129641825,8742.87365959618
238.1,0.04097434,2244.4116195624174
238.2,0.041782618,1910.9734949975173
238.3,0.05156339,1657.7851874377625
238.4,0.061711885,1956.4281303966957
238.5,0.055198893,987.4874704188522
238.6,0.052301656,1482.1647048391817
238.7,0.0015259812,9986.883096430374
238.8,0.026213683,2857.2034992529925
238.9,0.041046858,3165.5020491570226
239.0,0.05770945,2305.800363972746
239.1,0.04488274,2001.9482194324962
239.2,0.045667987,1988.4925197335413
239.3,0.0058677127,4621.448851369054
239.4,0.011270738,4972.2901726553555
239.5,0.05456367,2653.4238859603897
239.6,0.06796995,2018.2876024015222
239.7,0.0011795097,5850.621723288963
239.8,0.07200579,2192.2431071459714
239.9,0.053019773,1671.8726712735197
240.0,0.024863511,2831.1985164522307
240.1,0.0124663515,6549.155971728209
240.2,0.040488157,2815.2082528762444
240.3,0.06201248,1831.9726199850138
240.4,0.006998705,4934.497653814147
240.5,0.049869154,2198.963979498817
240.6,0.015869444,3312.224840067257
240.7,0.042428613,2300.908629544955
240.8,0.016438035,3057.4850128891794
240.9,0.0067467554,2258.212370817802
241.0,0.00015367327,8309.226348671838
241.1,3.9585433e-05,15283.30106905398
241.2,3.2179232e-05,16089.660327741847
241.3,3.1244177e-05,15856.532116362443
241.4,3.1942895e-05,16124.069858967618
241.5,3.1531956e-05,16210.19591167289
241.6,3.150637e-05,15933.935549890952
241.7,3.3351633e-05,16428.020256594635
241.8,3.4312478e-05,16180.586843453166
241.9,3.193596e-05,16081.154200308149
242.0,3.3895863e-05,16264.553623348096
242.1,3.2135453e-05,16153.560580542293
242.2,3.2605563e-05,16062.601060173973
242.3,3.1230466e-05,16042.24521396905
242.4,3.11176e-05,16082.59318922063
242.5,3.2673554e-05,16090.552565012482
242.6,3.2238953e-05,16017.22135361006
242.7,3.1526903e-05,16006.07332822939
242.8,0.0036789693,3402.250314889243
242.9,0.037669037,2076.361490265725
243.0,0.065250166,2116.6794120263094
243.1,0.063556895,2403.617084915006
243.2,0.05459143,2195.9501116792544
243.3,0.0623815,2093.9579219782263
243.4,0.03714961,2448.019960329071
243.5,0.032206677,2688.5577442368253
243.6,0.0036950535,6637.890162782199
243.7,9.085515e-05,10082.821278857135
243.8,0.034193,3488.1099602653558
243.9,0.045704816,2113.3648857320186
244.0,0.03686635,2853.424813462716
244.1,0.062885195,2273.489427551738
244.2,0.12046832,2613.0290396411174
244.3,0.029086472,2115.2397208824177
244.4,0.0001081566,10555.547482545988
244.5,0.060006175,2438.6702042739166
244.6,0.055201046,2521.357968135945
244.7,0.049463533,2526.8060325118445
244.8,0.038685955,2760.361188102087
244.9,0.025725469,2960.3836033917996
245.0,0.017025685,2877.459921157388
245.1,0.0103544295,2512.0011817733466
245.2,0.0028776496,2379.4544356626598
245.3,0.00030357306,7455.640776748849
245.4,6.875513e-05,12098.706310202571
245.5,0.009106698,4298.373950799633
245.6,0.007126224,4972.43608804502
245.7,0.0062110987,9540.41911828305
245.8,0.1249418,1861.7254364744917
245.9,0.073071174,2009.326134522277
246.0,0.08216688,2238.4030246073007
246.1,0.0003001365,8868.62123714729
246.2,0.09755759,1956.8329731532228
246.3,0.05390324,1160.6202212124624
246.4,0.06197647,1548.061718087677
246.5,0.00062254566,7803.510848124491
246.6,0.012138075,3444.3497151963597
246.7,0.009714852,3810.363427979825
246.8,0.00038139767,7769.318174389407
246.9,0.0635653,2349.1550986014945
247.0,0.060299702,2692.524879285593
247.1,0.046575874,2511.4020622590465
247.2,0.00045892567,7894.465102512905
247.3,0.00020667544,8891.034451954387
247.4,0.021923432,2148.093947635957
247.5,0.041775122,2343.130060954273
247.6,0.04034307,2202.095469125789
247.7,0.03636108,2418.5591996150415
247.8,0.023191953,2422.8172647531874
247.9,0.0106879715,2778.020624947911
248.0,0.002613623,2781.9463115580165
248.1,0.00042001763,5315.425420974818
248.2,6.0798848e-05,12407.498493122908
248.3,3.9450133e-05,15470.788440838514
248.4,3.3025346e-05,16205.489290090336
248.5,3.2220098e-05,16286.382031165642
248.6,3.2545242e-05,16054.003382024075
248.7,3.2221367e-05,16044.310441266889
248.8,3.2403314e-05,16095.325901006818
248.9,3.4593977e-05,16096.903031409072
249.0,3.2016593e-05,15959.960504865932
249.1,3.0978656e-05,15963.548513336642
249.2,3.0069645e-05,15921.426716553166
249.3,3.1848234e-05,16027.128737256286
249.4,3.1240645e-05,16071.082892877625
249.5,3.3005643e-05,16172.147785832976
249.6,3.1021224e-05,15962.897457882205
249.7,3.162753e-05,15970.827629649442
249.8,3.301183e-05,16252.527041717922
249.9,3.253405e-05,16214.883288062574
250.0,3.198771e-05,16181.563041915217
250.1,3.132955e-05,16086.659930403079
250.2,3.2960066e-05,15971.031259064483
250.3,4.8022255e-05,12584.099162473593
250.4,0.00043276267,6650.444610507622
250.5,0.020468142,9431.808533255336
250.6,0.11785328,1818.256431425173
250.7,0.11458895,1585.7646249732288
250.8,0.075552665,1570.7817844446765
250.9,0.058907527,1495.4798618888256
251.0,0.048257276,1830.8347055924291
251.1,0.04649538,2068.4840212692193
251.2,0.020123187,1974.6812166202544
251.3,0.012334003,7356.563857101538
251.4,0.015881674,3907.0975723784304
251.5,0.014912452,4448.301558148413
251.6,0.0010843684,5635.44383845347
251.7,0.030966595,2493.454083092775
251.8,0.0056729233,3581.1569827155963
251.9,0.00021582824,8399.32820315026
252.0,0.028567165,2346.3142202796703
252.1,0.04108545,2383.477452611208
252.2,0.028294671,2418.1224978263986
252.3,0.018632041,3171.9579293584206
252.4,0.019949442,3538.247727488455
252.5,0.010552186,3582.020620477371
252.6,0.0017620118,3210.2784281933436
252.7,0.00047771705,6450.866641775143
252.8,0.012865482,3893.1360212206428
252.9,0.08438365,1913.5843977748748
253.0,0.06156572,2212.4745165206773
253.1,0.022100035,1868.7208225446634
253.2,0.03612934,2300.288551440043
253.3,0.008870967,4798.915770119106
253.4,0.045805946,2067.6074875761333
253.5,0.058179747,1869.1238509478856
253.6,0.046091966,1620.4541436003374
253.7,0.0056453194,4896.255794307736
253.8,0.014809704,9057.252455468195
253.9,0.009834556,6372.495278887761
254.0,0.023549354,2282.738008553274
254.1,0.028516779,2611.1013196920485
254.2,0.00031629915,7992.563463322157
254.3,0.017673776,2925.9886395483472
254.4,0.048964366,2236.682651215512
254.5,0.033196695,2466.960615604633
254.6,0.00012101122,9625.303623627555
254.7,0.00014716374,9537.913288213253
254.8,0.038078696,2128.751134083175
254.9,0.05340706,2233.141947274581
255.0,0.030313507,2638.757803801029
255.1,0.018609777,2691.517165043383
255.2,0.0013742871,2913.939151237607
255.3,0.00016017309,9232.987849475312
255.4,6.3655956e-05,12703.724381295588
255.5,3.2406122e-05,16198.81706715379
255.6,3.2072425e-05,15991.5542209924
255.7,3.1942047e-05,15959.464337320816
255.8,3.381281e-05,16172.219420829737
255.9,3.2757725e-05,16237.222211391758
256.0,3.1652075e-05,16209.810169535629
256.1,3.266178e-05,16113.18618281022
256.2,3.221344e-05,16226.641634250758
256.3,3.1992564e-05,16184.10468469217
256.4,3.1504303e-05,16061.592329082083
256.5,3.3423683e-05,16290.79717550295
256.6,3.180218e-05,16079.208260130497
256.7,3.5187877e-05,16412.745264327703
256.8,3.0368594e-05,15931.500373359746
256.9,3.1435615e-05,16013.120338441862
257.0,3.177198e-05,16020.30219522209
257.1,3.0361325e-05,15951.913465839874
257.2,5.91906e-05,12150.247382691661
257.3,0.025785673,3747.1792715723686
257.4,0.030498955,2630.8650835058606
257.5,0.045024067,2174.2444865296566
257.6,0.03639989,2204.7588278542817
257.7,7.8608384e-05,10212.421250602907
257.8,0.060176816,1961.934827015563
257.9,0.01350831,8008.95144473278
258.0,0.03679118,3157.244807377993
258.1,0.04189633,2595.021881297189
258.2,0.03504395,8520.183605090973
258.3,0.0001656685,9950.11739085582
258.4,0.060129564,2404.784268961723
258.5,0.07209604,2437.259901730831
258.6,0.026836267,2990.8172189787247
258.7,9.201586e-05,10183.333774997292
258.8,0.013184466,5010.163133788875
258.9,0.032170366,2240.7173232376567
259.0,0.039618127,2283.6001896452585
259.1,0.03435687,2365.419522364123
259.2,0.015598425,2821.488173680815
259.3,0.0013258025,3111.643495039495
259.4,0.044100415,1905.8190110363562
259.5,0.0014597632,5982.165065634948
259.6,0.039002866,1796.5784043259614
259.7,0.081477486,1419.610320109148
259.8,0.066732794,1835.0447550591662
259.9,0.0014953185,5771.326254199151
260.0,0.04663743,1726.011164704736
260.1,0.04855517,1731.159730847537
260.2,0.032906692,1536.6037144283375
260.3,0.0012176663,5484.867826115527
260.4,0.01732732,8135.883044370297
260.5,0.00027760354,9527.925031995908
260.6,0.010128443,7060.655445657667
260.7,0.052725583,2091.3865957020935
260.8,0.0071097864,5641.016468705511
260.9,9.752747e-05,9493.96443136348
261.0,0.028081276,2116.9175571084156
261.1,0.04080673,1972.015740008534
261.2,0.010907203,3210.5765039111743
261.3,0.0001149861,9945.307677663257
261.4,0.008985245,3614.0902530249487
261.5,0.015569434,2086.7151824699536
261.6,0.037342068,1826.8283036965727
261.7,0.02808128,2187.6365695926065
261.8,0.012477075,2247.2661245313125
261.9,0.00113475,3475.93208449995
262.0,7.108866e-05,11118.562536647172
262.1,3.204503e-05,16078.508319242203
262.2,2.943151e-05,15881.653742294216
262.3,3.0923118e-05,16083.473866056462
262.4,3.1660235e-05,16064.041223573297
262.5,3.279386e-05,16046.406865010791
262.6,3.308837e-05,16204.004578069109
262.7,3.1668584e-05,16118.1690089418
262.8,3.3697204e-05,16146.801822346102
262.9,3.2012045e-05,15997.26365807275
263.0,3.2758897e-05,16211.613458070564
263.1,3.290942e-05,16037.479024004295
263.2,3.1746076e-05,16048.074685120191
263.3,3.161834e-05,15966.910460507259
263.4,3.1061816e-05,16188.819223758139
263.5,3.3468827e-05,16130.119788209591
263.6,3.1876152e-05,15934.097006593802
263.7,3.1454085e-05,16028.222359743626
263.8,3.174596e-05,16132.555231610262
263.9,3.0570096e-05,15981.002532845889
264.0,0.007684887,5387.364789793458
264.1,0.106493905,1294.592623602081
264.2,0.053054526,2090.632500989411
264.3,0.076025,1963.080839269055
264.4,0.024179883,1914.827061900658
264.5,0.00013496939,9509.170167478862
264.6,0.048775125,2700.5741300225
264.7,0.022534534,8724.488194351006
264.8,0.07411328,3043.0246532440046
264.9,0.023419447,5576.750683816102
265.0,0.014352786,8817.758235015222
265.1,0.016543727,2989.350920214236
265.2,0.039160643,2441.3049379244803
265.3,0.049877733,2218.6413959554657
265.4,0.018120384,3065.8789758817034
265.5,0.008131889,3516.902361387965
265.6,0.035684496,2709.249158473157
265.7,0.026173774,3171.173449163149
265.8,0.001241942,3112.7547976263095
265.9,8.3201696e-05,10309.170802567776
266.0,3.1506897e-05,16124.367070949136
266.1,3.4235985e-05,16105.620657753327
266.2,3.2419925e-05,16028.43123494449
266.3,0.012204876,3178.042801495026
266.4,0.115080036,2056.080178293336
266.5,0.020545665,9064.27074815698
266.6,0.018010452,6354.98440224644
266.7,0.036405887,2367.8409798347757
266.8,0.03807048,2148.172108726757
266.9,0.056562893,2131.3488107658613
267.0,0.06373249,2841.447129879386
267.1,0.001667757,7566.584187693434
267.2,0.026902517,2913.1922437741205
267.3,0.04262038,2658.666642579241
267.4,0.03725129,2644.059475262473
267.5,0.018543836,3534.800713686729
267.6,0.015553976,3807.085814199352
267.7,0.05043387,2044.5941089627809
267.8,0.040102758,2289.122596629175
267.9,0.020293765,2714.746148354951
268.0,0.015468434,2299.4930901385605
268.1,0.0018359541,2942.7083931580078
268.2,0.00013994008,9496.235659273148
268.3,3.2245993e-05,16170.147960561637
268.4,2.9698285e-05,15898.752669366155
268.5,3.1542884e-05,15918.045365319404
268.6,3.1048203e-05,15957.95609244874
268.7,3.4198118e-05,16204.644209355727
268.8,3.2624976e-05,15962.298412570324
268.9,3.0853582e-05,15890.781395716494
269.0,3.047215e-05,15857.999411981995
269.1,3.4138448e-05,16172.407710286687
269.2,3.0817264e-05,15800.526068339588
269.3,3.1252715e-05,16040.10032337048
269.4,3.0769017e-05,16060.269510988213
269.5,3.2676333e-05,16004.871327165622
269.6,3.287551e-05,16041.274394636586
269.7,3.115173e-05,15822.219736620897
269.8,3.0280216e-05,15900.501825715332
269.9,3.1986237e-05,16110.76938402123
270.0,3.1353175e-05,15979.942791780939
270.1,3.1761552e-05,15997.481911051009
270.2,3.0812214e-05,15898.7060161381
270.3,3.307462e-05,16063.949726909666
270.4,3.4239612e-05,16188.123964837861
270.5,3.075802e-05,16216.380559763144
270.6,3.314407e-05,16032.660253245016
270.7,0.000107777865,10087.657358793418
270.8,0.08002162,1872.8999811406586
270.9,0.08799406,1639.2535298569676
271.0,0.082968906,1701.6382657351392
271.1,0.058337905,2283.981733313701
271.2,0.08388099,1137.456910858642
271.3,0.07512436,1608.3903624362606
271.4,0.07228438,1118.7880957899251
271.5,0.03542013,1847.4064990764584
271.6,0.024323676,2945.9174769405636
271.7,0.0043569957,3724.7253506008956
271.8,0.026715633,2483.9713495747937
271.9,0.059811406,1373.724562686658
272.0,0.07633382,1640.5141650672742
272.1,0.02377677,2040.8525214671595
272.2,0.03070688,2445.5191241740654
272.3,0.0017399939,3836.616534704105
272.4,0.025925416,2671.9189030234224
272.5,0.04020316,1981.7368982933745
272.6,0.0151212895,6292.120678653049
272.7,0.029925143,3823.590983886594
272.8,0.050791364,2352.885001544976
272.9,0.050294854,2405.4388752980067
273.0,0.045495044,1685.154649415354
273.1,0.05130282,2334.0888436364157
273.2,0.038549487,2586.865656561293
273.3,0.01794581,2760.584221871451
273.4,0.0051672496,2360.734944481759
273.5,8.5508356e-05,9469.048621381773
273.6,3.1648804e-05,16164.380865251715
273.7,0.040759973,2367.42339124776
273.8,0.121354885,1399.7047624870008
273.9,0.08081502,1708.6341791767866
274.0,0.085133165,1607.4194042223487
274.1,0.05849174,2024.0433140783182
274.2,0.045032173,1215.699786471411
274.3,0.05922016,1864.0944892560212
274.4,0.05230229,1078.575860806105
274.5,0.065214515,1414.3659786226337
274.6,0.077079475,1390.3421985996815
274.7,0.019573012,2773.295242163035
274.8,0.18788424,1977.7931782151477
274.9,0.06602711,1944.7809494635433
275.0,0.0156821,2316.678734696736
275.1,0.009882283,2123.9821152808413
275.2,0.039562937,2272.2422438360722
275.3,0.008227635,5926.985647211551
275.4,0.028366579,2587.582738732257
275.5,0.042831153,2423.174940187169
275.6,0.015082181,9239.674088810614
275.7,0.0449269,2067.0821605718875
275.8,0.018882094,2784.0935249916834
275.9,0.038313832,2438.28870593438
276.0,0.03653223,1980.3878850169683
276.1,0.053151477,2079.1146134855016
276.2,0.021248749,2306.466199014541
276.3,0.0047707674,2456.8360320487704
276.4,0.00043626776,5166.695067166729
276.5,4.865562e-05,12229.181505795132
276.6,3.1353917e-05,15966.630630292886
276.7,3.2072727e-05,16113.073832245354
276.8,0.039151005,2387.158395877482
276.9,0.010531954,4640.504620061182
277.0,0.03284271,1254.7567925736007
277.1,0.06412712,1605.5266615507633
277.2,0.082010806,1908.7370667323733
277.3,0.05686958,1708.0836994826568
277.4,0.09196425,1447.6217504769218
277.5,0.048104968,2197.7242992486254
277.6,0.028502038,1456.1656567124257
277.7,0.042212132,2383.0487215378084
277.8,0.04904247,1451.893378334624
277.9,0.035813853,1782.2767573014676
278.0,0.013510658,2771.5596700092933
278.1,0.058915984,1493.6329919334064
278.2,0.05486238,1626.1511076606153
278.3,0.058544334,2037.195230852568
278.4,0.0030520859,2787.7067957988775
278.5,7.064961e-05,11161.006119973352
278.6,3.151902e-05,15955.238876043062
278.7,3.321474e-05,16138.665613581354
278.8,3.2169104e-05,16101.698599030844
278.9,3.0357813e-05,16138.73677186793
279.0,3.1450265e-05,16147.211152724385
279.1,3.0578925e-05,16096.583631309491
279.2,3.1240128e-05,16044.72376628333
279.3,3.3247394e-05,16214.107978121678
279.4,3.4003904e-05,16162.440288118883
279.5,3.1949763e-05,15928.699873730284
279.6,3.36189e-05,16280.250234256167
279.7,3.2612596e-05,16183.39809290061
279.8,3.2366523e-05,16108.921022138557
279.9,3.0468356e-05,16116.389707020162
280.0,3.218807e-05,16085.856547981073
280.1,3.3171276e-05,16083.794370762105
280.2,3.3142267e-05,16070.08171553084
280.3,3.1573785e-05,16118.77520599002
280.4,3.7716934e-05,15559.69211230868
280.5,0.013210043,3397.5207725296327
280.6,0.03867519,1306.4350023234606
280.7,0.0054257773,5291.592948643667
280.8,0.047873322,2495.9072448177685
280.9,0.048005283,2589.336891345702
281.0,0.053688128,1763.402499129745
281.1,0.058259144,2355.6490774040253
281.2,0.022429263,1939.2618487458726
281.3,0.009980815,8880.449593988167
281.4,0.0037694818,4568.481161609109
281.5,0.026222466,2689.4490894550586
281.6,0.047722083,1838.3966792546657
281.7,0.057068404,2397.2841972099486
281.8,0.0011219103,6938.473028909686
281.9,0.043764908,1932.4397188538294
282.0,0.0069540907,4931.442148033996
282.1,0.02158253,2928.715864712407
282.2,0.053755242,2021.1646422716117
282.3,0.04997559,2343.652227100437
282.4,0.038974255,2305.3846332770627
282.5,0.010589086,2419.724019784064
282.6,0.0023977628,2224.503995618854
282.7,7.614521e-05,10860.226354952038
282.8,3.256787e-05,16081.027480582548
282.9,3.2700227e-05,16110.817695843623
283.0,3.3466724e-05,16225.267864260293
283.1,3.3147135e-05,16157.960466527064
283.2,3.1692925e-05,16058.89280662833
283.3,3.245072e-05,16030.10307447382
283.4,3.4154484e-05,16058.69211260503
283.5,0.013795246,8328.650385533963
283.6,0.0009291819,7268.442085048874
283.7,0.019453403,3345.578884752148
283.8,0.059619438,2078.7326750306424
283.9,0.088007234,2002.0742544050088
284.0,0.017397536,5461.348968199493
284.1,0.122621834,1956.179831017786
284.2,0.06824315,1449.963062663152
284.3,0.0368391,1678.1883447018226
284.4,0.013353575,4759.818551577191
284.5,0.05635844,1887.3735359004004
284.6,0.051416103,1797.0392624196597
284.7,0.0009216266,5720.039786986157
284.8,0.040976916,1116.819279887525
284.9,0.034491703,1132.868521154224
285.0,0.018485572,2511.463654059003
285.1,0.03954679,1273.7140102308958
285.2,0.05633221,1417.7448603480311
285.3,0.07247731,1601.1145022981177
285.4,0.075696886,1971.0294767620621
285.5,0.049423534,1685.3121378862384
285.6,0.02501795,1659.0278543357588
285.7,0.06269122,1051.1594642409286
285.8,0.042055197,1297.3196188951752
285.9,0.05130761,1506.6924466580253
286.0,0.009849493,1912.6393240369234
286.1,9.0603884e-05,10218.998371396265
286.2,3.8192225e-05,15695.570829334463
286.3,3.408413e-05,16057.380486845595
286.4,3.152952e-05,16200.05410888266
286.5,3.1634252e-05,16111.55611816164
286.6,2.966551e-05,15883.553042492937
286.7,3.2532364e-05,16078.52586501009
286.8,3.0352654e-05,15927.560871183352
286.9,3.2172084e-05,15992.000150284011
287.0,3.1186144e-05,16036.622740623028
287.1,0.0037090476,9566.971563358013
287.2,0.018011084,5422.77742836878
287.3,0.07387037,969.4308542929557
287.4,0.042526066,1534.7766984199147
287.5,0.01919613,1041.3456027326274
287.6,0.00705936,7616.7618840100195
287.7,0.037574135,3060.3549126313505
287.8,0.052703362,2337.7689205784586
287.9,0.07805104,1454.7102397855078
288.0,0.014634544,3554.2708966660307
288.1,0.03837835,2741.50755519246
288.2,0.012934506,1631.1863483561647
288.3,0.025213713,2175.6584698842667
288.4,0.024825485,2146.1407077033687
288.5,0.054814927,2262.396363594793
288.6,0.048874505,2275.6427928947387
288.7,0.028776545,2363.2089197977366
288.8,0.004662814,2213.833206073105
288.9,8.6950226e-05,9562.171296081331
289.0,6.8279485e-05,11921.035672346969
289.1,3.2292162e-05,16075.138280179563
289.2,3.1569143e-05,16084.25246463915
289.3,2.9691224e-05,16002.208647614683
289.4,3.1450243e-05,16083.965818060784
289.5,6.787959e-05,11774.962684585771
289.6,0.0007302956,5898.923661575917
289.7,0.0062623546,9005.612450418026
289.8,0.06441074,2029.0191117925929
289.9,0.08414891,1917.1080588840136
290.0,0.017104346,1978.464795617961
290.1,7.389951e-05,10030.943832426108
290.2,3.0389165e-05,15909.212391560412
290.3,3.295206e-05,16173.684088909038
290.4,3.3311113e-05,16142.067535275015
290.5,3.087899e-05,16000.550471150476
290.6,3.1323307e-05,15861.665650199526
290.7,3.4643315e-05,16283.442627703362
290.8,0.009267123,3208.921216684209
290.9,0.08477529,1921.0573376067223
291.0,0.06641033,1993.136932661943
291.1,0.01844031,1546.4274043841276
291.2,0.05829561,1643.8406170187952
291.3,0.020401236,2629.0856185793073
291.4,0.033942807,1378.4478081494585
291.5,0.01722268,2683.5277400508776
291.6,0.061755583,1940.6818922432408
291.7,0.039475016,1902.6221828916186
291.8,0.0057263505,7027.513946410039
291.9,0.04382702,1262.1372090844661
292.0,0.042778097,1302.8613320663144
292.1,0.0665277,1854.1213307286623
292.2,0.0013860903,5130.657098593777
292.3,0.00017066789,7747.385502097766
292.4,0.059957977,2437.949976344384
292.5,0.06780449,2641.076577745718
292.6,0.030902687,2637.521837050645
292.7,0.002609803,3384.4600275656585
292.8,0.00014346234,7929.700354733943
292.9,0.006641261,8674.06991676615
293.0,0.033561014,1756.5853689499077
293.1,0.042090405,1723.5831605394606
293.2,0.000865982,6996.342323042854
293.3,0.0100661395,7721.891412332165
293.4,0.04101281,2275.81547248058
293.5,0.05059285,1733.0331821652421
293.6,0.0010455635,5754.37430100391
293.7,0.10286333,2735.506266651605
293.8,0.052177526,3074.7315771760204
293.9,0.045107387,2930.2668075227784
294.0,0.041350923,3016.754472085385
294.1,0.04105425,2679.7162494382387
294.2,0.014407155,2967.153907461613
294.3,0.0012471719,2895.3784082318452
294.4,8.105392e-05,10693.544713760766
294.5,3.205575e-05,16212.319977957024
294.6,3.0859854e-05,15913.306643387517
294.7,3.127291e-05,16107.059405909049
294.8,3.3522e-05,16208.251491199662
294.9,3.177729e-05,16173.413866005028
295.0,3.24992e-05,16026.483715373903
295.1,3.242097e-05,16147.985761771288
295.2,3.2241962e-05,15996.472710238795
295.3,0.0011796599,9144.80331375909
295.4,0.07885685,1772.02013599804
295.5,0.015170454,3555.436475874903
295.6,0.053141274,2768.76922538046
295.7,0.0009843033,5852.671887649599
295.8,0.05023246,1938.099000915548
295.9,0.079006925,1664.1322306358074
296.0,0.07775297,1728.9960286405385
296.1,0.018109823,2123.4899378433593
296.2,0.0030263106,4331.031278472239
296.3,0.022015098,7478.281805461271
296.4,0.00020921075,10041.783713438283
296.5,0.051186647,1738.369993081799
296.6,0.027934656,2797.055105573552
296.7,0.063770354,1845.0932382534756
296.8,0.014908057,2949.077660782241
296.9,0.059118725,2215.3878620330474
297.0,0.026573164,1165.6633176248642
297.1,0.05357838,1303.8780916315159
297.2,0.00024832744,8969.901357350474
297.3,0.01882228,2549.0341798799727
297.4,0.034879345,2185.8412005954324
297.5,0.013953421,4184.902959906689
297.6,0.034080565,1874.6641934126615
297.7,0.023345921,2189.1661551664847
297.8,0.0101927435,2021.5325936828826
297.9,0.00045405477,4640.381339354755
298.0,3.446491e-05,15967.457914238017
298.1,3.322684e-05,15954.927080175796
298.2,3.172464e-05,16103.967906162168
298.3,3.3192937e-05,16236.22722002142
298.4,3.238731e-05,16086.359222850426
298.5,3.2061747e-05,16166.737227816153
298.6,3.274603e-05,16014.203571724851
298.7,3.2292395e-05,16225.934959714757
298.8,3.1509433e-05,15955.521192904702
298.9,3.215543e-05,16139.072280835764
299.0,3.122293e-05,15992.695705319808
299.1,3.066879e-05,15901.289967877747
299.2,3.205544e-05,16069.632457236656
299.3,3.145395e-05,16040.767612942525
299.4,0.00019389817,11734.596366749483
299.5,0.09666818,1745.3793133402824
299.6,0.024393702,8741.7001392713
299.7,0.013169478,6855.581000657011
299.8,0.009884428,2666.957883501519
299.9,0.08932238,2001.9751036176522
300.0,0.08312918,2150.23901153512
300.1,0.08420006,1607.612186244709
300.2,0.10189477,1461.177372172884
300.3,0.012604851,3587.0600806495545
300.4,0.020270703,7853.445011517687
300.5,0.00028490648,9440.649295827083
300.6,0.054473728,1850.670033807583
300.7,0.042220723,2293.618628917434
300.8,0.11102152,1869.8133331365557
300.9,0.034841307,2465.953030243144
301.0,0.03999584,1435.304189829138
301.1,0.08645241,1170.2536082355607
301.2,0.00023411868,8757.829720248608
301.3,0.02933449,2060.866993283046
301.4,0.00035557317,8233.748723865396
301.5,0.03166001,1959.050847729296
301.6,0.038226437,2607.123848781305
301.7,0.00761293,5440.885698938999
301.8,8.5343e-05,10491.800158609783
301.9,0.03466004,1146.3251492341908
302.0,0.043750513,1444.321098670899
302.1,0.060621016,1834.8157346784947
302.2,0.0022853832,3009.7271425409044
302.3,7.4260424e-05,10145.734308728013
302.4,3.107793e-05,16143.38610002413
302.5,3.055561e-05,16059.383945010473
302.6,0.00013345815,13784.958775375475
302.7,0.07854266,1638.2890531075536
302.8,0.050736237,2219.9059356745747
302.9,0.040050022,2306.562568842779
303.0,0.010199529,2615.410360362771
303.1,0.0014897375,2367.9757572045546
303.2,3.103165e-05,16066.606958834345
303.3,3.0085466e-05,15942.713053372525
303.4,3.4320266e-05,16233.832865087488
303.5,3.2260723e-05,16036.648893293077
303.6,3.1715223e-05,16195.202679632253
303.7,3.0322148e-05,16041.021326897131
303.8,2.9415487e-05,15878.229203333096
303.9,3.2119828e-05,16107.186408595666
304.0,3.176858e-05,16090.177182481793
304.1,3.3739227e-05,16211.92196066633
304.2,3.307115e-05,16054.79615994021
304.3,3.2319305e-05,16064.417490638623
304.4,3.1227584e-05,16038.843849738041
304.5,3.1195363e-05,15982.424798904736
304.6,3.139045e-05,15825.995867176121
304.7,0.0062507587,7218.291079033079
304.8,0.12578487,1630.4034578687238
304.9,0.021411568,7088.219346163947
305.0,0.02992744,7951.637000367895
305.1,0.00033642715,8819.170485168976
305.2,0.09554464,2144.623034301043
305.3,0.07323082,2062.4520104221465
305.4,0.071450785,1662.0321505072052
305.5,0.112946965,1258.1905379462592
305.6,0.051023196,1397.828125375031
305.7,0.024027951,1734.062603385768
305.8,0.003979333,5878.622809754834
305.9,0.012909007,3056.112777735992
306.0,0.018515809,2053.8113382644997
306.1,0.00062292465,7038.818508258331
306.2,0.054247044,2005.9995451584048
306.3,0.03586649,2257.8589518398608
306.4,0.002702881,6106.236714682278
306.5,0.004420034,9464.260712524887
306.6,0.0539885,2607.856000218481
306.7,0.029965855,2034.1455292957767
306.8,9.587889e-05,9613.14049621044
306.9,6.529792e-05,12226.319130739532
307.0,3.602895e-05,15941.426645456042
307.1,3.1867385e-05,16111.228372573514
307.2,3.2163072e-05,16137.467762688955
307.3,3.296781e-05,16183.715632417276
307.4,3.0239531e-05,15944.060562613464
307.5,3.190497e-05,16247.513757701641
307.6,3.1408108e-05,16195.215061144367
307.7,3.2497777e-05,16107.979688534318
307.8,3.334567e-05,15981.409753657248
307.9,3.2403488e-05,16163.15227556583
308.0,3.0750398e-05,16070.850080485483
308.1,3.1552994e-05,15971.436847976493
308.2,3.1007956e-05,16013.308282548218
308.3,2.9906545e-05,15955.427724418072
308.4,3.2095955e-05,16119.714800633787
308.5,3.182127e-05,16032.126465836878
308.6,3.0457119e-05,16059.495722695765
308.7,0.0070765363,4241.468635521189
308.8,0.009196818,6543.90620286592
308.9,0.011688887,3626.3042457793194
309.0,0.10547193,2120.230409258988
309.1,0.09034535,2011.4907924922884
309.2,0.020858698,5902.199876218502
309.3,0.04955671,2164.24412097561
309.4,0.07138983,941.6921575341381
309.5,0.004697013,3138.394693985926
309.6,0.019402243,2608.3277571508115
309.7,0.0022040408,5108.570964297828
309.8,0.044780474,2417.5897171398087
309.9,0.00015771513,8847.993187144553
310.0,0.021188792,3595.49173788745
310.1,0.040560555,1336.0535207461944
310.2,0.05117892,1801.1560922538265
310.3,0.0064561283,6124.978697780217
310.4,0.0267425,2677.1682469806783
310.5,0.038648114,2683.546444947791
310.6,0.03440316,2093.61961546733
310.7,0.05115651,1687.3165608892386
310.8,0.052178025,1876.017241324929
310.9,0.009547976,1552.4631399346517
311.0,0.028313868,2566.859367089263
311.1,0.027362764,3109.8364751466283
311.2,0.022219285,3080.365653091418
311.3,0.00506008,2419.8961014123065
311.4,0.00044242476,5305.828543199819
311.5,6.0837996e-05,11651.397273692013
311.6,3.3549582e-05,16206.993597037213
311.7,3.1638687e-05,15938.446838487842
311.8,3.1256423e-05,15983.382363884064
311.9,3.1045063e-05,16079.426646842654
312.0,3.1535626e-05,16036.05728292541
312.1,3.113154e-05,15880.956335740626
312.2,3.2009775e-05,15960.000270439527
312.3,3.2175165e-05,16192.839894320645
312.4,0.036269248,1824.0580789045678
312.5,0.005167607,5002.6608041219015
312.6,0.026416648,5587.815726232613
312.7,0.01102991,3451.5402834202896
312.8,0.038733132,1589.6710634804504
312.9,0.013430186,3660.295019273055
313.0,0.0026084469,6029.991501380568
313.1,0.011272439,3251.1981362393767
313.2,0.034652613,2332.703182770182
313.3,0.03871878,1763.1790599578612
313.4,0.025679605,2253.328873829904
313.5,0.026066981,2022.5113781817445
313.6,0.00830391,7021.136800558997
313.7,0.008984378,5170.675285315341
313.8,0.043545585,1941.5036611361224
313.9,0.0015318703,5261.1548889297765
314.0,0.052219044,2167.9329046641633
314.1,0.037539788,2226.8121569951027
314.2,9.810975e-05,9657.140047541005
314.3,0.028166655,2340.3460486677905
314.4,0.029402966,2349.896459346998
314.5,0.00012704474,9427.101628357203
314.6,0.0048832977,3083.321426127398
314.7,0.0065251924,2260.2965824066264
314.8,0.013187831,3300.7940117758517
314.9,0.0288607,2887.529217731026
315.0,0.02850709,2953.248916579144
315.1,0.021425908,3483.9161340350333
315.2,0.0049406057,2839.0393956632333
315.3,0.0008446288,3697.0163577729027
315.4,0.00017896893,8566.595208877567
315.5,5.5418135e-05,12457.55736965537
315.6,3.1800486e-05,16086.29073660332
315.7,3.469276e-05,16180.579126472914
315.8,3.1201555e-05,16053.251237435226
315.9,3.5008838e-05,16331.879418515708
316.0,3.3171298e-05,16297.78638957644
316.1,3.283418e-05,16016.126788296906
316.2,2.9748888e-05,15905.098514252444
316.3,3.189975e-05,16041.06941166304
316.4,3.153499e-05,16053.305488706312
316.5,3.0880223e-05,15952.150142944043
316.6,0.009995222,6510.786416443823
316.7,0.011680738,6296.165884415868
316.8,0.018835954,3365.2610290828025
316.9,0.06543649,1993.472534279693
317.0,0.059509866,2450.721685175355
317.1,0.06914512,2131.9925177947093
317.2,0.04777079,1824.4910451930803
317.3,0.043627787,1950.2548317721705
317.4,0.00051183306,9042.81227506142
317.5,0.044703566,1464.5756436518966
317.6,0.06252246,1702.4236453578956
317.7,0.076063246,1126.6250980517384
317.8,0.0910574,1959.6396996164347
317.9,0.00862887,2931.7668670257917
318.0,0.03270079,2301.4045050053487
318.1,0.04996119,2010.371403072418
318.2,0.06986411,1122.7929234745097
318.3,0.060382176,1745.60987480783
318.4,0.07320951,1256.8150800858564
318.5,0.015597418,4343.2246430158275
318.6,0.011761639,4845.27872321207
318.7,0.00819571,4632.191412561464
318.8,0.02917578,3117.322680836378
318.9,0.0473607,2541.0450514484796
319.0,0.010207073,5268.117586722924
319.1,0.016415315,2537.433804974165
319.2,0.055443816,1726.1887659122588
319.3,0.08683187,1181.9403722041704
319.4,0.06861456,1057.5936183066137
319.5,0.05243311,1662.3704551021754
319.6,0.022319442,2127.5240369902467
319.7,0.0004479259,5567.4106664637575
319.8,7.440492e-05,11555.163722498126
319.9,3.244641e-05,16146.04922956415
320.0,3.1441366e-05,15965.052864783635
320.1,3.4426826e-05,16224.055691773641
320.2,3.354827e-05,16134.326893776159
320.3,3.071238e-05,16051.811526372196
320.4,0.00027816487,8937.380922825734
320.5,0.06435769,1969.1638543573936
320.6,0.0047360444,8445.261299549144
320.7,0.043444727,2402.100893840388
320.8,0.06342363,984.8429683853318
320.9,0.063443825,2077.564351841986
321.0,0.037581008,2101.9858683118564
321.1,0.039815273,1605.7945325038681
321.2,0.032018982,1956.0862844006324
321.3,0.016174534,9136.179044207338
321.4,9.521909e-05,10469.573731231558
321.5,0.06642205,1702.5773918181044
321.6,0.01653093,8232.808198491388
321.7,0.037346486,2242.5646924760827
321.8,0.0054634293,8110.590777058189
321.9,0.029130913,2210.1989174649284
322.0,9.750562e-05,9995.413256169957
322.1,0.015408251,3886.04306548328
322.2,0.029789802,1463.5540797283652
322.3,0.02500454,2264.1644762522246
322.4,0.030867094,2537.3108717192044
322.5,0.026006045,2789.4292737304277
322.6,0.0072730156,2397.9827109530197
322.7,0.0002639706,7545.061704717595
322.8,7.938835e-05,11493.480003717963
322.9,3.2176027e-05,16066.847642416862
323.0,3.1703872e-05,16042.22553581282
323.1,3.214137e-05,16196.63771758327
323.2,3.1470732e-05,15957.565173230747
323.3,3.0735657e-05,16032.309203121074
323.4,3.0432566e-05,16032.422859046324
323.5,0.020831589,7056.542911810081
323.6,0.00487856,6056.750495876805
323.7,0.014927106,4021.634504700526
323.8,0.09886329,1869.1381571686966
323.9,0.07312912,2420.4333861357736
324.0,0.0175048,4381.529656770948
324.1,0.054171562,1818.3558782053055
324.2,0.06731335,926.9251103464126
324.3,0.029975915,1723.861350515293
324.4,0.008839496,4241.503487080158
324.5,0.05131276,2004.5632871146418
324.6,0.0012746339,7281.660071042389
324.7,0.050320253,2559.574473702816
324.8,0.047406245,2875.89224389657
324.9,0.00024181422,9076.025567916893
325.0,0.0077358363,3144.7116139021014
325.1,0.00012060477,9965.763456616434
325.2,0.0566461,2113.7613904912023
325.3,0.059152126,2287.0455443393316
325.4,0.012835156,3158.699097803043
325.5,0.032786656,2400.848462857938
325.6,0.0043397797,4289.210926468679
325.7,0.030876387,2294.923117463756
325.8,0.046779163,1988.8596841234796
325.9,0.008862901,5864.797021465167
326.0,0.004087392,8284.927275299673
326.1,0.026892431,1151.4907703179977
326.2,0.036857195,1761.6381445479037
326.3,0.0012941626,6584.888771402355
326.4,0.00922334,8298.912821557524
326.5,0.029443467,2482.958210877359
326.6,0.032508116,2066.0960990230446
326.7,0.04237564,2583.949215586115
326.8,0.05112837,2084.283000830539
326.9,0.016441753,2591.2856588218765
327.0,0.002728705,2549.0385701702317
327.1,0.011694954,2979.515376653806
327.2,0.02658705,2871.689075649836
327.3,0.024508644,3126.2844995890573
327.4,0.013433657,3072.3414429167915
327.5,0.0013991446,2897.0155365179626
327.6,6.158904e-05,11138.33527383425
327.7,2.9928338e-05,16118.669289703927
327.8,3.1323307e-05,15962.606672371483
327.9,3.200271e-05,16072.94046993247
328.0,3.0686173e-05,16051.583517115714
328.1,3.2051903e-05,16067.446564464159
328.2,3.2087042e-05,16143.694505418405
328.3,3.4397133e-05,15872.418679155948
328.4,0.025693934,8205.467195013245
328.5,0.1003124,1998.8878918619516
328.6,0.092375405,1705.1666343902268
328.7,0.08863446,1296.8160489742634
328.8,0.051399637,1335.2433006888446
328.9,0.059473705,2602.872603698394
329.0,0.033979163,2728.5192173455293
329.1,0.012628921,2957.2015047021555
329.2,0.03857607,1844.8553886848156
329.3,0.0075511,5751.6873759722375
329.4,0.037215218,1909.4122428770834
329.5,0.0066216504,6229.945231555317
329.6,0.033182774,2427.4011104363044
329.7,0.035855446,1313.0968493356268
329.8,0.00043677498,6675.123546712619
329.9,0.08679426,1671.1571243634098
330.0,0.005646066,4423.617245085416
330.1,0.057324152,2727.616711828461
330.2,0.043698214,1919.7819642670233
330.3,0.013268003,2946.19415571488
330.4,0.034200802,2318.86716048282
330.5,0.011341552,6680.603563595915
330.6,0.008484834,5272.694483054963
330.7,0.051113453,1975.3816693304207
330.8,0.0123546785,4022.101430975923
330.9,0.029036285,2299.455255776258
331.0,0.041365888,2352.2739974082087
331.1,0.00022710307,8298.31182490658
331.2,0.05720971,2971.96605856203
331.3,0.04378409,3290.7712216490454
331.4,0.0009554207,6986.113589707797
331.5,0.0139736,4546.8983610551695
331.6,0.04803123,2173.566776030713
331.7,0.02976893,2325.145475282129
331.8,0.042572297,2117.620621526069
331.9,0.021124844,2677.15478990373
332.0,0.0086144125,2852.2190962629634
332.1,0.0014600583,2721.622547359938
332.2,8.49502e-05,10424.696074368241
332.3,3.1704363e-05,16138.434924402616
332.4,3.2168886e-05,16115.57782625145
332.5,3.0299982e-05,15845.66036468076
332.6,3.1235322e-05,16228.534782564935
332.7,3.1828135e-05,15949.845311890762
332.8,3.2232667e-05,16062.408136715594
332.9,3.2566644e-05,16125.783215296951
333.0,3.112266e-05,15884.15178958795
333.1,3.3890636e-05,16294.37792032988
333.2,0.000119836426,11567.53696356363
333.3,0.00051520637,5307.7158230708665
333.4,0.032559417,5377.102059080267
333.5,0.107539505,2344.4858931756144
333.6,0.107924454,1946.6463965234286
333.7,0.021216515,8457.185415571053
333.8,0.018063525,7527.07135206804
333.9,0.10368238,2166.8551473487523
334.0,0.10346332,1063.847359270713
334.1,0.027830577,2558.5142598463917
334.2,0.041496184,2185.3880662030138
334.3,0.0002283804,8518.676816152347
334.4,0.017451169,8061.151512371154
334.5,0.044370417,2225.6853842503824
334.6,0.050259866,1799.9240276746905
334.7,0.043180946,1103.817937292045
334.8,0.0343874,1095.4879794589697
334.9,0.052285332,1650.3664523011946
335.0,0.03649525,1449.0300777382213
335.1,0.023001585,2313.9292891570813
335.2,0.03473576,1942.662976719905
335.3,0.022197893,1855.8175190315544
335.4,9.6286116e-05,10513.809221854784
335.5,0.0073573748,6007.997497029239
335.6,0.04625713,1360.5756279525658
335.7,0.038669787,1570.1460075156017
335.8,0.000110566056,8636.357699712962
335.9,0.012476855,6417.702595844098
336.0,0.056488004,1871.8225982616636
336.1,0.08467716,1337.2741829154302
336.2,0.0050273356,7824.011596181547
336.3,0.070989475,1811.9342542307854
336.4,0.07516428,1241.4208283685805
336.5,0.05817785,2091.0322825191943
336.6,0.020151194,2589.398991691681
336.7,7.927836e-05,10641.469431218919
336.8,7.915581e-05,12225.73877965653
336.9,0.03836758,2463.71333810394
337.0,0.03508397,2793.340658294696
337.1,0.029620916,2798.751491394776
337.2,0.015153124,2989.1116905226468
337.3,0.0057378802,2888.3140957415962
337.4,0.00073644234,3575.164572814882
337.5,7.803906e-05,11057.192539696971
337.6,3.3207867e-05,16289.27620626987
337.7,3.0991945e-05,15940.897020786255
337.8,3.2033164e-05,16127.768688101232
337.9,3.092768e-05,15956.051968426851
338.0,3.1865442e-05,15962.619256948143
338.1,3.0904608e-05,16009.517905753377
338.2,3.093723e-05,16154.071203198742
338.3,0.0011936915,5031.974870950579
338.4,0.018437782,6074.119134572981
338.5,0.08507425,1445.340492739957
338.6,0.018427756,7439.369393535227
338.7,0.013135981,8056.172296905321
338.8,0.0007550912,5934.784902378475
338.9,0.07488352,2063.7908482382027
339.0,0.0742001,1862.393302365455
339.1,0.049513787,2209.136692013902
339.2,0.0001554539,8227.449271707907
339.3,0.02957327,6194.172150466132
339.4,0.09865843,1044.1888461970802
339.5,0.08868159,1571.7748197338465
339.6,0.06990721,1435.7302274990989
339.7,0.059050195,2317.69726564703
339.8,0.06409828,1600.6496079773344
339.9,0.027893271,2292.990760443181
340.0,0.00013030958,9474.524355259135
340.1,0.038830206,1922.9353670993526
340.2,0.0067572147,5405.629458623192
340.3,0.029951066,2235.389287856673
340.4,0.03490743,1867.2217870704221
340.5,0.045852993,1794.7502030245696
340.6,0.063565314,2049.7836986916673
340.7,0.010401147,2999.745370194346
340.8,8.972623e-05,9947.858237873288
340.9,0.0004775074,5305.957326487012
341.0,0.054110035,1553.3200348430692
341.1,0.10688796,1178.0799712599292
341.2,0.08422666,1266.54898190195
341.3,0.07531696,1349.2234782968685
341.4,0.06396862,1802.505918034405
341.5,0.05172546,1776.1099393247514
341.6,0.017674487,2705.3154028775157
341.7,0.029322302,1761.9403444033333
341.8,0.0056325495,2540.259095099839
341.9,8.165428e-05,10146.8354250038
342.0,3.2421627e-05,16199.701597467321
342.1,3.2192384e-05,15983.578672363894
342.2,3.2004522e-05,16108.237695283222
342.3,3.038792e-05,15981.549602693967
342.4,3.1309446e-05,16078.432879479777
342.5,3.08863e-05,16084.200547890601
342.6,3.2073254e-05,16102.563783623202
342.7,3.1980795e-05,15920.624824232029
342.8,3.130606e-05,16090.919128075884
342.9,3.1645268e-05,16005.115355778355
343.0,2.9007393e-05,15876.934921144706
343.1,3.2345877e-05,16056.460928505972
343.2,3.208306e-05,15997.645902146021
343.3,3.704e-05,16135.423295977795
343.4,0.027146462,2844.299304922716
343.5,0.08199664,1724.8923664014346
343.6,0.059581444,2073.6501625174906
343.7,0.028000712,2008.4361301412268
343.8,0.00040853632,7477.999952565452
343.9,0.06702833,1571.1527557768295
344.0,0.05697378,1441.742301450205
344.1,0.05495193,2010.4579646199868
344.2,0.05001369,1398.1504580773744
344.3,0.06389858,2208.984615594934
344.4,0.08568517,1540.4889600889392
344.5,0.022552304,4265.748917156618
344.6,0.02163961,2736.1657637760973
344.7,0.049828786,1744.1607154138096
344.8,0.04261821,1768.318214157899
344.9,0.00010149961,9544.780303524289
345.0,0.01181677,3607.258756950027
345.1,0.034986608,1614.5860890577997
345.2,0.06342467,1850.06988246236
345.3,0.07626322,2055.0987662112357
345.4,0.04224467,1959.6083167739648
345.5,0.04790611,2010.6523322651615
345.6,0.05204233,1580.7329510634297
345.7,0.055879876,1470.5491498729211
345.8,0.06419408,1433.0724062940635
345.9,0.04932802,1560.1603408152719
346.0,0.0034775063,2693.3073009255986
346.1,0.0001325717,7936.503890641819
346.2,2.889269e-05,15924.861025244652
346.3,3.366291e-05,16139.884137377352
346.4,3.267849e-05,16088.002339729514
346.5,2.9800625e-05,15963.027816042348
346.6,3.164661e-05,16053.613475452179
346.7,3.3409502e-05,16158.462076715354
346.8,3.0263906e-05,15921.353986964748
346.9,3.232354e-05,16294.247837593563
347.0,3.3510507e-05,16182.668016182457
347.1,3.3104465e-05,16120.186871702947
347.2,2.9747956e-05,15954.171777793541
347.3,3.2967087e-05,15852.069607137999
347.4,0.00033858113,8016.493974505065
347.5,0.02731992,2421.1404524882487
347.6,0.024973148,1803.0687913029126
347.7,0.06208475,1704.1100884477364
347.8,0.016350573,3428.549705527668
347.9,0.048438422,2284.3984076806382
348.0,0.024571968,3730.0690125758565
348.1,0.05200438,1694.3230517310417
348.2,0.000172027,9368.031522967953
348.3,0.06336516,1742.9286728703134
348.4,0.024737172,2744.2931261796894
348.5,0.0016979409,4690.824265988596
348.6,0.028773146,1501.6379380745823
348.7,0.04340691,1279.619545448526
348.8,0.058591902,2434.1105172617913
348.9,0.072091326,1894.447977384716
349.0,0.020869289,2533.4744841987513
349.1,0.026130155,2593.702190535095
349.2,0.003025151,2336.860320242371
349.3,4.022387e-05,15480.014484500023
349.4,2.9933792e-05,15926.757563183299
349.5,3.281112e-05,16120.182770106365
349.6,3.0589075e-05,15983.385650606895
349.7,3.10126e-05,15948.811193157217
349.8,3.2193213e-05,16156.244511640974
349.9,2.9840015e-05,15889.357378275616
350.0,3.2245687e-05,15816.438229612404
350.1,3.1380787e-05,16140.578256777077
350.2,3.1705513e-05,16010.604990881851
350.3,3.348166e-05,16204.329401706305
350.4,4.8906284e-05,13134.219579620802
350.5,0.0002579487,8569.610423895214
350.6,0.00469797,6497.334877815593
350.7,0.008324943,5587.138286111137
350.8,0.043088395,2552.797870065049
350.9,0.02241046,2574.8867840646426
351.0,9.660625e-05,9710.905468878853
351.1,3.381452e-05,16211.698400913177
351.2,3.235978e-05,16103.851226467883
351.3,3.1925003e-05,16008.193780168689
351.4,3.2976008e-05,16147.240278035748
351.5,3.2889417e-05,16220.18076490924
351.6,3.2047465e-05,16133.347682344585
351.7,2.9988747e-05,15908.122405225373
351.8,0.019886084,3966.747878994877
351.9,0.09311104,1876.1517853806754
352.0,0.07425559,2202.3842814159893
352.1,0.000636532,6441.775352717506
352.2,0.056154903,1520.6116194512535
352.3,0.0091499435,4316.2153585919405
352.4,0.028550914,1862.7243356384256
352.5,0.0001013187,9846.857227188408
352.6,0.009494075,3883.196169569178
352.7,0.03187019,1701.4725745056048
352.8,0.042332374,2070.9338762301813
352.9,0.000115814284,9987.383904224069
353.0,0.034138817,2272.4540091398967
353.1,0.051255573,2334.1730217476324
353.2,0.013794976,2647.913711860334
353.3,0.057042632,1862.2033007411003
353.4,0.014910102,2081.930758849485
353.5,0.025761427,2250.138268732375
353.6,0.029816734,2319.930043809091
353.7,0.031385668,2675.7943314377762
353.8,0.018412799,2422.501181422248
353.9,0.0008452522,3347.443557696043
354.0,0.0002048171,7813.1249135186645
354.1,3.153488e-05,16133.427917851104
354.2,3.3038497e-05,16250.924774430412
354.3,3.2650463e-05,15988.60037241162
354.4,3.4257795e-05,16084.393894250763
354.5,2.9981922e-05,15847.263035557557
354.6,3.15031e-05,16043.397464942524
354.7,3.3955384e-05,16122.857790201391
354.8,3.3289147e-05,16203.596555319806
354.9,0.008741088,8519.942702437229
355.0,0.08197391,1466.6726341271115
355.1,0.10381498,1231.6114776696572
355.2,0.04336707,2037.578912521979
355.3,0.0045587495,4428.855528726243
355.4,0.040249445,3062.7282857747123
355.5,0.08867663,2156.4448331714834
355.6,0.053188276,1316.422084833947
355.7,0.008571676,3163.067356400447
355.8,0.022759816,2714.040993406029
355.9,0.015006613,3175.3923127568714
356.0,0.027103158,2793.862847166941
356.1,0.02160799,2540.3026964681076
356.2,0.043975346,1879.1784744026847
356.3,0.0041624596,5653.551188017391
356.4,0.01607894,8249.012918736555
356.5,0.0022841687,5159.673970170886
356.6,0.01162752,3932.1137703501886
356.7,0.0002587423,8826.76518897225
356.8,0.009687786,4676.511831865051
356.9,0.026340406,2822.453693393876
357.0,0.025876608,2677.6803627350628
357.1,0.003246531,2786.64077594614
357.2,9.004007e-05,10026.347955442541
357.3,3.1473057e-05,15996.455937751645
357.4,2.9530775e-05,15896.439866035398
357.5,3.1830168e-05,15953.846762907764
357.6,3.3369703e-05,16291.935318323882
357.7,3.1623204e-05,16210.00901154157
357.8,3.219039e-05,16030.900885977157
357.9,3.3844175e-05,16168.685057099397
358.0,3.3361037e-05,15993.788110645839
358.1,3.0824594e-05,16139.789587598316
358.2,3.3429093e-05,16144.213289517193
358.3,3.2110314e-05,15962.737972045757
358.4,3.3308435e-05,16269.39078726172
358.5,0.0021920896,7903.169753205764
358.6,0.022375721,4996.158571730478
358.7,0.10429195,948.9009198632529
358.8,0.06373125,1485.9170760524203
358.9,0.017416283,1404.6997392967842
359.0,0.029208208,7967.068776221109
359.1,0.031526495,2748.0532154105304
359.2,0.035080116,2662.5995076905706
359.3,0.041313495,2538.2986831878875
359.4,0.05006331,2455.341725709491
359.5,0.045984875,1606.0670838009537
359.6,0.028296007,1746.9316545458598
359.7,0.019213647,1751.3528161107215
359.8,0.03651069,1697.9160642940474
359.9,0.022877246,2119.0065192134375
360.0,0.00010088872,10127.00823872619
360.1,0.049310926,1942.0618878641992
360.2,0.04494201,1931.6380551537518
360.3,0.027361363,2400.8378116165395
360.4,0.035264432,2045.589961995761
360.5,0.016735593,2147.35053449504
360.6,0.018413426,2118.2417491880483
360.7,0.00049159373,7545.644181340992
360.8,0.0098072905,3515.2918172096734
360.9,0.034316003,2857.7974891461654
361.0,0.011776101,3580.4637465552046
361.1,0.00020358671,7395.725508040718
361.2,6.9577094e-05,10698.905319786232
361.3,3.3106946e-05,16156.423592637988
361.4,3.0492145e-05,16071.678326944806
361.5,3.333141e-05,16326.916910093043
361.6,3.2920936e-05,16122.935716943524
361.7,3.1749554e-05,15999.825468504137
361.8,3.1569405e-05,16034.940576596517
361.9,3.4055494e-05,16204.516842818626
362.0,0.012296774,2797.8944559480833
362.1,0.0076007284,4174.106951627747
362.2,0.047933083,2056.9680499408523
362.3,0.04071819,1584.5098368510362
362.4,0.06249603,2413.1293141133738
362.5,0.04058356,1593.4155382727458
362.6,0.045858778,1751.52786276708
362.7,0.0302829,1823.9236311554473
362.8,0.004053579,6113.028065052908
362.9,0.022644252,3722.1052508562666
363.0,0.049032632,1347.6904903670134
363.1,0.05827479,1314.53114650824
363.2,0.0002530794,8351.952855995904
363.3,0.009758752,4248.8370216585945
363.4,0.011412759,1969.3719525282206
363.5,0.033241663,1884.0204725759427
363.6,0.00088883407,9610.45853622862
363.7,0.02111938,5950.127932284636
363.8,0.048378557,2457.7286951570104
363.9,0.04500265,2082.2561664065
364.0,0.05095517,1877.5233431642864
364.1,0.06770594,1113.8124366525615
364.2,0.05061826,928.4993806565427
364.3,0.04107218,2066.9570842886187
364.4,0.029810267,2681.007693439866
364.5,0.033296946,2071.695236258506
364.6,0.033623286,2426.6062820804154
364.7,0.03561313,2909.7364361409655
364.8,0.008608748,2665.359744209653
364.9,0.0006043687,4275.043850046753
365.0,0.00013238398,9207.140691854967
365.1,6.6177345e-05,11629.046877179147
365.2,3.348548e-05,16130.095188327781
365.3,3.2728454e-05,16113.202676899298
365.4,3.1266452e-05,16066.393988833648
365.5,3.1582607e-05,15993.846786063987
365.6,3.418459e-05,16064.820754944427
365.7,3.1366595e-05,16085.878696112475
365.8,3.2207852e-05,15957.522596526574
365.9,3.1267682e-05,16013.741348268535
366.0,3.3230684e-05,16096.108723109752
366.1,8.498945e-05,10249.221459648446
366.2,0.00471118,2736.4395631885686
366.3,0.049024265,1497.674587521769
366.4,0.045958046,1378.624345486051
366.5,0.03971363,1984.5842624099987
366.6,0.044481393,1616.8535211028789
366.7,0.0056190463,3608.240902613842
366.8,0.04172296,1385.6211509171121
366.9,0.0411346,1506.891894031658
367.0,0.031873915,2224.154471844259
367.1,0.024423955,2759.4260188453286
367.2,0.027148653,2744.2066412734994
367.3,0.0028928507,2447.0482259071227
367.4,7.7242556e-05,10855.467807362396
367.5,3.0724237e-05,15999.550884654274
367.6,3.1752348e-05,16135.18735112404
367.7,3.1785457e-05,16159.782013551274
367.8,3.196546e-05,15989.126473437442
367.9,4.660589e-05,13906.374147996285
368.0,6.140569e-05,13481.370840725864
368.1,0.0019967298,7515.400129536432
368.2,0.0071048695,8032.164344154622
368.3,0.04084082,2136.2313531707314
368.4,0.03844095,2286.5368966382634
368.5,0.06092477,2188.095573206721
368.6,0.009777035,2936.8521771993446
368.7,0.00017905548,9478.699073745349
368.8,3.3438617e-05,16177.392870248214
368.9,3.352303e-05,16217.325933665777
369.0,3.2996322e-05,16007.337075249572
369.1,3.2946533e-05,16106.805046062484
369.2,3.2357137e-05,16021.599902013524
369.3,0.0014080835,2715.4037708255055
369.4,0.009797049,2456.775120461897
369.5,0.045764793,1439.4127909708714
369.6,0.04048561,1845.6775228775427
369.7,0.02578997,1422.5595177412379
369.8,0.006907205,3114.9613919601634
369.9,0.05071684,1433.34853375842
370.0,0.064708054,1793.437597575612
370.1,0.046469357,2205.126906487387
370.2,0.049163777,2655.9328898989675
370.3,0.067589484,2409.304084187503
370.4,0.009762044,2543.645223451585
370.5,0.0011233501,2900.622789364961
370.6,0.0003185633,6048.991323835253
370.7,0.0001802254,8431.0601831823
370.8,6.995448e-05,11725.211546297654
370.9,7.0220136e-05,12347.064300449934
371.0,4.1995423e-05,14465.224628279502
371.1,3.2254356e-05,16084.59736448565
371.2,2.952776e-05,15955.748233658025
371.3,3.095923e-05,15841.587055201422
371.4,5.4830612e-05,12170.125971473875
371.5,0.007436748,6424.8260707391955
371.6,0.076212324,1166.7509283726624
371.7,0.089242764,1689.0200095377857
371.8,0.011162531,4774.598472103735
371.9,0.025326982,8363.068261194932
372.0,0.06166253,2110.2086426765172
372.1,0.052670613,2525.37271605492
372.2,0.05134608,2364.697296592838
372.3,0.060192734,2207.4941001105044
372.4,0.04788726,1227.2983976580326
372.5,0.04540488,1850.4664243167763
372.6,0.008995883,3241.156202242547
372.7,0.03432616,2063.518445745887
372.8,0.007295772,2601.2109765813602
372.9,0.0057473104,3097.589894661771
373.0,0.048377074,1657.6053249407205
373.1,0.098964415,1876.4594773571234
373.2,0.0047359564,4735.548648584744
373.3,0.024920952,1913.7977069732428
373.4,0.02355583,2463.527206159646
373.5,0.01622941,3070.5944724333262
373.6,0.006542073,5109.264846564284
373.7,0.025276758,2190.6316920495574
373.8,0.055920053,1688.0499804424503
373.9,0.0031829614,5557.48629652058
374.0,0.045154683,2112.9969256350737
374.1,0.04955147,2005.4681370569433
374.2,0.033859354,1290.3730640767951
374.3,0.025099026,2276.8076370673207
374.4,0.04394984,2096.327438628327
374.5,0.023858137,2557.9859274232285
374.6,0.00809822,2112.0661852812777
374.7,0.0014141035,2732.476185284556
374.8,0.00044092146,4796.478138912119
374.9,3.357156e-05,16224.103010979743
375.0,3.2893433e-05,16162.067854677704
375.1,3.087956e-05,16053.566063194761
375.2,0.00024719254,9815.99825378156
375.3,0.03556004,2040.405299754456
375.4,0.040865853,2477.2334730971224
375.5,0.06981662,1364.1025005545357
375.6,0.06305327,2150.992783720746
375.7,0.045306332,1241.567261046485
375.8,0.047440253,1684.555155373766
375.9,0.05103995,1072.723444407119
376.0,0.05333861,2225.643316761754
376.1,0.00011124175,9774.544527151456
376.2,0.034074742,2010.7825318573477
376.3,0.05021015,1201.91475002272
376.4,0.04441344,1046.4953694699495
376.5,0.002527604,7727.069118087582
376.6,0.020192675,3174.7414331088685
376.7,0.071231335,1910.2376627284677
376.8,0.0549878,2082.2936427039576
376.9,0.039091952,1800.38258856123
377.0,9.1436625e-05,10137.12152314085
377.1,0.01777881,1201.4081192130554
377.2,0.04500616,1368.7406669225288
377.3,0.04782949,1711.643681425767
377.4,0.049925644,1701.2294025180904
377.5,0.066806346,2328.2011096561105
377.6,0.030596508,1124.1010605887914
377.7,0.06627357,1945.3428945867481
377.8,0.04330874,1164.8330668634603
377.9,0.058244456,1549.631449239298
378.0,0.058207646,1634.267133656318
378.1,0.025552835,1826.6007452164818
378.2,0.0040632985,2081.4239992790153
378.3,0.00032492552,5930.822146824133
378.4,0.0001587375,9375.33636269387
378.5,6.4655964e-05,12330.225948319456
378.6,3.1272823e-05,15985.743448971834
378.7,3.1854233e-05,16027.736435933895
378.8,3.216824e-05,16086.941515605897
378.9,3.214966e-05,15934.964886676966
379.0,3.323057e-05,15995.007780698576
379.1,3.131443e-05,16085.848787317169
379.2,0.015190235,2736.2035177005505
379.3,0.03967275,1625.1014566045792
379.4,0.06087138,2156.9348352169573
379.5,0.1038289,1748.4396082269936
379.6,0.0900792,1845.9076870379868
379.7,0.06857966,1340.2159071493325
379.8,0.06547105,1792.164815882156
379.9,0.051533278,1196.7399519896896
380.0,0.045529988,2323.6403097627144
380.1,0.009664322,2923.5388521592363
380.2,0.039500408,2144.9990328901763
380.3,0.048023984,1655.447480345035
380.4,0.087781474,875.7689039562665
380.5,0.03185755,1166.6191011326498
380.6,0.00012842994,9389.434189055828
380.7,0.014574031,4189.002943413725
380.8,0.057700884,1323.9947179205365
380.9,0.048142213,1647.811808753768
381.0,0.0005290945,7484.175223444508
381.1,0.017327536,7501.680531771696
381.2,0.030635087,3044.7296516627534
381.3,0.03288054,2885.999511399119
381.4,0.037160244,1973.8649346688082
381.5,0.04970884,2648.035196683246
381.6,0.045572847,1508.4121228703186
381.7,0.021205254,1480.1194194299437
381.8,0.036096767,1894.7312195684804
381.9,0.010457721,2722.2209812182255
382.0,0.007764155,5714.94073825958
382.1,0.018591775,5444.071905453672
382.2,0.042738337,1595.6829164411301
382.3,0.028508078,2014.8265518294288
382.4,0.043861154,1881.951318425514
382.5,0.00018649423,8188.287760611742
382.6,0.0060843816,3464.065430042219
382.7,0.03254188,2268.614336149276
382.8,0.0043487833,5000.531325289514
382.9,0.013545012,3411.088861291
383.0,0.01519435,2284.5726503171986
383.1,0.02192697,2139.035573609322
383.2,0.024239916,2742.5334933481827
383.3,0.021279277,2714.147670482411
383.4,0.021901952,2755.87072873717
383.5,0.013319005,2721.5667581204734
383.6,0.004208139,2374.738453385354
383.7,0.0005891384,3747.061233222351
383.8,9.6267664e-05,10405.360027576757
383.9,3.218888e-05,16037.343435349536
384.0,3.0940417e-05,15888.356370523376
384.1,3.123135e-05,15984.43141615156
384.2,3.0842337e-05,15785.508277166224
384.3,3.068724e-05,16070.651938113011
384.4,3.1327894e-05,15989.82641473939
384.5,0.00045938318,8232.567467292674
384.6,0.050227605,2406.4058662123375
384.7,0.07245437,1878.8173426613278
384.8,0.063656986,1728.68497428231
384.9,0.06571349,1879.0484118755332
385.0,0.094886415,1201.9766055493335
385.1,0.10990142,1642.6414358512416
385.2,0.0019608042,5531.421725326798
385.3,0.026347557,7827.49068838261
385.4,0.0003780314,8034.0108077262885
385.5,0.068312764,1898.8459599041298
385.6,0.031857956,2957.560679506186
385.7,0.051568754,2310.7363769294743
385.8,0.016658904,3280.245820523637
385.9,0.06751262,1892.5552421751004
386.0,0.072122924,866.7430646771838
386.1,0.027465785,2820.0709682403576
386.2,0.0062307217,4902.908728452014
386.3,0.036420804,2188.243359412648
386.4,0.0014725244,4574.524559606009
386.5,0.011665656,2899.8088243103775
386.6,0.022687064,3219.5993733071
386.7,0.04157238,2441.034249346126
386.8,0.029165903,2641.1048396582264
386.9,0.024708822,2245.5964465760417
387.0,0.0065072677,2733.896719576325
387.1,0.0019007297,2402.671398030032
387.2,9.811599e-05,10687.833059193083
387.3,0.000122088,11587.211412601513
387.4,4.1398584e-05,15220.545576367336
387.5,3.0408753e-05,15877.689190786896
387.6,3.0202093e-05,15904.218806710212
387.7,3.100682e-05,16076.30340935939
387.8,3.45658e-05,16247.50910145864
387.9,3.247664e-05,16163.538196346346
388.0,3.130743e-05,15938.055671005703
388.1,3.063941e-05,16031.085257393828
388.2,3.1004747e-05,16073.466281578541
388.3,5.6662066e-05,12330.077367574377
388.4,0.085087135,1746.4500981504743
388.5,0.0004743211,8654.108718370731
388.6,0.10553497,1975.3048400018006
388.7,0.11323618,1389.479189466406
388.8,0.085453965,2086.6386011312566
388.9,0.08347498,1483.3610344768454
389.0,0.08768666,1420.2944198652276
389.1,0.07481024,1855.6513806981638
389.2,0.00021385001,9295.278871047984
389.3,0.057067353,1955.7497522110348
389.4,0.037453003,2017.2135162290458
389.5,0.035126165,2191.8804942447578
389.6,0.05891826,4673.051364255107
389.7,0.0066890875,2284.9867391604266
389.8,0.0049311407,4902.958082637886
389.9,0.0717226,1741.9777279231398
390.0,0.06551701,1758.4491085419654
390.1,0.034341443,2099.9330574960554
390.2,0.0062425234,4805.836047790071
390.3,0.013835708,7044.418548454436
390.4,0.05579377,2900.155155134177
390.5,0.05220461,2828.2375275860095
390.6,0.061504953,2586.238642086831
390.7,0.076369174,2017.3094311902237
390.8,0.07020761,1322.2835092600326
390.9,0.12816264,1294.5654912085831
391.0,0.05079171,2237.908309175071
391.1,0.04291149,2467.5782255037284
391.2,0.009932602,6917.649262635854
391.3,0.020487206,4340.239950173576
391.4,0.05277478,1610.1523746688567
391.5,0.0036929264,6062.980586533942
391.6,0.031158546,2057.824957787895
391.7,0.01621252,2932.038001273181
391.8,0.018204214,3084.4947988426507
391.9,0.021313503,2646.747616919654
392.0,0.0040631844,8276.240018793365
392.1,0.03685185,2964.8775773778184
392.2,0.038925625,1639.3638165756702
392.3,0.03754177,2854.983613924334
392.4,0.016218739,3827.6795524206636
392.5,0.038715046,2374.474059613558
392.6,0.017031465,2651.823726513591
392.7,0.00019507195,8836.024915476126
392.8,7.129183e-05,11457.818083356802
392.9,0.086847894,2369.690516229042
393.0,0.05813023,1495.2754144463015
393.1,0.106591545,1196.9775878758903
393.2,0.07878411,1537.2675670153458
393.3,0.058188573,1624.4022890034448
393.4,0.031374313,1902.3288904289925
393.5,0.0040490534,2390.6333278670395
393.6,3.2279982e-05,16109.376414747465
393.7,3.12437e-05,16081.145680073285
393.8,3.103381e-05,15973.626961833243
393.9,3.4508706e-05,16312.451356725807
394.0,3.2705695e-05,16242.678973169506
394.1,3.345361e-05,16138.94024501166
394.2,3.3079443e-05,16210.034649824567
394.3,3.3139033e-05,16165.765165457267
394.4,4.6723333e-05,15953.910346961078
394.5,0.0134929,9765.819384746628
394.6,0.000113702714,10318.5536860416
394.7,0.04357585,1561.1830348404897
394.8,0.022526067,7410.8409977414485
394.9,0.010969562,8173.387881339972
395.0,0.04035067,1948.1875004885621
395.1,0.000428901,8051.552509783953
395.2,0.044010036,2526.296662550336
395.3,0.031539444,1742.4613353877803
395.4,0.03484764,2166.57458582135
395.5,0.019647406,1584.7136360770285
395.6,7.685873e-05,10797.632086049365
395.7,0.0076869074,3735.930596607485
395.8,0.030197999,2741.8243166585576
395.9,0.03516937,2742.24125656603
396.0,0.012306539,3720.082315373128
396.1,8.8548084e-05,10027.078383918386
396.2,4.7861042e-05,13616.85852707826
396.3,3.2701217e-05,16176.708460047295
396.4,3.2918506e-05,15992.671745170945
396.5,3.1590876e-05,16035.893564621469
396.6,0.0063103377,3107.0509787220626
396.7,0.045233764,2537.599616348321
396.8,0.028168045,2696.9187325959765
396.9,0.023281954,2521.4389150135244
397.0,0.0073422873,2575.9796899294793
397.1,0.0030052399,2576.0597377464273
397.2,0.00013295175,7049.040756020001
397.3,6.313111e-05,11949.923596681088
397.4,0.0005819926,10774.94444326565
397.5,0.092645355,2305.474054227268
397.6,0.05355062,2072.8639104308218
397.7,0.00010896638,9571.968341884693
397.8,6.14206e-05,12123.767624179176
397.9,0.013641775,3697.697856080488
398.0,0.03198379,2707.953416028655
398.1,0.034901503,2903.3737874660983
398.2,0.016083168,3350.8701778725626
398.3,9.9207005e-05,9918.030336343765
398.4,0.00026113316,6730.162309025326
398.5,6.221543e-05,12899.52565096196
398.6,3.0714553e-05,16090.931333451454
398.7,3.1096246e-05,15921.245912233251
398.8,3.2410382e-05,16058.754272975068
398.9,7.789638e-05,10398.678954721163
399.0,0.005953255,8780.345646693771
399.1,0.07614359,1581.541358843931
399.2,0.07079687,1510.2615551573467
399.3,0.033982664,1829.7155997371563
399.4,0.008840865,6309.001117130866
399.5,0.045023408,2044.3865347440121
399.6,0.050689872,2125.7544328341546
399.7,0.059441812,1842.4533242024681
399.8,0.05503518,2150.521941648349
399.9,0.052675325,2444.9893052824323
400.0,0.043686416,1645.7998171372724
400.1,0.013725846,3827.0114156022546
400.2,0.036035962,1973.0378436729698
400.3,0.038306814,1963.1226608552274
400.4,0.02230538,2812.6575791604146
400.5,0.00013524694,9748.21312721448
400.6,0.050498486,1881.2165703587502
400.7,0.05249898,1564.3937870863
400.8,0.049416423,2094.872162703422
400.9,0.04867002,1719.1843829986178
401.0,0.039722648,1507.3803120272273
401.1,0.039075296,2303.8821037227144
401.2,0.00012608999,9223.45452768584
401.3,0.02728037,1599.957933655401
401.4,0.03707916,1149.8502122091882
401.5,0.04676993,1358.0344867216081
401.6,0.007813964,2701.822434223859
401.7,0.0042886552,2802.6856437421543
401.8,0.03160589,1912.8036053616277
401.9,0.037405793,1736.7903097593517
402.0,0.07411569,2181.0117608623796
402.1,0.048405476,2057.058281591658
402.2,0.048102926,1538.4570270619047
402.3,0.0006252941,6558.463235978059
402.4,0.086050615,1538.5374430944237
402.5,0.015651297,4813.651197529468
402.6,0.023528207,3477.3886360200427
402.7,0.046731185,2110.224033166575
402.8,0.008993116,4979.283532447719
402.9,0.029983802,2421.639119694483
403.0,0.0249603,2458.582650240167
403.1,0.031119835,3054.9140575236706
403.2,0.021697653,3149.8369690902673
403.3,0.0005659135,5900.288522424485
403.4,5.191207e-05,12219.930479427736
403.5,3.1773354e-05,15966.488024479007
403.6,3.2831435e-05,16058.272141982412
403.7,3.3709126e-05,16173.245042200491
403.8,3.2155076e-05,15938.802998285406
403.9,3.1495183e-05,16106.090686857911
404.0,3.213067e-05,16127.536718074427
404.1,3.1543463e-05,16158.817308538364
404.2,3.220462e-05,16069.805779290376
404.3,3.09521e-05,16014.191268249593
404.4,3.0273945e-05,15879.986749946524
404.5,3.3497552e-05,16258.913944638442
404.6,0.005196398,8419.26632128634
404.7,0.051235426,1836.9491824088582
404.8,0.06785277,1390.247540178193
404.9,0.05953378,1580.4079755475345
405.0,0.000108113956,10464.655677097804
405.1,0.057305526,2183.35631919112
405.2,0.06841887,2329.1458555602167
405.3,0.029105645,1476.009612615303
405.4,0.02678645,2389.487525688671
405.5,0.0014258041,6618.835984331106
405.6,0.009644813,4286.29267415799
405.7,0.039261512,1598.2718031528916
405.8,0.04299701,1776.7745743151067
405.9,0.03809391,2039.3008750569634
406.0,0.024938729,2489.9622446407343
406.1,0.003694715,3535.64590239261
406.2,0.0020906813,3220.312692502256
406.3,0.08565042,1952.355777241372
406.4,0.04674703,1989.520449492813
406.5,0.050197866,2255.8791568037404
406.6,0.03011712,1837.5365288384426
406.7,0.01540042,4082.418305934582
406.8,0.06102742,1401.774338475167
406.9,0.00040173266,7193.47902696093
407.0,7.770474e-05,10897.503859183978
407.1,0.034440313,1627.5122751854183
407.2,0.047969144,1711.1742947045386
407.3,0.04653686,1731.0422412769128
407.4,0.014097504,7838.770527401622
407.5,0.009707065,6473.796414978909
407.6,0.05555698,1283.8255176060193
407.7,0.044711035,2004.9651776539245
407.8,0.039809376,2283.028215332581
407.9,0.033973258,1933.8209212792071
408.0,0.018109554,2184.992766727455
408.1,0.03227194,1831.0634765522032
408.2,0.049711872,2036.6528770640082
408.3,0.036358606,2298.417813115462
408.4,0.030430486,2290.971717863057
408.5,0.026146661,2074.87743226181
408.6,0.0047051646,2947.36092971349
408.7,0.00096109847,3531.201725119153
408.8,0.00048035005,4894.569762564127
408.9,0.07340203,1451.8491247986422
409.0,0.09771572,2261.1065019833263
409.1,0.045703925,2365.750858123293
409.2,0.08148102,1776.3338168468026
409.3,0.06653496,1194.4049299894841
409.4,0.08607536,1304.7915111662473
409.5,0.09095546,1494.3163020951793
409.6,0.0056451447,5543.866974828042
409.7,0.01358759,2823.436572173895
409.8,0.047948573,1270.596022139394
409.9,0.06843159,1352.1158454025506
410.0,0.05129862,1621.9563956210923
410.1,0.03253212,1723.357786754444
410.2,0.03171456,1292.3744513862396
410.3,0.030645914,1869.6256266643281
410.4,0.014312668,2427.0957765797284
410.5,0.0032062382,3363.325866119251
410.6,0.006669679,3554.8373937538263
410.7,0.011261901,2804.771001690255
410.8,0.021529097,2936.6261861836833
410.9,0.014285613,2977.1296049214757
411.0,0.001130258,3832.6382646938937
411.1,6.251693e-05,10547.11671627319
411.2,3.1337488e-05,15950.08489406038
411.3,3.210303e-05,16286.878379150112
411.4,3.18304e-05,16083.329122438547
411.5,0.0012537556,5023.918574322177
411.6,0.016596794,7437.042466413537
411.7,0.015671058,3218.3287935660055
411.8,0.043262053,1978.5167889380775
411.9,0.020269575,7177.88744868811
412.0,0.010002758,6577.048529543465
412.1,0.040702082,1997.152004180789
412.2,0.006243294,4583.16009522341
412.3,0.030122297,2281.7643307334542
412.4,0.00048380287,6667.939825099611
412.5,0.04813612,1990.9623349780054
412.6,0.046663124,1655.0505798893955
412.7,0.06696113,1203.20210927884
412.8,0.039487425,2774.320391523501
412.9,0.02666369,2966.5170156936274
413.0,0.0100049805,2601.722512746388
413.1,0.0016721607,2318.096679597299
413.2,0.0001595925,10027.922690800024
413.3,0.011684666,3479.947729468129
413.4,0.13652037,996.8485272883617
413.5,0.11550061,1359.9843384303063
413.6,0.1284788,1901.1287598882864
413.7,0.091436245,1455.9575955321259
413.8,0.019103697,3684.638416039439
413.9,0.013779399,2634.675423374546
414.0,0.096537046,1399.027753556159
414.1,0.08506746,1446.3630923212077
414.2,0.046492092,1450.406455615845
414.3,0.00028465246,8037.72133268053
414.4,0.055262666,3636.2241551020097
414.5,0.014812535,7660.178735024279
414.6,0.009517194,5627.629691000922
414.7,0.020157157,3177.638540295567
414.8,0.00180457,5453.471690851929
414.9,0.049405508,2933.8505158295493
415.0,0.09105749,1190.5022058010181
415.1,0.07007171,1873.4357817811883
415.2,0.0019550216,5447.1148670586845
415.3,0.017629905,7712.933416250417
415.4,0.035069965,2151.573528186481
415.5,0.033804417,1793.259134219528
415.6,0.00042922248,5923.12370857994
415.7,0.017365998,2453.957949381458
415.8,0.033865362,2447.63087979312
415.9,0.0071779084,2909.5259935899703
416.0,0.00028562176,9246.65826108096
416.1,0.019355891,8935.037528558227
416.2,0.059727337,1824.7453009002768
416.3,0.06646063,2774.1453448580664
416.4,0.058858056,1183.486197904405
416.5,0.060665954,1890.8433302214423
416.6,0.06340171,2344.7595733433654
416.7,0.0564529,1184.6887872231555
416.8,0.045266297,2283.4136285333207
416.9,0.013277824,2906.866186283671
417.0,0.02942243,2445.3751470661473
417.1,0.06838576,1984.3420576122162
417.2,0.059704166,2117.0458364331807
417.3,0.0111121945,5172.688143563404
417.4,0.015229564,6387.267601192807
417.5,0.027328523,2127.956260484407
417.6,0.001158273,5196.523878393324
417.7,0.042305276,2689.883930066989
417.8,0.049157336,1296.7695474828981
417.9,0.027967792,1650.970291945772
418.0,0.0070040696,5582.354835504977
418.1,0.03314957,1844.5160394019817
418.2,0.059944656,1333.9283565008882
418.3,0.018201167,3637.230856929562
418.4,0.0092524765,8644.997205916545
418.5,0.025782267,2644.3219565088816
418.6,0.038133286,2067.433914936207
418.7,0.012499727,5139.682913535968
418.8,0.034860183,3237.560250666927
418.9,0.031868715,2410.9275460544527
419.0,0.010672908,2722.5452695379186
419.1,0.0022525114,3402.8341393403334
419.2,0.03457828,2284.151122481608
419.3,0.08114766,1597.4375558239772
419.4,0.069941826,2248.742972084078
419.5,0.05814074,2266.5036787574572
419.6,0.029844353,992.0402699288599
419.7,0.00065544475,7762.006717305864
419.8,0.03278874,2506.347956929527
419.9,0.03324749,2442.7236362535386
420.0,0.014321473,2462.7092032990563
420.1,0.028289232,2065.6320237796645
420.2,0.032179236,2134.285751646449
420.3,0.01616365,2379.606615324701
420.4,0.018453574,3983.2673519884756
420.5,0.05702035,2230.9208987885268
420.6,0.07285723,1984.7927553979857
420.7,0.07508988,2310.9650489002643
420.8,0.021928009,3804.24281534313
420.9,0.049394757,1944.1929320156798
421.0,0.019461622,2888.217722127105
421.1,0.029589744,2459.744056415378
421.2,0.01730417,8476.414049413246
421.3,0.01319175,8293.231142233975
421.4,0.0001024159,10167.382044554546
421.5,0.011582435,3079.7999087671174
421.6,0.01662215,2803.6805285485966
421.7,0.018598441,2797.9820250447674
421.8,0.013953195,6963.856334058482
421.9,0.039884627,3341.6677354455346
422.0,0.03573485,1677.8370747875433
422.1,0.053197727,1850.4447941555798
422.2,0.03132388,1700.358099737319
422.3,0.015563464,7606.954592572936
422.4,0.028440744,2219.085512040271
422.5,0.034237348,2673.97483599717
422.6,0.018741177,2160.0511510470656
422.7,0.013487051,3022.2127063504613
422.8,0.017433444,3059.037944374016
422.9,0.022149766,2887.618899656568
423.0,0.018709304,2956.891327855572
423.1,0.009841765,3211.1762467836566
423.2,0.0029934298,3491.6181132952265
423.3,0.00044216734,5375.028658723708
423.4,0.000279896,5765.400660529835
423.5,6.4604006e-05,11523.758688234888
423.6,0.04529039,2188.6781425237136
423.7,0.048475,1992.9368369157364
423.8,0.06533292,1982.2754890052443
423.9,0.0049790516,2685.3782868426897
424.0,0.014336192,3060.119016318855
424.1,0.009673172,2778.7326593823045
424.2,0.004635525,2789.061005293508
424.3,0.00209341,2632.0669150328504
424.4,0.00026770416,8292.30063694025
424.5,0.059632547,2287.535050397252
424.6,0.014827265,2913.2070983657704
424.7,0.07509994,1830.740822571734
424.8,0.04736919,1503.320441609677
424.9,0.050605685,1482.065605352283
425.0,0.057371713,1619.902922267951
425.1,0.04076857,1642.530396736693
425.2,0.040472325,2286.968740689733
425.3,0.012816687,3215.1440357658826
425.4,0.03031207,2086.825314825529
425.5,0.04923463,1753.7744163872303
425.6,0.018063745,7570.120530392801
425.7,0.01674815,7032.075012746557
425.8,0.090474695,1779.7717507379043
425.9,0.066436775,2046.8854361274025
426.0,0.017932834,2259.189046853529
426.1,0.061173826,2005.1649936076606
426.2,0.033206917,2871.384238293529
426.3,0.00015736565,10494.54789844265
426.4,0.04401168,2467.397995801496
426.5,0.010909409,5030.932111059132
426.6,0.004889,3659.98713991696
426.7,0.020662935,2923.0698731219
426.8,0.05114529,2074.062179249614
426.9,0.026323663,2066.4659477516907
427.0,0.0023923246,5144.19463501716
427.1,0.014537983,2504.561759869781
427.2,0.003503291,5641.834186207415
427.3,0.01969415,3880.2955566801056
427.4,0.024013096,2270.2898175047803
427.5,0.0016662161,3168.0735227983505
427.6,0.021129347,2351.0982756332073
427.7,0.1034477,1490.703403907372
427.8,0.094994105,1579.495316896844
427.9,0.07253518,1685.5066246688261
428.0,0.06260699,1197.090204523983
428.1,0.058167454,2202.544278726791
428.2,0.05061616,1278.8454513428087
428.3,0.042388164,2385.5874998686254
428.4,0.02294857,2290.692763836872
428.5,0.0065584304,6876.746637738284
428.6,0.018418085,8205.383659064306
428.7,0.007143069,9875.251131929344
428.8,0.002861193,7584.429779967947
428.9,0.04005481,2077.0394863894226
429.0,0.035699766,2110.894051364645
429.1,0.051645596,2212.157982959804
429.2,0.058587722,2036.2460029803337
429.3,0.074193984,1970.2239642300055
429.4,0.099530816,1881.0587448117035
429.5,0.112701155,1784.5896261355151
429.6,0.08453935,1986.539346199409
429.7,0.03469005,1127.7384475462065
429.8,8.600156e-05,10160.722965706906
429.9,0.003977181,5935.821567115309
430.0,0.035559777,2287.3968919857944
430.1,0.050564878,2056.200384175417
430.2,0.014663171,2168.0734733462605
430.3,3.217048e-05,16094.3178731957
430.4,3.1907442e-05,15992.177002348892
430.5,3.288379e-05,16151.537474253902
430.6,3.182294e-05,15905.702711972266
430.7,3.1583455e-05,16072.254845295269
430.8,3.1405656e-05,15990.169245554906
430.9,0.09924089,1678.9346781973666
431.0,0.007960171,4561.703560446
431.1,0.015697591,7982.588137675522
431.2,0.021750057,3244.6609985684167
431.3,0.044452325,1582.3793679835312
431.4,0.038279872,1664.5434128459965
431.5,0.0005212624,6420.250674414216
431.6,0.007674717,7089.176124615262
431.7,0.12250951,812.7827422772502
431.8,0.10716496,1416.8197555752795
431.9,0.00028878712,8476.255616901079
432.0,0.021210678,7919.051545457675
432.1,0.04428596,2011.249527976469
432.2,0.03828476,2355.1131745398634
432.3,0.040149387,2706.211511345845
432.4,0.017148593,2588.426877932142
432.5,0.004994152,5224.279435435759
432.6,0.029130433,1335.043419996827
432.7,0.010196324,6405.560316775265
432.8,0.06015326,1605.6093749007523
432.9,0.060677506,1510.048694495648
433.0,0.052413184,1610.959176345295
433.1,0.013816635,1794.1507292159686
433.2,0.009511766,3891.7092570431323
433.3,0.024864998,2506.504000276128
433.4,0.045057505,1715.4354785996863
433.5,0.00044295628,7090.191374895132
433.6,6.790439e-05,11459.22383547459
433.7,0.016252842,2980.6661489867306
433.8,0.00708658,4422.801713488441
433.9,0.03017731,2157.8237122155497
434.0,0.0033773046,3050.256602058193
434.1,0.012588296,5331.15107550613
434.2,0.032496214,2637.4548525212213
434.3,0.037883617,2427.049103688281
434.4,0.020247284,3021.191985244438
434.5,0.08298276,1468.8683004881486
434.6,0.09514382,1488.9113397791814
434.7,0.076856904,1547.1793417691893
434.8,0.019557077,1759.2199587005775
434.9,0.0011462319,3111.904947411845
435.0,7.376988e-05,10993.73009038392
435.1,0.00013179074,9932.583341897667
435.2,3.0310792e-05,15900.353309653878
435.3,2.9373527e-05,15914.326676447537
435.4,3.234338e-05,15957.269998015545
435.5,3.1176332e-05,16139.051569972538
435.6,3.304595e-05,16113.446881368069
435.7,0.0005958983,5251.924958653313
435.8,0.10668033,1534.6495860608338
435.9,0.084379636,1815.8550739586458
436.0,0.04298218,1804.124434500937
436.1,0.05742367,1759.7310986336174
436.2,0.009387937,2778.983129675976
436.3,0.017707376,2349.6970327221425
436.4,0.076194875,1639.8685388016456
436.5,0.045357592,1127.1967302877144
436.6,0.026081918,1556.6480481462245
436.7,0.02053499,2680.623533504196
436.8,0.0002740739,8074.749004862866
436.9,4.2822794e-05,14584.765209273659
437.0,3.136728e-05,16085.21067886969
437.1,3.3038064e-05,16094.504501203939
437.2,3.201132e-05,16017.530155468263
437.3,3.306966e-05,16097.843152768884
437.4,3.1140855e-05,15924.321099797467
437.5,5.0605988e-05,12835.558463775214
437.6,0.0025449705,3427.031560771367
437.7,0.060064346,1379.3855514451207
437.8,0.06285582,1739.7728545701746
437.9,0.0439013,2003.474536101503
438.0,0.019490013,9046.53241771793
438.1,9.849294e-05,10512.466025512362
438.2,0.05052975,1401.652909121865
438.3,0.029290132,1670.6077817227147
438.4,0.019929228,8444.680910188245
438.5,0.034556,2230.9951221366327
438.6,0.03184587,2386.610522699805
438.7,0.008985508,2623.266666064433
438.8,0.00035308243,8756.748497040302
438.9,0.016651401,1860.720407299263
439.0,0.05117972,1514.4783306146371
439.1,0.06835898,1971.7477972001868
439.2,0.05894535,2391.247505605984
439.3,0.04651227,2209.9995910282078
439.4,0.018268878,7158.240955443463
439.5,0.000425499,8872.210734374967
439.6,0.015214487,2895.9566882805875
439.7,0.0015999275,3785.406900293939
439.8,0.016165689,2519.627679296708
439.9,0.02914074,2318.4254144404686
440.0,0.044670917,2334.8623645525704
440.1,0.020217272,2676.8421053919637
440.2,0.00515175,2307.768550991743
440.3,0.00012130864,9115.408864094374
440.4,0.0005072725,7406.975920603518
440.5,0.015612249,8152.587202796023
440.6,0.0030751978,9678.556974325094
440.7,7.613769e-05,11648.963825907396
440.8,0.020335367,2310.5853116364387
440.9,0.08080971,1577.6483125052316
441.0,0.08482648,1583.4416146481135
441.1,0.0768882,1817.0470559990065
441.2,0.077175,1861.4367660418814
441.3,0.099920824,1667.5722590064097
441.4,0.10115641,1786.3407170479552
441.5,0.07414092,1536.7755341999427
441.6,0.04560337,1005.9423448727966
441.7,9.131906e-05,9896.502091857079
441.8,0.008264717,5909.509662556348
441.9,0.022742864,2903.051110447585
442.0,0.018024217,2389.83988204257
442.1,0.0065511996,4362.791517840766
442.2,0.010198631,4234.697676403084
442.3,0.04457168,2125.8612217484033
442.4,0.05749539,1845.6648704159722
442.5,0.0023723391,4792.182643610462
442.6,0.03131061,1655.1701278000032
442.7,0.0001062028,9792.599790439199
442.8,0.022935802,2361.567935538941
442.9,0.021867866,1985.6129144274132
443.0,0.0034307535,2718.909256092638
443.1,0.0007306261,8840.897143557864
443.2,0.0075907614,2863.085976475779
443.3,0.055494357,2757.1365065287087
443.4,0.040809315,1681.6119520881293
443.5,0.009227867,5456.562738523355
443.6,0.03041395,2687.3369857130033
443.7,0.04059672,2179.8119377697417
443.8,0.025302816,3183.3898906033896
443.9,0.011092657,7831.964801550183
444.0,0.04983309,2231.4077152862233
444.1,0.043649796,2259.38095912197
444.2,0.018375915,2254.4344597463883
444.3,0.0030665211,2201.7728229527256
444.4,8.426265e-05,10243.703431337073
444.5,3.1854615e-05,16112.401909126078
444.6,3.1298616e-05,16148.776342411142
444.7,3.2801712e-05,16129.959993288943
444.8,0.00015451356,10376.23347881105
444.9,0.011710515,8393.37131258522
445.0,0.07522433,1999.7924675129577
445.1,0.06934359,1551.3695945106927
445.2,0.00768795,8722.569584149482
445.3,0.065363005,2143.985837622812
445.4,0.0631674,2043.649875537396
445.5,0.016772682,7934.073409013576
445.6,0.00241693,8221.279179218658
445.7,0.050268166,2292.9322790221077
445.8,0.042609762,1315.430970663117
445.9,0.03194082,2300.206519697009
446.0,0.0003159593,6861.957634696912
446.1,0.03457916,2437.632262486475
446.2,0.034178793,2344.218008597627
446.3,0.034352608,2734.64462060973
446.4,0.016431382,2797.741541585233
446.5,0.00019143645,8476.125963449713
446.6,7.9914505e-05,10070.307554941155
446.7,3.2717377e-05,16160.667466211906
446.8,3.3830594e-05,16336.722801446262
446.9,3.195922e-05,16010.498357824321
447.0,3.1337913e-05,16056.75708759053
447.1,3.2785985e-05,16081.160736548372
447.2,3.3259555e-05,16126.56133939464
447.3,3.1686806e-05,16183.401008955074
447.4,3.2344084e-05,16005.86751646421
447.5,3.2260446e-05,16016.241525808458
447.6,3.1963627e-05,16221.083202770924
447.7,2.9844143e-05,15957.600793730035
447.8,3.119177e-05,15982.842174673488
447.9,3.0956075e-05,15914.56999993095
448.0,3.370242e-05,16166.28289528655
448.1,3.2031436e-05,16167.748560526841
448.2,3.2259042e-05,16026.574747354916
448.3,3.0756186e-05,16101.231582719005
448.4,3.2717202e-05,16087.688095090323
448.5,3.311579e-05,16249.173847582604
448.6,3.3044962e-05,16144.553905379194
448.7,3.1659674e-05,16176.07944262642
448.8,3.172873e-05,16037.223786713508
448.9,3.2127133e-05,16057.12494390499
449.0,2.9720664e-05,15991.809908431616
449.1,3.0967713e-05,16066.395496814253
449.2,3.2958025e-05,16097.957610059251
449.3,0.017533857,4335.330543372602
449.4,0.015837884,5763.760787964697
449.5,0.022249658,8441.96304048664
449.6,9.6706e-05,8808.61085139583
449.7,0.011486302,7983.811925039996
449.8,0.04830906,2962.6588746628413
449.9,0.028984254,1952.0292527860809
450.0,0.06828499,1618.506693156208
450.1,0.008201544,5787.978031383971
450.2,0.014446979,9205.964109203831
450.3,0.014708348,8720.304989008975
450.4,0.016754434,3860.117129881521
450.5,0.03775434,2178.1814279919854
450.6,0.050977346,2229.0699735223734
450.7,0.05335799,2449.878026982584
450.8,0.07104173,2328.2991200280903
450.9,0.09096687,2212.470939520776
451.0,0.08947036,2210.9440714915713
451.1,0.040773556,2859.526032089777
451.2,9.0980284e-05,10503.493538381625
451.3,0.008478675,2880.4104598222525
451.4,0.0632179,2653.6498448555294
451.5,0.009034204,6340.687125816403
451.6,0.05474201,3418.4561272377737
451.7,0.00018720426,9292.796805992806
451.8,0.0027996376,8237.159868636669
451.9,0.081585824,1787.4073926736678
452.0,0.09281459,2055.720185841218
452.1,0.04298477,1482.8305991472525
452.2,0.041877273,2593.2831313971346
452.3,0.051461816,2109.134902551843
452.4,0.00092250487,5709.652047861525
452.5,0.009780717,3449.0945060798585
452.6,0.055437103,2061.670245970463
452.7,0.06292174,1748.3491851363774
452.8,0.06130115,1858.4219046924418
452.9,0.000362756,8367.744242072338
453.0,0.018333972,3239.535024683969
453.1,0.060264006,2010.2661650700657
453.2,0.025037833,1440.2883845047468
453.3,0.013451489,3195.3891178290637
453.4,0.050185967,1790.5619713233466
453.5,0.000103118495,10181.116219843887
453.6,0.048046242,1797.6380104734988
453.7,0.022032985,2345.5276046650833
453.8,0.00095768686,5538.925371655649
453.9,7.782754e-05,10729.985329870688
454.0,4.3726162e-05,13171.891007748469
454.1,3.2909018e-05,16181.090262297155
454.2,3.2937678e-05,16033.093747326999
454.3,3.118995e-05,15995.829938101126
454.4,3.1774583e-05,16194.005381795905
454.5,3.3505363e-05,16223.48631176339
454.6,3.0191199e-05,16073.501991667114
454.7,3.323826e-05,16143.470265563337
454.8,3.0626503e-05,15949.899810387958
454.9,3.4237855e-05,16072.539363247071
455.0,3.2414737e-05,15997.690928892907
455.1,3.2610773e-05,16050.104282351944
455.2,3.2339998e-05,16031.575341336475
455.3,3.2293516e-05,15994.188103206403
455.4,3.354711e-05,16179.167059299973
455.5,3.3905515e-05,16268.600680678075
455.6,3.3257325e-05,16132.454354147347
455.7,3.337981e-05,16147.306797930234
455.8,3.290912e-05,16152.535075726437
455.9,3.3479704e-05,16165.614420873268
456.0,3.300624e-05,16237.961350482225
456.1,3.394109e-05,16149.879703604196
456.2,0.003136188,2949.6245965738062
456.3,0.09506939,1747.5538655201283
456.4,0.043830063,1900.6001493623498
456.5,0.011803175,3957.163492074494
456.6,0.048436087,1990.443919060957
456.7,0.014712103,7263.831882978602
456.8,0.060587555,2178.9182405673246
456.9,0.068005025,1875.756993764533
457.0,0.0607813,2049.325433635272
457.1,0.0020080311,4172.161003225916
457.2,0.022783704,1811.4179628546813
457.3,0.019349461,3078.7429464136303
457.4,0.003180897,4454.042723711344
457.5,0.002432609,9195.96056378195
457.6,0.008901713,5193.106072158609
457.7,0.04784732,2278.3049999591863
457.8,0.0016070082,6402.009161829053
457.9,0.05423416,2045.439701945277
458.0,0.059253145,2275.623588145714
458.1,0.04654573,2169.7980867287083
458.2,0.042799868,1524.3265692778489
458.3,0.040938895,1813.6979322454822
458.4,0.008571508,3096.1521874596847
458.5,0.056824435,2150.4163531814897
458.6,0.074520536,1876.5957551625738
458.7,0.0011286694,3841.892454436188
458.8,3.3120166e-05,16165.619894585363
458.9,3.3371878e-05,16171.776655712549
459.0,0.0011222998,3071.5561827331394
459.1,0.05552869,2006.9512918672108
459.2,0.08182358,2043.7461485434762
459.3,0.024158038,7952.590860902563
459.4,0.021339806,8107.584069678358
459.5,0.05901551,2311.287517530594
459.6,0.06309327,1170.0032040639508
459.7,0.031803828,2205.2342770835708
459.8,0.008822451,3684.8802347347682
459.9,0.015950685,2716.285411010591
460.0,0.06339118,2368.3598245972807
460.1,0.042498767,2361.081458527417
460.2,0.00020664412,6390.543002528612
460.3,0.039548587,1698.9946195625582
460.4,0.0351762,1556.223700435487
460.5,0.057227865,2181.208201213147
460.6,0.00038426902,7553.723450203625
460.7,7.8831756e-05,11328.826304121018
460.8,0.010047754,3119.2130388374367
460.9,0.01649471,2988.171359869315
461.0,0.02436871,2719.468545583983
461.1,0.016109822,3091.9739956897247
461.2,0.0018778325,2821.934468539306
461.3,6.3224885e-05,11370.688493756086
461.4,3.125386e-05,16110.89610752847
461.5,0.00040212044,8083.301986085875
461.6,0.035863467,3570.291374111047
461.7,0.08679556,1951.3114955953986
461.8,0.07049817,2247.0620641084097
461.9,0.033801127,2083.0276448644395
462.0,9.7426375e-05,10085.273330260372
462.1,0.040985238,1354.9539274681074
462.2,0.055301506,1243.3727633441208
462.3,0.049128227,2176.4561010974194
462.4,0.016220452,9031.709554535544
462.5,0.035648372,2898.9866744149663
462.6,0.00018001707,9182.839295175858
462.7,0.032911424,1875.6076069844685
462.8,0.044448294,2268.780921231614
462.9,0.041221246,2020.5143813310074
463.0,0.031310394,1291.417657586057
463.1,0.03243064,2172.2973908488375
463.2,0.019887943,2573.0508508898
463.3,0.012093161,7695.092636203443
463.4,0.01614524,8620.051273758785
463.5,0.04551932,1960.7814386221858
463.6,0.08859061,1968.7591392433887
463.7,0.044627573,2646.4348701310782
463.8,0.0006233691,11614.069086870519
463.9,0.074669324,1895.5322351392524
464.0,0.07540307,1340.6049422313602
464.1,0.072112046,2337.2388521637354
464.2,0.08016,2723.3957899781035
464.3,0.015469184,5672.559734516637
464.4,0.03523051,2877.41934900486
464.5,0.05423345,2377.42931214861
464.6,0.038745016,2363.1635318230765
464.7,0.0001561773,9698.821820315858
464.8,0.041732147,1498.6462447924823
464.9,0.040442057,2283.1099529560342
465.0,0.053561065,1711.67078757341
465.1,0.08626742,1503.5120891506124
465.2,0.087801814,1610.539190965778
465.3,0.03146428,1253.3365257954727
465.4,0.02421711,2204.4937246611994
465.5,0.00030415252,7764.720677380477
465.6,0.0068404954,5011.988655963727
465.7,0.04260858,932.1577046072309
465.8,0.060257383,1596.0551167721028
465.9,0.0003034146,9016.942224968727
466.0,0.015448834,2776.458173450703
466.1,0.05654984,2199.762083890123
466.2,0.06094805,1923.2346924003475
466.3,0.007709144,8950.984925355884
466.4,0.03531169,2417.868075912793
466.5,0.023944303,2440.749851018458
466.6,0.0016880624,2980.1587014548504
466.7,7.719002e-05,10672.705743992276
466.8,3.9477174e-05,15463.817340630934
466.9,3.3699762e-05,16094.76201079105
467.0,3.4176745e-05,16270.883775636039
467.1,3.2581996e-05,16178.63946447843
467.2,3.0132896e-05,16137.414274130502
467.3,3.1546882e-05,16088.447040600642
467.4,3.3110882e-05,16191.397858323358
467.5,3.173492e-05,16074.840739559473
467.6,3.1040425e-05,16024.142010189453
467.7,3.1639207e-05,16004.567068520519
467.8,3.3354165e-05,16111.712294549907
467.9,3.227491e-05,16051.015987699118
468.0,3.0122375e-05,15832.973487520861
468.1,3.412515e-05,16306.078506565256
468.2,3.0882842e-05,16101.30677418974
468.3,3.0782903e-05,15917.924142816235
468.4,3.1379674e-05,16036.509719383472
468.5,3.308538e-05,16080.291133259017
468.6,3.309397e-05,16047.537871374134
468.7,3.095425e-05,16055.837630533799
468.8,3.223569e-05,16109.090684208524
468.9,3.138824e-05,16149.407136861653
469.0,3.1615287e-05,16114.825217468338
469.1,0.00022724198,9395.925264349022
469.2,0.055021096,1700.6920879299864
469.3,0.00051408564,8365.014727424215
469.4,0.085402995,1736.393040205362
469.5,0.020566437,7899.837158415174
469.6,0.014907874,9060.295989687522
469.7,0.021189941,2617.836454599826
469.8,0.006723694,5667.368027594122
469.9,0.013742361,7897.950733735472
470.0,0.0064808642,4789.29827131605
470.1,0.0004901485,7674.222398797703
470.2,0.08305604,1715.7579758821685
470.3,0.063614525,1969.2661705680932
470.4,0.019632023,2257.3430158620854
470.5,3.3320757e-05,16071.192468385401
470.6,3.198481e-05,16197.861918779763
470.7,3.1984833e-05,16097.86443656436
470.8,2.9591512e-05,15914.133739405825
470.9,3.217225e-05,16104.89174565054
471.0,3.18784e-05,16009.539397931008
471.1,3.3173852e-05,16247.19688551556
471.2,3.2932778e-05,16135.326409671181
471.3,3.180313e-05,15914.066147300126
471.4,3.8841186e-05,15747.391969240307
471.5,8.8297296e-05,13291.318227213957
471.6,0.050679773,2932.478342171663
471.7,0.06613634,2530.067911823525
471.8,0.07687802,2151.613867047005
471.9,0.053172722,1957.8679741185456
472.0,0.013613236,2774.196469780037
472.1,0.012762992,4188.4555536098105
472.2,0.13807765,1829.205037320836
472.3,0.0760092,2017.4167082826461
472.4,0.012680797,2286.7823431425845
472.5,9.5778654e-05,10592.5948804996
472.6,6.3201696e-05,12764.741948146842
472.7,3.1546457e-05,15998.146017829527
472.8,3.1960994e-05,16108.905044301742
472.9,5.8840284e-05,13640.041339810621
473.0,0.053772,2558.9025313634693
473.1,0.037688807,2952.7630291303176
473.2,0.026015952,3085.3676868837824
473.3,0.00012530247,9987.854795446852
473.4,7.714419e-05,11018.661078344749
473.5,0.05140839,1860.664987123137
473.6,0.04387637,1595.4088247061368
473.7,0.057375196,2148.5318462373602
473.8,0.053823825,2216.885983082801
473.9,0.0029863182,3164.130315979171
474.0,3.1218726e-05,15862.693969896052
474.1,3.3765053e-05,16124.968091519526
474.2,5.358113e-05,11943.559700312271
474.3,0.033391673,2167.2142222601888
474.4,0.03919166,1160.5575223761848
474.5,0.048799787,1669.1921518369782
474.6,0.0077179438,6253.3278569640825
474.7,0.034399383,2402.611481008409
474.8,0.07183945,1789.9419048676773
474.9,0.0006231595,6135.647131201307
475.0,0.07730727,1386.3896886909513
475.1,0.040396042,1555.0301669878395
475.2,0.05309056,1357.8775297223197
475.3,0.010566348,8024.3310315826675
475.4,0.00079391577,9367.369334666999
475.5,0.038645722,2384.420271889275
475.6,0.016688185,2761.4300396494123
475.7,0.02063232,2819.686132124163
475.8,0.062399823,2990.2339308323058
475.9,0.0004026264,8722.40922956695
476.0,0.0510113,1803.4465552268593
476.1,0.0164438,3917.404679862775
476.2,0.028877981,2132.6505311531655
476.3,0.00643322,2531.233414070649
476.4,0.016603908,3023.102034573959
476.5,0.024559958,3089.7033199014077
476.6,0.007964839,3141.3385033282802
476.7,0.00023765286,8970.673411239091
476.8,3.087013e-05,16071.946134233523
476.9,3.417778e-05,16140.982704223881
477.0,3.1379095e-05,16145.159205782516
477.1,3.318237e-05,16129.152154496562
477.2,3.1758987e-05,16049.694013741168
477.3,3.2759384e-05,16152.941108547186
477.4,3.418786e-05,16198.62443718298
477.5,3.309466e-05,16024.457241704027
477.6,3.124209e-05,16005.38262743695
477.7,3.217669e-05,16084.701488666742
477.8,3.2001113e-05,16178.326682000403
477.9,3.2534386e-05,16081.689851587065
478.0,3.2759595e-05,16042.047882147543
478.1,3.293336e-05,16009.371780922844
478.2,3.152749e-05,16329.738530098111
478.3,3.1199346e-05,16088.025853625286
478.4,3.308493e-05,16146.484020391283
478.5,3.213729e-05,16204.806832983983
478.6,3.194397e-05,16201.280605751019
478.7,3.052953e-05,16029.662993897622
478.8,3.1516203e-05,16051.514543663749
478.9,3.06482e-05,15856.397665943021
479.0,3.380798e-05,16172.883894065215
479.1,3.328329e-05,16036.453330521112
479.2,3.228168e-05,16115.526189832368
479.3,3.227249e-05,16050.120525095857
479.4,3.1437492e-05,16068.291585803532
479.5,0.00011034487,11283.800883328406
479.6,0.09860612,1741.6612100276104
479.7,0.045019154,1498.232918770708
479.8,9.2299306e-05,9513.422265210684
479.9,0.015778914,7188.756572093901
480.0,0.0014264063,6036.899143006072
480.1,0.03435973,2039.0071663584877
480.2,0.01439941,5598.855380178801
480.3,0.050883338,2043.443208372897
480.4,0.05487465,2468.0167539816507
480.5,0.014324275,2793.523154261515
480.6,0.012097469,3832.8023770983605
480.7,0.06858969,2250.9581812106935
480.8,0.035434753,2410.7193714549485
480.9,0.0069396035,3111.020026534925
481.0,0.00015360142,7410.635464451761
481.1,0.0932204,1637.1901729377987
481.2,0.087897696,2126.3528103846506
481.3,0.0014581335,5601.949244372296
481.4,0.060539927,1178.505767230212
481.5,0.001140732,7681.366761335099
481.6,0.1341291,1698.919307449539
481.7,0.007771318,4372.630287409773
481.8,0.055831503,2234.6561574100933
481.9,0.057956345,1770.4684041323974
482.0,0.016480224,2942.7069004534687
482.1,0.03032303,2760.3445549324515
482.2,0.049164277,2221.754940616118
482.3,0.021862488,2815.551549083529
482.4,0.03159271,1382.1027961125224
482.5,0.036707625,2855.4885560394036
482.6,0.030920224,2855.3627544924966
482.7,0.0073056435,3209.0342552777734
482.8,0.00028559484,7888.8032274252055
482.9,6.984963e-05,11749.689576491055
483.0,3.2287066e-05,16071.415990036598
483.1,3.193393e-05,16127.44009403208
483.2,3.0814106e-05,15946.866940813059
483.3,3.2759723e-05,16130.712360192629
483.4,3.127681e-05,15935.087203642837
483.5,3.0819872e-05,16113.009904856593
483.6,3.383209e-05,16163.730584527902
483.7,3.2314758e-05,16186.837904735221
483.8,3.168092e-05,15935.480378504466
483.9,3.0469619e-05,16055.48433692317
484.0,3.2495467e-05,16090.243248793684
484.1,3.155766e-05,16061.563494153675
484.2,3.1989126e-05,16059.295191530526
484.3,3.1939406e-05,15916.24829089228
484.4,3.2092838e-05,16100.137098571575
484.5,3.0123825e-05,16113.923330170652
484.6,3.5944056e-05,16332.427397713778
484.7,3.163236e-05,15915.07150288357
484.8,0.00025284564,8841.7587782389
484.9,0.009947867,8566.14571343488
485.0,0.01910948,6415.783356681377
485.1,0.08067444,2238.5230261001543
485.2,0.04900002,2040.9248926097662
485.3,0.0046906834,1994.2111234874176
485.4,0.0002483267,7448.8596356874505
485.5,7.997616e-05,10515.058133949711
485.6,3.084816e-05,16038.195972151541
485.7,3.171615e-05,16111.69913280975
485.8,2.9769793e-05,15808.462250850223
485.9,3.2458156e-05,16153.363741428335
486.0,3.369233e-05,16181.463946947972
486.1,3.172145e-05,16093.701178855868
486.2,3.170859e-05,16185.166952980397
486.3,3.1616248e-05,15955.098733958113
486.4,3.2565764e-05,16060.372251282837
486.5,3.274236e-05,16189.666757872401
486.6,3.1760464e-05,16072.988235494005
486.7,5.7552792e-05,13448.11069027652
486.8,0.095635355,1328.2817813997765
486.9,0.08538628,2288.208277148133
487.0,0.057141375,1890.885991215535
487.1,0.015546463,2670.3375913423447
487.2,0.0009625367,3469.41817723282
487.3,6.715411e-05,11127.298856920645
487.4,3.070733e-05,15812.170352941605
487.5,3.2149703e-05,16113.415857072132
487.6,3.186664e-05,16149.394061003473
487.7,3.318864e-05,16179.519732281195
487.8,3.22822e-05,16057.361132770704
487.9,3.2564483e-05,16265.59375564441
488.0,3.0252493e-05,15857.694713592446
488.1,3.1516385e-05,16097.738225830504
488.2,3.2071257e-05,15998.886387243936
488.3,3.0949534e-05,16073.622248059812
488.4,3.1046427e-05,15978.485415839
488.5,0.006032212,6553.151061691859
488.6,0.03623134,2197.6667539144332
488.7,9.121475e-05,9795.221202467575
488.8,0.0124965245,7675.793698493624
488.9,0.04246596,2667.7307697847286
489.0,0.009173885,3416.4233702643946
489.1,0.00012965497,9233.405682044493
489.2,3.11545e-05,16206.021103330573
489.3,3.1669664e-05,16120.00972190654
489.4,3.2768126e-05,16218.678316027175
489.5,2.9918803e-05,15897.782148850409
489.6,3.3345837e-05,16120.925726890067
489.7,3.117948e-05,16142.07097099874
489.8,3.134093e-05,15978.758002021448
489.9,3.223642e-05,15858.475669631947
490.0,3.3905733e-05,16197.573953667821
490.1,3.2889642e-05,16182.719035460197
490.2,3.1894633e-05,16130.689131240091
490.3,0.0028978856,5299.302807135713
490.4,0.045471605,2358.4895586773664
490.5,0.060457066,2699.025725377946
490.6,0.07727828,2229.9902771151214
490.7,0.09793689,2244.4932272431442
490.8,0.012887861,2204.9586763474595
490.9,8.3874314e-05,9996.71303553299
491.0,2.9958848e-05,16089.824106071255
491.1,3.204866e-05,16167.661618512255
491.2,3.106641e-05,16090.323715644168
491.3,3.3394852e-05,16164.08967188345
491.4,3.229307e-05,16136.749117523212
491.5,3.1776763e-05,15973.870990827612
491.6,3.2438056e-05,16137.645860894001
491.7,3.116268e-05,15755.10006022918
491.8,3.1177897e-05,16137.298072577305
491.9,3.6662157e-05,16113.078451925569
492.0,0.00084972713,2607.5478893693376
492.1,0.023350643,3020.3539906188853
492.2,0.022236668,3050.9541065591175
492.3,0.015462801,2740.803353847237
492.4,0.00966972,2386.267451410442
492.5,0.0054391013,2193.7310648490197
492.6,0.0015075054,2375.715093287784
492.7,0.00041211944,3996.7078870622286
492.8,9.661565e-05,8784.448308516383
492.9,3.1664786e-05,15990.144002191777
493.0,2.9601464e-05,15838.726266237161
493.1,0.00053015543,6578.289181541015
493.2,0.0775885,2569.076910779497
493.3,0.074853435,2714.34385745353
493.4,0.039537054,2818.366766757026
493.5,0.01409393,3884.0756001935283
493.6,0.04581441,2902.256917600547
493.7,0.07811211,2408.321095679265
493.8,0.049952026,2522.5061687788875
493.9,0.011567124,2473.47826369485
494.0,0.00019142746,8758.21014167025
494.1,6.672655e-05,12849.525546306037
494.2,6.1423234e-05,12884.245756177928
494.3,0.020231398,2429.0233812573274
494.4,0.032184605,1856.3952993927046
494.5,0.01083691,8204.788399098194
494.6,0.00856195,8520.055463809635
494.7,0.010527831,3429.3175483392156
494.8,0.023405127,2496.3587824784345
494.9,0.041750208,2695.6583835076767
495.0,0.02405426,2700.6117684599094
495.1,0.020421771,4358.740853785755
495.2,0.00030792758,8382.081214780526
495.3,0.018819652,4613.275006217836
495.4,0.117991455,1854.5265858435255
495.5,0.18978195,1822.9539273646678
495.6,0.10338507,1972.233325854943
495.7,0.11203055,1829.1635981967713
495.8,0.10604998,1763.1377386973431
495.9,0.08585309,2063.0427609965486
496.0,0.06747729,1983.9734269068001
496.1,0.004181066,5396.573070348155
496.2,0.00010157542,9559.984752987028
496.3,0.035235684,1825.3268360853385
496.4,0.037405193,1631.594345114372
496.5,0.028324978,1544.9910043140364
496.6,0.055422332,1921.4827798894746
496.7,0.0057754875,5118.920755552002
496.8,0.02042908,8692.370253430267
496.9,0.01003635,3596.932765313745
497.0,0.035914164,2525.7840072286313
497.1,0.02489434,2491.404833621103
497.2,0.0052149724,2507.126983642449
497.3,0.024930686,2780.4619323713714
497.4,0.10531996,1852.5676606689767
497.5,0.00018445698,9208.359295580323
497.6,0.000101658356,10880.580129265792
497.7,0.090794936,2113.1953910590296
497.8,0.124497704,885.4668576903
497.9,0.092889,1594.0138763931438
498.0,0.1292508,2098.3980073111934
498.1,0.00012824248,9953.027650452146
498.2,0.000120195255,11779.306733562542
498.3,0.07476663,1849.172417738494
498.4,0.04371484,1651.7219342001492
498.5,0.037444703,1766.488589795859
498.6,0.00012723973,9039.486328633237
498.7,0.016422372,7754.623890280534
498.8,9.22695e-05,10399.095380679988
498.9,0.019095395,2957.4525759371136
499.0,0.028325006,3152.2139311972373
499.1,0.01744342,4055.4765610195627
499.2,0.13846663,972.458783969108
499.3,0.060569152,2043.473070924757
499.4,0.0046328884,4266.357974945449
499.5,0.0365498,3648.1822169217744
499.6,0.044692706,2401.8648918297577
499.7,0.038280033,2545.5747206771894
499.8,0.053966712,3176.2485558013586
499.9,0.041368056,2239.1129642980563
500.0,0.02444394,8784.22919431829
500.1,0.03479943,2314.433231338044
500.2,0.013452115,4443.145149721904
500.3,0.08479256,2110.9020855462577
500.4,0.0598542,2409.2092072742603
500.5,0.056629606,1164.720723271142
500.6,0.030494127,2159.2187911309516
500.7,0.008325495,7698.340725653936
500.8,0.011773571,8547.125906529292
500.9,0.008555793,7406.216476213814
501.0,0.05901659,2178.8575397584705
501.1,0.06982996,2176.2164029579035
501.2,0.0741024,1848.1090143954011
501.3,0.08303835,2031.6030963925634
501.4,0.09740053,2079.6436790735743
501.5,0.105471455,2217.402177886808
501.6,0.00019797166,8343.06345965928
501.7,0.034672756,4279.213348589807
501.8,0.06610595,2000.8493316518036
501.9,0.008232413,5499.61359016412
502.0,0.042568482,2589.4724436864103
502.1,0.00013085599,9243.060851732416
502.2,0.061405312,1588.5346565988111
502.3,0.06140135,1752.2831546738607
502.4,0.091866516,2163.4150181173095
502.5,0.11857646,1912.8384546166526
502.6,0.053357624,6231.044408568552
502.7,0.029503584,2558.422168324962
502.8,0.037365843,3927.638921783252
502.9,0.05383369,2257.1109252460765
503.0,0.031567305,2128.8976270542958
503.1,0.064963534,1980.0913640770168
503.2,0.015366931,8837.897581460402
503.3,0.028209459,9700.516073744597
503.4,0.015450406,6752.309829981505
503.5,0.0726685,2183.5227746566015
503.6,0.077187434,2217.627269983638
503.7,0.08243953,2216.891101587529
503.8,0.07482438,2181.0338334693975
503.9,0.035044964,2452.0219066301934
504.0,0.0001776137,9040.609372315597
504.1,9.990027e-05,10459.435800706542
504.2,0.06847971,1630.555454698922
504.3,0.07001883,1533.392038038522
504.4,0.051206715,1630.0994869518718
504.5,0.01952183,7951.874983953381
504.6,0.00014808748,9300.545703705162
504.7,0.053562667,2075.489451341549
504.8,0.02929914,2660.8566649130344
504.9,0.0016042127,5990.340919649335
505.0,0.013866844,3355.1055081121094
505.1,0.02511052,2084.6790881985858
505.2,0.0026110185,2729.9655023757646
505.3,6.694814e-05,10438.53609176548
505.4,3.52408e-05,16308.288545874502
505.5,3.2754928e-05,16129.002387912231
505.6,3.130169e-05,15960.69292479297
505.7,0.02933045,2878.987929799482
505.8,0.0057188063,4780.210009628303
505.9,0.010399092,7058.284010814934
506.0,0.013994539,4643.554677811485
506.1,0.012256484,5499.731949064624
506.2,0.06143523,1903.8898864633584
506.3,0.009765157,2242.3406482810537
506.4,9.387372e-05,9930.093318062913
506.5,3.339092e-05,16118.564697526177
506.6,3.208143e-05,16310.3123737741
506.7,3.543265e-05,15513.183847038204
506.8,0.08988635,1721.5801686465788
506.9,0.003934577,6950.618249858766
507.0,0.017277502,7635.227764678082
507.1,0.024328409,2832.6867865961476
507.2,0.03356832,2222.541034405257
507.3,0.02158257,2217.198416121694
507.4,0.0011412422,3394.6166172102503
507.5,0.0001859853,7729.0899986432005
507.6,0.05100794,3063.4155387393125
507.7,0.11016313,1894.2926168330062
507.8,0.10297244,2214.442736017756
507.9,0.062480938,1248.671578392364
508.0,0.092503056,1969.395311322934
508.1,0.08883381,1425.4714960970741
508.2,0.035537258,1528.3770461856002
508.3,0.03650419,2609.2967480478196
508.4,8.392683e-05,10361.172827727934
508.5,0.017438633,7592.595216719278
508.6,0.031937018,2425.353597069524
508.7,0.045123238,2065.0792379008067
508.8,0.012278099,2111.9668089994348
508.9,0.061839994,2021.0768984951337
509.0,0.064046726,1754.2476077221268
509.1,0.06044721,2213.4792661235406
509.2,0.0001769749,9432.418337954286
509.3,0.06836061,1871.0444589337878
509.4,0.06388648,1253.2121064835917
509.5,0.06393729,2265.5044726754386
509.6,0.060012545,2241.532646319886
509.7,0.07117865,2192.671340509495
509.8,0.00032805337,7832.571076241491
509.9,0.024511427,3861.569477106613
510.0,0.01243775,4575.344531052071
510.1,0.021830041,3768.8493913200305
510.2,0.039290346,2287.6587834009415
510.3,0.013306751,2656.2527375705054
510.4,0.07903076,2163.1228917553967
510.5,0.073607065,2079.8345032388
510.6,0.05231726,1990.0810116498703
510.7,0.045293882,2516.2240220744056
510.8,0.0052969297,4921.305125181338
510.9,0.021475434,2430.971238282854
511.0,0.06307348,2343.183148332573
511.1,0.014291019,2201.040756025033
511.2,0.02383806,2750.250653718967
511.3,0.030321596,2700.704529907999
511.4,0.105567686,1982.1464939454315
511.5,0.09728971,1515.1940953369963
511.6,0.0728449,2591.5866562468254
511.7,0.024153061,3526.9868750021787
511.8,0.10564128,2143.310397853552
511.9,0.058403622,2084.8889669760297
512.0,0.00043830412,8031.476906639201
512.1,3.273391e-05,16106.148468955924
512.2,3.2198866e-05,16117.53094982409
512.3,3.1081407e-05,16016.054085768117
512.4,3.236923e-05,16244.0168624423
512.5,6.8543115e-05,12980.418452171189
512.6,0.071395494,2645.949418993733
512.7,0.18465282,1834.5577647415512
512.8,0.13442622,2059.9855222226606
512.9,0.069098234,1744.3953814873007
513.0,0.0003012658,7981.03595493488
513.1,0.11416975,1450.094268824039
513.2,0.12995611,1467.0826168073863
513.3,0.13117787,1755.0784016941886
513.4,0.11927465,1322.8902980284838
513.5,0.08340542,1978.3491344887982
513.6,0.10192694,1792.6803054343156
513.7,0.07700555,2170.4642112583424
513.8,0.029219788,2598.4557962262015
513.9,0.0019790528,3074.668204061494
514.0,8.104373e-05,10323.616993116933
514.1,2.9839592e-05,15936.947408996022
514.2,0.00019804672,8634.097911198609
514.3,0.06328753,1687.676110044103
514.4,0.00015308686,9790.936659249965
514.5,0.1071248,1643.2167485469529
514.6,0.037090022,2210.8536787147373
514.7,0.021592665,2149.2358329630274
514.8,9.906917e-05,9585.760074707841
514.9,0.009552116,5122.725244581259
515.0,0.14280528,945.1160398376785
515.1,0.06810869,1336.8184137855812
515.2,0.00011290938,9599.595034923026
515.3,0.021858161,7230.781427140656
515.4,0.072247215,1943.6468669120475
515.5,0.069444746,1393.2592369842996
515.6,0.00014341447,10451.545150508944
515.7,0.05187011,1397.904587549904
515.8,0.076053776,873.4718111283544
515.9,0.06569161,1652.7388661404884
516.0,0.018096298,6393.137687646966
516.1,0.028741157,2641.706205655562
516.2,0.06555223,1254.2950058048846
516.3,0.09332353,1439.917352657446
516.4,0.0015200719,6649.919482175632
516.5,0.03559363,7967.637319064979
516.6,0.024882173,3628.5019567306804
516.7,0.034143645,2084.037653155037
516.8,0.035142884,1505.7084962427837
516.9,0.021128248,3471.946213522365
517.0,0.06317418,1783.0000861572519
517.1,0.031323258,2276.4292061873907
517.2,0.05007283,1408.6720468474582
517.3,0.037784837,3505.5434547863115
517.4,0.0068191434,5727.795520927421
517.5,0.028355379,7631.850128846926
517.6,0.015007204,3510.4201363296024
517.7,0.04524657,1961.4126827252442
517.8,0.03084658,2461.622717148998
517.9,0.0015778217,3282.5919025184594
518.0,7.830279e-05,10228.286606622762
518.1,3.0005194e-05,15951.169156461776
518.2,3.126565e-05,16012.311177094656
518.3,3.1199135e-05,16082.065115963396
518.4,3.334356e-05,16108.216945288272
518.5,3.267954e-05,16024.785851161312
518.6,2.9178469e-05,15920.061290369877
518.7,3.193032e-05,15951.342421491572
518.8,3.428606e-05,16249.830714821597
518.9,3.0548086e-05,16008.33598689485
519.0,3.0348632e-05,15955.515503632478
519.1,3.1913296e-05,16165.23326198086
519.2,3.1630916e-05,16158.696509916132
519.3,3.322666e-05,16223.460317980836
519.4,3.1189076e-05,15840.706528801458
519.5,3.096268e-05,15924.667974362206
519.6,3.2264168e-05,15923.559004268256
519.7,3.0362922e-05,15914.397926157582
519.8,3.2318814e-05,16138.954904636183
519.9,3.2043223e-05,16032.83459699412
520.0,3.3116652e-05,15931.406908173662
520.1,3.1066666e-05,16036.981234566409
520.2,3.25278e-05,16097.646207680173
520.3,3.131358e-05,16117.798641199961
520.4,3.318497e-05,16065.793361054548
520.5,3.272916e-05,16059.529790266883
520.6,3.3091514e-05,15962.081693497192
520.7,3.186067e-05,16023.921869366688
520.8,3.0662584e-05,15927.660961256148
520.9,2.889193e-05,15939.184699549363
521.0,3.2421107e-05,16046.39073784326
521.1,3.2302476e-05,16208.649805241277
521.2,3.2524335e-05,16139.733553064088
521.3,3.281537e-05,16040.542091228297
521.4,3.437559e-05,16003.930889660878
521.5,3.341392e-05,16179.304260900979
521.6,3.2105992e-05,16269.78941118686
521.7,3.2791682e-05,16091.001562190952
521.8,3.047394e-05,16063.002381197286
521.9,2.9353992e-05,15905.304947952438
522.0,3.3071912e-05,16263.69329871055
522.1,3.1082927e-05,16043.758017988792
522.2,3.0972224e-05,16040.99949480632
522.3,3.2212614e-05,16176.446503871959
522.4,3.295043e-05,15970.480772908664
522.5,3.0638785e-05,15943.709261301772
522.6,3.238075e-05,15942.520118672022
522.7,3.1110125e-05,16102.306332720638
522.8,3.449546e-05,16152.489100695217
522.9,3.33918e-05,16213.193438800903
523.0,3.2657605e-05,16214.094004829587
523.1,2.9611769e-05,15916.599680808904
523.2,3.0835818e-05,15929.73936748503
523.3,3.204488e-05,16344.518766392963
523.4,3.4073084e-05,16303.18027601969
523.5,3.1030948e-05,16014.800886405215
523.6,3.3483815e-05,16301.261757955936
523.7,3.1297233e-05,16177.977877244733
523.8,3.2985074e-05,16136.891991626104
523.9,3.3542106e-05,16237.356909160013
524.0,3.0763378e-05,15844.181738933377
524.1,3.1757536e-05,16148.874096037754
524.2,3.177988e-05,16050.830370288808
524.3,3.1609772e-05,15888.70998904797
524.4,3.1297626e-05,15938.983564394499
524.5,3.183357e-05,15963.438785439348
524.6,3.1743817e-05,16127.009315403688
524.7,3.328558e-05,16253.176719246676
524.8,3.1195992e-05,16094.239302019296
524.9,3.282454e-05,16129.179736809301
525.0,3.240632e-05,15796.227754017724
525.1,3.2592536e-05,16155.94467455286
525.2,3.3369124e-05,16354.997686554925
525.3,3.1777574e-05,16093.678707586198
525.4,3.136372e-05,16081.614363068222
525.5,3.2425884e-05,16017.30271682265
525.6,3.2737513e-05,16072.653864942407
525.7,3.4425764e-05,16188.425478999605
525.8,3.0813513e-05,15945.746388522546
525.9,3.097694e-05,16147.688036987436
526.0,3.586862e-05,16293.062915316239
526.1,0.00014414616,13512.507281135975
526.2,0.0011118384,4748.716528986752
526.3,0.009117964,7913.300254687777
526.4,0.04591392,2199.718515388936
526.5,0.09166379,1541.73811875555
526.6,0.093048625,1929.3096752415622
526.7,0.0311697,2237.982917775204
526.8,0.004098747,2423.002789880289
526.9,9.086879e-05,9269.134739650754
527.0,3.3194225e-05,16164.115805146987
527.1,3.3661432e-05,16196.865359572641
527.2,3.3512228e-05,16065.323002814834
527.3,0.0067998096,2639.256842144182
527.4,0.03948246,1617.2902428833997
527.5,0.029486375,1620.3784521836105
527.6,0.008675181,3303.142591885491
527.7,0.06089703,1551.3342292526177
527.8,0.052816313,2040.6947141608048
527.9,0.037464727,1910.5024574759407
528.0,0.0195436,2516.8255699912506
528.1,0.052071285,1806.3067841378893
528.2,0.045822304,2276.6673384327514
528.3,0.073132716,2267.6353859384135
528.4,0.0111388825,2542.2311305372714
528.5,0.00074800546,3590.742846404004
528.6,0.00038384856,5733.16301921426
528.7,8.46238e-05,11589.206707483474
528.8,3.184967e-05,16146.869929505861
528.9,3.159409e-05,15984.799650343557
529.0,3.2443226e-05,16116.19707012833
529.1,6.759168e-05,12454.497340910719
529.2,0.014094244,2215.0463678878637
529.3,0.08640727,1418.0957665379856
529.4,0.032372773,1665.6694599923962
529.5,7.899415e-05,10474.831694725175
529.6,6.052328e-05,12941.28556793656
529.7,0.025262836,1777.0407651503533
529.8,0.031922717,1100.2176333138482
529.9,0.025896952,912.8995934558138
530.0,0.050002992,1288.5412025223454
530.1,0.02593531,1318.6445019144135
530.2,8.357673e-05,10380.23173238266
530.3,0.0016715127,7177.628844035258
530.4,0.05925803,1923.5197379231518
530.5,0.046151094,1847.002331544011
530.6,0.025777115,2128.3792974867074
530.7,0.011073294,2225.710522674053
530.8,0.0035103604,1991.928457570189
530.9,9.232495e-05,9483.69927609503
531.0,8.473426e-05,11589.529413342436
531.1,0.1550448,1685.7553389140742
531.2,0.0071912617,4572.5328998876685
531.3,0.016117668,6195.992287425823
531.4,0.01259979,8432.077491542661
531.5,0.011686765,2653.478390102974
531.6,0.041970648,1910.081805192351
531.7,0.02788399,1983.3831006183498
531.8,0.0013410682,6647.9941058171025
531.9,0.008129436,2662.7448929615502
532.0,0.027270963,1498.6403847118597
532.1,0.042732287,1668.4459573184422
532.2,0.038646784,1529.4580571238296
532.3,0.005932256,1641.0434886332189
532.4,0.01956209,2130.754724150175
532.5,0.026069919,2460.216925105644
532.6,0.018732036,2332.6294319546723
532.7,0.009602278,2446.151994978978
532.8,0.0005455983,4610.08394552194
532.9,7.302894e-05,11120.369199176654
533.0,3.18863e-05,16146.229006124278
533.1,3.10993e-05,15910.224711206109
533.2,0.0003361575,5338.589593697614
533.3,0.056777883,1064.660656874481
533.4,0.0690003,1412.2287949147724
533.5,0.002017766,6847.49926942737
533.6,0.00013168245,10337.45418212238
533.7,6.621093e-05,12242.742653823118
533.8,0.0394124,1340.8585147705614
533.9,0.029396044,1063.6601620842846
534.0,0.029461918,1067.6117842068081
534.1,0.057290643,1474.739705044546
534.2,0.000739737,6896.571990266405
534.3,7.042655e-05,11141.923167125857
534.4,0.043633506,2409.816932841149
534.5,0.04245371,2491.5988783962766
534.6,0.030107036,2595.8134673541267
534.7,0.012400395,2132.198334027665
534.8,0.000981536,4339.638767498312
534.9,0.0007814041,6252.290806042298
535.0,0.0008417787,4543.454269412125
535.1,0.007334018,7979.367592658487
535.2,0.08559392,1295.6310333936297
535.3,0.08163204,1134.7736820446914
535.4,0.06265196,1578.9477746036077
535.5,0.0005655877,7442.726580482976
535.6,0.006801207,7801.4186192202105
535.7,0.032309845,3448.152597033203
535.8,0.03524944,2349.292475913161
535.9,0.034474153,1910.6965016279748
536.0,0.030797271,1266.337421051107
536.1,0.00019554283,8320.153507713621
536.2,0.02139442,2542.922800006885
536.3,0.01971737,2661.778186208418
536.4,0.007880752,2110.263822638724
536.5,0.051535644,1789.6885202354442
536.6,0.05262119,1994.5885518261236
536.7,0.09253754,1778.6976675980632
536.8,0.07702084,1670.6465953523866
536.9,0.031293064,1081.290550824187
537.0,0.0084467465,2707.397240478049
537.1,0.021030953,2292.587130801412
537.2,0.023365846,2463.039774969227
537.3,0.016809177,2980.020345000058
537.4,0.0053323735,2607.9437782395203
537.5,0.0001947338,9676.532947853346
537.6,9.925968e-05,9472.950264003608
537.7,3.187183e-05,16055.80650224572
537.8,3.2050913e-05,16035.079961539413
537.9,4.149982e-05,14717.698788769647
538.0,0.0426848,1892.694452023305
538.1,0.08625255,1531.4266761632268
538.2,0.08811808,1117.2187488204013
538.3,0.06562248,1790.1794728300736
538.4,0.04625059,1583.646528649668
538.5,0.009499727,2115.6878469546164
538.6,0.021493137,7966.295049946808
538.7,0.0004740483,8614.48644150641
538.8,0.047937315,1688.1272378326382
538.9,0.015007834,2383.245996128871
539.0,0.025725378,1471.1446005650748
539.1,0.064635366,1721.258785152395
539.2,0.055221554,1568.572600177354
539.3,0.028688438,1701.992071729833
539.4,0.0030567406,1927.1816660880343
539.5,9.125986e-05,10361.124437605296
539.6,0.003925521,4624.396141736931
539.7,0.00892939,5318.231162490337
539.8,0.00010166375,10520.496746856894
539.9,0.017156983,3444.9514804496157
540.0,0.06272096,1912.1820303984432
540.1,0.07238932,1989.009107464109
540.2,0.09704643,1868.1026039283788
540.3,0.1135404,1985.1295212134694
540.4,0.09926799,2040.9234047744612
540.5,0.089941375,2069.0241468169734
540.6,0.00030324125,7523.626714865925
540.7,0.00022222067,5769.623105949978
540.8,0.028719962,1487.1775441656187
540.9,0.052612573,1449.6617042395437
541.0,0.04687539,1468.3979554323366
541.1,0.0013523101,6885.654471538408
541.2,0.0060825148,5799.275801189651
541.3,0.019937081,2935.352860415974
541.4,0.026601573,2269.5098778720126
541.5,0.037915036,1770.9342353465818
541.6,0.014352184,1944.1405417029969
541.7,0.004600069,2015.561259574772
541.8,7.95951e-05,10365.935777838158
541.9,4.772269e-05,13853.520039956065
542.0,5.1873743e-05,14726.220398064823
542.1,0.07050246,1884.013504028359
542.2,0.054895673,1349.2807647663992
542.3,0.055989772,2529.763715588711
542.4,0.072277434,1969.3583926479828
542.5,0.046668924,1795.1785360942151
542.6,0.018219939,1854.0343525756753
542.7,0.015817635,7399.135618997463
542.8,0.00012894887,9835.267513446712
542.9,0.019605972,2000.8948810837517
543.0,0.013537923,1956.2131267582622
543.1,0.014315701,2550.0979029437503
543.2,0.036624596,1343.6057783785973
543.3,0.03627785,1212.5986242022834
543.4,0.022244046,1440.5200125679803
543.5,0.0056867213,7785.79340190742
543.6,0.048068173,2265.505798102634
543.7,0.051732317,1404.0515756841532
543.8,0.06581302,1458.9486936105766
543.9,0.00021218322,8660.94074773377
544.0,0.013282377,8211.89264488217
544.1,0.046564054,2420.9886198105974
544.2,0.07734595,1866.304830928589
544.3,0.037297472,1931.9197584630197
544.4,0.009358384,3304.1962173858788
544.5,0.050404068,2191.979255256791
544.6,0.022022974,2146.5626057556947
544.7,0.05192821,1294.1284049225467
544.8,0.02043396,5228.2570346287075
544.9,0.0026080944,4962.764742289498
545.0,0.012915392,7764.177360653472
545.1,0.012447363,3598.8774778245033
545.2,0.014408334,3278.4440068763342
545.3,0.027618662,1992.516202003664
545.4,0.007072188,2095.7541579120443
545.5,0.00018519531,8896.347948940878
545.6,6.7745474e-05,11613.051300800033
545.7,3.1661064e-05,16052.21653671212
545.8,3.2811062e-05,16166.248750684059
545.9,3.3633725e-05,16133.859833178862
546.0,3.112457e-05,15907.30420465426
546.1,7.469178e-05,12207.362521737283
546.2,0.014494992,2072.274134675966
546.3,0.00030403002,8140.667198066407
546.4,0.060362905,1716.532694106887
546.5,0.019289315,5433.161280455535
546.6,0.0011012089,6646.222153303241
546.7,0.038250208,1765.179526436636
546.8,0.0010639334,5538.806067513931
546.9,0.009782043,4291.23565221784
547.0,0.06197822,888.9169233358962
547.1,0.022194348,1772.1793400896058
547.2,0.008371581,3795.628094195151
547.3,0.026244016,1898.998930914874
547.4,0.039869353,2474.071543251063
547.5,0.059801627,1807.102654788766
547.6,0.06570717,1842.3426408297546
547.7,0.036863737,2081.6453498174196
547.8,0.030000793,1659.1708882528937
547.9,0.0096358135,1850.0588210145322
548.0,0.020812122,1515.0611161292413
548.1,0.008247315,1650.8463828982744
548.2,0.041595075,2049.221324845811
548.3,0.025302356,2343.705397273702
548.4,0.010434561,2464.1662825702288
548.5,0.0010773469,3360.8649062239033
548.6,7.708035e-05,10908.651477629162
548.7,6.050839e-05,12801.408764870717
548.8,3.2909746e-05,16095.129939737322
548.9,4.9434428e-05,15035.396764970903
549.0,0.018229773,3068.981722351651
549.1,0.063244775,1230.2865455241667
549.2,0.02192167,1775.6886395670458
549.3,0.057196252,1485.2117219487136
549.4,0.06091522,1858.3505915885532
549.5,0.06532989,1144.2828270841303
549.6,0.08367209,1177.5227417137733
549.7,0.006776133,3090.923416453537
549.8,0.01566496,2225.651220097487
549.9,0.039575603,1429.6963940348242
550.0,0.042330224,1718.1650641749209
550.1,0.020908095,2516.116605570565
550.2,0.04673684,1679.8269912512446
550.3,0.053869106,1547.1727027715642
550.4,0.05354737,1844.6020390457804
550.5,0.00857398,4456.487033901057
550.6,0.050906777,1775.8077296590093
550.7,0.03693592,1944.2523976171278
550.8,0.041008443,1248.1702016769768
550.9,0.037432555,2261.6391366068074
551.0,0.021452265,3117.004346793371
551.1,0.041916903,1668.1566643965516
551.2,0.03323842,1601.6659127930739
551.3,0.027855251,1525.8818909251415
551.4,0.03536914,1706.3835437324883
551.5,0.05607444,2062.6018666365185
551.6,0.050548807,2243.3829931881596
551.7,0.01764775,2251.3950852778153
551.8,0.0040004426,2089.2872769428254
551.9,0.00010817534,8218.485016515553
552.0,3.6512225e-05,16021.924497010146
552.1,3.2544875e-05,16073.526630596134
552.2,3.054696e-05,15983.527814827106
552.3,3.1764688e-05,16030.906359792341
552.4,3.4154506e-05,16052.899293393732
552.5,3.258763e-05,16113.524201027674
552.6,3.4237713e-05,16263.821022362305
552.7,3.147053e-05,16051.584150568795
552.8,3.4153556e-05,16155.846687782876
552.9,3.2135267e-05,16167.308392179619
553.0,3.1271218e-05,16087.696528619614
553.1,3.2990178e-05,16108.180065331022
553.2,2.9876712e-05,15973.8415606332
553.3,6.133464e-05,13730.896185249228
553.4,0.025229067,2463.272427521804
553.5,0.07993216,1636.2791467888226
553.6,0.0011380694,4158.511407437169
553.7,0.000112328315,10350.204953895645
553.8,6.5270964e-05,12353.769311254466
553.9,6.232662e-05,13134.676562380873
554.0,0.043115854,2219.231693732857
554.1,0.046096023,2042.9957042964122
554.2,0.060413513,1173.379331470472
554.3,0.03667001,1296.5065659593859
554.4,0.01078683,5655.9944238097
554.5,0.065854155,1194.189979668747
554.6,0.09654495,1430.5343057663208
554.7,0.003156945,4740.419178744757
554.8,0.024040619,6176.929929808542
554.9,0.036858268,2212.96897182138
555.0,0.061566107,1905.3488630914053
555.1,0.04938364,1926.6355315795658
555.2,0.052893814,2033.012174778231
555.3,0.04751326,2191.070508977251
555.4,0.039421808,2570.9602272255956
555.5,0.03003576,3071.5283962846024
555.6,0.0064363694,3142.4635690023397
555.7,0.0004420315,5805.285656409338
555.8,6.194733e-05,10726.616050512763
