timestamp_sec,amplitude_rms,frequency_centroid_hz
0.0,1.2193065e-06,12256.9577498017
0.1,6.624041e-05,447.9491724074537
0.2,6.300921e-05,585.5497671971385
0.3,0.00029470515,1219.6261287591278
0.4,0.0015401538,1654.7777095278889
0.5,0.0018461338,2236.850717925816
0.6,0.0024364432,2369.94790770518
0.7,0.002261935,2152.4661910814634
0.8,0.0021098708,2260.0865548133324
0.9,0.0013249088,2105.16186430161
1.0,0.00026976637,1161.042440396356
1.1,6.961768e-05,1946.5042592181792
1.2,0.00013368641,268.39096562257043
1.3,0.00055348506,12630.827958603575
1.4,0.00094613375,4176.247990538592
1.5,0.0025421954,2068.212495952158
1.6,0.0049822475,2258.33710766844
1.7,0.007555026,1986.0847504708947
1.8,0.007730978,1518.4794572680414
1.9,0.011534578,1001.7714226935508
2.0,0.00986768,879.3803651894019
2.1,0.010081014,744.781930325052
2.2,0.0053694462,920.4273739969805
2.3,0.003393799,704.7235759441137
2.4,0.0013066474,1369.7547341025354
2.5,0.0015711678,1171.56713440308
2.6,0.009540518,1273.2197801447908
2.7,0.0030425463,1763.864642211429
2.8,0.0027017547,2580.6796572244784
2.9,0.004206688,2991.6527467055607
3.0,0.0026976767,1729.556669686339
3.1,0.003094072,1697.2631465220547
3.2,0.005591495,1321.2584641513959
3.3,0.0020723538,1987.0182368805622
3.4,0.010814957,818.3344826075272
3.5,0.0018476148,1957.8967554862134
3.6,0.014017297,2129.3260269403554
3.7,0.0053044595,3045.6299711812544
3.8,0.0043615936,2687.8158152898736
3.9,0.0057959463,2658.939971501314
4.0,0.045886327,2768.597217508354
4.1,0.006484115,2412.5727361820145
4.2,0.0019378483,3300.5490183167644
4.3,0.0043665497,4484.8835397194935
4.4,0.021227317,936.5506178969323
4.5,0.0025629792,1413.9929866664102
4.6,0.020341652,1140.7615324950648
4.7,0.004243953,742.5524868392572
4.8,0.001990032,4508.236549667887
4.9,0.007479269,1658.3945914171045
5.0,0.004958169,1425.8214964096578
5.1,0.00567645,3426.961244141952
5.2,0.009393289,2054.035564716817
5.3,0.007986705,3182.512541512049
5.4,0.0034760537,3820.1218209412095
5.5,0.011383692,2217.812424283635
5.6,0.0064197094,2336.2348412239317
5.7,0.005853739,763.3030549685238
5.8,0.0012381093,1185.876574842247
5.9,0.0008902099,1947.7601718449298
6.0,0.004218532,1304.5463336681114
6.1,0.007350944,4171.5307502720925
6.2,0.0005486945,2983.1753804508658
6.3,0.037525102,3301.479745983411
6.4,0.005266231,2601.3014804812906
6.5,0.0028861216,3291.768474104116
6.6,0.017790973,3232.5335781090293
6.7,0.0021191426,2539.533793302613
6.8,0.0036753789,2569.4199350071276
6.9,0.00081016315,4288.402072149008
7.0,0.0036579324,2302.0155739919473
7.1,0.0045772856,2317.6705928385895
7.2,0.001282272,4359.100443733289
7.3,0.012835613,4128.253335983971
7.4,0.016527755,3423.652415467328
7.5,0.014104041,3098.174011336392
7.6,0.012178777,2957.0359895462257
7.7,0.010799972,3406.7663841633785
7.8,0.012347521,4162.398430105133
7.9,0.0014976172,1335.3890914275635
8.0,0.011803122,4423.123749589604
8.1,0.0052234977,6401.589075616218
8.2,0.009218686,6478.187174123607
8.3,0.008318787,4640.89111745779
8.4,0.004679179,4034.423559383784
8.5,0.00089666364,6780.7256937209295
8.6,0.008629356,3497.953881908421
8.7,0.009940446,5233.939170989978
8.8,0.014434198,3939.6500224381325
8.9,0.015514153,2189.335340840071
9.0,0.001914815,2815.4010235504434
9.1,0.005522724,2397.660972084756
9.2,0.011745847,3264.1440619042396
9.3,0.0032490734,2453.5095718589923
9.4,0.0056622853,5079.016515449669
9.5,0.0033499447,4946.720879009584
9.6,0.013004667,2722.0980689543067
9.7,0.017145665,1901.2679604560997
9.8,0.019984858,3378.4891230980356
9.9,0.016179444,3670.824975708884
10.0,0.018602975,5990.223159848716
10.1,0.011935191,2469.5165446077017
10.2,0.035042383,2488.949903607881
10.3,0.0074166427,3262.4751099791793
10.4,0.02410409,2975.7180805825865
10.5,0.011800631,2934.999027289919
10.6,0.027239222,2001.1091500861037
10.7,0.009508592,1987.9769025516384
10.8,0.014997629,2871.2113803264383
10.9,0.017397087,3295.2039105871977
11.0,0.012757252,3460.2124075072616
11.1,0.008226158,4388.254905709006
11.2,0.0039330586,2388.1131654980795
11.3,0.010876452,2858.5138525855077
11.4,0.007900864,3225.8742401780833
11.5,0.0046663973,2311.1062560380524
11.6,0.0052485927,3689.790681933361
11.7,0.0046645706,2607.052001524448
11.8,0.0055002067,9992.536533455743
11.9,0.008652649,3516.655458768506
12.0,0.025049029,3174.2099294001728
12.1,0.014857056,2441.7239361758993
12.2,0.006649555,2416.786867165763
12.3,0.009150107,5761.18006870033
12.4,0.0076108132,2285.4404200891618
12.5,0.012215795,2052.8423251949685
12.6,0.011437871,2171.157500248102
12.7,0.011476096,2406.225990094477
12.8,0.009472727,3817.3087868818598
12.9,0.0069995634,2428.6344338579365
13.0,0.0028234532,3005.7634579535834
13.1,0.0036603399,3187.241286419369
13.2,0.005219928,2286.209167511243
13.3,0.006260352,3043.699319074635
13.4,0.0062827044,2571.5845426688206
13.5,0.007917755,2366.695722443723
13.6,0.0072475807,2899.587272358669
13.7,0.00597753,3828.819574186963
13.8,0.004425312,8735.023133056318
13.9,0.0015559931,1752.5667609888171
14.0,0.0018663241,2442.86819960034
14.1,0.043209013,2953.77929533957
14.2,0.012388528,2792.0835408167277
14.3,0.024185067,2756.674483936736
14.4,0.007251657,4167.087556710695
14.5,0.012033376,3389.30148924346
14.6,0.009667064,1561.160172612512
14.7,0.007914106,2954.8789108300866
14.8,0.009662119,3010.8095091292907
14.9,0.0042057224,2305.3712711269673
15.0,0.024259556,4109.096907836662
15.1,0.003666533,1262.2456484422885
15.2,0.0048816768,2522.924686475553
15.3,0.006823224,2118.8914869783143
15.4,0.009012265,2027.71676332681
15.5,0.0075344844,2232.06993197253
15.6,0.006295457,1338.934639866771
15.7,0.0076211216,2367.6191114058834
15.8,0.02017462,2585.888663512461
15.9,0.008965362,2953.2390474080976
16.0,0.005773249,2356.5281685677805
16.1,0.006303505,2259.8086499303326
16.2,0.008016323,2830.315728124325
16.3,0.0060147233,2583.331991682309
16.4,0.0056252712,1264.37001753149
16.5,0.0052372515,3577.6841237459275
16.6,0.009615341,2028.4058612891743
16.7,0.008423952,1599.0627564780302
16.8,0.0077097216,6080.437353493322
16.9,0.010690568,2261.1391408414315
17.0,0.007559936,3323.803076906273
17.1,0.00608705,6600.920226779868
17.2,0.0035608197,2214.7245208200175
17.3,0.0055064755,3836.342291536211
17.4,0.0056690965,7716.291355673625
17.5,0.0037993742,3763.5300943580432
17.6,0.0047734436,2626.143399260103
17.7,0.004848481,3950.371405600612
17.8,0.020345753,1805.613287006058
17.9,0.066387825,878.248287469054
18.0,0.008804067,3226.040347161524
18.1,0.0096586505,2081.9049791896105
18.2,0.017964615,1617.0394245076432
18.3,0.011878619,1716.3040472493321
18.4,0.0130392555,2226.49221044231
18.5,0.01963207,2711.374083314804
18.6,0.00410179,3947.671431043522
18.7,0.005649371,2031.5185032192724
18.8,0.010146649,1796.0674687447677
18.9,0.010855536,2187.3921954265206
19.0,0.011986953,2571.947241330594
19.1,0.011082531,2282.148758374521
19.2,0.014126038,2005.2841188215932
19.3,0.011941507,5079.536649238934
19.4,0.040730245,1124.5624138090825
19.5,0.010668973,3240.1835627747414
19.6,0.0144812,2726.6563579441085
19.7,0.005861915,5534.461893250791
19.8,0.018095393,3198.358734912075
19.9,0.008325527,6043.422756413351
20.0,0.005206725,4066.3425608100083
20.1,0.014280561,2812.0236860063123
20.2,0.011861543,3973.1905423619073
20.3,0.006743804,4736.2811263653
20.4,0.009238002,5502.164206584865
20.5,0.005752493,5126.783378983409
20.6,0.0045581353,4750.282108088619
20.7,0.009347619,3378.306369463423
20.8,0.003850678,3783.0556205500457
20.9,0.009781121,4945.929079314328
21.0,0.007291749,3692.982506872196
21.1,0.012792333,2755.483838180147
21.2,0.012341122,2422.0399864796505
21.3,0.011424383,2847.7015403056284
21.4,0.009970976,2767.785462498241
21.5,0.010661951,3042.9255115192714
21.6,0.015780058,2450.2017096137456
21.7,0.0112218615,5470.167486252346
21.8,0.023000084,2670.995882806845
21.9,0.010573278,2540.101909718999
22.0,0.012018546,2817.9293112238906
22.1,0.009390061,2323.88039075958
22.2,0.008853437,5538.43533060835
22.3,0.012026745,2491.1316703021625
22.4,0.008531699,2706.661217287595
22.5,0.007577948,3227.9908925175273
22.6,0.0062055658,6225.428073432977
22.7,0.0341875,2750.4750912241407
22.8,0.043715138,2047.0181908743393
22.9,0.004223765,4164.300511897627
23.0,0.04328709,2956.9676057867696
23.1,0.0011061266,2434.8957384777996
23.2,0.0044183484,9198.731236850139
23.3,0.0077957376,9071.184048741714
23.4,0.007764279,1913.8659022278268
23.5,0.017908147,1641.2774312855995
23.6,0.021326927,2069.1424963875197
23.7,0.019241143,1937.353850000915
23.8,0.010857687,3222.493334810834
23.9,0.011011106,2498.886741098293
24.0,0.032911316,2955.3670245918242
24.1,0.011943677,3453.0608137510862
24.2,0.0057340567,1244.3683138893575
24.3,0.006348222,4221.156950008619
24.4,0.010455282,8690.937072379533
24.5,0.010941367,4224.1207617715445
24.6,0.005203339,3680.2695987419274
24.7,0.0042248145,2834.3746355423027
24.8,0.004750483,4821.163848545441
24.9,0.0029659367,4212.450931408492
25.0,0.0034358767,3135.6468777596215
25.1,0.006960973,4601.8726667252295
25.2,0.0041745785,2979.8962333631994
25.3,0.0056739305,3305.9091148077227
25.4,0.01569868,3308.25716716898
25.5,0.0183914,4273.3039032726765
25.6,0.040310442,2443.4355734616092
25.7,0.016731761,2893.354872814321
25.8,0.016800625,2582.6595778453348
25.9,0.012320929,4742.44034427043
26.0,0.014277868,2824.3513363345746
26.1,0.0102480175,2952.3720873651946
26.2,0.006585972,2352.9110737934275
26.3,0.007379411,2256.8049588227127
26.4,0.009706164,1484.2409817483724
26.5,0.007073656,1606.2181542128703
26.6,0.006327675,1923.4887203972307
26.7,0.0090257,2155.1128573234614
26.8,0.007475603,2439.2454818578967
26.9,0.0038887598,3091.419934609914
27.0,0.019484451,3257.77607955215
27.1,0.004684067,3101.7231424167053
27.2,0.007393992,7605.289235881866
27.3,0.009724253,2902.385615841898
27.4,0.0039869486,3154.134666301865
27.5,0.0028329398,3606.557166451511
27.6,0.0067228256,2715.543989058431
27.7,0.0043719355,4462.862315857934
27.8,0.004352309,7911.551443375917
27.9,0.004748308,2158.3558510073376
28.0,0.0034598159,2617.686143826493
28.1,0.0076701385,7559.799412264154
28.2,0.010632877,3352.334884074363
28.3,0.008926941,3806.864023952663
28.4,0.008528342,3087.333792090084
28.5,0.0130935265,4564.225317487799
28.6,0.04630818,2113.6924698864004
28.7,0.016515223,1325.2966351002653
28.8,0.019500274,1909.3726853778612
28.9,0.0155817345,1614.6966713731424
29.0,0.00961594,2931.9359601731094
29.1,0.012973256,2662.1792223153802
29.2,0.0064696264,2489.972195688737
29.3,0.025840327,2650.1619604472126
29.4,0.030881815,1520.1738481791408
29.5,0.01021473,4540.478375906678
29.6,0.0074595595,2096.70554961596
29.7,0.008166461,923.622517630972
29.8,0.011351793,1619.2469318874273
29.9,0.0059304014,2205.3956804976538
30.0,0.0069550457,2617.2781701704553
30.1,0.0135061545,4402.678986616079
30.2,0.007089699,3594.4780866251435
30.3,0.027952973,5170.464326802666
30.4,0.003484127,8329.502395311913
30.5,0.013984954,3263.9308248191032
30.6,0.01266701,2461.2392826512073
30.7,0.019567389,2382.3536205987307
30.8,0.014104062,1796.9920914544282
30.9,0.012495223,2837.2879140436416
31.0,0.013698708,1467.1129548968768
31.1,0.013207058,5933.222498801873
31.2,0.010722675,1975.1571466893108
31.3,0.006758753,2616.1111826561314
31.4,0.009353879,3086.8212385370857
31.5,0.007956386,2862.9093145475026
31.6,0.014493139,957.1074208984813
31.7,0.023715263,2665.1347168397706
31.8,0.040929202,2109.55705770662
31.9,0.03386738,262.5051128626249
32.0,0.009999704,1719.0054847773247
32.1,0.011242779,7687.978788768285
32.2,0.020902919,3485.0215105603647
32.3,0.014941952,3183.5252122820066
32.4,0.027201973,1716.8686338601592
32.5,0.017870886,1725.4981804363451
32.6,0.024647344,2644.684563598722
32.7,0.010994693,3194.27088413515
32.8,0.014165013,2639.757437531341
32.9,0.019073296,2355.962004965795
33.0,0.012347332,1439.7465524954687
33.1,0.010042641,2765.908215352491
33.2,0.0064236275,4555.037278118049
33.3,0.027547369,2403.902826401676
33.4,0.0068301405,3315.8876949574906
33.5,0.019919204,4256.629697830663
33.6,0.015561903,3247.9610509730046
33.7,0.009954421,6997.346150348943
33.8,0.023586083,2526.1438045665527
33.9,0.09307765,716.7906543065176
34.0,0.07165651,2812.2767858101897
34.1,0.039054953,4036.8846924756035
34.2,0.019511268,3661.50288596457
34.3,0.026675457,2504.519772535061
34.4,0.017595736,2130.6393310121002
34.5,0.024079787,2742.9902704794276
34.6,0.009739724,3039.3729842178436
34.7,0.016985664,2729.5205862219336
34.8,0.02777236,905.7613064997072
34.9,0.025762985,2163.2582879192505
35.0,0.015983889,2407.4771402050537
35.1,0.002592425,3474.0101129888635
35.2,0.009318854,3699.167170552316
35.3,0.01489654,2986.0892465293255
35.4,0.0062667616,8292.74959273734
35.5,0.011950883,3668.3944038823483
35.6,0.010620027,4085.5256907920398
35.7,0.014254824,2851.407559777953
35.8,0.019248057,2733.3534676482554
35.9,0.009663018,3118.8388466344004
36.0,0.0042812256,3162.5913520036393
36.1,0.003230478,2082.062540422667
36.2,0.0008319601,2410.4405781455116
36.3,0.0029832635,4228.3398890861245
36.4,0.0022316547,3482.563884258287
36.5,0.0020371268,3148.9720232444024
36.6,0.003911139,1747.1748406434972
36.7,0.0030941446,2725.709122893688
36.8,0.024042916,2774.2485610456724
36.9,0.014898141,3662.271279859365
37.0,0.034831937,4409.532697793901
37.1,0.012191552,4153.95627645198
37.2,0.008254858,3507.157607847891
37.3,0.006751849,4775.313807370359
37.4,0.0068735415,2948.026351887599
37.5,0.009562589,2813.1949281121597
37.6,0.009325274,2688.2748262516393
37.7,0.007392472,2746.571682514356
37.8,0.0027271418,5165.988393730508
37.9,0.006854285,3036.591808098314
38.0,0.0036754652,5594.670796388597
38.1,0.0062073893,1971.485745348045
38.2,0.006280659,3750.281000014322
38.3,0.031223081,1545.919144954501
38.4,0.008035462,2484.7392321068537
38.5,0.002954522,4782.065615522857
38.6,0.005703982,6009.7573502135
38.7,0.0063715787,2741.101039578237
38.8,0.007603921,6766.996107558012
38.9,0.015168265,3522.5003188608484
39.0,0.014137046,3034.2620961098237
39.1,0.009119671,2806.524929270333
39.2,0.008969985,3001.7385066312577
39.3,0.0055989004,2841.0749266268213
39.4,0.0034255097,7205.128330353822
39.5,0.005563426,2706.004603528555
39.6,0.013469691,4049.9541240645835
39.7,0.0024004797,4255.300826514992
39.8,0.002774046,2807.1368407863856
39.9,0.023531992,2671.785600505687
40.0,0.0067829792,3515.606126161301
40.1,0.0045414222,3803.795856456401
40.2,0.027052274,3432.739188982661
40.3,0.002771626,2443.0425322852943
40.4,0.03555632,3432.1899595571904
40.5,0.00723445,7988.8395717109
40.6,0.0101428395,3050.8669315758125
40.7,0.007167032,3165.5519559917393
40.8,0.0046908874,3973.224276531966
40.9,0.006489035,4638.013224632076
41.0,0.0056308187,6926.95268831724
41.1,0.0044794516,3679.666223452999
41.2,0.004165228,2780.1428746085003
41.3,0.011095205,4394.716119090117
41.4,0.006261223,5847.625435092477
41.5,0.00579899,1496.824543442132
41.6,0.006242487,983.7592567468329
41.7,0.004455888,1599.94118137377
41.8,0.0063807312,2408.8633978758626
41.9,0.0058852346,6771.719337814999
42.0,0.018474009,3204.9304121110695
42.1,0.01485306,2732.3324608292487
42.2,0.013574681,4236.436413334029
42.3,0.013731777,2671.139019162892
42.4,0.013708143,2087.3697981460637
42.5,0.01573636,2002.252667776018
42.6,0.021973517,2716.802891591561
42.7,0.035557855,2804.0422306320156
42.8,0.010872993,5788.175915137976
42.9,0.009605718,3175.1194141339975
43.0,0.0019922901,2717.321117613331
43.1,0.0034404127,2407.3549522725098
43.2,0.0051068,2705.536587137608
43.3,0.0004505888,3775.269866444115
43.4,0.004287054,3121.936889339421
43.5,0.0037433177,3547.7859372442877
43.6,0.014364688,4479.6293544024375
43.7,0.0027405063,5780.52920937277
43.8,0.0040948074,2090.514514753816
43.9,0.02555644,4324.5819894092565
44.0,0.026249135,2523.017132692066
44.1,0.009528752,2166.5661679765235
44.2,0.021635389,3240.3612039857667
44.3,0.012427584,5339.819916182438
44.4,0.02589924,4318.190462498727
44.5,0.027009593,3254.42795843527
44.6,0.0074429247,4748.400623284793
44.7,0.0072221095,2364.3023731263484
44.8,0.0024822564,5461.028226996146
44.9,0.0044604572,6393.644557667343
45.0,0.0061809234,2204.5839305493664
45.1,0.007295314,2430.8175031263836
45.2,0.0064307326,1364.887239908208
45.3,0.0040957876,1865.800477795226
45.4,0.008935224,2126.4654780967435
45.5,0.0093372455,2004.4873475262734
45.6,0.018869704,3363.926211103116
45.7,0.007950512,6046.896712815507
45.8,0.013836227,3354.590682680287
45.9,0.014963162,5864.686174097711
46.0,0.0029177817,5757.867370864821
46.1,0.012805613,4160.155337038719
46.2,0.016343314,3945.35594030378
46.3,0.00866037,2670.1765458272444
46.4,0.0056209387,2427.4297388853283
46.5,0.0040456816,2765.9174602394687
46.6,0.004860699,3594.7006718189677
46.7,0.0067271707,1446.0377795220038
46.8,0.0066143633,2774.3163058403766
46.9,0.0037320124,4472.558546293252
47.0,0.012283339,3314.004629852933
47.1,0.012180621,2901.1554950397403
47.2,0.0099212825,8241.045924203878
47.3,0.014280559,7992.714182542033
47.4,0.0066964813,4574.374553009097
47.5,0.01431846,2723.8791888223554
47.6,0.020958396,2940.0531336856707
47.7,0.010980905,6894.658417045666
47.8,0.013882951,2698.31619694194
47.9,0.0071011037,4423.381201559424
48.0,0.0044763964,3367.4873776745444
48.1,0.010738035,3070.1761229901213
48.2,0.01912987,1994.9274220813759
48.3,0.008732716,4795.158786113891
48.4,0.008964584,2140.2873024125743
48.5,0.008193634,2240.102674818926
48.6,0.010269513,1900.8291868238232
48.7,0.010038375,1550.8447286588623
48.8,0.00915645,2658.9392422792753
48.9,0.016309312,1279.7628654809505
49.0,0.011871762,1826.2495454684752
49.1,0.014758018,2092.7072182974302
49.2,0.058150697,437.4804843479692
49.3,0.022149464,3317.15443863756
49.4,0.020906312,2872.767290675084
49.5,0.032248,3090.338494649579
49.6,0.06696217,2972.611737712631
49.7,0.019991642,1959.4470746483944
49.8,0.0094199,2772.6586133338637
49.9,0.007897649,1268.201495393803
50.0,0.061895505,1042.1320014652993
50.1,0.010839798,1983.066222659877
50.2,0.012609462,2505.761078809394
50.3,0.039502855,454.6308893374218
50.4,0.04707605,1559.5769960212606
50.5,0.019713715,2169.4462952423846
50.6,0.014781691,2270.708891417359
50.7,0.056097258,707.3117970040566
50.8,0.013647199,1949.0890313485356
50.9,0.0038085766,3769.5294814345416
51.0,0.008156888,2318.5667477821926
51.1,0.00652992,3591.7048485880077
51.2,0.02085051,1678.7188673496405
51.3,0.00917411,2578.7119274138345
51.4,0.012240661,3984.957435083529
51.5,0.038038794,2989.8640154537634
51.6,0.030634064,2939.6882317655586
51.7,0.007875326,1793.600382384604
51.8,0.0119244335,5970.841793533218
51.9,0.0097443145,6193.236043552658
52.0,0.017094852,2301.1177271250185
52.1,0.009800043,2660.728206290674
52.2,0.011711228,3448.315886042984
52.3,0.016077094,882.7747044476791
52.4,0.020219017,1014.2150109290999
52.5,0.011818869,3246.474290889271
52.6,0.01043668,3391.614632073447
52.7,0.015606574,1748.1412244066855
52.8,0.009441276,947.1107062868304
52.9,0.006308936,2613.153828390336
53.0,0.0043589254,2137.897761584127
53.1,0.004792011,3078.813705527172
53.2,0.0085492125,2918.060241354408
53.3,0.022342442,2365.107307949484
53.4,0.014727156,3423.319510581312
53.5,0.016997451,3337.2396152024494
53.6,0.010328366,3507.333166179689
53.7,0.017263288,5210.4799489116795
53.8,0.005393974,4258.040331780006
53.9,0.009579686,3837.619738807889
54.0,0.008298322,3327.5109788441277
54.1,0.009556081,1571.696548911486
54.2,0.001587203,2394.709683970188
54.3,0.0041547795,8473.869239190088
54.4,0.021024136,5719.844161740789
54.5,0.016163917,2953.243057001204
54.6,0.016250785,2801.419654420476
54.7,0.01298036,7095.52310927972
54.8,0.019430218,2876.9267830512044
54.9,0.014443716,1991.7938610799283
55.0,0.009168342,2558.988360161031
55.1,0.02068433,1463.6682951659463
55.2,0.011895157,7690.371224146535
55.3,0.013372998,3041.33661887179
55.4,0.021922186,4045.1612255852265
55.5,0.029238932,2449.4036412032597
55.6,0.027519833,2969.450832925523
55.7,0.008941759,3964.7163349277434
55.8,0.026115898,2838.9215785177093
55.9,0.0058948724,2869.0465346266446
56.0,0.010524331,2952.643709500642
56.1,0.005066354,2725.7935404454684
56.2,0.013686012,1862.8087110474673
56.3,0.030459119,1913.41260605105
56.4,0.016509393,3985.240564466604
56.5,0.011744014,2452.9586723626676
56.6,0.00939786,1706.3340292888045
56.7,0.004971897,1238.9375213525107
56.8,0.004282144,3544.616267443625
56.9,0.021302257,1230.502360438465
57.0,0.013152078,1138.6479506370738
57.1,0.0107617825,3505.4301742545517
57.2,0.021803366,2674.2655744846743
57.3,0.0075282995,5184.872631117022
57.4,0.012504725,6260.593999653238
57.5,0.013763997,3360.854527774405
57.6,0.004850806,1776.6324261119144
57.7,0.013927699,1747.862164134132
57.8,0.017827228,1120.5114427696994
57.9,0.008199734,6931.3664348739185
58.0,0.006695209,988.2615226333448
58.1,0.0030418804,1363.7384045930244
58.2,0.0009616619,5929.8422478615375
58.3,0.0042520463,9754.110250274753
58.4,0.00786785,3315.7799510205377
58.5,0.010325633,4809.40090249353
58.6,0.01177129,10271.728196692435
58.7,0.008965888,7634.990427144128
58.8,0.005490425,2475.2439718095247
58.9,0.017593222,3381.5671302558794
59.0,0.010304158,6791.403921817998
59.1,0.013798038,3526.130650650781
59.2,0.008708406,6682.1528753602315
59.3,0.027161144,2525.293430981217
59.4,0.009784834,5325.7927897433365
59.5,0.01572071,2442.624349928414
59.6,0.017334709,1874.3964877972198
59.7,0.027898725,862.9274842864833
59.8,0.014145665,2139.492487629777
59.9,0.0029393106,4257.345632464713
60.0,0.0023017584,2009.8397446366178
60.1,0.0040372997,6036.178880045376
60.2,0.032670453,3754.1881660859217
60.3,0.06598124,1219.371443425608
60.4,0.0045476574,3604.2546310863327
60.5,0.016922228,2066.44572483647
60.6,0.0140603185,2206.882903571436
60.7,0.004981867,4269.110219195357
60.8,0.009359344,2590.6691989179767
60.9,0.015758786,2544.391625505976
61.0,0.021906462,2629.3229465943814
61.1,0.01426706,5829.250215078844
61.2,0.0156125305,2260.0145490392106
61.3,0.014446435,2296.746563248097
61.4,0.0077746054,4074.596626143446
61.5,0.008631714,3091.016840989244
61.6,0.0045113927,6171.770242811822
61.7,0.027446304,4281.177187311946
61.8,0.005790496,2459.8284785058167
61.9,0.004370775,2523.9785912380466
62.0,0.016303008,1427.9729329460472
62.1,0.025835667,2653.211643956344
62.2,0.028006256,498.0553765357743
62.3,0.0336244,328.53552695116105
62.4,0.004348292,1276.1704739335084
62.5,0.010971997,1167.0833669729345
62.6,0.038472865,815.3934345670925
62.7,0.02569228,2518.4569986250967
62.8,0.023044009,2087.310392627867
62.9,0.037457645,2849.2321835768507
63.0,0.016720764,6598.3882903619415
63.1,0.01201464,3168.488584790723
63.2,0.0089349765,3944.3967509551076
63.3,0.023775041,1788.4658477092376
63.4,0.010003577,3459.0888563420285
63.5,0.004831715,3598.617179268841
63.6,0.0040596807,2918.6488486534736
63.7,0.01093964,606.3512443803618
63.8,0.03151746,491.37195753074366
63.9,0.007936141,1236.0505461179648
64.0,0.017005662,713.3203703347031
64.1,0.02816053,4338.220741997249
64.2,0.034965184,2918.066863928296
64.3,0.04844141,2746.168737805404
64.4,0.011200212,3399.587460488582
64.5,0.0040435586,2486.694386891164
64.6,0.0012401033,2113.84097396206
64.7,0.009076117,9750.080137538953
64.8,0.03487852,8351.173218355267
64.9,0.031840637,2756.943226438422
65.0,0.019419307,3103.4531538485653
65.1,0.020209076,5939.729131169348
65.2,0.024862532,3541.0788780808743
65.3,0.01760925,3688.339769792533
65.4,0.01693993,4437.004256027354
65.5,0.0107365195,4069.2127432633
65.6,0.0027231243,2944.5030844716644
65.7,0.004977656,5763.837574337636
65.8,0.004375467,1888.8983343321372
65.9,0.015802974,3244.983882088534
66.0,0.009424438,2668.932178104244
66.1,0.009095397,4123.9159187603
66.2,0.015516596,2695.808400866362
66.3,0.01146615,3767.445244931255
66.4,0.013542121,3754.501448433296
66.5,0.015705364,2932.5711828711796
66.6,0.01033564,2501.44744292299
66.7,0.008069412,5233.905530133734
66.8,0.004386547,4215.668579725862
66.9,0.0072628655,1870.5885434107272
67.0,0.009575371,3216.4245620462602
67.1,0.0076281484,4703.861099348445
67.2,0.012883282,1830.8919175321942
67.3,0.016140195,2208.5452992839737
67.4,0.00648891,1788.0807817970747
67.5,0.006634834,2043.5693918984086
67.6,0.0047225207,5325.859643846549
67.7,0.009562644,2362.827936799223
67.8,0.012670053,3694.465825578626
67.9,0.020517243,2660.08895927421
68.0,0.0137294475,2949.755264054841
68.1,0.017223056,1443.0332599586472
68.2,0.019543517,2989.8750094271013
68.3,0.007880533,2314.236175900464
68.4,0.020985402,2132.8777735577432
68.5,0.005317532,2598.7501537807307
68.6,0.023401774,3522.92829722929
68.7,0.010083813,3423.624570271186
68.8,0.034375552,3571.686768741026
68.9,0.041642275,4338.870555280077
69.0,0.0036749416,6248.068649027505
69.1,0.016914252,3786.3149840932297
69.2,0.0018568129,3603.2719624459382
69.3,0.029050265,3789.7650576171204
69.4,0.028301418,2306.4755942550173
69.5,0.01576013,2562.092552666633
69.6,0.022119367,3049.721850283793
69.7,0.0071700593,4115.0221425221125
69.8,0.013307343,4292.300697330128
69.9,0.011662355,6061.968036009477
70.0,0.004754898,4335.554033680788
70.1,0.013653726,2383.6945669354245
70.2,0.037157666,2687.0558818879163
70.3,0.016381193,1599.6345808434469
70.4,0.013522996,4105.610697109861
70.5,0.015664529,1859.589908804636
70.6,0.009595475,1517.9546281483495
70.7,0.017899456,2782.976995819976
70.8,0.018313946,3108.3053309252628
70.9,0.012583008,6111.1932408145385
71.0,0.018055402,2709.3749366514485
71.1,0.014872825,2045.5843260528482
71.2,0.010537787,7155.306158165124
71.3,0.17040329,574.1714229822002
71.4,0.028638456,3956.0301056596154
71.5,0.024164585,2832.6996241203956
71.6,0.013985733,2140.4841271208293
71.7,0.012053881,7336.119996821828
71.8,0.019440604,2466.1819039262455
71.9,0.009533751,1372.7442334082732
72.0,0.025371868,3153.102805018002
72.1,0.0017158692,5564.524186586286
72.2,0.031050056,3981.7506702758255
72.3,0.022774525,4247.976767890103
72.4,0.016655127,4055.3851312354436
72.5,0.0054622334,7830.8042592817665
72.6,0.0152516095,2572.706079026593
72.7,0.023926232,4056.5373471299436
72.8,0.0058704834,1585.7121003788448
72.9,0.008125294,7721.3995897410605
73.0,0.014396207,3028.281282873436
73.1,0.006642859,3144.276499932933
73.2,0.003182177,4702.019329249562
73.3,0.0052058757,3207.108770364931
73.4,0.014218826,2297.182846485455
73.5,0.018443204,3557.5120057983704
73.6,0.010934734,3136.94333796753
73.7,0.022178821,2595.9946071668564
73.8,0.0070851864,3401.0834099584845
73.9,0.0060655843,2622.609438921933
74.0,0.0059186514,6896.788241070336
74.1,0.008116698,10241.378314148846
74.2,0.10214443,1479.486600835171
74.3,0.013623633,3867.5215414777067
74.4,0.02199649,2179.3217379640887
74.5,0.012269532,2737.12803287849
74.6,0.013114853,1642.4397283474502
74.7,0.00808591,7913.01735491342
74.8,0.007591673,3018.0271695714027
74.9,0.007731653,7769.458724266331
75.0,0.008374142,2812.991035799714
75.1,0.003673872,2886.8692195924637
75.2,0.009897343,2183.6303342813967
75.3,0.0040082713,2120.293025827554
75.4,0.0053372,3450.4373206707673
75.5,0.007210211,4907.215761512625
75.6,0.004707936,3409.6815572808355
75.7,0.006390812,7855.615386651426
75.8,0.011653756,3735.8569344655934
75.9,0.008718319,1924.9201390666522
76.0,0.003061622,8715.667563447385
76.1,0.007487705,3031.1788353018524
76.2,0.006638115,2494.9163121931933
76.3,0.008114131,2805.851783219656
76.4,0.006151715,3564.921654419585
76.5,0.0058523035,2646.251830626485
76.6,0.005277658,2634.2810719815093
76.7,0.010110267,3655.698348995006
76.8,0.008841671,3825.270217820984
76.9,0.0047546886,2644.557873912181
77.0,0.0040533077,2609.5627916247063
77.1,0.0056055468,2527.756173369952
77.2,0.005109383,2020.2304830615844
77.3,0.008252635,1599.9694292634051
77.4,0.006944774,3836.7350503688012
77.5,0.014913879,2626.3371351392198
77.6,0.008197725,1910.2009777801866
77.7,0.011265387,4800.10808901652
77.8,0.0143006975,4333.191958083222
77.9,0.007835041,3682.3863299661316
78.0,0.012941079,3231.3098041788226
78.1,0.030295162,2818.0803537929746
78.2,0.022512527,4073.3106931230723
78.3,0.010792982,1910.363545454543
78.4,0.023141667,1985.9574870625704
78.5,0.01643607,3895.164449799319
78.6,0.009304651,1790.6626345002883
78.7,0.013731601,2669.730333094292
78.8,0.011760055,3236.0820993014277
78.9,0.023751844,1943.9640059882722
79.0,0.0132966135,3940.2936441866655
79.1,0.03206533,3231.145835013742
79.2,0.01124322,3076.2723201174904
79.3,0.011569762,1885.2257782162756
79.4,0.014798993,4825.960869423207
79.5,0.0035324208,3914.0939889343767
79.6,0.020348383,3569.6065048158125
79.7,0.0140633825,3677.8526825107147
79.8,0.019401938,3086.5722266262665
79.9,0.015209066,3282.7408899060206
80.0,0.037391808,1915.9038039164666
80.1,0.027728695,5995.8499722579945
80.2,0.013554247,2556.7220772924807
80.3,0.0069898437,1867.4185310746097
80.4,0.010667216,1349.2722417505106
80.5,0.020354796,1368.761697142442
80.6,0.009153832,2626.4790332168486
80.7,0.011988416,3121.739794831618
80.8,0.023384586,2139.5850664846294
80.9,0.008733056,5217.459439249567
81.0,0.015940681,3073.2298885575087
81.1,0.018811813,3207.170620235637
81.2,0.00901665,3941.0705357433403
81.3,0.011427272,3709.845151145535
81.4,0.019921176,4760.85289348132
81.5,0.029457334,2432.010907918757
81.6,0.03014109,4152.427168683482
81.7,0.056173053,1408.4813778153136
81.8,0.017303322,1783.3349280631558
81.9,0.0035807167,2168.3128086632305
82.0,0.010147107,3082.4469155152183
82.1,0.007787367,2527.3301751073923
82.2,0.010437289,1348.55715994187
82.3,0.027606428,1879.3976671016796
82.4,0.020077169,1214.8226016787146
82.5,0.01899772,2982.14341902958
82.6,0.021127567,3685.362360737977
82.7,0.008717874,1799.4514951703181
82.8,0.008383506,5676.336093654259
82.9,0.026312174,2175.038366671981
83.0,0.007136981,3521.887532456368
83.1,0.0038850727,2693.5897856923402
83.2,0.013169371,9204.19723800015
83.3,0.01716923,4175.440199289385
83.4,0.0036955085,6474.20765192256
83.5,0.015995814,5776.449427889712
83.6,0.026133757,2779.9838784914264
83.7,0.024280101,3004.8344293962423
83.8,0.0103466585,2131.543085481277
83.9,0.01451773,2909.5419411736657
84.0,0.018269032,2942.548494256425
84.1,0.01798437,3031.0431881752306
84.2,0.035394646,1975.9071535291432
84.3,0.04219799,2232.794263281495
84.4,0.015282269,4261.665392075424
84.5,0.011121307,2502.919986787677
84.6,0.018416837,4712.296211886269
84.7,0.010892736,3167.1252069316706
84.8,0.008132275,4435.999306430612
84.9,0.016278734,3444.7788286348414
85.0,0.015237163,2481.705332272405
85.1,0.011072798,5574.331419012629
85.2,0.006660398,4210.594012278743
85.3,0.016409952,3791.3295303345617
85.4,0.017180726,4816.811197059598
85.5,0.022280604,4315.105850210593
85.6,0.0069872257,6445.686416425072
85.7,0.018387891,3098.0496618714014
85.8,0.030350327,1636.4025123735867
85.9,0.020589568,2692.964294414388
86.0,0.008446765,3749.626653773544
86.1,0.00886213,3660.656450391134
86.2,0.0051524187,7443.9497501583855
86.3,0.005689104,8308.01565292955
86.4,0.021738647,4317.874331692508
86.5,0.011345823,8150.831805811433
86.6,0.012287139,2194.233080841243
86.7,0.017721573,3058.4260888461085
86.8,0.013470998,5657.875512584331
86.9,0.010820693,4426.398076166664
87.0,0.012411994,4295.101767896487
87.1,0.015890114,5476.059538762243
87.2,0.015808737,5399.336611941127
87.3,0.023022639,3364.8458090654663
87.4,0.009258853,3761.4527929257674
87.5,0.009053723,3807.9015319533582
87.6,0.011092925,6765.807440777546
87.7,0.010052447,2687.8873764250275
87.8,0.015685758,2479.033748229844
87.9,0.010137566,4819.107833568405
88.0,0.0063782227,3876.8193559221627
88.1,0.00533405,4170.536121903036
88.2,0.002767127,2277.5633676905254
88.3,0.0035102712,2899.281855453647
88.4,0.0036768885,2371.795064303184
88.5,0.0068456745,2461.679132326531
88.6,0.012461381,1725.567153292946
88.7,0.01990941,6042.182701408177
88.8,0.0088157095,2887.9798708421026
88.9,0.016129514,3381.7021099415283
89.0,0.014244605,2496.728935366908
89.1,0.013914931,2039.4381693177381
89.2,0.01485737,1991.3331269697178
89.3,0.012595336,4478.866906725039
89.4,0.016917538,1984.131339538503
89.5,0.009292588,3764.511306315677
89.6,0.005191571,3769.0528216283546
89.7,0.0086747985,4142.98167371697
89.8,0.009309391,3470.1797819164467
89.9,0.0020639235,3973.230970575848
90.0,0.006049557,3291.99983734552
90.1,0.00892544,2892.7014691485956
90.2,0.0105587905,2685.9874564819274
90.3,0.004552379,1976.5852477516357
90.4,0.0041334755,2940.5298260739664
90.5,0.015242292,4319.6065644971695
90.6,0.01625547,3046.9969668638396
90.7,0.011730021,3394.7451060397643
90.8,0.0044301786,2385.2692179416035
90.9,0.01019649,4005.658573176353
91.0,0.014684884,3749.7139851905486
91.1,0.0060979906,4224.875902253681
91.2,0.010269683,2803.4243365334737
91.3,0.0029084024,3192.616641912232
91.4,0.0016760267,7276.78380737099
91.5,0.0016491831,6473.997251273147
91.6,0.006231074,3805.8491284162133
91.7,0.0017442618,3100.3333910879082
91.8,0.011809475,3188.3058928898986
91.9,0.013484141,2653.7488868074342
92.0,0.009263752,3736.890682566118
92.1,0.006570632,3203.729669677092
92.2,0.0124226045,4752.013654456945
92.3,0.02233183,1931.7682202272586
92.4,0.012821573,2539.8775279693878
92.5,0.005591753,6507.396598393519
92.6,0.00553821,2155.758586503587
92.7,0.0042228964,2606.9844215786698
92.8,0.008171249,2458.8789992978604
92.9,0.020216102,2430.758188044022
93.0,0.004496284,5048.7664032469775
93.1,0.016797507,3000.1898417880757
93.2,0.0055743014,4173.239505009693
93.3,0.009108806,4620.223401766889
93.4,0.01363137,2274.417963373171
93.5,0.009854048,2388.3732631247385
93.6,0.0048696017,3591.2209489815014
93.7,0.006627683,3015.536534322465
93.8,0.011937007,4573.851162047724
93.9,0.012805359,2843.7695347602935
94.0,0.0067098583,6751.002989468043
94.1,0.010456554,2929.675909612426
94.2,0.0040957243,2666.0809472348965
94.3,0.0043048034,3642.808309439758
94.4,0.011718343,3256.0625068434138
94.5,0.0059251897,4975.612086037168
94.6,0.011379232,7629.405014579972
94.7,0.0072987047,5090.738079891362
94.8,0.009200025,4916.816502276664
94.9,0.00939943,6285.440935920435
95.0,0.0073572365,1975.5659740569122
95.1,0.0037186828,1555.0985706075317
95.2,0.005817484,2752.0993751271317
95.3,0.003836236,2182.816134551938
95.4,0.014138053,3097.969610996792
95.5,0.01666771,2397.1823425853254
95.6,0.0037503103,4986.561191947247
95.7,0.007482374,4817.138829495161
95.8,0.006467132,2562.5644280220486
95.9,0.032018553,1493.0489050543442
96.0,0.005142318,6736.137452701353
96.1,0.008216425,3650.3745186223505
96.2,0.016845295,3776.2874141702628
96.3,0.0078714,2974.050809020442
96.4,0.008522361,3309.5047469567226
96.5,0.01346277,3686.258052788774
96.6,0.01073087,7784.083894659765
96.7,0.011413214,3203.6017554049213
96.8,0.017449837,2510.466424523387
96.9,0.019305762,2482.832464497425
97.0,0.027939253,3552.1875479120918
97.1,0.015855845,5726.829724762923
97.2,0.016535517,3879.9853704396082
97.3,0.025744768,1979.0281716072866
97.4,0.020343704,3165.363629281097
97.5,0.011553374,3220.1503669558792
97.6,0.051635202,2451.256014040434
97.7,0.020216724,2336.836514213979
97.8,0.020127092,1947.8333390877983
97.9,0.017125215,818.9762868579812
98.0,0.04751107,2087.589553203765
98.1,0.06669647,1561.4818807985318
98.2,0.018792296,2917.6354287078234
98.3,0.01278223,2530.03470565764
98.4,0.015555935,2735.9304610876325
98.5,0.012623141,2423.8091971898125
98.6,0.014308239,3793.6512019958764
98.7,0.01822321,2427.846717125574
98.8,0.023661727,1672.1206417657659
98.9,0.012282705,5183.611552476429
99.0,0.040976785,1684.3001150514922
99.1,0.04520726,2213.3445990000823
99.2,0.018908001,3147.1888182778757
99.3,0.020488195,2468.1928793553298
99.4,0.006932939,8820.415926975707
99.5,0.015349126,5991.080719364291
99.6,0.003869063,4083.100801149136
99.7,0.008800779,3929.254189312487
99.8,0.007365728,6368.453562016704
99.9,0.015309868,3136.4239459540195
100.0,0.011330996,3607.714827308945
100.1,0.0038373119,2391.7838939999674
100.2,0.0056655025,3882.912922235886
100.3,0.006721807,2633.440734595233
100.4,0.004643754,8771.298600981474
100.5,0.0149629265,5893.7789052425505
100.6,0.009817951,2683.98965239822
100.7,0.0074394536,2481.1529115264584
100.8,0.020180332,2205.8249458071496
100.9,0.01248898,2205.3742841596577
101.0,0.003777135,3122.3085730942744
101.1,0.0082797,2682.314701693164
101.2,0.0053799944,2627.8209275253007
101.3,0.0122391675,1803.3932476402863
101.4,0.0076332553,2412.981389334437
101.5,0.008657475,2141.3282224291497
101.6,0.0056005483,2939.9662603258316
101.7,0.010026523,3757.5419783134444
101.8,0.013978542,3142.2069410272566
101.9,0.0040339744,9441.004570170116
102.0,0.035655655,4447.003330136618
102.1,0.010079461,5649.0385334932225
102.2,0.0062612924,9587.23667089333
102.3,0.005743098,3642.937906376066
102.4,0.007045181,4602.3203856501605
102.5,0.0009883891,2819.4229717210765
102.6,0.004011959,2719.5467136657617
102.7,0.026183765,1334.7989414632389
102.8,0.00966801,2973.530316535154
102.9,0.0018713953,2924.4709267395556
103.0,0.057607256,3139.1606045636836
103.1,0.009841417,4187.635677375289
103.2,0.009951596,3972.6110356718305
103.3,0.004426889,5395.551183051577
103.4,0.011934142,3519.9547242288186
103.5,0.013811442,3345.0886916480276
103.6,0.009472162,5139.359494889757
103.7,0.014430776,3818.7614016061643
103.8,0.010208255,2389.1464304332094
103.9,0.0013267462,6442.7178571235
104.0,0.011785569,2178.022623517557
104.1,0.006415458,3099.2902871939077
104.2,0.018446244,2466.2902539309325
104.3,0.009072514,3841.5192916696346
104.4,0.011828436,4785.500356612471
104.5,0.0065806424,3567.7763535384147
104.6,0.01937389,2095.887618513364
104.7,0.010185248,3375.9844107883564
104.8,0.0060733864,5964.300989994874
104.9,0.027013307,2924.9967840393915
105.0,0.01693419,3835.1844007331233
105.1,0.015885264,3305.715805774963
105.2,0.008586519,3355.2724793436923
105.3,0.0076087397,3243.953062855515
105.4,0.009504595,3478.9332435111683
105.5,0.0050660144,2097.2845760314776
105.6,0.007950753,3656.7815018236615
105.7,0.013828295,3747.919166603542
105.8,0.003683096,5566.002661748142
105.9,0.017082665,2802.882353170834
106.0,0.01085572,3709.735116161284
106.1,0.013284007,4034.9669336754305
106.2,0.016943678,3535.3829922116256
106.3,0.017199077,5639.740727441832
106.4,0.018290114,4092.828390286373
106.5,0.01709059,3678.8239122588125
106.6,0.011793775,3299.0830122034736
106.7,0.020433368,2960.8338003258655
106.8,0.013442781,2810.611214594716
106.9,0.016171288,3489.2002128881845
107.0,0.008688779,4474.826353453704
107.1,0.02675183,4237.074503463167
107.2,0.0018033894,4826.078467185411
107.3,0.01469812,5417.406858802659
107.4,0.008089293,4727.606057199138
107.5,0.023586687,3479.8916014064016
107.6,0.0055715926,5554.255856734017
107.7,0.012151875,3470.2605727251075
107.8,0.0066544698,5069.466181281485
107.9,0.02970903,3711.2562402120257
108.0,0.029214108,3141.280386020552
108.1,0.06673285,1982.67647967064
108.2,0.0313081,3298.9104372990037
108.3,0.012617373,3447.8282341359018
108.4,0.026640834,3482.1159634259275
108.5,0.00731894,3966.0560205615866
108.6,0.02474013,6644.983697701203
108.7,0.0323294,5188.146664073125
108.8,0.029014707,2327.2891955551945
108.9,0.024397952,2284.594024388428
109.0,0.028450297,2041.2221285240403
109.1,0.01889315,2455.260075723319
109.2,0.021342112,2631.004235730417
109.3,0.023875976,2745.51226602426
109.4,0.0081075635,3713.8447879079667
109.5,0.008136817,8717.079746108562
109.6,0.018741095,3639.9695703170282
109.7,0.017285056,3302.8108294780604
109.8,0.024880534,2136.2949406284015
109.9,0.027005399,2857.284998696427
110.0,0.018030062,2265.1304272042858
110.1,0.037619073,5041.427127172448
110.2,0.020971699,2599.050354094191
110.3,0.01797663,3111.0633375225175
110.4,0.0058937874,2937.416321790104
110.5,0.005129643,3823.7721901232226
110.6,0.008993575,4057.1844487494
110.7,0.013266606,2784.6011337209875
110.8,0.011860776,2439.53987147
110.9,0.018894592,2019.5582139760472
111.0,0.015297212,2134.3174620070386
111.1,0.01864103,1644.2461215094115
111.2,0.025140455,4461.467558284283
111.3,0.021461653,2375.0562723997455
111.4,0.015682233,2145.3763938996735
111.5,0.020165008,2383.118548188712
111.6,0.015535637,4090.4249371300943
111.7,0.015385569,2296.120185470527
111.8,0.009587097,503.14366548431184
111.9,0.012672244,2570.6349745642
112.0,0.007614977,2255.3385550903013
112.1,0.0022934377,2235.708260286601
112.2,0.0045602242,2327.4678049554764
112.3,0.003898278,1899.1558509668664
112.4,0.009262831,2233.4137782503385
112.5,0.013401629,3463.3554401330757
112.6,0.0067690844,1582.1624839847464
112.7,0.013081905,3142.0863360533776
112.8,0.0021814972,1655.960202926362
112.9,0.015724042,3831.32456900997
113.0,0.010386988,5583.738445830308
113.1,0.014515977,3185.70467496719
113.2,0.017839694,3479.2552177517055
113.3,0.0126666995,2681.6515817961445
113.4,0.02294799,6646.294243064209
113.5,0.010484167,1547.195493406909
113.6,0.009265818,3316.5346866760788
113.7,0.0060148793,3582.64082872165
113.8,0.0124283,2685.8201149498364
113.9,0.005074816,3139.2440823480474
114.0,0.010700879,2604.028968382432
114.1,0.008889156,835.218694970709
114.2,0.0075526787,1861.2072018370454
114.3,0.038856894,1929.6035276943826
114.4,0.025790868,2022.1762804835685
114.5,0.0149682425,2009.636342069513
114.6,0.03418124,1716.8288715239403
114.7,0.027976012,3092.497342227587
114.8,0.036386624,3051.8601535000016
114.9,0.0116329035,4362.537638897831
115.0,0.021468366,2785.831575974768
115.1,0.010962072,3144.0831649009688
115.2,0.025342122,713.1775154988234
115.3,0.00631256,7181.574285407487
115.4,0.016192926,2383.658858566309
115.5,0.013580505,2003.2819746700864
115.6,0.0068909153,4048.5853690969743
115.7,0.008780798,1333.228861539756
115.8,0.016857894,2826.6709506083876
115.9,0.008386631,2660.0510284326992
116.0,0.012607815,1928.400889464818
116.1,0.020315232,2366.634565864824
116.2,0.012978047,2413.219524166244
116.3,0.024472367,2387.316193484363
116.4,0.013214321,4222.254094333016
116.5,0.018793711,3430.7483934447737
116.6,0.006488905,2994.2199758393103
116.7,0.011593372,3633.979397204469
116.8,0.008611459,4273.534008151848
116.9,0.004858193,4778.633598142838
117.0,0.023705468,2799.7913655581083
117.1,0.00508335,5792.191943998869
117.2,0.01764568,2856.6660682767456
117.3,0.012599639,2347.1806165946437
117.4,0.0049016527,2898.4627422801145
117.5,0.0115873385,2819.262151354824
117.6,0.0026425493,3097.796258291076
117.7,0.0016014718,4935.993978103635
117.8,0.017821487,4544.822504604292
117.9,0.0074482057,2752.8550980282457
118.0,0.0066631823,4419.5756703626985
118.1,0.009753755,4309.079200818869
118.2,0.0070708552,4249.078936975497
118.3,0.008000183,3075.750346588931
118.4,0.015125437,4475.044277316447
118.5,0.010471735,8240.875383129081
118.6,0.010581096,7077.6894557354
118.7,0.01262566,4032.249859084425
118.8,0.009547084,2100.8508064754924
118.9,0.0049773813,4488.015696427011
119.0,0.012052153,2998.46906013763
119.1,0.0027056115,2956.4369689778887
119.2,0.012571608,2060.8317086364204
119.3,0.013454443,1861.6583000507194
119.4,0.0066177375,5401.357044865901
119.5,0.0186937,3486.2098116118877
119.6,0.00690888,3397.734620364402
119.7,0.010996124,3179.6284466200896
119.8,0.023668932,2828.036487021109
119.9,0.014281942,2593.021472969512
120.0,0.018262854,2644.3451238476378
120.1,0.014286861,2617.367174071674
120.2,0.036917396,2223.5050516912765
120.3,0.010458683,3401.2215476637602
120.4,0.017298194,2654.7659163247595
120.5,0.012134276,4565.441696193528
120.6,0.014176615,3897.4313132757
120.7,0.009839852,3757.7539621528126
120.8,0.0018532809,4046.4246554710576
120.9,0.014235014,5256.569240537004
121.0,0.0061540683,2066.433191642859
121.1,0.002290471,1899.527117546856
121.2,0.01382983,2749.0075784736187
121.3,0.005022372,3567.3856424063943
121.4,0.018102197,3452.819249582845
121.5,0.018396826,3581.565047810086
121.6,0.009487408,4637.800645333442
121.7,0.016308097,2890.9589275547687
121.8,0.014605172,2740.2541325858
121.9,0.0115472395,7846.00837366978
122.0,0.017931093,7630.165640019338
122.1,0.012319711,3457.957274437516
122.2,0.01330182,3804.756344687738
122.3,0.011311476,3904.4449167688877
122.4,0.006628818,5543.989798182472
122.5,0.0038364364,3694.579931815258
122.6,0.007010589,3408.1566817921835
122.7,0.003344945,1839.5667365384802
122.8,0.002765978,2675.9188005288825
122.9,0.0055743684,3282.999273798241
123.0,0.009428725,2784.698873863386
123.1,0.014324477,4194.202401475757
123.2,0.0048915297,6624.779185150221
123.3,0.013296329,3046.9618805023674
123.4,0.029460963,2563.3329666952136
123.5,0.009242792,2901.526562788861
123.6,0.022534505,1788.0430227710442
123.7,0.0072276904,6826.2057712925225
123.8,0.0043645375,3878.750170566643
123.9,0.003487189,1790.1359823826388
124.0,0.04383445,3810.7490460121326
124.1,0.011660067,3261.5752602825987
124.2,0.0053125257,2314.833814649992
124.3,0.0034125305,3161.618422291751
124.4,0.0044948994,2466.700085854055
124.5,0.0045760553,3045.6659309762526
124.6,0.008362538,2879.9795694435397
124.7,0.017290654,4494.253191009642
124.8,0.014220514,2929.5182129773066
124.9,0.01773054,5142.144032868391
125.0,0.010892127,7101.48168654423
125.1,0.02050975,3182.516773990603
125.2,0.011613222,4231.856076143141
125.3,0.007876733,3620.8214467511266
125.4,0.018712776,3677.6926291734335
125.5,0.04067696,3998.7129048918696
125.6,0.0048883855,3755.832082633828
125.7,0.026218208,2992.6049851256575
125.8,0.042914387,2151.4868014084727
125.9,0.0063025616,1755.8228794549268
126.0,0.026285194,1995.9925616169126
126.1,0.025491713,2425.3930917189523
126.2,0.011925904,1936.4697408449506
126.3,0.0057960404,2146.965608326538
126.4,0.035321392,4117.163757885316
126.5,0.017950132,7236.377828982042
126.6,0.04604355,2914.6074377956393
126.7,0.013266813,3370.122730449937
126.8,0.011994607,2195.641142282827
126.9,0.028712437,1771.3754496069703
127.0,0.0110702105,3250.4592760125597
127.1,0.010248873,2227.695125834774
127.2,0.017961761,7781.728805416986
127.3,0.01480514,2742.291021448903
127.4,0.0040043388,2381.97879493882
127.5,0.005335675,4410.856646779475
127.6,0.0033552374,4025.2901635234844
127.7,0.0045795953,1909.158449792573
127.8,0.0050421925,1283.5355823666814
127.9,0.013751908,1762.4685384574148
128.0,0.009886087,2487.165081724148
128.1,0.012264454,2915.548486407818
128.2,0.008200479,2790.497681774923
128.3,0.016225573,4353.563354386336
128.4,0.01852692,3746.2789119064737
128.5,0.009629127,6574.242815662339
128.6,0.021534141,2432.8702765870016
128.7,0.007913446,3690.437680370613
128.8,0.0119011635,3405.434549618287
128.9,0.014282116,3743.9349449864762
129.0,0.05578321,1736.9124031310487
129.1,0.013745764,4005.1136831571184
129.2,0.01982511,2735.6691220398443
129.3,0.0077532227,2743.8323595908882
129.4,0.028447846,1881.9371439786098
129.5,0.018883234,5027.597943162707
129.6,0.008028675,973.2321327634686
129.7,0.012980514,8399.58798842899
129.8,0.026195664,2665.6806963766294
129.9,0.043078706,2990.982696060393
130.0,0.015114239,7331.1136132630345
130.1,0.0205414,2771.748660959631
130.2,0.066536814,4589.575892729654
130.3,0.022241633,3063.94017855803
130.4,0.032249704,3692.6561682519905
130.5,0.014775542,3453.154381117336
130.6,0.010985122,6717.6574364996395
130.7,0.02554242,2645.0842209056955
130.8,0.02618074,2474.605138211556
130.9,0.01636456,2678.0339059188796
131.0,0.023754524,1737.675906268542
131.1,0.005877378,3121.5884590029555
131.2,0.009241267,1177.697906002048
131.3,0.018872175,2078.925844986137
131.4,0.029061487,3296.0387829072106
131.5,0.012491413,6725.461398775612
131.6,0.022522634,2753.64173909003
131.7,0.020202428,7342.053575925436
131.8,0.03550518,2312.158064730632
131.9,0.03056104,3109.595219317548
132.0,0.027304035,2647.734615701214
132.1,0.01968743,2083.8154843792254
132.2,0.012311234,2210.2333367651545
132.3,0.020450609,2381.7528681993886
132.4,0.014199133,4520.627194126209
132.5,0.016071297,6420.324751678394
132.6,0.01247963,4539.01040553098
132.7,0.007879084,3694.7203559955524
132.8,0.0326406,1459.5585214794582
132.9,0.02975087,1236.8189127002815
133.0,0.010784955,2845.2429677737255
133.1,0.014017424,8128.863212049988
133.2,0.010887136,3824.8311557024936
133.3,0.012144486,3039.3390531545892
133.4,0.012349669,3636.2782718305853
133.5,0.024032542,5856.117767108687
133.6,0.009737007,3502.408946655389
133.7,0.01363298,3562.120738035291
133.8,0.015388754,2636.0182422048
133.9,0.0148366,2059.4141286605036
134.0,0.009508331,4534.526783688536
134.1,0.012097596,2815.7222656567615
134.2,0.016304968,3242.236467859323
134.3,0.017419247,4006.3322945837886
134.4,0.011669858,3261.658066014724
134.5,0.0064425822,3030.2868732995644
134.6,0.0058734324,2784.3993980627993
134.7,0.00035913062,7463.157699096253
134.8,0.008661265,2943.0937748881083
134.9,0.0068547884,1734.4933639764772
135.0,0.011729629,3368.120371769527
135.1,0.005732596,8772.912222697913
135.2,0.015283595,4331.638202280091
135.3,0.01084459,6611.515592938959
135.4,0.013725357,4419.861088931655
135.5,0.014535104,3872.9995054769406
135.6,0.006230766,6144.030047645114
135.7,0.01270416,5610.2883414368025
135.8,0.0064319693,7359.323564501273
135.9,0.007442648,4578.988042027442
136.0,0.012139055,5305.509452331301
136.1,0.010705288,5840.432483539554
136.2,0.00573996,7141.618262260852
136.3,0.013174694,6307.650983809642
136.4,0.012693591,3093.350996839563
136.5,0.011108702,8453.555565503837
136.6,0.015265174,4474.155284734788
136.7,0.008978938,8237.12514217362
136.8,0.01274715,3158.7649627947367
136.9,0.010407837,4033.2904474220986
137.0,0.0043733385,4095.410848434887
137.1,0.007930613,3639.765675749518
137.2,0.00857328,4719.898152163407
137.3,0.0071821837,3556.49969662873
137.4,0.011963448,2210.088826285143
137.5,0.011175552,2920.1160657193554
137.6,0.01127273,1958.3847526879076
137.7,0.011158238,3028.6917075095844
137.8,0.012646963,2863.8348755363754
137.9,0.0036646673,892.0593408780883
138.0,0.0045369077,3632.1490282622644
138.1,0.007541621,4068.9587846849645
138.2,0.00835866,5379.739700838315
138.3,0.016525669,4387.797614117124
138.4,0.010538302,5147.091853058166
138.5,0.012748897,2816.8751443455417
138.6,0.006073624,3201.2663307081175
138.7,0.0020783623,3157.8624665429898
138.8,0.005038827,5335.018990391694
138.9,0.005437559,5917.805768225846
139.0,0.0018167807,2058.273227662854
139.1,0.004207316,3093.984240724323
139.2,0.004298762,3582.4022365107344
139.3,0.007929499,3976.4664379026185
139.4,0.0047570057,5787.374506485523
139.5,0.005171642,4084.7722412194908
139.6,0.006706316,4659.004575092189
139.7,0.010281283,2991.336296928951
139.8,0.011594042,3487.621961063445
139.9,0.015955731,3549.4524346190565
140.0,0.009055638,8559.39350289928
140.1,0.012131619,3381.5130511021434
140.2,0.014219614,5000.0789146237885
140.3,0.01290734,4413.429765021005
140.4,0.014468124,4122.1601070038705
140.5,0.006327917,7483.888511947827
140.6,0.025577508,2596.089852970496
140.7,0.01433573,2354.719941691732
140.8,0.02692026,3551.6930279888356
140.9,0.014223923,5344.625635981865
141.0,0.00780236,3174.758089692867
141.1,0.010270332,2293.7343763719887
141.2,0.01146256,3000.7162148838606
141.3,0.011456329,3430.6246750477967
141.4,0.009101442,1570.2348850032786
141.5,0.014896477,2283.4292807981656
141.6,0.010480933,3608.8574080077633
141.7,0.01324113,2953.1867381428997
141.8,0.0052326857,1886.0982116739183
141.9,0.004965522,1336.333546280743
142.0,0.027082635,1523.7179103930016
142.1,0.0067595523,2301.534836991481
142.2,0.014261787,1542.7886155701508
142.3,0.006360328,1972.3087975851613
142.4,0.013419453,2443.8413300619104
142.5,0.008493526,748.3130702613003
142.6,0.004490844,1190.4539109076463
142.7,0.018045135,331.4030090011458
142.8,0.008335983,1564.1751697136497
142.9,0.01401464,2592.0136149123546
143.0,0.0112653375,6626.589768069355
143.1,0.025209252,2765.941095337164
143.2,0.010958026,7206.556007347639
143.3,0.013333181,4069.4361268929556
143.4,0.042013843,1995.984943489823
143.5,0.018024594,7183.6249311591
143.6,0.018571781,3985.8608521248107
143.7,0.01799264,6931.832623841722
143.8,0.020341491,4612.783823874727
143.9,0.039331425,1755.6586286770566
144.0,0.018312937,1978.0417062846511
144.1,0.014828446,9111.54807787036
144.2,0.018598022,7487.55750169787
144.3,0.041634135,4162.200370999239
144.4,0.027239235,6019.970228390878
144.5,0.010388655,7777.222180329125
144.6,0.01723755,2018.1461388893786
144.7,0.021019686,2551.8764464137935
144.8,0.010364675,7622.455224045567
144.9,0.009336396,3379.52989877705
145.0,0.009750087,2822.114553417322
145.1,0.010317066,4387.429318427243
145.2,0.008004801,5625.298911428312
145.3,0.02784531,2373.359583000521
145.4,0.03493561,1622.4203020654963
145.5,0.027980644,510.8335357326004
145.6,0.025951954,3075.3900769470824
145.7,0.010162533,9686.069530289937
145.8,0.0236875,2973.6430555589986
145.9,0.008390823,6378.303596445609
146.0,0.013696569,3598.5992420885705
146.1,0.029704643,2637.0782624289195
146.2,0.013786833,6424.510984827157
146.3,0.020248098,3566.642287719001
146.4,0.021027105,7495.597525014682
146.5,0.01846432,6028.428882058672
146.6,0.013054966,2433.3369921563
146.7,0.013350476,3199.845662318014
146.8,0.020562723,6199.583849645846
146.9,0.031648777,1733.6156538006626
147.0,0.014902474,1636.8077407280045
147.1,0.012538418,4137.277793735
147.2,0.0067439075,11962.258416399403
147.3,0.014684723,5794.575541885593
147.4,0.011943635,2560.9722497617595
147.5,0.0422002,681.584625846552
147.6,0.015455319,939.9173579061544
147.7,0.019160235,2248.4942632960474
147.8,0.024378654,1178.7148959523365
147.9,0.017472208,4369.592141892885
148.0,0.0063164914,5727.308313936506
148.1,0.024308113,2321.8302341970434
148.2,0.014240221,3645.706574470292
148.3,0.012453663,2994.194507619642
148.4,0.0025550616,1598.417782664344
148.5,0.010493671,8298.380101813462
148.6,0.04851725,1960.3785086264159
148.7,0.019847376,1378.3705222308365
148.8,0.0022076846,1454.4382014973814
148.9,0.018184528,3030.569196884797
149.0,0.0216415,4044.8172885510567
149.1,0.015084074,2613.661187338371
149.2,0.0090958625,3037.932136341201
149.3,0.019605558,3812.904198760814
149.4,0.02776322,4306.003415381975
149.5,0.020243794,5379.899716559402
149.6,0.0119264,3156.1197967982534
149.7,0.005603878,2949.3142631686596
149.8,0.013000495,3731.5057985867616
149.9,0.014877325,4146.211432861588
150.0,0.0029578155,2020.4220337093034
150.1,0.02756911,2765.9479680294735
150.2,0.027236318,2939.597745371945
150.3,0.014350687,2894.818286160041
150.4,0.022564188,2949.822796242507
150.5,0.026140261,2820.5149951504563
150.6,0.017741418,1535.657351217394
150.7,0.008971464,3284.5836660990317
150.8,0.017962635,7293.8916170197135
150.9,0.018452508,3338.250548969075
151.0,0.010726608,5713.4375883819575
151.1,0.021530857,3005.295682096767
151.2,0.0066925758,6399.299230819151
151.3,0.005418621,9753.56993829682
151.4,0.015353632,3406.846939734589
151.5,0.0096849045,3876.9947494955863
151.6,0.024743836,3867.270452231145
151.7,0.016098734,2738.9588874623614
151.8,0.0100829825,2392.1655907796157
151.9,0.01316959,6283.465353384567
152.0,0.005029679,1284.2093039303666
152.1,0.0096549215,2707.278325895473
152.2,0.03961026,2543.6847656209925
152.3,0.01713613,5336.789682207918
152.4,0.013732066,3404.7389593507214
152.5,0.020396274,5792.543515281053
152.6,0.012815323,4132.452749002231
152.7,0.010797607,3573.9842204272727
152.8,0.011673689,2830.5906048929464
152.9,0.0564927,2110.0573441525144
153.0,0.022203995,3571.05865416852
153.1,0.022838173,3360.9676303496667
153.2,0.014498297,8472.671858697002
153.3,0.028688712,3759.238423696994
153.4,0.020209018,2272.8933691114466
153.5,0.007394914,2187.600928740425
153.6,0.020222636,3447.592208371752
153.7,0.028711654,2468.578082180943
153.8,0.024481684,3559.071684605696
153.9,0.019967495,2998.055667248545
154.0,0.01769933,3181.6046201842814
154.1,0.010436725,5902.883872564127
154.2,0.019975558,2942.9437623321837
154.3,0.026291303,2215.55493335073
154.4,0.027296308,2982.9973396236987
154.5,0.00971451,3462.281790428699
154.6,0.028280508,3578.314295056894
154.7,0.013490299,6079.758182125855
154.8,0.0075310245,5524.085703275212
154.9,0.010561824,4342.938002626315
155.0,0.011105937,4085.740528076291
155.1,0.0063686557,3566.174926552665
155.2,0.03126939,4780.744785908404
155.3,0.039643228,1923.793025987739
155.4,0.019729383,6253.706045410563
155.5,0.024496736,2715.0934041963087
155.6,0.03869941,4264.404323315548
155.7,0.026029302,2203.878050689462
155.8,0.030987255,3091.711177999296
155.9,0.009819935,2797.8678740838086
156.0,0.0144114,7281.736569103246
156.1,0.01586688,7790.278680110665
156.2,0.009280801,2437.6627615150965
156.3,0.014874886,3914.6024619963964
156.4,0.018205231,4113.030903512538
156.5,0.011251046,3324.972694466441
156.6,0.005841876,2129.9442748020265
156.7,0.007979717,3844.09860285534
156.8,0.0076718447,4525.71412447012
156.9,0.0076229614,3974.6689250144955
157.0,0.003174248,2329.1988861281234
157.1,0.027129356,3516.397332462064
157.2,0.008497538,6469.074660572817
157.3,0.022913342,3143.4906799506125
157.4,0.01845013,2701.6730150107796
157.5,0.019083053,2049.3772149998335
157.6,0.01370044,6759.502624934192
157.7,0.024999147,2333.275215968763
157.8,0.034606658,2594.417931890678
157.9,0.010715934,4471.508223543841
158.0,0.009281621,2223.3168089390533
158.1,0.010819927,2641.5189997162342
158.2,0.014940446,2626.12024176602
158.3,0.018519035,2483.4407973422176
158.4,0.015130968,2980.766557626721
158.5,0.03936313,1722.5265622928146
158.6,0.007781461,6330.891419862039
158.7,0.01660714,2068.6888279108016
158.8,0.012717638,3224.6045788755127
158.9,0.014597931,2360.0317944708745
159.0,0.008481715,6058.831224047203
159.1,0.016788302,3156.119978441938
159.2,0.0056108427,3599.562001623996
159.3,0.012724277,4413.0334803397
159.4,0.010396908,5917.1136422005475
159.5,0.0030151126,3064.7570139693116
159.6,0.0043550953,4626.48188273546
159.7,0.01069178,2654.9609478203265
159.8,0.020833906,2207.1788336832983
159.9,0.0134871835,2128.421533594411
160.0,0.008374182,1129.6494343566021
160.1,0.012557444,4095.0519704723247
160.2,0.010129083,8989.371941509511
160.3,0.015774535,3934.988695333162
160.4,0.013113425,7361.623339442893
160.5,0.014685322,2932.8351441365294
160.6,0.0086698765,2530.7822508658965
160.7,0.010081648,2111.9126832418838
160.8,0.009260232,4879.18863417608
160.9,0.011178716,4179.2190280520235
161.0,0.021301188,2743.626062193582
161.1,0.006295815,3397.0219462240907
161.2,0.020832201,4994.1041921544675
161.3,0.008195332,5905.551318831968
161.4,0.0052505923,5310.95181602135
161.5,0.005674172,6264.082659107782
161.6,0.015846418,3214.5899581524322
161.7,0.010811845,2696.9394541749234
161.8,0.008396873,2909.951225044662
161.9,0.01663475,3359.6147273235415
162.0,0.023642559,3420.747967197852
162.1,0.011323169,4761.846713849933
162.2,0.00778026,3909.090292628281
162.3,0.00962002,5809.269147424227
162.4,0.003933156,2793.3586466465244
162.5,0.008914133,4372.506386164935
162.6,0.0076349373,3399.034498044218
162.7,0.008851786,2198.7008482850597
162.8,0.012218427,4294.870353711265
162.9,0.009355023,3294.675046015848
163.0,0.00782419,1856.8617215410443
163.1,0.009493858,3085.4497574587263
163.2,0.0031359869,3467.8442935797775
163.3,0.016172023,4068.237890228113
163.4,0.018790485,3320.3692413058357
163.5,0.011973981,3576.6108762181875
163.6,0.018717228,5651.339322319812
163.7,0.00954191,4228.866616796657
163.8,0.012658132,4110.608632225408
163.9,0.0054786922,4314.692904197546
164.0,0.0021743553,4434.519354346121
164.1,0.0057504596,8776.311977197027
164.2,0.0036051236,6608.559622535889
164.3,0.007233425,5233.152400706096
164.4,0.004760567,7693.284575415317
164.5,0.012237691,6908.304742230128
164.6,0.003125218,6182.221075514741
164.7,0.002833596,6161.72983157702
164.8,0.013743602,4377.352609406353
164.9,0.012974242,4458.904509534526
165.0,0.0062545766,6360.577309214717
165.1,0.016861213,7016.218795102419
165.2,0.00968863,2327.2000288381796
165.3,0.012892266,3676.8443562668353
165.4,0.015584022,3035.365645580494
165.5,0.0138143925,3429.170533751315
165.6,0.011955084,3157.989379843782
165.7,0.00922342,5331.864645111606
165.8,0.0037086136,3932.4885790403823
165.9,0.013561983,3502.1721694268017
166.0,0.00971046,4068.1855448619517
166.1,0.018013624,3968.2438259333085
166.2,0.010608598,4035.5864195777012
166.3,0.023009483,5754.407491583968
166.4,0.013505378,5703.320580144284
166.5,0.011024512,3840.1917014802493
166.6,0.017515898,6141.277531846533
166.7,0.009341032,6293.020470128118
166.8,0.0031303295,2991.2860609054865
166.9,0.013400144,4446.531649644514
167.0,0.00858932,7191.319606277677
167.1,0.009048531,8111.062859236054
167.2,0.02550787,3258.6387933304577
167.3,0.023284614,4259.082680887204
167.4,0.012712883,5416.11480589569
167.5,0.011585466,4510.618259822051
167.6,0.024473302,4044.0482671901964
167.7,0.005251147,3933.6183831983853
167.8,0.0063078688,7033.60553888365
167.9,0.010650546,3576.878422263989
168.0,0.012463524,3179.717543631605
168.1,0.015276241,7471.314723208408
168.2,0.012200363,2546.713323745929
168.3,0.0068421112,3078.691486596195
168.4,0.013823643,2554.684909835624
168.5,0.032887995,2978.514860995386
168.6,0.005564493,3924.480417544817
168.7,0.011738004,7384.85884557263
168.8,0.0032080577,3374.6434363378476
168.9,0.025467582,3288.8785625599303
169.0,0.0110939,4075.5257218704173
169.1,0.022023773,3430.920451975806
169.2,0.024431294,4616.208604690472
169.3,0.0368788,3254.856558057516
169.4,0.015788546,3721.6251639821785
169.5,0.031702798,4132.854278699791
169.6,0.0065448554,8493.144694833909
169.7,0.036602564,2841.456351017754
169.8,0.010763185,9231.168735493264
169.9,0.017938104,2776.5332455089765
170.0,0.021255648,2705.172868163336
170.1,0.009143165,2178.516600622721
170.2,0.012056236,3259.6152035174136
170.3,0.012968435,1370.244789425934
170.4,0.008136849,709.1514100549487
170.5,0.011933013,6935.615990682672
170.6,0.013033098,1371.545330557817
170.7,0.025562048,2269.404078556629
170.8,0.012994148,2931.429749998516
170.9,0.016215773,6945.715625434566
171.0,0.020666769,3024.7687351349387
171.1,0.0031689645,6685.252987180642
171.2,0.0116047,4334.50067709309
171.3,0.009548355,2307.561772095465
171.4,0.0035084668,7500.286093133791
171.5,0.008393627,2375.4007134560325
171.6,0.019452121,1464.899999160797
171.7,0.024307027,2776.2891149659154
171.8,0.015888223,2669.731965874232
171.9,0.004026056,2780.915241482876
172.0,0.007503338,4167.189941718802
172.1,0.008815421,2724.9361327942106
172.2,0.010523626,9033.55584242297
172.3,0.01625906,4145.968390022969
172.4,0.018223764,5600.992386926146
172.5,0.023024626,2690.669425016999
172.6,0.018320285,3269.8327846925604
172.7,0.007859737,6752.011985228031
172.8,0.00816101,2169.4051947931453
172.9,0.025982298,2308.0441683846893
173.0,0.025189897,1039.9938924866992
173.1,0.0076439027,2768.432247004706
173.2,0.032338828,2999.5761275877503
173.3,0.016130487,2888.714706328528
173.4,0.008396834,2092.817231940657
173.5,0.006405294,2465.0875930286234
173.6,0.0036323827,6859.352839081033
173.7,0.018788215,4008.6655321982817
173.8,0.009227466,5308.474350511842
173.9,0.0061866324,4110.84086415283
174.0,0.014832529,3805.11379887683
174.1,0.0120771825,4394.959642036056
174.2,0.025340706,2229.9707675962463
174.3,0.010119195,4245.025351842271
174.4,0.0061432184,3884.8700186246824
174.5,0.00496792,4135.199891103059
174.6,0.006113201,3263.839734196932
174.7,0.001065166,3363.094975474525
174.8,0.008743079,8332.586191983875
174.9,0.011796704,2787.159094157064
175.0,0.015965113,2464.150203439971
175.1,0.015253948,3015.9456039414627
175.2,0.024534905,2873.7596083542535
175.3,0.022288311,4938.12352081772
175.4,0.015735695,2696.0834459546436
175.5,0.01253331,6821.102401199265
175.6,0.016230827,4303.804998533748
175.7,0.016771058,6428.744266659328
175.8,0.0075979196,9391.487872402842
175.9,0.0066732527,4225.527387172731
176.0,0.008978184,2963.16742316835
176.1,0.006580438,3547.617751409571
176.2,0.0062141637,4852.2886054366245
176.3,0.010517449,4256.738590059679
176.4,0.004666795,2884.4513756716115
176.5,0.018876128,2320.3605375615584
176.6,0.019290324,2201.1610548808117
176.7,0.020303508,2844.8096540229326
176.8,0.0060038343,1621.8793951056423
176.9,0.0064954595,1693.2103743561759
177.0,0.011017666,4418.992632022615
177.1,0.009096276,3024.1481122271807
177.2,0.008720368,3667.7444609182
177.3,0.018708209,4085.7941219155637
177.4,0.02472309,3021.897293942464
177.5,0.015272511,3197.4351056125183
177.6,0.008078035,6637.369288460233
177.7,0.011745095,4278.576283691493
177.8,0.02948754,2109.7969676036896
177.9,0.003925136,2044.0454472485596
178.0,0.004824292,2137.6112680944684
178.1,0.0084958365,3934.316940581826
178.2,0.0026870377,3203.8369489969855
178.3,0.0071008434,3864.4971233216725
178.4,0.007236757,5498.516414620626
178.5,0.006543823,6074.370898392692
178.6,0.0033063663,4691.1496158588725
178.7,0.012675416,3961.7219402697897
178.8,0.01795654,2836.406474434098
178.9,0.023136102,3289.47822658244
179.0,0.010019561,4547.9928043482305
179.1,0.016805645,5246.3703234368795
179.2,0.0016136547,5592.887498202506
179.3,0.004188297,4361.655192418363
179.4,0.014697371,4256.693911851142
179.5,0.019816175,2855.823530806544
179.6,0.010498242,1152.7310751113475
179.7,0.014219184,3398.9440035270673
179.8,0.009552109,3645.4302223635696
179.9,0.009599167,3131.0114032027045
180.0,0.012429446,4101.402407531755
180.1,0.012268427,3973.826385195428
180.2,0.010611601,3790.6005430421433
180.3,0.028658042,2458.369972999244
180.4,0.0422737,2710.69111894236
180.5,0.009793959,3525.877597198396
180.6,0.017106967,2772.8548635795933
180.7,0.010477964,4891.452021752149
180.8,0.014413922,1121.6217790365968
180.9,0.01446389,1569.2588789432825
181.0,0.015722843,2498.0333838054103
181.1,0.016979888,2886.9129725218036
181.2,0.012005616,2903.922123664703
181.3,0.007501039,2870.335393717235
181.4,0.009988418,8350.784348076546
181.5,0.010711563,5288.872035079896
181.6,0.025939861,2371.549079394107
181.7,0.010500011,5564.473392601486
181.8,0.017705375,2253.0505132513094
181.9,0.005947426,3117.7441589703817
182.0,0.015006621,2792.256898714959
182.1,0.00537648,2859.025033463019
182.2,0.023227127,4370.4910932606235
182.3,0.015223288,3175.428242942925
182.4,0.013142679,4534.439607474935
182.5,0.009676345,5225.904187313527
182.6,0.009434585,3591.577030100309
182.7,0.010142627,4769.294524534755
182.8,0.0134328,3342.3210900210493
182.9,0.015108958,4888.651612131502
183.0,0.015678616,3190.538712941247
183.1,0.012634518,2151.0968468906576
183.2,0.005909167,8738.784922011579
183.3,0.008362631,7383.559449820044
183.4,0.030974552,4166.261029789985
183.5,0.01411028,3212.713379713417
183.6,0.011987098,3416.482693179474
183.7,0.014975695,2685.6379020824374
183.8,0.00926117,4634.986830490115
183.9,0.043500885,4547.641836388258
184.0,0.007339986,3697.4987465094746
184.1,0.007898734,5663.24791160251
184.2,0.01848139,3125.2044570602275
184.3,0.0030788935,4383.992946944038
184.4,0.017926354,3038.2049045701197
184.5,0.007433422,3223.203332852964
184.6,0.00250515,2423.7032474584494
184.7,0.007810892,3287.119053596335
184.8,0.0056175557,4268.023849705074
184.9,0.011941453,3329.645377114362
185.0,0.0065081697,9000.471389448172
185.1,0.0057785995,6723.92021174758
185.2,0.005756301,3128.19343992548
185.3,0.011005031,3239.124841896671
185.4,0.009205282,2781.653051501964
185.5,0.005463863,4299.2913240075395
185.6,0.014237981,8855.194547345633
185.7,0.012880359,3735.0145448741546
185.8,0.023059314,2889.4698098046692
185.9,0.030600987,2888.5244101898734
186.0,0.011045222,3714.7760352541995
186.1,0.011635269,3933.622356658526
186.2,0.010214103,9374.418107701971
186.3,0.010128824,7695.260698380358
186.4,0.0068619545,2897.1398349551437
186.5,0.0075947447,2224.6302560746626
186.6,0.0075714155,4165.200217302454
186.7,0.0025443071,6452.763677051038
186.8,0.008309944,4272.056886639278
186.9,0.006460232,2895.90234931989
187.0,0.0069143497,2115.2944846103005
187.1,0.012347093,3414.1267383758204
187.2,0.021124724,4417.461224172597
187.3,0.02136416,4655.565036320246
187.4,0.021827167,3134.368112515376
187.5,0.014208372,1705.9404062932533
187.6,0.009609429,3198.6144991038027
187.7,0.026796222,5559.294317292953
187.8,0.0066869943,3186.1553258108943
187.9,0.0078072785,2732.7784113114935
188.0,0.008465406,2272.571672203498
188.1,0.004386388,4760.667655241153
188.2,0.006685535,2507.245952468761
188.3,0.0065365992,3841.775748501593
188.4,0.009524203,2534.159639540736
188.5,0.006902294,1027.9780025821956
188.6,0.016074434,2006.8470125524245
188.7,0.016828977,2607.0887446345628
188.8,0.02155852,2022.9634373362392
188.9,0.010556735,2209.7113634630896
189.0,0.010253875,9563.788430138124
189.1,0.005018562,5259.002403529499
189.2,0.0042662956,2427.801444076512
189.3,0.0055248043,1918.1465904485133
189.4,0.014730517,4589.026571449843
189.5,0.008641676,9013.560167008647
189.6,0.010331867,8750.796434561445
189.7,0.0148952,2399.453771565458
189.8,0.01388273,2765.3393732247923
189.9,0.0050433706,5934.737260991864
190.0,0.009750858,4156.312410465298
190.1,0.0007656248,3182.8400858227187
190.2,0.0027327272,8059.416334190097
190.3,0.0183801,4350.35502462325
190.4,0.0046617836,4610.2358957058095
190.5,0.021855032,3966.1548184726053
190.6,0.0042121056,2856.721495838955
190.7,0.013839431,2440.2534458502673
190.8,0.007268098,2510.8575069207577
190.9,0.039359845,3762.2374045477222
191.0,0.01942555,3113.9006529718754
191.1,0.020123057,3237.3665492592436
191.2,0.010394671,3253.380812340216
191.3,0.010295804,8949.962226427895
191.4,0.012328259,5176.017713845147
191.5,0.020232033,3936.982880039195
191.6,0.010138414,5141.328593547365
191.7,0.019898666,3044.95423667153
191.8,0.020404479,3595.743965650504
191.9,0.008001023,2287.6384387624485
192.0,0.01619698,7743.007685203077
192.1,0.011402832,3555.817497562189
192.2,0.010330513,2527.4409252495657
192.3,0.012846317,1964.3388511660214
192.4,0.005346367,1774.169114506737
192.5,0.0077606402,3744.06572744593
192.6,0.012685918,2798.2889076241445
192.7,0.0045349966,5486.499100116727
192.8,0.0042327303,4455.034801969618
192.9,0.006009294,5028.072263723235
193.0,0.017971855,3148.4331447609793
193.1,0.009705447,7814.021777716032
193.2,0.011723039,2769.7161915358097
193.3,0.016085612,3082.317049871968
193.4,0.018936396,2072.750208201932
193.5,0.004612191,1301.9936066943728
193.6,0.013767275,7927.280513774769
193.7,0.022355814,1790.5249758477435
193.8,0.00994038,2758.479351961623
193.9,0.014208752,2744.5920647591097
194.0,0.0024042055,1497.7056858464287
194.1,0.013592502,3343.4340307230777
194.2,0.011526615,3939.5930562218796
194.3,0.01599041,3417.895828466141
194.4,0.0036874418,3291.596564225082
194.5,0.03810396,2041.811317986092
194.6,0.00798946,6800.239280526372
194.7,0.012602656,3775.0574385720306
194.8,0.010199481,2734.7432860321815
194.9,0.007306502,2439.3529349381556
195.0,0.0071632825,6925.206714311664
195.1,0.020413497,2945.310119536149
195.2,0.01895361,2100.5659303866205
195.3,0.026718989,2391.1617076453226
195.4,0.009802101,1342.5162828102914
195.5,0.02569599,930.3558377849615
195.6,0.012120758,3489.155595505096
195.7,0.0063356212,2369.3235359321948
195.8,0.0075953826,3018.0450224668048
195.9,0.015927618,3369.696631524048
196.0,0.0099676065,2387.626664637505
196.1,0.01667757,3511.8318063630218
196.2,0.022264972,5485.570349636998
196.3,0.01075094,3551.565282416458
196.4,0.012323779,2110.63746261128
196.5,0.019261481,5559.247364092742
196.6,0.0071121193,5352.140464921453
196.7,0.017616646,5022.05896158884
196.8,0.012868815,2661.3173565193474
196.9,0.012617257,3244.30583771671
197.0,0.016049324,1969.1577345743442
197.1,0.014116424,4969.741230839902
197.2,0.013271643,3413.8518075945567
197.3,0.010800433,2203.417433216628
197.4,0.022549337,3001.8372287798015
197.5,0.026691224,3319.6538234241784
197.6,0.030617602,3348.1138781370587
197.7,0.010323664,6827.743394959496
197.8,0.014860352,2490.6540830394715
197.9,0.015710704,2690.959516479908
198.0,0.011593822,4503.851788631575
198.1,0.02364412,3542.64123672349
198.2,0.009866151,3288.5429072568472
198.3,0.0049240496,10103.257182547344
198.4,0.021550639,4232.366436519989
198.5,0.020476008,3516.1719578626726
198.6,0.01512497,2363.3323746447995
198.7,0.011780261,6099.34561191849
198.8,0.0190559,4149.6177923128935
198.9,0.04456613,2561.1325571602383
199.0,0.022826128,2875.8057110353775
199.1,0.041848093,2489.554660776659
199.2,0.014550711,6327.019719010974
199.3,0.022679102,3601.807044909023
199.4,0.017034633,2554.4015744501803
199.5,0.008701282,5829.762431198759
199.6,0.009392957,3341.449145203462
199.7,0.013063359,3031.4264125878685
199.8,0.012864607,3193.059626968133
199.9,0.013644608,2997.7652119809204
200.0,0.0156218605,3781.212797168466
200.1,0.025318697,2374.7177437041837
200.2,0.007791071,2513.5362499167068
200.3,0.012813811,2753.4856002555916
200.4,0.0143080205,3091.8797050776952
200.5,0.0034796475,6898.959993193965
200.6,0.03994534,3311.6431378583716
200.7,0.02774843,5717.164003540948
200.8,0.043053918,6165.4635930132445
200.9,0.014596034,5474.646315964688
201.0,0.009573513,3408.4849953716925
201.1,0.015178549,2852.525722233604
201.2,0.024132615,3754.6911324076254
201.3,0.002247138,5177.112011712119
201.4,0.023964772,3090.52025916828
201.5,0.0202625,3329.653460662103
201.6,0.016694508,3867.6707124443355
201.7,0.001990463,5318.836093244568
201.8,0.007843333,3883.45497404467
201.9,0.011458407,2552.8304440982315
202.0,0.007911014,3816.224322937872
202.1,0.0139390435,3342.7060678118924
202.2,0.017963808,5137.461738107862
202.3,0.01279285,2423.5415759964576
202.4,0.0073051304,795.8351830460067
202.5,0.012469377,1934.8709975563654
202.6,0.01817946,1897.305276284814
202.7,0.014729323,2037.0467270792492
202.8,0.0098897675,2318.2042875598636
202.9,0.008130989,8378.451479380874
203.0,0.005962242,6823.425183905251
203.1,0.013388717,2704.264526460495
203.2,0.03544187,2346.1697323919084
203.3,0.017438535,2724.554448459071
203.4,0.016498825,2936.12446101177
203.5,0.0076361974,3342.657511677868
203.6,0.014888405,3669.388383250447
203.7,0.016421981,3069.419013019782
203.8,0.011500106,7138.686951516134
203.9,0.009126139,2691.5922276044703
204.0,0.004122142,3751.1848906461205
204.1,0.006196918,3609.881106784622
204.2,0.0058389097,1323.4795295526337
204.3,0.011851251,7883.631825922756
204.4,0.009091627,2601.5497321182156
204.5,0.012761772,1435.4950823229356
204.6,0.015751192,3696.226070968338
204.7,0.01208487,2145.849259829946
204.8,0.012368799,1766.5056538946053
204.9,0.026160056,2384.0838368872064
205.0,0.0477248,2064.729437862072
205.1,0.042999648,2512.3213092562974
205.2,0.021025375,3763.28401661913
205.3,0.018805725,3860.7356290279527
205.4,0.010499434,7431.433363576849
205.5,0.012240918,2909.9006249018457
205.6,0.002825183,5089.537682208778
205.7,0.0050466824,7150.480100937333
205.8,0.01726246,3669.788457501028
205.9,0.005579807,5797.512881307459
206.0,0.03316417,4697.56509732801
206.1,0.032577123,673.9114678662605
206.2,0.022288863,2025.0934210675005
206.3,0.013936159,2610.482711593869
206.4,0.034734108,4053.4322285821045
206.5,0.034681514,3055.6514773692647
206.6,0.03688103,2937.408147923902
206.7,0.048375636,4579.3363738008975
206.8,0.029339353,2958.184268030346
206.9,0.01684565,4605.843464809598
207.0,0.016067956,3097.3843783858433
207.1,0.05042636,2078.510272788877
207.2,0.03279343,1930.881719434647
207.3,0.015823595,8227.098331282063
207.4,0.016577685,3125.8002501310166
207.5,0.018026274,2041.8637345968343
207.6,0.012156332,4304.006479295333
207.7,0.0063526165,3974.2241501098783
207.8,0.0040640924,7841.094975624486
207.9,0.018901907,3043.1483792734875
208.0,0.003184055,7282.445269446416
208.1,0.0022498404,5619.283819530491
208.2,0.0075241425,4631.665065769179
208.3,0.0020960274,2345.590843056175
208.4,0.020006904,3560.8812341324765
208.5,0.024257613,4436.5912806094675
208.6,0.0136932805,2525.9954122059894
208.7,0.028330002,3401.968853954211
208.8,0.025509095,2534.0511426990784
208.9,0.043996394,2738.2328854401367
209.0,0.03876895,1366.3787638993338
209.1,0.01666753,1586.318157979294
209.2,0.022226179,2429.514460645377
209.3,0.010849523,5678.471022364542
209.4,0.01729723,3688.313233809452
209.5,0.025497515,4295.903246952599
209.6,0.015648186,4068.5286908055837
209.7,0.04068923,2554.959372644542
209.8,0.026088774,5382.3867070560755
209.9,0.03593148,4173.888346079538
210.0,0.058193754,2941.897662185639
210.1,0.10048583,2303.98321569776
210.2,0.022871088,4952.828088787521
210.3,0.027801668,4158.558409389572
210.4,0.023718169,3111.497925291009
210.5,0.023674032,5466.189683583845
210.6,0.02373903,4126.03538034557
210.7,0.03745299,2044.4169455457293
210.8,0.040370923,2798.2811034341016
210.9,0.030159492,2841.1406222190362
211.0,0.030747933,3745.3255724436444
211.1,0.046192005,2769.5323262351058
211.2,0.029351488,2036.3301494006944
211.3,0.059638742,839.9380126083913
211.4,0.029588176,2949.930841774614
211.5,0.0081162965,8927.419233879304
211.6,0.0477271,4281.618053399409
211.7,0.02362631,1264.99195232861
211.8,0.027228415,2405.602022833947
211.9,0.037952505,2246.7189619060705
212.0,0.026582818,2448.2386355819717
212.1,0.046796754,2622.225664533359
212.2,0.05200788,2441.5235116281137
212.3,0.03373662,6202.800909021293
212.4,0.054224316,1423.014232381724
212.5,0.016727464,2025.6641071277852
212.6,0.00459911,5868.97943601716
212.7,0.009630181,3786.3172696715865
212.8,0.013935042,2038.7768370725857
212.9,0.011446028,5121.152761764165
213.0,0.04627775,2639.1790019275627
213.1,0.014599532,1838.3771176709333
213.2,0.011001166,4177.397724303626
213.3,0.013888526,6404.724805626908
213.4,0.014491988,605.9916151168812
213.5,0.009505852,532.9835098032418
213.6,0.019357007,1838.7788710181314
213.7,0.008533659,1282.9610782434509
213.8,0.008887009,2959.9991697804994
213.9,0.0040371045,3676.700527610377
214.0,0.0035914115,4967.473823436507
214.1,0.008714073,5231.654045469633
214.2,0.0120491935,1590.9828438392203
214.3,0.012604218,2615.3611969664944
214.4,0.018092522,3454.4569192635845
214.5,0.017762478,3017.6478604928407
214.6,0.0112790875,3059.511266308881
214.7,0.006514802,1544.2940157480152
214.8,0.0067811,2765.9784088433094
214.9,0.0037656706,2381.1674889319493
215.0,0.006030512,1259.0748296439028
215.1,0.017518448,3616.664684358141
215.2,0.017177517,1186.645053445653
215.3,0.014055626,894.9285591094914
215.4,0.00848038,2136.3240242572506
215.5,0.012057439,6441.733255498634
215.6,0.0077333297,3186.0199874657665
215.7,0.014937693,4889.511686965644
215.8,0.01565354,3372.62004458246
215.9,0.007258218,2411.9480827983607
216.0,0.014151025,3296.639107639706
216.1,0.004368802,7846.90364101944
216.2,0.013636943,2637.319726791581
216.3,0.0074513974,3099.428105925467
216.4,0.010741072,4312.769229962218
216.5,0.013385555,2952.718550046963
216.6,0.0039188107,4433.176232905347
216.7,0.0032428845,1956.8348997035312
216.8,0.009740146,2405.899743018743
216.9,0.0042856676,2856.804642645144
217.0,0.006242399,3629.1597746631246
217.1,0.0048828786,3040.113299852968
217.2,0.0069033196,6337.765243300277
217.3,0.009631407,4896.1672801116265
217.4,0.007411776,3228.814325499487
217.5,0.0032400726,5542.490245053241
217.6,0.009419332,2765.4236710056803
217.7,0.0070707896,5921.653666258919
217.8,0.00880541,3035.1488578294548
217.9,0.008150604,5313.580385114559
218.0,0.027596252,1902.001835908878
218.1,0.011374246,3874.5198289720834
218.2,0.010461391,1986.125970997844
218.3,0.004508473,1151.0943035426671
218.4,0.019113261,2336.996977643148
218.5,0.023628755,5222.615016127059
218.6,0.008842532,4456.085736956249
218.7,0.011442736,7082.147698764648
218.8,0.0060359794,6170.307830399195
218.9,0.0043811537,8179.246034474154
219.0,0.009393905,3848.070113656538
219.1,0.0081989085,2711.0272552099855
219.2,0.009342512,3567.6251913458555
219.3,0.008207601,2796.6268928162435
219.4,0.016556261,4997.75112663621
219.5,0.00569878,8490.091361108764
219.6,0.014792763,2813.8262212766176
219.7,0.025722256,1906.4365319127617
219.8,0.013876743,1834.5668915329597
219.9,0.009412806,2817.662407087565
220.0,0.01431903,3020.3871789133937
220.1,0.008864608,3187.3612189632872
220.2,0.0072765127,3746.758167438552
220.3,0.009248373,3332.926019167727
220.4,0.0076058395,4095.32997130694
220.5,0.0054075145,6617.784771513614
220.6,0.0032487458,4152.024422253916
220.7,0.012646194,4823.1396160064
220.8,0.017283555,3141.985106774613
220.9,0.0048304605,5321.968168881133
221.0,0.015788605,3413.8415266773413
221.1,0.01583886,1415.986251772987
221.2,0.02608822,2749.3137357681303
221.3,0.02094494,7174.063153613053
221.4,0.014046189,2746.94427448562
221.5,0.008926465,2964.0168416843335
221.6,0.006548929,2438.2305386936278
221.7,0.014314484,3120.0096393911763
221.8,0.011550767,2468.1922458948397
221.9,0.011951888,7906.913238777928
222.0,0.007090567,1928.1551286397187
222.1,0.008312797,3399.1402524781906
222.2,0.023900531,3245.419876153494
222.3,0.010441268,4711.778161100936
222.4,0.009923667,7062.502926980892
222.5,0.01296152,2426.5080373895644
222.6,0.0059615173,3649.752146178467
222.7,0.004496593,5182.257004981137
222.8,0.014247922,8131.281466465575
222.9,0.01600023,3254.441528368147
223.0,0.05347662,1111.6695309896172
223.1,0.016859079,5653.397341004033
223.2,0.009484968,2123.2472371435397
223.3,0.008987309,7010.063440924496
223.4,0.00970594,4036.0355591862935
223.5,0.009016436,4897.081665774967
223.6,0.048992448,2817.0053387009657
223.7,0.015409915,2127.887058898935
223.8,0.011613345,2647.790949125732
223.9,0.013866084,1569.6359220215013
224.0,0.010488665,2337.348136670531
224.1,0.0136368945,2889.4721621468934
224.2,0.010765036,3690.8221786026556
224.3,0.017586118,5362.2665586951325
224.4,0.007679744,3582.037002842807
224.5,0.005337244,4615.284877825981
224.6,0.03928093,2679.395924572903
224.7,0.015194021,4862.9202642682385
224.8,0.015981846,6931.547076923165
224.9,0.014642585,3002.1703346605327
225.0,0.02407177,4150.500739016896
225.1,0.023277873,3573.1788403506584
225.2,0.023702418,3169.3368396271803
225.3,0.011234028,5195.038918722125
225.4,0.017833257,3269.5217303628415
225.5,0.003260264,4816.950285452873
225.6,0.004001001,3626.2346164788705
225.7,0.008203029,5263.103664212979
225.8,0.010601628,5355.553179598643
225.9,0.010766824,4640.304511738273
226.0,0.020377204,3053.4441601549383
226.1,0.009614098,3708.2788063145945
226.2,0.016361961,3224.063789379839
226.3,0.01548583,3508.6534832404086
226.4,0.00907381,4965.1069640784735
226.5,0.0103005245,4337.543004289725
226.6,0.007444021,5143.992743704079
226.7,0.017430063,2771.4242566117546
226.8,0.01963795,5587.781454636384
226.9,0.02500643,2539.5524196309907
227.0,0.016526237,2856.8206996243434
227.1,0.013022369,4995.218502483059
227.2,0.013418487,3168.8711467723747
227.3,0.012357964,4048.84395096887
227.4,0.012472167,2865.6575534398407
227.5,0.014162282,4257.095727671771
227.6,0.011563255,6764.742164047055
227.7,0.007319748,5167.138054708126
227.8,0.015673906,2650.3570727552287
227.9,0.0060832095,4467.463698871743
228.0,0.007909157,3285.1053409954775
228.1,0.0050616036,1518.0843616629218
228.2,0.011833294,3116.7486051559054
228.3,0.0054095066,2867.6736906457754
228.4,0.008492415,3889.667655774821
228.5,0.01311314,4106.746713914742
228.6,0.008897241,3557.529770463182
228.7,0.011313632,3366.0402978850257
228.8,0.0053383526,3394.8675660495965
228.9,0.018811869,2414.0570558247873
229.0,0.0077894777,2945.5485838308523
229.1,0.012851418,4922.438990753042
229.2,0.008257582,2217.904867172511
229.3,0.0046450146,2885.704413138511
229.4,0.0025304789,5140.896373676023
229.5,0.004632519,3114.6108545273073
229.6,0.0021972302,4571.056969997533
229.7,0.01638975,5680.952367635605
229.8,0.0030025102,5929.839085276402
229.9,0.011546707,3920.5728100661636
230.0,0.008932519,2808.6045943377185
230.1,0.009082021,5015.773177138671
230.2,0.017183209,4809.169692571346
230.3,0.014498376,3344.335292330717
230.4,0.013778617,3140.731044534241
230.5,0.011275015,4100.731667243988
230.6,0.013757349,1575.6739954460584
230.7,0.019125499,4264.678555031407
230.8,0.020812405,3737.0213123580634
230.9,0.016465206,3006.315952877645
231.0,0.010064334,1871.8101407508027
231.1,0.020806812,3902.499762232482
231.2,0.03272549,2306.541169762
231.3,0.008910324,3451.4299326636674
231.4,0.0073059783,4430.268904853089
231.5,0.006952196,5165.443407074147
231.6,0.014638306,2658.031627437356
231.7,0.02069207,2944.6384017624714
231.8,0.017637027,3707.6081011515594
231.9,0.029673364,2762.9054457363754
232.0,0.022887077,5506.049295300859
232.1,0.011875438,7008.113635562189
232.2,0.022063538,3476.242366552786
232.3,0.00980744,7253.256969524995
232.4,0.012290875,2877.8575603209174
232.5,0.012029319,3025.7236079458735
232.6,0.0051222444,6318.593222309
232.7,0.01800566,3112.4485024957366
232.8,0.011669222,2318.4507738709212
232.9,0.009946044,2862.9864558414715
233.0,0.008735088,4208.086583633857
233.1,0.017938063,3105.6522014300717
233.2,0.004954673,2500.5983775911764
233.3,0.025679318,2541.7369434244247
233.4,0.009375467,3281.169399910373
233.5,0.024816895,2991.148418104148
233.6,0.009300388,3289.4831380070136
233.7,0.03347457,5636.799209262303
233.8,0.007789981,9132.47727354633
233.9,0.025341643,3404.8292483053665
234.0,0.007915987,2531.5094172229083
234.1,0.020057442,6448.9851524671485
234.2,0.007829659,3770.9172992026697
234.3,0.0053259498,6757.092770986475
234.4,0.004874909,2062.5015400175535
234.5,0.01737324,2503.18993734181
234.6,0.0073456406,2880.211495044007
234.7,0.0051955744,2404.1566155610776
234.8,0.012045681,6249.78319396926
234.9,0.009021979,2237.0364374721057
235.0,0.007869395,2786.4066854643706
235.1,0.017270086,1648.0029954610463
235.2,0.01117724,2871.5085364558126
235.3,0.008061265,2876.412899304497
235.4,0.006095674,3727.210188420924
235.5,0.02862217,4218.212433023402
235.6,0.015292831,4623.178977963594
235.7,0.019049969,2911.6972806923686
235.8,0.053324707,2336.380962306862
235.9,0.03348412,3527.806799495875
236.0,0.02384205,3600.5125680527344
236.1,0.025103306,2882.762910888876
236.2,0.013844282,2416.4555529717477
236.3,0.026367888,2928.5270173498952
236.4,0.017065946,4334.737164974963
236.5,0.009985074,2280.5373113921523
236.6,0.0038205006,3077.0876903461913
236.7,0.033062804,7107.28535574751
236.8,0.002869586,4470.984949918919
236.9,0.0022112515,3856.2010938981275
237.0,0.010784106,2378.7959966200583
237.1,0.015605825,737.7529574454668
237.2,0.006287003,4411.469168445025
237.3,0.008056714,6893.260617101496
237.4,0.021782152,2361.0697285776114
237.5,0.01466972,1644.3839200695368
237.6,0.013360849,6690.274339469664
237.7,0.010774581,2297.951921707994
237.8,0.0065982784,1493.6518928490802
237.9,0.008731393,2189.766970932311
238.0,0.00849554,1133.1963229598011
238.1,0.009622661,2137.1719907390966
238.2,0.0040712263,1286.9726998176168
238.3,0.0057579796,8011.340837748825
238.4,0.007485083,6699.20686549998
238.5,0.019030163,3246.7450219940742
238.6,0.009719166,2284.3810815707357
238.7,0.006237027,2347.863258507777
238.8,0.010755707,2724.1312106541927
238.9,0.005054929,7850.765617455318
239.0,0.010993284,8995.834034734216
239.1,0.012655,5914.093908956856
239.2,0.014402895,3516.313517195249
239.3,0.021823293,3166.6528653225623
239.4,0.01733579,3596.6501281792716
239.5,0.012512183,2902.540147515782
239.6,0.0100134555,2473.105950551686
239.7,0.014859781,2434.39764168175
239.8,0.016030401,4067.9510936156785
239.9,0.013096185,6386.275317994158
240.0,0.007529573,4095.2709113222318
240.1,0.010752262,3106.9320599450043
240.2,0.007482355,6084.854413476016
240.3,0.009837539,2757.5289733796926
240.4,0.0055135796,2133.352812031017
240.5,0.0073454147,4979.419367280252
240.6,0.0070619714,4046.3629997283433
240.7,0.00780427,4177.749270959562
240.8,0.0026042613,3898.0460256389356
240.9,0.00516651,9239.313815881742
241.0,0.008400919,3724.516982733083
241.1,0.023031482,2892.7326657619533
241.2,0.019160284,2228.2562259386614
241.3,0.013590856,4105.602996999487
241.4,0.013615652,2422.6159948123586
241.5,0.0097367475,2018.1016622684988
241.6,0.010952133,5315.779637894504
241.7,0.018382149,3715.6549906908485
241.8,0.009532338,2543.173216681811
241.9,0.016522087,1833.3329313703887
242.0,0.014332816,3313.175466816375
242.1,0.0037171145,6413.901219675126
242.2,0.012273398,4771.775354794552
242.3,0.002984407,5811.881160928427
242.4,0.0043915864,6879.430117470686
242.5,0.0045463797,4677.334115657197
242.6,0.005015398,5267.093491040055
242.7,0.017908206,3208.0470146434054
242.8,0.025156153,2346.0646504078964
242.9,0.015890526,4762.744718645404
243.0,0.019020574,2733.373120202525
243.1,0.019848907,2589.6426866577945
243.2,0.032480843,2706.0610726284367
243.3,0.019474167,6933.344997324366
243.4,0.010759743,3671.4421048948097
243.5,0.014676133,2708.4095521568893
243.6,0.05022063,6441.737556940883
243.7,0.01916397,4281.925872138397
243.8,0.015356742,2654.3668077957095
243.9,0.018230336,1848.320748965892
244.0,0.020346379,2222.4541414096793
244.1,0.016964694,2992.252971005729
244.2,0.021792768,1767.8633445778992
244.3,0.022958282,283.5078693038681
244.4,0.011551289,8793.713395390927
244.5,0.018285569,3899.916242274442
244.6,0.022194853,3424.783363004557
244.7,0.022847027,2870.132907481155
244.8,0.017795239,2086.101856861466
244.9,0.018702028,2028.7574684992517
245.0,0.011457339,2073.011456612337
245.1,0.012606661,2733.9306707649794
245.2,0.015453114,3188.6053627304846
245.3,0.03375828,3700.7413734030915
245.4,0.040905792,2113.956267555371
245.5,0.0320186,8712.466562959193
245.6,0.012807528,3782.3273795987434
245.7,0.007530266,1944.9519154588827
245.8,0.005814567,5003.567668373928
245.9,0.014831442,1634.3412526456152
246.0,0.0069353012,2519.4392538822476
246.1,0.0098415995,4297.211166922737
246.2,0.036263373,3059.5970434775736
246.3,0.010334449,2862.145084015632
246.4,0.019225916,3218.324375597902
246.5,0.022971895,2582.0486766380814
246.6,0.030951224,1618.0200092439545
246.7,0.011526063,1832.9628514501815
246.8,0.042628124,2772.8851759700638
246.9,0.03753796,1522.9701676941809
247.0,0.023993304,1859.0666806336808
247.1,0.03458637,1616.9992302809694
247.2,0.012289196,4858.699914073346
247.3,0.007708312,5233.08818689306
247.4,0.010541079,3299.3632829435664
247.5,0.005626874,4578.34002760638
247.6,0.0115949465,3239.6386962779534
247.7,0.0056800838,4670.610393705592
247.8,0.0060795504,4463.709538004698
247.9,0.012380407,4596.833695006871
248.0,0.0043617687,3040.9519120907376
248.1,0.008335744,4951.155689703099
248.2,0.018620566,3171.757882846034
248.3,0.045561895,2274.8090160399934
248.4,0.054697935,980.2083330167397
248.5,0.022927469,2404.519309200917
248.6,0.017618658,2212.7919133286855
248.7,0.016417885,2200.381235285082
248.8,0.022063171,3995.8406584568584
248.9,0.02128667,2708.7071375603377
249.0,0.06503159,1233.1702746868834
249.1,0.024045648,2642.571788976416
249.2,0.01919827,4314.372666882633
249.3,0.012015168,2153.9069630358817
249.4,0.006598036,2148.5838804418354
249.5,0.003784071,7971.717768081508
249.6,0.011736356,4421.37689604503
249.7,0.010254164,2892.1057027254474
249.8,0.007471636,3005.143839520075
249.9,0.017818414,2873.3830121021797
250.0,0.013555125,2435.2990511227713
250.1,0.027621549,2335.5675373022304
250.2,0.017701805,1369.1292253422778
250.3,0.020460812,4064.0697678521988
250.4,0.010686169,7210.864638854986
250.5,0.015951954,3822.8504623768877
250.6,0.010163473,3715.4854318316443
250.7,0.015370161,3515.702552163229
250.8,0.0073203836,1874.3991306832575
250.9,0.011154429,2545.1757560055385
251.0,0.005406845,3720.8704884085364
251.1,0.0023938385,2684.9704339862888
251.2,0.025403,4439.066769567682
251.3,0.021450933,3718.4474306792304
251.4,0.0057087513,6013.399815303948
251.5,0.006982022,4759.304674586829
251.6,0.008363169,7340.093579056999
251.7,0.015634038,3703.54590245106
251.8,0.020480793,2049.293472204094
251.9,0.016028818,2196.9875209564593
252.0,0.023472771,1926.843567202976
252.1,0.014318362,2562.108402253414
252.2,0.01523075,4521.312873742851
252.3,0.012063851,7187.287927847932
252.4,0.01527421,2623.995077303918
252.5,0.016582252,2331.710441727958
252.6,0.017198693,1890.839071171854
252.7,0.009067836,3261.813646157194
252.8,0.007873281,2912.4218990760696
252.9,0.0049670627,3069.6464408619627
253.0,0.004870587,4737.703801174635
253.1,0.0044681965,5059.990613381227
253.2,0.011496064,3629.920434674848
253.3,0.0065613515,7713.038550023288
253.4,0.020653896,4615.615190218143
253.5,0.015408968,2528.5364783728473
253.6,0.019978154,2423.059004653598
253.7,0.016521096,2462.4112385116064
253.8,0.013757953,3055.240072568544
253.9,0.018306604,2084.9006620013015
254.0,0.023975775,2524.839291259932
254.1,0.012089172,7221.224673757495
254.2,0.010866296,6211.564560627301
254.3,0.008449511,4552.863357710713
254.4,0.013122539,4134.681929158732
254.5,0.008312358,4011.124522220117
254.6,0.019580683,3963.237253116088
254.7,0.017287051,3405.52340189273
254.8,0.006724356,3412.107642007264
254.9,0.011541291,3020.666155688031
255.0,0.011919565,2612.018547067528
255.1,0.011731816,3475.8004586088673
255.2,0.018512297,2606.6400618068155
255.3,0.011845668,3292.4844418791686
255.4,0.020525167,6968.774157290923
255.5,0.0072500426,4371.242418291394
255.6,0.009329138,2984.817227426417
255.7,0.0121412845,2519.2524915636827
255.8,0.011899305,2755.3205928754674
255.9,0.011599575,4720.125126295864
256.0,0.0114305,3654.1725611095253
256.1,0.008468843,4753.632429694335
256.2,0.0026900435,4237.585997284425
256.3,0.009844421,7527.939774932539
256.4,0.016719053,2161.8627960296126
256.5,0.017723966,3093.475925690329
256.6,0.009945773,10942.975738482097
256.7,0.027098842,2932.670498158303
256.8,0.022169018,3483.7370068193504
256.9,0.021689143,2769.7959204668996
257.0,0.021744106,2976.521629133897
257.1,0.012006626,3940.72680634148
257.2,0.031612515,3544.5502430974293
257.3,0.025990993,2997.6070326797026
257.4,0.028655183,4309.53959736541
257.5,0.019908547,3196.280941953011
257.6,0.020356074,3841.7920160784724
257.7,0.011602682,3950.4451643693706
257.8,0.009449385,8062.367028332486
257.9,0.005118067,2576.583959192755
258.0,0.0026157375,3021.50701606991
258.1,0.0025583573,2649.3280953974054
258.2,0.027492903,3341.1536258132364
258.3,0.010302472,4688.430972753483
258.4,0.006051152,3068.87567692475
258.5,0.009705744,10720.881234927927
258.6,0.021954602,4350.226903724072
258.7,0.019681888,2490.98410514591
258.8,0.032865483,2849.7338528178807
258.9,0.018458815,2807.957196903741
259.0,0.018777998,1891.7930753245673
259.1,0.016241094,2436.209677681371
259.2,0.0052241045,2706.142642836955
259.3,0.013537729,3619.913174571934
259.4,0.005230058,5116.310650017733
259.5,0.017008683,4334.410262478935
259.6,0.019398693,3898.474647845081
259.7,0.0054554525,2981.673956194084
259.8,0.013136179,3069.34096140998
259.9,0.015707033,3693.973732134673
260.0,0.017300004,4078.5785652575323
260.1,0.005458066,4963.053408482239
260.2,0.015893852,4130.820965370848
260.3,0.023333415,2625.454476171258
260.4,0.027416714,2284.1608231992227
260.5,0.023275627,2371.8995496391026
260.6,0.012851973,5575.5834098955165
260.7,0.03324559,3158.474810422014
260.8,0.02809048,2349.695828405612
260.9,0.017505322,2916.7632356015347
261.0,0.020574447,3585.130633719671
261.1,0.015761431,3184.669702831732
261.2,0.005206082,4209.003623585045
261.3,0.009717502,2687.7327744977406
261.4,0.015956677,3370.774606246954
261.5,0.018710786,5310.586795228298
261.6,0.004380817,2410.0418112806474
261.7,0.004051553,3447.842396508062
261.8,0.0063439296,2567.5976734481933
261.9,0.008601713,5295.117015032763
262.0,0.004793677,3448.710290511257
262.1,0.0058356742,4378.289020289421
262.2,0.013935472,3727.3947131076948
262.3,0.002926619,4067.5622528995555
262.4,0.014827111,3833.8024153962183
262.5,0.009123999,8118.915004383924
262.6,0.029725682,2832.9150565314367
262.7,0.010614454,6199.586853842461
262.8,0.021563368,2657.619321779922
262.9,0.017099211,2284.2639439841473
263.0,0.004870565,5769.603245389808
263.1,0.018255161,3206.607922040863
263.2,0.0071099205,9254.96314207699
263.3,0.010438577,9400.931179590003
263.4,0.0077613294,2869.9844649846727
263.5,0.007948717,2372.165488219105
263.6,0.016366685,1893.9351404441577
263.7,0.011981502,6926.7074684527615
263.8,0.01617693,5224.489162882999
263.9,0.025689924,3316.6968807898206
264.0,0.008956664,4123.244663809012
264.1,0.011844056,4269.990879352275
264.2,0.011739465,2890.7755761437
264.3,0.0064534224,7943.865011821099
264.4,0.013008155,4969.618428922551
264.5,0.022480518,3809.5200180078064
264.6,0.017563276,2195.5261046549094
264.7,0.020510415,2334.592431707948
264.8,0.008517154,4127.495919489281
264.9,0.012522183,3078.2480931752816
265.0,0.009367789,5412.290832541575
265.1,0.017211089,2475.8909015821437
265.2,0.019069608,3114.4170770129313
265.3,0.015398465,5252.2840378535675
265.4,0.022308595,2877.1967374820438
265.5,0.02279531,2831.888228830323
265.6,0.036057107,2395.850125772039
265.7,0.013176202,1358.1077955986323
265.8,0.029459832,2697.925053670895
265.9,0.016608523,4280.628274127932
266.0,0.016935788,3325.4620615831273
266.1,0.011449538,2751.0515469471106
266.2,0.009721429,11446.097640683975
266.3,0.005641041,5899.739283788931
266.4,0.016561752,2927.945282350042
266.5,0.006100143,2164.5090473589235
266.6,0.020614592,2017.963171572538
266.7,0.014045603,2087.7400887267513
266.8,0.010500383,3529.303521918301
266.9,0.015105659,2424.196640549256
267.0,0.0048915856,4390.8982101042475
267.1,0.007051936,3893.0672487632596
267.2,0.07697853,1623.2665528008747
267.3,0.013006077,4415.908398740945
267.4,0.008279592,4309.339715628473
267.5,0.016074749,3686.2333899912787
267.6,0.005918652,8173.066284537715
267.7,0.019182691,3210.7874999936685
267.8,0.018902246,3460.288384270539
267.9,0.011760702,3734.837529595313
268.0,0.037158612,2436.965639819288
268.1,0.016225178,3939.590218203667
268.2,0.025091732,2489.6313930059223
268.3,0.009264057,2893.2996252241974
268.4,0.022537638,2017.1875940622501
268.5,0.070868,178.47821936167855
268.6,0.033454455,1642.715160704952
268.7,0.012436024,900.8820039710054
268.8,0.010196354,5070.223537837014
268.9,0.049863018,1389.278745788924
269.0,0.021192634,1815.5467875647375
269.1,0.026281722,2303.129965933107
269.2,0.03439674,1620.502785504924
269.3,0.024047812,2508.545086081017
269.4,0.01151839,5978.3837041516235
269.5,0.07968397,1601.139888670352
269.6,0.019283617,2850.214894927219
269.7,0.018752035,2917.3073886186853
269.8,0.015416159,2181.3372718880487
269.9,0.016506497,3140.068502824931
270.0,0.0018000207,4412.1081393303475
270.1,0.01576222,1944.3272597736304
270.2,0.03489263,2921.827073004528
270.3,0.01677577,1795.1957531114995
270.4,0.0112176435,3343.4154456679694
270.5,0.04674552,1727.6037508984284
270.6,0.013538046,5951.95179168474
270.7,0.019419208,2778.682842499467
270.8,0.01161673,2728.8968182833487
270.9,0.010463636,2843.3486850652316
271.0,0.01834795,2762.466572389163
271.1,0.0121968025,2230.0702182752207
271.2,0.009351151,3338.6454381148824
271.3,0.07743531,2663.2460127686695
271.4,0.010365941,2109.034664449217
271.5,0.012168403,3681.4547305824817
271.6,0.013099856,3936.936327410067
271.7,0.017128514,2717.4650761773837
271.8,0.014394143,2391.510659869277
271.9,0.0045832014,2176.6013939634477
272.0,0.020333564,3144.8212310980994
272.1,0.011813351,8051.803050668858
272.2,0.012753545,3329.051297226237
272.3,0.011456315,4115.590081406676
272.4,0.014821303,4350.06707996095
272.5,0.023717444,1789.9400189901346
272.6,0.018840572,2441.772282312928
272.7,0.0095392,5029.215516127619
272.8,0.014689115,6111.987575514695
272.9,0.011984676,2910.832884130376
273.0,0.03899737,2321.905893649557
273.1,0.019312998,3652.1908680569913
273.2,0.011610886,3030.65196672048
273.3,0.009496133,2754.7734132376763
273.4,0.01967516,2478.1971954512474
273.5,0.024410017,1357.8135894160635
273.6,0.020515677,1809.799611983764
273.7,0.022221014,3861.287462046359
273.8,0.010321459,3342.306632169988
273.9,0.019655276,3440.0953664067774
274.0,0.008801527,4018.5344813429165
274.1,0.0039240597,7549.23386648642
274.2,0.011468323,4412.496062095854
274.3,0.0094497865,3215.510014272095
274.4,0.013880063,2791.657569894503
274.5,0.012091819,5252.7855480369135
274.6,0.02254964,2423.6242157924307
274.7,0.015785355,2810.40375447687
274.8,0.016560642,4146.727142528767
274.9,0.031328794,6612.109295326034
275.0,0.010780524,8721.582529223255
275.1,0.007922095,6533.618358229771
275.2,0.010550436,3782.5515434636054
275.3,0.009126913,4489.392406791912
275.4,0.011418231,1812.0169427112173
275.5,0.0077314256,2340.8751983523825
275.6,0.012898944,3897.875836625658
275.7,0.034338906,1884.3137993081152
275.8,0.0099055655,3735.6840998318885
275.9,0.01147344,2562.6739944722126
276.0,0.015948152,3057.3651276692453
276.1,0.005409342,4755.627915190805
276.2,0.014017999,2510.216226394261
276.3,0.00809448,2432.1490860327785
276.4,0.008897512,3580.147619086864
276.5,0.029833796,3006.7374601850333
276.6,0.013979798,4589.519664910507
276.7,0.015730193,2929.2121760317923
276.8,0.010939213,4424.510715907056
276.9,0.008236138,3026.3196836938478
277.0,0.006552156,2851.0211599317345
277.1,0.005509598,1850.3762450165136
277.2,0.0055875657,7620.354418374936
277.3,0.010807982,8202.27672107745
277.4,0.0059103253,5691.001909154698
277.5,0.016231112,4310.403829736472
277.6,0.008698211,2918.558030325399
277.7,0.017760335,3084.6425759309423
277.8,0.017624553,3166.19690386402
277.9,0.013701637,3804.1610772081026
278.0,0.020214321,3165.8594464402654
278.1,0.035136934,2976.8397138598466
278.2,0.020682072,3834.5507698676042
278.3,0.015066981,3497.2381736773837
278.4,0.008433007,3452.301741085624
278.5,0.0024304173,4032.821747466366
278.6,0.005899486,3872.1422505768087
278.7,0.0074039116,2988.4644003619114
278.8,0.0020735906,4086.4913693986155
278.9,0.002306757,4461.064882503653
279.0,0.0020572653,4790.702321183171
279.1,0.0065772887,4357.927107780289
279.2,0.007956045,8925.478464307365
279.3,0.020519873,3188.2670810194813
279.4,0.021796778,4074.378918080405
279.5,0.0194806,2874.383148201573
279.6,0.017040791,2891.4758250353175
279.7,0.016126366,3967.9557541235627
279.8,0.019464148,2927.9253986495028
279.9,0.011557402,2200.964004134698
280.0,0.021165825,2608.398218041085
280.1,0.012320986,3822.6004091764253
280.2,0.009623564,7663.161789897254
280.3,0.0122436425,3557.0673053869646
280.4,0.007773438,3547.698627434339
280.5,0.011928599,3380.6863949295957
280.6,0.011033777,3805.292877910474
280.7,0.009256073,5068.510671631243
280.8,0.0044470294,5860.736595603245
280.9,0.015714882,6035.393832148959
281.0,0.0072929887,4714.380722245736
281.1,0.008656695,2398.598795717933
281.2,0.009781737,2641.471191512485
281.3,0.0029396866,5188.124985212519
281.4,0.016589625,3930.574939417703
281.5,0.021281563,3392.158583195981
281.6,0.015834145,3883.1940489418757
281.7,0.013816847,4113.248977696131
281.8,0.01947995,3801.111118574455
281.9,0.016265783,3429.876090637723
282.0,0.011521172,6290.811202537841
282.1,0.008926898,5929.130895549617
282.2,0.007814226,5170.975330001276
282.3,0.009618303,4255.81895563668
282.4,0.0066117956,6131.767382088269
282.5,0.0070416117,5546.818826280689
282.6,0.013326081,4774.796845065024
282.7,0.011637161,4830.843887697296
282.8,0.015349445,2901.775044087041
282.9,0.0120906085,2413.557013283088
283.0,0.011678096,2871.987737541454
283.1,0.015920147,3161.965764529452
283.2,0.009432716,3213.536451966683
283.3,0.012326087,2331.039286479843
283.4,0.008838309,4755.505656839342
283.5,0.011988572,6764.514084698782
283.6,0.018942442,3833.7895962155594
283.7,0.010146148,5684.65510529912
283.8,0.00890399,6175.120980533099
283.9,0.008709807,5779.254940364471
284.0,0.009029756,4528.127223753847
284.1,0.010105196,5596.251010151709
284.2,0.0064644474,4222.993360434293
284.3,0.0064971033,5278.5988883897535
284.4,0.05532928,3760.8293460610575
284.5,0.013267034,2372.064118620565
284.6,0.0053438507,8489.41021884173
284.7,0.021516463,3420.588821531367
284.8,0.009462208,6034.924633039895
284.9,0.0151627725,4540.110079678184
285.0,0.01594512,3989.05587440202
285.1,0.013430782,3481.1737507257058
285.2,0.023595784,4205.7373044483775
285.3,0.007541678,3184.394222421719
285.4,0.017046787,4364.605572293773
285.5,0.018171635,5674.857738266225
285.6,0.009967051,5391.200690190796
285.7,0.025755504,3176.575887625707
285.8,0.004606565,9068.292643593199
285.9,0.022377623,2464.973323109195
286.0,0.013177679,4544.892522839597
286.1,0.018302249,5610.24948506962
286.2,0.013059578,4553.752360396009
286.3,0.015360486,3459.9414886398963
286.4,0.01982835,3482.196794127837
286.5,0.019773139,3299.388134269229
286.6,0.021950632,2586.769522274008
286.7,0.010717329,1939.4100734004676
286.8,0.014550644,3231.5776722964447
286.9,0.013850619,2366.191182588005
287.0,0.012676591,2868.410835456539
287.1,0.014953826,1171.572005953345
287.2,0.01167033,4089.0750289578
287.3,0.011848198,2171.1772871426374
287.4,0.011888674,2813.3194615485904
287.5,0.0048244195,3844.99748839833
287.6,0.011508054,3679.364697811744
287.7,0.010152522,2584.2694787205887
287.8,0.009569849,3299.5318475783747
287.9,0.007851546,5011.788609817725
288.0,0.010552748,6407.911394449611
288.1,0.013055172,3120.3102336051297
288.2,0.015118295,2607.1084011431067
288.3,0.01557125,4086.617000451214
288.4,0.008704151,2853.0497969770986
288.5,0.015423001,3385.664172260418
288.6,0.009455764,3921.7234789485938
288.7,0.0063308147,4068.5714550047715
288.8,0.007037826,7456.602401297253
288.9,0.0051354067,4587.926405291251
289.0,0.006239061,3832.302549735049
289.1,0.0066131246,4328.160109167744
289.2,0.0031972083,4491.396204388902
289.3,0.010322425,4562.266209191508
289.4,0.010715492,2626.320097076499
289.5,0.0044088,6217.190071084313
289.6,0.017935127,3278.42518113197
289.7,0.018013524,3387.0134266669525
289.8,0.01965838,2464.1323559588545
289.9,0.011250451,4114.69253138565
290.0,0.012643026,1882.57172539352
290.1,0.022271384,2909.591119758778
290.2,0.025266413,2244.9985137801896
290.3,0.056707613,2555.6425454610035
290.4,0.00215087,4538.888593961203
290.5,0.008916197,7421.435573791454
290.6,0.010139132,3413.8462682562504
290.7,0.0032181747,5670.583529645343
290.8,0.003798728,4837.041676049409
290.9,0.016282387,2388.6519665315714
291.0,0.011865632,3316.495130534828
291.1,0.008165673,7204.986749547821
291.2,0.014652132,2738.808995289924
291.3,0.006127547,3097.995783307873
291.4,0.008219712,2296.3607625353684
291.5,0.011880098,2197.0959129023404
291.6,0.011866448,2419.3208541254367
291.7,0.014827029,3433.3407281178766
291.8,0.013457003,2497.055006920855
291.9,0.031291537,3669.8672528356597
292.0,0.015404279,6620.444183845988
292.1,0.01396864,6333.103403894576
292.2,0.008364905,2977.2987210123647
292.3,0.010029003,2581.925985094461
292.4,0.011702843,2181.663904585313
292.5,0.019968776,2093.095524401808
292.6,0.015420486,5707.642531207203
292.7,0.031155547,2384.1559988670656
292.8,0.022356393,1574.5047515071024
292.9,0.014605315,1607.9767788081408
293.0,0.009359171,3178.8741798614305
293.1,0.018279053,2365.0315149640855
293.2,0.014482019,4216.199453197434
293.3,0.017185654,2811.3433881439532
293.4,0.0032627801,3097.0147639147967
293.5,0.006628082,6713.6434480297485
293.6,0.018538503,4626.346598968168
293.7,0.0063311565,5274.564875780857
293.8,0.0064697512,2155.0707700193802
293.9,0.012176223,3399.123252866927
294.0,0.0119804405,1666.065510532449
294.1,0.01265171,2093.0838028506737
294.2,0.016685845,948.9146992259739
294.3,0.022848986,3315.487673157536
294.4,0.021289764,2252.1086614854175
294.5,0.01905943,5148.202301372266
294.6,0.02019421,1576.0306155493724
294.7,0.04868147,1872.5262650817788
294.8,0.02884369,2842.8963218846616
294.9,0.011514953,3365.726681873193
295.0,0.018964145,4254.340310724599
295.1,0.020735152,4031.450510466736
295.2,0.013747684,4542.395590060501
295.3,0.017317876,3884.817471600778
295.4,0.008742422,3352.5661807626975
295.5,0.009747052,4677.152439323088
295.6,0.013763393,2161.5888053065346
295.7,0.013170856,3337.465933073556
295.8,0.014543628,2237.319466119439
295.9,0.0093669575,3149.592256839216
296.0,0.008099909,3496.5583800902896
296.1,0.026682029,2321.979082303751
296.2,0.026017914,3028.463011900221
296.3,0.0071435003,3828.1007833135923
296.4,0.017619317,3987.185602115137
296.5,0.0618356,798.5086057641819
296.6,0.01755767,3048.547621119603
296.7,0.016340852,3600.1410654229217
296.8,0.015367447,3769.516405282473
296.9,0.020260492,5990.440597620467
297.0,0.0154070305,2893.5581241154605
297.1,0.01681919,2636.54404201975
297.2,0.009010594,4545.534870529857
297.3,0.013552478,3779.361624621931
297.4,0.020136321,3959.882663193486
297.5,0.03104901,3007.9525460782065
297.6,0.03419024,2582.0341283082707
297.7,0.022885663,2626.3172077993718
297.8,0.00771815,3667.595056574699
297.9,0.02126777,1935.9249487412346
298.0,0.024432939,3432.5078706344248
298.1,0.028089711,3201.0209857720497
298.2,0.013774851,3770.2360772202364
298.3,0.018114135,3623.9822665138804
298.4,0.0172265,4054.5339004515554
298.5,0.013805963,2807.2932919547325
298.6,0.008322381,9154.952026628285
298.7,0.019182997,3539.1403593462064
298.8,0.022193689,3698.5790611489074
298.9,0.015067818,2096.339823833543
299.0,0.021041399,3339.556188179392
299.1,0.032855768,4109.091508557832
299.2,0.016387146,3339.439464338082
299.3,0.0194824,3502.2229982244794
299.4,0.009701344,3620.718604060962
299.5,0.012599905,3034.8329203811236
299.6,0.017549543,2767.400085154468
299.7,0.015046741,3099.7660572609693
299.8,0.01821832,3297.620345065703
299.9,0.0161194,2371.802866053972
300.0,0.010162951,2964.559012701512
300.1,0.015868794,3030.081352968854
300.2,0.009239323,5268.397135755245
300.3,0.01789565,2781.269737304304
300.4,0.008925062,3116.883900741475
300.5,0.016136307,5895.900707276195
300.6,0.013861633,2947.2199759857967
300.7,0.008454906,2998.511915517498
300.8,0.015618439,3643.5866913894106
300.9,0.0057160575,3786.080899959463
301.0,0.02017994,1660.501729298586
301.1,0.009619243,2848.4624046132503
301.2,0.02326651,2531.6557554756996
301.3,0.013209662,3801.9212684377007
301.4,0.00625743,3844.5803469611083
301.5,0.012005907,2369.812378461244
301.6,0.0072316867,2721.2438446376477
301.7,0.0073394077,2694.352147096105
301.8,0.013033347,2719.5573068543613
301.9,0.01561005,5419.412705284185
302.0,0.011285077,2329.484059473854
302.1,0.010070355,2833.8428125499113
302.2,0.019590946,2172.884280222616
302.3,0.019581828,3238.741181721613
302.4,0.029424097,3200.846416339364
302.5,0.007992084,2524.380940412633
302.6,0.023486773,6500.090635476561
302.7,0.012890969,3312.9538199724398
302.8,0.022771873,3561.0418690687225
302.9,0.0397009,3104.4125916551675
303.0,0.01492735,6348.294739794181
303.1,0.034484163,2843.3524310418247
303.2,0.01675615,2663.3929128348946
303.3,0.01563702,3754.155915286894
303.4,0.017642565,3504.8658305988974
303.5,0.021206953,2899.208882953433
303.6,0.022115685,5391.920267376864
303.7,0.013436,2360.7095775602265
303.8,0.0075682644,2121.4824804802847
303.9,0.009330364,2042.7337720664473
304.0,0.01811066,2552.803795513079
304.1,0.013364024,4125.814858008413
304.2,0.021541417,2829.053695522094
304.3,0.0063312757,1831.5629830491296
304.4,0.011133705,1971.5045687313686
304.5,0.008811341,2601.9087837897314
304.6,0.012864197,3730.3981717508
304.7,0.010819642,2315.6096136639508
304.8,0.020504095,3834.7078199149673
304.9,0.008868281,1905.224581855517
305.0,0.026523704,2445.829816044523
305.1,0.013781677,2883.151968686007
305.2,0.0059612156,3791.9378191093447
305.3,0.020858157,2960.5290966964476
305.4,0.019735623,2857.176845828076
305.5,0.010077084,4113.8153894876095
305.6,0.004655897,5311.33472290405
305.7,0.008847833,4698.118450105732
305.8,0.012887572,4210.005416261045
305.9,0.0067710723,3560.468148080854
306.0,0.033661567,3565.261895645313
306.1,0.01673919,2865.315590218465
306.2,0.021083523,4794.367503582959
306.3,0.021077475,4365.935935939045
306.4,0.013469487,6986.975729399098
306.5,0.014731177,4013.021124046258
306.6,0.023066798,3214.893143225806
306.7,0.014024468,2104.6547172931596
306.8,0.01588319,5580.423931978759
306.9,0.004504359,3200.279987994595
307.0,0.008737758,2059.3152038471003
307.1,0.0154998945,2622.9608956920792
307.2,0.019228954,2580.6441693337074
307.3,0.028139215,2874.0691631643163
307.4,0.014467716,9414.0897236019
307.5,0.009894613,5061.380245052833
307.6,0.01216416,2742.861613352767
307.7,0.019618902,2789.36444031614
307.8,0.00997576,3340.3941860252326
307.9,0.01588595,2877.3096780477126
308.0,0.02128539,2947.571567793998
308.1,0.006318656,2606.5418619295247
308.2,0.012890281,3467.296474736883
308.3,0.005761289,4881.757058440413
308.4,0.003152308,7500.578906567458
308.5,0.012674166,4629.138199819385
308.6,0.017440602,3178.1517282817067
308.7,0.017606968,1942.8487563709239
308.8,0.0352282,2428.880883447109
308.9,0.010523277,3809.4300281783153
309.0,0.021848215,3019.957448356898
309.1,0.02787559,1595.3916752128998
309.2,0.021425823,3598.6817107445195
309.3,0.012352902,2853.018041214772
309.4,0.009540979,1559.6633094759331
309.5,0.013669307,6678.444156160334
309.6,0.031136535,2094.2350913215932
309.7,0.022740237,3408.493123512981
309.8,0.004227334,2987.628748135615
309.9,0.020749182,3101.707180064229
310.0,0.0123531185,2927.470445118346
310.1,0.006872031,3746.4299495911164
310.2,0.004288893,2048.4592465909973
310.3,0.008213109,3181.244334877232
310.4,0.028583592,2011.6111911271628
310.5,0.008420846,4859.047484260665
310.6,0.011931427,6977.250146123632
310.7,0.03523156,2811.312340708524
310.8,0.009811045,5759.31252817032
310.9,0.019435896,6316.822707366587
311.0,0.022619551,3534.361728039921
311.1,0.014454334,2607.5317315562015
311.2,0.022034224,3441.951180484272
311.3,0.005846424,9386.348860264927
311.4,0.019814132,2538.3324059355427
311.5,0.057861637,2614.2057177166052
311.6,0.021593107,3131.5401119872868
311.7,0.024040446,1765.0538772426826
311.8,0.017281301,3650.0828472781322
311.9,0.01851736,3157.927842454438
312.0,0.017592395,3361.986352851582
312.1,0.037974894,3701.5276278463516
312.2,0.024084173,5648.737971513176
312.3,0.010095781,7324.741073127938
312.4,0.032742687,2765.470738103268
312.5,0.047600266,2419.3568043901805
312.6,0.02353476,3505.7611792312528
312.7,0.022258246,2704.20665698399
312.8,0.031028166,2865.298378885922
312.9,0.013775796,4957.224721015706
313.0,0.010787256,2534.9879054036414
313.1,0.013714667,4779.000599241765
313.2,0.017041748,2409.038792358033
313.3,0.016101148,902.1201554411855
313.4,0.0133270975,2556.829146883062
313.5,0.0088684885,1629.9610920763103
313.6,0.018983178,1932.9426177474134
313.7,0.012318304,4025.178443444793
313.8,0.01921827,1918.31399034634
313.9,0.008930326,5580.232978423784
314.0,0.025311261,2383.578069789396
314.1,0.009924048,3253.749437503874
314.2,0.014189238,1977.5839165098694
314.3,0.016665298,7381.073640786599
314.4,0.011605271,7844.475841426518
314.5,0.016213914,3492.6113244327375
314.6,0.015534992,2905.111356849727
314.7,0.017402835,2092.3306604660665
314.8,0.0024614525,7068.264099231406
314.9,0.0071053198,8998.632214823108
315.0,0.016028896,3373.1942122715895
315.1,0.0051049353,3399.388053020982
315.2,0.0070001814,4419.935959260467
315.3,0.009546714,2793.2787492211223
315.4,0.0071884925,3388.8773184162756
315.5,0.0018587286,6008.934524360693
315.6,0.010153178,4007.3748498714517
315.7,0.0065583605,3831.4782757962066
315.8,0.009506361,3804.9572150260374
315.9,0.0093134325,4070.864402315214
316.0,0.010133377,3433.4990879067955
316.1,0.015739573,4904.823088562669
316.2,0.010357662,8523.777171313643
316.3,0.013595809,3106.602466500718
316.4,0.0139289275,2755.9288708832637
316.5,0.00862534,1516.2434896696022
316.6,0.019574355,3011.0621780043657
316.7,0.009879787,7526.165374393291
316.8,0.0062406207,3497.637780983585
316.9,0.014242686,2914.5327538052607
317.0,0.008269337,3423.018717970507
317.1,0.007424517,1690.2018631963072
317.2,0.0045526396,6229.77484760742
317.3,0.019079145,3826.204406206075
317.4,0.010959356,4715.345035390405
317.5,0.006028835,3063.424971515809
317.6,0.013341402,3575.79515959527
317.7,0.0056973463,6556.818877706075
317.8,0.021029627,3935.082031238395
317.9,0.013805883,5050.431619697534
318.0,0.013721941,2598.155123703115
318.1,0.008897176,8612.285505043605
318.2,0.0047466485,5374.528994346039
318.3,0.011248393,3115.5694389065193
318.4,0.003866685,2350.061217641929
318.5,0.0050904853,3640.653310184436
318.6,0.0255494,2248.026718079898
318.7,0.0070509035,2767.0039631260524
318.8,0.005402244,2420.408225116229
318.9,0.020037476,2862.9634705030157
319.0,0.059011813,1208.496423733688
319.1,0.018761264,3975.7391587464713
319.2,0.0064906045,3997.432947071081
319.3,0.01813807,1428.8076136532209
319.4,0.010621253,6177.397309733284
319.5,0.011341352,5367.969372728012
319.6,0.035907447,2287.4185338563466
319.7,0.014163557,3274.127668042362
319.8,0.012721214,3089.0091623956228
319.9,0.035455823,2376.865596917225
320.0,0.007989805,3555.6416682646695
320.1,0.027499812,3138.9773382540466
320.2,0.055082627,3083.9371176135965
320.3,0.01571659,4371.412616731751
320.4,0.009187862,5309.944941578356
320.5,0.04898558,1740.3542515834804
320.6,0.013325756,9564.009851061626
320.7,0.0151964165,2441.622139213808
320.8,0.015530138,2116.041369530718
320.9,0.02590532,3078.0777292220723
321.0,0.0065083914,2079.352042006044
321.1,0.017720418,3094.0348894123617
321.2,0.013139063,6414.069204267911
321.3,0.016092213,3979.6455716893506
321.4,0.017387485,2696.458155322024
321.5,0.012817446,3089.306785718916
321.6,0.022362513,3091.1759761902704
321.7,0.011060466,4516.55411811745
321.8,0.0047733076,4241.552426413922
321.9,0.006422443,10270.940716847477
322.0,0.026084004,4817.638065283806
322.1,0.001467345,4546.752662045676
322.2,0.018652037,4473.305517036731
322.3,0.020365402,3543.215336405279
322.4,0.010371783,3909.4611149141383
322.5,0.03280447,2884.5564929712546
322.6,0.022856308,3308.3703576265784
322.7,0.02293478,3609.869263004908
322.8,0.036181394,3430.440271900817
322.9,0.017786957,2510.4948411813193
323.0,0.011676104,2014.1995055409045
323.1,0.005839415,7862.325194232668
323.2,0.0074089956,5392.717310670614
323.3,0.033545326,3153.5131126825327
323.4,0.004135111,3302.997894197718
323.5,0.007742188,3824.3410044548054
323.6,0.01742465,3529.134844380234
323.7,0.030550323,3329.1977677580185
323.8,0.018302254,4446.870792658322
323.9,0.022037141,3736.123637900344
324.0,0.02672865,3941.858420784579
324.1,0.0065357587,2936.474429650617
324.2,0.0108617665,3450.28179327232
324.3,0.0056605716,9174.819006514172
324.4,0.009095579,5159.2270889031115
324.5,0.013222027,2783.9472649954396
324.6,0.023454085,3011.617432421073
324.7,0.004808228,2069.818266381596
324.8,0.021330658,1869.607350493194
324.9,0.014540962,2846.138418739628
325.0,0.010307658,2939.327214695914
325.1,0.004949249,3293.1778895699886
325.2,0.014732056,2221.886640837195
325.3,0.007202588,1993.5970855043172
325.4,0.025670683,3633.2604506734906
325.5,0.016658645,3637.6868671704756
325.6,0.015570424,2515.431075032985
325.7,0.018312134,2995.305560039047
325.8,0.011061782,3542.701536090972
325.9,0.0077614193,2266.352169842866
326.0,0.015596001,3604.3729982001278
326.1,0.00932073,7153.589613578636
326.2,0.012072576,2844.8660329808768
326.3,0.004606352,4186.108597146266
326.4,0.009389884,3705.14432398008
326.5,0.018415479,3217.070938396797
326.6,0.06530796,2250.115443383476
326.7,0.013034036,2877.0634295550635
326.8,0.017363667,4011.890543282607
326.9,0.009190928,3163.812463173859
327.0,0.0139531875,3071.3712244796684
327.1,0.009470716,2095.5601516508787
327.2,0.021103334,2944.0987994838197
327.3,0.012202328,1928.3978430143634
327.4,0.009225769,2876.1038064348777
327.5,0.010280851,3254.624216738142
327.6,0.0114005115,2280.4919372327886
327.7,0.018510954,3650.883246477095
327.8,0.04418163,4382.760612332799
327.9,0.017931344,2677.736079752891
328.0,0.02367379,2906.4246027463346
328.1,0.0071905334,5354.440123726492
328.2,0.040900234,3705.77778747363
328.3,0.025270142,2865.0955993361486
328.4,0.009427343,4401.984244777963
328.5,0.008569372,2582.9805349581347
328.6,0.015914544,2523.3862929461748
328.7,0.012473472,3459.6494420723484
328.8,0.013681045,2952.530873586402
328.9,0.024000684,2798.035201932937
329.0,0.019712465,3800.543208840977
329.1,0.014258949,3366.4463774958863
329.2,0.025980204,3579.962288523146
329.3,0.019010555,3218.267592324255
329.4,0.017873524,3746.6558317643676
329.5,0.0062490217,7138.362601156009
329.6,0.039320443,4844.176972958207
329.7,0.025279637,3019.907480482833
329.8,0.030902768,3699.2156021411847
329.9,0.02898922,3728.706439415125
330.0,0.01464178,1543.6660540596836
330.1,0.025086263,1588.4334299230147
330.2,0.016504308,1868.3334630010572
330.3,0.009274602,9259.631443417393
330.4,0.019484552,2869.025966269771
330.5,0.031594507,2147.6813784479073
330.6,0.036707398,1229.00348259346
330.7,0.028831378,2546.645974898542
330.8,0.0091341585,4208.128446604463
330.9,0.016188698,2471.1274833636594
331.0,0.019827534,3310.313093241414
331.1,0.004183294,901.703022735405
331.2,0.016073922,4766.463636948838
331.3,0.020414066,3423.870617380057
331.4,0.029228678,2959.3625677328628
331.5,0.013603076,7324.83794055137
331.6,0.018603588,2995.004761601863
331.7,0.023061294,2363.812847894229
331.8,0.013109872,9316.572558943153
331.9,0.013632414,3710.5255745536833
332.0,0.029432725,5607.989936522081
332.1,0.018146176,2970.194385615269
332.2,0.008120202,3461.02717479477
332.3,0.013045843,1561.0267555157482
332.4,0.011825335,2795.3834639290203
332.5,0.014835134,3389.377046549913
332.6,0.027115311,3027.2235787915865
332.7,0.04304989,1530.004938410764
332.8,0.0325051,2857.959647840005
332.9,0.06966267,2007.5934239479247
333.0,0.05123845,2887.240023084567
333.1,0.012645813,8463.667319922904
333.2,0.01734979,2086.124213836201
333.3,0.02248166,1455.0151439352962
333.4,0.006178801,1593.7609078183798
333.5,0.027264824,1770.3760867531316
333.6,0.018813105,571.5653275489558
333.7,0.016634015,2534.4033254008464
333.8,0.008126535,2916.8969843316245
333.9,0.0075772973,1016.7974519170483
334.0,0.023677763,926.5771765755682
334.1,0.010068092,3455.447608691878
334.2,0.013705511,2345.959991021865
334.3,0.014672833,2690.642732745327
334.4,0.028713545,2649.5776865727157
334.5,0.014683938,4564.337241630939
334.6,0.020006917,2827.1996975793477
334.7,0.01958373,3971.338326977504
334.8,0.014721093,4996.34004291603
334.9,0.019268177,2832.173263256892
335.0,0.06422127,4279.809802185902
335.1,0.081523895,2867.377720626824
335.2,0.03324274,1119.6970017173126
335.3,0.027702615,1832.4892150899686
335.4,0.022855321,1642.2713814857734
335.5,0.02301227,2071.3244442383975
335.6,0.019728625,1246.591274588198
335.7,0.008658267,3480.0162323353566
335.8,0.023263454,2958.6545625700337
335.9,0.022447014,2540.412744169888
336.0,0.03944121,3768.130577594019
336.1,0.034508973,2993.2966467134593
336.2,0.01531581,4536.3493828381015
336.3,0.014974738,5774.316410235213
336.4,0.017942805,1744.8549577631063
336.5,0.005501801,2889.5915562896466
336.6,0.017164886,2612.3290691295815
336.7,0.011789625,2304.5237363841293
336.8,0.0143506,2108.7853038928824
336.9,0.005557769,4212.071267879053
337.0,0.0069933743,3864.9976600289715
337.1,0.018535016,1709.0331993180355
337.2,0.0012633564,3386.4292999963072
337.3,0.0032262888,5555.624420561215
337.4,0.0013433429,2322.7988148653194
337.5,0.019812694,3818.48064208056
337.6,0.0045353076,4921.363282757011
337.7,0.022581797,4040.4184906436567
337.8,0.020761285,3189.438650924195
337.9,0.016955618,2841.28284469536
338.0,0.018477445,2246.90377511328
338.1,0.009682291,3088.137461769443
338.2,0.01638351,3970.2255037982695
338.3,0.0127713755,7902.899582989734
338.4,0.0077268807,2684.7091559934297
338.5,0.017031047,3226.6368623543126
338.6,0.02035385,3050.9454955287397
338.7,0.010474425,1506.5552858901913
338.8,0.01567662,2538.740979232145
338.9,0.015187216,3003.0343452417756
339.0,0.008962256,6237.288261699709
339.1,0.014948853,2714.386607071197
339.2,0.025568629,4869.029323764793
339.3,0.018575173,4134.123254129087
339.4,0.023745356,3280.242046679293
339.5,0.01450777,6418.218160865815
339.6,0.0101461895,7903.501949991814
339.7,0.012056177,3282.08659187808
339.8,0.014034197,2475.748989328427
339.9,0.06359578,2576.2487616591775
340.0,0.015420114,3969.844280367141
340.1,0.04423951,1478.3190373397103
340.2,0.012106997,2248.533580746148
340.3,0.008869309,4621.98718520756
340.4,0.0055846875,5815.075087326679
340.5,0.025409793,3375.890401899818
340.6,0.034929305,2499.304060685664
340.7,0.03488377,2423.6370286959236
340.8,0.050373156,5286.787725010332
340.9,0.023028003,4389.580010530557
341.0,0.026292967,5310.524936998067
341.1,0.022529384,5698.854448691621
341.2,0.012067852,2460.6007272419197
341.3,0.015414463,2607.05565450258
341.4,0.018217536,2006.9872758113156
341.5,0.012572516,1975.581137675321
341.6,0.010156307,2519.3614033822837
341.7,0.016724907,2175.5219325157304
341.8,0.011743554,2840.422796996598
341.9,0.0066487216,2312.9748662873117
342.0,0.006605243,1919.9474478047632
342.1,0.039971367,194.23287848508545
342.2,0.0111284545,2526.668240321865
342.3,0.009935219,2480.190971318008
342.4,0.01647207,4774.184733858559
342.5,0.010006477,4678.406639413219
342.6,0.021512669,3160.493671408208
342.7,0.046365637,2304.6232923038647
342.8,0.008488862,8366.249613681082
342.9,0.008265049,2675.2500164216062
343.0,0.0084024165,5020.914627269948
343.1,0.012191447,2459.1745842038167
343.2,0.012204904,4186.827263313956
343.3,0.008538712,7395.5126278834705
343.4,0.016649257,3526.921691840804
343.5,0.015072483,2004.1795521244585
343.6,0.030091101,1735.832527358862
343.7,0.022639968,1375.6496586333503
343.8,0.067371875,1427.3481872115929
343.9,0.01532309,3525.8279691738508
344.0,0.013052794,3461.466336887538
344.1,0.009839439,4077.9982158469784
344.2,0.0076235062,7453.40214876738
344.3,0.019754795,3486.2572129658984
344.4,0.020455215,3896.566072132252
344.5,0.01620329,6489.591392764715
344.6,0.00826769,2670.421642870606
344.7,0.01508825,2977.0420141729896
344.8,0.007940871,7298.440476466201
344.9,0.016383624,5062.1888861896705
345.0,0.012338081,3194.1185078906947
345.1,0.0071398574,3087.691229427448
345.2,0.020616718,2196.109005581452
345.3,0.016039882,2826.776717476724
345.4,0.0073085926,3867.135055901592
345.5,0.005046413,4987.694875801719
345.6,0.026789509,3253.41743595812
345.7,0.030958585,3890.0860139417628
345.8,0.016368845,3178.75241611938
345.9,0.004567736,3808.084929574374
346.0,0.029103301,4003.2146726112915
346.1,0.009089769,6411.8987268687015
346.2,0.023924641,4533.456642344769
346.3,0.013205866,3711.275871751918
346.4,0.012773604,6831.584053473374
346.5,0.0102202445,2876.8160456578726
346.6,0.0030004452,4305.1541282447115
346.7,0.0007548294,7959.050051774227
346.8,0.0035167332,5163.097595724137
346.9,0.006073473,2531.081313452246
347.0,0.010240337,2976.274705413107
347.1,0.009872641,3614.419352038637
347.2,0.008742734,3166.975348865772
347.3,0.011341143,1846.0624087167419
347.4,0.009022532,6411.541913167861
347.5,0.016890919,2673.949062012536
347.6,0.013345873,2662.25642125715
347.7,0.012511539,1482.5378197066993
347.8,0.00841919,9391.16896590423
347.9,0.0100438185,3797.391617456551
348.0,0.0053345137,6752.813676959111
348.1,0.0054759537,3170.3590752420387
348.2,0.0060172915,2837.903340446503
348.3,0.010285882,1440.674049217823
348.4,0.012741912,2323.809419919957
348.5,0.030028012,2472.7912912657634
348.6,0.017763827,4012.4705521334054
348.7,0.012022684,3313.4178274678343
348.8,0.0070908554,4814.425546916023
348.9,0.01250279,3740.525542423111
349.0,0.009063329,2950.6553287805114
349.1,0.00724995,2719.903152992224
349.2,0.013047404,4216.799779742826
349.3,0.018023266,3066.4327074567
349.4,0.004059503,4504.062326592082
349.5,0.0142958695,3281.7572753487243
349.6,0.00815915,2875.395475516069
349.7,0.0159883,3125.8428664930757
349.8,0.007521195,1838.7689889812889
349.9,0.02148269,3276.9005795326334
350.0,0.013356748,4122.063033864153
350.1,0.018937722,3351.4035248293767
350.2,0.020363713,2881.855089370417
350.3,0.050036747,2986.464878037371
350.4,0.022938404,6481.457852899808
350.5,0.015727293,3010.913491637433
350.6,0.01810715,2440.18188332536
350.7,0.05255688,1497.7043759291753
350.8,0.016446752,2378.2366386333647
350.9,0.004760811,1537.3918700116906
351.0,0.025222749,3478.7130903031884
351.1,0.07330725,228.628033729692
351.2,0.020926457,2583.489993247422
351.3,0.018463409,3431.925692956228
351.4,0.044228338,2371.0083825418683
351.5,0.11553922,2148.0434809722647
351.6,0.027101455,2925.387395200973
351.7,0.017267762,5771.4776208344665
351.8,0.038027577,2814.4210349396562
351.9,0.014252139,1999.3304445526355
352.0,0.008499553,3207.4708812103645
352.1,0.010909348,3548.4228278343235
352.2,0.010253797,6026.53081822099
352.3,0.0039794003,3967.120743245962
352.4,0.010702212,2932.2354351473173
352.5,0.0059120795,2594.0035886585856
352.6,0.009983076,2188.9104606143574
352.7,0.037742455,2681.497215598621
352.8,0.005863166,3607.569936910629
352.9,0.017072968,3412.8715316712332
353.0,0.02246708,3417.5871991280874
353.1,0.016294612,3367.5599748947725
353.2,0.016310316,2374.875285066567
353.3,0.016234986,4466.182585559491
353.4,0.0047778473,5812.712198013492
353.5,0.0014192525,4366.087783571014
353.6,0.010996531,3413.061013167177
353.7,0.011693051,1896.3736838634743
353.8,0.0049774344,4214.272735888207
353.9,0.021597803,3067.446242723331
354.0,0.003682879,7261.755413456573
354.1,0.018011574,3501.624271927538
354.2,0.014514109,2084.185463511504
354.3,0.022044089,2584.4755916659205
354.4,0.0145409815,2911.5599162545013
354.5,0.012021392,7689.13033295021
354.6,0.020320257,2179.0953114347058
354.7,0.019576183,3643.4723081975435
354.8,0.010167799,4472.270540264704
354.9,0.016000353,3542.749239380031
355.0,0.0090917805,3130.1297487482043
355.1,0.012114595,3856.442406971394
355.2,0.009487253,2462.254079147091
355.3,0.0083303545,5593.991408884363
355.4,0.011898614,3974.019837603914
355.5,0.019854985,2967.9548261362256
355.6,0.006417421,4313.906664612387
355.7,0.011235959,4225.054743171076
355.8,0.0058380715,2146.029391534662
355.9,0.0081098825,2455.9479412141814
356.0,0.012139752,1498.1173690391722
356.1,0.009042679,2775.3333461783964
356.2,0.012747651,4057.7050349243427
356.3,0.012152598,6463.69781602372
356.4,0.010833465,5306.038720436206
356.5,0.0035869377,6574.618261938504
356.6,0.028263694,2060.2813762698174
356.7,0.0115718655,2631.29274024127
356.8,0.0104430355,2022.0147908455833
356.9,0.0051565627,3864.861200897561
357.0,0.011940192,3865.903552494156
357.1,0.002924291,7046.500272978261
357.2,0.011396877,2921.0133215380074
357.3,0.015725547,2639.697758099532
357.4,0.02575708,1812.3089578708154
357.5,0.014491322,2438.1800244821684
357.6,0.018244438,7736.959394934683
357.7,0.014977206,2978.5034822860994
357.8,0.016072573,3369.9802847727506
357.9,0.0094074495,2626.194022714047
358.0,0.018776653,2757.823552212107
358.1,0.016232364,3183.1555793998346
358.2,0.013073744,3182.964168408749
358.3,0.022774568,3311.7299114395746
358.4,0.010875714,8720.529902114937
358.5,0.013552151,6296.792595368892
358.6,0.023661226,4085.9431479457226
358.7,0.009279965,3797.987306853881
358.8,0.021777196,3114.1669795139983
358.9,0.023570517,4927.094576303538
359.0,0.0077297366,3783.6196083121717
359.1,0.005026415,3280.0130256767534
359.2,0.004248207,1878.1591577426448
359.3,0.012018747,7289.93408049413
359.4,0.0039612115,1929.688344299514
359.5,0.0073939534,5970.667290365936
359.6,0.015763868,6187.923906157888
359.7,0.010822875,3837.7053393055735
359.8,0.01100632,3637.7910259143246
359.9,0.016057376,3983.915421800633
360.0,0.010420242,2681.715191812092
360.1,0.01023479,8296.281152096857
360.2,0.021147791,3512.960593645288
360.3,0.012549681,9199.955916942006
360.4,0.02749069,3313.3163843133343
360.5,0.024134222,5277.945926721966
360.6,0.020791665,1251.103829385368
360.7,0.016603118,1588.0007781904092
360.8,0.014448705,5983.368618167397
360.9,0.016867235,2987.2572124424937
361.0,0.010168895,2023.3796492214883
361.1,0.022068746,3401.3016834338637
361.2,0.018939307,3241.5383522080333
361.3,0.01601809,3704.3341337205093
361.4,0.057633054,2724.483061838205
361.5,0.012754944,3047.4664408594026
361.6,0.020907408,2730.712173821077
361.7,0.016109804,3166.0429257354185
361.8,0.015523379,4599.227605096251
361.9,0.01905121,5051.8933283290135
362.0,0.017090049,6483.81599226638
362.1,0.020629846,2079.8106595669988
362.2,0.021982687,3017.885669988062
362.3,0.010896282,2579.9401467576727
362.4,0.014445799,8758.242198403921
362.5,0.015828984,2074.072431679475
362.6,0.012207549,2790.8199144023415
362.7,0.008630749,2839.5751039758743
362.8,0.01520512,2478.302330585877
362.9,0.009501689,2922.0432762955475
363.0,0.012525182,4300.451962850042
363.1,0.014324189,2334.7514962507385
363.2,0.018161533,3048.715675413645
363.3,0.029052388,2823.0246491134294
363.4,0.044387184,3250.0299802589334
363.5,0.010433342,2452.5574073024804
363.6,0.011607877,1542.4143806777208
363.7,0.03474831,2448.223594842031
363.8,0.050417393,1807.7200345959022
363.9,0.014755731,3979.2647871671106
364.0,0.017298399,2661.7294022085593
364.1,0.03024657,1192.7319592053457
364.2,0.009985775,1563.0006199062261
364.3,0.005825944,2959.7281998816616
364.4,0.060699467,2199.053885793396
364.5,0.0064805127,4191.617357460484
364.6,0.013874479,2655.675078936213
364.7,0.0062873564,4474.103567907345
364.8,0.016642569,3834.610721564164
364.9,0.044471286,4388.491168737131
365.0,0.023201551,1983.3556348809184
365.1,0.016370965,4288.846038234791
365.2,0.024172634,6879.037373957012
365.3,0.021697832,2951.857273209625
365.4,0.01598144,4812.276755595816
365.5,0.0124586085,2895.3846660912113
365.6,0.005054561,3326.4180496859835
365.7,0.006692205,2565.020757127701
365.8,0.0051039406,1590.9622122234289
365.9,0.013043643,3442.128522999838
366.0,0.012973123,3943.1870647326555
366.1,0.007879593,1892.5286905503183
366.2,0.010848408,3588.4066690364807
366.3,0.010012094,5936.037726091678
366.4,0.01604452,6469.036263558202
366.5,0.035641707,4520.160121071277
366.6,0.029808803,2340.0165323554857
366.7,0.013705088,3179.5843518555816
366.8,0.009234184,4249.150595386167
366.9,0.006185727,5083.06080957744
367.0,0.015210446,899.1003031450755
367.1,0.009069175,1402.22091223099
367.2,0.009238569,2395.079025919273
367.3,0.018202776,2082.964620646868
367.4,0.019120205,2405.2292498828665
367.5,0.05335015,2180.4708493144553
367.6,0.010715422,2441.4301542885823
367.7,0.021058256,2873.2798204214114
367.8,0.004346801,5067.913178856668
367.9,0.017967433,3235.4188926696515
368.0,0.013422972,2557.0048202952858
368.1,0.0046035876,2360.460117289685
368.2,0.015002054,4321.337793613893
368.3,0.019197483,2099.3178765885536
368.4,0.021424986,2514.802621826467
368.5,0.012776855,2844.3000525839225
368.6,0.00482401,10614.107268992637
368.7,0.018616758,2496.8448594264655
368.8,0.016067317,3070.051220924382
368.9,0.010003591,4089.2084355467746
369.0,0.008233329,3635.3067400472673
369.1,0.023683276,4233.483179209084
369.2,0.018003158,3982.6579508443747
369.3,0.0042320993,9466.925764046964
369.4,0.012493188,3600.5644479064104
369.5,0.031688932,2575.4229277088807
369.6,0.013746827,2697.2157207989108
369.7,0.015053137,2495.2577958267348
369.8,0.014365667,3364.168699798377
369.9,0.015292547,3809.2153252594453
370.0,0.03128717,3265.392980806646
370.1,0.016724091,9890.435573223001
370.2,0.012758013,7520.971785109282
370.3,0.0114482315,1379.165487628697
370.4,0.009286789,2766.882532037421
370.5,0.013122266,3244.625344537449
370.6,0.004762496,5220.331022924376
370.7,0.009161856,3136.306636978453
370.8,0.012792079,4565.898242126775
370.9,0.010929333,3479.1806336809773
371.0,0.00946269,3967.3557887457323
371.1,0.0061574955,2543.4823778833666
371.2,0.0040525645,7341.095855753617
371.3,0.018764786,2711.805504404866
371.4,0.0069380063,2159.439726529524
371.5,0.008866415,3256.3533031610414
371.6,0.0063550114,2989.303736403808
371.7,0.007091765,3314.328087347096
371.8,0.036487557,2642.2444888804816
371.9,0.003620599,2089.4862467903895
372.0,0.016543765,2547.030227215072
372.1,0.013951097,2295.3059118445804
372.2,0.0075128027,3625.4635236382505
372.3,0.005781159,2580.0151686209147
372.4,0.014320198,4079.843568945511
372.5,0.0040784646,6211.8970307659365
372.6,0.011686454,3711.258896002891
372.7,0.0076758256,2517.9697091779544
372.8,0.01443989,2762.6089172794314
372.9,0.007987069,4674.912285206807
373.0,0.0039858604,2683.9351661014853
373.1,0.013136841,8063.1611631212145
373.2,0.0054874597,6400.744664383483
373.3,0.004128755,6554.03756934121
373.4,0.0049650664,3142.355744496465
373.5,0.044014245,3756.96312371159
373.6,0.041340854,2167.839071084438
373.7,0.028941574,2618.7071042713533
373.8,0.03659966,2334.5476105068183
373.9,0.03504142,3183.3023187835397
374.0,0.06265555,2225.9430502172063
374.1,0.035944965,2892.9810150103935
374.2,0.049890347,2851.1505329973243
374.3,0.031317864,3292.076404586779
374.4,0.017401904,3348.8064421055333
374.5,0.027114658,3222.4632568974876
374.6,0.019118838,4117.609876277016
374.7,0.008219072,3997.347952862595
374.8,0.0061714733,4860.483311204716
374.9,0.012296473,2359.7421785902197
375.0,0.049497552,1991.1879038661382
375.1,0.012340436,2193.335285729513
375.2,0.018417139,3001.724172014332
375.3,0.03985978,2730.0693803567947
375.4,0.028263194,2913.8487242707197
375.5,0.24164379,243.46867875598156
375.6,0.07101286,2558.405203563831
375.7,0.057357688,1375.2527669911233
375.8,0.06204483,1697.9416078622617
375.9,0.043089706,5499.899660643989
376.0,0.038559794,3238.2681304983926
376.1,0.20114093,1809.693127209557
376.2,0.054324612,2551.175659872742
376.3,0.04464216,1636.3316254408796
376.4,0.042115845,2807.418394949496
376.5,0.055443875,3121.7920666882455
376.6,0.040092044,3101.4684456103537
376.7,0.044391625,2654.8437531409736
376.8,0.049529523,3271.8995332450136
376.9,0.060926672,2718.6072449917165
377.0,0.05450522,1128.9716280187445
377.1,0.10148137,416.24328270250294
377.2,0.06964368,1240.9912093645028
377.3,0.04442797,1949.4330122865686
377.4,0.026367934,2349.0581276481084
377.5,0.017479178,2635.956094550751
377.6,0.030057052,6668.642870377031
377.7,0.06806939,2047.2364304128505
377.8,0.111080654,1566.1295793536046
377.9,0.030266685,3105.160913019129
378.0,0.054794136,2358.909311385147
378.1,0.031239472,4588.752354569993
378.2,0.080167346,6212.139964406073
378.3,0.075553454,2271.7723875136944
378.4,0.08328319,1220.0897742777222
378.5,0.037305344,2160.128729700468
378.6,0.05240115,2214.4297873419637
378.7,0.056162413,1932.4181003618955
378.8,0.19372495,1054.9060094400543
378.9,0.12888525,1832.3787083934437
379.0,0.08428642,1758.3382646428017
379.1,0.08465821,2261.6942898350107
379.2,0.10358868,1669.6956969038129
379.3,0.08922615,1617.6975770494341
379.4,0.17917185,2608.349364683476
379.5,0.017762868,1589.6105709968092
379.6,0.082648695,1201.3470231802532
379.7,0.13907999,912.7767262807058
379.8,0.0617682,1851.7916442787835
379.9,0.09464493,1134.4172443188327
380.0,0.033884726,1365.8236834329712
380.1,0.056043666,837.1577038151505
380.2,0.21325147,199.9330061251129
380.3,0.04890142,1420.7832394986685
380.4,0.092219345,908.5913235796902
380.5,0.18956777,2286.168778119187
380.6,0.11765955,707.3263688040389
380.7,0.10328558,1020.3432612610308
380.8,0.09494023,1101.358960945306
380.9,0.2075063,977.9071480046136
381.0,0.07839229,2217.207407946533
381.1,0.026889872,4832.613468018422
381.2,0.05082173,3875.878184119826
381.3,0.018346304,3585.919986940092
381.4,0.09688443,1516.4971596713694
381.5,0.03752254,1634.3258396762888
381.6,0.10782455,1606.367168747469
381.7,0.18606254,804.3067921160922
381.8,0.045558628,3248.549087676762
381.9,0.094536014,1859.7567185461185
382.0,0.16770937,985.5207857546634
382.1,0.14360014,513.9250003256363
382.2,0.07803861,2605.1856626633116
382.3,0.21530646,4370.095804805948
382.4,0.07595308,1561.1185081537178
382.5,0.07700062,4858.1951189637275
382.6,0.060893282,4397.687194845925
382.7,0.06899596,1224.5761228774907
382.8,0.061777383,1706.3127888458746
382.9,0.044232387,6740.797942778132
383.0,0.10908548,5194.497068108931
383.1,0.050175644,1412.4352281707777
383.2,0.057976313,1909.052961149369
383.3,0.029854605,2323.5440225512666
383.4,0.020737471,2000.4199604125422
383.5,0.0322675,6328.344407741029
383.6,0.026329746,2864.8168128858865
383.7,0.008712642,1166.611917627383
383.8,0.026374927,2640.195622096065
383.9,0.0140627995,2823.1166938879705
384.0,0.018511912,2791.7347184602586
384.1,0.018110791,4784.090931075498
384.2,0.024126066,2453.3723980301966
384.3,0.010603734,2863.1190388290815
384.4,0.016047144,2936.863009459199
384.5,0.013691604,2047.0032368640068
384.6,0.01363145,916.5973205392148
384.7,0.010321323,1449.237166483914
384.8,0.030617947,3378.1529380779857
384.9,0.02984159,1347.7468844854845
385.0,0.03409923,2667.461747125459
385.1,0.028915675,3327.4703198744605
385.2,0.014529268,2618.066232665487
385.3,0.020644715,1999.4492034871691
385.4,0.015918799,3737.140848739962
385.5,0.019930905,2658.6357720647934
385.6,0.027455745,2062.1723954905333
385.7,0.086760804,3341.639989689149
385.8,0.24161598,837.7592049673509
385.9,0.26775178,289.25843097146077
386.0,0.030385606,3226.5648923036674
386.1,0.13005823,1663.7504951357278
386.2,0.102266185,5916.659593890632
386.3,0.11177774,5548.089490497578
386.4,0.22731477,576.7785370481263
386.5,0.12253876,3413.619643313939
386.6,0.22603147,647.7561938236081
386.7,0.093870014,3365.5531108473333
386.8,0.09033719,877.3261187878531
386.9,0.1841036,1572.725289714772
387.0,0.05751713,1803.789118440167
387.1,0.0814474,4024.648483127231
387.2,0.04353695,2790.003012804836
387.3,0.07122251,1611.675846714858
387.4,0.047013894,3064.91316810614
387.5,0.010966361,2433.869389904854
387.6,0.035230845,4783.5016515431325
387.7,0.044759866,2366.4093457356857
387.8,0.055496868,6474.017123210821
387.9,0.118428424,1874.7786928186683
388.0,0.06063921,2963.039373351842
388.1,0.015725886,3626.3832176964775
388.2,0.038139883,1394.0994245281076
388.3,0.062903665,2532.585139122862
388.4,0.040792428,7409.67329357611
388.5,0.14968188,3876.4746557280837
388.6,0.040929846,2616.893223203785
388.7,0.057672653,2777.3754300220053
388.8,0.04005899,3134.3721164573276
388.9,0.015323837,3419.957372387301
389.0,0.09723442,1017.2466200429577
389.1,0.086980715,2001.6640664503443
389.2,0.012481804,2985.4012863128673
389.3,0.08732269,1690.1069370139428
389.4,0.08881218,1078.468683444662
389.5,0.053253226,654.0308362385624
389.6,0.068864994,4141.412602614558
389.7,0.026037358,4819.564117282155
389.8,0.06657887,1207.960452046754
389.9,0.025404787,8320.231427460036
390.0,0.017490612,1938.5742081732024
390.1,0.016352301,2987.865056951545
390.2,0.023469508,3222.2792101911864
390.3,0.02708511,2663.9367828842346
390.4,0.043006565,1381.8616492758724
390.5,0.03317706,5149.592062286474
390.6,0.048644207,1317.234903010437
390.7,0.043739174,1372.6100498973356
390.8,0.05522147,2594.2787565133876
390.9,0.088539645,1950.6985861272713
391.0,0.02272421,934.404038740608
391.1,0.06862275,3445.4666395084223
391.2,0.030750932,6067.097505995842
391.3,0.030700102,8456.47577343061
391.4,0.034921873,2922.2533598334358
391.5,0.024306199,1296.2375470233028
391.6,0.015613842,2475.7608593873497
391.7,0.047977637,2210.579342198817
391.8,0.026385993,7750.175521408223
391.9,0.04698224,2540.7267161919376
392.0,0.027833095,2766.2749667335293
392.1,0.17889641,964.1782527220653
392.2,0.054356445,3811.9967229452377
392.3,0.029956654,4197.226989402383
392.4,0.036049124,2872.475229150348
392.5,0.021073582,5412.840917440535
392.6,0.03278492,4713.294602056427
392.7,0.028705621,4006.562500991475
392.8,0.022692654,4697.5812661468135
392.9,0.054711506,3118.981804040525
393.0,0.030671451,1920.6504911657933
393.1,0.053857483,2882.527788185361
393.2,0.046525266,1619.974639764751
393.3,0.032393225,4122.603885428282
393.4,0.016374473,3868.521418631893
393.5,0.029863684,6124.828846021561
393.6,0.060756914,7081.337072428522
393.7,0.023806406,3243.3055481946108
393.8,0.021893986,2507.5710167575357
393.9,0.03518844,2040.8402707682367
394.0,0.020733133,2943.9679405787724
394.1,0.03542057,2973.017558761834
394.2,0.021567654,7536.852108557564
394.3,0.02012708,9217.194110302746
394.4,0.026706694,3538.1445438251503
394.5,0.026757924,3191.3200686513273
394.6,0.015163546,4999.895234292617
394.7,0.023058465,3982.71243829135
394.8,0.03813242,2123.932998938271
394.9,0.04052572,3839.3399214852134
395.0,0.039731823,2829.8551927157796
395.1,0.034969907,5771.686626896835
395.2,0.0399705,1987.0583906839136
395.3,0.03244951,2585.654106533373
395.4,0.027126605,3659.6344928914077
395.5,0.050684746,2714.5733425323115
395.6,0.035690147,3889.7094680681225
395.7,0.020007035,3773.7507498010455
395.8,0.04233812,3840.794246407201
395.9,0.025457887,3571.268806041765
396.0,0.025585825,3286.7734749199108
396.1,0.025698427,3604.052149228015
396.2,0.035261746,4274.992195183144
396.3,0.008847308,3894.142870438421
396.4,0.01717275,4117.933176453213
396.5,0.013017096,3862.185385547804
396.6,0.06440688,3154.8277633386706
396.7,0.013997582,9622.919723774507
396.8,0.120256245,1068.2386243270448
396.9,0.13415003,858.809353654968
397.0,0.050176486,4301.00543769256
397.1,0.043158695,1998.7932949412705
397.2,0.033461183,4176.917934714571
397.3,0.017963635,4659.461501565248
397.4,0.107621364,3544.995432879089
397.5,0.05099681,4941.837564171943
397.6,0.09324775,1580.8901573770975
397.7,0.0536677,3292.9296811639433
397.8,0.057956137,6159.98087159894
397.9,0.05421312,2499.507903971847
398.0,0.14089899,1230.474743366251
398.1,0.030467281,5343.204466014977
398.2,0.061521277,3094.7993009089146
398.3,0.24682064,2110.970636164286
398.4,0.028178988,3691.5045212897876
398.5,0.14055537,1305.6147947099366
398.6,0.14702366,676.7361170916724
398.7,0.055557027,2197.0638635523906
398.8,0.21523707,756.8770253160491
398.9,0.07261893,2208.248197648036
399.0,0.15335086,3014.07330200891
399.1,0.16804333,1700.21717040862
399.2,0.06417249,1837.1435375843475
399.3,0.22495243,2395.3374574775194
399.4,0.2299551,2151.410358730818
399.5,0.12451814,2416.8202412144246
399.6,0.15632649,1946.5679319294295
399.7,0.3179446,469.0335307871806
399.8,0.093179554,1604.8067714646081
399.9,0.038449842,3356.676145474713
400.0,0.11377936,1045.308642069575
400.1,0.043671567,2267.6650370832904
400.2,0.024859235,2885.6945103745957
400.3,0.032146856,3408.3258197058276
400.4,0.027819853,1926.0842912124845
400.5,0.020229442,2468.7315454668797
400.6,0.012743345,1509.5134789748747
400.7,0.13988334,2287.750329425571
400.8,0.009614105,5897.319596279771
400.9,0.033597138,2617.092985318336
401.0,0.043782853,2256.9961511086353
401.1,0.060552474,2684.210714295097
401.2,0.087897494,2585.9679280948176
401.3,0.05640657,3572.0637086049187
401.4,0.023054779,7165.054346748727
401.5,0.021288639,2968.447896957012
401.6,0.012269103,2874.9810988688805
401.7,0.009583196,5052.117863996811
401.8,0.01864095,3650.4287682516015
401.9,0.01877333,3095.3996474993273
402.0,0.023759533,3311.576864598148
402.1,0.018796967,2230.1572344319648
402.2,0.015196272,4055.6585960282155
402.3,0.019200088,3383.7517569073025
402.4,0.019984756,2360.5206806224
402.5,0.018125929,6078.034678945372
402.6,0.019116934,6411.7497526446805
402.7,0.040116612,3309.7942914518735
402.8,0.07329449,6028.261874299411
402.9,0.01911968,4879.892924101484
403.0,0.028715506,4438.45970387686
403.1,0.038369734,4755.220289245541
403.2,0.025876872,8155.608524783569
403.3,0.058340874,3674.7072579280643
403.4,0.041802384,3270.662663384849
403.5,0.03882715,2118.3175087877253
403.6,0.02176807,2795.0878588114747
403.7,0.058247432,4969.237086461787
403.8,0.012176957,10089.200041569216
403.9,0.025288265,4915.8886750956135
404.0,0.029120699,2932.0565698526198
404.1,0.018145643,3060.3314753374907
404.2,0.009901575,6953.628867761296
404.3,0.030928321,4186.803784383015
404.4,0.0427053,2847.654434986711
404.5,0.009962884,3582.0815159308795
404.6,0.0433118,2031.107236491635
404.7,0.03923784,2735.2958606351444
404.8,0.05549235,2948.52415332187
404.9,0.038568456,4574.844997358596
405.0,0.024217851,2211.9238391079043
405.1,0.018052958,1495.8377604415714
405.2,0.017870776,3473.768003173124
405.3,0.028024182,2633.4642369452913
405.4,0.017551525,2734.8194928853045
405.5,0.021225246,2869.0467195639153
405.6,0.02167484,2534.058146763526
405.7,0.024549434,3969.9760085841594
405.8,0.015009617,3277.6802667075026
405.9,0.013770913,2194.6734452295345
406.0,0.0151286265,3234.819752328395
406.1,0.019726515,1656.5323703820577
406.2,0.021494707,2536.169139854157
406.3,0.02138708,2221.265818299847
406.4,0.018891092,3847.49567303681
406.5,0.017307311,4929.279040228586
406.6,0.016904527,5600.027014024918
406.7,0.030170148,4536.803575008855
406.8,0.02791016,2181.6951493739616
406.9,0.020316867,2223.3477093502934
407.0,0.025543176,3101.622855426723
407.1,0.03305299,4314.810243639369
407.2,0.026894836,2306.2230715469395
407.3,0.039297886,3503.1449456681285
407.4,0.0640389,3152.4252444500785
407.5,0.08437943,3044.879948206123
407.6,0.007546018,3834.83544566083
407.7,0.022453835,3828.6063771018044
407.8,0.020473167,6693.830683839676
407.9,0.04011001,2451.886182531586
408.0,0.0122166285,4140.167695889473
408.1,0.055117164,3982.4378371027615
408.2,0.027487878,2429.36899953438
408.3,0.009577029,4890.7570232773105
408.4,0.017201679,5921.43054782447
408.5,0.022402797,6840.308091938237
408.6,0.01504162,3080.1627247821393
408.7,0.033364914,3076.246422710146
408.8,0.018198913,3810.812416937401
408.9,0.01345838,6583.604993809066
409.0,0.01252116,3114.0676489811462
409.1,0.03152138,4408.811260578908
409.2,0.016699266,2978.818185131136
409.3,0.039453264,5236.295248991941
409.4,0.018083425,4089.325328248443
409.5,0.013596745,5155.487104141151
409.6,0.007652685,4050.9187109539635
409.7,0.052390482,3618.8756980216845
409.8,0.026888262,4106.933950656507
409.9,0.017616918,3635.8105633269706
410.0,0.0065120636,2561.3174742455503
410.1,0.034519576,3682.046594389808
410.2,0.042865478,3595.0970080620828
410.3,0.018656285,6403.9592638699705
410.4,0.04049842,3072.3244458988465
410.5,0.02969932,3503.764597457275
410.6,0.034654927,3596.9704814081024
410.7,0.04193557,3386.886143859989
410.8,0.039156888,3952.5138431432033
410.9,0.047050793,5596.463363975885
411.0,0.039948106,6072.026157721451
411.1,0.035141304,4055.879384236153
411.2,0.016115114,3863.4084404681516
411.3,0.071620755,4028.4597496321235
411.4,0.054626618,3876.662025608288
411.5,0.012722691,6582.507297724693
411.6,0.020338453,4823.281098517566
411.7,0.037344616,6768.7622011880485
411.8,0.024287904,7327.828164361967
411.9,0.021637095,2932.4619090881806
412.0,0.038207397,2928.7004547257206
412.1,0.020512901,2200.027212170061
412.2,0.016946005,1900.7032573199067
412.3,0.029092802,2278.073294982343
412.4,0.05321613,2589.3582212082742
412.5,0.060638122,2673.892512116109
412.6,0.032765374,3021.306789992518
412.7,0.009457348,2439.2092178802322
412.8,0.03486088,4728.404933508375
412.9,0.013541232,1854.8197943888113
413.0,0.017626306,2016.354054059164
413.1,0.019002324,1775.229144411182
413.2,0.024597498,3634.333279727891
413.3,0.02691972,5427.16746482059
413.4,0.022506796,3808.8671387494387
413.5,0.028100643,2000.1732159333953
413.6,0.029212115,2658.0293439881175
413.7,0.027185306,2644.328113861256
413.8,0.018288888,3155.2860964000383
413.9,0.012205668,2832.941451258677
414.0,0.036013614,4268.238598767835
414.1,0.013209438,2266.7147940208097
414.2,0.015130449,5583.612549654481
414.3,0.031842474,4580.2476881635785
414.4,0.030763958,6704.151659413464
414.5,0.04185307,4400.732746406017
414.6,0.012886142,3687.9638337086158
414.7,0.024305487,3246.155654695209
414.8,0.015201791,4306.893119447374
414.9,0.04120199,2480.0962076964734
415.0,0.037487365,3128.825151462787
415.1,0.027230179,4280.099458151909
415.2,0.015226469,2703.344177493124
415.3,0.015292393,5217.80819313955
415.4,0.031057606,3231.9511291378853
415.5,0.027992247,2632.6786209952097
415.6,0.025975859,3280.3417612197654
415.7,0.02078389,3272.371678574569
415.8,0.030289052,4233.6097170368885
415.9,0.027132055,4851.773260112133
416.0,0.023060089,6158.880120576798
416.1,0.029964646,5597.971008143727
416.2,0.067406386,3273.413825207229
416.3,0.052837495,4242.5870191122085
416.4,0.034694787,3683.5990706481552
416.5,0.019866059,3956.263975962896
416.6,0.031822857,3830.791281323902
416.7,0.023825767,4237.547442489978
416.8,0.032294385,4215.791346101256
416.9,0.024320375,3386.8922405048825
417.0,0.03445933,3728.3974191270772
417.1,0.038778294,3098.43726495044
417.2,0.033833776,4116.250317647853
417.3,0.03915854,5264.438503743309
417.4,0.024766592,5224.063408955526
417.5,0.04902213,2867.443897714281
417.6,0.019406915,3883.982080903089
417.7,0.026149742,4332.614560778009
417.8,0.017690467,5278.842299199178
417.9,0.007632594,5537.9174348677225
418.0,0.008050707,4084.339360100671
418.1,0.020520166,6258.589625862202
418.2,0.02601846,3399.9248142885835
418.3,0.022471681,3427.2499709873046
418.4,0.03441189,3854.919751313824
418.5,0.03405307,4269.938403692112
418.6,0.02942082,4218.459297042004
418.7,0.013154067,7162.20025335002
418.8,0.014738887,3437.9598870839727
418.9,0.028490378,3329.2219866127625
419.0,0.022213867,3258.4766458649274
419.1,0.022654356,4820.007343249046
419.2,0.030139232,4520.445407965387
419.3,0.016757566,3245.1423658908716
419.4,0.036985654,3007.650762464588
419.5,0.04612893,2765.611036512128
419.6,0.013051474,4355.179268529284
419.7,0.0066249333,6401.65069693127
419.8,0.031926602,2985.653754719238
419.9,0.0112907095,5641.531055483564
420.0,0.024699088,3960.695004993767
420.1,0.023295341,5022.529614863282
420.2,0.011448974,2427.82199018955
420.3,0.021481453,6045.277944526159
420.4,0.02214631,3036.8519270602833
420.5,0.09218714,3907.6973212639264
420.6,0.01429965,3126.2710537003713
420.7,0.017076133,3997.5068518923213
420.8,0.02067789,4243.723643926242
420.9,0.013848431,4008.235330143371
421.0,0.01416296,5586.860175778846
421.1,0.013389622,7921.064271062476
421.2,0.012154979,1215.6769719266576
421.3,0.018151786,2431.2951059866537
421.4,0.022248749,1540.9242980807205
421.5,0.050597597,2878.7169684437786
421.6,0.024474926,1207.1607469090275
421.7,0.014390327,1547.8677662862483
421.8,0.018984979,3993.132702435838
421.9,0.020435711,4609.0009275322545
422.0,0.0102330865,2975.2611057723984
422.1,0.035443623,4082.453839196969
422.2,0.019431155,3838.5448230640195
422.3,0.019718435,6017.504359643499
422.4,0.0249905,2241.339370796431
422.5,0.0491989,3984.6040575410916
422.6,0.017736766,3715.8853709460127
422.7,0.030601237,5715.721135899373
422.8,0.016242411,5904.267307929154
422.9,0.038450006,3779.6808969446893
423.0,0.01697303,3903.788458452389
423.1,0.011428411,3838.3391202562734
423.2,0.012027318,4527.700578618518
423.3,0.022460109,4900.109358588688
423.4,0.02083316,5122.607770784399
423.5,0.008315921,6405.777555921804
423.6,0.01226297,7891.551098985373
423.7,0.028098594,6829.486164174894
423.8,0.019670757,4161.196952855242
423.9,0.016840374,3882.9161896767114
424.0,0.014043117,2600.60289387949
424.1,0.014924292,3952.5640549948203
424.2,0.016281696,2080.7405232090077
424.3,0.030713258,1790.0850851475493
424.4,0.023571055,4913.7199965868585
424.5,0.018478679,2868.882700761945
424.6,0.0174794,3312.7772400445656
424.7,0.051085837,3550.657259559337
424.8,0.033750977,3093.739977781267
424.9,0.03358638,5559.291045590579
425.0,0.017271943,2960.5533083816
425.1,0.020674702,3572.8052469904696
425.2,0.020706825,5285.050664683491
425.3,0.024291273,6403.964235532254
425.4,0.06787946,3799.980506198686
425.5,0.072926566,2407.7989073961385
425.6,0.019113401,2670.948621590381
425.7,0.006713787,2456.147840693311
425.8,0.022235166,4095.370616756563
425.9,0.026159374,1923.813778698554
426.0,0.027875945,1575.9875393893954
426.1,0.022755023,2631.27295971457
426.2,0.0301244,2979.9035683119137
426.3,0.036442813,1269.3034222810434
426.4,0.039132174,2620.025409327387
426.5,0.022865724,3513.671879194143
426.6,0.02527801,3192.078799883335
426.7,0.013515412,7222.818782055675
426.8,0.097864956,3335.609548867197
426.9,0.007092255,3395.669482337916
427.0,0.0333785,1471.0209924237736
427.1,0.019621214,2467.8806162713295
427.2,0.017583048,2651.0794766322483
427.3,0.021842936,2145.650521650079
427.4,0.012705154,3724.530781132373
427.5,0.04600198,1820.034148633756
427.6,0.024162535,3512.1131086189316
427.7,0.053143833,1965.629651953931
427.8,0.023356665,2201.970533295462
427.9,0.033228416,1762.0186555765913
428.0,0.03226496,791.3069936221416
428.1,0.050757073,2379.0445072074626
428.2,0.029145187,2606.571326002512
428.3,0.030268587,1802.1131861940992
428.4,0.02478233,3528.718839579302
428.5,0.025407052,6966.485385758539
428.6,0.04640824,2904.999622006507
428.7,0.045871556,4228.153555090161
428.8,0.020965863,8544.242784025091
428.9,0.022577047,2566.6374713815762
429.0,0.035338093,2996.0340783691663
429.1,0.03142951,1681.2647816481765
429.2,0.064540304,3630.997786556342
429.3,0.038562078,3823.012991462165
429.4,0.026190272,5655.900748536927
429.5,0.014725674,5025.107919783251
429.6,0.019741556,3272.798833198523
429.7,0.01806848,6365.039750222086
429.8,0.025089774,6034.276903124412
429.9,0.028820228,4497.380356669095
430.0,0.014421074,8063.917290979942
430.1,0.020898154,3573.583328932945
430.2,0.034414746,3987.1281776709893
430.3,0.024218619,3988.2830769282873
430.4,0.028339963,5416.264590088083
430.5,0.021710997,3855.7148136938235
430.6,0.013038132,4408.91652599778
430.7,0.07867858,2812.579333701623
430.8,0.035948724,1939.9200821321224
430.9,0.04609327,819.586162108835
431.0,0.016754376,8470.756580891231
431.1,0.022951055,2661.714199533887
431.2,0.052757733,1808.4742786219908
431.3,0.09397502,3675.280088454972
431.4,0.018183284,3654.3136133879616
431.5,0.057874426,2639.774429397463
431.6,0.029861053,3301.561914594808
431.7,0.04024304,2713.620619179492
431.8,0.038870607,6150.373638358391
431.9,0.026776211,7121.647167612919
432.0,0.02703908,5271.835658580581
432.1,0.24281956,247.481908094471
432.2,0.08340686,1470.5274391856005
432.3,0.20758818,607.8578424850392
432.4,0.06955626,1563.7736883666696
432.5,0.07304412,751.372989852814
432.6,0.077080406,1600.291423993729
432.7,0.022133056,2280.799948195236
432.8,0.07135378,1266.167228393073
432.9,0.04132647,2321.0291014132617
433.0,0.07464322,1731.3398834339648
433.1,0.067931525,2903.608725557873
433.2,0.039874002,4200.939118320772
433.3,0.28201407,1557.4368089832687
433.4,0.07289938,3039.394569598493
433.5,0.07829559,3266.7222691712823
433.6,0.041995168,4102.497192488513
433.7,0.16165082,2803.09719672744
433.8,0.08164401,1774.648705987193
433.9,0.05945758,2534.839837464408
434.0,0.20317063,282.8754428535923
434.1,0.06361879,2329.9424990368957
434.2,0.034332346,1983.0836496390834
434.3,0.2051972,1944.179776831039
434.4,0.049069367,3393.4575648923174
434.5,0.32591096,421.76970901113543
434.6,0.06243847,4501.572743427984
434.7,0.13435571,2925.3127104666855
434.8,0.052593805,4313.686649224674
434.9,0.05645551,1942.75546063
435.0,0.039043363,4813.2325616341495
435.1,0.023892868,3314.2837670461086
435.2,0.054828774,3122.664049143197
435.3,0.08919792,2260.694859635742
435.4,0.104453705,1571.6015369206489
435.5,0.21440475,2328.957442441023
435.6,0.06179975,3288.920343402746
435.7,0.08100354,2428.4423142606956
435.8,0.06621434,2667.3856231861
435.9,0.29399416,3730.678726186338
436.0,0.23492344,1191.292340985301
436.1,0.0440796,2439.3435304982904
436.2,0.07473637,1583.7595120534297
436.3,0.056175385,3469.078781441645
436.4,0.09097765,1657.363374734193
436.5,0.06958621,2372.9990235158693
436.6,0.034361858,3430.9408983444487
436.7,0.13904537,1042.4315249542315
436.8,0.122100495,1704.5558215102365
436.9,0.19112061,1830.7561597496488
437.0,0.107135616,647.3486678946033
437.1,0.041904766,4545.164382120349
437.2,0.07835125,2485.9691064304707
437.3,0.08571731,1682.9604279277362
437.4,0.094272904,2092.734160057897
437.5,0.03369836,3188.1276489083666
437.6,0.08609408,2886.2360176706416
437.7,0.18362108,391.9891529145439
437.8,0.030105082,2565.087830259613
437.9,0.031341985,725.2886046785659
438.0,0.07175567,1864.121096153996
438.1,0.034823548,1140.9709364829162
438.2,0.011546137,2329.693053837454
438.3,0.11628473,2643.5722266519488
438.4,0.07104805,2781.956267378813
438.5,0.018505303,4493.47905664494
438.6,0.019211983,4621.666065083124
438.7,0.11613847,3871.6361052794136
438.8,0.023019902,4084.635655630156
438.9,0.013517182,3819.6875114069617
439.0,0.033070315,2194.126736034689
439.1,0.055601317,4460.184578167886
439.2,0.01252848,6078.450701587359
439.3,0.020709498,5528.938044765082
439.4,0.06663403,3463.7671777776472
439.5,0.05527227,2989.799016741219
439.6,0.027160777,3489.9511834056866
439.7,0.0034435168,1840.6179727633744
439.8,0.011687978,6059.459693492103
439.9,0.0035348719,2455.4634125948305
440.0,0.07515089,4207.388019099626
440.1,0.012542124,3200.0565703447014
440.2,0.053967785,5250.589210145181
440.3,0.01454485,3465.487792401173
440.4,0.022796785,3156.9781974728166
440.5,0.06967684,3713.7486023215733
440.6,0.03669706,2424.418153486043
440.7,0.017284082,2833.262150439203
440.8,0.014329154,3738.00832820226
440.9,0.03148641,2710.3661280783576
441.0,0.01685546,2831.829190697184
441.1,0.02745651,4426.542823885102
441.2,0.031042237,4561.687405303666
441.3,0.031790882,4360.29383672302
441.4,0.033376988,3607.5867093242096
441.5,0.031532165,2767.1699782927863
441.6,0.042174056,3077.980304274215
441.7,0.036271624,2665.7018229599735
441.8,0.021637635,2876.8484153948025
441.9,0.024111602,2591.4588126363383
442.0,0.025063897,4199.774243674902
442.1,0.021662528,3262.681653714796
442.2,0.028181354,3653.4573379795083
442.3,0.032209925,3253.3696674534817
442.4,0.027235257,2294.2250149793263
442.5,0.012711802,4542.991410647688
442.6,0.028924925,2697.3370923130224
442.7,0.023476817,2923.2762610101486
442.8,0.0550452,2632.864182167727
442.9,0.027115284,3519.2878569696813
443.0,0.027823985,3357.302630551333
443.1,0.052228976,4598.551619972579
443.2,0.03846311,2722.049043004553
443.3,0.01777937,3805.7323803117974
443.4,0.012438552,2734.230125515457
443.5,0.038351167,4901.982673004554
443.6,0.03646396,4030.3303195079934
443.7,0.024661642,4502.681641153912
443.8,0.032033294,3346.4450050400137
443.9,0.06247083,4586.384430556813
444.0,0.042767357,2188.956838602979
444.1,0.021189956,3221.7237583207907
444.2,0.027413804,4246.283864670194
444.3,0.037410095,2105.6567561151423
444.4,0.022009252,3277.243466679961
444.5,0.024768066,4132.120816007455
444.6,0.043065764,4486.5349281905455
444.7,0.06685606,3965.2245384678636
444.8,0.047390673,3374.256736285865
444.9,0.021487053,3316.442103968116
445.0,0.023471687,3770.2870902003606
445.1,0.027740944,3905.9364665912917
445.2,0.02513492,4144.802196200156
445.3,0.028753018,4230.71097845927
445.4,0.050023876,3207.3686003894563
445.5,0.014418783,1752.7167219386308
445.6,0.007951446,2128.0655629297903
445.7,0.0047044363,7143.740047718331
445.8,0.01621773,3988.33520277364
445.9,0.038777314,2717.5775380158357
446.0,0.018322287,5734.221447784808
446.1,0.025016043,4217.4176457492385
446.2,0.016667178,2465.7793794741947
446.3,0.075466014,2551.892077937946
446.4,0.016272802,5435.290603259816
446.5,0.01799188,3954.8197504731615
446.6,0.02135978,2935.052396141238
446.7,0.0124780545,4984.445564910224
446.8,0.016756464,3111.102955149869
446.9,0.037786726,3345.1676567672066
447.0,0.037496347,4377.336125873231
447.1,0.035382647,3955.750598423775
447.2,0.025146091,5759.421696002813
447.3,0.02390746,6151.913197699495
447.4,0.015600565,3610.4788087312154
447.5,0.015329033,3817.2248792408736
447.6,0.026411003,4615.524166208206
447.7,0.024549931,9415.755436122556
447.8,0.048576158,3996.5084412114966
447.9,0.011909417,4089.930133332101
448.0,0.011462066,4299.286168333209
448.1,0.008854523,4684.249599864174
448.2,0.018061211,2784.295094873066
448.3,0.066400595,3045.860456273576
448.4,0.090974055,5250.744803998052
448.5,0.084772326,2790.0683345746
448.6,0.054890525,2918.1850282962005
448.7,0.062722564,2597.7314585394015
448.8,0.054268632,2533.8978061288403
448.9,0.06343881,5520.066617519391
449.0,0.027831875,6720.188956115492
449.1,0.012113844,4347.3871027894775
449.2,0.041684274,4126.44767898567
449.3,0.02698238,4184.973547125455
449.4,0.007881677,2571.2504643326947
449.5,0.0047261273,3442.63492985122
449.6,0.0044196127,1985.0730582220885
449.7,0.014402838,4230.692556043794
449.8,0.010271753,4042.774765205577
449.9,0.030750068,6114.037308196538
450.0,0.025138274,4113.293956763229
450.1,0.034664467,3539.974879653232
450.2,0.032028213,3372.10614712034
450.3,0.03189249,3269.3322041620418
450.4,0.059387565,2885.930232045742
450.5,0.058779366,2518.7742813846917
450.6,0.054674514,3810.4365766173346
450.7,0.0553762,4702.52535392112
450.8,0.0653018,2527.6619735624636
450.9,0.023068579,4171.0331691957
451.0,0.047807705,3109.0851345552414
451.1,0.014805565,7357.8960632353865
451.2,0.015680905,5165.074881806206
451.3,0.021397805,2659.7624664395917
451.4,0.022732114,5329.510437742595
451.5,0.010724416,4733.882947416213
451.6,0.030781414,3700.759811104339
451.7,0.020766506,2864.7880624431364
451.8,0.014150746,3065.370977681647
451.9,0.03599355,2816.7559089556817
452.0,0.025974201,3173.2920728453055
452.1,0.037439212,2420.4733848105484
452.2,0.008234273,2804.0189049353985
452.3,0.026375635,2906.7846044486973
452.4,0.01459672,3781.146374175744
452.5,0.031149702,2926.9454782751855
452.6,0.055461146,3387.532291664004
452.7,0.056009196,3718.424619168153
452.8,0.014644897,4895.543551256289
452.9,0.038706593,3548.7861732107895
453.0,0.036888205,6851.894970635136
453.1,0.12965068,2974.335449260694
453.2,0.07701792,1345.3844489808098
453.3,0.026124582,4788.355938304738
453.4,0.10882602,499.0264044035966
453.5,0.03702655,1110.3077782571997
453.6,0.020664439,6932.398390264845
453.7,0.08113076,2980.0359878596696
453.8,0.01899563,2863.330696016791
453.9,0.064391404,3340.3746612668983
454.0,0.03633658,2475.313332068864
454.1,0.026188167,5431.7124347551135
454.2,0.025427988,2747.1709168943867
454.3,0.22648676,1351.5745164460473
454.4,0.09760862,2236.743442359235
454.5,0.2132474,753.9950862277493
454.6,0.13265604,2157.101598744195
454.7,0.11462506,2961.779345608292
454.8,0.1944784,1134.5007282579961
454.9,0.16084443,560.9233917805309
455.0,0.10148345,562.9619777594755
455.1,0.070852146,1437.204370476747
455.2,0.054135725,599.9554954582311
455.3,0.040989663,779.6092172681211
455.4,0.13948275,1197.6294933923955
455.5,0.03608476,2470.4153338188744
455.6,0.12786782,1620.1699856839004
455.7,0.031042712,2473.5236601746706
455.8,0.072485134,1593.52344197122
455.9,0.1620307,311.73041256796853
456.0,0.12866026,940.8428968196888
456.1,0.29464796,2188.967948914078
456.2,0.16982445,643.840186678343
456.3,0.34516424,190.1360174476846
456.4,0.13608003,944.4800281157147
456.5,0.19153427,823.8139466449476
456.6,0.11578745,2651.940597713675
456.7,0.09663071,2592.858722536977
456.8,0.0457197,649.3025401193426
456.9,0.101050995,1500.3467748545243
457.0,0.07464546,1279.765808798141
457.1,0.043957684,723.4917189636278
457.2,0.104561135,1813.9282414256418
457.3,0.096933715,2146.722598039806
457.4,0.08553538,3143.385752676453
457.5,0.071837716,6210.271600559527
457.6,0.053607114,4272.140922319411
457.7,0.012203508,2975.4445687756024
457.8,0.026169103,4424.460292952336
457.9,0.025668826,3974.716285750283
458.0,0.02275286,3196.4571822105727
458.1,0.019712288,3347.9835695197044
458.2,0.07806733,2665.012201762421
458.3,0.022378482,3880.176777759193
458.4,0.022210343,6367.669734224495
458.5,0.015960814,4697.654502811547
458.6,0.059857257,3515.806181298336
458.7,0.036033466,8007.754221013769
458.8,0.036362078,2749.5613919394273
458.9,0.02680492,1361.45969057992
459.0,0.04738494,2601.942900553022
459.1,0.052268293,2670.1670686260754
459.2,0.018467668,4762.912718201642
459.3,0.015442928,3373.0714304659505
459.4,0.01111574,4244.346905959366
459.5,0.040036354,3582.3479842167185
459.6,0.030298948,3882.686465675468
459.7,0.01814288,5947.448351336978
459.8,0.019743087,3122.344382336706
459.9,0.05581213,3972.2048001320836
460.0,0.011838843,1960.6435378618487
460.1,0.024618343,3184.1669209563934
460.2,0.05414007,6263.38469942524
460.3,0.021546507,6626.529377677998
460.4,0.018416028,3978.144602793584
460.5,0.015343271,3744.314613463206
460.6,0.019127432,2173.722680554373
460.7,0.010464649,2085.2353721680097
460.8,0.01570428,2771.2113006774007
460.9,0.01750103,2692.0884334209404
461.0,0.012423298,3719.204333822045
461.1,0.012596037,3682.9938149698687
461.2,0.02625502,4595.507402190607
461.3,0.03554795,2637.7119521387376
461.4,0.055591717,4190.437018696908
461.5,0.073219396,3350.0948149240903
461.6,0.042238563,3040.5263827071108
461.7,0.04876563,3732.0957137754485
461.8,0.011987108,2420.3589846712675
461.9,0.019587483,6017.961695666296
462.0,0.048573762,3751.7014711960564
462.1,0.021751639,5803.271714854241
462.2,0.032553576,4913.128697582214
462.3,0.03189225,4238.31965937263
462.4,0.033487227,4873.301851038716
462.5,0.034435634,2703.6602696781347
462.6,0.04097754,4955.733499023078
462.7,0.05340578,3292.5779924815056
462.8,0.022031337,2632.3885286348254
462.9,0.037644576,3478.5443419919015
463.0,0.0465266,5595.1980890759605
463.1,0.037277408,1951.4441187701586
463.2,0.038486034,2581.670738274539
463.3,0.014380148,3368.78154223045
463.4,0.013056164,3780.2093435202905
463.5,0.016541066,2786.331773839949
463.6,0.052040286,3821.0597987066594
463.7,0.02680357,3592.292548233482
463.8,0.03449909,4378.593259299392
463.9,0.029138017,3777.7554348956733
464.0,0.016890151,5893.379263736211
464.1,0.018730475,3204.4133489404658
464.2,0.009436,2816.2331626194673
464.3,0.03836811,4635.060519496286
464.4,0.02281881,7304.8540096777215
464.5,0.028763799,3460.0889971864353
464.6,0.018713359,4525.593107560757
464.7,0.013387173,5558.800719650093
464.8,0.03595507,4188.854178931564
464.9,0.018998498,3566.6124238381344
465.0,0.026450336,2835.762568508291
465.1,0.018895267,2212.455373347894
465.2,0.029126866,2429.555753097813
465.3,0.02380139,1743.0831054792231
465.4,0.087271914,4360.608773087735
465.5,0.03274911,1881.2654441524217
465.6,0.03090601,2818.4503407470265
465.7,0.025114838,2269.5039606307787
465.8,0.03245919,2981.69193148174
465.9,0.017467404,5218.374563195377
466.0,0.036373958,2820.03256953203
466.1,0.019924875,4083.0224986686326
466.2,0.019871177,4119.673723328753
466.3,0.030171793,2307.2687640596123
466.4,0.032919463,2991.49673824923
466.5,0.034759913,5790.682647695439
466.6,0.024567647,7929.930679871231
466.7,0.023083061,7816.311675330911
466.8,0.015660387,2591.44294117337
466.9,0.015546253,2925.332813625103
467.0,0.017345348,3481.759891823054
467.1,0.029405309,6909.167868610344
467.2,0.06748224,4521.411484018007
467.3,0.01896183,2764.082475804965
467.4,0.04260282,6001.965510221949
467.5,0.015768647,4823.135608107451
467.6,0.018830603,2982.121716091994
467.7,0.038599394,2248.831159737055
467.8,0.033021532,3491.5691486277146
467.9,0.045579284,3765.5323199741865
468.0,0.054817922,3691.574263382149
468.1,0.026454523,3605.3148592735292
468.2,0.04524842,3070.676287458179
468.3,0.0610681,5815.121802992322
468.4,0.034431,2872.442504577902
468.5,0.031100769,4724.901521970911
468.6,0.03192502,3405.5429922966264
468.7,0.02789847,2925.1267171466607
468.8,0.059244696,2476.941947253599
468.9,0.014068474,3548.7587532531456
469.0,0.014338439,2718.2803678236173
469.1,0.012576046,2304.1175496072683
469.2,0.012254481,3080.581638336809
469.3,0.033940442,3582.897361019623
469.4,0.019561293,4065.8190380920196
469.5,0.0385055,3013.6352836551514
469.6,0.08410042,2714.1818507721264
469.7,0.03855822,2044.098292044927
469.8,0.032276876,1744.611676656404
469.9,0.038299702,2480.0883017897713
470.0,0.03306105,2071.3130549138177
470.1,0.020734167,1353.8487024201963
470.2,0.022396425,1364.1969562614115
470.3,0.016090807,1973.4298439065265
470.4,0.011874908,2522.3027530519266
470.5,0.10181615,1478.3950581735755
470.6,0.111622244,2456.6323322574503
470.7,0.08784078,2220.30130544594
470.8,0.020438455,1346.381539248366
470.9,0.052245162,2562.7253717030744
471.0,0.03665459,2392.762366041372
471.1,0.0696012,9924.333982338308
471.2,0.07372773,10350.4929197044
471.3,0.06902077,3339.386516464995
471.4,0.02676986,1698.9121111746608
471.5,0.031162601,2457.0410917007853
471.6,0.01740854,4934.536879841395
471.7,0.027911043,6421.526229738674
471.8,0.057844274,2124.2400821614
471.9,0.05497895,3188.1373159295267
472.0,0.04728291,2918.3062796448535
472.1,0.06425782,1522.075978639937
472.2,0.02335699,1848.5552565976268
472.3,0.05951382,4186.07319603479
472.4,0.039345745,2737.5728804713935
472.5,0.043150865,761.3689927181154
472.6,0.15661901,2067.2576599580884
472.7,0.0456385,3882.2408941347167
472.8,0.025908988,2422.1992421357254
472.9,0.05777553,2999.356574259817
473.0,0.04688316,2366.157771515301
473.1,0.03935835,3456.842258139837
473.2,0.042528015,2561.7291905950938
473.3,0.08127704,2735.2138860132695
473.4,0.053131327,3363.349450035307
473.5,0.035730798,1955.2034052654435
473.6,0.067845784,4126.252853347413
473.7,0.046394564,1742.5524597815015
473.8,0.10117493,1693.8814909546206
473.9,0.13235123,2691.785344499176
474.0,0.039750133,1497.131963868524
474.1,0.09327543,1199.2491775246347
474.2,0.08958635,3958.38680860767
474.3,0.048899528,1335.0343508505753
474.4,0.072081394,3636.9322860662455
474.5,0.110926956,5586.502836420893
474.6,0.23524201,2881.303356327815
474.7,0.09795369,2846.9384569221556
474.8,0.041448824,2297.5417727182007
474.9,0.24615543,1237.7647570934482
475.0,0.1124401,4162.889321987385
475.1,0.050897494,1834.5279720830267
475.2,0.047081724,2209.2999419290213
475.3,0.043744512,4155.757425267049
475.4,0.25166336,1775.7353018870015
475.5,0.093845144,4107.791972482926
475.6,0.115847334,1351.9245549353136
475.7,0.10611487,2341.588925269412
475.8,0.11194967,921.1269878904677
475.9,0.14198604,1178.1890243162773
476.0,0.091217,968.2050406911426
476.1,0.12059947,1412.6817798705679
476.2,0.088866495,7145.424179052926
476.3,0.29918358,366.3202231087629
476.4,0.07450364,2530.7538298315726
476.5,0.066683695,6307.660329389819
476.6,0.07861598,2942.304291587323
476.7,0.15644477,1527.140289298309
476.8,0.108375184,2101.7308600756955
476.9,0.059285898,4673.764234136266
477.0,0.060677517,2370.46753922086
477.1,0.023940027,2580.359719859449
477.2,0.07140065,3107.9052273554653
477.3,0.038967486,3038.647904426612
477.4,0.025813855,4476.055335636143
477.5,0.032802276,3030.430809204292
477.6,0.010932698,5303.821886001906
477.7,0.018898299,4614.136625215429
477.8,0.060888946,2439.902908456514
477.9,0.045517746,2199.6763931151804
478.0,0.026906248,6300.181398460742
478.1,0.034284223,4847.228044557913
478.2,0.046637926,3103.2148908506692
478.3,0.010004873,2314.6191367518663
478.4,0.035935603,5769.312776201976
478.5,0.05666022,2675.0201679111533
478.6,0.02158415,3374.287682667009
478.7,0.014813855,8264.893036397145
478.8,0.029034264,2958.4679635799944
478.9,0.015018303,1838.7937965848892
479.0,0.027038975,6438.6341035924415
479.1,0.025325168,6173.7837872277505
479.2,0.042194676,2996.270354568458
479.3,0.02033387,3474.524413167145
479.4,0.028651467,2543.1700780128285
479.5,0.027481223,3115.928893491166
479.6,0.035592474,1111.6100849630695
479.7,0.033483244,1756.414046393248
479.8,0.028889464,2336.3490793168
479.9,0.01794254,2961.4707031997173
480.0,0.019188229,2072.670362738505
480.1,0.018919542,2103.508461700345
480.2,0.03468014,9557.95889773377
480.3,0.032302354,6118.111725448986
480.4,0.03719354,1880.9277542153015
480.5,0.032048468,4207.699024223084
480.6,0.040716786,1605.8487529449258
480.7,0.026592508,1989.937056129106
480.8,0.05316035,1998.1823251229134
480.9,0.04971865,1848.8292389882579
481.0,0.029655615,5075.670644545007
481.1,0.029377727,3433.296092421086
481.2,0.016006997,3376.9427263569796
481.3,0.022729725,4825.213382855412
481.4,0.017591836,6678.132714470117
481.5,0.04864214,3691.6217101529346
481.6,0.033822697,3410.8337314925247
481.7,0.023763567,4823.204089526484
481.8,0.02598413,3710.2060028708343
481.9,0.07038881,1912.4706702050817
482.0,0.049758196,1658.9595037251083
482.1,0.042751275,982.1538899314972
482.2,0.11121306,2890.587678814148
482.3,0.13929322,780.1961533948507
482.4,0.08573721,2281.5686002818347
482.5,0.037084058,1214.93884754192
482.6,0.034927323,2807.686765633846
482.7,0.14436632,1717.9648712235635
482.8,0.023583453,5093.139774171408
482.9,0.033284053,6918.640185911403
483.0,0.035556693,9433.767617798007
483.1,0.04168057,8273.64706421745
483.2,0.057954203,2935.6993687964646
483.3,0.03850903,4522.051062845235
483.4,0.041638937,3693.544286216372
483.5,0.01711568,2332.7892755772727
483.6,0.024000302,2649.652285327868
483.7,0.03848457,1505.7536617333155
483.8,0.06694564,4687.191259062544
483.9,0.047853045,3740.3746518664284
484.0,0.014068165,3275.3433307256946
484.1,0.10693578,1493.990264127859
484.2,0.21055648,1765.5773747136
484.3,0.04491523,6281.397321467493
484.4,0.097970314,2840.073594844835
484.5,0.07289714,3755.4501072137687
484.6,0.09874689,1223.1401503463703
484.7,0.0876199,1935.0231291019822
484.8,0.032180067,4191.872805473364
484.9,0.106047235,3031.730448983101
485.0,0.080718786,2569.9261776216745
485.1,0.04594074,1506.2427260432746
485.2,0.08724475,3059.6620243322186
485.3,0.059650548,663.6452720441262
485.4,0.08694801,2761.504379638062
485.5,0.07646056,4923.001944749624
485.6,0.18322387,3528.617405296649
485.7,0.18359765,1073.9122940427517
485.8,0.06416466,1495.3691645725507
485.9,0.041185427,4730.414818279847
486.0,0.038591694,2062.434188507062
486.1,0.07632029,3758.7354585712824
486.2,0.035479624,2927.664675386676
486.3,0.069398634,2760.397878252832
486.4,0.029874219,2675.4640855582115
486.5,0.029285416,4826.054041760002
486.6,0.026610969,3130.1937446977618
486.7,0.057504088,1276.3879411627759
486.8,0.057465695,2565.2540558849414
486.9,0.035253696,3826.855022161235
487.0,0.07473928,3184.9830215657753
487.1,0.025982201,8972.151965247584
487.2,0.06565018,2311.4081124937143
487.3,0.02788426,2769.1196146675984
487.4,0.030752145,2414.3721096596128
487.5,0.03191266,2735.760445188641
487.6,0.043220308,4258.5959237015995
487.7,0.032505542,2477.2555729906585
487.8,0.032198288,1997.806572324671
487.9,0.03672466,2981.0014687596804
488.0,0.044436887,2075.4978454737357
488.1,0.036006153,3530.1610462232807
488.2,0.03736623,7356.565893651788
488.3,0.062227648,1541.57276699175
488.4,0.037557542,5260.506171207666
488.5,0.042341325,2943.0042700549257
488.6,0.04045098,3366.4062636501408
488.7,0.043264784,2453.02662407718
488.8,0.07630611,1910.0345806472906
488.9,0.07929286,2233.939315374815
489.0,0.03562866,5582.926133682975
489.1,0.11115038,1845.7674412199256
489.2,0.044502497,2529.273105078102
489.3,0.08715562,1082.2974372560545
489.4,0.057719164,1645.4795017569463
489.5,0.02905711,2315.0550406356015
489.6,0.065403424,1922.6913899085425
489.7,0.033140987,6725.376021503995
489.8,0.3499425,799.8337850383306
489.9,0.09046537,2013.7833455290781
490.0,0.07170806,2580.618867433067
490.1,0.03512816,5104.773353270473
490.2,0.04349144,1774.9663016078744
490.3,0.028209414,1310.9896920388492
490.4,0.029799009,1156.2412169608806
490.5,0.01032754,2777.6877518503743
490.6,0.013570167,3143.636504632196
490.7,0.023199296,1885.7170604782548
490.8,0.016203327,2110.523141677151
490.9,0.04096364,2790.1572457215852
491.0,0.0112326,8924.543088104463
491.1,0.0045986795,7069.772026353496
491.2,0.0111802295,2448.920074544604
491.3,0.014671299,2091.442822985044
491.4,0.054229815,2604.9603180321637
491.5,0.060633957,1997.6377457533042
491.6,0.032927096,1687.8823383519998
491.7,0.051511,927.547641634068
491.8,0.103045836,822.2526320018065
491.9,0.105097234,805.262881910865
492.0,0.09274239,652.3457979237202
492.1,0.03286434,608.9631885407699
492.2,0.051673446,438.5428746365833
492.3,0.03670473,453.4381931056668
492.4,0.116071925,384.1315053842031
492.5,0.039670378,934.2437577239375
492.6,0.016575152,1986.7483899212073
492.7,0.011114469,2529.041753669487
492.8,0.03663497,6060.415389100373
492.9,0.0091788275,2599.5957363748043
493.0,0.009204462,2568.5291691475068
493.1,0.004091762,2189.984733129626
493.2,0.011352627,4265.026427799181
493.3,0.00942262,6335.9321591699045
493.4,0.06021737,3426.3665049138403
493.5,0.008403419,3328.3081170273176
493.6,0.020759247,2219.139827161886
493.7,0.019049032,1589.8918903712663
493.8,0.021378968,1610.5957589753618
493.9,0.02731739,1551.3053901836834
494.0,0.021020295,1167.6580185196408
494.1,0.01898395,3563.8571152694153
494.2,0.04568265,3620.132336027819
494.3,0.025833562,5514.721621947412
494.4,0.011369637,3317.0498494997423
494.5,0.0042464035,3018.1869103135623
494.6,0.05325249,5165.5608225406195
494.7,0.048527163,2309.4148308184276
494.8,0.04108563,2639.989501932664
494.9,0.05608685,3214.2220585370483
495.0,0.033726413,2894.1283327848787
495.1,0.018211273,2568.128723788712
495.2,0.012942216,2660.413074480977
495.3,0.017095914,3473.223523094215
495.4,0.002930496,2002.5228131485583
495.5,0.0100875,5590.606914117954
495.6,0.011563706,4827.135841165791
495.7,0.062686086,4684.13668746895
495.8,0.0070408797,5265.917279728742
495.9,0.04621137,4342.361366781011
496.0,0.026185699,2596.5034063940966
496.1,0.055470694,1554.0443662445427
496.2,0.08906971,2024.6359663399971
496.3,0.07763509,1291.555890986222
496.4,0.028779298,2129.4059745238715
496.5,0.044415202,1453.5602429669168
496.6,0.032217562,1975.4282229227515
496.7,0.08942763,2027.484944234648
496.8,0.06394585,2912.8515019897595
496.9,0.01578709,6122.396990920908
497.0,0.04320249,4331.9450855802315
497.1,0.03689664,4161.118071202326
497.2,0.026560053,2736.124585804313
497.3,0.03665828,4026.5569473265214
497.4,0.05170947,3193.2616426515633
497.5,0.047109384,2871.1479889260154
497.6,0.052235913,2412.557105678181
497.7,0.021256171,1628.470787314545
497.8,0.016019901,849.5515974911563
497.9,0.028040972,652.5233554059284
498.0,0.031028876,3510.2367688721642
498.1,0.022453323,2471.9158531386206
498.2,0.01838556,2143.964236989443
498.3,0.038985565,2558.1456863299163
498.4,0.03491264,2919.2634212402363
498.5,0.023005543,2144.216021892149
498.6,0.01534066,1573.870921572854
498.7,0.006822188,6729.45248628821
498.8,0.013159389,3308.4612563214664
498.9,0.018152317,2570.2544717357036
499.0,0.014689484,4654.46317737346
499.1,0.030789625,2947.9465818404988
499.2,0.010796418,3223.6224976582816
499.3,0.043726932,5292.646068575421
499.4,0.01028689,8517.724370948283
499.5,0.0018636615,5460.78159721952
499.6,0.018251741,2936.2230726922503
499.7,0.014813078,3309.8644150953187
499.8,0.01575167,1923.8653107568248
499.9,0.028696906,1624.57674511692
500.0,0.019113567,1697.7922884721663
500.1,0.019616092,2295.6258040233365
500.2,0.025986817,1083.6678477481403
500.3,0.013924696,4947.679600936072
500.4,0.015028248,3728.497562545893
500.5,0.005265749,3343.4947652443416
500.6,0.013837826,3307.2236962839415
500.7,0.022331536,5379.389711751536
500.8,0.015327913,2920.2469956566174
500.9,0.015988406,2135.426789600904
501.0,0.022509132,3858.2093140239886
501.1,0.018468834,3443.836095626174
501.2,0.019112129,2576.9050911134927
501.3,0.030744309,1452.1772698383018
501.4,0.01860942,1566.5993960743576
501.5,0.016178735,2979.843943561215
501.6,0.026956504,1417.8260083285231
501.7,0.019326825,2420.7933613407163
501.8,0.018910283,2363.0781397605874
501.9,0.026919672,6543.681326433991
502.0,0.01566125,2011.0244082951895
502.1,0.017495757,2755.228591620214
502.2,0.085332364,2461.908736067022
502.3,0.011981532,3489.2837465762886
502.4,0.018628765,4971.820422845539
502.5,0.022384219,2797.7755146472455
502.6,0.021391409,4682.610366735381
502.7,0.042740893,6425.0498146030195
502.8,0.0152764525,5387.495394982559
502.9,0.06203509,2943.903389770534
503.0,0.019048398,2650.6203697653855
503.1,0.009207563,2237.5391706105174
503.2,0.032384053,5028.579634507935
503.3,0.017470146,2963.878505969871
503.4,0.02254541,5538.695172528412
503.5,0.034347393,3565.344319405689
503.6,0.023868958,4260.37285136032
503.7,0.014919297,4030.0568251939903
503.8,0.030103477,4858.471398400348
503.9,0.025350345,3227.105459508498
504.0,0.041649785,4687.969704350429
504.1,0.05662886,3262.2453415851105
504.2,0.020547792,4026.7120291423707
504.3,0.024940742,4225.1914606504615
504.4,0.015959252,2298.767866892435
504.5,0.12998222,2858.93176432301
504.6,0.032572713,2595.7699469675895
504.7,0.022186555,3276.2060922343126
504.8,0.029701304,3934.167302381937
504.9,0.045007713,4077.4174339650017
505.0,0.039213244,3232.855074778628
505.1,0.0245788,4334.094324229352
505.2,0.057306573,3193.688522620815
505.3,0.035274275,4624.934500930051
505.4,0.048521712,4585.262792879321
505.5,0.027159141,3307.4303377240462
505.6,0.033854533,2756.7673676102086
505.7,0.03210452,4113.081173997633
505.8,0.03647037,4133.763846397369
505.9,0.018550437,5286.034589774063
506.0,0.025992004,5127.12846156602
506.1,0.019498698,6601.702480043927
506.2,0.01100509,4348.794997449484
506.3,0.020559276,6320.878933282336
506.4,0.023817021,4993.8044578297395
506.5,0.024154628,2666.5125889718133
506.6,0.025179414,5314.40114246041
506.7,0.0057461364,3579.7824195851417
506.8,0.006764536,2726.294743437759
506.9,0.0060897083,1849.3417801301632
507.0,0.035490386,8734.252001374898
507.1,0.019877372,3241.5609894057015
507.2,0.012436523,3121.3373617989005
507.3,0.04438641,5234.098758240095
507.4,0.062056392,3132.649085721057
507.5,0.03888974,3959.5170097810624
507.6,0.029906789,3783.999650099063
507.7,0.038383927,3373.7908421947964
507.8,0.011840309,4598.27376681194
507.9,0.05830268,3599.629529216603
508.0,0.01274579,4145.150214778372
508.1,0.016301742,2927.8722605494117
508.2,0.016499069,3123.9860369486537
508.3,0.0138504645,5831.367447524131
508.4,0.09163253,3947.158754687646
508.5,0.03327639,4969.366756151439
508.6,0.03838681,3679.6747779798557
508.7,0.0072126854,3613.859708080007
508.8,0.017158987,4402.577730135523
508.9,0.014022906,3006.7711158722987
509.0,0.031206159,3712.8815035680927
509.1,0.032074884,3312.8859230419494
509.2,0.03543573,2647.4272001862273
509.3,0.02364806,2100.905578224009
509.4,0.034039587,1827.3121959430257
509.5,0.040164858,4361.313565068624
509.6,0.017481834,2752.7433546848324
509.7,0.017333325,3476.0953333430143
509.8,0.024333062,5180.971826086983
509.9,0.016496466,7197.685438143453
510.0,0.011701339,5530.461966299446
510.1,0.02542702,4836.805592081968
510.2,0.02410701,5555.9078972672705
510.3,0.014899404,4534.883580053427
510.4,0.0019857069,3197.1762964425643
510.5,0.0025399318,2835.8341517947583
510.6,0.018210107,6333.626986904447
510.7,0.005609533,3884.1050363944123
510.8,0.010025604,2273.2658024540306
510.9,0.0125614405,6239.106549002844
511.0,0.034489293,8151.926575041729
511.1,0.023641357,9053.807352474678
511.2,0.0054748235,2035.2671252475761
511.3,0.023480184,3466.875370227564
511.4,0.018977467,2236.0134517710535
511.5,0.005732977,4299.573786054105
511.6,0.0155228395,3112.546638270884
511.7,0.007642033,4272.393885678718
511.8,0.009538424,6259.5616920741095
511.9,0.03151002,2658.3154867462777
512.0,0.0388133,1269.5362234385009
512.1,0.008029835,3275.879054447757
512.2,0.0073196674,3144.5958997139946
512.3,0.010810542,2650.013821978072
512.4,0.012666082,2226.897292025206
512.5,0.019794712,2987.8596728458588
512.6,0.022498634,2848.1372202619264
512.7,0.014029217,4360.397126990325
512.8,0.033371355,3081.9077185611204
512.9,0.019772392,5190.681462313361
513.0,0.027947998,3071.7661140303185
513.1,0.016655842,2918.1490148277903
513.2,0.013415572,3533.2336638495576
513.3,0.011879722,3518.571802839413
513.4,0.0053675296,2025.5033058499794
513.5,0.005157579,2124.3446197369003
513.6,0.0053804917,5248.190412098491
513.7,0.025305662,5262.863740183259
513.8,0.058013037,3372.4163612253387
513.9,0.012859098,3676.9216756902188
514.0,0.006290633,893.4981633138714
514.1,0.014310148,1989.008771615882
514.2,0.026180206,2861.5232044351255
514.3,0.11852788,1848.6029405975519
514.4,0.051381778,2471.398438557278
514.5,0.062324215,1482.4209339413526
514.6,0.096499465,1531.0960346381444
514.7,0.048490983,2004.3563840435017
514.8,0.14711045,1245.4317244573674
514.9,0.069768034,3360.7793408869543
515.0,0.06727484,1078.8199545865673
515.1,0.040352475,2149.956338338109
515.2,0.053752605,952.4923208155542
515.3,0.040194873,529.5468387234148
515.4,0.058403797,1550.972161609078
515.5,0.060216397,1519.6822155008722
515.6,0.03206279,1404.3828757567933
515.7,0.101298355,1684.2671850165757
515.8,0.055558488,2250.427587748619
515.9,0.130011,309.15476074608245
516.0,0.023402626,1644.4250476489271
516.1,0.045920495,1326.8309820045215
516.2,0.068811834,1392.2552519996984
516.3,0.112821005,1559.6285435782672
516.4,0.22527966,1253.6295245979322
516.5,0.095712,2546.8908778290115
516.6,0.07434585,1129.6078889617925
516.7,0.110451706,2785.2150571433576
516.8,0.07486696,2674.681525054915
516.9,0.06812983,834.7503840204749
517.0,0.11942531,845.73711093736
517.1,0.09814877,905.7110457041429
517.2,0.031359334,618.7604197996902
517.3,0.08113256,4836.467941223753
517.4,0.07300345,1666.3749807548795
517.5,0.08624171,1222.3913515611284
517.6,0.09036932,312.8244086621931
517.7,0.100689836,1436.6124501331326
517.8,0.06699755,1475.9909108490847
517.9,0.06490181,2202.176236718797
518.0,0.03990504,450.7696941301206
518.1,0.049063593,3111.725629537059
518.2,0.02636103,1090.3545882013598
518.3,0.040166717,2469.136769781513
518.4,0.02263927,2468.8564107543534
518.5,0.060542487,2161.331271055117
518.6,0.04620512,2537.5873169411857
518.7,0.09113094,1177.429323310577
518.8,0.05428359,1030.4059674275868
518.9,0.15677626,2155.0345843939463
519.0,0.06502185,4924.608844541823
519.1,0.028011903,1680.3198806709204
519.2,0.3174964,230.4887473427541
519.3,0.060577195,1299.960558595076
519.4,0.046578594,1821.2247906599214
519.5,0.21537113,1410.8435588116304
519.6,0.24496745,423.74027449901973
519.7,0.091171,920.844145915023
519.8,0.060702913,1898.768650867365
519.9,0.048124507,1387.4923759119692
520.0,0.029658975,3590.00552124677
520.1,0.039026354,1818.2025352618853
520.2,0.037098914,2125.2218828257173
520.3,0.027647277,1471.3327765538845
520.4,0.09761234,126.28011145128377
520.5,0.15097934,218.6199111027456
520.6,0.09753808,1137.6578009049776
520.7,0.03204963,1220.805655499397
520.8,0.14299737,946.0325476042316
520.9,0.1512063,1361.1016277730612
521.0,0.10552167,4392.559282464857
521.1,0.061424404,1651.6362931521137
521.2,0.06638259,549.7854453331817
521.3,0.020917548,2569.1667479734747
521.4,0.032725375,544.2147738658631
521.5,0.026734501,5248.0838388510365
521.6,0.04108683,2124.8979652384264
521.7,0.059151825,2750.168569492742
521.8,0.06712814,7516.6943686675495
521.9,0.04298128,9271.393118342774
522.0,0.05553353,3045.0379724317804
522.1,0.016651347,6318.717391901098
522.2,0.08001362,2094.42863506428
522.3,0.057249688,3748.333875498762
522.4,0.026959304,3215.5536995195926
522.5,0.021456817,1964.9491669924103
522.6,0.05059645,3733.6281482785016
522.7,0.046644308,3258.50021017215
522.8,0.030537833,3414.1583960832622
522.9,0.07232629,2644.9219417825784
523.0,0.03353176,4812.423943736597
523.1,0.03979816,2399.1286599638293
523.2,0.066186376,2688.0935090939383
523.3,0.07962564,2445.8021416443426
523.4,0.017791467,2163.499577014765
523.5,0.06687107,2043.0983857452766
523.6,0.059113357,3941.383524712198
523.7,0.02761359,3432.4678632409714
523.8,0.014734014,6409.513163012636
523.9,0.023968669,2600.684349968027
524.0,0.06904896,4535.652697402744
524.1,0.09481772,1857.6895495876242
524.2,0.0609545,2629.6162352844226
524.3,0.045341577,4030.2279444548626
524.4,0.07445277,2411.135576135227
524.5,0.07587463,2336.9475205466806
524.6,0.18672246,505.4108138856114
524.7,0.07430859,783.6204571288195
524.8,0.042728905,2304.4442121586044
524.9,0.030828344,1293.8001493383429
525.0,0.05776886,3135.286914936271
525.1,0.16240935,4436.13715364409
525.2,0.11208873,3126.1025846599377
525.3,0.2992511,269.1806845713496
525.4,0.1135111,1614.4630759648883
525.5,0.100850694,1277.839174995959
525.6,0.07494726,2010.1165110583013
525.7,0.12626715,1970.586839944789
525.8,0.09498031,2545.500617138847
525.9,0.02398641,1761.7318308789888
526.0,0.1316175,1743.9204680930488
526.1,0.104310215,3377.515394842567
526.2,0.07164014,508.0570648934429
526.3,0.08395667,1589.42803362273
526.4,0.045390192,1634.7101658094548
526.5,0.047606066,1374.6525996561716
526.6,0.053984255,2732.043739424558
526.7,0.022808347,10196.437384616009
526.8,0.032425564,5213.158023387503
526.9,0.027405966,1673.1445474428265
527.0,0.040044814,3267.495024123645
527.1,0.0457406,2216.0909733333287
527.2,0.07456179,5031.529527503578
527.3,0.03898802,7129.959686102432
527.4,0.05168908,4166.174533487631
527.5,0.0618659,5698.893171021595
527.6,0.026693415,2789.895338908692
527.7,0.08920282,3236.40008618882
527.8,0.08205389,3881.746161082726
527.9,0.02359569,4505.797539890549
528.0,0.017410908,2500.953369974628
528.1,0.022669839,5946.043475007269
528.2,0.022525106,2165.8191437399746
528.3,0.027791766,1027.2285280480728
528.4,0.034279387,2198.562523235532
528.5,0.02880471,650.6680906912354
528.6,0.016575996,1921.6384672468955
528.7,0.053478632,670.517977948631
528.8,0.09182649,876.9067177713996
528.9,0.033814352,1909.5955797967247
529.0,0.025474822,1901.0381815763114
529.1,0.024167597,2156.476707968638
529.2,0.034869038,5046.865831952189
529.3,0.06717597,7430.537224963873
529.4,0.05232105,3244.0746515715423
529.5,0.06070947,856.7413859886303
529.6,0.032101523,1615.985302811574
529.7,0.053917196,2400.5506410599774
529.8,0.050108306,3280.3452739694912
529.9,0.05272474,1675.909410020599
530.0,0.0277299,2279.477266330734
530.1,0.031098207,2954.9420482782893
530.2,0.021222197,1487.3030284007577
530.3,0.012101307,3132.913026757005
530.4,0.008763092,2273.170545077861
530.5,0.020339113,2280.1939357249703
530.6,0.019378796,1546.28273961535
530.7,0.01684149,2354.0283392888323
530.8,0.028741596,1966.8380862561999
530.9,0.033314507,2525.771622552961
531.0,0.026833426,4313.831260291512
531.1,0.037235513,3502.4324562757665
531.2,0.022550635,7238.826594381281
531.3,0.0218666,5554.860997907466
531.4,0.026159246,2997.295285128035
531.5,0.03329977,3613.2527664149293
531.6,0.035700817,6249.766928529425
531.7,0.030501029,2375.8303062437694
531.8,0.037763514,2265.6259525228566
531.9,0.018373853,3191.3358279112886
532.0,0.026106106,4626.940735112319
532.1,0.03369292,4136.2029149498385
532.2,0.0223771,3890.121773906861
532.3,0.08387219,6189.429209845355
532.4,0.033503707,3857.5259766454365
532.5,0.012167378,4435.665695517655
532.6,0.04135323,2924.5491774912093
532.7,0.023941996,2176.562094924154
532.8,0.031357147,4564.343211856527
532.9,0.01917475,2028.873240769033
533.0,0.039091002,2314.3109455127847
533.1,0.030364778,5209.369193665507
533.2,0.024960503,3150.8363205282867
533.3,0.036227513,2428.917511101299
533.4,0.033899438,3166.6810668306493
533.5,0.10318714,5827.04712823493
533.6,0.095756926,4843.450717057329
533.7,0.06940841,2589.0701266180517
533.8,0.033522744,3610.360249500802
533.9,0.032371636,3902.733777356596
534.0,0.03495511,2241.782232574688
534.1,0.09284385,3483.519887680328
534.2,0.065101564,2913.0735560983867
534.3,0.08498865,2930.697647496709
534.4,0.071267806,3037.111151597044
534.5,0.123941444,1585.0768063548508
534.6,0.06833916,3862.125430674543
534.7,0.0930146,4154.125628568842
534.8,0.035980225,3008.548500576432
534.9,0.060463153,2793.266733514164
535.0,0.16503628,2091.0392462888253
535.1,0.08053882,2553.595198520465
535.2,0.12585996,2155.8053136609387
535.3,0.06916887,1917.3741396875096
535.4,0.04994811,2629.103083350796
535.5,0.099533014,2210.6863114303324
535.6,0.17209667,1610.7439773179337
535.7,0.120437525,1915.7537043741986
535.8,0.08398313,1805.654433167345
535.9,0.18353963,1450.5903662375047
536.0,0.16772018,1386.4201543675013
536.1,0.2766364,2298.6171801796554
536.2,0.10041118,4461.784794096414
536.3,0.12575391,1209.9637412355773
536.4,0.2221434,678.3581261584239
536.5,0.10667256,2635.531343209901
536.6,0.04237688,7894.704083316777
536.7,0.15405507,1839.4358457311432
536.8,0.043766454,2552.524253283823
536.9,0.017316535,1570.0357768565798
537.0,0.048407957,2463.922782866323
537.1,0.02187023,1847.7452375673913
537.2,0.010191577,4114.078921895477
537.3,0.03085486,3961.1357564264654
537.4,0.07213713,2163.2333778787965
537.5,0.020316223,2676.777110048913
537.6,0.040318362,2191.682789766936
537.7,0.053605318,2732.77447496665
537.8,0.059615556,2516.7295349557726
537.9,0.068987854,3354.7104739557435
538.0,0.04974705,5422.371715715954
538.1,0.0054298784,4651.971320448128
538.2,0.021650283,3792.430584953233
538.3,0.049617838,7309.46886369531
538.4,0.01956339,10348.78272038596
538.5,0.019975474,2407.9972817923203
538.6,0.02005387,3138.878184195459
538.7,0.024474153,2923.5185055819984
538.8,0.01786894,2370.8793891297046
538.9,0.016538786,1670.9107046351678
539.0,0.032454647,2143.1151582710763
539.1,0.06876323,2777.9457719720804
539.2,0.0128562115,7091.923287658145
539.3,0.012705026,6085.70064488042
539.4,0.02800239,2961.4883196052174
539.5,0.0790043,7457.603909482028
539.6,0.015722193,2890.6563715663433
539.7,0.015929379,2670.6416682968356
539.8,0.028420398,2565.7324345368493
539.9,0.025403632,2642.6942295344597
540.0,0.03721961,1709.711147189795
540.1,0.02360274,2073.377667414451
540.2,0.028092304,3416.157051937925
540.3,0.021724103,1581.2479955567962
540.4,0.014437807,4109.031485742355
540.5,0.015036348,2560.569703236876
540.6,0.008491489,2873.271274241517
540.7,0.016385037,3874.477271972351
540.8,0.018987924,2396.6428998550787
540.9,0.030096238,3037.0547184835614
541.0,0.02449582,1917.6431834875748
541.1,0.031097477,2275.020494942464
541.2,0.022177864,6899.624119591599
541.3,0.024422575,2515.9436547116507
541.4,0.020497162,2859.594876458137
541.5,0.02946697,1826.9249724370297
541.6,0.0139760235,1964.533623504295
541.7,0.026771916,3278.575134698984
541.8,0.025168382,3865.512582712298
541.9,0.013756888,3367.6929595322445
542.0,0.032503128,4934.374175153363
542.1,0.033985283,5089.979550660509
542.2,0.016713897,2937.829808393455
542.3,0.0058081686,5780.056313906244
542.4,0.016065609,7104.538210791615
542.5,0.012410378,3835.3672862502804
542.6,0.012409539,3489.0027269248903
542.7,0.007018217,4023.0659543088696
542.8,0.042096358,4218.09758666153
542.9,0.0016914107,5981.931542072736
543.0,0.033104457,8344.840483726088
543.1,0.023741473,4509.5871190756025
543.2,0.021851929,3951.28570298892
543.3,0.03420121,3470.9825300806497
543.4,0.020470405,2466.197224526437
543.5,0.020362064,2144.388336999701
543.6,0.025276592,1933.1496181027126
543.7,0.02614359,2467.0555234263666
543.8,0.032360904,2386.6727236820475
543.9,0.026258366,1279.3792333229758
544.0,0.022585744,6991.261491130739
544.1,0.04006824,3168.8149864447705
544.2,0.027046189,2692.935637880027
544.3,0.022384694,3138.8683969284584
544.4,0.030519176,4218.417542227928
544.5,0.019862594,2833.1329258708874
544.6,0.015240109,2712.802430464092
544.7,0.021659415,2886.870790592728
544.8,0.07839923,2572.649243457904
544.9,0.048365165,2833.504055463536
545.0,0.05216824,2948.958420021904
545.1,0.015918793,5421.630695772779
545.2,0.01906271,4502.008878411739
545.3,0.01908734,3933.2305585040485
545.4,0.039093617,2846.9289724716214
545.5,0.029234253,3462.1692480645543
545.6,0.026244188,9881.61288153871
545.7,0.013551561,3535.887501119107
545.8,0.02137954,4104.212839204869
545.9,0.032409396,5641.050662642314
546.0,0.0074788784,7008.285674973296
546.1,0.037462197,5052.078327785712
546.2,0.04321887,3447.3814388826468
546.3,0.0038412502,6067.000776809617
546.4,0.017381968,3227.252834420005
546.5,0.022593312,2413.9665903115883
546.6,0.029770046,3149.4109612075586
546.7,0.025015732,3043.0648892470817
546.8,0.0334346,3992.9076941491508
546.9,0.04047257,2715.59964248332
547.0,0.028140845,4365.465532454791
547.1,0.028017983,3873.311253220639
547.2,0.017308153,4397.50483401452
547.3,0.015311592,5644.330544706236
547.4,0.039157882,2879.0492003600484
547.5,0.011659014,4656.773650134589
547.6,0.016626617,4811.531336890588
547.7,0.025730714,4608.3685653081575
547.8,0.04432521,4235.896827080456
547.9,0.00896504,3220.74010408828
548.0,0.05122439,4526.47145827085
548.1,0.020286433,4537.003365516432
548.2,0.020416636,8307.551556058968
548.3,0.04820501,8293.780703902
548.4,0.06317473,7945.900699860385
548.5,0.052174237,3295.8054284572127
548.6,0.06419477,3106.174030924737
548.7,0.03699507,3100.8123756123296
548.8,0.04588841,3330.7014180991096
548.9,0.04011729,3818.9129518934315
549.0,0.0345728,3316.769785785773
549.1,0.029904444,3304.912028986058
549.2,0.02281234,3485.529423084071
549.3,0.017834635,3055.904542467396
549.4,0.012864063,3883.3809578444398
549.5,0.016453033,4524.442024553131
549.6,0.01954838,2863.9344140152534
549.7,0.0077727125,8129.609480321742
549.8,0.010904541,2007.5220266670442
549.9,0.0063958517,3348.401329395871
550.0,0.0075281304,1735.0617446411948
550.1,0.010451346,1390.5259311844527
550.2,0.008302747,2413.571373211181
550.3,0.013023908,2055.9267236291607
550.4,0.012712873,6520.746941720058
550.5,0.020982442,4055.0214624437376
550.6,0.0029408112,2832.1314390906637
550.7,0.0029881487,1845.0706652564713
550.8,0.0017779657,2472.249569818945
550.9,0.004097195,5187.071055868675
551.0,0.007341857,4493.454501449969
551.1,0.005840237,3822.983298476457
551.2,0.00837322,2947.8526539621516
551.3,0.008433351,889.8453516919373
551.4,0.0029260896,1896.575950655098
551.5,0.002047443,2500.5340137254557
551.6,0.0030262356,1694.7521726328646
551.7,0.0055446164,3280.5497187166507
551.8,0.0070512076,2824.7772159435804
551.9,0.0043411553,3727.599867011993
552.0,0.0039177486,6636.769357438097
552.1,0.0048749605,3469.9375973628803
552.2,0.0059937164,2488.333306599796
552.3,0.0025499759,2687.6943834379044
552.4,0.0029924228,1087.8647182886193
552.5,0.0019812628,2467.1916504168116
552.6,0.0017419335,2092.722202738798
552.7,0.0016844781,2567.752668067083
552.8,0.0026716671,7005.467770455158
552.9,0.0027466195,4694.409033490481
553.0,0.0018521366,4662.470806575912
553.1,0.0033546002,5349.6169101007745
553.2,0.00309063,4385.080947950514
553.3,0.0022078676,5308.419011427884
553.4,0.0018598543,4634.39980582867
553.5,0.0024532333,3350.8004412490345
553.6,0.0034051333,4525.938346507445
553.7,0.0024952006,4477.458901991404
553.8,0.0019985603,3363.7324207466663
553.9,0.0012353732,3284.4352594537904
554.0,0.00139385,3294.242617986924
554.1,0.0011806072,4086.2636169148336
554.2,0.0011479954,3283.4225448006987
554.3,0.00038999668,4383.656943159872
554.4,5.2463485e-05,5863.577348234656
554.5,6.5219e-05,10085.147219484856
554.6,0.0,0.0
554.7,0.0,0.0
554.8,0.0,0.0
554.9,0.0,0.0
555.0,0.0,0.0
555.1,0.0,0.0
