timestamp_sec,amplitude_rms,frequency_centroid_hz
0.0,1.1453617e-08,10644.479675153612
0.1,0.00014690644,7644.057726460154
0.2,0.009769752,3969.31230873566
0.3,0.04914363,1382.7317368064591
0.4,0.031451624,1628.9531774723732
0.5,0.00021013903,4294.995227498368
0.6,0.015069003,6860.587934096848
0.7,0.03543484,2676.070857808073
0.8,0.032056604,2229.4794122513053
0.9,0.04136642,753.4876293406636
1.0,0.037758127,1864.0734667077413
1.1,0.032180976,2415.9205316664907
1.2,0.037454773,2755.1209657621075
1.3,0.019841844,2609.8827746377115
1.4,0.00858251,2730.970354758088
1.5,0.0018377868,2021.5133952288138
1.6,0.0001735747,3181.915650734137
1.7,7.4765405e-05,4737.012388628243
1.8,7.687203e-06,9626.353082745647
1.9,0.0,0.0
2.0,0.0,0.0
2.1,0.0,0.0
2.2,5.3240515e-06,10197.718846484084
2.3,4.4059034e-06,10336.484012090528
2.4,2.23077e-05,7927.399072909936
2.5,0.021644047,1979.8966770032973
2.6,0.04762205,932.3737897102138
2.7,0.051548447,1273.5917244351704
2.8,0.06223505,1198.2381422300352
2.9,0.03574841,1445.056375331551
3.0,0.00096556626,2341.67024656607
3.1,0.0025037476,1777.8324583887659
3.2,0.0033509803,2589.001422216619
3.3,0.002443742,2455.56140459381
3.4,0.0016047591,2199.4719824664953
3.5,0.0007296377,1827.3063943469954
3.6,6.2957326e-05,4876.974802860432
3.7,6.733939e-05,4372.524664439826
3.8,0.0030054129,1835.4969019963842
3.9,0.083877265,1398.5659274865773
4.0,0.0022463729,2141.6096092433067
4.1,9.067061e-06,9241.300797991073
4.2,0.01490995,2515.2950404226067
4.3,0.009476152,1710.8398823626098
4.4,0.0006757975,1600.4914730967566
4.5,0.0011643298,1287.8544393148757
4.6,0.07839892,1501.8784788277908
4.7,0.012651075,1975.5696085129555
4.8,1.4847741e-05,8799.870638867698
4.9,0.010417535,2324.777251198144
5.0,0.015700549,2720.8777915627925
5.1,0.037942503,2048.8444088711913
5.2,0.00019488494,3584.4682911582395
5.3,0.012183484,5480.783933304344
5.4,0.0051304833,1343.438556422254
5.5,0.0042480426,2226.508247030414
5.6,0.012857778,2946.696889444927
5.7,0.01947156,2044.4584557368141
5.8,0.006963292,2747.3455512746177
5.9,0.013169528,3018.3075964869636
6.0,0.011027468,2284.2157475929766
6.1,0.0049001034,2101.7071326929395
6.2,0.0032713574,3277.778100553365
6.3,0.0036129616,5054.735171228151
6.4,0.0056509054,2813.858466556818
6.5,2.6218913e-05,7927.130663576769
6.6,0.0,0.0
6.7,0.0,0.0
6.8,0.0001897153,2981.4489706420777
6.9,0.08031019,1055.822469456504
7.0,0.030085009,2004.804939376257
7.1,2.1931519e-05,8058.268711805702
7.2,0.02137979,2197.219617061973
7.3,0.026384113,2004.9875256582438
7.4,0.03919569,2095.152046867565
7.5,0.0029023308,3921.8440135627698
7.6,0.007927512,3539.671982825563
7.7,0.0102300085,2552.1044214412755
7.8,0.033499405,1645.3123597395459
7.9,0.00023725591,4695.830334639288
8.0,0.023599979,1829.3887930571036
8.1,0.044590928,1829.628377818211
8.2,0.0061492436,3108.3157144829006
8.3,0.040353753,1969.599690907642
8.4,0.026802363,2213.3717296799377
8.5,0.00030027106,7248.729712079822
8.6,0.021689413,2087.4177518089778
8.7,0.03872294,2048.1918510171913
8.8,0.0009015237,3456.8170820665196
8.9,0.008850641,2800.144415300091
9.0,0.013945558,1870.0070610233547
9.1,0.0089493375,3127.061711742098
9.2,0.022191301,1984.9057495645493
9.3,0.0132620055,2928.8150017993917
9.4,0.00019594743,3017.4500742978307
9.5,7.1798056e-10,10352.65169925395
9.6,0.0,0.0
9.7,0.0,0.0
9.8,0.0,0.0
9.9,0.0,0.0
10.0,0.0,0.0
10.1,0.0,0.0
10.2,0.0,0.0
10.3,0.0,0.0
10.4,0.0,0.0
10.5,6.493146e-12,10374.227657452686
10.6,0.00091107097,5482.6365675003635
10.7,0.0037947914,1775.630700291786
10.8,0.028350791,2165.0397226076266
10.9,0.06656344,1984.759211477011
11.0,0.032783687,2192.293003565933
11.1,0.007747555,2343.7324258811004
11.2,0.00019949525,4938.956383800687
11.3,0.0032117632,2638.0489644893687
11.4,0.0032110685,2382.4839735587157
11.5,0.00073719484,1944.4245710333535
11.6,1.1779068e-05,8944.634231618711
11.7,2.6656335e-09,11386.640675632574
11.8,0.0,0.0
11.9,0.0,0.0
12.0,0.0,0.0
12.1,0.0,0.0
12.2,5.1360794e-06,10475.028994046024
12.3,2.0201724e-05,8543.486853850134
12.4,0.008336902,3326.5572251388044
12.5,0.10313883,1326.5783324361705
12.6,0.039402522,1061.636858739976
12.7,0.02446508,1150.9717103630178
12.8,0.021569496,1214.3194362063332
12.9,0.023681507,1351.8593133590707
13.0,0.019079901,1553.1878055485433
13.1,0.0654978,1128.0507304415812
13.2,0.019469265,916.3258221244233
13.3,4.2844065e-05,12949.695557336414
13.4,2.8039387e-11,12446.148010647066
13.5,1.1982793e-08,11092.52752487009
13.6,4.15573e-05,8009.964684860071
13.7,0.011319629,3082.9959971001226
13.8,0.04033135,2051.830862735785
13.9,0.0073737055,2439.9820594364182
14.0,0.0015678464,3745.1183754190506
14.1,0.012598077,7084.0984375105145
14.2,2.1091157e-05,8799.165080271603
14.3,0.005512292,3689.8887821717385
14.4,0.013645184,2160.1481643955235
14.5,0.013527913,2477.412276035767
14.6,0.028089903,2339.6857943448094
14.7,0.009995722,3036.922271757782
14.8,0.00010658461,4174.345313629894
14.9,1.05708573e-13,10003.8494360951
15.0,0.0,0.0
15.1,0.0,0.0
15.2,2.537806e-06,9976.489296492711
15.3,0.015468108,1664.378450085213
15.4,0.083282456,1399.3434709448484
15.5,0.061527934,1423.9840431907899
15.6,0.0453411,2047.5348819036656
15.7,0.060993083,1418.0541476683866
15.8,0.04102628,1321.6833459947436
15.9,0.00016019374,5570.82478243488
16.0,0.028152168,1339.2754374166848
16.1,0.03747317,1036.6641944250534
16.2,0.025894135,1238.5008629073484
16.3,0.00980591,6528.078252138237
16.4,0.016365977,6187.852364307381
16.5,0.00032466592,5511.461502236632
16.6,0.0080893105,4950.760426035171
16.7,0.053586386,1456.42259944663
16.8,0.05787541,1382.2426784568752
16.9,0.03316432,1339.1344060794463
17.0,0.02579424,1243.3223840092198
17.1,0.034155574,1828.5580211723923
17.2,0.0010575553,3289.068304796894
17.3,0.015490298,2191.941876458088
17.4,0.013114421,2301.9768825311253
17.5,0.009514542,2512.4911594124246
17.6,0.0093062,1578.782696409869
17.7,0.008506326,1583.0569319664326
17.8,0.060520522,1600.0541290017914
17.9,0.03291547,1560.8333889391038
18.0,0.004556079,1808.4832099459845
18.1,1.599548e-05,8788.426121503413
18.2,3.8741025e-05,5849.744934487653
18.3,0.0,0.0
18.4,0.0,0.0
18.5,0.0026004834,2779.347863226046
18.6,0.046065703,2253.3400487239714
18.7,0.00078488997,3618.9810130036703
18.8,0.0033275047,4914.50858869343
18.9,0.011360318,3242.0472873925005
19.0,0.033814978,1832.4057730754766
19.1,0.024771417,1728.661539644755
19.2,0.0075993724,1881.0589351232184
19.3,0.01597219,2084.429694653471
19.4,0.05830111,1650.678295721288
19.5,2.0265752e-05,8487.159177848625
19.6,0.010197346,5116.806048918998
19.7,0.014361523,1204.9269566111732
19.8,0.037252367,1902.2897828034038
19.9,0.00889516,1212.0047459240463
20.0,0.04754283,1569.2994618913397
20.1,0.014455338,1482.1798199463396
20.2,0.06898291,1127.0830210411962
20.3,0.05942647,1590.5963446793385
20.4,0.024476426,2164.412504077071
20.5,0.026376003,1239.180221046814
20.6,0.02655666,1362.5144604229672
20.7,0.054531295,1327.9375073446945
20.8,0.013805796,2517.570623739752
20.9,0.011542241,6109.366707610845
21.0,0.019655485,1818.7034666927648
21.1,0.014299252,1706.3563364922964
21.2,0.038781524,1284.779975350513
21.3,0.0017272941,3881.4507695035545
21.4,0.00593609,5558.997426685707
21.5,0.005973602,7264.942813140667
21.6,0.031125488,1706.063624141952
21.7,0.012460065,1290.495390697697
21.8,0.01627399,1239.3515403308427
21.9,0.021500196,1961.5996972705084
22.0,0.0045121214,1674.7564619366308
22.1,3.7674596e-05,7081.1774962581985
22.2,0.0,0.0
22.3,0.0,0.0
22.4,0.0,0.0
22.5,0.0,0.0
22.6,4.70151e-05,4828.422552632215
22.7,0.002494094,6486.761035986132
22.8,0.006323308,3305.5010339974583
22.9,0.02633721,2017.1935709142774
23.0,0.005704413,6850.337198776836
23.1,0.008309215,4491.8914258143195
23.2,0.016154507,3886.3471068971235
23.3,0.0020127231,3149.512671034389
23.4,0.008209661,2570.731563962078
23.5,0.00950822,1754.3764941533614
23.6,0.015044463,2349.4484554636047
23.7,0.029502753,2728.4605589208604
23.8,0.00077943126,3748.053196390589
23.9,3.9591214e-06,8341.516700048353
24.0,0.0,0.0
24.1,0.0,0.0
24.2,0.00025488308,4701.401607416794
24.3,0.011420251,6156.43857064697
24.4,1.5688402e-05,8635.424530981469
24.5,0.006498725,6744.678936976783
24.6,0.015479785,2606.3841304082644
24.7,0.010597247,2408.863072938308
24.8,0.0015030401,5050.415723162581
24.9,0.024198016,2168.033460796523
25.0,0.0009475669,2490.9839572084934
25.1,0.00014879882,6596.118662292691
25.2,0.020946838,5890.196829884848
25.3,0.06792407,1267.2421282054793
25.4,0.011092101,1191.4139261750038
25.5,0.0056271125,5230.608522305541
25.6,0.05402382,2824.446235431947
25.7,0.027528401,1923.6750494015853
25.8,0.026178641,1879.183834578936
25.9,0.007335126,6764.032988166364
26.0,0.0088320095,2837.030614168867
26.1,0.038854435,1998.538928302355
26.2,0.0005628266,3334.065613152129
26.3,0.0031348886,3568.032815584395
26.4,0.016701229,2512.0131675521334
26.5,0.027062593,2464.641992559351
26.6,0.0028318302,2722.77593524819
26.7,0.0,0.0
26.8,0.0,0.0
26.9,2.9429448e-13,10228.418398303204
27.0,0.024225464,3055.5383225984233
27.1,0.0474556,2307.089947081249
27.2,0.005018898,4557.762655994036
27.3,0.023073679,3699.2702527088004
27.4,0.049510125,1831.6269816851272
27.5,0.030968478,1226.6413417686651
27.6,0.0095613925,1902.722775876105
27.7,0.014693936,2857.699784124575
27.8,0.019760674,1320.6813985326546
27.9,0.039784797,1944.313632113747
28.0,0.02891911,2128.3645936732637
28.1,0.0100212665,1726.8722412078391
28.2,0.0068458742,2865.6469351956443
28.3,0.016102653,3672.5532322147665
28.4,0.0124416435,1382.4919945916704
28.5,0.031770665,2305.9658795796977
28.6,0.004105204,2299.1922970984037
28.7,2.8367813e-05,8498.954416145685
28.8,0.0070176288,3340.19938390109
28.9,0.018218542,2439.7338094577235
29.0,0.001419896,2337.987721169757
29.1,1.1172096e-10,8786.703060178374
29.2,0.020796489,6346.13956507806
29.3,0.029194657,2353.1100237591613
29.4,5.1618772e-05,7503.657581082547
29.5,0.01296718,7047.449776740644
29.6,0.043198783,1481.3683617694671
29.7,0.012432898,1658.9395846355324
29.8,0.036065582,1724.4791084786887
29.9,0.011157325,3723.83117004596
30.0,0.09015579,1169.2001915647108
30.1,0.08084858,1474.4197154719707
30.2,0.043207478,1720.6144720240686
30.3,0.052854776,1289.7936666426242
30.4,0.036189575,1327.7729859464632
30.5,0.016661491,1993.8870342717742
30.6,0.0520885,868.1370838869132
30.7,0.092308216,1534.9177543275055
30.8,0.0005712618,3581.6377227072508
30.9,0.008648118,2775.4411354408776
31.0,0.027731633,2798.7862476747337
31.1,0.0051027895,2492.4095979285185
31.2,2.8507056e-05,8002.578869396242
31.3,0.004969847,5618.372754721759
31.4,0.064410165,1073.3877073414696
31.5,0.05492198,1126.482096632205
31.6,0.00077698554,3642.7172397138543
31.7,0.02517523,7351.164947699026
31.8,0.04978853,2379.2909315452202
31.9,0.0483817,1300.823172689886
32.0,0.04527254,1280.0571962119716
32.1,0.010117274,1676.7834886051585
32.2,0.022269508,1122.0400445569471
32.3,0.01336657,1084.890572031538
32.4,0.041503567,1583.5243047001923
32.5,0.03848129,2006.7252005653384
32.6,0.03625041,1170.1668936637625
32.7,0.026239231,1724.2544071908283
32.8,0.021158252,2643.857115317421
32.9,0.0013353729,5541.446241229686
33.0,0.037281398,2345.3307057885704
33.1,0.008255344,2167.625293250092
33.2,4.0137653e-05,7602.646991331707
33.3,0.00030639782,2308.0302472696794
33.4,0.06237738,1984.576236692832
33.5,0.073361345,1895.2484220811434
33.6,0.06099562,720.9220047989568
33.7,0.0489977,1281.0550059322843
33.8,0.006128926,1576.1374970481902
33.9,0.020691728,1323.3031536116052
34.0,0.04012931,1623.2018257041284
34.1,0.057057414,2053.9272686045406
34.2,0.052965898,1075.3214221216385
34.3,0.07127205,1509.9517478577595
34.4,0.043703504,943.6613769513854
34.5,0.024528904,1215.6510240960504
34.6,0.03489933,1019.4783079153448
34.7,0.058956023,1021.7250351187403
34.8,0.0225169,1738.424101203351
34.9,0.008397224,7539.656827270794
35.0,0.054557636,2041.1036515545088
35.1,0.0406407,1157.8502168097752
35.2,0.04036512,848.6758302282987
35.3,0.015526736,2460.2563501371706
35.4,0.012612641,4005.2278949082247
35.5,0.016485313,2099.994848334182
35.6,0.023546614,6557.153202135987
35.7,0.0011401002,7163.098201244376
35.8,0.011824043,6930.079931540609
35.9,0.034790013,2032.5020864293754
36.0,0.047535308,1650.5390610036347
36.1,0.020487463,2428.774343692494
36.2,0.008808226,1489.0468546160653
36.3,1.7891776e-05,8635.923432313084
36.4,0.0,0.0
36.5,0.0,0.0
36.6,0.0,0.0
36.7,0.0,0.0
36.8,0.0,0.0
36.9,0.0,0.0
37.0,0.019510366,986.6870757828598
37.1,0.04387718,1145.9692769653398
37.2,0.04753945,1133.845610144242
37.3,0.052331604,2175.4394018335074
37.4,0.043958213,1108.2075456083887
37.5,0.0030877877,2531.628952637074
37.6,0.018903825,1083.7739390742095
37.7,0.002944022,1638.073261376774
37.8,0.025347352,1687.3823134210404
37.9,0.0009773766,2580.9523738469406
38.0,0.011127633,3459.4628522558737
38.1,0.02499469,2216.4445987223226
38.2,0.03138784,2272.3389756779898
38.3,0.007665054,3013.704534911364
38.4,0.00015893942,5210.71885802727
38.5,0.0,0.0
38.6,0.0,0.0
38.7,1.1633046e-05,9350.43337638291
38.8,0.0075139147,7328.096306365934
38.9,0.026807308,1541.2449641488051
39.0,0.035132516,1209.4682712704162
39.1,0.031904735,2100.271973904488
39.2,0.014722975,1854.820147568008
39.3,0.06813874,1433.5601812514176
39.4,0.03886815,1236.9258761556275
39.5,0.00085480756,3222.673105658269
39.6,0.0077282772,6609.050111701536
39.7,0.036233496,910.3231827014879
39.8,0.014607786,1480.726361632709
39.9,0.0023077223,3610.0556444987624
40.0,0.019949948,2365.0929762506416
40.1,0.018072413,816.0998007080652
40.2,0.010397311,2878.192430378711
40.3,0.046346452,1316.575305245905
40.4,0.021338694,1581.9761974723208
40.5,0.0026676704,2392.681087230724
40.6,0.004198303,2656.812011517465
40.7,0.0031679547,7641.48307360859
40.8,0.020403463,2031.595325007137
40.9,0.003956651,5608.545695145635
41.0,0.03419034,1856.8277651208077
41.1,0.04502841,1936.6912755953513
41.2,0.020289702,1555.584210431211
41.3,0.0059363837,1388.876227948304
41.4,0.017491505,2445.427131564492
41.5,0.023969077,2415.6805065899202
41.6,0.005700086,2451.1788713029223
41.7,0.000125779,4209.544501438944
41.8,3.0103116e-08,11015.86006736895
41.9,0.0,0.0
42.0,4.012649e-06,10400.822638823225
42.1,0.03655753,1335.6552766144985
42.2,0.0014687696,2394.3769424896004
42.3,0.03890434,1190.6421901761762
42.4,0.0064071985,2131.916288404102
42.5,0.06449975,1902.1559209996342
42.6,0.0450211,1338.0155677106902
42.7,0.03904033,1219.8768897597172
42.8,0.016721765,1624.4797824423194
42.9,0.01329462,7186.254078466647
43.0,0.014392946,6881.900178782015
43.1,0.0090501765,4782.496194150592
43.2,0.04140909,2154.6939851216357
43.3,0.035188615,1529.1105721869108
43.4,0.03549948,2223.7733357262873
43.5,0.05262274,1753.7745037783545
43.6,0.017141862,921.0872230390116
43.7,0.0217949,1977.7519111480178
43.8,0.016518433,1018.0464232134029
43.9,0.041473962,1759.088097676901
44.0,0.024536673,2402.8374729467287
44.1,0.00032124086,4405.5251699721175
44.2,0.013822783,1919.0751524528935
44.3,0.018462557,1703.8339207896677
44.4,0.017073583,2153.1346057736123
44.5,0.037694946,1987.7463888808106
44.6,0.022959294,1818.2995173138484
44.7,0.006251216,1739.7824953628365
44.8,2.7617787e-05,7943.2540087527705
44.9,0.0018147405,5382.1077850576075
45.0,0.047433127,2787.6045106969377
45.1,0.00040991075,4009.1593364756186
45.2,0.00027291718,6159.99313631783
45.3,0.02748253,2677.750689747786
45.4,0.02936261,1684.5842527795662
45.5,0.026808353,1537.3290130445616
45.6,0.012772659,2131.4263322899774
45.7,0.034223363,2354.337683314046
45.8,0.0004029501,3300.577712496227
45.9,0.008633946,6315.2494562403535
46.0,0.043704953,886.7019789438003
46.1,0.029168224,1637.9059569327549
46.2,0.012581583,1244.7269092774031
46.3,0.037469182,1049.3237409782278
46.4,0.064537525,1234.0924092702965
46.5,0.016305882,2609.752011046646
46.6,0.011293499,6936.456885849071
46.7,0.028973943,1665.2208809346232
46.8,0.026415328,1403.0859864435859
46.9,0.019517154,1138.4087866368761
47.0,0.0033231094,2601.9396546583457
47.1,0.008932144,6716.4232669220355
47.2,0.0053361887,7539.3677964742365
47.3,0.028210688,1772.8505294558388
47.4,0.015336287,1126.2516040468552
47.5,0.015282593,1999.9033669978107
47.6,0.005990452,5787.807400455315
47.7,0.009539074,2129.615188449884
47.8,0.004579269,4872.10184474585
47.9,0.012714944,2404.315647862012
48.0,0.010032551,1428.1297772398984
48.1,0.032554425,2144.7941135403057
48.2,0.04252523,2282.682260358505
48.3,0.018881658,2440.4165901209094
48.4,0.002751989,2205.235057128371
48.5,5.0940116e-06,9453.1149699072
48.6,0.0,0.0
48.7,0.0,0.0
48.8,0.0,0.0
48.9,0.0,0.0
49.0,0.0,0.0
49.1,0.0,0.0
49.2,1.41226055e-05,9276.224026727996
49.3,0.011814269,3413.6025927689175
49.4,0.07122603,2106.291895050135
49.5,0.08780407,1706.879714983096
49.6,0.08755902,1080.8039229959372
49.7,0.044893775,927.8666402084036
49.8,0.014745231,3352.7840492803844
49.9,0.042583372,1630.4239716452555
50.0,0.00012236029,5948.7005202711425
50.1,0.010049584,7063.721828658368
50.2,0.006702355,3274.8407606351766
50.3,0.012613465,7455.845933170058
50.4,0.012345189,2937.18186873802
50.5,0.022985822,2483.555075313702
50.6,0.008900961,2268.3844027013097
50.7,0.008209501,3609.2796350581243
50.8,0.021462591,1399.9108678282591
50.9,9.797393e-06,9487.520659190915
51.0,4.509805e-06,10059.3724219256
51.1,5.8397386e-06,10118.274149042438
51.2,7.538909e-06,9475.9704361149
51.3,2.1707077e-05,8779.679232725623
51.4,8.3322775e-06,9786.179320514086
51.5,0.023529185,2834.0246871203954
51.6,0.06309068,2054.9799128602863
51.7,0.031285726,2136.801387583359
51.8,0.030609189,1959.177888411724
51.9,0.029046183,2202.124014456691
52.0,0.013967716,2307.9983767595018
52.1,0.0015933341,1642.614867734566
52.2,0.00023177007,2830.5396152478606
52.3,3.414944e-05,6466.801860477481
52.4,7.577913e-06,9757.274732694816
52.5,0.0,0.0
52.6,0.0,0.0
52.7,0.0,0.0
52.8,0.009234075,2910.1067992667563
52.9,0.0146712195,4072.4200570259927
53.0,0.0072097974,3146.1144172678696
53.1,0.0042942325,2273.751190502144
53.2,0.014453759,2742.9484301892594
53.3,1.9087176e-05,7777.146313652376
53.4,0.0015817184,3731.512935482182
53.5,0.022241963,4692.2561215156775
53.6,0.018860789,4111.437152758846
53.7,0.008282018,3767.1176047535278
53.8,0.0027322927,3735.184801071776
53.9,0.00010250191,3910.9126210712393
54.0,7.0174674e-06,10093.025151232872
54.1,0.0039693755,4171.038589825543
54.2,0.018073438,3027.30422817997
54.3,0.07800405,1902.5305348992345
54.4,0.050997842,1993.1366320154134
54.5,0.03896173,1033.3349125294076
54.6,0.008463795,4063.581220734628
54.7,0.042334568,1301.7184252626112
54.8,0.029001655,1329.7987465403298
54.9,0.015630195,3469.5834014608977
55.0,0.0057881004,1851.690925484937
55.1,0.03987555,1489.128729099641
55.2,0.0581557,1110.57793144901
55.3,0.0021475703,4009.7906614967033
55.4,0.027557392,2379.129447833348
55.5,0.06751737,2202.1612366494596
55.6,0.03427454,1096.8792467552134
55.7,0.02535644,1285.2672254595009
55.8,0.04172208,2202.819256230358
55.9,0.040021736,1223.4424340944108
56.0,0.0059417496,4529.253473589757
56.1,0.060549714,1063.0764663589068
56.2,0.024820916,2529.9699933819193
56.3,0.004899076,5162.736469132238
56.4,0.0031608173,5804.665652043111
56.5,0.016103493,2257.75750379069
56.6,0.030614791,1865.350024671306
56.7,0.03462637,1104.205586518623
56.8,0.018028265,1733.5614374425681
56.9,0.018965814,2037.7902372069516
57.0,0.057806805,1597.1221298927348
57.1,0.020815246,1546.2643236365468
57.2,0.01290559,2381.651513473125
57.3,0.0015786067,3472.14547541477
57.4,0.022652553,2027.9867680419732
57.5,0.01415615,3080.9477810681224
57.6,0.027402585,2081.5178755413253
57.7,0.006165533,1853.013793457559
57.8,0.0003087386,2521.200899406621
57.9,1.2677642e-05,9095.210327058488
58.0,0.0,0.0
58.1,0.0,0.0
58.2,5.0201725e-06,8247.09565163942
58.3,0.0028921065,3042.1204647667
58.4,0.03816614,1387.816858843756
58.5,0.05872374,2210.274326520925
58.6,0.016354911,1877.3465104858965
58.7,0.070687674,1804.9121222037393
58.8,0.03985119,1749.6297719048252
58.9,0.019282872,1402.67532319756
59.0,0.025413323,1875.0315516150667
59.1,0.054064423,2112.051693019007
59.2,0.032494497,1794.2463915171259
59.3,0.03799995,2273.543131476311
59.4,0.020934423,1759.156968120507
59.5,0.018557731,1199.3567947487697
59.6,0.028159799,2149.3539716616406
59.7,0.029392919,2584.9051028821395
59.8,0.022840198,2875.3948129632327
59.9,0.0073609743,3311.3149217035907
60.0,0.00025644837,3138.6503321967093
60.1,9.254418e-06,8875.464060505448
60.2,0.0,0.0
60.3,8.068269e-06,9599.9255071722
60.4,0.02914926,2707.0696605529693
60.5,0.015915416,5209.4679234797095
60.6,0.019896591,7611.875977937127
60.7,0.036680534,1982.2453433499875
60.8,0.025529236,2313.0542371359365
60.9,0.036365125,1554.7533593929377
61.0,0.048020113,1602.9865159346793
61.1,0.0004185935,3936.347179033027
61.2,0.013863872,3778.4363627243247
61.3,0.012960209,2150.2008269039343
61.4,0.004087673,1622.8547178812732
61.5,0.03177009,1870.1022302109145
61.6,0.022245346,2116.360788413006
61.7,0.0026541913,2829.1916126880656
61.8,5.9581344e-13,9192.4316123806
61.9,0.0,0.0
62.0,0.0,0.0
62.1,0.00013106794,4370.93201615839
62.2,0.03767588,1623.9875631749333
62.3,0.00027538676,4317.812478121876
62.4,0.008662095,7306.271027948042
62.5,0.049342778,2380.2244746303763
62.6,0.00802571,1663.2853459164432
62.7,0.013110381,4695.801641396104
62.8,0.03734169,2699.0779670754737
62.9,0.024444507,1235.4314754141765
63.0,0.032978944,1680.9732587961728
63.1,0.012985795,1669.6681551279346
63.2,0.03359299,1727.5116442433664
63.3,0.008056017,4644.388704190653
63.4,0.085637264,2394.7515499277642
63.5,0.026398104,1536.3911390312567
63.6,0.016900001,2608.5288388814924
63.7,0.0030257355,2761.217443909344
63.8,5.3536194e-05,6316.801499571905
63.9,1.5179067e-08,10108.966605619506
64.0,0.0,0.0
64.1,0.011235866,6241.002107200249
64.2,0.04761604,3808.0045138496207
64.3,0.0501394,2857.467482625619
64.4,0.049986895,1154.6504278520847
64.5,0.022140132,7240.208806493701
64.6,0.063565366,1892.8755820500446
64.7,0.056586564,1380.9497057117076
64.8,0.04308362,1224.1346191716154
64.9,0.044794165,1894.328955503755
65.0,0.014927962,7275.37711545543
65.1,0.04261168,2861.1442083561865
65.2,0.0017425572,3873.296459113313
65.3,0.0151456585,2724.075889566084
65.4,0.00085243606,8535.755539814265
65.5,0.0136299655,5750.41288803545
65.6,0.02007472,1311.637575395193
65.7,0.022359619,1834.4248601907834
65.8,0.01034611,5315.377283267596
65.9,0.041688614,2612.1659772624876
66.0,0.023800058,1323.9270106393083
66.1,0.015807243,2934.5644247633036
66.2,0.029818824,1121.8208336878506
66.3,0.028240629,2324.55838129495
66.4,0.0022460124,2790.224524969849
66.5,0.019817622,3483.356969816523
66.6,0.005186062,5332.630994910996
66.7,0.0085643465,2230.843982952711
66.8,0.018008297,1931.94344739544
66.9,0.020761155,7159.182111950754
67.0,0.026746068,1753.8844597048003
67.1,0.005305964,3890.5745458819865
67.2,0.049396463,2112.2559223124777
67.3,0.046429593,2130.365674073958
67.4,0.01793438,3581.532396691089
67.5,0.0399786,2189.203353321867
67.6,0.040035836,2159.820405651433
67.7,0.037957363,1853.3016483318013
67.8,0.027480826,2247.772311656964
67.9,0.014560135,2034.039612233232
68.0,0.00529315,5609.796260880439
68.1,0.02107423,1964.8730304000544
68.2,0.028352885,1627.346622098049
68.3,0.01583082,2481.7106338829567
68.4,0.010781735,6805.567631003619
68.5,0.029624257,2980.28270173201
68.6,0.016838606,1807.0700533199317
68.7,0.016449329,2628.9699574771266
68.8,0.00015442495,6206.655021972696
68.9,0.021090878,2051.0004824333387
69.0,0.029904366,1883.4199495357996
69.1,0.028553948,2165.742782446972
69.2,0.013993925,5973.176751624729
69.3,0.00015024342,5718.534554239845
69.4,0.0057723173,4570.247388329448
69.5,0.011074201,2571.829091388218
69.6,0.009255901,4615.307458211229
69.7,0.006164477,4758.188436686295
69.8,0.014157973,2802.268125241325
69.9,0.0010131225,3609.8801348854035
70.0,0.03388244,2354.959198086783
70.1,0.04337375,1979.4302925710476
70.2,0.0691096,2243.0208498399747
70.3,0.028907916,1651.9002321779585
70.4,0.049454603,1771.7735107797314
70.5,0.023367424,6631.5766343444875
70.6,0.03747954,1694.0169676964172
70.7,0.012289618,2567.13143588344
70.8,0.055505976,1945.2009213903248
70.9,0.04560187,1742.13991719173
71.0,0.014701452,3159.215945453272
71.1,0.030866623,1861.5189032881167
71.2,0.029734945,1509.5346052053555
71.3,0.016195977,1545.8630155922276
71.4,0.026235463,1386.1813933871279
71.5,0.012226859,1630.8941292755248
71.6,0.00048341128,2244.5855645663296
71.7,6.8185736e-06,8267.019928643938
71.8,0.002699063,5607.234397401092
71.9,0.042049892,1159.3749852938556
72.0,0.033951174,1508.5708103012066
72.1,0.007221221,1465.7577809243307
72.2,0.013982493,7154.358921003715
72.3,0.03061097,3578.5138448335024
72.4,0.032254275,2824.0453377905847
72.5,0.036777377,1655.6739030239885
72.6,0.035126418,1628.0391913668714
72.7,0.025254285,1829.3201509658836
72.8,0.0005762068,3835.3174116881682
72.9,0.032981873,1582.0438521595843
73.0,0.039212428,1278.1860864540915
73.1,0.03449142,1904.4492690890931
73.2,0.03409182,2117.9757327377242
73.3,0.027983228,1741.6622561078448
73.4,0.020788703,1587.129274692281
73.5,0.021700779,2193.2407132676244
73.6,7.090382e-05,7403.008138988219
73.7,0.008177352,2687.475576362779
73.8,0.029012121,2529.856643415947
73.9,0.022860155,2540.665423455756
74.0,0.00052057643,2879.999677775895
74.1,0.01111701,6855.728291791207
74.2,0.046540853,1993.7399090257297
74.3,0.0013681105,3204.4577179130374
74.4,0.0050164713,5583.731908061921
74.5,0.056784056,1280.9123397774401
74.6,0.041406795,1419.8878595106387
74.7,0.045641437,2532.4790098102485
74.8,0.040761873,1462.1877288157846
74.9,0.016256891,2008.639489051993
75.0,0.021685174,918.2060425715739
75.1,0.008467475,1364.266476613437
75.2,0.007988374,1631.4467713973982
75.3,0.023765638,1222.2267542999214
75.4,0.07746457,2205.570842480044
75.5,0.06138645,1487.668381709098
75.6,0.017929254,2747.774061226853
75.7,0.050150793,1363.5283646289092
75.8,0.040624492,1328.4745706217604
75.9,0.038661662,1141.5620150075174
76.0,0.035225257,1534.6961638188782
76.1,0.06878205,1875.0610548688712
76.2,0.00814015,4112.712425030201
76.3,0.050817218,1659.0341853193413
76.4,0.009979703,7823.602330161282
76.5,0.034999598,1314.5751834136124
76.6,0.03162179,2032.5065045684769
76.7,0.023690999,1030.10276603241
76.8,0.014361219,1576.2014834787497
76.9,0.010250007,2864.7531213574016
77.0,0.027985327,1868.1374766310817
77.1,0.00820355,5810.802433802444
77.2,0.009956125,7306.810930954903
77.3,0.007163852,3306.8724451890057
77.4,0.020199452,2046.0139927247537
77.5,0.017557602,1959.1774547394941
77.6,0.011901178,5768.688032424489
77.7,0.013334108,6831.29991144176
77.8,0.046128467,1751.6259312429804
77.9,0.011088193,1614.1321401867533
78.0,5.5292607e-05,5630.743733996813
78.1,0.0,0.0
78.2,0.0,0.0
78.3,0.0,0.0
78.4,0.0,0.0
78.5,0.0,0.0
78.6,0.0,0.0
78.7,0.0,0.0
78.8,0.00064093963,3238.7514667373753
78.9,0.043504465,1453.8971604453923
79.0,0.00031877586,5471.49852831617
79.1,0.029732183,1319.63194864516
79.2,0.04814812,1355.4591247097635
79.3,0.036953956,1389.1101599661547
79.4,0.033382967,1370.2848002557002
79.5,0.033943605,2407.121660891721
79.6,0.029221741,2727.3780163069778
79.7,0.015851818,3010.1142007930757
79.8,0.00010811345,5670.52333250767
79.9,0.0,0.0
80.0,0.0,0.0
80.1,0.0,0.0
80.2,0.0,0.0
80.3,0.0,0.0
80.4,1.7028602e-11,11804.082252382324
80.5,0.011386242,3094.727113570599
80.6,0.04540738,1198.822070045352
80.7,0.039426062,1550.923354273199
80.8,0.0046365517,2293.184029321596
80.9,0.022631872,2352.747606584051
81.0,0.058473818,1216.4399947439097
81.1,0.13104336,1879.1307966467061
81.2,0.07742367,1927.3547514676052
81.3,0.019188311,4755.728123707212
81.4,0.03269431,2327.2414118633656
81.5,0.033909786,2257.6316563465366
81.6,0.012298325,2317.514324240012
81.7,0.0064742267,4279.493726347197
81.8,0.05365272,1855.4468107771825
81.9,0.017422084,1495.0515392482373
82.0,0.02568854,3862.8860735206354
82.1,0.02826081,2101.826796594095
82.2,0.020066492,2149.4999313587414
82.3,0.021199215,1868.7092835590463
82.4,0.02152307,1960.843148311903
82.5,0.016025487,6963.892250214702
82.6,0.026498036,1934.3712659824744
82.7,0.014671561,1255.9222691686439
82.8,0.019480806,2167.506069000542
82.9,0.0104148025,2960.5511897862607
83.0,0.019753877,2749.519948744659
83.1,0.024085725,2977.8028079239625
83.2,0.0051159966,2604.958356866346
83.3,1.6483122e-05,8567.810027335374
83.4,6.866014e-11,11491.111845336745
83.5,0.0,0.0
83.6,0.0,0.0
83.7,0.0,0.0
83.8,0.0,0.0
83.9,0.0,0.0
84.0,0.0,0.0
84.1,8.96927e-05,7242.604365018098
84.2,0.03428377,3168.581713549555
84.3,0.0076944553,3349.5276119347227
84.4,4.9794828e-05,6665.062854073866
84.5,7.163059e-06,9960.804798159963
84.6,0.012198901,6335.553561307466
84.7,0.054030895,1676.8551002766549
84.8,0.021582413,2429.841631960833
84.9,0.056068193,2066.279800374199
85.0,0.042565584,2138.1267540794197
85.1,0.006244469,1965.3710224051636
85.2,1.5675089e-09,10169.079326983621
85.3,0.0,0.0
85.4,0.0,0.0
85.5,0.0,0.0
85.6,2.8348142e-05,7105.032909813613
85.7,0.019168453,1890.3783822147725
85.8,0.062499166,1254.4647756124343
85.9,0.031113025,1546.8424576575499
86.0,0.010138406,7351.602138138569
86.1,0.01531544,4368.296237183221
86.2,0.03065565,1683.3241233033566
86.3,0.03058494,1586.5151020820763
86.4,0.0240269,1414.808630705823
86.5,0.017160565,1415.4057039941365
86.6,0.051751386,1672.6193210702993
86.7,0.040239073,1721.5583154217388
86.8,0.012360525,1955.5958377979302
86.9,2.3108929e-05,7125.398222670194
87.0,0.0,0.0
87.1,1.2349816e-13,9016.8043148346
87.2,0.006544082,6147.061439846396
87.3,0.022311727,3881.4877679440583
87.4,0.016562195,7086.448462960315
87.5,0.058087405,1997.589125544212
87.6,0.03600574,1828.551364078184
87.7,0.014593939,2059.231122254807
87.8,0.020042857,2235.412719560561
87.9,0.0318404,2177.3275709720187
88.0,0.02456802,1841.6079227456432
88.1,0.010858074,1962.2920269776876
88.2,0.026279127,2064.662622433643
88.3,0.00842851,1963.3722800993155
88.4,5.1926072e-05,6365.386908222741
88.5,1.0186856e-05,9063.028025831873
88.6,0.0,0.0
88.7,0.0,0.0
88.8,0.0,0.0
88.9,0.0,0.0
89.0,0.0,0.0
89.1,0.009434476,6369.2717806155115
89.2,0.03931537,2947.6237342142927
89.3,0.041704994,2755.863665141778
89.4,0.04608497,1151.458813070732
89.5,0.040927555,2667.5907356955604
89.6,0.034439422,2909.298532108387
89.7,0.039426982,803.5593319341767
89.8,0.061523225,2774.719765579059
89.9,0.053392556,2802.073033721202
90.0,0.033330124,2039.7742136779175
90.1,0.0408304,1857.981364044585
90.2,0.042423822,1640.2206234573894
90.3,0.010324215,2261.688527488746
90.4,0.0077570626,3049.5250875741885
90.5,0.03753509,2766.0418416242637
90.6,0.0509993,1998.3203860157944
90.7,0.04286944,2099.0681148855306
90.8,0.041850805,2073.6054219012485
90.9,0.02880842,1596.732194939141
91.0,0.025026668,1592.5967321288224
91.1,0.028560093,1238.4647906628386
91.2,0.017205793,5380.668095660251
91.3,0.0017338599,7074.211484444805
91.4,0.007006251,5201.858818847557
91.5,0.034939647,2342.131002206504
91.6,0.045284327,2372.0760940424907
91.7,0.0230238,1320.5378431263566
91.8,0.021423846,2238.6020931204994
91.9,0.00494435,1652.6230291145985
92.0,2.0917427e-05,8670.295533819477
92.1,2.341589e-13,9866.604847436543
92.2,0.0,0.0
92.3,0.0,0.0
92.4,0.0,0.0
92.5,0.0,0.0
92.6,0.0,0.0
92.7,0.0,0.0
92.8,0.0,0.0
92.9,0.0,0.0
93.0,0.0,0.0
93.1,0.0,0.0
93.2,0.0,0.0
93.3,0.0,0.0
93.4,0.011045895,3175.8188373978173
93.5,0.030096466,1618.526835233766
93.6,0.047803883,1718.3536408004898
93.7,0.04453037,2177.9436593547334
93.8,0.023381462,2540.13470716316
93.9,0.049050987,2204.6808873002424
94.0,0.0010619776,3472.772958139078
94.1,7.4100017e-06,9604.13800482754
94.2,0.008646873,3384.9822543990545
94.3,0.038866412,2587.459666519379
94.4,0.02453645,2857.294946797201
94.5,0.0043062186,2463.152492012253
94.6,0.0,0.0
94.7,0.0,0.0
94.8,0.0,0.0
94.9,0.0,0.0
95.0,7.076014e-05,6172.76548974753
95.1,0.025871389,1709.8347116594036
95.2,0.0032246928,5122.107852704976
95.3,0.022605693,2144.086996748802
95.4,0.020867534,6870.836402555646
95.5,0.022541102,1089.559418885724
95.6,0.027815536,1724.6163530313281
95.7,0.00021233394,5365.402548370008
95.8,0.041340962,2358.9333783964626
95.9,0.033025116,1999.4122716910663
96.0,0.02493987,1379.9098414487198
96.1,0.004534303,3571.915887883486
96.2,0.0063231345,4637.079078426442
96.3,0.012653521,2199.1931755056935
96.4,0.017073436,2365.1808588021836
96.5,0.006518937,6706.350338461549
96.6,0.020826,2021.0068833191085
96.7,0.03179111,1125.9727905991645
96.8,0.032205373,1980.9116839004982
96.9,0.032463074,1797.8120519843994
97.0,0.00031091343,4291.004164397065
97.1,0.010347491,3166.8208713949884
97.2,0.008904897,2336.829960751962
97.3,4.5030567e-05,6539.3603806632345
97.4,0.018794762,2459.266806118939
97.5,0.023389546,2707.6341468452524
97.6,0.026212048,2689.943809360512
97.7,0.019337205,2309.562143483467
97.8,0.003621597,2174.9558395615095
97.9,1.9028896e-05,8209.288627440386
98.0,2.5577863e-06,10953.903361996963
98.1,0.0,0.0
98.2,0.0,0.0
98.3,0.0,0.0
98.4,1.0356474e-07,9860.786677490343
98.5,1.3179461e-05,10525.073056187111
98.6,0.00012665446,6508.342738541185
98.7,0.0005897575,5644.061307471796
98.8,0.00057979237,5615.798283614861
98.9,0.0005660293,5107.702975424483
99.0,0.00053320033,5195.812979797056
99.1,0.0005900677,5151.431703849474
99.2,0.0006506715,5031.676473209001
99.3,0.00066165085,4676.352490037275
99.4,0.00054856733,4679.798363685798
99.5,0.0005499804,4466.321835324426
99.6,0.0006607474,4470.578572131166
99.7,0.0004095416,4761.874717416219
99.8,0.00034040285,4820.462172558566
99.9,0.00035652806,5438.04326188553
100.0,0.0002501912,6062.481872993945
100.1,0.00031701472,5735.1562193600585
100.2,0.00033735635,5415.937396823997
100.3,0.00026631224,5630.291947936486
100.4,0.00017666866,6209.273982937611
100.5,0.00015669424,6034.790486465538
100.6,0.000120436205,6445.7091363843065
100.7,0.00012197897,6401.903726861526
100.8,9.1727365e-05,6883.8200342177715
100.9,4.322306e-05,8023.364645183177
101.0,1.6435833e-05,9539.319410058262
101.1,9.317431e-09,9768.109639690752
101.2,0.0,0.0
101.3,4.9119568e-05,5141.261568505211
101.4,0.008929726,6706.664718095035
101.5,0.010098004,4083.5138358593777
101.6,0.019573243,1083.5015732430788
101.7,0.048214335,1705.8057853366734
101.8,0.042890243,1475.6542141211035
101.9,0.05323274,1195.119577548475
102.0,0.04742258,2025.8987490222496
102.1,0.021147517,2739.625836564961
102.2,0.03295792,2251.1802093466804
102.3,0.034969475,2498.4027978094114
102.4,0.03341188,2178.5398194676927
102.5,9.865615e-05,5630.238444376528
102.6,0.0,0.0
102.7,0.0,0.0
102.8,0.0,0.0
102.9,0.00025435348,3450.8624283565086
103.0,0.019025108,1943.1505870753876
103.1,0.014651152,2713.8517428829728
103.2,0.012527241,2712.804691122973
103.3,0.011123417,6013.783262212306
103.4,0.040673815,899.4293218834133
103.5,0.030657498,1578.611740040078
103.6,9.733687e-05,6519.944667597381
103.7,0.03309221,2762.3292476037172
103.8,0.04716763,1738.6576655316808
103.9,0.0063522845,1526.5424858903898
104.0,0.018782064,2313.087919112113
104.1,0.008272609,6824.483156932069
104.2,0.023989677,2063.9746554892536
104.3,0.020099109,1011.9702731631805
104.4,0.017627385,2273.3498112947127
104.5,9.777612e-05,5839.750332229546
104.6,0.026901191,2277.3377871496127
104.7,0.04791726,2298.674930450438
104.8,0.016536782,2924.831058411143
104.9,0.002618901,2526.453043640439
105.0,4.074358e-05,6231.223588449015
105.1,3.1457913e-11,11266.835009990686
105.2,0.0,0.0
105.3,0.0,0.0
105.4,0.0,0.0
105.5,0.0,0.0
105.6,0.0,0.0
105.7,0.0,0.0
105.8,0.0,0.0
105.9,0.0,0.0
106.0,0.0,0.0
106.1,0.0,0.0
106.2,0.0,0.0
106.3,0.0,0.0
106.4,0.0,0.0
106.5,0.0,0.0
106.6,4.2644788e-05,8395.818388065903
106.7,0.00030582747,7322.293457942684
106.8,0.00035228115,7331.688641964943
106.9,0.00036068345,6104.148697448247
107.0,0.0003028807,5490.413108660054
107.1,0.00022618003,5844.721845962826
107.2,0.0003525449,5438.080177168135
107.3,0.00031910266,5788.301680335115
107.4,0.00023825982,6788.172353014736
107.5,0.00021501504,6805.069246026806
107.6,0.0001861122,7080.571286874219
107.7,0.00018702712,7373.51209265009
107.8,0.00020150503,7401.89815723246
107.9,0.00021457985,7030.182933119809
108.0,0.00015835487,7194.277395536784
108.1,8.436858e-05,7318.973891659926
108.2,8.059255e-05,7230.179331617219
108.3,6.532526e-05,7436.505772733536
108.4,4.3890526e-05,7496.179743072045
108.5,2.439344e-05,8968.844348750674
108.6,1.4875758e-05,10515.099627800924
108.7,1.555996e-05,9679.170097224836
108.8,1.4673091e-05,9726.877246052125
108.9,0.0,0.0
109.0,0.0,0.0
109.1,0.0,0.0
109.2,0.0,0.0
109.3,0.0,0.0
109.4,0.00013336529,5141.8956730151895
109.5,0.05308549,1989.2175257385204
109.6,0.00051682134,4522.113328139434
109.7,0.00716057,8577.250592985265
109.8,0.042535402,3766.7581731341697
109.9,0.06236282,2524.7260083114784
110.0,0.060667437,2303.5761592268314
110.1,0.062652946,2445.9478677721777
110.2,0.0638838,2623.1894409691577
110.3,0.060025737,1994.641792184437
110.4,0.062211245,2008.7184466103954
110.5,0.013707261,2569.615709453049
110.6,0.0049642087,3034.074144562468
110.7,0.009530555,5716.8556702283795
110.8,0.039467655,2073.14809187717
110.9,0.014206904,1497.9225766597363
111.0,0.05836895,1502.112065019394
111.1,0.07826749,1560.5397492668183
111.2,0.05316332,1626.0507831604782
111.3,0.010512304,1779.6271641490855
111.4,0.04775462,3368.97986076573
111.5,0.020668665,3253.442843957175
111.6,0.044330712,2315.89380246604
111.7,0.042076208,2258.013451251099
111.8,0.040424906,1004.7163643624432
111.9,0.03483078,1838.6003062265809
112.0,0.00010758415,6441.5253204942355
112.1,0.025763398,2937.776005671868
112.2,0.033738565,2866.4163457625846
112.3,0.0072247596,4277.150079083198
112.4,0.018971592,4364.225259986052
112.5,0.04728876,2714.3050986133444
112.6,0.043521333,2130.565516864488
112.7,0.031664312,1295.0088456055266
112.8,0.053988025,1631.7628908024863
112.9,0.077845044,1829.3726030457535
113.0,0.03261748,2000.8672384179313
113.1,0.0012517093,1838.1684436502114
113.2,1.1865657e-05,8893.244757932433
113.3,0.007885335,3757.635383475699
113.4,0.06451616,2543.8815818815237
113.5,0.0014098339,3246.1491016209293
113.6,3.910914e-05,8264.807821226923
113.7,0.067140505,2913.895166167961
113.8,0.093151964,2993.865704930044
113.9,0.056037243,2605.3072720433465
114.0,0.06254294,2945.818941390582
114.1,0.08134741,2024.859014256285
114.2,0.045017652,4349.807146653242
114.3,0.048004396,2792.151869260697
114.4,0.082159206,2894.848874595158
114.5,0.022851348,3850.555618743907
114.6,0.08035803,2101.148581223991
114.7,0.09899274,2166.8842545821603
114.8,0.0655086,2800.333034405576
114.9,0.0044961334,2424.259170012452
115.0,1.39210915e-05,8437.925104735716
115.1,6.630417e-06,9884.88503646466
115.2,0.0,0.0
115.3,0.0,0.0
115.4,0.0,0.0
115.5,0.0,0.0
115.6,6.6980525e-13,9222.354819060645
115.7,0.011464123,1675.5121419713437
115.8,0.07023841,2096.906928733578
115.9,0.05984448,2146.673748514847
116.0,0.015615972,4193.771824364724
116.1,0.048008632,1918.8162201930154
116.2,0.069146946,1920.99341445876
116.3,0.07120859,2849.7072412306597
116.4,0.043795086,2438.9017043303356
116.5,0.027914817,2901.789710451993
116.6,0.06265744,2796.0249253082084
116.7,0.0005203761,5529.635587105509
116.8,0.061841648,3152.8061084031583
116.9,0.033947844,2711.9255540620165
117.0,0.020686498,2049.789036140159
117.1,0.0506804,2079.235704678435
117.2,3.452384e-05,7933.6345690790795
117.3,0.025616786,3143.6317833521825
117.4,0.0103462525,5355.103640174698
117.5,0.020142289,3394.7857926512215
117.6,0.02052971,3945.410358588945
117.7,0.043045983,1928.6425234641138
117.8,0.066141926,1159.7181902517223
117.9,0.09986912,1958.4596435053909
118.0,0.05586259,1982.2144057089686
118.1,0.06238167,1781.284376716036
118.2,0.0425223,2692.6725466257058
118.3,0.0076908744,5017.56610934276
118.4,0.0012981254,5543.146535080274
118.5,0.0272648,2807.1406502351483
118.6,0.06574935,2408.844501146996
118.7,0.009223057,9097.149953108343
118.8,0.059323195,3189.504549175096
118.9,0.03327273,1891.226393842435
119.0,0.049245957,2740.9657638745302
119.1,0.00414134,4206.514883248887
119.2,0.019590074,3659.8770881048963
119.3,0.022463294,3494.247982271342
119.4,0.026397174,1983.622887573258
119.5,0.0048730257,4873.079893733584
119.6,0.043407205,2624.0945860039105
119.7,0.027529856,1952.3587965399083
119.8,0.036363035,1548.726259401236
119.9,0.0191958,2999.129212116469
120.0,0.031369913,3219.2736286676604
120.1,0.026887463,2452.439388490072
120.2,0.0039511565,3020.6001369099085
120.3,0.03038596,2818.6681301317767
120.4,0.046107262,3177.112031386491
120.5,0.00041596938,4350.628667126381
120.6,0.09217168,2899.294533868688
120.7,0.035745125,1152.8878527490865
120.8,0.057332274,2575.3370653821885
120.9,0.038383085,2218.153035486125
121.0,0.008369478,3202.9550916274166
121.1,0.027701683,3021.1776694713167
121.2,0.004188454,1615.540304582209
121.3,0.041426547,2878.9830709704706
121.4,0.023777498,3999.858972184854
121.5,0.022129882,3235.4174973485683
121.6,0.027583528,3260.699561331201
121.7,0.034982014,1978.5659003106273
121.8,0.042949177,2404.830294665084
121.9,0.046358123,2100.3323888892683
122.0,0.02290804,1635.4017634130835
122.1,0.019743346,2675.9431229901097
122.2,0.013245289,1156.5563850894496
122.3,0.02449849,2575.857426549555
122.4,0.004998214,3100.7107098680467
122.5,0.01674486,3010.3840823599185
122.6,0.029532943,1440.3329312581805
122.7,0.031916723,1814.9210684752252
122.8,0.0009451583,2899.8260399858823
122.9,0.000184948,5620.330846827982
123.0,0.02652565,2774.2733805700864
123.1,0.04180495,2756.3870435521085
123.2,0.0011926851,2914.3887688113837
123.3,0.0,0.0
123.4,0.0004289618,4278.677881768745
123.5,0.030467136,2726.2021231351623
123.6,0.04109638,2982.683687448542
123.7,0.00086355256,3458.5965212769615
123.8,0.0770251,2134.1462771944866
123.9,0.04231825,1446.6175066732606
124.0,0.053224485,2144.0806451430053
124.1,0.0657412,2014.3754438636347
124.2,0.008471698,2775.3684588972055
124.3,0.050713718,1559.5691663000043
124.4,0.052054916,2166.4368139490625
124.5,0.057402592,2137.770957198766
124.6,0.04592312,3070.9775618669073
124.7,0.015954398,3222.0074253413914
124.8,8.4725434e-05,5475.6897507711265
124.9,0.0,0.0
125.0,8.3137174e-08,10789.508828758546
125.1,0.004107084,6679.008723903457
125.2,0.032923423,1020.3604719260677
125.3,0.039374672,1243.0441726023998
125.4,0.0045330687,2225.5125001821807
125.5,0.0060486877,6746.290386417841
125.6,0.043464433,2139.6385140231937
125.7,0.05847241,1773.2015222991292
125.8,0.02330453,1165.5906357629751
125.9,0.028948804,2811.6069841240246
126.0,0.030463759,2967.104638488357
126.1,0.04208975,3181.3818033793455
126.2,0.014333466,3390.516433912997
126.3,0.0007288115,2533.3495175178646
126.4,3.4060795e-05,7299.342841532407
126.5,0.00889609,1264.13892993613
126.6,0.049142193,1765.194684643795
126.7,4.3866694e-05,6712.409724216812
126.8,0.0088113,3662.0379759092357
126.9,0.025838954,1969.6802210039136
127.0,0.0031013638,1711.3805686384878
127.1,0.039469115,1251.1615013697951
127.2,0.03181337,1924.3908238671768
127.3,1.1297195e-05,8976.337309495102
127.4,0.057804715,2193.553353912191
127.5,0.00061884243,4123.49464554521
127.6,0.005614633,5594.4218247046065
127.7,0.021424837,1029.7461784143297
127.8,0.026019802,1582.5457400828425
127.9,0.012900338,7553.384670906218
128.0,0.05908109,2159.7084559287873
128.1,0.019417018,2045.5826395719112
128.2,0.02263042,3232.099621699487
128.3,0.027790288,2246.937847468521
128.4,0.015927024,2474.231792409856
128.5,0.013368205,3105.9779214842165
128.6,0.008075336,3032.806123725577
128.7,0.036679372,2313.264345524062
128.8,0.0451613,2510.3473193640352
128.9,0.02848074,2582.792462780626
129.0,0.0001310943,5829.445608820519
129.1,0.0045365863,6412.006389725069
129.2,0.014089848,3552.7927423279543
129.3,0.027788939,2273.848507797054
129.4,0.025972787,2482.4341730957844
129.5,0.0009735614,2730.29292074254
129.6,0.03968534,1843.29712518782
129.7,0.03528875,1154.2479143352184
129.8,0.033769112,1825.583534080711
129.9,0.030710684,2024.4929508048986
130.0,0.016108254,2804.968294461131
130.1,0.052241113,2291.1587197600884
130.2,6.158583e-05,7537.443166445026
130.3,0.02093451,6214.76505566346
130.4,0.033803996,1075.300701622551
130.5,0.033270612,2161.5273585231303
130.6,0.020935353,2364.0361912193516
130.7,0.021419574,1114.940010629789
130.8,0.029928068,2234.7842502131243
130.9,0.018602883,3023.116711433571
131.0,0.021343738,1981.1491520875904
131.1,0.0035827593,7027.967455693109
131.2,0.023622146,2387.4339971770455
131.3,0.0151860565,2474.185866729716
131.4,0.0021335694,1906.458422329193
131.5,0.028716223,2112.867778692411
131.6,0.037758023,2519.366689720063
131.7,0.026983356,2740.925451561611
131.8,0.017711531,2412.265921169085
131.9,0.02594229,1257.0089594709398
132.0,0.050010636,1505.698387481059
132.1,0.007199515,4596.300890452579
132.2,0.026913602,1380.0541668704561
132.3,0.036760073,1919.1842145508194
132.4,0.025775464,2314.450890531278
132.5,0.023737753,2512.0127622588384
132.6,0.0785046,1877.6713843907614
132.7,0.08539663,2003.6584191382838
132.8,0.031159012,2797.734449043015
132.9,0.005904622,3199.2391851746797
133.0,0.008549769,7335.36811228268
133.1,0.06903464,2134.023454964136
133.2,0.03502939,2275.375467176914
133.3,0.04803116,2548.511355155494
133.4,0.018625297,2364.3035537385717
133.5,0.057637524,2485.691469942738
133.6,0.061165903,1715.093395033804
133.7,0.033895697,2632.2972316167597
133.8,0.023176935,3045.22777766298
133.9,0.046896446,1420.4457806311664
134.0,0.049335882,1469.0021670970395
134.1,0.0005018699,4227.458255287585
134.2,0.015376026,7139.155786892708
134.3,0.0465178,3022.663899393349
134.4,0.04780985,2588.578472366859
134.5,0.011956257,4985.368387146724
134.6,0.0077750566,3443.8819162150317
134.7,0.008347469,3384.960443957102
134.8,0.011719937,2087.6847836932334
134.9,0.007847958,4553.722990428809
135.0,0.01597437,3071.9153519697575
135.1,0.042384233,2431.6392497858583
135.2,0.042825405,2486.67020348202
135.3,0.042813122,2534.32959768312
135.4,0.031752028,1192.5190600292337
135.5,0.03914354,2363.8251120440473
135.6,0.001983175,3857.313403481269
135.7,0.022116318,4626.760539563877
135.8,0.062078066,2287.310352048764
135.9,0.038450148,1783.0622609389316
136.0,0.03741846,2650.0543273407484
136.1,0.0026520416,6576.314631385247
136.2,0.019013314,7552.7303669187595
136.3,0.008006275,7188.419863259665
136.4,0.03651852,3065.53449583028
136.5,0.02078532,1434.3462878152698
136.6,0.021653498,2740.04523131006
136.7,0.014137045,2928.651336777768
136.8,0.019828394,1997.7330846142588
136.9,7.949501e-05,6397.960850901095
137.0,0.018884482,7760.047456680607
137.1,0.019178813,1187.5707008435197
137.2,0.041343104,1958.9806023482652
137.3,0.055998795,1868.2802838029966
137.4,0.0002836462,5332.9478463963105
137.5,1.9813366e-05,9124.944647038647
137.6,0.014384815,2814.3012152357214
137.7,0.029243736,2774.593701943869
137.8,0.029736646,2832.7482708935636
137.9,0.013834954,4802.618444797788
138.0,0.06171325,1759.7835224378327
138.1,0.049149774,1611.9746527480868
138.2,0.00023306388,6637.985323485344
138.3,0.017367972,3797.565663501926
138.4,0.020489084,2359.1527034928126
138.5,0.0034355829,2090.7555358442182
138.6,0.02340479,2577.9621338063494
138.7,0.023088146,1683.246389417261
138.8,0.052791867,2081.90228231617
138.9,0.015625842,7511.23381716615
139.0,0.018394321,1281.9156573977862
139.1,0.010734979,3368.0579550160087
139.2,0.027290467,4076.3970451942037
139.3,0.010059831,5000.204552131876
139.4,0.0069419113,3177.1748304182534
139.5,0.00034440562,5012.795213198135
139.6,0.008143116,3442.1940980057943
139.7,0.033582278,3180.8059326397424
139.8,0.023925088,3317.415468174465
139.9,0.0030037388,2646.7733984270785
140.0,0.018363602,3921.8516050397093
140.1,0.04078837,2601.1349911408765
140.2,0.0365525,2584.567974293375
140.3,0.009770878,3858.0174812098967
140.4,0.06634224,2542.2211402878866
140.5,0.036315545,1787.7836317694432
140.6,0.04007128,1992.656152546503
140.7,0.052368272,2642.626457653607
140.8,0.010983122,2828.7275785397037
140.9,0.028309945,1843.143786099647
141.0,0.036077462,2151.883681109023
141.1,0.002751266,1801.276384565234
141.2,0.03064696,3003.0158870937203
141.3,0.024647433,3194.6477642003415
141.4,0.0033576482,5874.681183145656
141.5,0.017797904,4965.7184375525285
141.6,0.017895127,3325.091746978377
141.7,0.040250957,2426.4353068774913
141.8,0.0090718,2959.6463171106457
141.9,0.05968576,1982.3200852934626
142.0,0.06568465,2559.140515634896
142.1,0.0002961238,4429.437072322967
142.2,0.012949249,2924.1606368361718
142.3,0.010063169,3526.9869303893893
142.4,0.013697138,1664.5810937418128
142.5,0.037282515,1868.8784948763246
142.6,0.02525592,2121.8871071723875
142.7,0.05118657,2347.1130233421204
142.8,0.05058425,2130.6176729208173
142.9,0.065739974,2486.53688769298
143.0,0.036495958,3448.935437888477
143.1,0.002260269,2470.328254488338
143.2,1.8261678e-10,10528.591917111695
143.3,0.0,0.0
143.4,0.0,0.0
143.5,0.0,0.0
143.6,0.0,0.0
143.7,0.0,0.0
143.8,0.0,0.0
143.9,0.0,0.0
144.0,0.0,0.0
144.1,0.000102520906,4107.558952734806
144.2,0.047872845,1545.0783703688603
144.3,0.08444342,1648.7911914303768
144.4,0.07651314,1610.4690313820577
144.5,0.053285938,1731.3285435692837
144.6,0.00800127,2244.496389409213
144.7,0.03822513,2401.4800984538565
144.8,0.049573436,2639.5546993429693
144.9,0.03659662,2819.297862033332
145.0,0.0103443675,2589.9032592529347
145.1,0.0022900107,1882.3416734661284
145.2,0.00022111174,2543.4083053285253
145.3,3.5860212e-05,5933.497211363609
145.4,5.4428667e-05,6823.480551976105
145.5,0.014336475,5932.6586327394025
145.6,0.014299886,2749.291161645232
145.7,0.05439243,2381.678149159381
145.8,0.02942217,2377.171729756805
145.9,0.028637506,2106.355769742934
146.0,0.011790469,2049.5744679954696
146.1,0.036185306,1912.9992141350103
146.2,0.007869613,2462.263188863138
146.3,0.00033458014,6782.89378579955
146.4,0.03883976,2307.7618485316957
146.5,0.020121941,3334.2458739312174
146.6,0.0021810404,3747.0797046914704
146.7,9.515087e-06,9346.259629963337
146.8,9.783403e-12,11444.365855799606
146.9,0.0010075452,5503.148045269493
147.0,0.002644188,7091.332603889388
147.1,0.01598044,2849.998484358441
147.2,0.04511362,2153.6096362600056
147.3,0.031077802,2339.6593890531053
147.4,0.0037073004,1721.5566971253436
147.5,1.1175997e-05,9142.306037733812
147.6,5.4594325e-06,10017.03748107592
147.7,7.237728e-06,9639.418368446302
147.8,0.011942733,3249.239203466478
147.9,0.037811186,2229.119379610815
148.0,0.0018315897,6148.911884437855
148.1,0.049861215,1884.1064548946777
148.2,0.009837876,3319.102013890266
148.3,0.019029588,1418.2345830310098
148.4,0.008526102,2816.8330443083905
148.5,0.03170907,1332.9492875066
148.6,0.015828434,6399.306407324666
148.7,3.2897613e-05,8531.83025593112
148.8,0.0066514914,4133.782662591325
148.9,0.026463624,3093.6915812297448
149.0,0.020917362,3282.365831657709
149.1,0.0015322649,2349.4288750504647
149.2,0.0,0.0
149.3,5.695622e-09,10909.528960645868
149.4,0.00096250244,2094.355785903349
149.5,0.0013332305,3369.43459978622
149.6,0.014508181,3031.3310715466328
149.7,0.03168435,2674.2865344882543
149.8,0.02996963,2706.3150980620867
149.9,0.015081498,2578.9667841136834
150.0,0.001366608,3042.717121010066
150.1,0.0047594816,3676.033247009292
150.2,0.016419344,2859.044200876025
150.3,0.027801279,3252.2493869390523
150.4,0.013630606,3741.5049356620516
150.5,0.0009009333,2270.4709809670608
150.6,5.0862373e-06,7528.904116124391
150.7,0.0010616538,1839.9220587847467
150.8,0.02605463,2174.620368852947
150.9,0.013925017,2994.8889051441333
151.0,0.024750296,2238.098607099336
151.1,0.011114721,7714.668144879796
151.2,0.014253088,2671.5741207221176
151.3,0.00096026773,4269.837782367405
151.4,0.011234308,5281.110378005744
151.5,0.062244587,1459.5111438962062
151.6,0.024641717,1022.1236002596604
151.7,0.025437461,2083.6058527492687
151.8,0.00022438476,4839.759433559033
151.9,0.016675528,8021.820123993762
152.0,0.013895851,2349.6803934072677
152.1,0.029299371,1640.818972646917
152.2,0.018231513,1711.2822719549565
152.3,0.00013131314,6140.4701741897225
152.4,0.0032446575,2368.856044067891
152.5,0.0013739176,3619.045594317109
152.6,0.05327208,2638.375459203162
152.7,0.025610106,3748.1374215465753
152.8,0.008220222,4580.545331560126
152.9,0.037257705,2856.2060545702248
153.0,0.016070671,6548.664885007363
153.1,0.022893446,1344.8232411775507
153.2,0.013082014,1825.3848634233161
153.3,0.013697171,3182.001120929474
153.4,0.026002623,2413.625812036882
153.5,0.021420449,2973.3030730106707
153.6,0.00071824476,4160.0669936081995
153.7,0.018263897,3358.1075884960333
153.8,0.019900583,3138.781192940171
153.9,0.0093341125,1799.9755413958594
154.0,0.018886354,2093.663224879374
154.1,0.020104544,2533.6950773819285
154.2,0.0101336865,2580.808974479864
154.3,0.000410893,2384.9921600837934
154.4,0.00055265747,4337.316852192518
154.5,0.07907071,1680.0318352933318
154.6,0.075185895,1717.9965663746598
154.7,0.063628726,2432.0522992077367
154.8,0.09240057,1936.4554512635596
154.9,0.049946472,1343.2192406327645
155.0,0.057447523,2118.619187087505
155.1,0.0025980899,4834.644875039521
155.2,0.04461173,2387.801831894557
155.3,0.00024080652,4600.459723195309
155.4,0.02778809,3194.674502136167
155.5,0.0247837,3203.9246858429833
155.6,0.00026256777,5629.23774360906
155.7,0.011987679,4862.5417719650395
155.8,0.011697541,3482.611406546065
155.9,0.03774273,2612.831647410202
156.0,0.045275643,2753.7333092607373
156.1,0.022829054,3126.0694325193144
156.2,0.010065726,8149.791313858934
156.3,0.022095883,3496.8869990376666
156.4,0.03206526,2587.0015754150613
156.5,0.014512395,1308.211870458473
156.6,0.011131781,4099.971781316513
156.7,0.030832192,2391.341334373383
156.8,0.006114301,8010.631251494992
156.9,0.0230683,2509.383135869688
157.0,0.00020541578,5297.916242025927
157.1,0.03118372,2433.9576928332654
157.2,0.02828336,2716.5434120967793
157.3,0.016180038,3667.2662118513463
157.4,0.057190295,2154.66875132844
157.5,0.025326287,1106.2203127197479
157.6,0.015241841,2069.055118598705
157.7,0.021724313,3049.133997586334
157.8,0.017013911,2870.909801355564
157.9,0.030532865,7475.586674621076
158.0,0.043731734,2452.0323430992307
158.1,0.052186415,1826.444306830085
158.2,0.015866982,2282.422073802133
158.3,0.024689458,2087.5565626460893
158.4,0.041370973,1612.2224080926503
158.5,0.013511509,2080.0286359833003
158.6,0.026686812,2917.805954262396
158.7,0.027774619,2743.2024314332775
158.8,0.02860382,3346.5849976054305
158.9,0.017343894,3524.535710618502
159.0,0.016160479,3979.529066647968
159.1,0.01094692,3118.379866042833
159.2,0.043085814,1767.8701145209366
159.3,0.015588576,5025.7530317695255
159.4,0.0075838757,4023.5709870363344
159.5,0.07691586,2674.6660264959946
159.6,0.015043031,7534.0072841895235
159.7,0.010627833,4262.248842499687
159.8,0.016371755,1659.6153702632757
159.9,0.053128026,2828.0322983561227
160.0,0.046124537,3110.117805809853
160.1,0.0091726845,2988.873242002001
160.2,4.5028744e-05,6951.779433065913
160.3,3.8197036e-06,9327.078622738529
160.4,0.0004869369,1887.966297557496
160.5,0.056535542,2209.1481357866023
160.6,0.05038574,1738.4973279490023
160.7,0.06426321,2150.9576452523324
160.8,7.9478195e-05,6690.661737718852
160.9,0.027650895,2350.672066534149
161.0,0.016588166,2837.785807156438
161.1,0.055486318,1877.9274353200426
161.2,0.05361814,978.2599099538724
161.3,0.035433512,2387.4471256055663
161.4,0.024111696,1745.717788185187
161.5,0.004647278,5822.628299303019
161.6,0.022446277,1805.5972219199625
161.7,0.030487463,1208.8054306553463
161.8,0.0009328878,3075.557671016699
161.9,0.008278422,7241.3933687108565
162.0,0.032084092,2722.9206183752785
162.1,0.03949066,2775.9657132886014
162.2,0.03742122,836.1183680279987
162.3,0.0023197446,3407.5903945010964
162.4,0.01434796,2251.490001373222
162.5,0.009093537,1611.5270318242626
162.6,0.007868545,2306.4987298596384
162.7,0.021652337,2518.0324696876214
162.8,0.034645054,2224.112268636258
162.9,0.022301538,2464.6443664924354
163.0,0.009164821,2766.846516163628
163.1,0.027584322,2542.595949739755
163.2,0.0012231931,2899.964010756333
163.3,0.03822961,2013.9349158916698
163.4,0.017633917,8704.23683184717
163.5,0.02199019,1720.4864179150657
163.6,0.040451866,1746.223677517682
163.7,0.012265894,3350.328115070841
163.8,0.05522178,2480.446845634779
163.9,0.05690226,2836.833310188523
164.0,0.0002661421,5147.020737993249
164.1,0.012045746,6162.474520425155
164.2,0.024637893,3248.6046274235823
164.3,0.010270923,3578.823261549259
164.4,0.00167564,5214.472300034069
164.5,0.009727467,5134.331701281944
164.6,0.07446928,1469.1993904365029
164.7,0.02551317,1970.7305639137535
164.8,0.020027341,6293.434372370506
164.9,0.057630964,2301.384475856914
165.0,0.055127345,1367.747799613492
165.1,0.02146017,3092.843789118886
165.2,0.0109256795,3895.7459566808043
165.3,0.0034202226,3011.94099828926
165.4,0.030284427,1997.900217554744
165.5,0.06481561,1158.5932363306347
165.6,0.040683042,2106.8959079359643
165.7,0.06097299,2409.6274325485792
165.8,0.07633062,1755.7942538299978
165.9,0.10332042,2285.815962199932
166.0,0.064332046,1145.8695934788002
166.1,0.055109046,1185.6911391902272
166.2,0.030241784,2966.946439107229
166.3,0.03686064,1735.205869658018
166.4,0.040362727,1664.3241507635444
166.5,0.00017177688,6608.141723536864
166.6,0.036267783,2058.98977097559
166.7,0.022667466,2551.041348119504
166.8,0.05470433,1767.6017057237632
166.9,0.041574378,2369.1413101716303
167.0,0.023816336,2604.79497858248
167.1,0.07861729,1448.5182179940753
167.2,0.07659468,1216.0127550594132
167.3,0.064208806,1668.6296836766219
167.4,0.057888757,1774.1273176196846
167.5,0.002404631,2193.9568212254303
167.6,0.009578865,4390.926894177133
167.7,0.043701697,1021.3757000039255
167.8,0.042473767,1770.3881243546743
167.9,0.0072826273,4487.134053350907
168.0,0.03952338,2653.705378131719
168.1,0.049035463,2810.2651098627302
168.2,0.0665016,2884.3353061863327
168.3,0.051505327,962.2708557619231
168.4,0.03644668,1478.8020799034123
168.5,0.02906641,2155.2181214734296
168.6,0.031494386,2078.042021028912
168.7,0.0062836763,3269.876141978812
168.8,0.018067775,3046.1834100316596
168.9,0.029640315,1923.9841372348742
169.0,0.033566467,2020.0092696274883
169.1,0.008444414,2933.5110604657652
169.2,0.04214032,1108.694211521838
169.3,0.043836143,2364.3769700556204
169.4,0.04771599,2452.122646041373
169.5,0.04777563,1297.3419383639819
169.6,0.08119588,2173.195611621071
169.7,0.0655429,2432.628712521385
169.8,0.03376482,1478.237435200628
169.9,0.010582681,3942.8108359830817
170.0,0.033219952,2091.857915407678
170.1,0.028930677,1661.0524719034743
170.2,0.0013794684,2990.7047412249094
170.3,0.040832866,2007.0534637113024
170.4,0.039939392,2510.9246040021962
170.5,0.026678646,3085.7819656452325
170.6,0.047717728,2639.045945406864
170.7,0.004708027,3682.3398724031463
170.8,1.7865832e-05,8476.158018246191
170.9,0.0,0.0
171.0,0.0,0.0
171.1,0.0,0.0
171.2,3.9269813e-14,11030.318289449695
171.3,0.00020758528,5659.796239621021
171.4,0.04803815,2104.103058105461
171.5,0.058516577,2168.3847240457085
171.6,0.0020511148,2670.78861058626
171.7,0.036905,1966.4904624204078
171.8,0.01817582,1638.9408833889847
171.9,0.0005064527,3331.9341631470697
172.0,0.0292337,2087.6578113306164
172.1,0.030700648,1824.472890846962
172.2,0.01937943,755.7020133715025
172.3,0.021473125,1720.9117284924496
172.4,0.040577684,1857.2929367740653
172.5,0.012805308,3754.732145087183
172.6,0.031937625,1987.9017494794869
172.7,0.026873887,1713.8012659023661
172.8,0.031170337,1898.354768057468
172.9,5.4287306e-05,7037.8464739758765
173.0,0.031134343,3073.2869085352063
173.1,0.03959021,2004.3035247879918
173.2,0.00016144468,6493.277624255605
173.3,0.049752228,2632.6201020408
173.4,0.015017727,3043.3534148627177
173.5,0.016289905,2160.142649378046
173.6,0.01891177,2689.1075408726792
173.7,0.017086811,2039.8378296677122
173.8,0.018851703,1971.4087022099552
173.9,0.013720915,1916.531426372949
174.0,0.010920229,2239.9309494417444
174.1,0.024295788,1671.678680768743
174.2,0.038127586,2016.993702924569
174.3,0.010775984,2749.805489683633
174.4,0.00051399873,2702.407706828855
174.5,0.0005725022,2145.8511731390154
174.6,0.06030437,2213.209067351282
174.7,0.041987926,2472.1154721628477
174.8,0.039028548,1851.8505536620798
174.9,0.045700677,1431.6446096873722
175.0,0.035910517,1616.3424836979673
175.1,0.014010647,1402.0381177816223
175.2,0.06410463,1413.121489155698
175.3,0.058986485,1402.4229422491956
175.4,0.010228206,8164.03961344315
175.5,0.029071985,1531.3783123122203
175.6,0.027122898,1192.3748133318084
175.7,0.026268737,1848.9875353972757
175.8,0.0003188266,4706.446129370104
175.9,0.017385343,3737.9322476666493
176.0,0.034106046,2643.4565225538977
176.1,0.040243182,1191.8450217133047
176.2,0.04033673,2287.201621496471
176.3,0.049931146,2143.875685253551
176.4,0.000120087774,5666.077355968391
176.5,0.060198724,2509.138986168422
176.6,0.046855316,2050.143873869849
176.7,6.438884e-05,7724.296106273936
176.8,0.030700848,3055.7464677118264
176.9,0.02314031,2732.2194379383945
177.0,0.014965222,2747.640780836515
177.1,0.0038903211,4039.5163671437513
177.2,0.031910807,1799.8786639267926
177.3,0.021170678,1694.4405560459068
177.4,0.007362251,1983.158031811067
177.5,0.013046582,1897.7393856695755
177.6,0.005453825,2202.7949222096763
177.7,0.023831898,1512.9650974929393
177.8,0.017453486,2061.6110636636063
177.9,0.008347846,2795.844705500581
178.0,0.00018812784,3288.4697861544214
178.1,2.4052776e-12,9526.826505434721
178.2,0.0,0.0
178.3,0.0,0.0
178.4,0.0,0.0
178.5,0.0,0.0
178.6,0.0,0.0
178.7,0.0,0.0
178.8,1.2563203e-05,9427.668843660636
178.9,0.00059324485,4730.905768831919
179.0,0.003309045,7681.85486085541
179.1,0.027406346,2279.51303410098
179.2,0.044473212,1921.704550439669
179.3,0.023928482,2169.032958141894
179.4,0.00012662163,5371.44473448123
179.5,5.9440958e-05,4478.336887968793
179.6,0.00021244,2311.5188977359167
179.7,7.673288e-05,4282.374074993693
179.8,3.948071e-05,8244.381116598115
179.9,0.0003647596,2637.989457358925
180.0,0.036923353,1365.8158913849643
180.1,0.058243264,1493.3247617539723
180.2,0.038013022,1752.1800688891
180.3,0.010568785,7525.888330396938
180.4,0.009461334,5018.747304432322
180.5,0.0029444753,4683.9290468857735
180.6,0.019603088,2334.4944178351243
180.7,0.018278934,2541.479529489835
180.8,0.00047922338,9244.316765838834
180.9,0.0,0.0
181.0,0.0,0.0
181.1,0.0,0.0
181.2,0.0,0.0
181.3,6.776752e-05,7197.796128650499
181.4,0.025676636,1352.4400686592096
181.5,0.059157256,1909.660840359753
181.6,0.034612358,2233.7685852366944
181.7,0.030559164,2498.863583260761
181.8,0.011103663,2925.72976081802
181.9,0.031207165,2523.205339883539
182.0,0.040390067,2394.603399223448
182.1,0.011908951,2459.8272725893953
182.2,1.7703032e-05,8231.885458661114
182.3,1.2528282e-07,10486.509207042229
182.4,0.0,0.0
182.5,1.6917623e-10,9935.75249503227
182.6,0.08685345,898.9248541280646
182.7,0.059234053,1713.9946337630747
182.8,0.060920052,1863.63831565318
182.9,0.021835735,9423.138549811507
183.0,0.05687409,2202.752741237481
183.1,0.017935067,5264.82854958164
183.2,0.049657945,2995.4834621989808
183.3,0.016496139,3059.325205711061
183.4,9.6167445e-05,4647.205834447245
183.5,0.0,0.0
183.6,0.0,0.0
183.7,4.0908357e-10,11521.594386409422
183.8,0.005522866,2653.778988228461
183.9,0.031555496,3446.5170224865433
184.0,0.013741595,7066.281742162355
184.1,0.043332636,1247.038530767379
184.2,0.04144904,2216.217562336439
184.3,0.03428285,2521.0311132972693
184.4,0.03064033,2960.7141523821538
184.5,0.052994896,2244.438578013803
184.6,0.060559876,2474.411198791465
184.7,0.04486584,2916.383055809964
184.8,0.0005338238,2748.64555939339
184.9,8.545702e-06,9641.801933673818
185.0,0.0057349345,3306.299213774756
185.1,0.04599184,2266.053886558854
185.2,0.07560521,882.650662714344
185.3,0.06578451,1580.1380790303474
185.4,0.06709036,1805.4355704138848
185.5,0.06695354,965.5842442661525
185.6,0.003970736,3434.9336366016046
185.7,0.030116,1615.5108547952223
185.8,0.012697434,2713.3653208256173
185.9,0.04946624,2679.8192108667904
186.0,0.065785274,2747.2997879879294
186.1,0.079798795,1230.5228291353012
186.2,0.03274898,2307.917385412198
186.3,0.0015361785,3440.935920101002
186.4,0.0154772885,4782.23461313493
186.5,0.035688918,2113.489048151704
186.6,0.045112763,1344.7330996741105
186.7,0.058328655,2446.3067606206487
186.8,0.060985956,2591.610775506544
186.9,0.038785756,2714.4169235475865
187.0,0.012654397,2583.0708519693967
187.1,7.219582e-05,6061.71027493203
187.2,4.89544e-05,6349.011975530003
187.3,0.054520205,2578.07417746794
187.4,0.035629924,2773.269205487573
187.5,0.047337636,2201.795585663032
187.6,0.05075595,1837.6045404209797
187.7,0.036934663,1765.0622073982158
187.8,0.00086503284,5550.914421008492
187.9,0.03076942,2292.7973496163936
188.0,0.0391945,2396.41468743403
188.1,0.03827706,2179.1703602161447
188.2,0.033322785,1178.9893714375314
188.3,0.029733019,2212.6000108997678
188.4,0.016085584,1896.770700887632
188.5,0.034309823,1894.9239527961377
188.6,0.04015153,2443.950642675657
188.7,0.0008912962,2999.4707008144815
188.8,0.02660256,1683.573941540646
188.9,0.019369496,1969.7813918606655
189.0,0.037248604,1187.3975161010057
189.1,0.03294142,2350.4566463237397
189.2,0.04761171,2347.1578005932306
189.3,0.061383944,2324.6625965709986
189.4,0.064725846,2569.085632727109
189.5,0.0068084053,5092.0639300219445
189.6,0.060527366,2387.7145780491833
189.7,0.06133768,2359.858359362025
189.8,0.065400936,2169.1199142973437
189.9,0.018653523,4105.393572550769
190.0,0.0027616485,6394.0282958959615
190.1,0.03243224,2434.362738018656
190.2,0.023206582,2649.660428502896
190.3,0.014638129,7703.420155335337
190.4,0.043771077,2682.261262509828
190.5,0.04663304,2256.931124866991
190.6,0.028159492,2735.599666306787
190.7,0.030121556,3022.34873759316
190.8,0.0028889156,2838.242059081842
190.9,1.5752647e-08,11282.493055361381
191.0,0.0,0.0
191.1,0.0,0.0
191.2,0.0,0.0
191.3,0.0,0.0
191.4,0.0,0.0
191.5,0.0,0.0
191.6,2.5915955e-05,8574.656726465004
191.7,0.02640134,2341.66387954655
191.8,0.00019290496,4532.242711131468
191.9,0.009202228,3162.63588597467
192.0,0.038386386,1431.7917247720409
192.1,0.025036925,1531.6654854872513
192.2,0.00027725787,3809.5763549972844
192.3,0.0007238403,1685.5646380615508
192.4,5.8553258e-05,4856.696911762277
192.5,6.7247024e-06,9945.97481819089
192.6,9.038477e-06,10390.132101876532
192.7,0.0044219755,4536.572887305857
192.8,0.035289634,2111.996134898891
192.9,0.054104015,1961.6245905055266
193.0,0.03129601,1259.7501191108126
193.1,0.02906786,3158.156015310562
193.2,0.016480641,2583.1231848276902
193.3,0.023867933,3706.285104726604
193.4,0.06311705,2152.7589369431857
193.5,0.06514173,2133.664412062158
193.6,0.010937652,2354.0465367635334
193.7,0.02143095,2385.9769475218795
193.8,0.0058619557,3018.572589381919
193.9,0.03802489,2417.981587516917
194.0,0.04223659,2409.0672635236688
194.1,0.0034888515,2350.053724530766
194.2,6.3570035e-08,4467.243661655093
194.3,0.00025816634,5211.010513043953
194.4,0.017615905,2676.162824026097
194.5,0.021626677,2407.1562320474936
194.6,0.011425355,8025.400970339822
194.7,0.05115831,2022.4350364516545
194.8,0.043286365,2458.6874993470415
194.9,0.010322768,2227.5408428402147
195.0,0.0009868597,4992.427018676425
195.1,0.036478475,1961.1152829427263
195.2,0.023860058,1947.9393551601702
195.3,0.029140465,2516.354395780696
195.4,0.06283532,2534.5687615762345
195.5,0.024869602,2414.71223828266
195.6,0.0012746474,2187.9337434736562
195.7,8.016853e-06,7276.393996260923
195.8,0.0,0.0
195.9,0.0,0.0
196.0,0.0,0.0
196.1,0.0,0.0
196.2,0.0,0.0
196.3,0.0,0.0
196.4,3.3316428e-05,9429.210237603154
196.5,0.009001628,7487.4018187379625
196.6,4.4576977e-05,6963.153309808461
196.7,0.06033238,2482.6947848273226
196.8,0.03495498,2543.741563588288
196.9,0.017442154,2544.0216638735687
197.0,0.014473588,2810.069957434183
197.1,0.021453176,2250.0486610746075
197.2,0.031174764,2698.613257728503
197.3,0.006733798,2686.913543618796
197.4,0.0016121373,6731.751649742711
197.5,0.0077683823,7065.640316431511
197.6,0.025345284,2498.4657746892008
197.7,0.024503127,2394.127898999649
197.8,0.015426423,2018.4046117137912
197.9,0.0013692046,1971.8664766817212
198.0,6.076649e-06,10374.447865741455
198.1,0.002096299,6881.674649246406
198.2,0.0027572971,7585.038482008874
198.3,0.0120945275,7162.569971544193
198.4,0.03972824,2849.816871373558
198.5,0.028404366,2632.3882420308937
198.6,0.008616026,1863.243597830356
198.7,0.019642621,2225.7172240807254
198.8,0.018536404,2114.41301036584
198.9,0.00053174543,2942.469751128803
199.0,0.0,0.0
199.1,0.0002228077,4351.037903213191
199.2,0.054477528,1096.3856605842566
199.3,0.04556646,1407.09049530292
199.4,0.04587437,2234.5672145710946
199.5,0.010315745,4096.654397931527
199.6,0.030526157,2290.6212364807316
199.7,3.3802105e-05,7533.235188952194
199.8,0.011289728,1684.9145729556494
199.9,0.045573615,1372.4100746330246
200.0,0.044627722,1668.7916174130198
200.1,0.009929133,1792.728321750407
200.2,9.830663e-06,5922.613903683999
200.3,0.0017800214,2661.443306024067
200.4,0.031059071,2394.3414879488164
200.5,0.010204015,8171.556569927616
200.6,0.035884477,2732.3542912818425
200.7,0.034789693,1074.973276371407
200.8,0.03229402,2243.116990457131
200.9,0.023693975,2356.266975934501
201.0,0.006160828,4558.0499781695935
201.1,0.017001204,3002.450259076392
201.2,0.051598523,2515.841633018212
201.3,0.040470645,2873.026537168652
201.4,0.0057011056,2463.4415208784485
201.5,2.2853794e-15,9232.80313010477
201.6,0.00028406942,2828.1544910368248
201.7,0.05822834,1776.6459001516716
201.8,0.0008275753,3286.5554452198385
201.9,0.059985925,1306.6695199398391
202.0,0.07439425,1337.7606849457825
202.1,0.061062053,1069.6639670197694
202.2,0.02769871,2186.0465622095835
202.3,0.0252377,2901.588126249126
202.4,0.05791485,1997.8939088279099
202.5,0.045174092,2025.6807115979313
202.6,0.03027978,2093.9428275945165
202.7,0.00041101873,4310.0989462395755
202.8,0.02987476,1700.8986022556262
202.9,0.03251088,1853.9364902662842
203.0,0.00063981325,4287.343387624947
203.1,0.035478283,2076.3299122348753
203.2,0.031561717,2740.442620031336
203.3,0.03688848,2080.8888934325996
203.4,0.024763163,1596.3074328287423
203.5,0.0061939163,4885.0164074586
203.6,0.0055879904,5390.020952013768
203.7,0.006948287,3599.2894039805888
203.8,0.014986599,2340.484805389011
203.9,0.0056582578,3223.6354483595696
204.0,0.026291812,2793.00568698665
204.1,0.023909794,2635.2447169798575
204.2,0.0012925335,2720.011374032621
204.3,0.015560584,3192.602105664515
204.4,0.05248019,2340.599364642581
204.5,0.037014186,2751.8829190259316
204.6,0.018397022,2980.682573155738
204.7,0.044738196,2484.592835991584
204.8,0.05147325,1014.6592597592322
204.9,0.048603233,2285.3162507904644
205.0,0.035907917,1639.9241497540802
205.1,0.0058294726,2711.208894026258
205.2,0.067654155,1833.2957157656485
205.3,0.065154746,2424.836737517901
205.4,0.015388875,2413.009474812178
205.5,0.038452737,2144.400090815784
205.6,0.049776144,1205.9698643177796
205.7,0.015143515,1628.2019333558685
205.8,0.06116844,2053.713482731098
205.9,0.027930846,2473.6228805932656
206.0,0.011120671,2482.095631004231
206.1,0.0048780884,2318.1881322229788
206.2,0.013185025,7222.074957174567
206.3,0.0013944606,4979.916174091132
206.4,0.016604315,3231.7972343649244
206.5,0.02712406,3158.865078747684
206.6,0.023339644,2881.3925240207996
206.7,0.0010883196,2077.8282316998598
206.8,6.1948954e-06,9502.589677229953
206.9,0.012261059,6305.594990088779
207.0,0.002342574,6993.193263989243
207.1,0.009821048,3597.040597260647
207.2,0.035235185,1946.8370678329757
207.3,0.020401906,3068.6110384866583
207.4,0.042141795,2179.2518389010843
207.5,0.048109043,2713.5966281158917
207.6,0.051688705,2671.1550059806186
207.7,0.0061563477,7503.672206167133
207.8,0.04472238,2901.592987482433
207.9,0.03643697,2186.4839326878055
208.0,0.013857763,2592.2310177729782
208.1,0.0009988694,4134.934618539695
208.2,0.027002206,1691.9067987482695
208.3,0.043923225,1662.976037951722
208.4,0.012774614,3384.287025019171
208.5,0.019788643,2013.2274929436853
208.6,0.031767957,2461.3461958245252
208.7,0.0061335205,3843.970183023611
208.8,0.049178977,2203.8387959395136
208.9,0.033078317,1354.4113517563057
209.0,0.02529272,2161.6138059669356
209.1,0.00026879663,4276.423342185482
209.2,0.061976116,1809.1468295969084
209.3,0.05254919,1902.177304318605
209.4,0.027891822,2277.058243051776
209.5,0.00029078018,5130.539109251145
209.6,0.021506565,1982.929276063128
209.7,0.01470246,6018.417275065358
209.8,0.008496677,4952.919815162411
209.9,0.013778485,5442.604195361324
210.0,0.013969798,6627.141531121461
210.1,0.01747882,1680.2078984030516
210.2,0.027547352,2547.69490103392
210.3,0.0119479755,6025.219690687854
210.4,0.0058721164,3350.831140300602
210.5,0.05476112,2106.222314982647
210.6,0.0677011,2068.268554382157
210.7,0.0691279,2154.919888430586
210.8,0.015888033,3181.122004071898
210.9,0.002361732,3011.912100611223
211.0,0.08858863,2339.9276432100914
211.1,0.028291272,6308.091331210302
211.2,0.01543729,6675.761859227217
211.3,0.012111483,5424.141346128087
211.4,0.03173955,1380.4306715409493
211.5,0.022989277,1861.6121401173345
211.6,0.006769415,3211.696247385245
211.7,0.014272144,2748.5350058639333
211.8,0.05380036,1962.6538883445996
211.9,0.039496105,1756.3769425476662
212.0,0.0102745835,3414.691728448809
212.1,0.060371507,2162.455581303407
212.2,0.055405166,2860.5166038784355
212.3,0.055542056,2074.3224270948003
212.4,0.04839329,1966.8176356939548
212.5,0.00078703405,3682.4664152382757
212.6,0.033987317,2337.408728870132
212.7,0.055238944,2014.7923515406674
212.8,0.01963629,2214.9212209029456
212.9,0.01812479,2297.8679618051983
213.0,0.016137863,7516.065436622263
213.1,0.060900394,2324.0666583810225
213.2,0.054239847,1870.4721983376335
213.3,0.06822997,1654.5073140771538
213.4,0.026081229,3601.8473309118535
213.5,0.043875005,1103.2264297130916
213.6,0.01337509,1525.314877616719
213.7,0.019648535,3070.1677973834608
213.8,0.07356532,1805.838461808981
213.9,0.051553268,1123.8123131320303
214.0,0.042840265,2793.6282121414524
214.1,0.046775743,2367.325034414102
214.2,0.036641195,2137.358449309848
214.3,0.037176825,1247.0308166530676
214.4,0.035416603,2106.090256364763
214.5,0.026007064,2683.866275288538
214.6,9.2761176e-05,7036.56992836945
214.7,0.051701806,1964.056392598767
214.8,0.0401202,2480.7517178820744
214.9,0.028160319,2892.740803032314
215.0,0.007438891,3868.3452078565115
215.1,0.0082182335,4809.433292661314
215.2,0.056056235,2601.119343549289
215.3,0.041036762,2997.362643273605
215.4,0.041419517,2657.073406153069
215.5,0.039193112,1519.0128153564665
215.6,0.00943524,3458.6454514694005
215.7,0.012012966,3831.8587794153964
215.8,0.021312157,6971.468141635305
215.9,0.023679152,3260.0727636795923
216.0,0.044889145,2270.407813212139
216.1,0.03374314,1429.2359750840608
216.2,0.0250636,1694.549010517544
216.3,0.00020270671,5189.714107248027
216.4,0.011289407,2614.093545785088
216.5,0.032918338,3170.2236297025393
216.6,0.010369617,4161.667138933115
216.7,0.052411802,2386.2409516935363
216.8,0.054113034,2539.597878138991
216.9,0.02223865,6255.393922384857
217.0,0.0030949481,7821.108637027088
217.1,0.014106885,3212.0526155461366
217.2,0.026237637,3096.1971071037233
217.3,0.0063203443,2827.4455021063
217.4,0.058698628,2575.3629403429363
217.5,0.08002093,2690.081647951347
217.6,0.049076773,1098.7453172537073
217.7,0.039226335,1429.5837802666788
217.8,0.038632836,1391.6731117150741
217.9,0.00020764026,6442.385810217983
218.0,0.025112092,1847.463772487572
218.1,0.039126143,3182.270692213791
218.2,0.009170576,3910.148830956469
218.3,0.063736066,2206.5457354496484
218.4,0.053829633,2351.6034283845556
218.5,0.010209975,6795.996791372276
218.6,0.044642936,2053.644814473502
218.7,0.049525026,2632.9222117560917
218.8,0.051159695,2396.5686944556296
218.9,0.01309446,6748.90278278308
219.0,0.023737663,2883.4536726030274
219.1,0.00011489572,5365.206464532705
219.2,0.008759706,7774.717039782271
219.3,0.034653906,1581.9603949041464
219.4,0.037989683,1319.599148950994
219.5,0.0317479,1101.4368081994844
219.6,0.030725848,2821.0190694180187
219.7,0.018051874,3232.2076848594506
219.8,0.030130522,3700.9669880736906
219.9,0.015118163,7593.382718209841
220.0,0.008800881,5699.429740144735
220.1,0.046430137,1754.2195870805813
220.2,0.031750258,1826.5794787382315
220.3,0.01797243,1287.512767499129
220.4,0.055785675,1240.5323024094448
220.5,0.06220696,1507.280169131604
220.6,0.06185573,1782.2421209929048
220.7,0.087767646,2034.0148936242513
220.8,0.061715025,1963.3615198969667
220.9,0.0006411358,4050.3113625254446
221.0,0.050193086,1815.5321248980085
221.1,0.011823001,5435.757025091249
221.2,0.00011866072,5973.019033057602
221.3,0.02193357,2859.353452577738
221.4,0.032384846,2649.970832424234
221.5,0.0027379517,2033.7560576983108
221.6,2.2635046e-05,8323.901893085405
221.7,0.030991307,2862.6277116694187
221.8,0.032542195,3057.169124601824
221.9,0.015792677,2743.4985851793804
222.0,0.014000478,4538.214282784633
222.1,0.06288551,2527.680764571368
222.2,0.02935932,2295.001374897845
222.3,0.009498677,8006.642029145802
222.4,0.086189084,1726.6877815413338
222.5,0.070644535,1189.96509562954
222.6,0.017461332,2953.0149092645806
222.7,0.026414,2013.653882230234
222.8,0.023856843,2208.0310989756463
222.9,0.02965116,1461.9197327111801
223.0,0.009315812,2151.2982487642757
223.1,0.013060923,1988.9541867160071
223.2,0.009685601,2861.704572295453
223.3,0.04833861,1746.3727062881464
223.4,0.007583068,7961.446466117499
223.5,0.056285255,2350.075675602055
223.6,0.028651834,3592.6422158431146
223.7,0.041619655,2599.9483091143884
223.8,0.021487532,1985.093697349399
223.9,0.021032605,2332.6118884979714
224.0,0.025744494,1763.124924801934
224.1,0.01593179,3744.4208063557953
224.2,0.03112313,1643.7075921649734
224.3,0.036792226,2130.701103456233
224.4,0.00013786873,7673.093833361612
224.5,0.056006238,2817.8901580742763
224.6,0.040327407,2796.903057751153
224.7,0.012003789,3172.6578530322377
224.8,0.06441443,1699.884092989348
224.9,0.08391632,1865.7149547269094
225.0,0.007146313,4476.478862695394
225.1,0.032711234,2566.681648519412
225.2,0.029549612,1853.2390989583478
225.3,0.026768062,1571.9008040100716
225.4,0.024483297,1242.2434134399948
225.5,0.029272502,1974.8324801658014
225.6,0.030703157,2510.2675666425544
225.7,0.00017516194,4873.876384209898
225.8,0.02645104,2632.3329045098544
225.9,0.0394418,2900.9665246746777
226.0,0.017746165,3297.3929897892604
226.1,0.037276335,2344.2540789590817
226.2,0.018067244,2541.453498421235
226.3,0.0130444765,3579.981483717789
226.4,0.037212897,2485.3256720019444
226.5,0.035461467,1480.6681114714518
226.6,0.015300734,1466.953115997269
226.7,0.02279985,3821.5390221010407
226.8,0.017007587,3325.1177503665285
226.9,0.000106359235,6650.313249167466
227.0,0.025948795,1882.9206625691756
227.1,0.02322228,1288.4595201140444
227.2,0.022146655,2389.5420260718997
227.3,0.012645009,2799.933079792774
227.4,0.0024313903,3163.88244696147
227.5,0.015227664,2620.1348105523807
227.6,0.032123275,2497.8887727023916
227.7,0.000110207766,6180.327170022627
227.8,0.036673058,2441.2582335055436
227.9,0.011456727,2307.230924882151
228.0,0.032215983,2284.9884983769384
228.1,0.044876922,1336.7980121463893
228.2,0.044575986,2827.7879411265853
228.3,0.016874306,3555.4423263266394
228.4,0.037827734,1508.307124675705
228.5,0.037330315,2652.694804445504
228.6,0.031664684,2960.883752755125
228.7,0.015593516,3154.7727812576613
228.8,0.027693868,2863.3792567722194
228.9,0.014868414,2934.5639445784072
229.0,0.0014172775,1924.649043709167
229.1,9.142685e-06,9143.773768030758
229.2,5.0422836e-06,10284.94214927192
229.3,0.0,0.0
229.4,0.0,0.0
229.5,0.0,0.0
229.6,0.0,0.0
229.7,0.0,0.0
229.8,0.0,0.0
229.9,0.00045914852,7511.972713611671
230.0,0.027091738,2480.5618082882884
230.1,0.03239573,1279.6446619492929
230.2,0.027969666,2062.823918578716
230.3,0.0038780905,3971.4316871280757
230.4,0.023801086,2440.3333252496077
230.5,0.028423185,2700.0730007462
230.6,0.05124549,2281.4159316138575
230.7,0.05746174,2201.2667302091613
230.8,0.010892506,8775.714377209379
230.9,0.026728112,2489.3767658125057
231.0,0.01457839,3013.592031175875
231.1,0.038667135,2321.42670461961
231.2,0.019063119,2952.577496798811
231.3,0.011955947,1210.2993740194993
231.4,0.022746043,2038.9781804398456
231.5,0.0093178395,2204.3436476606735
231.6,2.3306617e-08,9978.452657955006
231.7,0.0,0.0
231.8,0.0,0.0
231.9,6.576253e-05,3822.4718382142646
232.0,0.038087837,2115.890384573568
232.1,0.003964032,6032.1831397069745
232.2,0.026128773,3697.1416450211123
232.3,0.0072367475,1870.413102398917
232.4,0.03838629,3480.4047540632637
232.5,0.02289328,1553.4940642410927
232.6,0.017082302,2738.9619379082887
232.7,0.026676051,2169.251602978061
232.8,0.004274074,3431.1458593135117
232.9,0.01934464,2839.634592487862
233.0,0.012751452,3370.630488654058
233.1,0.004751803,1680.8551599154575
233.2,0.020932106,2758.6469855230052
233.3,0.024008691,2978.3837260837795
233.4,0.0039656786,3318.6946487630994
233.5,0.00013883617,3559.118006755548
233.6,5.352519e-11,5051.48894781698
233.7,0.0,0.0
233.8,0.0,0.0
233.9,0.0,0.0
234.0,0.0,0.0
234.1,0.0,0.0
234.2,0.0,0.0
234.3,0.0,0.0
234.4,0.0,0.0
234.5,0.00016544577,5834.1602849212995
234.6,0.015924577,7509.325938436387
234.7,0.023056407,3810.94391171916
234.8,0.030596409,3187.3098591426015
234.9,0.013136225,3004.8278871788234
235.0,0.0001532161,5873.83468490656
235.1,4.6664854e-06,10349.75896037364
235.2,0.0,0.0
235.3,0.0,0.0
235.4,3.5127738e-05,8405.065988507446
235.5,0.015427424,1868.060232586208
235.6,0.013417231,2585.4401223744517
235.7,0.03562407,2225.7783177560277
235.8,0.0045752297,1965.1235276126308
235.9,0.0015239613,2503.985467177923
236.0,0.0017681338,2498.5223561281414
236.1,0.00063066196,2223.724439195972
236.2,0.00013000755,2887.818455030434
236.3,0.00040690202,4132.494221750036
236.4,0.019944046,3083.2803751197043
236.5,0.032432545,2111.1749180460974
236.6,0.042664334,1683.1788768843783
236.7,0.042895515,1567.0728450053193
236.8,0.021450605,1308.0281458023799
236.9,0.00015942438,5882.345364086512
237.0,0.03284868,1893.9646769468345
237.1,0.047776032,2105.6332450925306
237.2,0.0058487593,2087.8279427608786
237.3,1.6763772e-05,7792.376856059086
237.4,0.0,0.0
237.5,7.778454e-08,10283.47422490695
237.6,0.006506648,2591.37312310024
237.7,0.010262106,7478.903313466203
237.8,0.029372646,1431.6169275106647
237.9,0.047629267,1893.6467264744813
238.0,0.005446647,2684.7029576099517
238.1,0.0044962917,4347.141632470863
238.2,0.026340334,2174.3196767008676
238.3,0.00017172068,5762.890838889602
238.4,0.010610921,3058.3354896818205
238.5,0.011188554,2107.2571825451805
238.6,0.014176018,2776.0714193501353
238.7,0.023045763,3385.5592053574765
238.8,0.011904532,3229.148887369771
238.9,0.018325865,3112.800814963889
239.0,0.0149967065,2219.586738127555
239.1,0.0102196,7802.1826647437065
239.2,0.027731413,2506.7039660213854
239.3,0.029875394,2783.907137210334
239.4,0.00054147275,4432.739075476085
239.5,0.048572656,2547.4636257811817
239.6,0.030335423,2667.476286768719
239.7,0.021008777,4017.3643359057583
239.8,0.050508637,2208.657306793311
239.9,0.043102786,988.9957865086219
240.0,0.030788194,2104.851461681267
240.1,0.019507937,3391.036563732009
240.2,0.049329113,1385.5996635109218
240.3,0.045901943,1581.2973648024513
240.4,0.009358665,4643.511133999995
240.5,0.014531748,3311.7384933542526
240.6,0.0014538901,4120.727432689093
240.7,0.021788381,1874.9964752852404
240.8,0.018569374,1926.6230540611987
240.9,0.00890917,2032.9834679351907
241.0,0.013915098,2115.524567414484
241.1,0.025542852,1892.3459094404252
241.2,0.025110397,2567.1293382589283
241.3,0.00021515095,4544.378174971511
241.4,0.02188204,2650.107903347401
241.5,0.05728663,1598.8249660699673
241.6,0.016517092,3077.7453561760244
241.7,0.0025989874,3968.7274742390587
241.8,0.015150187,3260.0672100790853
241.9,0.0056914464,2312.3760052996276
242.0,0.0029902267,2568.6845970188438
242.1,0.015611013,6971.140604179221
242.2,0.02600656,3331.914935718702
242.3,0.023750389,4344.948376062641
242.4,0.024474865,3222.410910669985
242.5,0.023883855,1129.8423576161263
242.6,0.02339574,1808.1418390962333
242.7,0.009356094,8270.226556465073
242.8,0.041844897,3319.6687412196097
242.9,0.034696788,2412.949381908721
243.0,0.028670186,2802.9547241643763
243.1,0.0050073643,9264.236931781605
243.2,0.016450893,9317.757458331489
243.3,0.033994455,3744.208603676384
243.4,0.020340588,3306.3302470124036
243.5,0.018897375,3271.719928880833
243.6,0.016766962,7537.468601780931
243.7,0.011837562,6587.856869067104
243.8,0.024461072,2651.923139453509
243.9,0.020969683,1703.7184448370544
244.0,0.017424341,2925.0017806271044
244.1,0.015451149,1907.2888607792243
244.2,0.0254807,2535.2593259128384
244.3,0.009779366,1353.9370258219146
244.4,0.03585801,1432.6485878176964
244.5,0.03810772,1337.3431626904185
244.6,0.031250626,1870.7971833389863
244.7,0.00806295,2830.608837046728
244.8,0.030342272,1432.982502373255
244.9,0.049526185,2329.915465652397
245.0,0.00062002364,4153.037421466369
245.1,0.047609538,2224.531887925026
245.2,0.05145631,2474.9928336105168
245.3,0.008418302,7539.430973386838
245.4,0.00772516,7100.167571982635
245.5,0.025576087,2017.8894299837086
245.6,0.05041965,2063.2228676975783
245.7,0.01838634,2850.58573912376
245.8,0.0018449312,2311.657573690594
245.9,1.0084131e-05,8399.68966882571
246.0,6.3604925e-06,10418.806512793155
246.1,0.021423535,8375.577258526382
246.2,0.02771274,3436.3882483145658
246.3,0.040722914,2861.497339040812
246.4,0.008189813,3088.764554090028
246.5,6.722528e-05,6267.669724958892
246.6,1.2774854e-05,8735.102681073142
246.7,0.042682488,1291.8443798614317
246.8,0.045744,1538.5225105514512
246.9,0.00016774349,5481.181201951277
247.0,0.0002449584,4867.90760093591
247.1,0.018377332,1761.3654396836187
247.2,0.005454646,1450.0747147712782
247.3,0.03844764,1351.9290394774187
247.4,0.05728356,1389.081121954336
247.5,3.496263e-05,7903.967143847975
247.6,0.005740801,2991.3017170886565
247.7,0.049456142,2026.746007671194
247.8,0.021604793,2197.995908275234
247.9,2.41355e-05,5189.088783556988
248.0,0.0,0.0
248.1,0.017420495,3002.814526815353
248.2,2.1087866e-05,8578.056434322596
248.3,0.0018969013,4770.723582887026
248.4,0.038557027,3112.204792946211
248.5,0.034140978,2247.184198258165
248.6,0.015992003,2119.0273254413173
248.7,0.040122893,1284.8750989141595
248.8,0.06458726,1118.1321896129057
248.9,0.005863032,3355.981334272613
249.0,0.0020851453,2785.890664331163
249.1,0.03185604,1885.9440290825032
249.2,0.034975898,2636.768034002951
249.3,0.01904006,2613.965087621471
249.4,0.0001227417,4610.2125497113575
249.5,0.0057820957,4045.5064253989112
249.6,0.027967922,2843.1463785105525
249.7,0.00017347113,6702.961263225821
249.8,0.016394453,5537.025213228745
249.9,0.03899757,3015.804608713535
250.0,0.010216011,1699.9796684147143
250.1,0.012880149,2337.717161408973
250.2,0.016661648,2572.0090654856517
250.3,0.00034896765,4421.2594846748225
250.4,0.028661406,2261.636517284822
250.5,0.030849643,2618.31280231184
250.6,0.036316156,2739.6515414178857
250.7,0.03862793,2295.412622380675
250.8,0.0126984,7447.811729154184
250.9,0.014451165,7670.4388251519285
251.0,0.012406064,3324.64502883307
251.1,0.0039526713,4597.71092620984
251.2,0.027522344,2736.924276363181
251.3,0.025773985,3185.684574562359
251.4,0.015051026,4255.482293081127
251.5,0.018135795,3909.621819964278
251.6,0.04431002,2410.513425356189
251.7,0.015526217,3005.061662790518
251.8,0.015451706,3740.3060796233744
251.9,0.044123735,2311.61870736432
252.0,0.030564655,1146.0942683464573
252.1,0.057427093,1771.7466910191708
252.2,0.018967696,3272.5017232525615
252.3,0.08306846,1667.4744578312407
252.4,0.07837043,846.6905275739581
252.5,0.08012841,1996.2225546608556
252.6,0.029747635,1903.7146385743565
252.7,0.004789891,6496.89975210561
252.8,0.019461647,3435.304145907806
252.9,0.05697606,1872.0456056349283
253.0,0.060177002,1430.5770067627852
253.1,0.006093417,3660.3578281072805
253.2,0.02234521,3697.9499174225352
253.3,0.02136536,3679.411532868483
253.4,0.026751263,3193.091152313253
253.5,0.027097004,3410.6372484905196
253.6,0.0048911767,2869.2132363071596
253.7,0.0,0.0
253.8,8.898432e-05,4185.647899386719
253.9,0.013824829,2342.881975579103
254.0,0.022116328,2661.927395547349
254.1,0.0030241807,5407.342580955956
254.2,0.0146355275,7000.715199347313
254.3,0.00031934312,7524.711956235289
254.4,4.9736293e-10,10204.301535085486
254.5,0.0061901263,6491.035089423552
254.6,0.0044028424,5476.935284088622
254.7,0.026573619,3085.2352808084925
254.8,0.03287206,2242.3842236451815
254.9,0.040051695,2102.4421038232326
255.0,0.037003063,1898.3438622601075
255.1,0.0034932767,1845.0596328080014
255.2,0.012038873,2281.0011251584015
255.3,0.01827246,2552.313760084962
255.4,0.00030707323,4682.98893769095
255.5,0.00787209,3994.2921215844626
255.6,0.020576311,3074.3310346608555
255.7,0.029327834,2987.206250932869
255.8,0.0028613126,2897.128215532959
255.9,0.0007962431,3075.5406455331668
256.0,0.027746897,2047.297024618312
256.1,0.021545503,2735.7849951596872
256.2,0.03513753,2533.5355846024117
256.3,0.0062082224,7886.816853595619
256.4,0.024104154,2583.3315007175884
256.5,0.00061339734,4255.66782485992
256.6,0.014230412,6509.173744979664
256.7,0.03713662,1936.7128839675781
256.8,0.02007375,1604.0502733651288
256.9,0.0068364227,1462.8073224444115
257.0,0.008999664,4147.484671192948
257.1,0.027981611,2989.289939375998
257.2,0.031360563,2693.8357879717787
257.3,0.017696964,2446.5618718299097
257.4,0.0006210741,3379.3287770903253
257.5,0.0065993904,3465.361325212765
257.6,0.027575415,2951.4521096407734
257.7,0.041315157,3002.661291905659
257.8,0.0041611637,3174.779048995286
257.9,0.048037887,2581.9174636390453
258.0,0.041426543,2770.75321400823
258.1,0.00017147177,4809.155012488763
258.2,0.06272716,2752.721499779663
258.3,0.037460674,1943.4187071856818
258.4,0.040959317,1366.2714063781273
258.5,0.04222027,1417.6231641342283
258.6,0.014268255,1287.9552429463613
258.7,0.008020032,4549.796481320849
258.8,0.04049397,2786.024441937928
258.9,0.03600548,2709.3036295178786
259.0,0.020380458,2678.408897958815
259.1,0.0051374934,2674.8054188775795
259.2,0.005144588,4402.470937624283
259.3,0.022545667,3564.2773770849426
259.4,0.029742662,3563.053718812655
259.5,0.001926515,3290.3322286789685
259.6,0.00014672155,7825.914423139573
259.7,0.007866877,6435.578600829075
259.8,0.043693237,2099.5223057755456
259.9,0.03252579,1392.7334087504032
260.0,0.0021241428,4094.1314262361757
260.1,0.011663558,3474.1694604376407
260.2,0.010668412,6255.696361396245
260.3,0.012220818,6091.289184965966
260.4,0.003091902,3985.418464128156
260.5,0.03625772,2740.7702531147092
260.6,0.03713205,2421.906945892748
260.7,0.009172634,2714.871605453732
260.8,0.0053130686,4017.1760341762815
260.9,0.015700629,2984.790829701809
261.0,0.027313508,3401.377187142597
261.1,0.01777266,3078.1763441237804
261.2,0.01762225,3501.987018389907
261.3,0.035003614,1629.076864522938
261.4,0.008381214,4240.603898059322
261.5,0.014106496,3181.0771421339405
261.6,2.877293e-05,7657.608021996091
261.7,0.0077737486,3645.176550493771
261.8,0.013092781,3238.0293194147484
261.9,0.017707756,3177.37656940885
262.0,0.003814555,3151.1431202887225
262.1,0.020376582,3242.3411413201734
262.2,0.021682564,1642.7921043530328
262.3,0.023615358,1910.2304364407964
262.4,0.0030962485,4964.724893347972
262.5,0.016016958,7125.4833420083305
262.6,0.026949605,2940.340927768362
262.7,0.029939665,3049.3006655194486
262.8,0.013689287,1698.4064992836093
262.9,0.009096459,1704.5711950481243
263.0,0.0077626207,2287.411728025726
263.1,0.00015033368,5452.642013449975
263.2,0.018976063,1614.7503972365887
263.3,0.030736528,2058.4365531795956
263.4,0.027814152,1626.5298013671857
263.5,0.053435303,1764.9100460754385
263.6,0.06975594,2143.8292280214114
263.7,0.005608645,4359.420017331675
263.8,0.051379215,1983.7037403757492
263.9,0.035869468,2444.7295602777217
264.0,0.0077806558,2934.9108834710482
264.1,0.018256491,3114.3222306321727
264.2,0.0027336748,2733.5352089928874
264.3,1.647024e-05,8554.3497222359
264.4,1.9844797e-06,9443.038000287088
264.5,0.0,0.0
264.6,0.0,0.0
264.7,0.0,0.0
264.8,2.9024199e-05,7945.471307267309
264.9,0.017782662,1832.7726895450528
265.0,0.07018094,3266.251124060311
265.1,0.070687994,2165.7727588644875
265.2,0.070983805,2128.8721988024013
265.3,0.010191293,2548.8571916775327
265.4,0.00010489902,5704.255188749217
265.5,0.035525102,2465.1303662286123
265.6,0.052750994,2213.889281779446
265.7,0.0002053162,6357.009123421043
265.8,0.016681984,4413.606667710881
265.9,0.0012239031,2734.375678571283
266.0,6.3248175e-05,8246.59974662065
266.1,0.10160073,2100.5906320380577
266.2,0.09318291,2074.177616207756
266.3,0.012784985,2091.9853737913245
266.4,1.23469e-05,9041.265848896073
266.5,1.2008974e-05,8905.082806045877
266.6,0.0058628647,4235.675614105781
266.7,0.02427663,2906.904596796692
266.8,0.00016085968,7518.524916415752
266.9,0.062198658,2123.939777394406
267.0,0.028848115,1833.328752179175
267.1,0.003971655,5298.858894435135
267.2,0.0051396308,7124.0054130415165
267.3,0.023330275,6310.891787036024
267.4,0.04637816,2641.31347456742
267.5,0.01094338,2446.3862966534234
267.6,0.06055449,4348.397584325919
267.7,0.007826268,2541.368793832505
267.8,0.011903057,6945.47780351722
267.9,0.052139945,1887.8385890038471
268.0,0.03087659,2502.811138947874
268.1,0.014675422,6544.238022412351
268.2,0.023664303,4704.430697666169
268.3,0.012180161,5491.713876535521
268.4,0.03875047,2629.5358328595685
268.5,0.003497996,6250.761776853042
268.6,0.041764297,3028.78678035349
268.7,0.04744193,2666.2270562096965
268.8,0.0016196973,2325.2752340384313
268.9,0.030732483,2303.220330182813
269.0,0.033371758,2546.8300664647586
269.1,0.00015698753,6718.315630309176
269.2,0.04329654,2681.397890970482
269.3,0.03844361,1748.293754051677
269.4,0.00920931,2778.42101662308
269.5,0.025444746,1695.1789209945064
269.6,0.043736637,2287.1095806837125
269.7,0.00018372796,4854.409629914351
269.8,0.036840297,2873.564009033216
269.9,0.016247053,3675.4745363601387
270.0,0.02937232,3168.0681979958304
270.1,0.045197338,2081.0960238647835
270.2,0.00074445474,3429.552200181929
270.3,0.056600083,1975.28709261266
270.4,0.0055234055,4992.060536359882
270.5,0.044128917,4097.816400601926
270.6,0.008271514,4758.391159354632
270.7,0.03349789,2692.248393949024
270.8,0.031416446,2864.0278145986663
270.9,0.0007296439,3443.600614557713
271.0,0.042030632,1593.0602812247016
271.1,0.05075465,1795.8802792491538
271.2,0.022627702,1553.4391275569926
271.3,0.07695403,2866.487235171685
271.4,0.020547342,6065.200400621516
271.5,0.031902965,1148.7694847173175
271.6,0.028316889,2311.103825756479
271.7,0.041363798,1840.7733674310707
271.8,0.01156619,1328.8700694050717
271.9,0.03767166,2031.2718907926503
272.0,0.022991616,1192.8196310392946
272.1,0.025386835,2923.649318517537
272.2,0.06798458,1940.4323658362603
272.3,0.08201884,1823.5745477400094
272.4,0.00660905,5142.636343695585
272.5,0.033281624,2570.8672027922753
272.6,0.03167518,2515.6663407309193
272.7,0.019227443,1894.7883882633419
272.8,0.01684228,2430.4753775687886
272.9,0.036214318,2160.9059479539574
273.0,0.014857654,3321.0863067977207
273.1,0.00016630699,5180.59891085529
273.2,0.028448803,2970.157213453204
273.3,0.094334364,2170.1640098858834
273.4,0.016033353,2138.633293719041
273.5,3.734009e-05,7261.163237189121
273.6,0.029280594,1302.181547009688
273.7,0.09116612,1999.575208172137
273.8,0.07215718,2213.7380266068267
273.9,0.007797348,6382.5702744015525
274.0,0.046659943,1038.9008704042437
274.1,0.011157021,2258.5371170135286
274.2,0.027813012,2450.492411590725
274.3,0.052344043,2897.3469289221703
274.4,0.010720798,3221.1171032272346
274.5,0.073540896,2063.162728252933
274.6,0.025129758,1158.4114901613343
274.7,0.056799244,2031.9217253785664
274.8,0.029741133,3914.000207748714
274.9,0.03019158,7605.742027747061
275.0,0.054329,2823.4122426007348
275.1,0.048699442,1991.409234711271
275.2,0.02453537,5428.424461680095
275.3,0.035344794,2781.5940840247995
275.4,0.052075706,2781.3191347066627
275.5,0.0029582826,2629.9712497317933
275.6,0.024451397,2228.1683413667324
275.7,0.039688163,1811.518953813884
275.8,0.078086466,2634.664000194456
275.9,0.12118442,2034.6103859692246
276.0,0.0013993704,3866.589089043675
276.1,0.06022855,1808.2825053619224
276.2,0.018095853,8345.399617115454
276.3,0.064186834,2831.093979812453
276.4,0.020261196,3108.92802430082
276.5,0.10619808,2626.3793335008563
276.6,0.031922366,2799.5398996564936
276.7,0.03500754,2523.340745942403
276.8,0.006255807,4708.688483351061
276.9,0.040103313,2506.813254222778
277.0,0.038344108,2903.5989613477827
277.1,0.012940771,4854.525001970003
277.2,0.03272747,3057.2892927044104
277.3,0.0037690527,2839.888555770926
277.4,0.028651837,2358.5103473306726
277.5,0.031973235,2738.0227224177993
277.6,0.00029454855,4432.263620096288
277.7,0.06309178,2029.6977968363442
277.8,0.029524734,902.3370917148585
277.9,0.025401663,1551.600207588378
278.0,0.017176995,3438.824937605905
278.1,0.028741032,2505.759035442421
278.2,0.044059556,1597.7147735388837
278.3,0.0858294,1799.1174283200482
278.4,0.08840128,2059.5761532610145
278.5,0.10495877,2070.575440215331
278.6,0.046589542,1527.993471792659
278.7,0.017811181,8325.040343695993
278.8,0.014273519,3878.1849573420445
278.9,0.030143049,1478.7110226918112
279.0,0.03761467,2964.577497373484
279.1,0.048720624,3057.7153989509975
279.2,0.020284502,2808.2279212629546
279.3,0.005841719,6440.313109134356
279.4,0.04391133,1235.289646857862
279.5,0.07652238,1679.0207714387468
279.6,0.0030289793,2710.00554657395
279.7,0.032114755,4477.2626807944025
279.8,0.086161084,2414.9420363552954
279.9,0.014052768,6864.484768653611
280.0,0.02819988,2815.863253397955
280.1,0.02617936,2698.0094154109265
280.2,0.032971483,1786.7551352525873
280.3,0.01081852,3437.1070084028224
280.4,0.07756779,1756.6297282794765
280.5,0.05765592,2810.7010072084386
280.6,0.03884531,3037.824181672871
280.7,0.05336055,2811.4633699142983
280.8,0.0099223135,4786.907148946077
280.9,0.014481748,8538.011113742668
281.0,0.06293655,2630.085513782381
281.1,0.056154512,2592.0850838276174
281.2,0.0023624853,2316.029929693806
281.3,0.046367373,836.584190857168
281.4,0.03136208,2017.3382975445052
281.5,0.00937393,2836.139089749384
281.6,0.02593197,1360.3987369016552
281.7,0.019637467,4946.134935102242
281.8,0.00087467633,3405.567010746226
281.9,0.035910692,3897.43262867515
282.0,0.037837625,2758.3907433255185
282.1,0.006406135,2638.14362145195
282.2,0.0003987921,6556.1782747775105
282.3,0.02964572,2172.8314629468127
282.4,0.022663696,3091.109502197374
282.5,0.025046816,2496.6327167939908
282.6,0.012939704,2825.4966640071475
282.7,0.017786298,8178.294946684624
282.8,0.008139662,5295.501372857887
282.9,0.0502537,2329.922898774805
283.0,0.017538026,1728.9715809877864
283.1,0.03019567,2105.1912879223755
283.2,0.029964367,3107.629861622408
283.3,3.361012e-05,8183.549743057367
283.4,0.015909111,6959.97470299262
283.5,0.032475796,2781.3862221948543
283.6,0.007853301,2441.889076709331
283.7,0.003484876,4167.3456253323575
283.8,0.051921483,2585.643360324001
283.9,0.0017144498,2496.097255259884
284.0,0.027410617,4402.64663323287
284.1,0.052014876,1531.5102066604709
284.2,0.07200073,2499.5700614282478
284.3,0.020427251,2401.5922367084545
284.4,0.026260339,4171.864891772321
284.5,0.03499216,4509.403939525673
284.6,0.061069433,1430.148018063251
284.7,0.05762919,2125.851227070737
284.8,3.831583e-05,8250.471521317259
284.9,0.04532942,3000.5567097557782
285.0,0.062427,3157.95209193543
285.1,0.023347087,3355.9474848957784
285.2,0.011807966,1534.1449114225477
285.3,0.07006463,2623.0889157388597
285.4,0.047383834,3242.689218812245
285.5,0.0038186228,2953.0493416466916
285.6,9.1448506e-05,5825.85735294396
285.7,0.029394438,2796.0351665927146
285.8,0.0012172592,4666.456556754718
285.9,0.018262364,7568.106701283805
286.0,0.008040975,4436.858465491673
286.1,0.030764056,2543.7666085708306
286.2,0.018079763,2030.763401523217
286.3,0.023375945,7715.6073751735685
286.4,0.02038042,2223.0630087612326
286.5,0.038300104,1759.5065524495599
286.6,0.008923112,9114.438800023609
286.7,0.04927176,2993.819958735225
286.8,0.05122589,3143.733388223635
286.9,0.0055280565,3140.676606488385
287.0,0.055847626,1289.1873905013542
287.1,0.048278153,1993.668348898981
287.2,0.06805737,2185.014514217202
287.3,0.03183718,2668.933151244792
287.4,0.006616969,2279.7406925068076
287.5,0.04330179,1897.432030024844
287.6,0.000215006,5245.665215803023
287.7,0.02522451,5024.286692906797
287.8,0.03411343,1813.9020002517543
287.9,0.06609309,1832.8371216823605
288.0,0.05357088,1715.2256173749558
288.1,0.07161523,1586.5608819596937
288.2,0.107228756,1500.319233216237
288.3,0.010558888,5117.987093371541
288.4,0.026551124,1784.4863968491586
288.5,0.015314651,2342.502303119489
288.6,0.019073023,3136.4701159180604
288.7,0.057234168,2176.4116871989845
288.8,0.0031290771,1985.2225904728114
288.9,0.07414164,2278.1136637920044
289.0,0.043729894,1521.7564471318412
289.1,0.062477715,2223.454965016828
289.2,0.045590505,1514.9780495565933
289.3,0.029373325,947.1616612519127
289.4,0.023911556,2732.1909336611297
289.5,0.08080472,2341.6437392766816
289.6,0.06252895,2021.96146137708
289.7,0.03616667,1926.717825609107
289.8,0.020103563,7892.982769964012
289.9,0.032574266,2795.0538425307277
290.0,0.06524769,2306.5811182167063
290.1,0.0071672183,9243.638127667275
290.2,0.06809165,2592.0715627321824
290.3,0.07377324,2995.522174197699
290.4,0.0083754575,2617.5539783325676
290.5,3.1495804e-06,9806.926707038627
290.6,0.022728654,4392.49734556512
290.7,0.028271882,4069.335081209512
290.8,0.009189725,7204.412198753662
290.9,0.012865158,6922.079260903572
291.0,2.5124107e-06,11620.167236215068
291.1,2.689635e-06,10446.68796489399
291.2,0.024173625,5364.578509922347
291.3,0.036676783,3210.0324658442887
291.4,0.016503138,3432.949817731063
291.5,0.000782362,2711.1099779838364
291.6,0.0,0.0
291.7,2.2318613e-06,10044.162225017619
291.8,0.044515315,4433.485714677712
291.9,0.08425633,2665.3153875331886
292.0,0.09300552,3181.4548601436336
292.1,0.030949518,2960.1234762137974
292.2,0.00028870153,4916.728157246431
292.3,0.032372203,2092.6187086418713
292.4,0.017542185,8411.78279713329
292.5,0.021690946,5016.547564495666
292.6,0.08676002,2168.4123083858917
292.7,0.023474615,9089.904690672265
292.8,0.03051882,3096.0577440961865
292.9,0.0137467375,3986.0677472795146
293.0,0.041939586,2695.0527254883073
293.1,0.0027390644,2338.61958792964
293.2,0.013205091,1923.4787259794005
293.3,0.053547412,1716.3794499134156
293.4,0.066736475,3189.016154220026
293.5,0.015473982,2574.744869774784
293.6,0.0942145,1457.657680158335
293.7,0.11076283,2358.764856375041
293.8,0.10469001,2216.0357273940886
293.9,0.0009638919,3570.5791848245085
294.0,0.039878298,3259.221920833357
294.1,0.005969133,2443.159924461829
294.2,0.02613094,4312.717181447999
294.3,0.048264164,2969.4582935905055
294.4,0.035489354,3184.0491707816996
294.5,0.0102055,3034.694470773856
294.6,0.012314401,5511.777795826307
294.7,0.0694757,2652.062599033621
294.8,0.0001943964,4660.083078453752
294.9,0.04475323,2011.7332181694815
295.0,0.0780405,1837.4231966027876
295.1,0.06834482,2032.9253619398498
295.2,0.0070113246,2719.7122605632603
295.3,0.02795673,3754.4557643486964
295.4,0.10662419,3173.2905630312453
295.5,0.06562644,3448.446228637887
295.6,0.020425966,2722.2074918163325
295.7,0.062148392,2568.6820572565834
295.8,0.037174504,2637.903939734989
295.9,0.00017903952,6615.97021305828
296.0,0.01749067,6544.145841124937
296.1,0.07855209,3001.831273108868
296.2,0.115549624,2740.0741934869093
296.3,0.0080373185,2355.2516261470946
296.4,3.534275e-05,8253.103613457686
296.5,0.046360064,5545.0583862437525
296.6,0.15372638,3454.830334432909
296.7,0.17012525,2694.7495086530494
296.8,0.03634794,2485.672012086065
296.9,0.00036135563,2986.1816979650043
297.0,0.03936553,1508.5813141738324
297.1,0.059336822,2005.3131308675827
297.2,0.0064561744,2711.484811772124
297.3,0.095895424,1909.2911686859863
297.4,0.00032855573,5173.887137847485
297.5,0.080798045,2616.942475894847
297.6,0.07415598,2761.697554546497
297.7,0.008767773,4819.172441573911
297.8,0.08502982,3070.861423778806
297.9,0.034762286,2516.148222081299
298.0,0.00026990948,4751.728264226881
298.1,0.019798912,6770.729496967915
298.2,0.04538983,2794.3297964100702
298.3,0.00073053193,3694.485631345671
298.4,0.07570462,2734.134258310497
298.5,0.03886057,2464.0119726540324
298.6,0.053437684,1796.4963000337452
298.7,0.0457703,1397.775841073703
298.8,0.047804356,2042.535032429382
298.9,0.005015256,4939.835013589178
299.0,0.03616611,2186.390177747695
299.1,0.020816945,7012.017798177321
299.2,0.052402854,1275.022157538754
299.3,0.0666931,1939.8426772336404
299.4,0.06295121,1808.514647945201
299.5,0.02060374,3768.3235489606986
299.6,0.01182231,3094.4930054457463
299.7,0.027651895,2276.809099681197
299.8,0.026918478,2159.3401308712732
299.9,0.021738874,2211.3527649279586
300.0,0.011632486,4506.176410124925
300.1,0.05483995,2671.0646407334816
300.2,0.037614916,2393.934756380252
300.3,0.11784099,2894.8662361998304
300.4,0.09885373,3095.1994593669706
300.5,0.025298955,3373.9957166726795
300.6,0.05190231,2948.371246083262
300.7,0.05318731,2384.962764536919
300.8,0.025882166,7915.020663458597
300.9,0.06329073,3333.80678844923
301.0,0.04953021,1581.8996909910397
301.1,0.080202,1698.6212118469527
301.2,0.066212416,1936.6504832426717
301.3,0.049241196,971.9972487325199
301.4,0.0073542655,2953.003709266986
301.5,0.12356919,1547.6097464669601
301.6,0.14293262,2016.8449606579684
301.7,0.09247616,1863.0922307928956
301.8,0.0405306,3154.244417293798
301.9,0.0003614873,5266.731364115618
302.0,0.028871028,3476.9128392736707
302.1,0.03270001,3400.383215697272
302.2,0.040986177,2184.2044180668317
302.3,0.04306768,1842.171560758637
302.4,0.071811855,2533.7043628301
302.5,0.010262622,3109.3931553555417
302.6,0.09402806,1502.8959194005217
302.7,0.065670505,973.2322665352413
302.8,0.034571443,2234.2238328857275
302.9,0.010464622,3277.4440388712305
303.0,0.02985155,1366.8724221459058
303.1,0.045130234,1800.8193839916764
303.2,0.050663102,2268.9881034525874
303.3,0.06285277,1838.6030587687865
303.4,0.08263296,2618.9646078346855
303.5,0.07050371,2856.5251134530645
303.6,0.003304693,5270.5334372554535
303.7,0.11092827,1717.8803687706243
303.8,0.13453753,1919.5512647408452
303.9,0.006484045,4883.224180846813
304.0,0.034086596,1540.2547799371791
304.1,0.02232059,2012.107219771441
304.2,0.03301686,3183.514929373586
304.3,0.051663525,2543.007871054985
304.4,0.0039679985,4152.704535351986
304.5,0.047231033,2160.800751396697
304.6,0.05072735,1658.8034030439364
304.7,0.051219016,1980.396363299478
304.8,0.04541405,2111.509175761167
304.9,0.038229242,1207.9160827615024
305.0,0.0601041,2770.80440405833
305.1,0.058076113,2796.9971509439074
305.2,0.040344715,2126.9142290900368
305.3,0.040463164,1012.8430127632238
305.4,0.019805703,1656.4882015527517
305.5,0.032970984,2386.4295184440625
305.6,0.06407631,1919.9372578997236
305.7,0.010330228,6937.340510227166
305.8,0.01617218,2759.4331800934724
305.9,0.108945206,2415.5946921184122
306.0,0.04976682,2641.9067618625118
306.1,0.059591424,2626.6668992643154
306.2,0.0694713,2262.019413066383
306.3,0.1168298,1780.1294345004512
306.4,0.03302099,2221.222958347358
306.5,0.029443806,2818.157319503482
306.6,0.0258817,3116.7722980262347
306.7,0.049465507,2756.058644904714
306.8,0.0015469871,5591.567319358926
306.9,0.016978914,6801.877507207869
307.0,0.053122483,1707.583387553709
307.1,0.04199983,1247.2042096877667
307.2,0.0710276,2129.6041668134635
307.3,0.051493663,2398.544543708587
307.4,0.062095918,2603.535356543044
307.5,0.055553533,2554.6072606002044
307.6,0.046890594,861.9506438756168
307.7,0.018000405,2912.9723700988916
307.8,0.032224145,1586.2266024891567
307.9,0.05372949,1347.291011737021
308.0,0.04596691,1334.4947375036388
308.1,0.06323082,1369.247329642305
308.2,0.0094083045,8019.517037914307
308.3,0.03407582,2337.488530168498
308.4,0.041866325,2726.95345975963
308.5,0.061273217,3016.2132875497427
308.6,0.02942964,3380.004100530472
308.7,0.057826493,1915.2180986277194
308.8,0.018515388,2551.26673312468
308.9,0.047974158,4503.931379288859
309.0,0.04455038,2066.6669424144225
309.1,0.0154018765,3132.7895389319156
309.2,0.010802368,3637.55102521925
309.3,0.019032866,2505.340134469314
309.4,0.00812396,3364.961652064615
309.5,0.023148494,2144.0391214140263
309.6,0.011065976,6717.534910024206
309.7,0.035072975,2884.7895442535673
309.8,0.00020361028,6498.353695606192
309.9,0.08810961,2047.2210812605308
310.0,0.069046535,1862.9771857934638
310.1,0.047885478,2570.7866616194774
310.2,0.060514085,2184.8288224009007
310.3,0.03910557,2279.367776453096
310.4,0.0090052225,3146.9688206282744
310.5,0.034464188,2372.650888616568
310.6,0.058087155,2404.4563972194665
310.7,0.045743432,2182.1030093869495
310.8,0.024742186,5442.466661494182
310.9,0.045903727,2428.073651740999
311.0,0.061966587,1688.106083789013
311.1,0.0670047,1839.0954769325485
311.2,0.043161593,2802.4240876648773
311.3,0.0004532693,5722.739078298601
311.4,0.05284276,3013.392557407138
311.5,0.056029227,2642.743061251281
311.6,0.009618736,5149.4012742709365
311.7,0.074266866,2740.792544820555
311.8,0.040424936,3484.319193366902
311.9,0.012475383,3097.4024319278756
312.0,0.05196901,3153.986763722082
312.1,0.03238025,4883.1992643280955
312.2,0.02804028,1365.4551903064403
312.3,0.07130327,1686.2196602120982
312.4,0.058837973,1747.5849697464848
312.5,0.022419492,3067.269326353558
312.6,0.011612404,1808.3273550023844
312.7,0.008195796,2788.168016239721
312.8,0.015723942,3661.600077607111
312.9,0.023863705,1659.2618814799584
313.0,0.030830318,1411.4535783246417
313.1,0.04661313,2804.164453763298
313.2,0.056199268,2183.8244253872044
313.3,0.031780854,3895.5824402643934
313.4,0.05096149,2008.3251866689686
313.5,0.027845217,1785.9415705677857
313.6,0.011890194,2583.10763848863
313.7,0.018211434,2903.4034600427526
313.8,0.047445424,2487.846579617408
313.9,0.011196729,3941.3782230807565
314.0,0.09316915,2210.034446622916
314.1,0.060716964,1328.5360719291755
314.2,0.027327023,1580.0711102975033
314.3,0.024357643,7911.580189073213
314.4,0.0024831414,5981.923754239566
314.5,0.05200016,2398.967456768755
314.6,0.010936971,7767.11627395052
314.7,0.041829593,4388.970836168304
314.8,0.052193534,2738.195453899927
314.9,0.062631026,2254.8256722567367
315.0,0.025474481,2484.046892734888
315.1,0.019870643,1499.6976689539222
315.2,0.034186285,2323.8732784789154
315.3,0.021317707,2873.346906238813
315.4,0.026077637,2980.7815695869294
315.5,0.055334482,3032.9200118424437
315.6,0.037825257,2201.987147893083
315.7,0.04567309,1219.6655037510443
315.8,0.02287778,1627.3336303894591
315.9,0.011348082,6583.570284407789
316.0,0.06204202,1800.8064017703666
316.1,0.018845025,4984.289351997384
316.2,0.0054196944,5208.583195535512
316.3,0.0076280735,3952.5871795460407
316.4,0.00797412,5020.293157098692
316.5,0.032141652,2590.609013151863
316.6,0.031623114,2143.123357502927
316.7,0.0003577802,4417.470146183499
316.8,0.0740687,1952.896766560121
316.9,0.07621528,1119.939609525514
317.0,0.029902885,1089.0920940855033
317.1,0.030899746,2158.2565871638317
317.2,0.018463774,3223.298329266517
317.3,0.092263475,1982.0128848262498
317.4,0.07611624,807.5855997709997
317.5,0.0680639,1322.250528868368
317.6,0.023616867,2601.847073865239
317.7,0.011590153,3843.7190292041587
317.8,0.03186943,3565.7775496145796
317.9,0.0046678362,2377.304604878869
318.0,0.0042134165,2521.1342521980873
318.1,0.032500267,2324.5701607224696
318.2,0.010133731,7939.21689950554
318.3,0.012327912,2638.0631792762606
318.4,0.052403033,1631.3240704269986
318.5,0.035629693,3039.126052246776
318.6,0.02247633,5741.178599386847
318.7,0.011763032,3846.8847997769676
318.8,0.000777414,4527.415338878083
318.9,0.035924844,2265.536467616161
319.0,0.04548059,2489.4683722717436
319.1,0.051608488,1960.1296221602552
319.2,0.06080128,1570.5077147795798
319.3,0.00030835127,4344.050710022027
319.4,0.048978977,2304.6894843874497
319.5,0.04924873,2780.933898310123
319.6,0.014595321,3144.184511241289
319.7,0.07617358,2310.859379873231
319.8,0.04421914,1652.8324121746214
319.9,0.037973527,1132.45180431364
320.0,0.033484183,2417.428620862808
320.1,0.0780114,2021.4039529039685
320.2,0.03350606,3040.381733489922
320.3,0.044311732,2453.38869342825
320.4,0.03813079,1993.4160211288056
320.5,0.032093387,2487.117939712265
320.6,0.062335733,1922.8441590876018
320.7,0.0951137,2543.485194052957
320.8,0.02522607,2991.406018410926
320.9,0.054767527,3560.7752073056618
321.0,0.012939324,4304.426570582007
321.1,0.012719163,5107.528627237023
321.2,0.046185106,1209.2356147340686
321.3,0.027393725,1188.5093097427512
321.4,0.021344287,2751.386387075852
321.5,0.018468324,3225.289731333806
321.6,0.06027256,2363.472485193689
321.7,0.06367653,2087.340273208448
321.8,0.0996071,2897.0476927585387
321.9,0.03159373,3751.8162596110888
322.0,0.035891645,2321.8076540385864
322.1,0.034354594,2122.615946464124
322.2,0.01753855,2467.3835801047953
322.3,0.06695473,1753.1516690356302
322.4,0.046610836,928.9076109862144
322.5,0.08029189,2349.7966508273175
322.6,0.015679883,3854.521477952443
322.7,0.042018134,4504.041481445469
322.8,0.03576804,3114.2170157470173
322.9,0.041906193,2066.9064161836654
323.0,0.014383665,7968.175121856102
323.1,0.05540603,3383.7450347377107
323.2,0.08764821,2245.32862451803
323.3,0.076530755,2811.6788500731104
323.4,0.0012198753,2679.140466331432
323.5,0.032955244,3634.580925227077
323.6,0.011457588,4436.855852476957
323.7,0.013258552,4350.815690131545
323.8,0.01996739,3022.3480434863623
323.9,0.08138721,1823.6460327201198
324.0,0.044725977,2090.9477976476182
324.1,0.06810843,2396.393449391613
324.2,0.0061621475,1639.0734377647523
324.3,0.08406518,2909.7728518615713
324.4,0.12180606,2756.598182848821
324.5,0.0013424493,2911.972307122044
324.6,0.037574556,3249.1174400086184
324.7,0.0062837126,6115.486720399459
324.8,0.020803463,5823.026831723055
324.9,0.02159244,2909.461996236053
325.0,0.06770036,1475.1844050381105
325.1,0.05414294,2332.8176386963114
325.2,0.025636932,1130.4944562925832
325.3,0.0155907795,1467.6491411520137
325.4,0.03773035,1744.2260366108046
325.5,0.057903014,1547.2501888555985
325.6,0.085994974,1900.8089327678472
325.7,0.10913155,1776.4284933869794
325.8,0.006768561,7332.149162678616
325.9,0.04540412,1755.7802288510618
326.0,0.04247643,2355.291140216992
326.1,0.01770607,6479.744679034971
326.2,0.038920887,2746.8569917143054
326.3,0.00011502948,5674.570382002701
326.4,0.07570088,2535.303660927255
326.5,0.08200481,1924.7580828157813
326.6,0.05300659,2462.140230887144
326.7,0.050826963,2310.5457278778013
326.8,0.037036803,1279.9144217863848
326.9,0.024978844,1413.1720827574402
327.0,0.08541249,1754.8324862601644
327.1,0.10044548,3495.389691041578
327.2,0.036625188,3008.77487059337
327.3,0.005979088,2563.09049420529
327.4,0.13413699,2486.5957355251576
327.5,0.052918933,2935.1593105037623
327.6,0.06233998,2442.4365165620884
327.7,0.13191476,1994.5961470475013
327.8,0.0020570313,6161.328511306219
327.9,0.04773033,2060.4867936025967
328.0,0.032014802,1951.358356931986
328.1,0.010679889,6840.188287294999
328.2,0.040941246,2785.535449875939
328.3,0.0045489557,7120.801021750386
328.4,0.11471524,2689.0339398592178
328.5,0.06815249,2016.2106372937617
328.6,0.08912362,2391.056629222402
328.7,0.012718247,3436.618661470809
328.8,0.060815897,2925.666266955445
328.9,0.058088504,2997.0462677442133
329.0,0.006603248,5470.789066168072
329.1,0.018572897,6556.0230165710345
329.2,0.02887214,1360.4408630436426
329.3,0.06892942,1707.3511413921492
329.4,0.10930523,1988.4614258882643
329.5,0.040941205,2001.9397253652917
329.6,0.016065242,3819.96900812672
329.7,0.046285354,2721.1701000588214
329.8,0.0010092219,4883.999486573906
329.9,0.027256088,2781.902895756736
330.0,0.08901171,2931.377582525414
330.1,0.025920538,3626.8799758156624
330.2,0.047960036,2503.8455863462914
330.3,0.0512531,2502.4881997468547
330.4,0.028242579,1459.5874797925162
330.5,0.03059791,2128.741719581675
330.6,0.02611948,1638.9880502691442
330.7,0.025645742,2722.6871970506363
330.8,0.0021281356,2015.4456274789482
330.9,0.02667106,7106.304913097349
331.0,0.050290983,1266.9844123912528
331.1,0.09295028,2625.137427285399
331.2,0.037129063,2518.189262643798
331.3,0.023343284,1609.7033661247224
331.4,0.065252945,2889.247249865596
331.5,0.049572248,2611.1839948813945
331.6,0.014565135,4158.735029590619
331.7,0.04221421,3755.9003341279167
331.8,0.064627156,2419.5316785416694
331.9,0.052472726,1948.1166471559445
332.0,0.033611648,2982.3050985135974
332.1,0.029422997,2774.510044551768
332.2,0.04415987,1633.7532080926264
332.3,0.040495984,1932.7614978866197
332.4,0.076236956,2602.174071836781
332.5,0.06031055,3054.9198514798945
332.6,0.023362879,1679.026460278855
332.7,0.041672092,1969.8491392141586
332.8,0.04514797,2299.530929464196
332.9,0.1061528,2614.1976191842186
333.0,0.051001307,1514.116148462435
333.1,0.046036933,2653.966602279988
333.2,0.06259172,2707.5055423215667
333.3,0.05685509,1158.5297426465133
333.4,0.077278085,2235.499556555242
333.5,0.070003696,2048.1778048000688
333.6,0.04262954,1289.4674785703123
333.7,0.097422026,2472.3906864298947
333.8,0.07261452,3056.737699958094
333.9,0.02891781,3167.6305310379994
334.0,0.058378726,991.5673596048115
334.1,0.081452414,1565.163183888485
334.2,0.0031370975,4352.4329233452
334.3,0.08698449,2598.3600693372755
334.4,0.1374798,2037.1607209337399
334.5,0.15450275,1619.0970914042057
334.6,0.011334962,3020.87741671436
334.7,0.010743386,1888.1308582971783
334.8,0.014339527,2424.9241271323945
334.9,0.05352778,1168.5151673359055
335.0,0.089826986,2329.525397769625
335.1,0.1165228,2227.490941531134
335.2,0.0673766,1732.9563320255766
335.3,0.088073075,2725.2592767449705
335.4,0.041225806,3084.685844322018
335.5,0.05570862,2206.3744081460572
335.6,0.04613662,2249.4734909028007
335.7,0.068189226,2599.712000436155
335.8,0.07997429,2162.416262756112
335.9,0.07505241,2895.0388045140803
336.0,0.021079076,3952.345374317554
336.1,0.005592362,3179.378889145899
336.2,0.038253885,2640.6577659087857
336.3,0.019051539,7620.023303943351
336.4,0.034653164,2964.3044002258284
336.5,0.046194416,1915.1717382825839
336.6,0.042866785,1910.231554320609
336.7,0.030260632,2289.6817954764497
336.8,0.008857709,6372.277738755575
336.9,0.022059476,6913.891565019631
337.0,0.030963922,3360.8347469842847
337.1,0.011738677,3357.0671302105848
337.2,0.049513165,1690.434382591798
337.3,0.038156644,2169.848123812679
337.4,0.026454402,1803.4105415721901
337.5,0.061714496,1885.2119603054703
337.6,0.0027810964,3286.937341834614
337.7,0.070381224,1978.0387452786092
337.8,0.036802493,2139.5557996763287
337.9,0.0015433567,4210.17572797343
338.0,0.024723738,5698.598479773616
338.1,0.059234213,3378.258652840692
338.2,0.0067163166,3682.282709796718
338.3,0.021081848,2721.578791134649
338.4,0.0029303334,4645.61771865925
338.5,0.027932214,4272.856584052245
338.6,0.035108104,3223.6045918808586
338.7,0.0003804666,5407.987153212143
338.8,0.056653373,2462.597406592466
338.9,0.058339443,2448.4225721942407
339.0,0.01250323,3505.408943664091
339.1,0.08430311,2199.1337783639715
339.2,0.056522965,1374.580242756213
339.3,0.050851814,2689.242417462495
339.4,0.027547568,2871.577665789269
339.5,0.028569397,1458.3225505581865
339.6,0.024065716,2915.40924887995
339.7,0.04135167,3098.6784397948218
339.8,0.053588286,3002.3563118552106
339.9,0.04667585,1331.4608656072458
340.0,0.0519746,1895.210415782076
340.1,0.03427109,1885.4778812892823
340.2,0.05633491,2374.521039765944
340.3,0.05373445,2439.2997335963605
340.4,0.07891172,2776.7531033532414
340.5,0.016259268,3966.296950299928
340.6,0.00018585328,4627.09633012558
340.7,0.01370773,2631.104069579253
340.8,0.021395262,2586.522911286966
340.9,0.00027960254,6907.161657164796
341.0,0.010346234,3440.444116987437
341.1,0.031054458,3107.323953203949
341.2,0.008136577,2827.161462438775
341.3,5.2279617e-08,9597.381321498946
341.4,0.0012341223,1563.4096891010108
341.5,0.037721563,2630.995811662841
341.6,0.026341219,2479.296080911743
341.7,0.022953654,2176.4351018807242
341.8,0.020173857,1679.9556589411445
341.9,0.029424762,1666.0846873887838
342.0,0.03913802,1019.9446062180731
342.1,0.05654863,1529.1927053253455
342.2,0.021199461,6935.052084489929
342.3,0.06254119,2075.9918279304998
342.4,0.03308382,1111.461895897473
342.5,0.03808949,1602.3078655877869
342.6,0.008554771,5666.191457644436
342.7,0.009603225,7589.474654340103
342.8,0.050851543,1353.9591059571846
342.9,0.05654197,1659.6787375752156
343.0,0.05691683,2038.4657568727546
343.1,0.006905968,5431.742551501701
343.2,0.04804564,1901.5084559681402
343.3,0.00019721774,5750.772640945722
343.4,0.035334073,1633.1684266100149
343.5,0.0004318715,3547.527394213298
343.6,0.026937868,2998.218736551792
343.7,0.04457254,3030.250506990403
343.8,0.031421382,2703.5666730548733
343.9,0.038851827,1745.703770251042
344.0,0.019514015,3332.9377805540425
344.1,0.022777792,5358.06665199148
344.2,0.053150468,1923.897734287098
344.3,0.06279488,1624.3044623253934
344.4,0.0020954134,3551.560577453139
344.5,0.024776367,2588.595142354835
344.6,0.04246639,2046.8469248241518
344.7,0.010841786,8552.46842269165
344.8,0.058935452,2469.6475972565067
344.9,0.021008315,4902.1001830605765
345.0,0.0012873276,7309.807769905683
345.1,0.04764742,2766.770314163992
345.2,0.00037730622,4095.1072510679305
345.3,0.0742115,1618.2291389242885
345.4,0.009619368,4003.2032777515924
345.5,0.035701107,2813.288580080696
345.6,0.04411905,2593.880976680324
345.7,0.024868617,2588.106192293164
345.8,0.006828647,2805.3550237919685
345.9,0.04191891,2159.6896056678243
346.0,0.036759466,2766.1447327689275
346.1,0.009250299,2896.4108981781865
346.2,0.037113536,2468.6786192536015
346.3,0.0295296,2416.7679482921512
346.4,0.0005123474,3879.7205233741124
346.5,0.02111545,7714.68624932904
346.6,0.043881357,4125.106444285208
346.7,0.044165514,3299.3099073593644
346.8,0.04932545,2665.1436747859216
346.9,0.0143203,1257.6449524193808
347.0,0.04227961,2370.6826477815384
347.1,0.0311754,2661.523268352175
347.2,0.04843787,2763.7148786261737
347.3,0.006594587,5867.490043216779
347.4,0.011192669,4668.477399470032
347.5,0.054246996,1822.6641417906112
347.6,0.019403549,2770.125938758634
347.7,0.0070921513,6207.435418509165
347.8,0.025339628,4449.500308186413
347.9,0.04259931,2550.007571153742
348.0,0.013261749,3616.2829523775004
348.1,0.05925119,2029.0442195025596
348.2,0.07493162,1813.403665735234
348.3,0.03371848,1409.663026824456
348.4,0.024873013,2393.5717222358994
348.5,0.004760732,3208.0008776315226
348.6,0.01751991,1688.0325009159324
348.7,0.02753668,1830.2025413307279
348.8,0.022395113,2724.278737898118
348.9,0.0021420275,2304.4438276590054
349.0,0.0038915323,6470.917797219274
349.1,0.032749202,1316.9455010892564
349.2,0.046760865,1540.1157574227148
349.3,0.0014078725,3165.2010754031057
349.4,0.016308147,6606.362257489738
349.5,0.050769623,1616.5558317579068
349.6,0.001580066,1561.1290519346016
349.7,0.0035781395,6809.228344596708
349.8,0.009888927,4201.977629515237
349.9,0.00025385641,5308.5370190599515
350.0,0.01697921,2735.649527638862
350.1,0.041546557,2321.3626368707005
350.2,0.02657369,3266.1683058686754
350.3,0.018435497,7095.051906676371
350.4,0.04122094,2919.930219572912
350.5,0.03661097,2597.7236060028167
350.6,0.0084237065,6260.055390844862
350.7,0.0152771585,3427.942154907094
350.8,0.011889181,1919.8132550922085
350.9,0.030337617,1880.5926907845992
351.0,0.02595439,2005.8133913766233
351.1,0.00369523,2175.055464268317
351.2,0.012757754,7117.284929396032
351.3,0.036258623,2969.93088509697
351.4,0.001865253,5007.079359448235
351.5,0.034403086,1362.414655664247
351.6,0.035936404,1446.6350090045921
351.7,0.024963174,1942.6243186594006
351.8,0.0017742239,2134.75731703657
351.9,0.0065758135,2948.388787509208
352.0,0.0281172,2228.2217094730145
352.1,0.010260611,4690.715331437799
352.2,0.024682647,2496.661946123126
352.3,0.009083122,3663.385627318684
352.4,0.040865682,1231.8961847011294
352.5,0.04010693,1570.6913327420518
352.6,0.014409797,2162.246020048582
352.7,0.0002431993,4284.260835551765
352.8,0.0,0.0
352.9,6.61176e-06,9286.355428680541
353.0,0.0041664485,6964.564221901662
353.1,0.014990411,6624.74151130379
353.2,0.0143583445,3663.05180401528
353.3,0.018414693,2712.9460158368374
353.4,0.022784492,1889.5365623381506
353.5,0.024598762,2756.9847595787196
353.6,0.011357516,8936.308899634842
353.7,0.026405627,3526.2973161814443
353.8,0.013185868,3321.731626376751
353.9,0.0031342362,8666.715081847524
354.0,0.035001237,2216.138297242317
354.1,0.044240247,2753.733180495288
354.2,0.026438564,2850.248714153221
354.3,0.0028544862,2848.753330114888
354.4,0.0,0.0
354.5,0.0,0.0
354.6,1.0513287e-05,7799.6107640467
354.7,0.008621732,7886.948147292905
354.8,0.014264543,6875.753575726854
354.9,0.041707788,2635.1106737047567
355.0,0.02712619,2732.703615162649
355.1,0.031728342,1809.7070424218336
355.2,0.0329912,2819.4559005318506
355.3,0.015295292,8506.089552019963
355.4,0.027556363,3539.084900764405
355.5,0.037764065,3434.4597240556263
355.6,0.010750335,3352.5248158984923
355.7,4.1910065e-05,6353.046107305371
355.8,0.016730065,2575.3498268857857
355.9,0.017899027,2229.427671116389
356.0,0.038172442,1616.8095023578685
356.1,0.065921165,1755.0603628078995
356.2,0.032025564,1730.923123144952
356.3,0.014541234,2624.393200968158
356.4,0.013143923,2314.0737067694095
356.5,0.04325774,1414.4583188430618
356.6,0.0022088075,2446.588626219177
356.7,0.028424293,2314.035220749787
356.8,0.04078376,2261.867175859545
356.9,0.0014586964,3839.536634471538
357.0,0.0077921315,3746.3683840173144
357.1,0.0026001702,4013.7948884978573
357.2,0.01053805,2183.023287650153
357.3,0.024903148,2575.804522939529
357.4,0.04100433,2665.343335817175
357.5,0.017543763,3292.320603329702
357.6,0.020247962,1374.5679686887313
357.7,0.03948847,1539.9413993127375
357.8,0.04101461,1405.9075680868934
357.9,0.04957254,1855.8264021941895
358.0,0.028298808,2509.087515844226
358.1,0.0011229267,3067.637554476247
358.2,0.009510094,3541.7892077236866
358.3,0.00021641777,4958.207879941758
358.4,0.007020148,5000.2673587000745
358.5,0.03996972,1256.8867998653045
358.6,0.03501354,1197.499976269031
358.7,0.010601194,6682.775227286086
358.8,0.052230712,2594.9577784274916
358.9,0.006388425,3740.7180467696357
359.0,0.05434088,1981.9975970809396
359.1,0.050750997,2622.3664028950134
359.2,0.028290397,2288.0682105058977
359.3,0.00553764,3998.1950715108214
359.4,0.031124664,2587.036948568045
359.5,0.026919594,1893.6685019487666
359.6,0.013201582,1823.6152877790623
359.7,0.016788356,2599.132235461305
359.8,0.0063821613,2874.645656024218
359.9,0.01985356,2219.4990111832312
360.0,0.03606155,3279.9801748681807
360.1,0.035223827,1337.271169447451
360.2,0.041309353,1547.1908132396634
360.3,0.0006749869,3996.605231565757
360.4,0.018253239,6360.18619895097
360.5,0.06600896,2368.6741629258304
360.6,0.025354952,5325.801956647412
360.7,0.033942103,5331.307018444111
360.8,0.008420919,3652.3135611241105
360.9,0.025569083,2664.301258449878
361.0,0.020110115,2659.8142858241295
361.1,0.0006779587,5696.853432831895
361.2,0.020082628,2310.3552892852204
361.3,0.03064548,2272.2108935035776
361.4,0.0062693697,3705.50526703936
361.5,0.034079596,1822.9220490040966
361.6,0.038747843,2074.580298073496
361.7,0.0059387987,5031.834319893957
361.8,0.034269948,1527.019008648504
361.9,0.061756235,1558.1433509355702
362.0,0.009842954,4372.834716033491
362.1,0.05486756,2671.9937109877405
362.2,0.054306973,2598.6955158669143
362.3,0.015577431,2978.3768464096606
362.4,0.02850428,2449.1193561204777
362.5,0.019881807,2141.2780123986463
362.6,0.0017154184,2096.5539914100636
362.7,0.014654043,2774.6747346926036
362.8,0.01928263,3252.8620196243746
362.9,0.013985114,3255.490866242146
363.0,0.016035737,2186.3503129808346
363.1,0.0237879,2639.5759622367164
363.2,0.068132274,1966.0608469726649
363.3,0.07786796,2617.4380979509406
363.4,0.08809787,1238.5914516354014
363.5,0.0040546395,2429.6622679423836
363.6,0.022255408,2661.394995601693
363.7,0.04073988,2725.454835864729
363.8,0.002308101,3514.128277954801
363.9,0.067639545,2387.0553874772404
364.0,0.029221538,1948.9601544338827
364.1,0.03082024,2799.3241605671847
364.2,0.0067389873,3318.3865194143636
364.3,0.032157928,2471.989192315026
364.4,0.038276963,3155.8144649543988
364.5,0.030093316,3004.7381027494343
364.6,0.018292261,7155.082218793715
364.7,0.025345623,2546.4627717711883
364.8,0.023963874,2861.4490077646838
364.9,0.00016971504,6615.178237719811
365.0,0.027630016,2491.361248712322
365.1,0.040196415,2606.0845314386097
365.2,0.04314629,1319.484409802744
365.3,0.045439187,1406.1069730015172
365.4,0.05225342,1703.4708169906535
365.5,0.05549838,1506.9561389095736
365.6,0.0310276,2300.754778532618
365.7,0.006624475,2528.0133244976137
365.8,0.025271287,2325.8000732411892
365.9,0.02075274,2898.8805457684757
366.0,0.013804935,3291.236863802019
366.1,0.07313626,2416.127317362967
366.2,0.039398342,1149.4049046121236
366.3,0.021676922,1588.679180699226
366.4,0.014507653,2522.815737187962
366.5,0.03752423,1694.4568068583792
366.6,0.0012030879,3487.7144763086335
366.7,0.059241064,2932.498491588534
366.8,0.0002172743,5795.278817988126
366.9,0.026565716,3040.202730421727
367.0,0.04238533,2864.762576947573
367.1,0.033353172,2352.875195235747
367.2,0.029281175,2308.4762297360417
367.3,0.026743094,2096.2023275621023
367.4,0.03917822,2220.638930472263
367.5,0.040693987,1829.5022403541013
367.6,0.03690212,1520.5821653588769
367.7,0.03500944,2611.458525798739
367.8,0.0066958955,4446.004158099055
367.9,0.046129998,1759.7274950961294
368.0,0.055525623,1704.1948988402664
368.1,0.0008801218,4775.213437152064
368.2,0.039198935,2095.047963373362
368.3,0.00049425795,4574.863995196573
368.4,0.020961473,2944.4020274765894
368.5,0.032695223,3066.0256540433475
368.6,0.0103203785,2947.8419668231654
368.7,0.0031200296,2728.963105012528
368.8,0.0047838627,2903.005482563335
368.9,0.00189379,2474.125677637377
369.0,0.0003571193,2607.1287547245815
369.1,0.000115209354,5395.368970614527
369.2,0.01403483,8125.719940764795
369.3,0.023425486,3686.6948997567297
369.4,0.04424494,2395.5091182018564
369.5,0.033092543,2582.6410287308395
369.6,0.045705955,2590.550754473729
369.7,0.016037028,8195.736866868465
369.8,0.039795242,3142.192987197294
369.9,0.047258087,3320.6491828215203
370.0,0.012520606,3222.6289537569555
370.1,5.826893e-05,6459.120273617444
370.2,9.114499e-06,9120.578204568863
370.3,0.0,0.0
370.4,0.0,0.0
370.5,0.017413462,6919.025687016382
370.6,0.032266416,2160.4075483973065
370.7,0.03392581,3217.7478421431906
370.8,0.012071785,7522.402226585518
370.9,0.024066238,2151.5603481037792
371.0,0.01732056,3554.573321712757
371.1,0.01830586,2695.754049405928
371.2,0.021529999,8380.522253762265
371.3,0.00810699,3984.4793787303015
371.4,0.033708557,2942.762417285925
371.5,0.023064937,3366.068586070467
371.6,0.00013652832,5390.606341174895
371.7,0.0067213792,7544.945244608514
371.8,0.036943104,3646.449350973079
371.9,0.03484788,1953.6432052313685
372.0,0.009777202,4805.199584212552
372.1,0.025317341,2433.287081782185
372.2,0.02958013,2299.619376797949
372.3,0.012455387,2424.8635366575786
372.4,0.00065795425,7447.366600630269
372.5,0.024071068,2565.2668931808616
372.6,0.031591747,2825.7081464189696
372.7,0.0064173196,3064.593603228308
372.8,0.009301578,2336.5060919239536
372.9,0.050658327,1262.8697055495472
373.0,0.055743277,1476.2535427238197
373.1,0.037435513,1809.2052103255264
373.2,0.02482976,2177.5624313258463
373.3,0.0547572,1391.8965673612715
373.4,0.066560216,2400.507755481573
373.5,0.0010970656,3868.0608665671266
373.6,0.048112996,1869.628927037224
373.7,0.058681753,1889.3371653628699
373.8,0.0012276595,2851.716307396712
373.9,0.054003567,2745.8143410486
374.0,0.0010812725,3143.84127985131
374.1,0.008266692,3955.4981766272776
374.2,0.038706534,2766.53476696087
374.3,0.031317253,3166.2101546973445
374.4,0.0024221602,2982.0259175586016
374.5,4.3089285e-06,10441.69131303953
374.6,0.023170235,6091.1427045582695
374.7,0.065592535,2067.753940352959
374.8,0.036517255,829.8401008362125
374.9,0.006086726,5971.165445619733
375.0,0.036682207,2572.228538756884
375.1,0.01846394,2389.2298065479604
375.2,0.017474461,2321.887649252689
375.3,0.011664135,8325.981033996088
375.4,0.059904892,3164.0142662177263
375.5,0.052463733,2416.9011954081852
375.6,0.00044052483,3996.1676059789606
375.7,0.041626364,3102.327707062878
375.8,0.04021995,3240.3976135589182
375.9,0.017578982,3291.6312422464925
376.0,0.016173052,5098.105836476056
376.1,0.014328755,7068.20801960565
376.2,0.02670008,2714.7966924954417
376.3,0.03185474,2685.9466584710694
376.4,0.00035172424,5013.954517784581
376.5,0.027113415,2904.2790321499515
376.6,0.03362308,2632.012996447538
376.7,0.028897978,2401.1755940104717
376.8,0.035370566,2632.7328512165527
376.9,0.03633764,2430.9293688550433
377.0,0.016235536,6873.604475409649
377.1,0.00898594,8044.038145669243
377.2,0.0009367167,4323.345813968097
377.3,0.021384155,3002.170603070297
377.4,0.05020514,3180.5264695040414
377.5,0.023240825,3560.045899534051
377.6,0.009888167,7499.967964706246
377.7,0.0337124,2345.3910392520247
377.8,0.030041665,1990.8665847408079
377.9,0.016258296,6606.180653062264
378.0,0.00016118582,5269.891222622382
378.1,0.019863656,2780.8694168644847
378.2,0.01771951,1854.2694770442556
378.3,0.0021536842,3386.6075568868537
378.4,0.045234308,2310.7711372818767
378.5,0.047003113,2025.5462195868508
378.6,0.059839554,1571.4944362057768
378.7,0.092676215,2027.072649964287
378.8,0.032349914,1332.972111773939
378.9,0.0055267047,6435.924861648009
379.0,0.030285096,1292.271706512986
379.1,0.05221999,2712.189141966994
379.2,0.06525685,2265.8158757504293
379.3,0.057420984,1682.5644998909754
379.4,0.03542364,1628.0134385053586
379.5,0.0075430973,5597.433854531073
379.6,0.028958224,2731.380520185632
379.7,0.025482943,2404.3049131397056
379.8,0.036792204,2591.7568634231343
379.9,0.03673334,3051.4352138369804
380.0,0.02690216,1952.319100629124
380.1,0.061939076,2038.3315391030803
380.2,0.035410047,1908.0513142035218
380.3,0.012146317,5823.814607556819
380.4,0.033270016,1536.8987072339096
380.5,0.04493886,2352.4159225757903
380.6,0.036264308,2367.738670083251
380.7,0.024391105,2909.2329499171506
380.8,0.04036316,3270.5025176431955
380.9,0.023264276,2267.8780650875506
381.0,0.013879502,1949.356511951203
381.1,0.012318468,3029.631559473676
381.2,0.022799069,1857.7687474177055
381.3,0.03924192,3139.5244504430802
381.4,0.064215034,2414.2458941125424
381.5,0.036356416,1747.8974708685741
381.6,0.03154229,2601.7092967313165
381.7,0.046929434,2621.579817685791
381.8,9.527167e-05,5586.177259557442
381.9,0.028881412,1712.2749103254735
382.0,0.032978624,1759.5767107171946
382.1,0.018070439,1292.2821425323841
382.2,0.023869103,1472.7486365131901
382.3,0.041207228,1892.8715772870587
382.4,0.0010788797,2778.330812070872
382.5,0.0060641263,6162.032016947822
382.6,0.005115301,7780.803746141366
382.7,0.005440611,5931.870382262943
382.8,0.041149445,2977.779289655531
382.9,0.03513969,2960.765753768434
383.0,0.0320413,1894.393694490668
383.1,0.000101540005,6411.877283850847
383.2,0.04229192,2206.5279838407814
383.3,0.05242509,2099.3459108385987
383.4,0.0016639327,2293.7307635510856
383.5,0.06297068,2195.1838031304997
383.6,0.052015238,2460.95529837966
383.7,0.014836355,1691.1909071428727
383.8,0.025944207,1851.5404082205396
383.9,0.037922636,1434.7464606926355
384.0,0.029138777,2067.9371187460056
384.1,0.0013111758,2151.843312272574
384.2,0.007493231,7393.616698467475
384.3,0.00024226507,5297.048664863598
384.4,0.040000953,2712.183568501553
384.5,0.017302582,2740.761555730119
384.6,0.030201988,2515.2163107575275
384.7,0.020369675,8003.044428508259
384.8,0.0166471,7081.251364548778
384.9,0.06526227,2912.753768444034
385.0,0.06234304,2892.5677397159675
385.1,0.033373073,2951.3208842646104
385.2,0.0033090257,3086.524357633184
385.3,0.007241456,5597.898523333974
385.4,7.076407e-05,6773.59214312526
385.5,0.03406546,5588.082028560696
385.6,0.051865134,3001.0219217415042
385.7,0.024807047,3577.2227867916827
385.8,0.00016212821,4480.738517945233
385.9,0.041175235,2585.93095323676
386.0,0.03557425,2593.8123093239956
386.1,0.045542542,2437.093849350431
386.2,0.0866224,2246.9034001597092
386.3,0.0036063152,2888.904087158644
386.4,0.06925963,2688.492350344563
386.5,0.0070261764,7990.72345008161
386.6,0.043453664,3424.561653038076
386.7,0.048771977,3133.4764794981775
386.8,0.019977761,7213.843692681967
386.9,0.024477256,3142.023725704403
387.0,0.025146008,2380.4116429048267
387.1,0.059618477,2338.0570429153177
387.2,0.047484804,1749.5578759234472
387.3,0.0560612,1936.182888078014
387.4,0.016832773,2023.1545950281163
387.5,0.0005935931,3574.0270954056386
387.6,0.021831727,2912.61558895499
387.7,0.02545799,1682.8380006209695
387.8,0.045104176,2251.0278735124093
387.9,0.034026388,3313.896704021613
388.0,0.036133498,2865.1332540857525
388.1,0.038888887,3093.9796511535314
388.2,0.020119404,2461.755667985804
388.3,0.03800095,1589.972446255295
388.4,0.04657409,2466.7300958272435
388.5,0.033414334,1628.7011527313146
388.6,0.03514761,1805.4456360167726
388.7,0.05392556,2617.2449304120137
388.8,0.031177761,2106.329807160484
388.9,0.023050763,2543.679306702345
389.0,0.00010197475,5658.290523237903
389.1,0.017421568,5828.874206743482
389.2,0.004141579,3561.38027979521
389.3,0.06482234,1994.2584515597537
389.4,0.057249792,1428.2153920624783
389.5,0.07540576,1379.1380655817188
389.6,0.00014267438,5669.8872862371645
389.7,0.0076095327,5979.088252701124
389.8,0.009004741,4054.578387986952
389.9,0.0016027101,3296.254169136435
390.0,0.04212211,3147.4770526415573
390.1,0.0378132,2995.852810546579
390.2,0.06599725,2310.3138219023017
390.3,0.08161068,2363.8922177139716
390.4,0.052594364,2490.5967814689675
390.5,0.05502747,1730.897290369753
390.6,0.007947764,2895.3450845470697
390.7,0.051921066,2234.364861415253
390.8,0.05662736,2395.0787933774873
390.9,0.00049044937,2972.5106544632617
391.0,0.047452826,1721.1899816873852
391.1,0.046689942,1430.76379858086
391.2,0.036448404,3015.617998792265
391.3,0.013124147,2768.3605044049928
391.4,0.030517802,2194.355009488203
391.5,0.023635989,2422.2464231027134
391.6,0.012678681,3425.501178274606
391.7,0.033606667,2259.482542854132
391.8,0.030321278,1283.4266724675147
391.9,0.034251187,1675.2217294973134
392.0,0.0012674921,8325.565603600338
392.1,0.02379577,3949.681768927424
392.2,0.034885526,2972.9079283176884
392.3,0.05244751,2756.4252772293476
392.4,0.059037607,1902.3038780641095
392.5,0.0399798,3317.22696252677
392.6,0.03883877,2365.9698311764723
392.7,0.027864564,2556.284047950972
392.8,0.009283131,3820.0800672664964
392.9,0.020045608,2025.431977546036
393.0,0.089006744,2480.7311385341645
393.1,0.0302339,4279.073283544478
393.2,0.0002825217,5432.21542394236
393.3,0.034075893,2648.766317519035
393.4,0.04305994,2496.5474693811607
393.5,0.023381392,1934.6547421727407
393.6,0.033291478,1755.112058740279
393.7,0.08449604,1454.4566326842812
393.8,0.052898802,1896.7120502774465
393.9,0.009608008,6571.829322642798
394.0,0.050069813,1874.659256453679
394.1,0.059163727,2668.075708738312
394.2,0.03292996,2649.58959500344
394.3,0.0007528227,2627.9534071711164
394.4,0.07669567,2251.163106878757
394.5,0.084537916,1513.1961907784193
394.6,0.03311564,1413.7447346601657
394.7,0.010687082,6100.596832965919
394.8,0.03732382,1327.6649113423405
394.9,0.055355527,2163.769222651806
395.0,0.03141394,1841.1200595405326
395.1,0.058670215,1224.7811824260632
395.2,0.113706715,1713.101124550652
395.3,0.12587336,1938.6933522853512
395.4,0.006882058,4014.2564598045838
395.5,0.017685233,3606.2562153070835
395.6,0.026463797,2311.6573784691814
395.7,0.028416948,2245.4621475277117
395.8,0.030117495,1319.5400390085208
395.9,0.0879225,1959.5587592428426
396.0,0.11759166,2457.768794917757
396.1,0.0009515873,3859.029459063035
396.2,0.038721245,2909.43956201582
396.3,0.07223605,2475.3403030559257
396.4,0.06693671,2694.6030816774787
396.5,0.019784786,2624.5824061247004
396.6,6.298713e-11,9715.357324648414
396.7,0.024926798,7214.255884781507
396.8,0.039504323,3258.821514345658
396.9,0.0028620851,4505.64062790481
397.0,1.26072555e-05,9037.294699242468
397.1,0.021335272,6980.813562941846
397.2,0.034814797,2423.958702772547
397.3,0.085524365,2278.0363929854693
397.4,0.064695194,2579.115576004894
397.5,0.01085267,2481.1997133412406
397.6,0.028100925,1388.749735004441
397.7,0.028919674,2300.2673494342152
397.8,5.1890383e-05,7191.672677796592
397.9,0.054495066,2503.332732324049
398.0,0.036035407,2751.935036863463
398.1,0.00139498,2742.476815435677
398.2,0.004517568,2549.688243197572
398.3,0.0016304769,2351.5984800158226
398.4,9.606999e-06,8632.46766023276
398.5,0.022097964,7633.655346567177
398.6,0.00011993365,7092.13722445629
398.7,0.0542795,2365.3191667950864
398.8,0.04332759,2081.043136037501
398.9,0.031390615,2430.695599408523
399.0,0.007398868,1776.8057673261058
399.1,0.021200826,2241.2267212801844
399.2,0.0029860006,3787.860539063941
399.3,0.0067930426,4598.88050949918
399.4,0.018112399,2960.5727592360427
399.5,0.03403963,3114.282734433008
399.6,0.016466307,3441.915113044587
399.7,0.002410854,4502.66775681556
399.8,0.016849475,6681.650249520395
399.9,0.012009024,3545.424673758515
400.0,0.04862583,1980.3061180267264
400.1,0.062045243,2027.2408037121195
400.2,0.075402476,1875.2213834139877
400.3,0.029726742,1241.2853276897226
400.4,0.014524551,2147.2896256340105
400.5,0.023124957,3005.248317207369
400.6,0.0071530268,2471.742659916192
400.7,0.00092377205,3983.255518320682
400.8,0.064750545,2923.38125424885
400.9,0.062903106,2784.67670332242
401.0,0.027687093,3051.958279117156
401.1,6.866244e-05,5539.650052163706
401.2,1.1706751e-05,7895.101191227185
401.3,0.014005328,3321.47402286369
401.4,0.045779083,2672.8461660323032
401.5,0.01390435,3221.59771486853
401.6,0.015124345,4167.294191056907
401.7,0.05016059,2325.6782882649973
401.8,0.035456255,1647.3941717655864
401.9,0.05015634,1748.5381112869998
402.0,0.043458246,1536.8226958183322
402.1,0.0014571475,3813.0888723008948
402.2,0.011955944,5553.853390526149
402.3,0.032469958,3207.093430221399
402.4,0.022573931,3342.025328392293
402.5,0.035221756,3272.824546493177
402.6,0.027453477,2867.633627123276
402.7,0.0023967458,7565.572707998375
402.8,0.022807209,6387.084179362119
402.9,0.026943078,2825.217717662532
403.0,0.010248835,2111.3876378364607
403.1,0.008247918,3480.5505836762195
403.2,0.00216537,3884.214833612899
403.3,0.037552256,3089.892939056885
403.4,0.01146954,2495.1941185341375
403.5,0.0027410483,4230.345346898044
403.6,0.06934096,2197.1892517203514
403.7,0.05253804,1653.6097885515694
403.8,0.05696062,1757.4569894518231
403.9,0.025829703,1460.5078552177802
404.0,0.028264744,2377.7685605298866
404.1,0.043980576,1255.6776305552178
404.2,0.06320047,830.6743560196014
404.3,0.05349382,2182.2331198225947
404.4,0.022095596,2110.948111894015
404.5,0.014480734,2728.9941399219206
404.6,0.04022424,2151.3605127600886
404.7,0.005716411,5604.105018076126
404.8,0.04682174,3121.9802164712773
404.9,0.049929816,1608.6064355804847
405.0,0.020401033,1273.0812723354425
405.1,0.03816993,3214.0720973811003
405.2,0.03120885,2370.9905675125615
405.3,0.00035143254,4269.781769136422
405.4,0.050772306,1690.0254107447208
405.5,0.035583537,1526.427079877843
405.6,0.026412684,1828.4898793062039
405.7,0.024247736,2169.225657181673
405.8,0.018136775,1200.5436145992471
405.9,0.01057413,1144.4541348215562
406.0,0.04727463,1989.3133000397554
406.1,0.0008147306,3800.5198858199606
406.2,0.07838958,1437.028528520395
406.3,0.08572264,1647.8428952357863
406.4,0.008315144,2075.2254445799545
406.5,0.026505882,1974.8085792559878
406.6,0.017326778,1769.0928172656354
406.7,0.0077579115,1639.3829538880184
406.8,0.024486251,1745.551226733112
406.9,0.04553611,1414.1996049542568
407.0,0.046029832,1531.4260498205947
407.1,0.0039616055,5814.501914729496
407.2,0.028126465,2949.693143165713
407.3,0.004598258,3960.8511255337885
407.4,0.016130606,5291.004745615041
407.5,0.0028413003,2672.8877240388842
407.6,0.039275225,2443.655146337363
407.7,0.046125174,2097.1581042094117
407.8,0.051796347,1082.3514769262524
407.9,0.03160836,3509.393775215877
408.0,0.023738595,3130.7161013791365
408.1,0.001858769,2808.0513620270367
408.2,0.05170714,3082.9697610978474
408.3,0.048887502,1247.2326793907541
408.4,0.07000837,1141.5812736142893
408.5,0.058467694,1516.284429884706
408.6,0.020824894,1707.1065434332877
408.7,0.031582005,2101.8129530987508
408.8,0.045733884,1408.0869225084773
408.9,0.061008602,1889.225008985546
409.0,0.058035765,1340.4188837109702
409.1,0.035901334,1679.712029292529
409.2,0.04016544,1455.59616523732
409.3,0.03058691,3156.999257382785
409.4,0.04228504,2092.1326704222306
409.5,0.045094475,2030.2031702149072
409.6,0.012187866,2999.2881332899315
409.7,0.047964,2656.655564511174
409.8,0.00010214155,7128.846703792233
409.9,0.013825621,6431.989101937769
410.0,0.008055538,2102.911716828089
410.1,0.0020735809,3340.3581970033074
410.2,0.013114865,2888.909219224853
410.3,0.0046391287,3478.86901342555
410.4,0.037560765,1425.9420146500265
410.5,0.026492974,2128.8187012901094
410.6,0.010622939,2962.3640722466075
410.7,0.010861023,2457.952138094255
410.8,1.1157469e-05,9272.736832325118
410.9,7.802318e-06,9993.784801200338
411.0,0.031545557,1816.790953290697
411.1,0.036337763,2396.750307840249
411.2,0.018508429,3262.2786454051143
411.3,0.009764884,4448.262964237975
411.4,0.0119023565,1411.8040121018037
411.5,0.0419114,1491.4014941766602
411.6,0.004720193,4557.008199045586
411.7,0.043769665,2792.213514631343
411.8,0.06424067,1660.110239190384
411.9,0.01598723,3035.3134920161065
412.0,0.03135334,1228.4835987374122
412.1,0.028300723,2362.8600679659057
412.2,0.053766232,2373.7990989247833
412.3,0.01056277,3236.54685031493
412.4,0.024636993,1784.148277782038
412.5,0.016901748,4013.1033439742096
412.6,0.019195834,4372.129109313414
412.7,0.013812361,1544.5276635836003
412.8,0.027988533,1921.4441783161762
412.9,0.012204008,3097.481685788753
413.0,0.007626545,3137.085873992708
413.1,0.02670998,2494.7477320878
413.2,0.010631881,3369.216507691397
413.3,0.007760161,4271.408132239152
413.4,0.017479397,3243.2915444842574
413.5,0.021949017,2455.282415816496
413.6,0.010684489,1564.0100623853923
413.7,1.31693e-05,7545.211457599508
413.8,1.2694115e-05,9282.000693160824
413.9,0.034564085,2615.8997575084964
414.0,0.041349117,3164.5105705190063
414.1,0.0059336973,3615.1532040961474
414.2,3.6773585e-05,7750.413001652147
414.3,4.842196e-14,10959.91135721815
414.4,0.0,0.0
414.5,7.680333e-05,5020.154396592925
414.6,0.016353903,3357.315016694093
414.7,0.031688947,3065.7048913174526
414.8,0.024552481,3353.5098330479523
414.9,0.020863697,3322.969083971672
415.0,0.06002599,2114.067101781003
415.1,0.03233709,2936.026579667291
415.2,0.0010160161,5947.031415905721
415.3,0.0018104159,4342.746124140308
415.4,0.017317336,3338.603605859922
415.5,3.924984e-05,7178.670726958503
415.6,7.0733886e-06,9952.951491888962
415.7,0.004618961,2954.7186583652233
415.8,0.029379444,2917.377869149174
415.9,0.012169659,3641.316293637407
416.0,0.00027944252,5228.317285336403
416.1,0.029497571,2192.7321108754163
416.2,0.03792315,1853.5808879020944
416.3,0.0016174992,3826.0864346613475
416.4,0.015360503,6346.642576398047
416.5,0.06315348,1866.1658572065433
416.6,0.009293222,3793.8290639957577
416.7,0.030017069,1109.9030425769838
416.8,0.028710693,2171.598784657451
416.9,0.0010957323,2958.4724235696517
417.0,0.007746251,3241.8530538217983
417.1,0.018582933,2920.6675646130257
417.2,0.021669561,3175.1923170768755
417.3,0.025062459,3014.530040829207
417.4,0.016399652,3180.738948702154
417.5,0.02100098,2743.7867675507027
417.6,0.046463918,2716.7989914580276
417.7,0.02489431,2503.9587738156556
417.8,7.286523e-05,5920.901696303323
417.9,4.277491e-06,10028.110619522788
418.0,0.00035247274,3049.311821594234
418.1,0.012002401,2383.488957540025
418.2,0.016851742,3424.6169523928875
418.3,0.031737655,2993.472280157127
418.4,0.011740026,2583.0153421607597
418.5,0.00075430743,2848.6254085524424
418.6,0.008275239,3711.1420519584167
418.7,0.008187259,3452.813818319685
418.8,0.005332194,3216.3314830693525
418.9,0.0030043924,2975.080203337816
419.0,0.00068010605,2513.4095902618483
419.1,0.00010350518,3764.4541202705013
419.2,6.9238617e-06,9261.246683665187
419.3,0.020649131,5148.985513508365
419.4,0.05589256,2518.779182716416
419.5,0.058080837,2791.723370570703
419.6,0.00833708,3783.7682023670595
419.7,0.022799466,2551.9197725363438
419.8,0.042047564,2400.1585423728375
419.9,0.06311575,2846.685207230369
420.0,0.036854703,2799.400200037542
420.1,0.005644856,6102.494649195365
420.2,0.001139703,4742.662969451777
420.3,0.04104473,2447.128084605232
420.4,0.038486317,2010.1261828098313
420.5,0.034724947,2188.1155817443077
420.6,0.027443377,1710.5110093721903
420.7,0.023062786,2839.91066707779
420.8,0.020243786,1272.3350984562894
420.9,0.024618596,3213.026885263313
421.0,0.008830757,4397.735107878121
421.1,0.024915105,1453.7090914814369
421.2,0.027599087,2309.2512026333734
421.3,0.041970324,1927.6037051944877
421.4,0.034669824,939.8157440457953
421.5,0.04254218,2159.3228535047397
421.6,0.025994012,3020.8446161727775
421.7,0.009051922,4358.681658228468
421.8,0.00014965945,7438.993080300666
421.9,0.04144916,2688.704637939729
422.0,0.06139549,1655.480480144216
422.1,0.053330317,2090.6653960803624
422.2,0.044065405,1714.8084545782376
422.3,0.06858939,1599.3210470481804
422.4,0.00010570618,6955.432023921088
422.5,0.068487465,2301.487798456359
422.6,0.0980709,2286.049604695546
422.7,0.06276042,1308.4350180220508
422.8,0.03342348,2738.035586070285
422.9,0.02081193,1464.7089140034748
423.0,0.044908114,3731.5489728432312
423.1,0.008747729,3147.874922921114
423.2,0.021862881,2322.8741184179626
423.3,0.0076123504,4901.955413429233
423.4,0.009582057,4124.527951232194
423.5,0.0033306926,3945.4546476505307
423.6,0.0063721333,6647.829453844265
423.7,0.0066342405,4918.029978867913
423.8,0.0006796549,8125.044040280168
423.9,0.024822067,5864.064478758594
424.0,0.029831948,2512.433612908647
424.1,0.01921505,2225.5847382183883
424.2,0.02711691,2922.5529309937137
424.3,0.049466874,3055.1478949480315
424.4,0.013779071,2829.562427803515
424.5,0.053275995,2261.6399535783003
424.6,0.00037632644,4335.871946889303
424.7,0.074106514,1339.3850446573736
424.8,0.046800695,1819.6599472495645
424.9,0.0052278074,3408.046654960112
425.0,0.010297013,2845.4511312969685
425.1,0.0062650414,7917.88374983518
425.2,0.012606097,6805.397899927183
425.3,0.02854315,2322.494633248362
425.4,0.01755132,2155.155585806117
425.5,0.025361458,2695.9199814347803
425.6,0.050337758,3061.555960052308
425.7,0.025295865,3263.978745698098
425.8,0.0083487965,2666.428720264227
425.9,0.028740805,2396.957167302474
426.0,0.022128634,7361.307053444599
426.1,0.03429859,2709.5151106461244
426.2,0.033431314,2340.807359025642
426.3,0.043325957,1653.362259732271
426.4,0.017325507,2988.5313869391684
426.5,0.015437189,3038.192200455009
426.6,0.006466379,4457.973720241124
426.7,0.027621144,2377.680059472213
426.8,0.026295172,2373.7011402625562
426.9,0.0030947167,5205.972881621762
427.0,0.009080399,5634.863536878418
427.1,0.052193645,2003.8328103719657
427.2,0.0076171323,3498.1315845872996
427.3,0.020681458,1315.8933779791564
427.4,0.058953438,2790.8819224931704
427.5,0.007821019,3333.7110371556223
427.6,0.018756634,3543.5871908859426
427.7,0.016970966,5205.3351241030305
427.8,0.027504656,3527.9993065413755
427.9,0.018276043,5921.180686442795
428.0,0.06695743,1642.5855235341933
428.1,0.043113455,858.1228040388798
428.2,0.05099102,4189.598553973856
428.3,0.031235505,3040.923297114704
428.4,0.019668235,6562.248334664219
428.5,0.005222171,4743.7145139560325
428.6,0.006474517,3147.717319040294
428.7,0.0048807845,3017.154901621623
428.8,0.00065105053,3536.235967063928
428.9,0.055635113,2220.359433009036
429.0,0.01735937,3326.7546760736086
429.1,0.016093004,3786.6282795069296
429.2,0.022539383,6580.088894662298
429.3,0.031193562,3219.1179329037673
429.4,0.027658204,2261.158688304417
429.5,0.007145134,4785.729199934209
429.6,0.02800777,2187.7298163162973
429.7,0.012794142,5816.904129393689
429.8,0.0018242119,3796.5685995293516
429.9,0.018239986,2800.501999724758
430.0,0.007214555,5307.159532541416
430.1,0.0308245,2715.7739814443994
430.2,0.02774104,2638.4886482849447
430.3,0.008372366,3472.522270062685
430.4,0.010746134,2867.8196285223157
430.5,0.038924478,2800.4753741275613
430.6,0.03644784,2692.69436476439
430.7,0.0005912619,4425.761884782321
430.8,0.011570726,6113.749137506291
430.9,0.014359016,3286.5844307256093
431.0,0.00029211777,4129.38481343997
431.1,0.030332755,2695.685111312121
431.2,0.036316328,2578.1086064336514
431.3,0.0016111552,4446.234838118557
431.4,0.03352558,2270.9171380590387
431.5,0.04605742,2558.6270572600915
431.6,0.04365735,2257.5163814444927
431.7,0.030363485,1628.5598859302495
431.8,0.040179636,2640.80981536022
431.9,0.036997847,1674.0024826388826
432.0,0.0301289,2000.4461057345682
432.1,0.009692446,1350.1936200470955
432.2,0.03813803,2010.8555686189675
432.3,0.0055022496,1285.5366853955193
432.4,0.0645953,2471.38387988765
432.5,0.02439508,1534.7167145666276
432.6,0.013697225,2313.3895451139792
432.7,0.020967675,1902.4757445741225
432.8,0.014734891,1196.6223763990467
432.9,0.00031146637,4081.217773660993
433.0,0.028525516,1490.4925246870985
433.1,0.065854445,1777.1130530893581
433.2,0.10693217,1217.7839990488578
433.3,0.10329315,2385.3610102746807
433.4,0.042450104,2597.6022641537606
433.5,0.028041115,1460.72863789219
433.6,0.0160838,1562.5519370342788
433.7,0.035993263,1687.1490197772728
433.8,0.030271674,1510.0352224166913
433.9,0.042806912,2076.155987685929
434.0,0.00014182404,6152.112889850941
434.1,0.028892767,3275.433265753734
434.2,0.015152521,4559.696606075966
434.3,0.01959939,3940.3709251562714
434.4,0.036117014,3065.846893784181
434.5,0.013658202,1608.1946047566132
434.6,0.038594767,2096.1848576855427
434.7,0.0023795092,3803.2741197104806
434.8,1.1065624e-05,9474.874461465673
434.9,0.031964004,3108.377051544806
435.0,0.026769523,2713.8247259918257
435.1,0.0014552096,1993.2397234576272
435.2,0.003515172,6841.109246047833
435.3,0.01820873,7795.326549954581
435.4,0.04786412,2562.156140953584
435.5,0.035952084,2352.615576076885
435.6,0.013071167,2368.2739208182566
435.7,0.0018526157,2731.0343828791406
435.8,0.09169801,1568.5598820257255
435.9,0.10052397,2023.1524326162448
436.0,0.00018915876,4337.114401860411
436.1,0.016537227,4699.664694237274
436.2,0.059997097,2558.7511580743358
436.3,0.0483013,1697.8588961357295
436.4,0.08981713,2242.1280417768658
436.5,0.0015514742,6205.193660658712
436.6,7.079666e-06,9618.626229348478
436.7,0.00025923792,4307.9936781188535
436.8,0.041199174,2226.716559199888
436.9,0.041788384,2853.390203215342
437.0,0.0028181204,2283.663696600291
437.1,0.0022707821,1949.6774569569006
437.2,0.038302496,2608.493239189875
437.3,0.018702978,3248.318866454656
437.4,4.679712e-05,6704.748925197006
437.5,0.015256576,4127.920327676113
437.6,0.04090064,2835.3125114708077
437.7,0.012984941,2593.268585778909
437.8,0.00011025524,6406.7048742149345
437.9,0.06796536,1278.8293044385646
438.0,0.13080692,2047.2276473919137
438.1,0.00015139622,5530.049533831074
438.2,0.013714439,5572.745634840376
438.3,0.08270438,2489.133148993913
438.4,0.028412709,2767.345301337881
438.5,0.00034131404,4498.017573179833
438.6,0.05634576,3119.753398101697
438.7,0.058205854,3310.2733624437506
438.8,0.010159088,6406.735025887862
438.9,0.06460852,2463.1589014146916
439.0,0.047264997,1716.4091481123016
439.1,0.046484765,2347.5559446449915
439.2,0.02971809,2548.8642071394192
439.3,0.008520262,3760.180110945984
439.4,0.033548065,2618.861553600283
439.5,0.04790799,2258.2954917253637
439.6,0.07563061,2683.153640688954
439.7,0.00144425,3575.143789499103
439.8,0.03555691,3021.255257668588
439.9,0.034190986,3548.517645193291
440.0,0.024654234,4943.291706647373
440.1,0.046654064,1269.7732780381384
440.2,0.06349416,1716.8155012184945
440.3,0.0022679365,3602.9954590129455
440.4,0.03991927,2446.234453284179
440.5,0.06532372,2541.184773882705
440.6,0.080644205,3099.2727025661757
440.7,0.08501255,2862.0177566438
440.8,0.071148254,1895.7825562573612
440.9,0.05180212,2536.7290009931226
441.0,0.010841004,3434.6718744460377
441.1,0.062445246,2244.624131761887
441.2,0.09337207,2627.340600491726
441.3,0.05126105,3134.5625751527105
441.4,0.022080343,4255.404373350674
441.5,0.020820348,4886.250986020394
441.6,0.051787153,3022.720322221429
441.7,0.010021165,3044.7978348644956
441.8,0.00018413682,3176.21316306675
441.9,3.263034e-05,7029.780511524709
442.0,0.0,0.0
442.1,2.0776229e-06,9089.87838694779
442.2,0.023591895,6676.9505849243615
442.3,0.05374441,2886.776694381875
442.4,0.003885177,5841.6965747955155
442.5,0.00018234787,6980.997229821456
442.6,0.03259149,6456.611315623502
442.7,0.06629831,1944.2197444939648
442.8,0.08596261,2010.6956495292688
442.9,0.02232562,3267.298428246715
443.0,0.0738064,2686.039566629777
443.1,0.11520066,2837.516275126723
443.2,0.052610822,2788.2634768146822
443.3,0.007738818,2223.0859896657603
443.4,2.2995828e-06,9850.292533348795
443.5,0.033031218,3723.9586712886726
443.6,0.042000104,2794.889406817949
443.7,0.031775836,3262.0289148853285
443.8,0.02975984,3351.1726773393457
443.9,0.05836888,2050.9059761816516
444.0,0.067342505,2361.4509424819016
444.1,0.027817661,2575.3027699792337
444.2,6.743044e-05,6632.08653409079
444.3,0.014494521,7386.412473514377
444.4,0.00086482964,5307.065896670354
444.5,0.102022424,2705.3623313782396
444.6,0.12884745,2475.565984031238
444.7,0.064901344,2700.0607138390174
444.8,0.0013029854,3113.715633667199
444.9,0.05202337,2799.089902620603
445.0,0.056068636,2510.8237878494683
445.1,0.00034240223,6128.893077828248
445.2,0.0907637,2603.169341725093
445.3,0.0381595,2418.0457412670585
445.4,0.025891675,2563.3041521645855
445.5,0.043640707,1416.0624233582835
445.6,0.11024593,1410.6075345034328
445.7,0.003057754,1976.0039437188107
445.8,0.062013578,2162.662205079365
445.9,0.0030546514,2339.696681471728
446.0,0.067688696,3278.6640346965632
446.1,0.08738159,2543.6467397920246
446.2,0.089762494,1582.071121595128
446.3,0.1051225,2104.3120232562665
446.4,0.104720905,2139.023600725454
446.5,0.163273,2213.9624371634745
446.6,0.0019994054,2019.3090162940769
446.7,0.012516449,3704.591261885622
446.8,0.041375957,2494.3040467969954
446.9,0.038092475,2434.899021830595
447.0,0.03519987,7504.728990908395
447.1,0.063025415,2681.383158346297
447.2,0.081351474,2197.143251196326
447.3,0.07667587,2567.572267922525
447.4,0.07357991,1820.8657439769604
447.5,0.086403206,1845.3221416827464
447.6,0.099067286,2579.44106604362
447.7,0.11317285,3021.1627178578287
447.8,0.045643933,3097.6587492166623
447.9,0.02240835,3957.0400938841467
448.0,0.07866526,2336.5045057738266
448.1,0.009175911,3010.7699285212916
448.2,0.10515692,2411.310146235265
448.3,0.067485295,2583.206449231488
448.4,0.04785864,2715.5633249415773
448.5,0.06545964,1572.6987857764013
448.6,0.018052785,7555.4383196061835
448.7,0.028915673,5206.058768924275
448.8,0.06463334,2150.236511988755
448.9,0.019494347,2780.0935932677803
449.0,0.06754177,2632.474950129932
449.1,0.1534,1800.5325133700862
449.2,0.098810375,2571.7852361654254
449.3,0.061094962,2407.3980473168826
449.4,0.08768273,2945.4249558589886
449.5,0.05149208,2009.9604410202523
449.6,0.06402779,2389.070553216868
449.7,0.06955165,2517.162998362208
449.8,0.07835077,2296.615971342532
449.9,0.1553551,1948.3341059907764
450.0,0.00097071443,3244.604897197478
450.1,0.1053649,2422.3892677231906
450.2,0.0249184,1305.8909906814843
450.3,0.050133582,1486.5676126074472
450.4,0.044135764,1111.4431047333294
450.5,0.060165185,1503.0324590851071
450.6,0.0002545524,5973.971020893239
450.7,0.061530963,2476.833060059952
450.8,0.016893988,3501.7543132838878
450.9,0.09996097,2427.003010501281
451.0,0.02425713,3514.0249850572336
451.1,0.03862321,2597.559312952439
451.2,0.012697447,4754.556785926095
451.3,0.05709782,3137.1560002138312
451.4,0.036284868,6593.287397163377
451.5,0.07725783,4144.0238612945395
451.6,0.005172857,4267.59673006019
451.7,0.054579493,3022.5249355607402
451.8,0.00019538739,4241.578656820637
451.9,0.04663262,2385.8525429200604
452.0,0.07052155,1640.838573360401
452.1,0.07057335,2228.8083861749783
452.2,0.026324933,2546.9246613650203
452.3,0.011444399,8138.310280402574
452.4,0.03697289,1859.6573082842463
452.5,0.044770222,2520.8014328761283
452.6,0.0024192187,2463.0891895805817
452.7,0.03857108,2618.490977360753
452.8,0.11982909,2358.1109375638434
452.9,0.03969599,2287.3257110690924
453.0,0.023536213,8012.787739562498
453.1,0.04929253,2129.3968466484016
453.2,0.07661944,2178.1049366819975
453.3,0.089792505,1843.1093231414088
453.4,0.02368705,3192.101606804523
453.5,0.0531372,2148.1024552443796
453.6,0.037907254,2401.3472903408997
453.7,0.04932876,2031.4520966667847
453.8,0.0041400217,3791.404212279187
453.9,0.010582856,6175.099872416
454.0,0.07399953,2090.5522754898607
454.1,0.090116955,1795.606854325525
454.2,0.14700106,2541.7130295201523
454.3,0.09646278,3293.4827549453753
454.4,0.039384067,3179.2550514977693
454.5,0.014050421,2035.164636722008
454.6,0.016376782,2653.1865894980133
454.7,0.019837348,2835.762265907321
454.8,0.038701408,2111.232271355707
454.9,0.02697879,3508.3879586109924
455.0,0.051910236,2220.4190324595356
455.1,0.002683849,2317.8379592659016
455.2,0.13570893,2137.0469916308966
455.3,0.090577744,2412.4597401897104
455.4,0.012328253,3220.5651487073096
455.5,0.007914331,4454.772062803762
455.6,0.02054017,2680.551984463556
455.7,0.023316754,2916.216495850072
455.8,0.021724924,7909.473084592113
455.9,0.06901013,3820.4079738622263
456.0,0.07569549,3189.028742736553
456.1,0.11117038,1598.2714288403495
456.2,0.006975885,2692.293408534915
456.3,0.111140735,2378.1269182356086
456.4,0.077040814,2584.9144194485057
456.5,0.082750656,2783.656998662414
456.6,0.075636484,2515.220345039644
456.7,0.050626844,2402.523937614471
456.8,0.011503694,8259.521398729483
456.9,0.054579254,3015.899258929765
457.0,0.04462621,2230.2939980510437
457.1,0.048967607,1895.2611507183942
457.2,0.03568994,2625.827903095459
457.3,0.058181074,2734.9537170309723
457.4,0.013150881,3621.7501204264036
457.5,0.02103409,1934.850582324735
457.6,0.03996025,2324.3848976331083
457.7,0.052123617,1925.1907565712827
457.8,0.043835238,1761.6801337988393
457.9,0.0029437575,3075.527462993497
458.0,0.09162562,1747.3411401188891
458.1,0.07344222,2413.348441783953
458.2,0.070299245,2713.80529529112
458.3,0.077199355,1690.8432101217375
458.4,0.08969316,982.2423756554437
458.5,0.15266791,2185.497300618071
458.6,0.08495614,2846.1090996818552
458.7,0.032898445,2818.4308968390856
458.8,0.01887546,6742.327743713243
458.9,0.009904475,5974.683765626555
459.0,0.020270756,2329.698177468984
459.1,0.013406933,1884.6901049417133
459.2,0.010324219,2474.080108490954
459.3,0.010623083,2825.3041461546154
459.4,0.08140317,2461.767623696115
459.5,0.033536185,2189.8420431115437
459.6,0.06547681,1798.6403685009125
459.7,0.108743384,1998.8282366739945
459.8,0.08152477,2090.5559073030754
459.9,0.017542252,8124.125067433428
460.0,0.092438035,2510.6445359791123
460.1,0.032643232,3158.6543007238197
460.2,0.07369659,2600.7108089639246
460.3,0.03431339,2014.542499548353
460.4,0.026792029,1317.2361138869458
460.5,0.05901942,2619.7886036245154
460.6,0.082181744,3692.671928601145
460.7,0.09188312,1924.3230985043176
460.8,0.011978131,6292.119821668028
460.9,0.1944725,1993.5187468645531
461.0,0.14507352,1966.1552369427131
461.1,0.08054578,2126.9590841638474
461.2,0.08930384,2193.7767566275365
461.3,0.05540759,2091.8236253569044
461.4,0.057746883,2165.5292937779823
461.5,0.04837178,1699.2480476109404
461.6,0.06666232,2865.4038974119776
461.7,0.04434849,3065.0693751120543
461.8,0.028521294,3886.156952914084
461.9,0.0798808,2719.2306152064934
462.0,0.0023034282,3574.864420261735
462.1,0.07465659,2553.373963276173
462.2,0.033787943,1525.0641448445353
462.3,0.03663866,1947.9916636039707
462.4,0.03717584,3088.185019500658
462.5,0.03474012,2580.6857853766055
462.6,0.032564234,2095.9397859995224
462.7,0.06991172,2110.205075563272
462.8,0.086244136,2348.887212703552
462.9,0.014663301,4649.940977449512
463.0,0.07792675,1878.1219524339774
463.1,0.07138283,2528.035441206301
463.2,0.08573357,2840.827278216527
463.3,0.087475546,2546.938050737665
463.4,0.1451937,2758.723313725458
463.5,0.048767626,3304.689246334242
463.6,0.00057773397,3900.060197474733
463.7,0.0,0.0
463.8,0.0,0.0
463.9,5.967809e-05,6505.419102966491
464.0,0.020902783,3580.1831017666022
464.1,0.010525872,2917.6767989152067
464.2,0.01676505,3247.3452659349555
464.3,0.014656518,3823.577075512009
464.4,0.0116191385,4042.821038070013
464.5,0.012086829,3833.9557580443175
464.6,0.06560844,2813.148997843108
464.7,0.014153418,3424.332778030615
464.8,0.008098646,2837.9010257085606
464.9,0.0014740755,2835.042482567208
465.0,0.014356585,3973.723587657947
465.1,0.01845558,3873.0553037299314
465.2,0.018394385,3765.6106352348174
465.3,0.014099426,3844.0944014754427
465.4,0.011169559,3466.872222468825
465.5,0.0040308814,3089.147277928066
465.6,0.00069912424,2462.54976829353
465.7,1.4940356e-05,8760.484830640165
465.8,0.002204965,5675.550486438475
465.9,0.023739554,1311.5167214111373
466.0,0.051834516,1211.5799655084475
466.1,0.04635961,1282.8197241406933
466.2,0.0002557285,5238.415311012323
466.3,0.029849961,4144.184010271829
466.4,0.07585081,2468.120402244983
466.5,0.08826002,2348.900623848555
466.6,0.031964563,1918.2450398292685
466.7,0.03194666,3197.255809568258
466.8,0.039588492,3183.0847126832505
466.9,0.05351653,3105.4940284016407
467.0,0.02979706,3544.1161261855477
467.1,0.019017117,3473.959024682257
467.2,0.008383329,3224.8613441192215
467.3,0.0006225205,2241.1791095324334
467.4,0.0,0.0
467.5,0.0,0.0
467.6,0.0,0.0
467.7,0.0,0.0
467.8,8.6364735e-06,9566.634936604909
467.9,0.028272958,3182.578309386123
468.0,0.020564297,2860.362340080973
468.1,0.024285916,7651.219718261495
468.2,0.008142379,5239.323212577319
468.3,0.028025141,1592.2746327917152
468.4,0.031943936,1882.8819630056923
468.5,0.042292185,1075.226699705122
468.6,0.043152023,1356.9218163382627
468.7,0.052674603,1464.6231484339135
468.8,0.04692772,1125.0436470319805
468.9,0.060939666,1142.338834812231
469.0,0.051037394,1151.1062982855308
469.1,0.011330775,3428.603096948844
469.2,0.043944698,1297.8064153652892
469.3,0.019297019,7354.6021600275435
469.4,0.0018967993,6357.021990096867
469.5,0.049528148,2349.090348570441
469.6,0.04701204,1978.7664779590168
469.7,0.026163878,1439.1681224168046
469.8,0.047915034,2862.5389276236165
469.9,0.049651213,2890.8815788209527
470.0,0.042172547,3032.136272656123
470.1,0.022463817,3140.632834819148
470.2,0.0009969267,2587.4382656631456
470.3,1.1789543e-08,5867.450001595699
470.4,0.0,0.0
470.5,0.0,0.0
470.6,2.84927e-06,9588.337870258147
470.7,0.0044845203,2521.5477315006306
470.8,0.010468134,2105.47137513718
470.9,0.05447369,1949.6248984749946
471.0,0.025428468,1880.674794209828
471.1,0.008104856,3310.6231502973715
471.2,0.042741187,1636.4093280926277
471.3,0.039177317,2564.8674496120207
471.4,0.037703432,2188.2177121567324
471.5,0.0011209025,3147.191987624172
471.6,0.037175614,1849.6468220539205
471.7,0.042990863,1984.715382114155
471.8,0.007577657,4133.19581128794
471.9,0.05559743,2527.7100310223873
472.0,0.012428382,7463.259250054945
472.1,0.033693254,2425.4458547603726
472.2,0.029725948,1845.1400033900986
472.3,0.004855715,1634.92766405714
472.4,0.0141270645,3021.297490378105
472.5,0.023954457,2990.576087728929
472.6,0.03651509,2832.547180992679
472.7,0.02421366,3144.878334135242
472.8,0.0035537651,2490.5023139730333
472.9,3.003663e-05,7523.97294187003
473.0,1.0643462e-11,10673.280415995068
473.1,0.0,0.0
473.2,0.0,0.0
473.3,0.0,0.0
473.4,0.0,0.0
473.5,0.0,0.0
473.6,0.0,0.0
473.7,2.0995526e-06,10227.193569175826
473.8,0.0037493622,7117.348287966024
473.9,0.027203657,7247.750324005637
474.0,0.03459552,3034.1212222727554
474.1,0.032669753,2171.59081529001
474.2,0.031116426,1689.0555525655077
474.3,0.008286891,7548.158933243815
474.4,0.03130003,2501.4492536902976
474.5,0.0034152737,2778.293689067411
474.6,0.025088225,1611.9965199888136
474.7,0.014035031,3216.8561144610785
474.8,0.03573741,1209.7249795363673
474.9,0.073175676,1816.1313793144898
475.0,0.07688377,1820.0288225363308
475.1,0.045374803,1201.4797176961797
475.2,0.05727333,1793.0702787797497
475.3,0.040263288,2504.7260980369947
475.4,0.011769356,1621.528810932963
475.5,0.02474404,3026.274318874332
475.6,0.03900828,2897.1986495280844
475.7,0.032197554,3231.38299464825
475.8,0.017454846,3221.832421830857
475.9,0.0025397514,2664.58760712338
476.0,0.00013350103,3439.637042137768
476.1,5.2240766e-06,9973.434261134831
476.2,1.7026525e-06,10394.870102457413
476.3,0.0,0.0
476.4,0.0,0.0
476.5,0.0,0.0
476.6,0.0,0.0
476.7,2.2082586e-11,10070.232989820026
476.8,0.0034842787,6772.17909925863
476.9,0.024630638,2276.3642832600617
477.0,0.024607692,1705.4913278923211
477.1,0.023185046,2262.446005163366
477.2,0.0024735415,3295.1274993477095
477.3,0.057175152,2222.3158943346816
477.4,0.060041517,2217.1027072504776
477.5,0.03301841,1719.1708086519573
477.6,0.011808879,1944.6321690278196
477.7,0.0194236,2257.018306883901
477.8,0.013256351,3124.7436232501204
477.9,0.01779121,1771.0676321927713
478.0,0.036756344,1992.2446214442389
478.1,0.018858174,2025.1359565691346
478.2,0.03859135,2154.0674620999516
478.3,0.031752255,1862.8216737526718
478.4,0.03864716,2304.6019621613223
478.5,0.02146744,3124.8230961649083
478.6,0.008245072,1878.9605072540448
478.7,0.034109276,2989.8632495738284
478.8,0.039708305,3040.83219239527
478.9,0.02161815,3365.5226644679306
479.0,0.005841513,3226.0685050814627
479.1,0.0006130755,2392.524898585058
479.2,1.1095727e-06,10425.703422825944
479.3,0.0,0.0
479.4,0.0,0.0
479.5,0.0,0.0
479.6,0.0,0.0
479.7,0.0,0.0
479.8,0.0,0.0
479.9,0.0,0.0
480.0,0.0,0.0
480.1,0.0,0.0
480.2,0.0,0.0
480.3,0.0,0.0
480.4,8.507075e-06,8587.286840302382
480.5,0.028214449,5966.752775821862
480.6,0.04048685,2245.2030245980964
480.7,0.000102517115,6374.093753315454
480.8,0.027737567,4920.165905761717
480.9,0.044055503,1678.4023348994688
481.0,0.008608796,1746.6777748048341
481.1,0.030833563,1668.614093647531
481.2,0.008817826,4074.4662003333065
481.3,0.022319734,1481.163103579697
481.4,0.039672118,1684.3094570649719
481.5,0.0277767,2264.897732760777
481.6,0.017133826,2308.9160951209196
481.7,0.02877916,2250.6535294370497
481.8,0.022113467,2497.2052760850397
481.9,0.0074243327,1536.774959173573
482.0,0.020842427,2810.9731872500533
482.1,0.030596517,2754.1057240448845
482.2,0.034300677,2828.9866336956484
482.3,0.017619804,3208.324171887168
482.4,0.0048760595,2379.721814138471
482.5,0.00016190595,3837.2142587569615
482.6,8.016368e-06,9766.393707395531
482.7,5.3629673e-08,10104.885184045197
482.8,0.0,0.0
482.9,0.0,0.0
483.0,0.0,0.0
483.1,0.0,0.0
483.2,0.0,0.0
483.3,0.0,0.0
483.4,0.0,0.0
483.5,0.0,0.0
483.6,0.0,0.0
483.7,0.0,0.0
483.8,0.0,0.0
483.9,0.0,0.0
484.0,0.0,0.0
484.1,0.0,0.0
484.2,0.0,0.0
484.3,0.0,0.0
484.4,0.0,0.0
484.5,0.0,0.0
484.6,0.0,0.0
484.7,0.0,0.0
484.8,0.0,0.0
484.9,0.0,0.0
485.0,0.0,0.0
485.1,0.0,0.0
485.2,0.0,0.0
485.3,0.0,0.0
485.4,0.0,0.0
485.5,0.0,0.0
485.6,0.0,0.0
485.7,0.0,0.0
485.8,0.0,0.0
485.9,0.0,0.0
486.0,0.0,0.0
486.1,0.0,0.0
486.2,0.0,0.0
486.3,0.0,0.0
486.4,0.0,0.0
486.5,0.0,0.0
486.6,0.0,0.0
486.7,0.0,0.0
486.8,0.0,0.0
486.9,0.0,0.0
487.0,0.0,0.0
487.1,0.0,0.0
487.2,0.0,0.0
487.3,0.0,0.0
487.4,0.0,0.0
487.5,0.0,0.0
487.6,0.0,0.0
487.7,0.0,0.0
487.8,0.0,0.0
487.9,0.0,0.0
488.0,0.0,0.0
488.1,0.0,0.0
488.2,0.0,0.0
488.3,0.0,0.0
488.4,0.0,0.0
488.5,0.0,0.0
488.6,0.0,0.0
488.7,0.0,0.0
488.8,0.0,0.0
488.9,0.0,0.0
489.0,0.0,0.0
489.1,0.0,0.0
489.2,0.0,0.0
489.3,0.0,0.0
489.4,0.0,0.0
489.5,0.0,0.0
489.6,0.0,0.0
489.7,6.3849284e-06,9765.21091838762
489.8,0.0018287352,1483.4400655224642
489.9,0.09444229,1934.186036233754
490.0,0.042827494,1511.2546915626472
490.1,0.057249606,1815.0420483137336
490.2,0.066468515,2241.741017563899
490.3,0.02477411,2178.952193756249
490.4,0.008427074,1354.4072097057199
490.5,0.057161685,1696.0985444999485
490.6,0.023490263,1748.2370711705594
490.7,0.020698652,2103.6688735458865
490.8,0.05082298,2184.727721884189
490.9,0.029480675,2462.6841309320243
491.0,0.0010999767,3456.230016624552
491.1,0.01712556,4510.902901809001
491.2,0.022024618,2388.998337275891
491.3,1.9452016e-05,8552.403792337744
491.4,0.013573757,5558.481183549525
491.5,0.038519006,1807.7853453192763
491.6,0.02097491,1308.1448883979244
491.7,0.038269766,2085.3892295589603
491.8,0.020055337,2839.9604993737526
491.9,0.017508574,7402.571331287649
492.0,0.01987991,2504.2085092626207
492.1,0.024574852,1877.6655241053227
492.2,0.014545557,5034.844552680334
492.3,0.012807671,5995.554885839106
492.4,0.023613404,3540.3012745543633
492.5,0.013019694,5639.838365532983
492.6,0.033615123,2055.508456255766
492.7,0.011056999,5679.742296655522
492.8,0.021566104,2929.5814338271884
492.9,0.039581496,2471.8711130885013
493.0,0.00019436197,4514.053820291366
493.1,0.022603652,2562.349236476397
493.2,0.011020669,2975.7198893488403
493.3,0.00015303938,7081.069780903248
493.4,0.010485633,4662.777516262573
493.5,0.008213582,2706.808193259498
493.6,4.35605e-05,6828.581854145351
493.7,0.0,0.0
493.8,0.0,0.0
493.9,8.314771e-07,9366.032470810751
494.0,0.032845758,1902.5868883145922
494.1,0.071808405,1577.4734243251044
494.2,0.071696915,2036.6553297407359
494.3,0.06715478,1855.1307292079941
494.4,0.039986048,1049.8633835070355
494.5,0.03925186,2402.512682640394
494.6,0.011849624,2516.004523224046
494.7,0.04957509,2119.3057290518027
494.8,0.054574013,2197.375574766597
494.9,0.021288922,2513.4347272767677
495.0,0.021969536,1952.2630320997027
495.1,0.032812875,2216.7330708876357
495.2,0.011319614,2230.7607639967814
495.3,0.016737394,3365.7750177636726
495.4,0.02403339,3627.6898174845255
495.5,0.045147527,1910.6589880069016
495.6,0.03523585,2219.946156044147
495.7,0.022261243,2556.2162490000615
495.8,0.016734619,2501.3126047076494
495.9,0.008970004,2645.7258684054486
496.0,0.0033798807,2207.830552891441
496.1,6.592399e-05,5061.531761013266
496.2,2.102249e-12,10491.677811538917
496.3,0.0,0.0
496.4,0.0,0.0
496.5,7.16466e-05,6179.864546524179
496.6,0.026922438,1192.476908109312
496.7,0.0063874186,2654.366827418688
496.8,0.08644339,1322.625349370284
496.9,0.1057357,1576.5352219629963
497.0,0.004934585,4413.299682575989
497.1,0.033054013,2287.5814841733204
497.2,0.01274517,3966.787344979428
497.3,0.028105296,1689.144285227378
497.4,0.055932384,1360.288572126715
497.5,0.00989533,3396.5046733587324
497.6,0.019828482,1415.442713448736
497.7,0.05345808,2231.2233398944454
497.8,0.01204084,6934.004784155627
497.9,0.008231444,5918.516193275258
498.0,0.00786893,1421.7848697105705
498.1,0.017264927,2379.9818391219596
498.2,0.014723697,2852.1529784550435
498.3,0.006999868,3210.21760938883
498.4,0.00070913084,2464.73547021785
498.5,1.8334107e-11,9925.257468868635
498.6,0.0,0.0
498.7,0.00010000298,6378.1023849071935
498.8,0.023080213,1689.9399268632756
498.9,0.022200089,2523.6013306598443
499.0,0.055563778,1759.953220219745
499.1,0.04986239,1986.713435545199
499.2,0.005384406,4126.239223114075
499.3,0.030434357,1839.667082510386
499.4,0.026271738,2926.2804855891864
499.5,0.03866209,2199.3837821476336
499.6,0.017663743,2768.577986096219
499.7,0.019771297,2884.010989110347
499.8,0.029319784,2275.601817546048
499.9,0.025073055,1595.6221773508196
500.0,0.014903794,2627.58808571294
500.1,0.014595368,1168.4929387280586
500.2,0.0067845816,3121.826987345928
500.3,0.01411208,2367.0238180929996
500.4,0.014765051,3680.873959767465
500.5,0.022430602,2572.2833712829524
500.6,0.01228142,2905.470159777698
500.7,0.003046156,3999.5651099753463
500.8,0.01196017,2628.835551803721
500.9,0.008075161,3266.137327317442
501.0,0.0016630829,5970.491744965654
501.1,0.00068924186,4429.21059206614
501.2,0.0048747095,3087.069019171637
501.3,0.0014984465,4041.4796355793746
501.4,1.1730753e-05,9407.991753765486
501.5,0.0,0.0
501.6,0.0,0.0
501.7,0.000115388415,4925.351778628412
501.8,0.017102899,2404.6096073903636
501.9,0.056952305,1478.4239807552626
502.0,0.07780932,1560.3342539308023
502.1,0.0070044915,2932.84362310731
502.2,0.020042833,2023.919391876693
502.3,0.0125572365,1924.543227648875
502.4,0.07694454,1669.9006095512595
502.5,0.046949342,2184.841424105704
502.6,0.029967004,1246.8628736118087
502.7,0.016324302,1847.229517113136
502.8,7.4310636e-05,7094.546206618617
502.9,0.018292801,2153.7890551712494
503.0,0.028615216,1933.8382387613658
503.1,0.0002366343,7644.052548597529
503.2,0.008095606,2902.4169269346676
503.3,0.00022218868,5989.3731600411265
503.4,0.015258744,3297.4234905943613
503.5,0.004509699,3530.263020115567
503.6,1.630972e-05,8626.021453697507
503.7,0.0067596934,4640.430929610568
503.8,0.0063592927,2855.164374099749
503.9,0.003487066,2534.8462634757816
504.0,0.00034859692,2039.006945837948
504.1,6.241767e-05,4367.620369846864
504.2,5.3833824e-06,8843.278886419619
504.3,0.0,0.0
504.4,0.0,0.0
504.5,0.0,0.0
504.6,0.0,0.0
504.7,0.0,0.0
504.8,0.0,0.0
504.9,0.0,0.0
505.0,0.0,0.0
505.1,0.0,0.0
505.2,0.0,0.0
505.3,0.0,0.0
505.4,0.0,0.0
505.5,0.0,0.0
505.6,0.0,0.0
505.7,0.0,0.0
505.8,0.0,0.0
505.9,0.0,0.0
506.0,0.0,0.0
506.1,0.0,0.0
506.2,0.0,0.0
506.3,0.0,0.0
506.4,0.0,0.0
506.5,0.0,0.0
506.6,0.0,0.0
506.7,0.0,0.0
506.8,0.0,0.0
506.9,0.0,0.0
507.0,0.0,0.0
507.1,0.0,0.0
507.2,0.0,0.0
507.3,0.0,0.0
507.4,0.0,0.0
507.5,0.0,0.0
507.6,0.0,0.0
507.7,0.0,0.0
507.8,0.0,0.0
507.9,0.0,0.0
508.0,0.0,0.0
508.1,0.0,0.0
508.2,0.0,0.0
508.3,0.0,0.0
508.4,0.0,0.0
508.5,0.0,0.0
508.6,0.0,0.0
508.7,0.0,0.0
508.8,0.0,0.0
508.9,0.0,0.0
509.0,0.0,0.0
509.1,0.0,0.0
509.2,0.0,0.0
509.3,0.0,0.0
509.4,0.0,0.0
