timestamp_sec,amplitude_rms,frequency_centroid_hz
0.0,0.0,0.0
0.1,0.0,0.0
0.2,0.0,0.0
0.3,0.0,0.0
0.4,0.0,0.0
0.5,0.0,0.0
0.6,0.0,0.0
0.7,0.0,0.0
0.8,0.0,0.0
0.9,0.0,0.0
1.0,6.835362354254415e-13,3373.3267276479132
1.1,0.014417984522879124,3300.804407192646
1.2,0.042926859110593796,3383.8868847785648
1.3,0.027403362095355988,2741.074633369873
1.4,0.05430888757109642,3798.955290698953
1.5,0.04312543570995331,4296.185601178861
1.6,0.04839061200618744,3921.90516183565
1.7,0.05183134973049164,3579.2856600991827
1.8,0.05646205320954323,2835.592626429468
1.9,0.0549207367002964,2879.1360160546137
2.0,0.04911022633314133,2955.44926511105
2.1,0.049623195081949234,3098.2055261590594
2.2,0.07081550359725952,2662.4652295960177
2.3,0.0494532436132431,2713.5229822492256
2.4,0.046231627464294434,2562.76189486337
2.5,0.04759524390101433,2224.814659648438
2.6,0.025049148127436638,2599.7532529599935
2.7,0.00286878296174109,2689.483639443395
2.8,0.0005247133085504174,3709.423272448935
2.9,0.0003753248311113566,4359.1268139871345
3.0,0.00012889633944723755,3441.257470327666
3.1,2.7328334908816032e-05,3481.8036658506453
3.2,0.0015846053138375282,1093.9586544714325
3.3,0.050151314586400986,2642.902577865339
3.4,0.04302051663398743,4478.366099770232
3.5,0.016475223004817963,7527.082048354268
3.6,0.0308141577988863,4647.8146152184545
3.7,0.004512025974690914,4598.2386693846565
3.8,0.02746845781803131,3974.0948980245003
3.9,0.033895350992679596,4571.881201538832
4.0,0.034581754356622696,4197.953654857261
4.1,0.030185319483280182,3446.0068483984833
4.2,0.01598929427564144,7298.1109747745
4.3,0.011394395492970943,3745.7462562495143
4.4,0.015961389988660812,3610.3839867349693
4.5,0.01766028441488743,3729.2773272973727
4.6,0.02294980175793171,3942.84369825196
4.7,0.051443371921777725,4745.63829594134
4.8,0.0999397486448288,3606.6313481260995
4.9,0.01960746757686138,3269.6553776682385
5.0,0.041429225355386734,4190.992227284623
5.1,0.022741161286830902,6922.666702830457
5.2,0.026646947488188744,3992.546343205714
5.3,0.02156432345509529,3637.758142856402
5.4,0.009022039361298084,3516.3239764446053
5.5,0.03129955381155014,2820.7146636832667
5.6,0.013604163192212582,7900.980651469633
5.7,0.012594304047524929,3646.6728180793257
5.8,0.04216315597295761,4409.941093437159
5.9,0.025041770190000534,4351.021822464521
6.0,0.03193439170718193,3668.297362519933
6.1,0.021666986867785454,6309.274090587257
6.2,0.05748229846358299,2614.241755138635
6.3,0.05333302542567253,2633.9057062686297
6.4,0.042407792061567307,2778.353613633649
6.5,0.03981322795152664,2472.9265042998186
6.6,0.021860675886273384,2769.0472900457844
6.7,0.010279535315930843,2819.127036760251
6.8,0.0027668506372720003,2922.1047179378834
6.9,0.00010026109521277249,2585.034905489463
7.0,0.011192555539309978,2071.7624113334014
7.1,0.032595451921224594,2337.8102227584927
7.2,0.029532315209507942,2418.2091701135714
7.3,0.02739567682147026,2817.1864103359744
7.4,0.026187516748905182,2289.9131882345046
7.5,0.03854294866323471,3669.106615864006
7.6,0.05625268816947937,4711.092921340551
7.7,0.05936048924922943,4148.84740491369
7.8,0.0550503134727478,3750.5425548467124
7.9,0.05278424173593521,3328.201874022739
8.0,0.04771500825881958,3822.107675219222
8.1,0.05266471952199936,3464.7281237559237
8.2,0.050252318382263184,3337.1514020297855
8.3,0.03205665573477745,3477.68544285926
8.4,0.026328861713409424,4235.512568086433
8.5,0.024203814566135406,4087.9373181366964
8.6,0.016726257279515266,4589.82020309144
8.7,0.022640014067292213,4482.910256204304
8.8,0.017365114763379097,5603.24199836939
8.9,0.02340400405228138,2860.6835795012335
9.0,0.026660684496164322,6738.628740127078
9.1,0.023571787402033806,2528.8235196554087
9.2,0.01914970576763153,5849.195320917703
9.3,0.004613934084773064,3221.1181356214806
9.4,0.03244988992810249,3893.9184068421487
9.5,0.005955101456493139,5409.1273522827605
9.6,0.02700779214501381,3020.2210714675075
9.7,0.01036946289241314,1857.8614562086873
9.8,0.015397355891764164,5622.2212285453115
9.9,0.017076976597309113,2470.635008829268
10.0,0.03517733886837959,5696.65042669375
10.1,0.018377307802438736,2759.385499712328
10.2,0.02621915191411972,5806.6194208617235
10.3,0.014147398062050343,2737.2753852359397
10.4,0.019140860065817833,5109.167724219978
10.5,0.0023591129574924707,2365.7942784366933
10.6,0.026516593992710114,6055.14632470151
10.7,0.0006334990612231195,5215.546638473465
10.8,0.008813980035483837,6110.277259102046
10.9,0.00021282612578943372,5531.758406270103
11.0,0.00014260897296480834,3864.280544503221
11.1,0.016597747802734375,1599.5385635625612
11.2,0.02662140130996704,1554.7881626955093
11.3,0.01660102978348732,1664.692528193227
11.4,0.021252363920211792,1699.964109440606
11.5,0.02501511760056019,1839.9093514292254
11.6,0.007884162478148937,7276.86973168737
11.7,0.03060482256114483,1716.8000774257437
11.8,0.022136863321065903,1278.519836183551
11.9,0.0340263769030571,1743.2763423735528
12.0,0.001614243257790804,3581.7067987777314
12.1,0.0008514403598383069,3031.505850409733
12.2,0.0027139217127114534,2353.926628254055
12.3,0.026223182678222656,1746.1899205447735
12.4,0.02399083785712719,2039.425514558939
12.5,0.02579406276345253,1592.4581412924908
12.6,0.033128611743450165,1697.5475444470535
12.7,0.03006877936422825,1856.436671494036
12.8,0.02322031557559967,1608.8130985604416
12.9,0.013083243742585182,1109.8931688313585
13.0,0.025296008214354515,1973.721401309478
13.1,0.006096020340919495,2600.3784517920294
13.2,0.01303567923605442,1560.4229784959734
13.3,0.007237919140607119,1943.569147019964
13.4,0.011206250637769699,1410.462466157156
13.5,0.020236510783433914,1706.7414525160602
13.6,0.013478786684572697,3917.3944982052626
13.7,0.021336698904633522,1773.0634634153107
13.8,0.005331495776772499,7193.503181378599
13.9,0.01459969487041235,2182.9897535359555
14.0,0.015141823329031467,2018.3710089679632
14.1,0.012876378372311592,1663.7638219964028
14.2,0.016789071261882782,1534.8345350250881
14.3,0.028180304914712906,1991.8290598749836
14.4,0.019485529512166977,1721.9962539892144
14.5,0.0027406392619013786,3960.675219839599
14.6,0.0019146355334669352,3743.431804595628
14.7,0.00016741934814490378,3197.8604584699606
14.8,0.0187587458640337,1393.9872793703294
14.9,0.009815076366066933,2622.8526469194016
15.0,0.008850985206663609,1960.6498268636587
15.1,0.006077402271330357,1839.753777783684
15.2,0.00644601508975029,1940.3538422295528
15.3,0.020713582634925842,2196.175529355531
15.4,0.03633272275328636,1929.6043326680954
15.5,0.030883345752954483,1254.9660878657833
15.6,0.02459101751446724,729.1133595129021
15.7,0.013748813420534134,1393.4071812416003
15.8,0.0041405814699828625,5274.210300124792
15.9,0.012890816666185856,2063.192758751007
16.0,0.009935112670063972,1666.3611321496958
16.1,0.008097254671156406,1460.0093166988017
16.2,0.013169141486287117,1592.0936776481444
16.3,0.008923484943807125,4744.108222611342
16.4,0.018464356660842896,1775.338152675652
16.5,0.024432677775621414,1465.3725840744669
16.6,0.022911395877599716,803.3499480486289
16.7,0.015218734741210938,2424.016150062345
16.8,0.013278194703161716,2700.6265944694865
16.9,0.012411583214998245,2657.942376924161
17.0,0.008837785571813583,2551.791942963237
17.1,0.00018056086264550686,2659.714492133356
17.2,0.0014885433483868837,7498.820508680526
17.3,0.003825573716312647,3903.985544362508
17.4,0.010627652518451214,2131.2244433799933
17.5,0.014622441492974758,2019.6372102348546
17.6,0.011334297247231007,1875.7489110940476
17.7,0.011334055103361607,2762.8505836961776
17.8,0.01177610456943512,2989.6477341975133
17.9,0.009300235658884048,1970.9556168776026
18.0,0.010697299614548683,2132.601996976734
18.1,0.013766433112323284,2198.176131174155
18.2,0.01651245541870594,2273.0050085589423
18.3,0.0040372381918132305,1434.393077847038
18.4,0.010029562748968601,2648.6276871219497
18.5,0.008919406682252884,2650.4730861531434
18.6,0.010264046490192413,3187.931956201365
18.7,0.010398435406386852,3748.3632821889123
18.8,0.03133423253893852,1967.8037329989777
18.9,0.048694588243961334,1405.9916238758863
19.0,0.05335569754242897,1905.4575977934478
19.1,0.03709450736641884,2740.2963938589505
19.2,0.02980111911892891,2385.1660657175844
19.3,0.04048929736018181,2245.253788869035
19.4,0.023477302864193916,2033.4121857984153
19.5,0.026013698428869247,3419.872160603113
19.6,0.006689717993140221,2871.838829253427
19.7,0.012248240411281586,3109.1215065653296
19.8,0.01630844920873642,4039.6826700281526
19.9,0.006164970342069864,4077.4017744026473
20.0,0.01733321323990822,2383.1484606278614
20.1,0.0013907961547374725,1572.0308487302368
20.2,0.014266692101955414,3642.481804701086
20.3,0.013641276396811008,3189.9320068984466
20.4,0.016966918483376503,2625.4008519179442
20.5,0.012832487002015114,2079.708481248037
20.6,0.017027609050273895,2038.1298630604697
20.7,0.020091651007533073,2238.033364455572
20.8,0.017827821895480156,2560.833455015313
20.9,0.005968813318759203,2667.4283622015646
21.0,0.0013097302289679646,4847.336851020104
21.1,0.009748567827045918,2631.7894907580494
21.2,0.010651830583810806,3027.4808296000665
21.3,0.02910519950091839,1562.0715382170556
21.4,0.02305438555777073,1260.1583021478511
21.5,0.01485523022711277,1488.6369363839563
21.6,0.008864279836416245,2932.6124700810783
21.7,0.005284921266138554,3578.1031633818
21.8,0.010823262855410576,3347.4124983874385
21.9,0.018377674743533134,7478.43601666309
22.0,0.00952508021146059,5316.1651740727775
22.1,0.00814895611256361,7166.0126935481085
22.2,0.010569779202342033,3675.8339963391336
22.3,0.00971931777894497,3113.1487551995992
22.4,0.003687152173370123,2613.565850618418
22.5,0.009623752906918526,2597.116520764561
22.6,0.00926454272121191,3290.4477302678783
22.7,0.011613938957452774,2635.7053589774155
22.8,0.0017186363693326712,3051.4305629586233
22.9,0.0012462615268304944,3605.886515169021
23.0,0.0002954393858090043,3060.277401061513
23.1,0.005596202798187733,4414.483366521633
23.2,0.0062071108259260654,4696.679077401395
23.3,0.016068510711193085,3108.0511928555743
23.4,0.01015640702098608,3818.137037596246
23.5,0.011643012054264545,2680.395743978973
23.6,0.011949775740504265,1913.9898629328766
23.7,0.01167197898030281,2433.275340308307
23.8,0.01122108194977045,2438.4917631313947
23.9,0.00808787252753973,2761.164426336985
24.0,0.012627694755792618,2547.2983281964025
24.1,0.012748857960104942,2928.248064153051
24.2,0.01708073914051056,2861.6013888651523
24.3,0.021098608151078224,2814.09020006725
24.4,0.018908629193902016,3029.3029040799033
24.5,0.01531723327934742,2813.1334149710146
24.6,0.012255758978426456,2954.967367413794
24.7,0.011099656112492085,2901.052054308201
24.8,0.01036439836025238,3058.4051110768896
24.9,0.0071852002292871475,2906.321545669485
25.0,0.00013103160017635673,2834.7273405729284
25.1,1.574976704432629e-05,4640.204970912035
25.2,1.277434694202384e-05,5228.733744562349
25.3,0.008290043100714684,1102.1779978185868
25.4,0.011460795998573303,1773.4216771947008
25.5,0.014994928613305092,2292.343737752088
25.6,0.02225370891392231,3304.0608038044047
25.7,0.009218459948897362,7935.613991004419
25.8,0.03211376443505287,1799.4664819682491
25.9,0.04076271504163742,804.4188220587821
26.0,0.035384733229875565,2659.4626450528476
26.1,0.031039731577038765,1679.2398045054538
26.2,0.036540575325489044,1303.7809595529068
26.3,0.04264089837670326,1101.04329658503
26.4,0.024001015350222588,1957.9012160458692
26.5,0.025516895577311516,2414.7243551609854
26.6,0.004283746238797903,3001.970864893785
26.7,0.00409512547776103,3685.6848514680714
26.8,0.001570611959323287,3711.802244971453
26.9,0.0001808084489312023,1890.4012765630273
27.0,0.03139744699001312,1656.925251856485
27.1,0.02026256173849106,1994.810025084885
27.2,0.02538573183119297,2357.3695996836095
27.3,0.04314534738659859,1127.872479455894
27.4,0.03483850136399269,753.9387826125122
27.5,0.030443083494901657,1527.8757041970791
27.6,0.009212522767484188,2613.5621483716604
27.7,0.02352299913764,1740.1375644607947
27.8,0.028718871995806694,777.5188013421587
27.9,0.01139540784060955,1771.7582896355655
28.0,0.01661193184554577,1325.4480247330903
28.1,0.00936268363147974,2106.807172627068
28.2,0.009628741070628166,1562.3423175093126
28.3,0.006931256502866745,1608.3414141567828
28.4,0.01761441119015217,1553.467720474604
28.5,0.015994848683476448,1613.784739591383
28.6,0.01654766872525215,1256.4109946440894
28.7,0.0005781161598861217,3783.28430409104
28.8,1.4470791029452812e-05,4900.140642774202
28.9,1.881078969745431e-05,4808.394280378363
29.0,0.000929684960283339,3686.403521959832
29.1,0.0029738584998995066,3722.591367463771
29.2,0.0025745080783963203,3692.455542627428
29.3,0.00475908862426877,2396.139944353794
29.4,0.00399332819506526,2445.14487442627
29.5,0.006802835967391729,2105.0431677432034
29.6,0.021040603518486023,3686.915019091206
29.7,0.014391439966857433,3557.9087313797127
29.8,0.031440943479537964,2022.1320400429875
29.9,0.019772671163082123,2165.5569116114248
30.0,0.012684476561844349,2456.8037593119284
30.1,0.009451862424612045,2417.4523651510644
30.2,0.00012285351112950593,3478.62914192311
30.3,0.0029227042105048895,5542.057872929786
30.4,0.005694833118468523,4721.360547396162
30.5,0.004505702760070562,3965.0907225506216
30.6,0.0007986364653334022,3895.9071626540463
30.7,2.353288437006995e-05,4442.163365680528
30.8,2.406112071184907e-05,4488.185905311523
30.9,0.0009685965487733483,2262.227253386647
31.0,0.014108441770076752,2917.275426536803
31.1,0.013623189181089401,3203.7442263708267
31.2,0.0012161334743723273,2085.346511026974
31.3,0.0065734912641346455,2984.5572973246835
31.4,0.008242051117122173,2434.311584128879
31.5,0.0113410959020257,2107.5440877279293
31.6,0.0035780093166977167,1887.1859981559426
31.7,0.001315422123298049,4614.236377349807
31.8,0.00043482150067575276,3570.1479789529517
31.9,0.00037223828257992864,5292.044324814228
32.0,0.013560939580202103,4607.969848213575
32.1,0.007525619585067034,2229.93825522794
32.2,0.014973140321671963,2834.7001297605657
32.3,0.005905361846089363,2354.150502948865
32.4,0.003635828383266926,2459.9132339075522
32.5,0.011782517656683922,2411.6369433285863
32.6,0.00863657332956791,2729.5336060605878
32.7,0.005284183192998171,1668.1354239632838
32.8,0.005300885532051325,1506.167550939258
32.9,0.002263559028506279,1182.9466764941576
33.0,0.010813628323376179,3747.831119091416
33.1,0.008606420829892159,2054.9957541979256
33.2,0.006809195037931204,3298.4741151632934
33.3,0.00663440627977252,2416.8992540233376
33.4,0.0004203151911497116,2279.53397557295
33.5,0.003838330740109086,3367.130184909247
33.6,0.005518350284546614,3043.2515739314804
33.7,0.00376338604837656,3007.9759664059743
33.8,0.0002959840639960021,2067.386645423312
33.9,6.538172601722181e-05,2822.9773746726573
34.0,2.2489732145913877e-05,4606.409594953268
34.1,1.9877734303008765e-05,4381.029625326145
34.2,1.3926062820246443e-05,4913.250545117688
34.3,2.2945698219700716e-05,4427.077352225833
34.4,0.0016064264345914125,1455.4999172507291
34.5,0.0025444861967116594,2356.2000253044516
34.6,0.0017123197903856635,1982.6632550049326
34.7,0.0012719836086034775,1056.785235131056
34.8,0.0023201052099466324,3996.7665773442586
34.9,0.003709478070959449,3101.4638547037193
35.0,0.0038652552757412195,1407.9741959830212
35.1,0.002949200104922056,2710.2634378947305
35.2,0.0002942234859801829,1922.1525012011584
35.3,1.8312299289391376e-05,4447.9531725540855
35.4,1.566123501106631e-05,5007.550895985691
35.5,0.00012148762471042573,4552.4647842867
35.6,0.0013116520131006837,1235.6667182374001
35.7,0.0014772521099075675,5033.780087548431
35.8,0.0029461232479661703,1916.1507505337568
35.9,0.002303875982761383,1296.8628403779392
36.0,0.0009127129451371729,1468.2506472807718
36.1,0.00010422470222692937,2933.923254118835
36.2,2.96589350909926e-05,3915.1376839202726
36.3,2.3647437046747655e-05,4619.151104977916
36.4,1.4120357263891492e-05,4856.484470626645
36.5,1.9488872567308135e-05,4616.138062683594
36.6,1.9088396584265865e-05,4845.835990550106
36.7,1.6082683941931464e-05,4852.428489234448
36.8,0.0019987160339951515,2580.471052566273
36.9,0.0046389116905629635,3360.430616862566
37.0,0.00568343373015523,3301.7693007741445
37.1,0.00929708406329155,1630.6535763687339
37.2,0.009494860656559467,2829.7292655849487
37.3,0.007963701151311398,3655.8916127150937
37.4,0.005915396381169558,3340.1616443384596
37.5,0.012166854925453663,3541.429375267221
37.6,0.011338428594172001,3199.4711231912343
37.7,0.01964704692363739,2832.8873306883725
37.8,0.005284817423671484,2564.8659187309695
37.9,0.012486875057220459,3127.516727854756
38.0,0.02163548581302166,2835.7110015700137
38.1,0.008594673126935959,3167.4554292395574
38.2,0.0010053631849586964,2968.075080236336
38.3,6.64561812300235e-05,3092.3149404902724
38.4,0.014513231813907623,2586.2891367944344
38.5,0.014011019840836525,3139.6285873690413
38.6,0.02416493371129036,1879.1399018846628
38.7,0.04138161242008209,1464.6767758947271
38.8,0.0020499671809375286,2162.496242509249
38.9,0.048134032636880875,2095.21272181112
39.0,0.021161308512091637,1619.3547417520504
39.1,0.03843211755156517,2317.354647213133
39.2,0.052854638546705246,2662.73591160054
39.3,0.02912113629281521,2778.6522583981196
39.4,0.034543104469776154,2095.329375014276
39.5,0.016375914216041565,1456.4100475644393
39.6,0.0041662463918328285,3260.44287658471
39.7,0.0013309030327945948,2341.556563892661
39.8,0.030131205916404724,979.6174220203744
39.9,0.01875368133187294,1132.87440705789
40.0,0.014400715939700603,1694.203629174584
40.1,0.014661740511655807,1601.465520991545
40.2,0.012443880550563335,1546.1656705907942
40.3,0.016789047047495842,2623.7890947739825
40.4,0.027530426159501076,2005.0270088286334
40.5,0.01782567985355854,1687.3149277744085
40.6,0.022007716819643974,1534.1292428493875
40.7,0.01149327028542757,3906.796588497881
40.8,0.020381446927785873,1472.5550126035623
40.9,0.013681265525519848,1524.3604683295064
41.0,0.0003030023362953216,2127.625405289143
41.1,0.004084595013409853,2166.0526305836743
41.2,0.00586156127974391,2323.6285501501843
41.3,0.007231461349874735,2437.695277797206
41.4,0.013137339614331722,1576.9548817880864
41.5,0.0030939620919525623,4388.439819534911
41.6,0.0028252010233700275,3484.721144645201
41.7,0.0023000433575361967,3622.4681347832375
41.8,0.003890441730618477,7668.874082419958
41.9,0.008940705098211765,2889.1714005960594
42.0,0.005905692931264639,2556.5045174187726
42.1,0.007716375403106213,2371.0954384179586
42.2,0.00041679805144667625,1744.6033799522554
42.3,0.003978597465902567,3367.3467317403815
42.4,0.0038650482892990112,3002.401864655899
42.5,0.0029505700804293156,2797.1338440727427
42.6,0.001362757058814168,2649.9158185477704
42.7,0.00010547132114879787,2932.6202521389105
42.8,1.7268082956434228e-05,4917.434057713735
42.9,0.0022849838715046644,5243.612991238613
43.0,0.02016519568860531,2349.27615442357
43.1,0.012465743348002434,1366.827326606825
43.2,0.020594073459506035,2397.1788129456263
43.3,0.029833057895302773,2707.067938257019
43.4,0.04146266356110573,2315.9433643708853
43.5,0.014833579771220684,4513.98904994708
43.6,0.020447978749871254,1092.0760807305255
43.7,0.008190752007067204,1171.506849429779
43.8,0.011913139373064041,2020.7495916529497
43.9,0.005052589345723391,2331.716595833752
44.0,0.031175583600997925,2402.0454930968444
44.1,0.013121036812663078,3452.097872866803
44.2,0.013541262596845627,2996.0629585695024
44.3,0.011651650071144104,2752.728026630702
44.4,0.020532706752419472,2735.527443376989
44.5,0.03508273884654045,1877.372480594331
44.6,0.0036994752008467913,1721.1174488077622
44.7,0.027594352141022682,1982.9535017138157
44.8,0.04351624846458435,1946.264603447222
44.9,0.030531320720911026,1576.2903890937914
45.0,0.018702328205108643,1685.8934125861563
45.1,0.025828201323747635,1682.12655385247
45.2,0.03149808943271637,1757.2358931964654
45.3,0.002713125431910157,3337.668432311185
45.4,0.004670955706387758,3571.5743698578626
45.5,0.0022324107121676207,4035.628381187414
45.6,0.015062658116221428,1325.2814346764865
45.7,0.03285126015543938,887.8937619386293
45.8,0.04237166792154312,1008.3598169019222
45.9,0.035596612840890884,1918.633418570148
46.0,0.020744048058986664,1557.738477236077
46.1,0.01828738860785961,927.2667342160973
46.2,0.019233565777540207,1878.3172201372745
46.3,0.02076338790357113,1618.9909176745905
46.4,0.01605989970266819,1430.7829133093455
46.5,0.003565428778529167,3420.2264986197642
46.6,0.02067750319838524,1589.9101351459221
46.7,0.011503003537654877,1688.2548940309166
46.8,0.003200375009328127,3263.2219608417636
46.9,0.026911623775959015,1967.0244586774638
47.0,0.02662758156657219,1978.4060496907064
47.1,0.0405716598033905,2483.130751087159
47.2,0.013154136016964912,2308.2539855508467
47.3,0.008397306315600872,1272.879556042114
47.4,0.011475569568574429,1482.475727503925
47.5,0.018668372184038162,2060.2441720117677
47.6,0.01828959956765175,2584.9793468262133
47.7,0.009759480133652687,7279.652179167371
47.8,0.04194944351911545,2582.813313346008
47.9,0.03151201829314232,2135.9211419984367
48.0,0.0454237163066864,2448.449402378619
48.1,0.022432666271924973,2781.887893695848
48.2,0.01925336942076683,2536.631971064562
48.3,0.021588360890746117,2665.8998396451925
48.4,0.04209167882800102,1919.9138603977428
48.5,0.04574393108487129,2010.0009724501601
48.6,0.03623944893479347,1324.1565364465412
48.7,0.007244824897497892,2284.587141865776
48.8,0.01270767766982317,3917.1270648076143
48.9,0.007962748408317566,3809.3853973503938
49.0,0.005348766688257456,3491.673755973701
49.1,0.005376598332077265,3501.702775411677
49.2,0.018936805427074432,4010.1159095325074
49.3,0.0030014559160917997,3594.160710840946
49.4,0.009607600048184395,4109.070363386919
49.5,0.0022951888386160135,2870.96700183091
49.6,0.00435668183490634,3131.463971170144
49.7,0.0001306819322053343,2760.892379846023
49.8,0.016642389819025993,4028.6842943898178
49.9,0.013993236236274242,4293.595170060916
50.0,0.012685883790254593,4247.8951121955515
50.1,0.006873395759612322,3559.4202357388745
50.2,0.008615287020802498,2848.632364514693
50.3,0.011127646081149578,2281.869411995083
50.4,0.02059778943657875,3702.3218587060087
50.5,0.04576364904642105,3978.579338874348
50.6,0.04128459468483925,2687.868490344806
50.7,0.019476091489195824,2552.5685833864923
50.8,0.009205011650919914,7517.568375265033
50.9,0.007026933133602142,4183.8321364693165
51.0,0.009898718446493149,3221.275003975129
51.1,0.017400765791535378,3257.10410276575
51.2,0.012634236365556717,2495.9936292450484
51.3,0.01774163544178009,3037.723704285195
51.4,0.01070085447281599,2013.1121749224103
51.5,0.004906181711703539,1887.9624021173722
51.6,0.0024332567118108273,1364.8591868001383
51.7,0.010059512220323086,3117.1195737300077
51.8,0.0020583760924637318,3442.7844148621507
51.9,0.0008422468672506511,4137.276997129605
52.0,0.00045691331615671515,4109.324484195708
52.1,7.558091601822525e-05,3927.127138849078
52.2,0.005213380325585604,3958.9197009386453
52.3,0.016691412776708603,2737.374650323575
52.4,0.010906608775258064,1947.0989981892715
52.5,0.008294301107525826,2413.4438887375754
52.6,0.0039015808142721653,6807.912330339728
52.7,0.00823914259672165,6391.229081161325
52.8,0.01039152592420578,3444.5209898257954
52.9,0.014391479082405567,6585.03049028838
53.0,0.008507870137691498,6633.08310175448
53.1,0.007252553943544626,2976.4762470294627
53.2,0.006006211973726749,1721.0407989439218
53.3,0.005275704897940159,3006.4204990369158
53.4,0.0027525434270501137,5064.663732630937
53.5,0.0057752798311412334,1862.9681218722135
53.6,0.00994078628718853,3453.619118171861
53.7,0.0037827270571142435,5686.900398083596
53.8,0.012786289677023888,4544.855647805494
53.9,0.0021854739170521498,4341.908197748982
54.0,0.007483593188226223,2649.160756006132
54.1,0.017265615984797478,4128.632803550952
54.2,0.009929436258971691,3159.375731199678
54.3,0.006749553140252829,4107.100551456385
54.4,0.002812436316162348,3210.67921616516
54.5,0.013806900940835476,3773.0310661062385
54.6,0.01671985164284706,4105.351461473099
54.7,0.006141848396509886,3676.279141823955
54.8,0.008349048905074596,4009.404900015159
54.9,0.022345421835780144,3381.7282757657877
55.0,0.003976902458816767,3527.212501335154
55.1,0.002072374103590846,2173.2745104325454
55.2,0.003756958059966564,2555.199187532051
55.3,0.001443812856450677,2009.913343027737
55.4,0.007551468443125486,3693.3878268492226
55.5,0.004279701039195061,4387.139663875219
55.6,0.005224358756095171,6947.179741932871
55.7,0.004808379802852869,6182.8337929485615
55.8,0.004363499581813812,3176.4223519430425
55.9,0.004305989481508732,3045.0114278225647
56.0,0.021917659789323807,1529.3701929839754
56.1,0.011958416551351547,1716.411439008767
56.2,0.022833067923784256,1213.8667893805748
56.3,0.0213178638368845,1039.31959731786
56.4,0.010164709761738777,834.1828675801996
56.5,0.010021340101957321,1650.5444754028163
56.6,0.007994129322469234,754.1054045075209
56.7,0.00025455080321989954,2980.6068788743037
56.8,2.15810341614997e-05,4900.055337776341
56.9,0.001469448208808899,2537.9748319586447
57.0,0.004192936234176159,3605.640253510077
57.1,0.0036944083403795958,4231.258851377219
57.2,0.004148123320192099,4028.8391982449084
57.3,0.003570476546883583,4062.317164024702
57.4,0.003624435281381011,3753.3067187115485
57.5,0.005262561142444611,3168.209444862322
57.6,0.0034349230118095875,2079.5767866123197
57.7,0.008308567106723785,1952.8917220515355
57.8,0.0022167819552123547,2431.9095116165154
57.9,0.0011450154706835747,4889.497270649514
58.0,0.0011159536661580205,4416.797833371986
58.1,0.0007972655002959073,4107.775566793903
58.2,0.0007968057179823518,4467.315071969767
58.3,0.0077680256217718124,4108.179795563319
58.4,0.009569278918206692,4162.432754112983
58.5,0.0030094620306044817,6324.516530587765
58.6,0.0031294177751988173,7824.518170634482
58.7,0.005351285915821791,3366.531433318455
58.8,0.008711105212569237,2492.3602389754265
58.9,0.005374267231673002,2248.1217587796937
59.0,0.008220117539167404,3001.2695393357944
59.1,0.005570821464061737,8336.90240321883
59.2,0.013255786150693893,3430.6009762711524
59.3,0.0060228812508285046,3530.5371015704004
59.4,0.007758381310850382,4475.449044431058
59.5,0.005110767669975758,3352.8130384189576
59.6,0.006846375297755003,3838.9747263233166
59.7,0.002036557300016284,4225.776434262143
59.8,0.00918921921402216,3403.9286419568716
59.9,0.0067363823764026165,6531.472476103904
60.0,0.003858275944367051,4050.8689869173
60.1,0.0046688527800142765,2561.165778299406
60.2,0.00682261073961854,3262.03164332113
60.3,0.0022915001027286053,4110.143623384602
60.4,0.0008498129900544882,4050.348620286184
60.5,0.0008941973210312426,6340.861843255717
60.6,0.005107176955789328,2641.5671469498657
60.7,0.0017621509032323956,2513.1222737564012
60.8,0.0018422065768390894,3990.4610148628126
60.9,0.004991575609892607,3818.8849815747903
61.0,0.00518132746219635,4535.984994138613
61.1,0.005780242383480072,4954.692195784081
61.2,0.005110736005008221,3856.472612733519
61.3,0.00033881503622978926,2478.4010291405266
61.4,0.00201074848882854,2209.718575222566
61.5,0.0037672757171094418,3439.1870779856854
61.6,0.006186089012771845,1603.2501677638188
61.7,0.000711290049366653,1701.1243932895063
61.8,0.008391614072024822,3191.300245815758
61.9,0.011759174056351185,3985.1988035933273
62.0,0.00549953943118453,3939.829200707551
62.1,0.0031008520163595676,3707.186490127312
62.2,0.0008376742480322719,3653.01663041143
62.3,0.00436516385525465,2785.0631541216
62.4,0.021239424124360085,2459.847393814882
62.5,0.025895511731505394,5308.579253309622
62.6,0.03751903399825096,917.1496465505085
62.7,0.033279452472925186,1378.8590791674096
62.8,0.02645791508257389,1727.6148627129874
62.9,0.00879857037216425,3824.9059407859468
63.0,0.025229154154658318,2106.5302515693784
63.1,0.002031500218436122,2153.6883884412337
63.2,0.014697272330522537,867.1712619825819
63.3,0.0018354890635237098,708.9983538023614
63.4,0.004903827793896198,990.2796807201358
63.5,0.008700341917574406,1719.0032769864379
63.6,0.006158997770398855,2105.920440939405
63.7,0.022525621578097343,2141.721955720305
63.8,0.01836901716887951,1380.7267409606566
63.9,0.026787009090185165,1635.5474575893604
64.0,0.010946090333163738,2660.891350966667
64.1,0.010855459608137608,1676.8388428796045
64.2,0.010445133782923222,1933.5891193891362
64.3,0.010804476216435432,2233.1151150896726
64.4,0.013038842007517815,717.6891549690878
64.5,0.013457868248224258,1910.5699211963688
64.6,0.016958758234977722,1986.3250478740938
64.7,0.022811301052570343,1742.4891384025038
64.8,0.02021368220448494,1660.4106213164173
64.9,0.00047930344589985907,2980.034948962813
65.0,3.6314897442935035e-05,5039.681158391961
65.1,0.0029359401669353247,3261.486453790595
65.2,0.0053159212693572044,7362.097554341972
65.3,0.005472330842167139,5801.589368533733
65.4,0.00477739330381155,2047.308833502996
65.5,0.006502476986497641,2980.9248989980324
65.6,0.003927987534552813,5592.683244765902
65.7,0.003288937732577324,3885.6324363024246
65.8,0.003098243148997426,2099.332982133199
65.9,0.003813421819359064,2436.2921910259665
66.0,0.0042409528978168964,4597.200072925172
66.1,0.007869075052440166,3613.3469766749454
66.2,0.0007198610110208392,3740.7523479746606
66.3,0.0057120961137115955,2517.876539947062
66.4,0.0019846451468765736,2984.330094261075
66.5,0.017713913694024086,2656.1638475287928
66.6,0.0036719406489282846,3579.3767002329387
66.7,0.006194578018039465,3662.155290129611
66.8,0.0016344290925189853,6053.240804213622
66.9,0.004866677336394787,4340.890549552689
67.0,0.006556668318808079,2741.259362979357
67.1,0.005101118236780167,2431.908284208407
67.2,0.008739116601645947,3835.215502055358
67.3,0.01002297643572092,5952.563976585945
67.4,0.011237086728215218,5236.33793642939
67.5,0.011144612915813923,3794.409506531695
67.6,0.010005294345319271,3714.9453050355473
67.7,0.005820514168590307,3364.998073320966
67.8,0.001989541109651327,4591.969032299214
67.9,0.004159274976700544,2819.1498311338523
68.0,0.006895617116242647,3786.9948378837476
68.1,0.005126029718667269,6254.752243144994
68.2,0.0033622507471591234,5514.911879594063
68.3,0.004457900300621986,3706.672044797301
68.4,0.0032360644545406103,3541.15283006098
68.5,0.0029108489397913218,3176.964116149384
68.6,0.002118959790095687,2887.101009164584
68.7,0.0009054720867425203,1908.5152667454126
68.8,0.011517303064465523,2376.71545339643
68.9,0.014194736257195473,3005.5396698440363
69.0,0.02592787891626358,1266.0199364625826
69.1,0.004480139352381229,1125.0540189983276
69.2,0.015583381988108158,3522.1468905668253
69.3,0.00732403714209795,4192.078741209554
69.4,0.0034796874970197678,4234.083895819029
69.5,0.0007694950327277184,4020.1069730179224
69.6,0.016276765614748,2537.1642611959815
69.7,0.02556857466697693,2715.8629224494025
69.8,0.013168422505259514,6882.835157927254
69.9,0.015390202403068542,2421.2080526546006
70.0,0.005564776714891195,6333.118893329461
70.1,0.0075377169996500015,1894.4461247785694
70.2,0.019142013043165207,957.7363316165929
70.3,0.020252441987395287,2425.9597737035674
70.4,0.023738844320178032,2010.788712736804
70.5,0.02632903680205345,1399.9773534762994
70.6,0.03412139415740967,3098.814418306857
70.7,0.018463023006916046,2473.0351856435386
70.8,0.0008531865896657109,1282.5083666678433
70.9,1.242042526428122e-05,5166.637086713307
71.0,1.1821501175290905e-05,5244.324673840369
71.1,1.5851181160542183e-05,4972.6589844233695
71.2,0.0012185735395178199,4895.5519939360365
71.3,0.0032285565976053476,3701.3196426763216
71.4,0.0020903621334582567,2734.8666494544914
71.5,0.002646347275003791,5887.201084950919
71.6,0.005278006661683321,4063.3479136907863
71.7,0.005973346531391144,3154.377384087443
71.8,0.0017288012895733118,3449.426391030771
71.9,0.0013408311642706394,4364.119872724595
72.0,0.0012645389651879668,4480.332010040493
72.1,0.0008729842957109213,4588.6238600117085
72.2,0.00027053747908212245,4629.57989072144
72.3,0.004919999744743109,7185.2605311559155
72.4,0.01630985364317894,3649.2476272792755
72.5,0.007502349093556404,2448.4714838743603
72.6,0.007004588842391968,3681.474999957791
72.7,0.010044624097645283,2390.4611198066855
72.8,0.013613652437925339,2354.0020813336214
72.9,0.01084594801068306,3361.443385957422
73.0,0.009066236205399036,1604.215763760363
73.1,0.010109755210578442,2183.609089416862
73.2,0.003636963665485382,5706.413193664428
73.3,0.0018297708593308926,2805.9440949949203
73.4,0.00016437099839095026,3265.8392305567813
73.5,0.005430999677628279,4689.931290544575
73.6,0.0043504852801561356,3682.907651260296
73.7,0.0003966375661548227,3933.7780315838463
73.8,0.0001420293265255168,3347.496100354144
73.9,1.82107396540232e-05,4596.595058028472
74.0,0.004342096857726574,2047.3867877227156
74.1,0.007257199380546808,3542.3261058960047
74.2,0.005751513410359621,3806.6310575449006
74.3,0.009116650559008121,2647.721144966227
74.4,0.01132319588214159,2620.587497578391
74.5,0.006005775649100542,3382.5612134725966
74.6,0.006649071350693703,7175.8516162040505
74.7,0.006255789659917355,2008.8744509501632
74.8,0.007908833213150501,2998.560993291466
74.9,0.005997953470796347,2737.489969344889
75.0,0.0019582128152251244,3633.1259105961344
75.1,0.0009066130733117461,5110.982540504828
75.2,0.005260162986814976,2354.233668446822
75.3,0.006203342229127884,3099.2581791108264
75.4,0.002662650076672435,1647.1657224040212
75.5,0.0053669423796236515,2266.501119877601
75.6,0.007443041540682316,2265.2162044058846
75.7,0.003846186911687255,4461.022868646274
75.8,0.014457393437623978,4213.455517254005
75.9,0.010961301624774933,4304.749178613007
76.0,0.006717941723763943,4002.471231926315
76.1,0.003323337761685252,4462.235692999399
76.2,0.0034111649729311466,2934.6699100734813
76.3,0.009081019088625908,1875.7926984728454
76.4,0.008229650557041168,2741.753887116186
76.5,0.005869981367141008,2904.3041213465876
76.6,0.0037885596975684166,2287.9229534499104
76.7,0.0036956246476620436,2525.231764711213
76.8,0.0050760358572006226,2536.377812683175
76.9,0.004589221905916929,2030.5739083355202
77.0,0.00613943487405777,4418.792945505962
77.1,0.007205564063042402,4619.2073865731045
77.2,0.00797908753156662,3706.4702203115794
77.3,0.014585550874471664,4315.719243035739
77.4,0.014276951551437378,3703.109483729589
77.5,0.006335674785077572,2256.1144009603768
77.6,0.004510876256972551,3663.822615657832
77.7,0.00576628977432847,3027.7248402196406
77.8,0.008358419872820377,4193.692216814049
77.9,0.007301412057131529,3425.132287209654
78.0,0.00031502096680924296,2693.1178172117634
78.1,0.004035364370793104,7396.135812769045
78.2,0.024637434631586075,2884.7106689932853
78.3,0.026482386514544487,2874.3755479727033
78.4,0.03030325472354889,2383.8564226226604
78.5,0.024056963622570038,1961.7446784021186
78.6,0.040343962609767914,1885.8844564667647
78.7,0.009688861668109894,1379.432785242174
78.8,0.01916635036468506,3014.4751926003123
78.9,0.014020071364939213,1375.691730270217
79.0,0.030021458864212036,1798.897114724986
79.1,0.019443172961473465,1489.578362996244
79.2,0.02402120642364025,1680.894181330012
79.3,0.030074790120124817,1401.70850999688
79.4,0.009154345840215683,6596.172875366938
79.5,0.02450941503047943,1873.315937546918
79.6,0.03665792942047119,960.1638071690356
79.7,0.012803616002202034,1248.8297235653204
79.8,0.019218675792217255,1937.4745029776516
79.9,0.020272955298423767,1804.5658571910722
80.0,0.0066822608932852745,2354.670341249256
80.1,0.017171507701277733,1534.4296056441083
80.2,0.01908361166715622,1731.7167368083196
80.3,0.026685016229748726,1000.2953690235665
80.4,0.02548830956220627,1611.954243253326
80.5,0.002424520906060934,3579.9842023006818
80.6,0.00347500410862267,3579.3148893991342
80.7,0.002528482349589467,3665.0390480487267
80.8,0.0008065155707299709,3604.034234587346
80.9,1.4012583051226102e-05,4893.399529997252
81.0,9.77449381025508e-05,3899.782648107155
81.1,0.02416946366429329,2465.0373967982123
81.2,0.020062489435076714,1808.5639601266716
81.3,0.026136985048651695,818.1734421540643
81.4,0.002694600261747837,3210.9791420268843
81.5,0.001634847722016275,3610.571296784327
81.6,0.00012180332123534754,3257.0529114657948
81.7,0.008937281556427479,2846.268912988897
81.8,0.042573701590299606,841.404359260216
81.9,0.05412369221448898,1239.4807246309344
82.0,0.030713248997926712,1392.8291837518818
82.1,0.0030855077784508467,2649.2782950990836
82.2,0.043269120156764984,766.4238934720346
82.3,0.029725775122642517,2153.740907696894
82.4,0.012319207191467285,1329.3865372151245
82.5,0.02009018324315548,1350.7123894526098
82.6,0.020097529515624046,1792.1891646840468
82.7,0.017398854717612267,1660.9000620546178
82.8,0.027088457718491554,1695.2694372898209
82.9,0.012012515217065811,1641.3907644640308
83.0,0.021152056753635406,1511.2180420614422
83.1,0.015146940015256405,1103.5654842953886
83.2,0.01144981849938631,1613.6856335233613
83.3,0.020360523834824562,1476.0482176540381
83.4,0.01646088808774948,1083.1688633845627
83.5,0.023325162008404732,892.2853088306822
83.6,0.01614130474627018,1229.7782393302678
83.7,0.010093635879456997,1353.1634253496816
83.8,0.026636607944965363,1357.6797814560289
83.9,0.020291995257139206,757.8124586146762
84.0,0.008104894310235977,1451.1234697993386
84.1,0.010865537449717522,832.739506381239
84.2,0.01985563524067402,662.6899157709995
84.3,0.02620444819331169,1270.6017724133826
84.4,0.01807521842420101,1998.8497650907861
84.5,0.013984757475554943,1455.0369678000284
84.6,0.00014117655518930405,3619.3054858049086
84.7,1.3719088201469276e-05,4951.582611059572
84.8,0.00016132756718434393,2490.1206140287977
84.9,0.003069979138672352,3133.098412361644
85.0,0.006406371481716633,2950.494843425531
85.1,0.00802898034453392,3047.899683011122
85.2,0.011370058171451092,3181.7157442031844
85.3,0.008662953041493893,2651.586467973236
85.4,0.0039712218567729,2572.9359766809644
85.5,0.0032778840977698565,2016.6287950544934
85.6,0.007969727739691734,1747.781867060241
85.7,0.004863852169364691,1379.400742664285
85.8,0.00029744725907221437,1544.0786427179173
85.9,0.006358230020850897,3456.7925930702954
86.0,0.006507506128400564,2847.0927035971904
86.1,0.009811926633119583,1928.2223367002557
86.2,0.011259179562330246,2080.876612434917
86.3,0.009241720661520958,1785.1333362238665
86.4,0.009220694191753864,1900.3970734222871
86.5,0.005338637158274651,2179.0239150956095
86.6,0.0035898557398468256,2371.4091678560167
86.7,0.0023314261343330145,2515.3896306709253
86.8,0.000736821093596518,1915.6128439766685
86.9,0.0010661815758794546,2931.7006966470067
87.0,0.001593694556504488,3137.517469840728
87.1,0.0019422236364334822,3496.017064620121
87.2,0.0014037019573152065,3988.01671215926
87.3,0.000496376829687506,3644.115293531936
87.4,0.0002284789807163179,4026.5186217757705
87.5,0.00011078474199166521,3661.661658700586
87.6,3.905935227521695e-05,3627.8321143912062
87.7,2.07536322704982e-05,4732.690567138296
87.8,2.5394056137884036e-05,4795.095425885294
87.9,0.00010753318929346278,4598.90370118892
88.0,0.0018424508161842823,6464.415043352762
88.1,0.008613020181655884,5300.879693554491
88.2,0.020519988611340523,3524.3326249318598
88.3,0.009392536245286465,3131.5088906998308
88.4,0.011464283801615238,4059.438951875947
88.5,0.011191421188414097,3235.283014907098
88.6,0.009270720183849335,2842.270678367786
88.7,0.0032830650452524424,3624.6637775852787
88.8,0.0025577449705451727,3194.114046109037
88.9,0.02516217716038227,1907.6336510827336
89.0,0.018803255632519722,2487.682510769329
89.1,0.008010560646653175,2400.8325265585536
89.2,0.005094887688755989,1866.8096906253463
89.3,0.0024840321857482195,4565.628025752646
89.4,0.005185667425394058,2671.7319688937546
89.5,0.010097307153046131,2821.7417555672278
89.6,0.006073368713259697,1765.2043343090204
89.7,0.0011447916040197015,3861.3636240448272
89.8,0.0006017762934789062,3571.292894310862
89.9,5.810270522488281e-05,3561.379752262094
90.0,0.011854760348796844,3329.952181245909
90.1,0.01564575918018818,3388.027362604715
90.2,0.008204953745007515,3413.052466807626
90.3,0.0019641828257590532,4372.897448709378
90.4,0.0015124913770705462,4097.597390138539
90.5,0.002189876511693001,5652.003537145421
90.6,0.0051351264119148254,4537.743643167228
90.7,0.006796829402446747,3231.201399934001
90.8,0.0018932201201096177,4630.005021262607
90.9,0.0022906926460564137,5670.879036209459
91.0,0.005358987487852573,4388.678412641771
91.1,0.004820600617676973,3114.6527269535345
91.2,0.0020750658586621284,3682.6178009474984
91.3,0.002305286470800638,4340.112206726557
91.4,0.003797246841713786,3376.3533768880416
91.5,0.005923319607973099,2132.67576340525
91.6,0.0025289247278124094,1464.2703149706308
91.7,8.872208127286285e-05,2303.0981825915756
91.8,0.0003036154666915536,3270.056966782466
91.9,0.014638618566095829,1973.4896991560813
92.0,0.026555953547358513,2185.186236776452
92.1,0.025379085913300514,1692.7006724254952
92.2,0.018187476322054863,1687.378825480865
92.3,0.00408556591719389,7466.872637044085
92.4,0.013324267230927944,1347.5982805251087
92.5,0.019124917685985565,1264.9504401617214
92.6,0.016393151134252548,2404.2717196218464
92.7,0.01102670468389988,1694.0115650868056
92.8,0.006099616643041372,1066.9419384919574
92.9,1.4868034668324981e-05,5001.342150881617
93.0,1.5536365026491694e-05,4159.839713291492
93.1,0.006185117643326521,4726.823820509588
93.2,0.008741920813918114,4334.773983743555
93.3,0.013214324600994587,3020.1545035565405
93.4,0.01178228110074997,3214.2138330544853
93.5,0.007329120766371489,1955.4248114673098
93.6,0.0013288111658766866,3619.106946344543
93.7,0.001412579556927085,4336.046973632411
93.8,0.0007352672982960939,4144.414158239579
93.9,0.01040345337241888,3385.639171783233
94.0,0.04023096710443497,3725.6513831628536
94.1,0.026067882776260376,3405.067060613631
94.2,0.020532308146357536,3853.2892363833
94.3,0.025548920035362244,3294.791379761047
94.4,0.022405628114938736,3085.7900410561256
94.5,0.012543362565338612,2484.7906198669125
94.6,0.012017755769193172,3408.9323912765753
94.7,0.0026294824201613665,2618.899752715686
94.8,0.003985845483839512,4223.314641282204
94.9,0.007889019325375557,3535.6931817033646
95.0,0.010760417208075523,2280.9232436723123
95.1,0.005477274768054485,3714.1377174397285
95.2,0.002235995838418603,2627.8656517501786
95.3,0.003562262048944831,4834.870088206134
95.4,0.004594412166625261,3914.247196160463
95.5,0.007987734861671925,6193.259732088436
95.6,0.005129200406372547,4490.766200734515
95.7,0.012457766570150852,3416.8813936313845
95.8,0.010158922523260117,3486.738005430684
95.9,0.010523385368287563,2561.355632690088
96.0,0.003956715110689402,2303.3934887703617
96.1,0.009645585902035236,3138.4427362259476
96.2,0.008747782558202744,3400.1502786262017
96.3,0.011818070895969868,3244.2814375037105
96.4,0.009847167879343033,3420.7318827188546
96.5,0.008623315952718258,1839.0312718967098
96.6,0.006793284323066473,1740.0883351154393
96.7,0.008032629266381264,3850.4035479590775
96.8,0.016373300924897194,4182.810170990717
96.9,0.017983654513955116,2430.399847891632
97.0,0.015333631075918674,3561.678682500152
97.1,0.010500650852918625,7190.284115978742
97.2,0.013032466173171997,4317.2123914974245
97.3,0.013744249008595943,2434.8717555524013
97.4,0.00780888507142663,1367.855489986604
97.5,0.004224556498229504,3870.289013557053
97.6,0.004546032287180424,3050.8936627514286
97.7,0.0054415008053183556,3677.27730502083
97.8,0.008304539136588573,4225.9794531517055
97.9,0.0011053800117224455,2708.047262210763
98.0,6.635441241087392e-05,3340.1317739040005
98.1,0.02187708392739296,3414.0789638926785
98.2,0.010833160020411015,3627.0007194360237
98.3,0.021687721833586693,2386.490900426756
98.4,0.0138645488768816,3435.3977244276075
98.5,0.0228167325258255,2576.7793312775375
98.6,0.007310109678655863,3467.4320556764956
98.7,0.014894134365022182,2282.5410719939628
98.8,0.004358635749667883,3904.66476109838
98.9,0.007887035608291626,4347.0270842789
99.0,0.004622538574039936,4164.540826552493
99.1,0.0019291714997962117,2582.9404094208785
99.2,0.0017371750436723232,5084.512429171723
99.3,0.01285824365913868,3446.5815610582486
99.4,0.027915483340620995,1628.2473286560216
99.5,0.03315047547221184,1918.7740946929196
99.6,0.05770518630743027,1968.4063403487294
99.7,0.03245938569307327,1776.4515556491065
99.8,0.025275947526097298,2243.5455677770497
99.9,0.025310451164841652,4398.011487898492
100.0,0.03432902693748474,4788.77059237078
100.1,0.03981848433613777,2488.754690903369
100.2,0.0018289285944774747,2058.725779634232
100.3,0.009810825809836388,1090.7167032992845
100.4,0.0172383151948452,1346.1571848135195
100.5,0.014213954098522663,1622.6641027597584
100.6,0.004036211408674717,3194.5148406327144
100.7,0.006869941018521786,1687.164623818388
100.8,0.014965636655688286,1385.9732055007416
100.9,0.0023405980318784714,3718.713023495953
101.0,0.0016143459361046553,3772.885241917389
101.1,0.0005743950605392456,5204.748847486046
101.2,0.006072061602026224,4810.435353166888
101.3,0.024045974016189575,1286.0940247641797
101.4,0.019644370302557945,1146.9080996761327
101.5,0.016019873321056366,1963.442704527567
101.6,0.016832565888762474,2249.621393419603
101.7,0.01645185798406601,1401.7779760840685
101.8,0.009835437871515751,1350.0074877133582
101.9,0.004529477097094059,1472.4973111635268
102.0,0.01002875529229641,1779.468867009481
102.1,0.020771801471710205,745.8131838046679
102.2,0.0186197217553854,2575.7414373541114
102.3,0.03866887092590332,2168.217883889349
102.4,0.03262067958712578,1705.8089516256273
102.5,0.01613890379667282,1124.270103187925
102.6,0.04003145545721054,2536.1407920365546
102.7,0.030420973896980286,2235.822923792722
102.8,0.0018488802015781403,3291.733056747897
102.9,0.0033555207774043083,3748.1508340289624
103.0,0.0011148573830723763,3330.8813053265903
103.1,0.00011250737588852644,3098.7620352223216
103.2,4.9815105739980936e-05,4347.051874750882
103.3,0.02240637317299843,1517.7999246101526
103.4,0.013061470352113247,936.8385780770154
103.5,0.003885354148223996,2217.0333502611247
103.6,8.222852920880541e-05,3588.5713906637598
103.7,0.00784964021295309,4081.027244539281
103.8,0.06223679333925247,1645.1123629734575
103.9,0.04392113909125328,1193.615482637335
104.0,0.02447478473186493,2010.8354975169152
104.1,0.02028462663292885,2499.152979749353
104.2,0.005041417200118303,2923.104076645894
104.3,0.015931079164147377,4839.7590115103485
104.4,0.030925365164875984,1233.0060142822247
104.5,0.008444439619779587,6653.693158001278
104.6,0.017074747011065483,2580.9897602264564
104.7,0.022266078740358353,2234.9265569053264
104.8,0.005465043243020773,1925.2221260811095
104.9,0.012665929272770882,1347.2922208113118
105.0,0.012962732464075089,1450.6123667546653
105.1,0.011982358992099762,2566.0500622345826
105.2,0.03246936574578285,1825.8517207805621
105.3,0.025073913857340813,1602.8057082851794
105.4,0.008138834498822689,1617.0327690221554
105.5,0.020772498100996017,1007.2415305437188
105.6,0.017764249816536903,1426.678050111916
105.7,0.0057654003612697124,1499.1759218821194
105.8,0.006060279440134764,2396.9260759022677
105.9,0.007827666588127613,1989.0186496141707
106.0,0.0033077113330364227,1615.7462829650094
106.1,6.925859634066e-05,4263.900240133911
106.2,0.00026178473490290344,2875.665503180244
106.3,0.0015877459663897753,2756.291023211181
106.4,0.0005512634525075555,3439.467587450186
106.5,2.2919643015484326e-05,4511.499792971416
106.6,1.8594992070575245e-05,4867.860388873994
106.7,0.0028342162258923054,2356.650839245664
106.8,0.004633001517504454,3050.8810793531607
106.9,0.009570992551743984,2989.699425820094
107.0,0.010240299627184868,2164.2432676155577
107.1,0.0026013317983597517,2358.964820958092
107.2,0.0006287434953264892,3901.860737437516
107.3,0.00040645498665980995,3749.7734769053714
107.4,0.000252543919486925,3086.7007820219224
107.5,2.430235326755792e-05,4343.66183829315
107.6,0.0015337768709287047,3407.324592688218
107.7,0.00789530947804451,1064.0111748702923
107.8,0.00811670906841755,3213.588707534035
107.9,0.004453298635780811,2047.2017104255888
108.0,0.014311697334051132,2280.2561556631936
108.1,0.01570768840610981,2485.8363640815496
108.2,0.012246783822774887,1875.6275153393638
108.3,0.002083613770082593,1175.994991323127
108.4,0.0028147820848971605,3676.5316166675566
108.5,0.004038936924189329,4230.491813929864
108.6,0.008177224546670914,3830.4539076764954
108.7,0.012512780725955963,1880.6690950685552
108.8,0.00542681897059083,3982.8746710751043
108.9,0.005519023165106773,3203.000128821374
109.0,0.007981630973517895,3571.2334914076714
109.1,0.0064645204693078995,4040.4583966693735
109.2,0.007961977273225784,2741.9488855754325
109.3,0.006824044976383448,3978.8057920438687
109.4,0.00911369826644659,3302.2766573240897
109.5,0.012786949053406715,2697.42093400924
109.6,0.018969735130667686,3236.6516926093486
109.7,0.008007356896996498,4135.242986037487
109.8,0.010858768597245216,3103.1707948183675
109.9,0.012406201101839542,3288.934509604395
110.0,0.006156052928417921,2704.1644742872045
110.1,0.00332299480214715,1739.947172065531
110.2,0.0021809120662510395,1165.6830858803787
110.3,0.00037643074756488204,1544.8079524480024
110.4,0.0026136066298931837,1727.3376514616843
110.5,0.010067660361528397,3916.4469611136296
110.6,0.006946804467588663,3805.3787091564664
110.7,0.02050248719751835,2641.4800570167617
110.8,0.0015708950813859701,3546.414254853224
110.9,0.013358388096094131,4083.099843880978
111.0,0.01017408911138773,2487.0671062545753
111.1,0.02840249426662922,2180.1035969560435
111.2,0.051513370126485825,3087.7377167330196
111.3,0.040764544159173965,2058.068293754098
111.4,0.03881702944636345,1910.7452112954002
111.5,0.06977004557847977,2297.6575706601834
111.6,0.03772064298391342,2667.1157867501734
111.7,0.05169457197189331,1997.5657537678612
111.8,0.035979822278022766,1948.072317255294
111.9,0.058062415570020676,2425.847982268416
112.0,0.016740446910262108,2827.4611273566006
112.1,0.057656753808259964,2119.477394109503
112.2,0.022140251472592354,2762.3893287307446
112.3,0.028471531346440315,2488.477300777906
112.4,0.020119156688451767,1516.0802039548557
112.5,0.02968704141676426,2548.067128173442
112.6,0.026597540825605392,2638.4601667219704
112.7,0.013807075098156929,1958.5859705263852
112.8,0.025161905214190483,2728.8057105327653
112.9,0.024527259171009064,2593.05595365472
113.0,0.013162145391106606,2111.0422003750364
113.1,0.0054946644231677055,3982.594032977141
113.2,0.002986589912325144,3635.4333799664864
113.3,0.0006861044093966484,3987.9460235096744
113.4,0.02421785518527031,2082.7963533479333
113.5,0.01333529967814684,1431.0838066084211
113.6,0.023028770461678505,1487.4405308854566
113.7,0.031008293852210045,1146.6989357536465
113.8,0.02255304343998432,1551.884484427993
113.9,0.026859980076551437,1263.4018611842505
114.0,0.03004823811352253,1579.3057036279963
114.1,0.020318912342190742,1537.296778425894
114.2,0.01564600318670273,1440.5483971695198
114.3,0.02429773472249508,1455.283110260801
114.4,0.026490775868296623,1785.055410603566
114.5,0.022346630692481995,1887.8077779868713
114.6,0.03400098532438278,1885.5622812060226
114.7,0.01489963848143816,1360.6165836993714
114.8,0.03750522807240486,2006.0549339905585
114.9,0.028114844113588333,2051.5814417579395
115.0,0.01967884786427021,4347.177306439642
115.1,0.014990530908107758,1530.0176594252866
115.2,0.04024914279580116,2386.9547783823177
115.3,0.011084167286753654,2356.3097719186476
115.4,0.05126665532588959,2305.8507160837034
115.5,0.017586592584848404,2315.9751287752665
115.6,0.027049506083130836,2088.496152660699
115.7,0.028398782014846802,1795.058033326374
115.8,0.030831292271614075,2258.4318596257913
115.9,0.019559377804398537,1962.4825515792238
116.0,0.03406868502497673,1602.9135326833778
116.1,0.01581006869673729,1817.0268981653553
116.2,0.0036364574916660786,3881.7761870766653
116.3,0.0007990643498487771,2475.7161762277065
116.4,0.03584402799606323,1943.5076162617925
116.5,0.014482910744845867,3740.3289268207163
116.6,0.0740542858839035,1695.8444303180813
116.7,0.026547085493803024,1355.8412272399614
116.8,0.007420242764055729,1779.4643074385049
116.9,0.01844881847500801,1262.785127235289
117.0,0.005992375314235687,5843.757750689739
117.1,0.012632426805794239,1489.8048333973652
117.2,0.009913907386362553,1415.8075867549926
117.3,0.01389290951192379,958.3395949242256
117.4,0.0037576109170913696,2857.0147104938605
117.5,0.03979111462831497,2462.9643279166503
117.6,0.011811572127044201,8019.02754855547
117.7,0.060386884957551956,2116.5361440184124
117.8,0.007245384156703949,2619.635078577209
117.9,0.016871372237801552,1976.4496654145237
118.0,0.02471023239195347,2224.2755006206335
118.1,0.026666397228837013,1985.4564848881105
118.2,0.008519280701875687,1894.4728518281977
118.3,0.0003707583819050342,3274.7847776660233
118.4,0.00559582281857729,3123.501717704793
118.5,0.007391135673969984,3380.8510149402196
118.6,0.0053598713129758835,3332.7067375611578
118.7,0.009341537952423096,2325.739739299507
118.8,0.002192812506109476,3505.2899623340268
118.9,0.0020258156582713127,1838.8809921904844
119.0,0.0023885881528258324,4123.78308735989
119.1,0.016982238739728928,4873.8326094520435
119.2,0.01275069173425436,4607.437474478471
119.3,0.007947759702801704,3602.534232333339
119.4,0.00692489929497242,1088.4528416621317
119.5,0.010080065578222275,3524.847046025235
119.6,0.008877091109752655,3627.7846919867707
119.7,0.013751376420259476,3635.0963863636716
119.8,0.010975666344165802,2323.893804890553
119.9,0.029151301831007004,4170.939108448404
120.0,0.012924122624099255,3995.0230493936633
120.1,0.014756635762751102,5800.811091912382
120.2,0.009615618735551834,1818.1031271481825
120.3,0.015832096338272095,2892.6264756272712
120.4,0.006742774974554777,3028.417308648508
120.5,0.01858115755021572,2131.362734695024
120.6,0.012616539373993874,3289.6477753430017
120.7,0.00268939440138638,3565.0106285244037
120.8,0.012917966581881046,2534.5660207750625
120.9,0.007948342710733414,3057.647672968531
121.0,0.002843717811629176,3380.3501260965513
121.1,0.0045681362971663475,3991.973654392536
121.2,0.007682731840759516,3160.150459172469
121.3,0.006226665340363979,3355.4455631758215
121.4,0.006751981098204851,3247.2066413031475
121.5,0.008515511639416218,3276.138396206606
121.6,0.009652461856603622,2621.7919171817375
121.7,0.0017629481153562665,2010.9522282038527
121.8,0.02208331599831581,2855.4490491228926
121.9,0.029624851420521736,2666.436127121449
122.0,0.03230557590723038,2520.0933454849464
122.1,0.023249851539731026,1869.880505065902
122.2,0.011457999236881733,1797.0045605868468
122.3,0.01333488430827856,1241.4370855095046
122.4,0.0266252588480711,1351.3644523597331
122.5,0.03039580024778843,1679.7273473070536
122.6,0.020310336723923683,2107.7045793684547
122.7,0.013554145582020283,976.6064899025926
122.8,0.006548760458827019,889.2875891375534
122.9,0.005507662892341614,840.8806153049175
123.0,0.021001465618610382,1311.6979939537387
123.1,0.0040471553802490234,3289.4671608671433
123.2,0.003423042129725218,3639.658686966057
123.3,0.0018676723120734096,3591.2601839691297
123.4,0.00044038292253389955,2721.7779011692305
123.5,0.014207113534212112,876.1348370623183
123.6,0.018041744828224182,2208.4468766305026
123.7,0.03585366532206535,2118.2501138677144
123.8,0.016541827470064163,1834.8754328913371
123.9,0.02012079395353794,2264.597004177987
124.0,0.004638358019292355,3403.0121197944522
124.1,0.046697281301021576,1434.5396470260675
124.2,0.027318356558680534,1196.1777546529183
124.3,0.017230886965990067,1800.8269825173181
124.4,0.02114199846982956,1619.0872119332275
124.5,0.02963823266327381,2545.873052303021
124.6,0.013286588713526726,6146.725014579748
124.7,0.037129197269678116,1347.159829379826
124.8,0.012415545992553234,1375.494264406951
124.9,0.01578482985496521,1460.072058093588
125.0,0.007002868689596653,859.6950811943132
125.1,0.029861878603696823,1080.4780239411607
125.2,0.039398979395627975,1434.8972886433899
125.3,0.029101107269525528,895.4210484833053
125.4,0.022606035694479942,1545.5336835376966
125.5,0.018275819718837738,1400.8716911828906
125.6,0.024464840069413185,2100.663490873614
125.7,0.02163871005177498,1373.2469352462713
125.8,0.020998140797019005,655.570350085484
125.9,0.013304421678185463,862.6320376935181
126.0,0.015579509548842907,1309.0037752401736
126.1,0.0039357151836156845,3497.3565993402917
126.2,0.0014773989096283913,3293.557224668886
126.3,0.00043616403127089143,3209.553120771878
126.4,1.4523751815431751e-05,4864.1560198467205
126.5,0.002511305268853903,8478.575498064221
126.6,0.017762083560228348,2102.294336852554
126.7,0.0013059962075203657,1521.3151928077982
126.8,0.037970930337905884,1558.5735347883597
126.9,0.025721926242113113,1794.8541224998507
127.0,0.0046588825061917305,5596.329015505395
127.1,0.02188774384558201,2981.8465407640606
127.2,0.027815071865916252,1857.2268908538663
127.3,0.018742026761174202,2182.274612398084
127.4,0.01997152715921402,1509.294184021368
127.5,0.030548302456736565,1475.5816121480912
127.6,0.027003521099686623,2171.9908027671695
127.7,0.011639687232673168,1505.3938824643387
127.8,0.00042811260209418833,2237.0449711691076
127.9,1.2360411346890032e-05,4965.955404984624
128.0,1.9675735529744998e-05,4479.054161680672
128.1,0.0014284965582191944,7725.573805251277
128.2,0.004106748383492231,4847.512406780514
128.3,0.0017372849397361279,3523.898885692212
128.4,0.008011512458324432,2921.8239545682313
128.5,0.004745850805193186,1812.2799674476732
128.6,0.012651192955672741,2635.440643371588
128.7,0.01191235613077879,3136.5660492029365
128.8,0.006642170716077089,7027.69218386422
128.9,0.003539023920893669,4635.043217332861
129.0,0.005493937525898218,3039.0118884985077
129.1,0.0032680837903171778,4117.44805564794
129.2,0.009070334024727345,3545.2144913990023
129.3,0.0035295013803988695,7624.778789507499
129.4,0.009354611858725548,3523.411688869711
129.5,0.005776857957243919,5674.408872859991
129.6,0.004189173225313425,3686.56513430302
129.7,0.002018183236941695,2726.8551507233847
129.8,0.003230226691812277,3888.2389245664335
129.9,0.005189976654946804,2783.551423978317
130.0,0.00741209601983428,2425.296241294194
130.1,0.010888767428696156,4021.0452897025043
130.2,0.004509543068706989,2493.281610184825
130.3,0.008104116655886173,2408.3897147700873
130.4,0.007535132113844156,3306.8667602490314
130.5,0.004011549521237612,7048.752246560341
130.6,0.002314091194421053,7831.903907317244
130.7,0.0184379443526268,3580.566682845372
130.8,0.013575620949268341,3592.9251291088885
130.9,0.006980573758482933,3820.4163527324827
131.0,0.005923740100115538,3851.4679509900125
131.1,0.0059496150352060795,2025.673830357709
131.2,0.004551560152322054,6745.79552206652
131.3,0.006408331450074911,3186.785272391545
131.4,0.005455615930259228,2634.8091514659786
131.5,0.00020394541206769645,2427.273097866487
131.6,0.002106868429109454,2347.1558428849294
131.7,0.0214515570551157,1005.043556220016
131.8,0.024200133979320526,1375.6677835589553
131.9,0.03681878373026848,1823.348395411082
132.0,0.03165687620639801,1870.2608329987577
132.1,0.029256358742713928,2184.759940448198
132.2,0.04127022251486778,2201.311876841595
132.3,0.03241753950715065,2529.6049248114396
132.4,0.012246010825037956,2114.065316506162
132.5,0.004684151615947485,3026.405961287378
132.6,0.026703694835305214,1746.9546109664582
132.7,0.03163326531648636,2339.0220307232894
132.8,0.02537490800023079,2881.575679253735
132.9,0.03667062520980835,2810.2330257983613
133.0,0.02850225940346718,2932.5707981346154
133.1,0.027924714609980583,2444.3153802438105
133.2,0.033400759100914,2737.162059027196
133.3,0.02989162877202034,2768.449583570733
133.4,0.005330435466021299,3363.4711197529255
133.5,0.0027562829200178385,3044.106485270906
133.6,0.04392942786216736,3513.0143050101087
133.7,0.06173025071620941,2220.9985997392732
133.8,0.03152717649936676,1759.8205680801352
133.9,0.046916764229536057,2481.028000275428
134.0,0.009142090566456318,3183.069576601286
134.1,0.017027195543050766,2883.24497118458
134.2,0.03889476880431175,2547.914948820505
134.3,0.04433576762676239,2665.478107230153
134.4,0.00377987721003592,1933.7083220233453
134.5,0.03958550840616226,2949.7383373111797
134.6,0.040022045373916626,2990.9695675025414
134.7,0.028031470254063606,2606.5059970198154
134.8,0.04419349506497383,2563.3127285577875
134.9,0.05592896044254303,3440.493707617098
135.0,0.04345828667283058,3298.83933154253
135.1,0.0320260226726532,2923.814999346426
135.2,0.016861489042639732,1969.4996780263714
135.3,0.015214083716273308,2150.12911910389
135.4,0.004326949827373028,1729.822813684702
135.5,0.0005216182908043265,3315.3160797876353
135.6,0.0005437855725176632,4356.676446357104
135.7,0.00014812545850872993,3134.2512042347425
135.8,0.011627290397882462,2404.325559114656
135.9,0.003810273017734289,2661.4814900820675
136.0,0.01718861795961857,3002.591773303721
136.1,0.012028200551867485,2925.932876914486
136.2,0.0052040801383554935,3495.7316260251573
136.3,0.010485634207725525,2172.9340893285344
136.4,0.005767937749624252,2474.2863143680934
136.5,0.01043700985610485,2514.6059488792125
136.6,0.010518441908061504,1475.9825517939425
136.7,0.007029485888779163,1428.7758904202797
136.8,0.0028967461548745632,1650.9790100589385
136.9,0.005000806413590908,2445.225878110122
137.0,0.008770527318120003,1794.061852451629
137.1,0.00513903284445405,1615.1026011856338
137.2,0.010992381721735,1812.5990061929247
137.3,0.009748009033501148,2281.1111217793887
137.4,0.01008470356464386,1559.3994531329076
137.5,0.015059431083500385,2333.103436866197
137.6,0.008815794251859188,3158.9086864068704
137.7,0.0044077737256884575,3388.9424123596045
137.8,0.0014620379079133272,5927.280709761108
137.9,0.004070643801242113,3146.1744445415225
138.0,0.0017168550984933972,2934.724487426511
138.1,0.0019089678535237908,2407.7200728545567
138.2,0.00447038933634758,1826.6689256827624
138.3,0.0008239428279921412,1928.3221395733804
138.4,0.0001480734790675342,2721.8932813539127
138.5,0.016858259215950966,1185.250493440556
138.6,0.0064891641959548,1330.800912073344
138.7,0.025584693998098373,1087.045542889624
138.8,0.014344211667776108,932.7165917611691
138.9,0.00020880527154076844,2268.4997880097976
139.0,0.00475004268810153,1423.5518547212696
139.1,0.008305211551487446,2578.409449743093
139.2,0.000995720736682415,3863.293906465323
139.3,0.013065396808087826,3187.720598231824
139.4,0.012716745026409626,2599.7452461564935
139.5,0.008950825780630112,4061.277756940658
139.6,0.01673715002834797,2429.0439254238468
139.7,0.020447058603167534,3307.6991200224697
139.8,0.005891831591725349,2576.3145118405473
139.9,0.008298296481370926,4641.904894397656
140.0,0.010809410363435745,4567.761551340559
140.1,0.012494849041104317,2895.5086528879383
140.2,0.008438683114945889,2580.5103417256764
140.3,0.001856133691035211,2007.9820099432911
140.4,0.008769359439611435,2635.9950424172703
140.5,0.004772763699293137,2731.4893053948517
140.6,0.004374819807708263,3422.620008894497
140.7,0.006270556710660458,2693.417229774027
140.8,0.002047315239906311,3742.3891956572716
140.9,0.01302447821944952,2286.1619618754657
141.0,0.001350162667222321,2257.0076122947603
141.1,0.008770898915827274,2029.7520144221467
141.2,0.0055117011070251465,1494.0905107357012
141.3,0.005994729697704315,4104.833983268163
141.4,0.0017189554637297988,6696.435342401608
141.5,0.010067322291433811,2710.4284789407393
141.6,0.01590212993323803,2603.8247656027957
141.7,0.011491636745631695,2259.93475796378
141.8,0.007442567031830549,2030.179620413497
141.9,0.00022806918423157185,2153.643964881612
142.0,0.015659069642424583,2523.33088488235
142.1,0.007401653565466404,2702.2324374623495
142.2,0.00023301436158362776,2229.754759542558
142.3,4.4515538320411e-05,3465.258381397348
142.4,1.8683851521927863e-05,4603.909796331463
142.5,0.008499027229845524,1817.4246981249235
142.6,0.03333692252635956,1843.3555257401354
142.7,0.019662046805024147,1363.0687618379743
142.8,0.0021537444554269314,1444.2383421088025
142.9,0.0007414282881654799,2910.0968935641613
143.0,0.0018910954240709543,3393.597698580134
143.1,0.0007374970009550452,3290.392455570752
143.2,0.00010656142694642767,2352.6398821943812
143.3,2.5461622499278747e-05,4833.687023488836
143.4,0.014383305795490742,1456.6594457980004
143.5,0.01292620599269867,2116.512144021703
143.6,0.03342927619814873,1811.2837044858557
143.7,0.00740906922146678,7435.705451127771
143.8,0.012610750272870064,2682.003223700681
143.9,0.033870842307806015,2189.622730585057
144.0,0.020572111010551453,1229.521241465199
144.1,0.011187314055860043,1488.5144326998143
144.2,0.026218503713607788,1934.5846516378824
144.3,0.009550623595714569,5706.610719355434
144.4,0.01622484251856804,1500.8964032651782
144.5,0.009857106022536755,3627.9207849017857
144.6,0.012878752313554287,1661.2820242966395
144.7,0.0031774097587913275,4466.207011168179
144.8,0.03181378170847893,1923.3651438739585
144.9,0.04244665801525116,1931.9653963345565
145.0,0.019267471507191658,2662.759069586163
145.1,0.014966105110943317,1643.540965411674
145.2,0.0016007074154913425,1193.14316999861
145.3,1.6017549569369294e-05,4976.781475001233
145.4,1.3005322216486093e-05,5057.335084336581
145.5,1.2823485121771228e-05,4914.368899384962
145.6,1.5768195225973614e-05,5065.376992239801
145.7,0.005647310987114906,2168.157149505989
145.8,0.007596269715577364,2064.4892373028897
145.9,0.017128417268395424,1732.532440624776
146.0,0.015684545040130615,953.9385076090259
146.1,0.008764845319092274,1271.1768820143702
146.2,0.005746342707425356,1030.514913746872
146.3,0.02334064617753029,1501.1209072485901
146.4,0.01755332015454769,2455.550083259924
146.5,0.016741646453738213,2289.8601847880354
146.6,0.008159976452589035,1356.911841605282
146.7,0.00987301766872406,4098.294355117992
146.8,0.01120634377002716,4041.208464111074
146.9,0.006589386146515608,4259.032307231526
147.0,0.0005331278662197292,3018.98907547424
147.1,0.0002715573355089873,3766.6055557748305
147.2,0.0003339321701787412,3697.591898999085
147.3,3.982354610343464e-05,4808.476211168007
147.4,0.0023730359971523285,3118.6711091513794
147.5,0.00932895764708519,3281.5087358419296
147.6,0.010081188753247261,7410.612541439027
147.7,0.015065598301589489,2350.1847431532588
147.8,0.022863054648041725,2133.570211670436
147.9,0.009097471833229065,3780.0023826968627
148.0,0.004514507483690977,6381.833371151285
148.1,0.011951950378715992,3587.6402178274993
148.2,0.00638987310230732,2804.573012482135
148.3,0.006453634239733219,7231.293165135756
148.4,0.0017388699343428016,3906.470609896736
148.5,0.00011138844274682924,3505.9366699116863
148.6,0.0016760281287133694,3324.477640684684
148.7,0.0026260693557560444,3001.699033899765
148.8,0.0006803284049965441,2131.9788021974377
148.9,2.2291294953902252e-05,4253.436214705722
149.0,1.2767854059347883e-05,4803.88612266682
149.1,1.4157069017528556e-05,4908.7782830908745
149.2,1.6671778212185018e-05,4709.211043213345
149.3,1.4968196410336532e-05,4744.625354742496
149.4,0.0009195807506330311,7351.297352759174
149.5,0.010068881325423717,1953.127216348419
149.6,0.01742587983608246,1394.688860983429
149.7,0.017517348751425743,1541.5542087913268
149.8,0.01713421940803528,1348.8127375387116
149.9,0.010754719376564026,1808.760812039648
150.0,0.017962902784347534,1692.1844268338627
150.1,0.020897237583994865,1640.1329541848804
150.2,0.023568056523799896,1666.5550534215083
150.3,0.022840037941932678,1599.0756876696366
150.4,0.01997690461575985,1682.1693252131527
150.5,0.009379464201629162,1732.7892398942408
150.6,0.0024190633557736874,2922.1891426311545
150.7,0.0015762883704155684,3206.2576558387836
150.8,0.0003964665811508894,2986.7848963164624
150.9,2.807828423101455e-05,4348.87486691248
151.0,1.3025834050495178e-05,5067.64765614022
151.1,4.303435343899764e-05,4501.5470173571075
151.2,0.012838555499911308,3348.74658906317
151.3,0.0260196253657341,1480.5321562427862
151.4,0.0389670729637146,2287.024123537437
151.5,0.02516895905137062,2312.348209176653
151.6,0.025384150445461273,957.6262052356986
151.7,0.024194268509745598,1565.4375121684586
151.8,0.0014509476022794843,2118.056291200196
151.9,0.022772975265979767,1476.169450208397
152.0,0.023154841735959053,1646.6395414284707
152.1,0.013863793574273586,1510.5906676197658
152.2,0.008929098956286907,1885.1567212225543
152.3,0.006447496358305216,1686.9686406150179
152.4,0.0063034831546247005,1905.3044244017024
152.5,0.002048979979008436,2714.477752721047
152.6,0.011127057485282421,1642.751129815626
152.7,0.015863927081227303,2242.664114478651
152.8,0.008292107842862606,1598.2766864215123
152.9,3.937684232369065e-05,3725.1713228842705
153.0,1.2754313502227888e-05,5228.941835212973
153.1,1.1876349162776023e-05,5240.032197981979
153.2,2.245227551611606e-05,4723.1203557033095
153.3,0.0018624596996232867,2356.362399150157
153.4,0.018162226304411888,3869.2977286099153
153.5,0.019922468811273575,2716.4291678462064
153.6,0.017857281491160393,1558.6305496970888
153.7,0.02880284935235977,1336.7793198563636
153.8,0.022224731743335724,1546.9553504103906
153.9,0.011017872951924801,2184.534450836436
154.0,0.0051644532941281796,1350.6933309105862
154.1,0.0024388928432017565,2643.781314145109
154.2,0.001772013260051608,2561.7814694733215
154.3,0.00244644982740283,1143.3799561545568
154.4,0.004980932921171188,814.2338566580952
154.5,0.002515830099582672,1121.9708131812692
154.6,1.3305772881722078e-05,5146.285766209012
154.7,1.578738920215983e-05,4856.571385466867
154.8,0.003975565545260906,1891.0008457485874
154.9,0.005739687941968441,2172.8810784263596
155.0,0.0005601559532806277,2324.9403367188243
155.1,3.084729178226553e-05,3682.194757195419
155.2,0.004981092177331448,3116.2416500252134
155.3,0.008374959230422974,4013.391347044004
155.4,0.008286754600703716,4138.812478691156
155.5,0.0037292949855327606,2238.0032670309724
155.6,0.005830693524330854,3789.423784500341
155.7,0.005238988436758518,3975.9110948091243
155.8,0.006399007514119148,4242.38183991229
155.9,0.006283074617385864,3141.7577197358532
156.0,0.0012917309068143368,4250.664172840283
156.1,0.006250584498047829,3660.4179642186396
156.2,0.013565640896558762,1837.1004822121233
156.3,0.03560826554894447,1888.9196996709009
156.4,0.022863125428557396,2245.6182647319797
156.5,0.00956244021654129,2200.511729870247
156.6,0.01010318472981453,3061.224476016398
156.7,0.005193775054067373,4169.996579855654
156.8,0.005479599814862013,3281.670652316934
156.9,0.006724037695676088,3835.0657326907976
157.0,0.005367147736251354,3593.4286670465576
157.1,0.003625251352787018,6088.527769145843
157.2,0.012599625624716282,2896.393438074692
157.3,0.014890572056174278,2413.1168401513655
157.4,0.007149434648454189,3476.2592787146714
157.5,0.004971648100763559,3718.607754100709
157.6,0.011813618242740631,2724.8957836435056
157.7,0.017214525490999222,2644.789556528078
157.8,0.007501766551285982,3395.299095715079
157.9,0.003994718659669161,3037.46539903588
158.0,0.0058677662163972855,3364.186532024086
158.1,0.00300820404663682,3029.4221641393124
158.2,0.0039652688428759575,2843.06238070307
158.3,0.004018799867480993,2690.299415000345
158.4,0.003339899005368352,3091.543051878728
158.5,0.0050913202576339245,2472.7164321274468
158.6,0.011516440659761429,2845.830565484731
158.7,0.026475533843040466,2716.524303598919
158.8,0.021354861557483673,2855.673542061849
158.9,0.008671748451888561,1924.4653421506885
159.0,0.02139592170715332,2592.3584079458155
159.1,0.02397446148097515,2396.805215359123
159.2,0.005600764416158199,2258.9062751184515
159.3,0.010487177409231663,2735.8566706593238
159.4,0.0023429556749761105,4889.167359747528
159.5,0.04507490247488022,2849.583386971674
159.6,0.04261186346411705,1419.992920157139
159.7,0.05750904604792595,2286.412303806631
159.8,0.04525332897901535,2709.7032869012796
159.9,0.02022876776754856,1899.7143114732962
160.0,0.009795106947422028,2148.657905786317
160.1,0.009768608026206493,2127.450031310272
160.2,0.01918087899684906,1859.4392707396062
160.3,0.014181261882185936,2190.631928292936
160.4,0.018490871414542198,1904.12474576139
160.5,0.0351787768304348,2042.9572229242274
160.6,0.042705439031124115,2048.2168756599976
160.7,0.03597698360681534,2203.9507077974117
160.8,0.015325818210840225,1970.2507241143069
160.9,0.02126917615532875,3153.5324288024112
161.0,0.015039794147014618,3293.8096707081468
161.1,0.010875996202230453,4323.36621963413
161.2,0.011290661059319973,4487.804837746118
161.3,0.008172552101314068,4049.598621596046
161.4,0.00995607953518629,1614.3476439882909
161.5,0.00825449451804161,4100.383646003761
161.6,0.010235658846795559,3913.049516871135
161.7,0.010174400173127651,4176.191686032405
161.8,0.012546736747026443,3367.664380889442
161.9,0.008794758468866348,3555.091209961943
162.0,0.00240133423358202,2584.220568706214
162.1,0.0009494122350588441,4888.612251645322
162.2,0.00036989583168178797,4581.875669880435
162.3,0.0001656735985307023,4004.0304667248256
162.4,3.0787952709943056e-05,4311.934896023278
162.5,1.321278432442341e-05,4914.928800939927
162.6,1.3606915672426112e-05,4300.982088804374
162.7,0.007454538252204657,3011.1221759989685
162.8,0.015064734034240246,2675.909812444658
162.9,0.011278319172561169,4311.349021512624
163.0,0.012639476917684078,4139.889275556808
163.1,0.007461692206561565,2167.880128574017
163.2,0.00809447094798088,2561.434964929697
163.3,0.004802036099135876,4050.093518028578
163.4,0.009108716621994972,7281.694951585774
163.5,0.007129442412406206,4072.855066431666
163.6,0.015328180976212025,2454.981855100089
163.7,0.0073585547506809235,2817.554634396875
163.8,0.007881824858486652,1341.671521180561
163.9,0.00549268489703536,3536.0211253395423
164.0,0.0042859287932515144,4420.330176343962
164.1,0.003560034791007638,4101.407082855067
164.2,0.0024851751513779163,4841.680886156261
164.3,0.0037311455234885216,3584.192958084582
164.4,0.003799402853474021,2855.848586047733
164.5,0.006066512782126665,1748.1092798377626
164.6,0.011841410771012306,2218.127329490442
164.7,0.005463482346385717,1569.2088802384037
164.8,0.0002740375930443406,1775.7718375194986
164.9,2.596660669951234e-05,3657.912385793298
165.0,1.251915000466397e-05,4098.92302732463
165.1,1.2264120414329227e-05,4489.593210415647
165.2,1.507476918050088e-05,4104.108229235536
165.3,1.5868250557105057e-05,4806.559211071824
165.4,0.0014376488979905844,2652.4909380299478
165.5,0.013242661021649837,2453.635409737364
165.6,0.014873716980218887,2374.4869538117355
165.7,0.014916356652975082,2253.187683299144
165.8,0.01607261411845684,2155.530887132521
165.9,0.01535309199243784,1866.429702206863
166.0,0.010792295448482037,1531.4322339911137
166.1,0.0047372616827487946,1260.681211481413
166.2,0.0017414733301848173,3870.0035148268407
166.3,0.002019403502345085,3785.9938077816396
166.4,0.0013448597164824605,3550.5019495594843
166.5,0.0005856696516275406,2703.976705451625
166.6,0.0001972004829440266,6175.201848346205
166.7,0.00881288480013609,2598.945637109978
166.8,0.0187882948666811,1575.5835737045484
166.9,0.01869204081594944,1626.3142832529309
167.0,0.023828355595469475,1833.9089746927002
167.1,0.015379156917333603,1322.7990914521906
167.2,0.04481247439980507,1789.6309431571503
167.3,0.03194345161318779,1945.7561748444928
167.4,0.026413284242153168,1633.8382713477813
167.5,0.0039137182757258415,796.0691865219658
167.6,0.022558195516467094,1500.7972825702777
167.7,0.013144510798156261,1791.3957334797853
167.8,0.011046802625060081,1302.5674887947896
167.9,0.0003849327622447163,2383.3298162108663
168.0,0.005639662966132164,3359.1796299334446
168.1,0.02621878869831562,2172.239570898166
168.2,0.017480911687016487,1130.5394615608302
168.3,0.004035070072859526,2728.7926892793794
168.4,0.009119884110987186,1260.0252113163826
168.5,0.01034929882735014,1375.2077099652906
168.6,0.013613870367407799,1495.3643645111872
168.7,0.01738566718995571,2410.44935777382
168.8,0.018188854679465294,2019.2123614369782
168.9,0.027073103934526443,2527.3687820771447
169.0,0.023043034598231316,2713.4638169026402
169.1,0.01656026765704155,1792.5513835258103
169.2,0.004691092763096094,6569.852904080711
169.3,0.01089358888566494,1874.6897568114568
169.4,0.00515859667211771,2344.7935606464544
169.5,0.003644386073574424,3329.5642731145304
169.6,0.001198307378217578,3219.9189833925766
169.7,0.0009946367936208844,2952.482783691151
169.8,0.013825022615492344,1712.101347573363
169.9,0.03409617394208908,1712.3582222313228
170.0,0.03615913912653923,1451.1060553418927
170.1,0.01483822800219059,2244.7890623153653
170.2,0.011537760496139526,2258.2009748350174
170.3,0.024622978642582893,1456.0256487880974
170.4,0.012432857416570187,4076.1277932346484
170.5,0.0160843376070261,1021.7949151742984
170.6,0.009018206037580967,1055.0000060893972
170.7,0.00838655885308981,1844.3308464003462
170.8,0.00926878396421671,2311.5912661707453
170.9,0.0047303177416324615,2888.745326012304
171.0,0.015510662458837032,1709.3708988357548
171.1,0.018110431730747223,2124.771046839332
171.2,0.040568191558122635,1942.723161796458
171.3,0.002837698208168149,1041.9517646180116
171.4,0.013126261532306671,1208.971265689329
171.5,0.008898487314581871,1153.7685860769277
171.6,0.0021780040115118027,2301.8167010693123
171.7,0.004144587554037571,1928.6970932857375
171.8,0.0066620055586099625,1276.362840199131
171.9,0.007055790163576603,1560.8451044292378
172.0,0.0013048389228060842,2018.0998223914219
172.1,1.2919708751724102e-05,4943.213767296693
172.2,1.2619026165339164e-05,4958.482576496268
172.3,0.002128384541720152,3786.6028663310776
172.4,0.003696849336847663,4155.45299784853
172.5,0.001668457523919642,4527.797173346459
172.6,0.0063112229108810425,2304.853852825099
172.7,0.005393586121499538,2850.8746878887814
172.8,0.0067851729691028595,1188.875709706469
172.9,0.00451907142996788,1529.7870507191187
173.0,0.0026521619874984026,3210.943261841381
173.1,0.0042295753955841064,1047.71245673886
173.2,0.0022517512552440166,2356.3837583347613
173.3,0.003203050931915641,3741.4551741484047
173.4,0.001879123505204916,3179.03586899307
173.5,0.002207850106060505,3254.1186727587756
173.6,0.0027633332647383213,3149.8597948713896
173.7,0.0030131463427096605,2549.5281258118366
173.8,0.003894170979037881,3767.781342224653
173.9,0.004222806543111801,5455.221926220912
174.0,0.003543747356161475,2963.435568044867
174.1,0.0023061949759721756,2506.641919022256
174.2,0.0011275159195065498,3681.5114024284867
174.3,0.0010958741186186671,3127.3946008112207
174.4,0.0013572078896686435,3656.3509002001174
174.5,0.00013798486907035112,2936.049954709735
174.6,0.0010746107436716557,4761.720593974113
174.7,0.0005857112118974328,3017.0668244537464
174.8,1.8903709133155644e-05,4605.494742362643
174.9,1.8099783119396307e-05,4760.360897709599
175.0,1.8520773664931767e-05,4901.916322744815
175.1,2.153438799723517e-05,4814.1039914224475
175.2,0.024571286514401436,888.168595274674
175.3,0.03260820358991623,1217.8207284942034
175.4,0.012305126525461674,747.9464683178006
175.5,8.740471821511164e-05,3321.4388459446254
175.6,2.0177792976028286e-05,4581.407371325132
175.7,1.5365099898190238e-05,4856.486021702236
175.8,0.009313113987445831,2735.6285292725697
175.9,0.024839652702212334,1134.4889946148926
176.0,0.020172661170363426,1196.7012536043185
176.1,0.01280048955231905,1025.5102272882473
176.2,0.000984331127256155,1772.674263465134
176.3,2.4505901819793507e-05,4728.450115464906
176.4,1.7220434529008344e-05,4520.99400129517
176.5,1.722555134620052e-05,4761.135997177295
176.6,1.5814714060979895e-05,4806.1204904547685
176.7,2.1480165742104873e-05,4764.05159089685
176.8,0.006276782602071762,1830.7576181001618
176.9,0.016060367226600647,2547.685497460829
177.0,0.007807666435837746,7640.936436054797
177.1,0.03053315356373787,1592.0850809728995
177.2,0.02787197008728981,1665.9245105748905
177.3,0.029472745954990387,1734.8741407004486
177.4,0.012729289941489697,1267.7067271935516
177.5,0.0002746670215856284,3361.10764392463
177.6,2.027300070039928e-05,4525.399767891273
177.7,1.791465183487162e-05,4725.385067407191
177.8,1.7742750060278922e-05,4650.614385287008
177.9,1.6879594113561325e-05,4753.832791214009
178.0,1.8785445718094707e-05,4817.562022809273
178.1,2.061758095805999e-05,4512.73342246945
178.2,1.6435184079455212e-05,4967.576524833765
178.3,1.8395883671473712e-05,4684.385472323089
178.4,2.3552878701593727e-05,4759.667621346792
178.5,0.01599755883216858,1807.4268728656225
178.6,0.02998933009803295,1758.892303474015
178.7,0.01934748701751232,2676.331674147042
178.8,0.006742370314896107,3879.194850562239
178.9,0.0072286296635866165,2728.733402423025
179.0,0.00437186798080802,2687.0731697630554
179.1,0.0007034800946712494,3369.854507897563
179.2,5.021737888455391e-05,3329.47022246114
179.3,1.53743658302119e-05,4618.141826520901
179.4,0.003208344802260399,3611.2774313355285
179.5,0.0064191073179244995,5228.218402557892
179.6,0.0029712042305618525,4386.93952874091
179.7,0.008989661000669003,2885.3395830253644
179.8,0.009280039928853512,3764.8930783506653
179.9,0.01223432831466198,3322.1718487928433
180.0,0.0074103157967329025,7471.7566274875435
180.1,0.008181320503354073,4153.528388123821
180.2,0.005672680679708719,2302.008430960067
180.3,0.0021706607658416033,3175.6154963503113
180.4,0.004945116117596626,3465.7473521947004
180.5,0.005669338162988424,2970.973282752223
180.6,0.0018994146957993507,3271.819952739013
180.7,0.002654808573424816,2116.9025768880565
180.8,0.0037772092036902905,1593.6765186784219
180.9,0.0008340534986928105,1303.313165746943
181.0,3.073574407608248e-05,3675.8008649412777
181.1,1.821651494537946e-05,4540.796315480536
181.2,1.8815157091012225e-05,4841.806963820919
181.3,0.0030711775179952383,1751.235828093732
181.4,0.015364025719463825,2080.1550655817427
181.5,0.02270505391061306,1877.4065388668403
181.6,0.019178833812475204,2874.032638715144
181.7,0.015993572771549225,5756.733427472922
181.8,0.022716250270605087,2100.4426647915775
181.9,0.04630871117115021,2233.200062739417
182.0,0.044252052903175354,1915.9999565703615
182.1,0.01213208306580782,1919.7618354297517
182.2,0.001094977604225278,3891.931716770607
182.3,0.0009611152345314622,3858.5862861136243
182.4,0.0002792027953546494,3527.817323095015
182.5,3.798028046730906e-05,4373.901568057984
182.6,0.016634501516819,2110.9667798411906
182.7,0.022417014464735985,1214.499902475447
182.8,0.006366339512169361,2122.093035974701
182.9,0.014007744379341602,1464.8937401758326
183.0,0.02320576086640358,1818.2175747898243
183.1,0.01675381138920784,1135.0195193754575
183.2,0.003302555298432708,1043.2991732179987
183.3,2.957665674330201e-05,4599.363040239267
183.4,2.552029036451131e-05,4620.146231988646
183.5,2.551644320192281e-05,4410.22987791666
183.6,1.626027915335726e-05,4891.4542171163375
183.7,2.2123111193650402e-05,4367.724849412789
183.8,0.0007846922380849719,2949.47326726499
183.9,0.016972137615084648,2238.115502748323
184.0,0.011961016803979874,2327.2294232966424
184.1,0.016470367088913918,1627.7520346057995
184.2,0.014028562232851982,1701.4054024534257
184.3,0.009915129281580448,2152.753209635018
184.4,0.0028890541289001703,6794.996315866346
184.5,0.010878636501729488,2565.6221905556395
184.6,0.017264310270547867,1510.6216931749977
184.7,0.009625125676393509,1206.0608353198184
184.8,4.4551430619321764e-05,3954.771216867426
184.9,1.5202831491478719e-05,5190.52073041159
185.0,1.86181041499367e-05,4521.023255903488
185.1,1.8281361917615868e-05,4884.247797316608
185.2,2.455249341437593e-05,4450.423595901242
185.3,0.0042771161533892155,3109.799622312673
185.4,0.0037550628185272217,3598.4641145244887
185.5,0.008150377310812473,1139.74604534711
185.6,0.006693514995276928,3991.328159065389
185.7,0.006801535841077566,3328.9185422108158
185.8,0.003852593246847391,3200.2188603334716
185.9,0.00053190509788692,4209.334007470681
186.0,0.0006603067740797997,3630.2287385811687
186.1,0.006885210983455181,6735.350762230055
186.2,0.009000677615404129,5550.6847284556015
186.3,0.005000910721719265,3063.8453981626617
186.4,0.002998542273417115,3250.368254646016
186.5,0.007728605531156063,3682.1807963836895
186.6,0.006281393580138683,3277.871965108432
186.7,0.004940266255289316,3229.4436387510814
186.8,0.0011355795431882143,3109.1172662884
186.9,0.007602224126458168,2209.3904919041847
187.0,0.009143236093223095,2518.588951547791
187.1,0.005768412258476019,2213.782394634345
187.2,0.009811676107347012,3104.853450535875
187.3,0.001139369560405612,2948.338181366186
187.4,3.921972165699117e-05,3944.77731000637
187.5,1.9541930669220164e-05,4823.8531085618615
187.6,0.007841928862035275,2784.705463641233
187.7,0.02997499704360962,2402.1314241681857
187.8,0.01850365847349167,1721.9619201021223
187.9,0.033861834555864334,2259.130345027126
188.0,0.03890010342001915,2300.4460518790424
188.1,0.0017608784837648273,3604.133342711746
188.2,0.0035562622360885143,3431.924701171381
188.3,0.0017107606399804354,3142.1580205519294
188.4,0.00023193605011329055,2439.1459518300617
188.5,0.00551883177831769,7908.745236665447
188.6,0.06061441823840141,2084.88594375462
188.7,0.02388784848153591,4927.47989337151
188.8,0.025398682802915573,1354.3595140118628
188.9,0.027468960732221603,1244.6435447175063
189.0,0.024538671597838402,1532.306523108638
189.1,0.02795909345149994,1000.8433172558833
189.2,0.0180547833442688,1393.4810657970254
189.3,0.010368568822741508,1423.6719679090909
189.4,0.00614567007869482,1934.5755870617772
189.5,0.0038129768799990416,6436.401167601353
189.6,0.006689679808914661,1417.9246097913015
189.7,0.013651714660227299,1260.0176839054486
189.8,0.0027945127803832293,1687.3948380127706
189.9,1.4601157090510242e-05,4957.011245483127
190.0,1.2832565516873728e-05,4969.590663727442
190.1,1.2030465768475551e-05,5157.211042058449
190.2,1.172729298559716e-05,5089.542167031786
190.3,0.00013516508624888957,4561.566381136461
190.4,0.004021621309220791,4009.5149534409993
190.5,0.01449626125395298,7976.890382265095
190.6,0.010836542584002018,3102.6905458406736
190.7,0.009519385173916817,3444.366282140393
190.8,0.0038612878415733576,4010.3404591405824
190.9,0.0018710382282733917,3223.3755615607633
191.0,0.006701238453388214,4043.9280449908915
191.1,0.0075955926440656185,5948.69549946403
191.2,0.009584021754562855,2476.1735464609883
191.3,0.004531186074018478,1771.4736400209713
191.4,0.008354764431715012,3994.9536209579883
191.5,0.007367224898189306,4851.238667334745
191.6,0.012169034220278263,3463.156762327876
191.7,0.013745766133069992,2779.6042177636746
191.8,0.007714363746345043,3625.2807396657454
191.9,0.007126183714717627,6504.752052323116
192.0,0.008810114115476608,3195.165545113537
192.1,0.005157003179192543,7532.278463379684
192.2,0.008016802370548248,3397.227720411789
192.3,0.006645507644861937,6984.403520661508
192.4,0.0075528062880039215,7154.902475284949
192.5,0.005418237764388323,3314.761284287174
192.6,0.0009265686967410147,3114.350499491251
192.7,0.0046693398617208,3671.7778498357584
192.8,0.003198443679139018,2241.217236019087
192.9,0.004349453374743462,2970.296580314941
193.0,0.004752240143716335,3339.874179681177
193.1,0.009457477368414402,3066.2427148245215
193.2,0.017775343731045723,2930.4319946930564
193.3,0.01707966811954975,2892.589089009237
193.4,0.011005699634552002,3136.069716037993
193.5,0.015615344978868961,2858.1000715754667
193.6,0.011247853748500347,2659.2281165699637
193.7,0.0051442100666463375,2837.512316488844
193.8,0.0022538246121257544,2606.0508100944026
193.9,0.00047282862942665815,2238.2792187849027
194.0,1.7448648577556014e-05,5137.601950642177
194.1,1.3195585779612884e-05,4999.232203767803
194.2,1.241969130205689e-05,5327.035669566617
194.3,1.3219999345892575e-05,4816.908586219146
194.4,7.854177238186821e-05,5977.994576269228
194.5,0.005887039937078953,2801.4347876180545
194.6,0.023926973342895508,2361.596195755342
194.7,0.022987792268395424,2655.3505535787162
194.8,0.020827479660511017,3600.996426553144
194.9,0.018370531499385834,2595.8670599287684
195.0,0.010635491460561752,2337.8204579051753
195.1,0.003368138102814555,4317.421522506102
195.2,0.0016624812269583344,5715.6804466008525
195.3,0.01200534775853157,3952.4551993440195
195.4,0.025206007063388824,1757.7300217790105
195.5,0.03225860372185707,2566.02582027466
195.6,0.00989642832428217,7810.288262018384
195.7,0.023479383438825607,2218.976692572261
195.8,0.006609894335269928,3023.2355028016677
195.9,0.019065886735916138,2546.036447172833
196.0,0.021309904754161835,2503.638265674319
196.1,0.022804128006100655,2682.097836153747
196.2,0.02041994407773018,2735.582479736646
196.3,0.009428420104086399,2908.6273479607
196.4,0.005556784570217133,3229.3517271984847
196.5,0.005560054909437895,2940.5648178683905
196.6,0.006854858715087175,3640.8456557822296
196.7,0.00402655778452754,3139.6629413391656
196.8,0.003423979040235281,3351.7017483380146
196.9,0.00276580941863358,2334.135169661835
197.0,0.0026184306479990482,2281.560958611112
197.1,0.0022777642589062452,2174.576664104538
197.2,0.0030690913554280996,7300.065615114174
197.3,0.017879456281661987,3705.9354004595098
197.4,0.017133938148617744,1785.4606973677164
197.5,0.011885513551533222,3675.2136985670204
197.6,0.0132116274908185,854.2890334134146
197.7,0.008699258789420128,1404.6157773529458
197.8,0.014740592800080776,2468.076732256861
197.9,0.01330021396279335,2874.6602234640623
198.0,0.033177994191646576,2811.4255387571175
198.1,0.022018734365701675,2534.14513739655
198.2,0.022507142275571823,1648.658646624843
198.3,0.01539703831076622,2646.363033527675
198.4,0.020309964194893837,1705.661860751152
198.5,0.016494257375597954,1441.6544153157042
198.6,0.013788921758532524,3007.416171963203
198.7,0.007884833961725235,5670.415723800628
198.8,0.012289103120565414,1317.6678612853814
198.9,0.01825151965022087,1146.391247737001
199.0,0.003817280987277627,1181.1792360970337
199.1,0.0005525376182049513,1658.7775873360554
199.2,0.001268397201783955,1236.8339533379435
199.3,0.003831407753750682,2162.904118734689
199.4,0.002006425755098462,1357.6154163989686
199.5,0.002164815552532673,2240.0944094858824
199.6,0.002870393916964531,1447.9878393339568
199.7,0.0003196617471985519,3175.433458722191
199.8,0.00048388613504357636,3688.72737215935
199.9,0.00041901328950189054,3046.6607711657416
200.0,0.0018877729307860136,5134.409492959432
200.1,0.00338198384270072,5424.604262632341
200.2,0.005874053109437227,2552.125806791886
200.3,0.0031159138306975365,3454.255195448538
200.4,0.006559645291417837,2938.835815348076
200.5,0.0071915858425199986,3285.1928115337355
200.6,0.005220477469265461,3179.5289525019116
200.7,0.0005501159466803074,3862.6354618157693
200.8,0.0009069980005733669,2889.612989117242
200.9,0.0023514460772275925,3119.145306206361
201.0,0.004641558043658733,7035.308200496412
201.1,0.004775541834533215,3129.1138498531577
201.2,0.007471694611012936,1137.9259354213514
201.3,0.006811187136918306,1053.934763614178
201.4,0.006204887293279171,1829.9009215538777
201.5,0.0013020025799050927,899.6483082685555
201.6,0.0002090671332553029,2709.810316639137
201.7,9.258763020625338e-05,3194.4357271895815
201.8,4.914784585707821e-05,3580.471424771871
201.9,2.4870376364560798e-05,4329.439250250203
202.0,3.3593772968742996e-05,3977.942519136708
202.1,3.017747076228261e-05,4529.772966612231
202.2,0.0034936496522277594,3530.0826646125047
202.3,0.007808852940797806,3112.175001567205
202.4,0.008664190769195557,2585.3131478703763
202.5,0.008301525376737118,957.6155879087285
202.6,0.005613836459815502,2534.936552300583
202.7,0.007560765370726585,3154.369570923206
202.8,0.007972713559865952,2927.983810539141
202.9,0.007472990080714226,2837.036060537329
203.0,0.007843708619475365,1646.7870153560475
203.1,0.0087808258831501,1091.6234609031508
203.2,0.007524167653173208,1992.0470989364412
203.3,0.0066640484146773815,2902.3251318331772
203.4,0.00492336368188262,3428.973410632912
203.5,0.0021537900902330875,4543.346665670032
203.6,0.009201407432556152,3303.679011585329
203.7,0.005707532167434692,3016.411225029914
203.8,0.006791912019252777,2492.149227373589
203.9,0.011144035495817661,2235.287627473514
204.0,0.009636474773287773,1988.1792305964057
204.1,0.0009059020667336881,3275.385819142172
204.2,0.019063983112573624,1497.569374065236
204.3,0.027118923142552376,1621.5782185282615
204.4,0.02047733962535858,1626.5490788230863
204.5,0.008224379271268845,1878.5032036626558
204.6,0.007680897135287523,1607.5183466524493
204.7,0.008487710729241371,1560.4155416958401
204.8,0.007614615373313427,1803.31478044129
204.9,0.01102948933839798,1116.975690192976
205.0,0.004057605285197496,766.4369348260914
205.1,2.2680866095470265e-05,4526.596325304602
205.2,1.958778011612594e-05,4808.527180190175
205.3,1.8951961465063505e-05,4585.816473022978
205.4,0.00040152156725525856,3763.7967299982174
205.5,0.0022487600799649954,3411.497397037335
205.6,9.441588190384209e-05,3239.367860537808
205.7,0.0036780424416065216,2785.577993875071
205.8,0.0035452444572001696,2668.7008837694243
205.9,0.0038493634201586246,2208.8133936041168
206.0,0.0023290873505175114,4708.373390034211
206.1,0.005501008592545986,4517.645312628214
206.2,0.007887591607868671,3759.6764711274236
206.3,0.009459683671593666,3037.2924766074852
206.4,0.0086555490270257,3183.1305405459816
206.5,0.009265375323593616,2799.2932704863697
206.6,0.012428272515535355,2658.9869303887626
206.7,0.00919712707400322,1493.5873754039662
206.8,0.018079128116369247,3415.7470137411697
206.9,0.009786435402929783,3410.7218097859645
207.0,0.0005040414398536086,1844.6167920600449
207.1,0.00010223031131317839,3116.494744494575
207.2,2.79789437627187e-05,3851.002564799795
207.3,1.4944648683012929e-05,4913.775696799521
207.4,2.2430025637731887e-05,4511.010071008088
207.5,1.6603504263912328e-05,4991.264100824612
207.6,1.5070849258336239e-05,5153.045469650215
207.7,0.008847960270941257,6686.133122016588
207.8,0.012454071082174778,3419.853344721758
207.9,0.010670142248272896,6050.252923639931
208.0,0.024027053266763687,3396.31309729429
208.1,0.019536275416612625,3939.027393787944
208.2,0.009739730507135391,7262.816691518272
208.3,0.009801315143704414,2405.0599026995883
208.4,0.017946064472198486,3302.4086041886985
208.5,0.006314611062407494,6321.954610616219
208.6,0.0045518758706748486,4460.840398275097
208.7,0.012510295026004314,2936.671973823849
208.8,0.01950174570083618,3410.3733263031254
208.9,0.01105943787842989,2184.3028399909454
209.0,0.0057343426160514355,5415.171952590922
209.1,0.005415630526840687,4253.8398854761635
209.2,0.01286178920418024,3934.538683928724
209.3,0.014384133741259575,4143.122752030189
209.4,0.03298795968294144,3223.6610371517627
209.5,0.008251719176769257,7788.407727292557
209.6,0.0174113679677248,2910.7774189313395
209.7,0.004384774714708328,3362.6711085615893
209.8,0.017404571175575256,2983.22365207459
209.9,0.004318665247410536,3911.580739358503
210.0,0.014829731546342373,3772.870557379527
210.1,0.019814450293779373,4516.904557000901
210.2,0.003000822151079774,3553.852762038667
210.3,0.0001625377481104806,2905.239754838666
210.4,0.010247372090816498,1510.1987782493218
210.5,0.028280766680836678,1976.9937024434043
210.6,0.039034340530633926,2412.377832571496
210.7,0.04562162235379219,2368.071897798018
210.8,0.036206960678100586,2552.5862377670323
210.9,0.030414510518312454,2533.2123436475053
211.0,0.039454128593206406,2759.520939987689
211.1,0.029722247272729874,2524.2449131936237
211.2,0.01941015012562275,2972.4986575869143
211.3,0.003165713045746088,3484.572504115753
211.4,0.005597367417067289,3455.4285084845255
211.5,0.0051648435182869434,3212.532062484406
211.6,0.03878896310925484,2936.472035102514
211.7,0.013377263210713863,3580.6872985664145
211.8,0.056929562240839005,2945.657997710632
211.9,0.052942439913749695,2844.0798826314967
212.0,0.03292294219136238,2647.8026420805495
212.1,0.039362773299217224,2870.652700180387
212.2,0.03493248298764229,2809.240429788999
212.3,0.03415409475564957,2852.5722801216657
212.4,0.03512246534228325,2891.359088190409
212.5,0.029638538137078285,3003.2998899981026
212.6,0.02508942037820816,3332.0258146573847
212.7,0.007048989180475473,3197.5873003158813
212.8,0.0023318647872656584,4903.814755908497
212.9,0.00178119249176234,4952.395966865382
213.0,0.000863351859152317,4392.825413650953
213.1,0.0003564734070096165,3807.5966743561467
213.2,0.0035548072773963213,6905.815929117114
213.3,0.026052536442875862,2759.6359104521152
213.4,0.010118682868778706,6610.55310835606
213.5,0.010944434441626072,4425.225920358453
213.6,0.0210332740098238,3203.220272638854
213.7,0.01457116287201643,1795.6988143011915
213.8,0.009920679964125156,1579.1667644804259
213.9,0.008646126836538315,3272.0508034644417
214.0,0.005739906802773476,4424.2966999971295
214.1,0.0034471037797629833,3908.329492116856
214.2,0.002262173220515251,4047.240843543892
214.3,0.0017615293618291616,5989.813087013852
214.4,0.009875298477709293,3263.4800729718636
214.5,0.011735553853213787,3257.712402994791
214.6,0.004031929653137922,7290.750066839255
214.7,0.01631435565650463,2987.3619785042856
214.8,0.011252268217504025,2305.768278415198
214.9,0.012991332449018955,3837.5198776197
215.0,0.011727774515748024,6123.643038713632
215.1,0.012673978693783283,2296.770064287235
215.2,0.012824389152228832,2162.251214193564
215.3,0.011634680442512035,2731.175935418879
215.4,0.010887266136705875,2024.1689345620623
215.5,0.01953335665166378,2174.209750743666
215.6,0.0072839874774217606,5023.176785747037
215.7,0.006424351595342159,6918.076860940883
215.8,0.0044989073649048805,5759.0275924357065
215.9,0.007835409604012966,2265.8304285415234
216.0,0.004179938230663538,1786.7101220998084
216.1,0.008884369395673275,3492.925076252355
216.2,0.00887902732938528,3641.723167323077
216.3,0.008947181515395641,3755.535026715839
216.4,0.004037393257021904,3546.921759727852
216.5,0.0005146188195794821,2451.0906608057658
216.6,2.918570680776611e-05,3972.251184063157
216.7,0.03261977434158325,2593.385410064799
216.8,0.05441110581159592,2641.9709294194595
216.9,0.06049627438187599,2857.985487875955
217.0,0.029926082119345665,3561.302248688719
217.1,0.04331309348344803,2190.4118656669216
217.2,0.04113283008337021,2282.70975651392
217.3,0.03301588073372841,2799.4753290354774
217.4,0.031143411993980408,2818.4238499581925
217.5,0.031138785183429718,3091.7052390012036
217.6,0.02602113038301468,2397.681822080207
217.7,0.030587177723646164,2242.977520897519
217.8,0.01901007443666458,2030.8806367870554
217.9,0.039242926985025406,1757.0930795131926
218.0,0.06392619013786316,2338.0878824136707
218.1,0.021813102066516876,1979.0160237092348
218.2,0.042485561221838,2374.0920707948267
218.3,0.03694552555680275,2198.185757482606
218.4,0.048774197697639465,2859.85446095662
218.5,0.034765925258398056,2820.2189581038006
218.6,0.020002536475658417,2226.1162237381955
218.7,0.021563859656453133,1526.4093434311594
218.8,0.01159893348813057,1369.1904366855663
218.9,0.000520475092343986,1962.8495068621764
219.0,1.2970209354534745e-05,5066.396113041819
219.1,1.3296082215674687e-05,4971.566539648127
219.2,1.3154413863958325e-05,4838.0531934519995
219.3,1.8635979358805344e-05,4766.25173315559
219.4,1.7038344594766386e-05,4776.254945877733
219.5,0.0014700598549097776,7485.876777328757
219.6,0.006576491519808769,7248.168932812183
219.7,0.001475618570111692,5611.451093468837
219.8,0.01863832399249077,3179.8224049169266
219.9,0.010720325633883476,7100.681110089712
220.0,0.010651125572621822,8146.983121743411
220.1,0.005085012875497341,6279.709180301132
220.2,0.005094975233078003,3478.6023207658504
220.3,0.006144138053059578,3536.556040037942
220.4,0.0070074270479381084,3500.3586425507992
220.5,0.005023081321269274,2707.761440142047
220.6,0.0013328116619959474,3354.6375506578183
220.7,0.0004875373560935259,3715.5739015937124
220.8,0.0034714345820248127,1207.322091402319
220.9,0.0066977147944271564,2924.5589453156526
221.0,0.015047615393996239,2102.368350868811
221.1,0.013540861196815968,2533.1662474153
221.2,0.008443349972367287,2854.431309032491
221.3,0.009901209734380245,3414.5799989611087
221.4,0.007336162496358156,3993.3055150712466
221.5,0.0037070228718221188,2056.4009993898735
221.6,0.006836744025349617,3155.9000347230767
221.7,0.009459424763917923,1780.6827687718587
221.8,0.003110424615442753,2291.445198795001
221.9,0.013451403006911278,1940.6738430960731
222.0,0.01098831370472908,2167.4427329082537
222.1,0.009352714754641056,2770.3896826484165
222.2,0.006082209758460522,2463.530949110672
222.3,0.005555278621613979,3083.057639752901
222.4,0.009351760149002075,2200.432283999668
222.5,0.006949561182409525,1660.5704351037773
222.6,0.01189449056982994,3228.585714188011
222.7,0.004160920158028603,6007.335264547508
222.8,0.005417012609541416,3151.344390926101
222.9,0.010362115688621998,2169.1336065813584
223.0,0.008016186766326427,2168.8492234114588
223.1,0.004556027706712484,1831.9547289284455
223.2,0.006515870802104473,2306.0073490823443
223.3,0.0043023028410971165,1971.9912551680786
223.4,0.0028111846186220646,3536.1269250484083
223.5,0.004898393526673317,2079.852082064402
223.6,0.005645179655402899,2037.7609238509785
223.7,0.009380321949720383,1299.210252322608
223.8,0.007835876196622849,3042.7913580651048
223.9,0.0066517433151602745,1993.3588521779568
224.0,0.0034307187888771296,1150.5597071535688
224.1,0.004666749853640795,2224.1532491952075
224.2,0.004306104499846697,2640.2751630667435
224.3,0.005567002575844526,2848.046674068569
224.4,0.006763182580471039,3185.0223273121383
224.5,0.0031390858348459005,2079.313561278052
224.6,0.0001170484974863939,2291.233607395053
224.7,0.017545117065310478,1245.8865195053759
224.8,0.03588481992483139,1383.146268721871
224.9,0.022784732282161713,2843.0619701835117
225.0,0.03080255724489689,2232.5310406809904
225.1,0.027345756068825722,2119.332156671664
225.2,0.01696520484983921,2144.542923383724
225.3,0.031283628195524216,1610.9600860358914
225.4,0.0412491150200367,1010.1799423998225
225.5,0.03065105900168419,1252.392826214541
225.6,0.0038865641690790653,3847.1841455782965
225.7,0.003230932867154479,3784.6050438323837
225.8,0.0008605920593254268,3850.587591256259
225.9,1.3782004316453822e-05,5176.875337807078
226.0,0.008140629157423973,4689.0962066444645
226.1,0.02486550435423851,2268.4175026840217
226.2,0.015464174561202526,3025.321098457446
226.3,0.030080778524279594,2450.201500715967
226.4,0.04353446140885353,2179.1926077461353
226.5,0.05087459832429886,2095.3697232358386
226.6,0.012177524156868458,7490.004768055833
226.7,0.03508773818612099,1859.1207793060123
226.8,0.02053915522992611,2047.0165260938354
226.9,0.011179640889167786,2340.5534443224947
227.0,0.005895680282264948,2082.1048622140133
227.1,0.005511052906513214,1969.3448748313783
227.2,0.0201066005975008,860.2113586296318
227.3,0.02287614718079567,2365.251838535413
227.4,0.02631307579576969,1741.0799269117942
227.5,0.0159496758133173,1526.5195892232637
227.6,0.013036847114562988,2191.305227510851
227.7,0.006170929875224829,7223.407161799501
227.8,0.014374613761901855,2028.8400821451817
227.9,0.006108298897743225,7226.460583816548
228.0,0.007136223837733269,2193.9790061138915
228.1,0.0011298931203782558,1501.5865929366587
228.2,1.3596964890894014e-05,4878.571716447883
228.3,1.3121732081344817e-05,5045.8192338392855
228.4,1.164807235909393e-05,5088.346438234626
228.5,0.00010812599066412076,4396.800726444695
228.6,0.004524733871221542,4998.0465480355915
228.7,0.003854038892313838,4651.663826234415
228.8,0.00015180559421423823,3576.8252241367604
228.9,2.0307244994910434e-05,4793.805655234786
229.0,0.00017548599862493575,4116.305146561986
229.1,0.0054292744025588036,2579.00173777765
229.2,0.00920175015926361,1859.2509492220393
229.3,0.006438703276216984,3349.02558436324
229.4,0.003329327329993248,4689.964971052681
229.5,0.016799243167042732,2903.4638805531695
229.6,0.028902381658554077,2407.1652260457117
229.7,0.0036638877354562283,2655.8781695480816
229.8,0.004046645946800709,1930.2483281290542
229.9,0.005705086514353752,2717.690984843495
230.0,0.0060112676583230495,7853.393307842755
230.1,0.005982878152281046,3072.890319972941
230.2,0.003801691345870495,2258.072880835761
230.3,0.004496491048485041,3469.397039291128
230.4,0.0037800967693328857,2259.9935100989946
230.5,0.006869408767670393,2197.4280220926485
230.6,0.006048844661563635,2065.6520196450983
230.7,0.0019231874030083418,3992.6859603388452
230.8,0.0008343719528056681,3765.229751698802
230.9,0.007155413273721933,2153.051284302484
231.0,0.002041612518951297,2513.7673944458124
231.1,0.007235867436975241,2704.2388127255485
231.2,0.018785078078508377,2301.4265949505234
231.3,0.005950038321316242,3798.379627327403
231.4,0.008749118074774742,2474.6039341189235
231.5,0.012567323632538319,3171.939290977517
231.6,0.009960560128092766,3485.619878025543
231.7,0.0037031108513474464,5224.549391944685
231.8,0.006286826450377703,2726.6699485540075
231.9,0.009386997669935226,1307.9163319251384
232.0,0.007941015996038914,2642.974726477484
232.1,0.005725940689444542,1799.4987300093817
232.2,0.0012906846823170781,2185.299710710824
232.3,0.0030641660559922457,1996.1068702787795
232.4,0.006454926449805498,2560.659717490899
232.5,0.002886313246563077,2583.3023672222776
232.6,7.512269075959921e-05,2748.8529499698616
232.7,1.856782182585448e-05,4606.745868111549
232.8,0.009431920945644379,2146.3218026908207
232.9,0.017259646207094193,3299.8085569458653
233.0,0.02181030809879303,3153.168139637253
233.1,0.024102093651890755,2517.6859217412407
233.2,0.015259039588272572,2094.4338122050754
233.3,0.01704741083085537,1358.7267164038435
233.4,0.00023607515322510153,2967.582889824369
233.5,0.005991626996546984,2293.4372899797017
233.6,0.006726838182657957,3364.204782026839
233.7,0.0020143999718129635,3319.105868672774
233.8,0.004953876603394747,3267.590499203439
233.9,0.0071593536995351315,2957.138032676251
234.0,0.0012550652027130127,4373.464664896273
234.1,0.0012611722340807319,4464.963595433063
234.2,0.00037239972152747214,3636.8014108960806
234.3,1.8118404113920406e-05,4680.628582008908
234.4,0.009753313846886158,3372.8568134597926
234.5,0.010979757644236088,2868.156304428595
234.6,0.009215719066560268,3059.67926524046
234.7,0.019450057297945023,3378.355063959453
234.8,0.01737312786281109,3473.8973463306384
234.9,0.01331371534615755,1663.9090050235518
235.0,0.008665659464895725,2203.6944965662624
235.1,0.005661157891154289,2235.1254408279856
235.2,0.003607665654271841,5396.227330718329
235.3,0.008989758789539337,3183.9910631942266
235.4,0.0046078297309577465,3773.834629510617
235.5,0.0048079644329845905,3940.5920326295445
235.6,0.005894782952964306,3827.0752395502477
235.7,0.00461086630821228,3501.42380242168
235.8,0.00382947432808578,3983.3309720875395
235.9,0.005288241896778345,5084.686922064487
236.0,0.008903942070901394,1866.512383880305
236.1,0.005257915239781141,2529.543132521866
236.2,0.0006581869092769921,1834.3616522222142
236.3,2.745940219028853e-05,3814.543883594572
236.4,0.005059238523244858,2313.0485452811176
236.5,0.02321377396583557,2153.620072465128
236.6,0.04323623329401016,2277.570127808971
236.7,0.04872802272439003,2093.488328730157
236.8,0.008425128646194935,2927.9233566234234
236.9,0.006816349923610687,3696.5276426932924
237.0,0.003120057052001357,3435.186025373854
237.1,0.000368857872672379,2959.0005651851216
237.2,0.011545289307832718,1292.0140827126766
237.3,0.025079892948269844,1956.9888124741515
237.4,0.008003272116184235,2653.145207660348
237.5,0.014087380841374397,4459.317482760013
237.6,0.016945065930485725,3313.69196222371
237.7,0.03217089921236038,1548.6723001536561
237.8,0.03954312950372696,1993.6044252760946
237.9,0.0418427400290966,1916.7506448895224
238.0,0.013566212728619576,3017.3015444058838
238.1,0.02285776473581791,2586.0180932450403
238.2,0.017258133739233017,1428.0229792498724
238.3,0.020474538207054138,1804.343726363391
238.4,0.02883964404463768,1948.4679302964062
238.5,0.020971715450286865,1322.4641861533644
238.6,0.02127295918762684,1105.2136461843788
238.7,0.02840941958129406,1728.3545779492206
238.8,0.03993966802954674,1965.4542093080101
238.9,0.017381954938173294,1767.3156198277911
239.0,0.0008525343146175146,1618.2072622224555
239.1,0.003340704832226038,2021.6423742005552
239.2,0.00424411753192544,2644.189462356001
239.3,0.005842138081789017,2386.876495312219
239.4,0.006412858609110117,2628.706568063113
239.5,0.007268277928233147,1810.5675786572913
239.6,0.007617152761667967,3056.7578235458086
239.7,0.009921438992023468,4077.8199868949746
239.8,0.015069232322275639,2424.4657009521497
239.9,0.0059173875488340855,3520.5654328054025
240.0,0.013258530758321285,2893.123484186637
240.1,0.009777076542377472,2762.444783249682
240.2,0.01030792761594057,2544.4169506981634
240.3,0.013721209950745106,2669.8890501868573
240.4,0.0014500191900879145,3264.6264611447054
240.5,0.0011836886405944824,4350.1723447818495
240.6,0.000670047418680042,3921.992671061039
240.7,0.00014132940850686282,3192.062886598453
240.8,0.011248216032981873,2065.9774973808003
240.9,0.022749651223421097,3306.6469358001405
241.0,0.02389349788427353,2735.584198031085
241.1,0.014265679754316807,2484.3809506694547
241.2,0.007653311360627413,2182.6017087974174
241.3,0.012138432823121548,3151.9514209690024
241.4,0.005656839348375797,7308.738530889034
241.5,0.006596202962100506,2235.8779462204375
241.6,0.0068471417762339115,1845.6024508681685
241.7,0.007207014132291079,2785.0001726119604
241.8,0.008003507740795612,2170.939384620976
241.9,0.012977738864719868,1571.5825485727496
242.0,0.0075226640328764915,1966.767909807199
242.1,0.0049384827725589275,2003.3028153734062
242.2,0.002390873385593295,3235.035414838415
242.3,0.006560058798640966,1475.468794225526
242.4,0.0024705328978598118,1741.3102864557004
242.5,0.001997461309656501,5437.188976171496
242.6,0.005682841874659061,3739.0364141948185
242.7,0.009245739318430424,2515.2405582505635
242.8,0.006988332141190767,3358.490317402708
242.9,0.0033136368729174137,3642.6542254207034
243.0,0.0024005912709981203,2741.5325882690513
243.1,0.001883220043964684,3454.57386513404
243.2,0.0010261106071993709,5306.684534671956
243.3,0.0014338104519993067,3978.717758219519
243.4,0.0012474128743633628,2877.483189885076
243.5,0.0062109665013849735,1274.1506623346856
243.6,0.00609380891546607,2714.8895151183447
243.7,0.007256716955453157,2342.3625972043383
243.8,0.01307827141135931,3501.064461520076
243.9,0.0297227930277586,1790.6820402467824
244.0,0.022640958428382874,6188.430265391408
244.1,0.043456897139549255,2032.9901334803526
244.2,0.025495504960417747,2215.597746118924
244.3,0.01657365821301937,5041.918096655165
244.4,0.05538452789187431,1710.731391233239
244.5,0.029292481020092964,1520.09545833628
244.6,0.003112423699349165,1021.334678153625
244.7,0.0003896912094205618,3086.897526286053
244.8,0.007511730771511793,2912.878340810367
244.9,0.0037015017587691545,3138.496936992223
245.0,0.0008610277436673641,2761.423000241289
245.1,1.8676033505471423e-05,5096.656041215667
245.2,1.3320972357178107e-05,5181.098111757487
245.3,0.0013698708498850465,2014.314958578859
245.4,0.0038328731898218393,2926.43288387139
245.5,0.006524176336824894,2712.887858248997
245.6,0.00478341244161129,2488.2268483011526
245.7,0.003106126096099615,2083.5341537715026
245.8,0.005069811828434467,2986.010056025697
245.9,0.005095694214105606,1679.7656349333636
246.0,0.004881806671619415,2077.636522831309
246.1,0.003387312637642026,1420.8720322663532
246.2,0.004001152236014605,2269.7700680194203
246.3,0.004648709669709206,2275.3717174835956
246.4,0.0034234211780130863,2828.6885319041075
246.5,0.0036102449521422386,2197.8764469576327
246.6,0.0005466475849971175,3137.581242751876
246.7,0.0006186425453051925,3894.71464760621
246.8,0.00035728898365050554,3310.1070022314725
246.9,1.7965301594813354e-05,4759.637326449609
247.0,2.5093264412134886e-05,4763.431908251721
247.1,0.010624461807310581,2148.187057428977
247.2,0.008919822052121162,2767.58652244854
247.3,0.020402856171131134,4075.042683312809
247.4,0.02158871479332447,3050.4503005535385
247.5,0.017062202095985413,2025.3108196145836
247.6,0.028679190203547478,3147.732601206879
247.7,0.020399117842316628,4347.439519882961
247.8,0.010485723614692688,2065.843848862304
247.9,0.021001148968935013,3289.875265199521
248.0,0.012135176919400692,3707.113292375736
248.1,0.00985432043671608,3356.73944064026
248.2,0.008864338509738445,2877.5421091568687
248.3,0.008599795401096344,2283.127528563291
248.4,0.004954635165631771,3179.963869387585
248.5,0.004689531866461039,2841.6375025405623
248.6,0.006438462063670158,2912.5089569306883
248.7,0.00704778078943491,4948.047436087839
248.8,0.004674009513109922,3171.5828135329743
248.9,0.008020274341106415,2899.494349506336
249.0,0.008984978310763836,2219.9350166585664
249.1,0.009256073273718357,2882.322375500363
249.2,0.0029213973321020603,2214.9121692111044
249.3,0.004363618791103363,2203.13225076891
249.4,0.00736487889662385,2612.859323796675
249.5,0.005362868774682283,2868.8294946083565
249.6,0.003456243546679616,2941.1678279400953
249.7,0.009711585007607937,1785.5485547790831
249.8,0.008083143271505833,2225.4615866233357
249.9,0.005533570423722267,6559.598633756323
250.0,0.007728725206106901,1619.3670508461423
250.1,0.006060232408344746,2423.8009142862975
250.2,0.005691790487617254,2151.620837076146
250.3,0.003974991384893656,3478.091519068328
250.4,0.007561252452433109,2402.153518829281
250.5,0.0012655979953706264,2539.246391490322
250.6,0.005135313142091036,1896.2312454914368
250.7,0.007436338346451521,3140.8676678682723
250.8,0.005229101050645113,3336.9455243458615
250.9,0.00020760743063874543,2901.5933201482044
251.0,0.01161947101354599,1639.248525323145
251.1,0.024970602244138718,2011.0673628487734
251.2,0.00929258018732071,2857.5903707591697
251.3,0.0323324091732502,2993.9812016809115
251.4,0.051536355167627335,1837.9832452218907
251.5,0.026246480643749237,1034.3137565791237
251.6,0.03024914301931858,867.2615995329489
251.7,0.042261652648448944,1833.3763533440767
251.8,0.003276221686974168,4166.915679985684
251.9,0.04465063661336899,2471.312762885639
252.0,0.020123833790421486,5955.460208747355
252.1,0.014177835546433926,3046.228657272516
252.2,0.018723981454968452,1609.4108794289343
252.3,0.037375811487436295,1879.9037866331446
252.4,0.038618069142103195,2043.152204655712
252.5,0.023951977491378784,1984.6385446704217
252.6,0.030683698132634163,2212.396283473772
252.7,0.025854941457509995,4179.018720016599
252.8,0.019142011180520058,1685.918450020375
252.9,0.04301522299647331,2004.8638792978963
253.0,0.010140218771994114,2017.8879392979666
253.1,0.010181664489209652,1145.6182868137626
253.2,0.007061448413878679,1725.566575411303
253.3,0.004322933033108711,1504.678521540829
253.4,0.0009024178725667298,3591.9383627042807
253.5,0.02640204131603241,1557.6460960125573
253.6,0.023214934393763542,1776.0471214329514
253.7,0.01150062307715416,1522.9042459573939
253.8,0.017098791897296906,2663.664228879312
253.9,0.019418349489569664,1952.8122046701205
254.0,0.0206553153693676,1409.837637129489
254.1,0.004658359568566084,757.4357812720635
254.2,0.006754118017852306,1450.6546959615653
254.3,0.008160832338035107,1038.136948739232
254.4,0.01891551911830902,917.1075034386149
254.5,0.023755285888910294,1044.0848686844304
254.6,0.025486227124929428,946.9924359979825
254.7,0.017773689702153206,936.8802305030126
254.8,0.0034612661693245173,674.9264587641354
254.9,0.0025416738353669643,1135.2003535895167
255.0,0.006263407878577709,1309.8672800380937
255.1,0.006840184796601534,1227.0905414222989
255.2,0.005552714224904776,1097.5230587540757
255.3,0.0035096851643174887,1287.8553197282504
255.4,0.0018430670024827123,1443.2503418339575
255.5,0.0004323495377320796,1434.880687661906
255.6,0.00019061050261370838,2532.135800799186
255.7,0.00016229863103944808,2758.7004756057004
255.8,7.191832992248237e-05,3441.2176898393773
255.9,1.7302472770097665e-05,5062.806553897137
256.0,1.3980776202515699e-05,4835.945717171104
256.1,1.7565565940458328e-05,4531.940462403342
256.2,1.751126728777308e-05,4839.126227967529
256.3,1.5832398275961168e-05,4898.689559725075
256.4,1.6675643564667553e-05,4705.419750505651
256.5,0.0033149735536426306,1137.4795044510502
256.6,0.010384157299995422,3192.5356741206765
256.7,0.015415769070386887,3217.1066814739497
256.8,0.007549908012151718,3107.122292782466
256.9,0.007031785789877176,3549.141684433917
257.0,0.008348716422915459,1711.6067240262341
257.1,0.008827850222587585,2986.001087988629
257.2,0.021364444866776466,1920.7028679525545
257.3,0.005885481368750334,5013.722819841992
257.4,0.015385297127068043,3255.5587241663225
257.5,0.00925168301910162,3622.128087602602
257.6,0.014637117274105549,3305.8113026158044
257.7,0.007955710403621197,2559.939909169834
257.8,0.003189917653799057,4279.769272401341
257.9,0.012093350291252136,3320.059013538026
258.0,0.01893872208893299,2726.9047030442216
258.1,0.009752015583217144,3918.288220459986
258.2,0.012344539165496826,2991.213231849255
258.3,0.013627424836158752,2924.5929594873583
258.4,0.008714540861546993,2725.7767328037353
258.5,0.008654654957354069,1335.169017396209
258.6,0.005622437689453363,2268.369364720922
258.7,0.005423429422080517,1748.3879212973684
258.8,0.006255835294723511,1899.2069511835969
258.9,0.011550753377377987,2662.4843320409236
259.0,0.008439179509878159,1582.4793426281265
259.1,0.0016824303893372416,1353.6068913545676
259.2,0.005931473802775145,2483.6756979540332
259.3,0.007065972313284874,2906.02315881669
259.4,0.012714232318103313,3845.3206261156865
259.5,0.009073077701032162,3435.986046877687
259.6,0.01593424379825592,4052.7693333634943
259.7,0.010970133356750011,2990.74192200157
259.8,0.009538778103888035,4922.981699618638
259.9,0.018017292022705078,2960.367701981085
260.0,0.007815169170498848,2578.0509481801387
260.1,0.018048027530312538,2449.4407046633937
260.2,0.005705702118575573,2348.6983638628103
260.3,0.011102644726634026,2762.7317057268624
260.4,0.008371027186512947,2642.6623464402865
260.5,0.007506292778998613,3839.991054811968
260.6,0.007842212915420532,3213.300623297414
260.7,0.004292281344532967,2448.365099091331
260.8,0.0041313148103654385,1534.608891037013
260.9,0.004562329966574907,1458.3814959216616
261.0,0.007112766616046429,1126.9268829891494
261.1,0.00029983834247104824,1918.8746574246134
261.2,0.01082493644207716,2286.4027766113786
261.3,0.004366082604974508,3972.10215284755
261.4,0.01660722680389881,2002.3081231805256
261.5,0.013442309573292732,2879.953909813491
261.6,0.005475347395986319,3889.742352034823
261.7,0.01186566986143589,4165.830308811698
261.8,0.006279537919908762,2095.351763051075
261.9,0.011752426624298096,5393.189361563188
262.0,0.02721913531422615,1481.5942567471425
262.1,0.035311583429574966,2215.3104996316088
262.2,0.027974965050816536,1951.810186215961
262.3,0.02916284091770649,2265.223639289662
262.4,0.009017646312713623,7760.082602833715
262.5,0.005838825833052397,4810.042540358608
262.6,0.06819358468055725,3018.2238577747235
262.7,0.043223630636930466,2214.4041991109375
262.8,0.02492670528590679,1280.773740345376
262.9,0.028567468747496605,2015.3620939900231
263.0,0.03289288654923439,2733.285784193441
263.1,0.024143988266587257,2564.923946622231
263.2,0.02579888142645359,1730.7232162903983
263.3,0.0264955535531044,1232.7094320021997
263.4,0.025401847437024117,1551.2562382923297
263.5,0.026656055822968483,1282.1709023937574
263.6,0.010177750140428543,1251.1061859601805
263.7,0.0005847796564921737,1884.5079459491803
263.8,0.00017864703841041774,4252.557055791174
263.9,0.005240115337073803,1949.8273345654334
264.0,0.010124322026968002,2531.699157570595
264.1,0.010530659928917885,2933.191861783478
264.2,0.004147866740822792,2108.511498979403
264.3,0.012181810103356838,2935.8755570936787
264.4,0.009588395245373249,7857.515465488323
264.5,0.010866991244256496,4090.2890825686936
264.6,0.011621997691690922,3582.4235118984648
264.7,0.010405788198113441,3730.829827468935
264.8,0.010113530792295933,3968.7876475837766
264.9,0.008882999420166016,4192.09320395869
265.0,0.008495239540934563,8416.379519310116
265.1,0.014296161942183971,3629.6681357099314
265.2,0.01410055160522461,3250.1615276811963
265.3,0.009330806322395802,2153.101401037969
265.4,0.013605250045657158,3371.3136392464203
265.5,0.027986720204353333,3528.9395773720094
265.6,0.018136125057935715,1987.210210440768
265.7,0.008380008861422539,2321.0057563502955
265.8,0.016255885362625122,2702.1416741594276
265.9,0.019348900765180588,2722.9262911764276
266.0,0.01928948424756527,4317.801452425367
266.1,0.013369022868573666,3982.4591813163643
266.2,0.03156611695885658,2756.008877145089
266.3,0.01958753727376461,2632.6856449509937
266.4,0.013754005543887615,2848.711799416214
266.5,0.007142058108001947,1665.8054201942718
266.6,0.0016752659576013684,2132.820354295337
266.7,0.02156822569668293,3477.8275768901926
266.8,0.022201864048838615,2697.9449090118906
266.9,0.021869109943509102,2126.0286927598854
267.0,0.011446000076830387,2654.075680233822
267.1,0.007402352523058653,2803.515612425029
267.2,0.010859428904950619,4358.741675090432
267.3,0.007694957312196493,4094.4157462742533
267.4,0.000371813599485904,3664.882519440399
267.5,0.04097289592027664,2037.5734899551367
267.6,0.02617921680212021,2291.71422932997
267.7,0.03727104142308235,3439.2075490990446
267.8,0.049769237637519836,3046.0541943207745
267.9,0.0053453706204891205,3159.5688541738223
268.0,0.018740175291895866,2531.3158484190717
268.1,0.013551262207329273,1505.7350938652057
268.2,0.060932815074920654,2391.9253585739807
268.3,0.05809145048260689,2921.5259746796132
268.4,0.04252101108431816,2692.5769878630826
268.5,0.027142299339175224,2814.468449679275
268.6,0.03974461555480957,2033.5093326529443
268.7,0.05453687533736229,1836.2694578712687
268.8,0.05914584547281265,1832.8438975894046
268.9,0.03298122435808182,1665.0305212576818
269.0,0.0043422626331448555,1276.6930622362684
269.1,3.3975600672420114e-05,4802.6126164831585
269.2,1.3013732313993387e-05,4993.776594454779
269.3,0.0012895179679617286,1830.1884534966196
269.4,0.006128022912889719,2641.0716029225823
269.5,0.005732432007789612,3237.0141278805777
269.6,0.0018372396007180214,3180.9139661664567
269.7,0.00010591639147605747,2736.7637176991416
269.8,0.002293575555086136,1425.4813367500592
269.9,0.008694184944033623,1984.2547696252827
270.0,0.006754087749868631,2129.1675005427005
270.1,0.005790371913462877,3247.9973912652704
270.2,0.0039155976846814156,2988.4358371482176
270.3,0.0016487296670675278,7837.640564027551
270.4,0.0012331657344475389,2998.104089404278
270.5,0.0014522513374686241,2650.793943365021
270.6,0.0009369628969579935,1329.494472507468
270.7,0.0002692689304240048,3611.975312531959
270.8,0.0004869439289905131,3937.322595626393
270.9,0.00012922979658469558,3401.7762621229017
271.0,1.531323323433753e-05,4952.116637774826
271.1,2.1261730580590665e-05,4437.390258504372
271.2,0.0002994100213982165,1571.8879209216366
271.3,0.003300892887637019,2465.7268721918217
271.4,0.009787140414118767,2502.0046746585776
271.5,0.013093962334096432,3132.5536263607564
271.6,0.002534902421757579,3263.362624426961
271.7,0.005158253014087677,2923.757565921479
271.8,0.0035218556877225637,3014.9350707512644
271.9,0.0038216840475797653,1228.2495787074995
272.0,0.006225877441465855,2655.2602651137267
272.1,0.006253524217754602,1689.960450618642
272.2,0.0023537108208984137,1176.7659012735774
272.3,0.007015074137598276,2664.6821488364535
272.4,0.009018382988870144,2954.003952648087
272.5,0.00892400462180376,4142.716692529308
272.6,0.004483604338020086,5055.540462583911
272.7,0.003697941079735756,4100.213235951924
272.8,0.0059070163406431675,7570.384040589826
272.9,0.004410512279719114,3305.2547083204436
273.0,0.0019683765713125467,2273.767102333994
273.1,0.008469481021165848,2765.2523172242277
273.2,0.006024735979735851,2859.619008538558
273.3,0.004511998035013676,2292.311808678688
273.4,0.0054111843928694725,3062.6941831805743
273.5,0.0022260365076363087,5335.178140964382
273.6,0.001180980703793466,2506.1376893259358
273.7,0.0014898984227329493,2936.887243308664
273.8,0.0010572121245786548,2748.7250549251703
273.9,3.627484693424776e-05,4253.394420627474
274.0,1.1262004591117147e-05,5167.481657778388
274.1,1.1537165846675634e-05,5111.100884717162
274.2,1.106971649278421e-05,5188.0972883101185
274.3,1.1139295565953944e-05,5342.75201050655
274.4,1.1824355169665068e-05,5093.200199946441
274.5,1.1010516573151108e-05,5196.764780997473
274.6,0.0009910131338983774,1518.6255167742022
274.7,0.01538010686635971,2286.6439948002235
274.8,0.01035318709909916,2866.337482281574
274.9,0.004501719493418932,4959.950344141171
275.0,0.0034248572774231434,7519.2680609204845
275.1,0.004095944110304117,4752.224898854033
275.2,0.005439236760139465,2955.6915399231348
275.3,0.0038627854082733393,2793.7072633254224
275.4,0.0009092268883250654,4164.9085343613315
275.5,0.0035144134890288115,2973.2439755035566
275.6,0.0030036268290132284,7238.078779632822
275.7,0.0028659056406468153,3272.8199119203896
275.8,0.0039053785149008036,1557.934758141378
275.9,0.002165474696084857,2119.2241336453153
276.0,0.00042426539584994316,2231.253424865208
276.1,0.00039014953654259443,3373.9748472567535
276.2,0.00015127431834116578,3094.772829566121
276.3,2.0160809071967378e-05,4335.611063729239
276.4,0.005562242120504379,1883.3970854778163
276.5,0.01149595808237791,3250.413246920637
276.6,0.00827448908239603,4641.738240429746
276.7,0.0029026393312960863,3651.4476263089136
276.8,0.004475538153201342,3120.3400420193693
276.9,0.0028709089383482933,3626.60688357969
277.0,0.010401296429336071,3619.606436842976
277.1,0.010813139379024506,4049.9538233808944
277.2,0.002365369815379381,2727.8137984133673
277.3,0.003979828674346209,7422.389068165838
277.4,0.003195059485733509,5553.700474285328
277.5,0.004221306182444096,3443.939192931904
277.6,0.01870516501367092,3455.3388538034274
277.7,0.009494682773947716,4121.741224450621
277.8,0.008553136140108109,3723.1831068022316
277.9,0.02212681621313095,2455.6189966885654
278.0,0.021552756428718567,2610.9960179103336
278.1,0.0066579608246684074,3389.9240422148077
278.2,0.015164057724177837,2697.6066969860785
278.3,0.0027237164322286844,3587.1602913276038
278.4,0.003182065673172474,2869.687437750946
278.5,0.0038664108142256737,1600.6770024143243
278.6,0.002165046287700534,2312.128703717628
278.7,0.0014885645359754562,3131.613012677498
278.8,0.00016975653124973178,3194.0463148643503
278.9,1.910456921905279e-05,4636.349869165731
279.0,1.7529420802020468e-05,4606.684501853132
279.1,1.3172959370422177e-05,5152.588196034067
279.2,1.387154043186456e-05,5119.214464768658
279.3,2.0318086171755567e-05,4858.907665876171
279.4,0.004519477486610413,1838.9944296614085
279.5,0.004145935643464327,3695.239356686974
279.6,0.009798109531402588,2929.2862757198354
279.7,0.00330309453420341,2917.128793037622
279.8,0.0043844906613230705,2458.998749041557
279.9,0.0005448642768897116,1874.816928484401
280.0,2.2569382053916343e-05,4348.54258484841
280.1,0.005665048956871033,4172.20194373386
280.2,0.004086177796125412,3617.478259897798
280.3,0.00939150433987379,2980.206368576646
280.4,0.005972994491457939,3283.633388847703
280.5,0.0013384117046371102,2085.689902782351
280.6,6.151079287519678e-05,3084.4907403867005
280.7,0.036934614181518555,3841.756726092541
280.8,0.023902244865894318,4593.199066377392
280.9,0.00795760191977024,4978.9937656432485
281.0,0.008595387451350689,3945.889892258259
281.1,0.0069620949216187,1802.5676171501286
281.2,0.020323634147644043,3843.5667361934193
281.3,0.038365673273801804,3936.8366137344883
281.4,0.04317633807659149,2378.7354472716033
281.5,0.006162579637020826,3967.8146361225417
281.6,0.018030254170298576,3007.5106455036807
281.7,0.01033677626401186,3980.427088641201
281.8,0.01357538253068924,2822.494244351412
281.9,0.025654079392552376,4022.852047360987
282.0,0.00933435745537281,5648.155998001366
282.1,0.010200475342571735,2840.023686896919
282.2,0.006231390405446291,3307.2869274722716
282.3,0.006737730000168085,3229.9817076853233
282.4,0.00600743992254138,2435.4709133930155
282.5,0.0025585328694432974,6489.534296181899
282.6,0.0053309546783566475,2402.790991871021
282.7,0.006132827140390873,1746.513737192862
282.8,0.011360950767993927,1890.2390480879749
282.9,0.001578452531248331,3546.3779599419363
283.0,0.00028552048024721444,3226.991234468901
283.1,0.006887642666697502,2973.8190039874776
283.2,0.007145057898014784,3203.9510575645772
283.3,0.010552681982517242,1694.8003076152627
283.4,0.003364205127581954,2423.2740218120325
283.5,0.0035379924811422825,3712.278436963735
283.6,0.007541016209870577,7347.092667512156
283.7,0.012442673556506634,2793.291582531761
283.8,0.007396761793643236,2984.7270047218217
283.9,0.012736357748508453,2804.802175539371
284.0,0.004757378716021776,2926.770536496505
284.1,0.006803768686950207,3674.737786763476
284.2,0.008042307570576668,3579.0592901016744
284.3,0.009798195213079453,3209.313988294578
284.4,0.0033463987056165934,5306.45568418583
284.5,0.006669436115771532,4396.612300848552
284.6,0.002733919071033597,7420.936759284203
284.7,0.007580815348774195,3882.9212797429327
284.8,0.008031987585127354,2890.8944318105805
284.9,0.004839095752686262,3353.5860597746096
285.0,0.007506175432354212,2938.8283105923974
285.1,0.004843135830014944,2130.268212087915
285.2,0.00029707231442444026,2416.2244895295694
285.3,3.911578460247256e-05,3824.405166934789
285.4,0.0016318312846124172,4083.77351505293
285.5,0.010637493804097176,3654.0979818629817
285.6,0.015745218843221664,1720.2674497136877
285.7,0.0147114722058177,2013.5444157249985
285.8,0.01915920525789261,2658.1534500696043
285.9,0.019161565229296684,2632.5211860241816
286.0,0.024960709735751152,1239.7190819827676
286.1,0.007637533824890852,838.9426509174798
286.2,0.011810537427663803,1795.0324430798523
286.3,0.018132725730538368,974.0464555189499
286.4,0.019809260964393616,2107.922651526399
286.5,0.009001929312944412,2082.599265074243
286.6,0.003523860592395067,3427.6803347705954
286.7,0.0018851283239200711,3154.1713476451523
286.8,0.0003973793936893344,2494.749659820307
286.9,0.006740247365087271,2847.992949538589
287.0,0.017973817884922028,2116.8345353203267
287.1,0.036176640540361404,1720.922145616391
287.2,0.030841687694191933,1911.2840010448233
287.3,0.02883068658411503,1467.182460263576
287.4,0.019907552748918533,1375.8509185160501
287.5,0.019336502999067307,1551.841379407322
287.6,0.020561855286359787,1846.8552222413414
287.7,0.040967196226119995,2542.0042404173682
287.8,0.028477022424340248,2905.691010762941
287.9,0.023638112470507622,1088.547939294125
288.0,0.021044882014393806,1334.040826845804
288.1,0.027692653238773346,1877.295254635553
288.2,0.025031976401805878,1985.3679581681793
288.3,0.022566577419638634,3839.844997953069
288.4,0.025685077533125877,1862.590111449323
288.5,0.02065860480070114,1450.4078358081413
288.6,0.016007384285330772,1301.3184362810016
288.7,0.010030343197286129,3598.410243308047
288.8,0.00580166419968009,3914.3927274167613
288.9,0.004017441999167204,3765.3519697693205
289.0,0.0023765615187585354,3823.4307256091597
289.1,0.007414510007947683,2621.723189177434
289.2,0.005586258135735989,2943.114881866169
289.3,0.003761890111491084,2771.427921027333
289.4,0.004579651169478893,2924.4579154171715
289.5,0.010217615403234959,3223.4024799151493
289.6,0.009764326736330986,4230.005082646431
289.7,0.004213291220366955,4859.424522453016
289.8,0.0022914395667612553,4854.707505541326
289.9,0.0011774414451792836,4041.795909027481
290.0,0.00029120425460860133,3155.63375867684
290.1,0.004013100638985634,1326.0062876443767
290.2,0.008614848367869854,1874.0760204301437
290.3,0.010533221997320652,1502.221562350972
290.4,0.007735166698694229,1764.934120183861
290.5,0.0069596897810697556,3143.86939526473
290.6,0.00554245337843895,2410.4862156011504
290.7,0.004715349059551954,4016.9511341493744
290.8,0.006429646629840136,3132.3515056080173
290.9,0.006460899952799082,7577.155744081749
291.0,0.008206428959965706,2360.90577558062
291.1,0.006320091895759106,2038.869844919323
291.2,0.007785099092870951,1796.322003197876
291.3,0.008711068890988827,2459.691769048218
291.4,0.00983159989118576,1689.6279534197647
291.5,0.00710030272603035,1703.7362007674865
291.6,0.005945434793829918,1690.5762161284924
291.7,0.005300257820636034,928.241826461395
291.8,0.008517446927726269,3176.7698008596026
291.9,0.01021129172295332,3564.5854005935685
292.0,0.009092625230550766,3225.5398830449394
292.1,0.005121689289808273,2595.6550813426916
292.2,0.0007328776991926134,3587.381348289874
292.3,0.00035781768383458257,3642.3760992039665
292.4,0.0005283656646497548,2854.6438619296414
292.5,0.015413240529596806,1076.8456167401678
292.6,0.01662038452923298,1053.604990025757
292.7,0.014416460879147053,1120.7720601237
292.8,0.015615764074027538,1328.5840931526868
292.9,0.01054201740771532,2251.289536084055
293.0,0.006735422648489475,2873.3175532070736
293.1,0.005063576158136129,2400.6448667821637
293.2,0.004722683224827051,3914.056961867666
293.3,0.007434375584125519,3404.7021731162267
293.4,0.0029164492152631283,2956.924633576138
293.5,0.001147376256994903,4229.2503050458245
293.6,0.00362288486212492,2552.468245724359
293.7,0.017227767035365105,1925.9506610310457
293.8,0.003076525405049324,2466.4973413006664
293.9,0.004127937834709883,7916.862806738369
294.0,0.0054486822336912155,2718.3646830755406
294.1,0.007321020122617483,5962.442158988171
294.2,0.0024719806388020515,7365.66842986218
294.3,0.0034379863645881414,6403.539914535438
294.4,0.0064865476451814175,4985.1934488058505
294.5,0.017581868916749954,3301.9084792225217
294.6,0.017263192683458328,3303.894117752636
294.7,0.013726586475968361,3429.1548827499873
294.8,0.007365196477621794,3427.6903196919
294.9,0.014704381115734577,1946.0499733392364
295.0,0.011361438781023026,2376.877182008895
295.1,0.009226970374584198,2760.791704637192
295.2,0.007769081741571426,6194.485069583217
295.3,0.020182956010103226,2967.9949674552427
295.4,0.007554706186056137,2129.1431907937053
295.5,0.007991871796548367,3317.404991367435
295.6,0.00840584933757782,2807.8764157506885
295.7,0.0056429412215948105,7090.914687236883
295.8,0.008512727916240692,3930.89943018934
295.9,0.006218472495675087,5344.586699431355
296.0,0.01955701969563961,3199.9377748659285
296.1,0.007543807849287987,2301.3944574638963
296.2,0.02149089053273201,3315.3073343177866
296.3,0.024681739509105682,2882.476722463478
296.4,0.0239565446972847,2022.385834844815
296.5,0.005217270459979773,3143.516538289601
296.6,0.002251355443149805,3698.219025101309
296.7,0.006470038089901209,2124.802217287553
296.8,0.006276500876992941,2058.7049451176435
296.9,0.006066604517400265,2306.355783775991
297.0,0.00493811396881938,3150.266362899969
297.1,0.00335888285189867,1877.9900879487336
297.2,0.0034024373162537813,3429.924428097532
297.3,0.004732649307698011,1738.0685268946743
297.4,0.004385858308523893,2228.092263811819
297.5,0.0003688597644213587,2144.2357129859192
297.6,2.326576031919103e-05,3957.4555313938517
297.7,0.002325102686882019,2580.210275327482
297.8,0.018991876393556595,3180.731875485777
297.9,0.004976650234311819,3754.7062787281916
298.0,0.013289030641317368,1874.3150131177624
298.1,0.002494612941518426,3753.2992328334185
298.2,0.0024055016692727804,3418.6434111420713
298.3,0.005320309195667505,4072.798359083641
298.4,0.003071084851399064,3810.3975549467855
298.5,0.0005568159394897521,1614.93905970479
298.6,0.0207186471670866,1022.6123473241012
298.7,0.029964152723550797,789.7046993077001
298.8,0.028938667848706245,2330.1814293809634
298.9,0.040913574397563934,1746.3963004095206
299.0,0.031847067177295685,1901.6706395614096
299.1,0.009211876429617405,1865.5369781766594
299.2,0.0043302192352712154,3644.413224437346
299.3,0.0017861826345324516,3369.789535862636
299.4,6.944079359527677e-05,4226.132234831408
299.5,0.024918649345636368,1486.9073422460535
299.6,0.04037966579198837,2085.9538233262956
299.7,0.022722307592630386,2805.060048805883
299.8,0.009259975515305996,3639.3719015247393
299.9,0.023661592975258827,1440.6094617348767
300.0,0.038558363914489746,935.9580447497265
300.1,0.035603154450654984,1791.5997274396018
300.2,0.015183346346020699,1244.2360061864176
300.3,0.026327010244131088,2168.2482774311434
300.4,0.017488446086645126,1939.1598456314318
300.5,0.00903975497931242,1232.9425281825245
300.6,0.0020197201520204544,1422.2908653609452
300.7,0.018839189782738686,1223.645217180708
300.8,0.03574766591191292,2445.087489203632
300.9,0.03278801590204239,2107.443837184309
301.0,0.029549960047006607,1864.4834185333136
301.1,0.008309406228363514,6157.272620989707
301.2,0.03738103061914444,2369.7935030186036
301.3,0.05106644704937935,2166.4608444335577
301.4,0.0538562647998333,1642.3964034374444
301.5,0.03007304109632969,1037.7091904502165
301.6,0.006512269377708435,1853.2046443698068
301.7,0.004127346444875002,1963.810665063712
301.8,0.005795732606202364,2382.8415700436026
301.9,0.04191131889820099,1722.5979879488527
302.0,0.03908851742744446,1872.095934409624
302.1,0.02258697710931301,2342.2426602153882
302.2,0.022818485274910927,2475.8739147991473
302.3,0.023112250491976738,1381.8084802458245
302.4,0.03313978761434555,2807.194839963372
302.5,0.03887035325169563,2516.0402208748374
302.6,0.032636579126119614,1251.2580680287765
302.7,0.0017813817830756307,908.0286310722573
302.8,3.5377972380956635e-05,3881.7155819495338
302.9,1.055111988534918e-05,4561.322562853369
303.0,9.328372470918112e-06,5235.181152267247
303.1,9.148018762061838e-06,4721.104136828677
303.2,9.01305702427635e-06,4694.6931396140335
303.3,9.530309398542158e-06,5249.911872881783
303.4,9.324025086243637e-06,5417.41240586473
303.5,8.697523298906162e-06,5192.4721342644
303.6,3.593488145270385e-05,3864.3156126849644
303.7,0.002591487253084779,1989.0569071857612
303.8,0.0002350848662899807,1638.5240174484481
303.9,0.00022907264064997435,4374.9302968035245
304.0,0.004092706833034754,3212.2958333303022
304.1,0.0034541203640401363,2872.410140376496
304.2,0.0003764870634768158,2581.812119350686
304.3,2.096408024954144e-05,4072.298721671791
304.4,2.6680912924348377e-05,4488.166898294709
304.5,1.5581965271849185e-05,4543.278237626893
304.6,2.2311984139378183e-05,4328.657588509316
304.7,2.2848840671940707e-05,4636.633757195942
304.8,0.0003772599739022553,779.9390618857453
304.9,0.00013505711103789508,1905.0909297289786
305.0,0.00204659765586257,2972.450337831323
305.1,0.015863612294197083,2623.8273467654217
305.2,0.0005112449871376157,1911.2229974038844
305.3,1.8704269677982666e-05,4203.729223242379
305.4,1.6775409676483832e-05,4731.565849519505
305.5,1.8436592654325068e-05,4006.771785691545
305.6,1.9583216271712445e-05,4504.422686890672
305.7,1.719358806440141e-05,4233.2941189207495
305.8,1.9190067177987657e-05,3853.185043359156
305.9,1.9726407117559575e-05,4011.797542020027
306.0,0.0035190118942409754,3043.1000758901346
306.1,0.009246328845620155,3524.7696789704214
306.2,0.011358379386365414,3157.5794544065407
306.3,0.008311743848025799,3424.428450164517
306.4,0.012355868704617023,3658.431439896928
306.5,0.006470631342381239,3093.275311805206
306.6,0.008722811006009579,4168.559034062065
306.7,0.0028447278309613466,3411.9739883153484
306.8,0.03286067768931389,2751.1380127856983
306.9,0.0396290197968483,3273.232044527982
307.0,0.024202870205044746,2936.850705408456
307.1,0.009311946108937263,2851.8475012708113
307.2,0.005017643328756094,4755.276489145545
307.3,0.006155367940664291,3593.235967008466
307.4,0.005306043662130833,7408.2884154823905
307.5,0.009472167119383812,3287.459940195681
307.6,0.005436627194285393,1844.5238063621944
307.7,0.006463168188929558,3526.219959359722
307.8,0.005115278530865908,7948.778822657871
307.9,0.006921263411641121,3341.5015167898955
308.0,0.007604416459798813,3221.429854274184
308.1,0.004608364310115576,3450.765773243457
308.2,0.004820962902158499,2998.1792967246884
308.3,0.0022913820575922728,2122.488559168759
308.4,7.720020948909223e-05,2814.54455338838
308.5,0.006494109984487295,1947.7970272904006
308.6,0.02051589824259281,1998.0550266850096
308.7,0.013792645186185837,2419.1498027075654
308.8,0.01802210696041584,2544.7194377539936
308.9,0.0013151428429409862,1763.280779078929
309.0,0.03467516973614693,2357.5880896953117
309.1,0.019405938684940338,1959.3797145050266
309.2,0.025473227724432945,1923.6420867904635
309.3,0.028364939615130424,1970.48796452952
309.4,0.019918780773878098,1929.2551821620332
309.5,0.025387078523635864,1381.0594750043963
309.6,0.015101980417966843,1681.5925590931838
309.7,0.005339444149285555,7277.533190916933
309.8,0.013114053755998611,1943.6387606779367
309.9,0.020215971395373344,1084.5740273023089
310.0,0.01408691331744194,1743.0328539919715
310.1,0.0020566501189023256,3846.819263962312
310.2,0.001298352493904531,3380.2838600929854
310.3,0.0004262470465619117,1959.4565849643388
310.4,0.011053777299821377,1974.0068096178125
310.5,0.012675470672547817,2480.8909215533617
310.6,0.02214600145816803,1782.5092904445605
310.7,0.021006258204579353,1665.0729343154565
310.8,0.001780914724804461,2979.6471213469295
310.9,0.0025122379884123802,2718.7896833913974
311.0,0.0016552511369809508,1881.2475418253025
311.1,0.020915241912007332,2816.266947187032
311.2,0.011281471699476242,4015.568602946435
311.3,0.04222014173865318,2026.055500782265
311.4,0.04312847927212715,2414.4900459515366
311.5,0.057022951543331146,1953.4116773042947
311.6,0.028805604204535484,1542.2371719093046
311.7,0.016825998201966286,2748.8969515986582
311.8,0.01240505650639534,2636.019645426083
311.9,0.015264175832271576,1881.1031851662638
312.0,0.019549859687685966,1511.636296333203
312.1,0.03381308913230896,2467.2560391680036
312.2,0.035866640508174896,2428.7052181950703
312.3,0.01590055227279663,1568.644270576824
312.4,0.03552234545350075,2034.9509671298424
312.5,0.015469887293875217,2484.9354335332855
312.6,0.02167379856109619,1870.0673159415533
312.7,0.012041999958455563,2008.449646196726
312.8,0.018088465556502342,1100.272619221588
312.9,0.01671792007982731,2198.733270314454
313.0,0.0028367636259645224,3059.06884858024
313.1,0.003561081364750862,3465.154853658848
313.2,0.012326638214290142,3641.802507978042
313.3,0.010655844584107399,3388.0171029982457
313.4,0.004385558422654867,3804.1479955056166
313.5,0.004989438224583864,3562.601641880908
313.6,0.008158047683537006,2981.8909333987094
313.7,0.006864677183330059,1717.349615653814
313.8,0.010161684826016426,3211.9210590561684
313.9,0.01523165125399828,4193.706509108004
314.0,0.011958018876612186,3381.605248423093
314.1,0.013359029777348042,2508.621467417581
314.2,0.026868171989917755,2497.387097550464
314.3,0.023681195452809334,3018.4534682981507
314.4,0.002903973450884223,3003.6344925552776
314.5,0.005912233609706163,3541.961696847289
314.6,0.007127308286726475,2679.805590610226
314.7,0.018912669271230698,3586.172198774604
314.8,0.012866695411503315,1412.7090037223893
314.9,0.01564047485589981,2595.0213958315644
315.0,0.009048457257449627,8238.513892156709
315.1,0.0026048775762319565,8373.942529903454
315.2,0.006774336565285921,4350.082487729884
315.3,0.013351204805076122,3183.4667886656034
315.4,0.011399729177355766,3120.5267508139095
315.5,0.009077637456357479,3538.6432050894755
315.6,0.005112846847623587,3665.5106803108292
315.7,0.00253876275382936,3594.0679913800213
315.8,0.0014187435153871775,2192.665932412587
315.9,6.0643706092378125e-05,2822.457866390962
316.0,0.00024519258295185864,6572.133118360243
316.1,0.006014782469719648,6435.620942807433
316.2,0.02011394500732422,1910.74449805327
316.3,0.03412075340747833,1946.412666519271
316.4,0.03359556943178177,1925.7619483308604
316.5,0.013201621361076832,6193.149189591191
316.6,0.012100199237465858,2102.0609324943157
316.7,0.02555989660322666,879.9022264301135
316.8,0.023797648027539253,1330.9551118637603
316.9,0.021771719679236412,1810.9664617035542
317.0,0.0020798505283892155,2828.8482895663515
317.1,0.010305716656148434,8236.183273119872
317.2,0.025981763377785683,1803.856573502944
317.3,0.016303684562444687,2020.9250489910094
317.4,0.005255392286926508,1714.09177189216
317.5,0.017548564821481705,2369.1809095668505
317.6,0.023197637870907784,2164.8222597161434
317.7,0.01515112817287445,2536.5240406479616
317.8,0.0015236022882163525,4010.5877138250526
317.9,0.0034929709509015083,4290.016513779328
318.0,0.0027763545513153076,4082.8637217074197
318.1,0.004826609510928392,2370.0735902187826
318.2,0.007294788025319576,2492.239054514107
318.3,0.006021805573254824,2405.9135518590724
318.4,0.00504089193418622,7399.09687330096
318.5,0.038633834570646286,2019.3156716076924
318.6,0.005017221439629793,1982.983829836978
318.7,0.01917705498635769,2026.827443506388
318.8,0.03054952435195446,982.5266556638362
318.9,0.02196342498064041,1577.8871846693723
319.0,0.0038903725799173117,3642.3439331575955
319.1,0.01396980695426464,2008.4394956943142
319.2,0.004644788336008787,3410.5095573103545
319.3,0.010088595561683178,2069.821584806218
319.4,0.008334753103554249,2496.730891866727
319.5,0.01864011399447918,1352.231356744017
319.6,0.021391015499830246,1277.7788362757665
319.7,0.006515038665384054,1542.235008978888
319.8,0.0030232660938054323,3563.010938874383
319.9,0.0010071058059111238,2828.0136433769403
320.0,2.0178187696728855e-05,5127.423523458981
320.1,0.0038210919592529535,3429.7427457339177
320.2,0.0026324577629566193,2052.178341228793
320.3,0.014544338919222355,3436.626426746776
320.4,0.03539324551820755,1663.4272670657062
320.5,0.054204151034355164,1783.7895057677388
320.6,0.017578324303030968,1862.0569760822727
320.7,0.013055719435214996,1976.1658226158606
320.8,0.010451124981045723,2805.354999781027
320.9,0.012803636491298676,1402.6847469942786
321.0,0.024323247373104095,1955.453507177197
321.1,0.026460355147719383,2255.9093084122205
321.2,0.02229723148047924,1162.1076473125672
321.3,0.02437019906938076,2009.499352923933
321.4,0.01974458619952202,2674.558098678385
321.5,0.020741909742355347,2820.9454600251775
321.6,0.02356220968067646,1915.7080852533973
321.7,0.01143619418144226,1725.8809591079553
321.8,0.007005925290286541,2658.8113154766997
321.9,0.004645721521228552,2692.6319856683417
322.0,0.0003790775081142783,2177.5246949093716
322.1,5.8912108215736225e-05,3270.574918166546
322.2,0.01333931740373373,3064.6075781500726
322.3,0.036840640008449554,4240.173334408211
322.4,0.030029404908418655,4776.101284193391
322.5,0.013979458250105381,3933.352033163309
322.6,0.00844397023320198,1759.8066087794257
322.7,0.00869061890989542,4563.905344446313
322.8,0.010485016740858555,4715.876977015901
322.9,0.010181969031691551,4276.710272488348
323.0,0.009958857670426369,4322.420082509407
323.1,0.007964545860886574,3488.6850305029548
323.2,0.003285275772213936,2974.84637834595
323.3,0.00022239463578443974,2713.4675362274584
323.4,0.00020263675833120942,4766.991717204547
323.5,0.009532244876027107,8063.517520807144
323.6,0.04534865543246269,2242.945310008039
323.7,0.0280772615224123,4671.3523422525295
323.8,0.0309530608355999,1213.5094677200116
323.9,0.023814992979168892,1519.8532449686622
324.0,0.029841119423508644,1766.9117461781793
324.1,0.036020807921886444,1066.1919960447622
324.2,0.03760828450322151,1771.7844289629895
324.3,0.023592673242092133,1484.2547800490663
324.4,0.005214695353060961,3373.5994224627884
324.5,0.0030255569145083427,1568.0074699732352
324.6,0.003672191873192787,7564.3365628292695
324.7,0.004041414707899094,6418.873309803079
324.8,0.006434406619518995,3463.358207596326
324.9,0.007810437120497227,1683.071314227183
325.0,1.6101495930342935e-05,4946.066158129512
325.1,1.3091199434711598e-05,5059.9650715870175
325.2,1.3535563994082622e-05,4934.451876900969
325.3,1.3571184354077559e-05,5163.754884789789
325.4,1.3830840543960221e-05,4961.038278121398
325.5,2.9720527891186066e-05,4879.210722336149
325.6,0.0028053263667970896,2382.8774148831244
325.7,0.004666228778660297,3557.6349483655495
325.8,0.005696794018149376,3326.794090576745
325.9,0.005686793476343155,3334.5820203551693
326.0,0.005511851981282234,3540.2393333813534
326.1,0.006991514004766941,3175.466192059824
326.2,0.0020925484132021666,2150.405065284354
326.3,5.8085850469069555e-05,3373.8946487130725
326.4,1.7924134226632304e-05,4698.395558239043
326.5,0.0033635625150054693,2027.54845827701
326.6,0.006423271261155605,3115.2799134583056
326.7,0.00588204013183713,3853.5314438979044
326.8,0.004825054667890072,4292.756688912972
326.9,0.006319519132375717,3162.470520224211
327.0,0.0026061241514980793,2902.123578124809
327.1,0.007355591747909784,2892.3821201459364
327.2,0.004879818297922611,3477.9752239730506
327.3,0.010194629430770874,2292.8251700783876
327.4,0.005960413254797459,2995.531076902473
327.5,0.006457909941673279,2948.8427934792217
327.6,0.00904294103384018,3400.553008203716
327.7,0.009707917459309101,3681.1119746285963
327.8,0.008578476496040821,3549.68670191408
327.9,0.0015437130350619555,2835.0339596593285
328.0,0.005091418046504259,3239.752249792443
328.1,0.003609981620684266,2070.0591193627642
328.2,0.0048153516836464405,3075.524781862117
328.3,0.0045863050036132336,2831.935252945923
328.4,0.00436758017167449,3194.1780107362647
328.5,0.004363485146313906,3472.5926537107357
328.6,0.003886314108967781,2851.59463653935
328.7,0.00341797131113708,3157.226463865425
328.8,0.004428979940712452,2329.6951423817936
328.9,0.01509652566164732,2378.1085494992094
329.0,0.02263239026069641,2290.830857367984
329.1,0.0215563103556633,2217.038957801466
329.2,0.019310370087623596,1832.571493096271
329.3,0.009466574527323246,970.1190951544377
329.4,0.013795957900583744,1634.5634387349405
329.5,0.015718841925263405,1699.4685223983665
329.6,0.025170860812067986,1912.3682877322433
329.7,0.01977432891726494,2063.66549494477
329.8,0.024112943559885025,2077.442235416911
329.9,0.027196845039725304,1663.8293236699296
330.0,0.03715944662690163,1825.423417421906
330.1,0.021978506818413734,2045.705513605024
330.2,0.0016313117230311036,1651.2205711355905
330.3,0.0190406646579504,2229.7253852161193
330.4,0.02477787807583809,1919.8562494989653
330.5,0.021560033783316612,1682.2733281880303
330.6,0.0054512047208845615,1802.2194827762023
330.7,0.0027345113921910524,4171.166194255142
330.8,0.0028971126303076744,3921.6431858806704
330.9,0.004699697718024254,2270.7157625226105
331.0,0.015663739293813705,1789.4709160775042
331.1,0.0266448725014925,2458.905893561153
331.2,0.014986308291554451,7960.522499909767
331.3,0.030541742220520973,2697.294706828662
331.4,0.023238254711031914,2631.9048652360984
331.5,0.02036471851170063,1733.617706729853
331.6,0.01638183742761612,1203.5151596435917
331.7,0.015976661816239357,3219.626192601214
331.8,0.018097953870892525,3185.2671322534147
331.9,0.013474554754793644,2467.6921105456113
332.0,0.006574451923370361,1425.2925220634465
332.1,0.0074600218795239925,2198.496899863335
332.2,0.008933289907872677,2270.8210246611216
332.3,0.008344687521457672,2555.476975736487
332.4,0.005992617923766375,2184.227892793131
332.5,0.0021223395597189665,1598.743714361799
332.6,1.248027547262609e-05,5001.391390177938
332.7,1.282099856325658e-05,4470.170589149159
332.8,0.010622174479067326,3080.958602301881
332.9,0.017398584634065628,1963.6896057672773
333.0,0.004262895323336124,6268.83088839077
333.1,0.00452572014182806,3147.465815211451
333.2,0.0015953172696754336,1936.4881736022107
333.3,0.0018300057854503393,2727.1374140514517
333.4,0.0032005012035369873,2921.541732603051
333.5,0.006525842938572168,2633.5937307989907
333.6,0.0052122692577540874,1596.8060672668344
333.7,0.000301341584417969,1901.7242002578214
333.8,2.6911635359283537e-05,4132.7169639958865
333.9,1.6670546756358817e-05,4825.686683718959
334.0,0.008346066810190678,659.1453367735229
334.1,0.014567992649972439,1037.5610397319037
334.2,0.015001032501459122,1054.7048985013141
334.3,0.013545271940529346,997.2950827048774
334.4,0.012652901001274586,943.950619724309
334.5,0.012628223747015,919.1261504541365
334.6,0.011239276267588139,842.9531851664033
334.7,0.007503997068852186,823.4618108128536
334.8,0.0002778251946438104,3932.04211018107
334.9,0.0012202983489260077,3975.6528484599035
335.0,0.0013045978266745806,3613.1089793333135
335.1,0.00112141331192106,3297.126414109658
335.2,0.0004886668175458908,2287.5213821065017
335.3,3.275628841947764e-05,4027.8245692600185
335.4,0.019213609397411346,2082.7509798432593
335.5,0.007792413234710693,6908.364494783611
335.6,0.011326261796057224,4343.277121050215
335.7,0.014928285032510757,1409.0336968246759
335.8,0.025819750502705574,2130.406488502936
335.9,0.04148882254958153,2076.990615702794
336.0,0.008982102386653423,1597.4506474874015
336.1,0.0015147299272939563,3181.4947753963265
336.2,0.0006383633590303361,3441.0040924116347
336.3,7.577506039524451e-05,3362.805150383554
336.4,2.5305502276751213e-05,5152.105950515381
336.5,0.021128319203853607,2286.2429688010284
336.6,0.03316553309559822,2174.813171325336
336.7,0.032785434275865555,1890.0008767833185
336.8,0.015570396557450294,1783.3175128456514
336.9,0.025055523961782455,1614.2946150972543
337.0,0.005858974996954203,1980.6835418665737
337.1,0.017355578020215034,1603.8132422281733
337.2,0.021566292271018028,1790.9270604557632
337.3,0.025294173508882523,826.6558741281933
337.4,0.027456719428300858,1913.3454540233602
337.5,0.016818447038531303,1563.309121710517
337.6,0.014836122281849384,1769.50226265122
337.7,0.011362078599631786,2611.5936741091127
337.8,0.010565468110144138,2600.9313968472634
337.9,0.010793370194733143,2275.649412162413
338.0,0.0063520148396492004,1332.0439232655551
338.1,2.643242805788759e-05,4619.806376089198
338.2,1.373781469737878e-05,5270.170115164992
338.3,0.005551634822040796,1974.245814623435
338.4,0.004626198206096888,7420.7678339010545
338.5,0.010718181729316711,2377.5504593325873
338.6,0.009265659376978874,1371.306699786592
338.7,0.0033826972357928753,2875.670723139478
338.8,0.0180424302816391,2231.088410283084
338.9,0.016142886132001877,1572.4801164743656
339.0,0.016500437632203102,1997.6051878609005
339.1,0.004536987282335758,2448.0803476954006
339.2,0.001439827959984541,3620.399824783257
339.3,0.003289589425548911,4300.91294703723
339.4,0.0010265407618135214,4247.083060317762
339.5,0.009676291607320309,2002.461572639179
339.6,0.007901816628873348,6995.5280131648215
339.7,0.011208481155335903,2515.827632212237
339.8,0.011939235031604767,1137.5864731838917
339.9,0.010509402491152287,2375.3747819003156
340.0,0.030618583783507347,1753.3750807108815
340.1,0.0267915241420269,1927.0469379901492
340.2,0.023102562874555588,2722.100038150174
340.3,0.018694648519158363,5229.04298354799
340.4,0.008491766639053822,7351.304181921568
340.5,0.008787634782493114,1856.1158556686
340.6,8.248075027950108e-05,4129.325399478635
340.7,1.3470139492710587e-05,5068.892958781684
340.8,1.2721196981146932e-05,5105.6592346901725
340.9,1.2950879863637965e-05,5141.784150232401
341.0,1.3035333722655196e-05,5002.571385817718
341.1,0.00021074044343549758,5230.174189090573
341.2,0.0012585206422954798,6616.386696294347
341.3,0.0025115066673606634,2372.1324936914452
341.4,0.005170133896172047,3262.2361993779095
341.5,0.006185905542224646,2830.9731412178285
341.6,0.0011341775534674525,3047.6498598657586
341.7,0.0007629307801835239,3880.6506464961813
341.8,0.00030132761457934976,2532.585777732251
341.9,0.005040774587541819,2326.923266213119
342.0,0.005462267901748419,2355.7567422188604
342.1,0.0075013297609984875,2470.5110689533612
342.2,0.008659369312226772,964.08156735218
342.3,0.008213818073272705,2685.9502421142834
342.4,0.006075671408325434,1629.262205238951
342.5,0.006328461691737175,1185.124109752634
342.6,0.0033791782334446907,2013.5534043558187
342.7,0.004522251896560192,2896.4927328372346
342.8,0.005114268511533737,2230.725266619219
342.9,0.007718480192124844,3233.0531916479035
343.0,0.00486086867749691,2614.971363319689
343.1,0.004605162423104048,2011.807238013511
343.2,0.004721326287835836,1432.2891641205272
343.3,0.00621991790831089,2707.569444616722
343.4,0.0025598364882171154,1679.7548241046486
343.5,0.0021800589747726917,3351.071288335839
343.6,0.0008307690732181072,4087.911930703743
343.7,0.0026522756088525057,2483.8832999180604
343.8,0.0022375585976988077,2563.513689997559
343.9,0.001474533579312265,2467.204755774771
344.0,0.0017308657988905907,1563.0446329664337
344.1,0.0013722134754061699,2527.6675633966024
344.2,0.00012079455336788669,2868.314042054867
344.3,1.9616612917161547e-05,4683.899320511866
344.4,0.006483341101557016,1791.1441624392885
344.5,0.018472712486982346,3908.1458528436374
344.6,0.004037721548229456,4103.4154846571055
344.7,0.044246502220630646,2383.431223861521
344.8,0.003766492707654834,3896.0460842065713
344.9,0.01310350839048624,4106.82438455993
345.0,0.007269537542015314,3322.0988301551683
345.1,0.04278482124209404,2245.06237415783
345.2,0.07998999208211899,2116.9813056521366
345.3,0.0526634082198143,2154.5179637047454
345.4,0.03561066463589668,2884.829396648907
345.5,0.033221423625946045,3014.544157870941
345.6,0.04546317085623741,2763.9185687450617
345.7,0.036340340971946716,2382.238807487759
345.8,0.03757286071777344,1592.5595157674393
345.9,0.005052683874964714,3325.0683422420343
346.0,0.004432315472513437,3756.031115141045
346.1,0.0012882151640951633,2238.846249116714
346.2,0.028545405715703964,1382.3203009295826
346.3,0.05872452259063721,2491.6996666856685
346.4,0.05395055562257767,1510.4849822358588
346.5,0.02112170122563839,1234.9151349922856
346.6,0.020704250782728195,1084.464804676695
346.7,0.01863493025302887,2282.4764760290136
346.8,0.03474275767803192,1831.1414378220788
346.9,0.02998899109661579,2119.4208640348475
347.0,0.021155692636966705,2900.6109997971685
347.1,0.013087316416203976,2182.807598449055
347.2,0.016061389818787575,2047.9060508822467
347.3,0.01699191890656948,1892.4691767954214
347.4,0.03082573413848877,1483.786030151168
347.5,0.014126365073025227,1594.3578710786628
347.6,0.002950554247945547,3764.0827577315404
347.7,0.001816631411202252,3871.329184827363
347.8,0.00028973992448300123,3594.1529658306986
347.9,0.0007570566958747804,3807.3809825631997
348.0,0.00893811509013176,1706.2726245074214
348.1,0.0165775865316391,5219.3943632903265
348.2,0.011210701428353786,1632.625530157956
348.3,0.013106292113661766,1248.6396050986075
348.4,0.011800054460763931,1717.9072286727287
348.5,0.00975397415459156,2059.8904623184053
348.6,0.0179104246199131,1959.1613628694345
348.7,0.007803664077073336,1773.8890161533814
348.8,0.0002504525473341346,2181.5412976143066
348.9,9.72061934589874e-06,5288.324952268109
349.0,0.004957318305969238,1622.533176587228
349.1,0.034559983760118484,1564.9148006163832
349.2,0.038329117000103,1396.6828103834364
349.3,0.03878626227378845,1136.1802279753338
349.4,0.010583140887320042,1357.7280285733102
349.5,0.025036292150616646,1218.5132922493808
349.6,0.009194103069603443,3449.8845176849604
349.7,0.0378292091190815,1590.533093563156
349.8,0.01600157842040062,1662.5359877092233
349.9,0.00837545283138752,4817.296670930831
350.0,0.014098802581429482,1377.858609938908
350.1,0.01570785418152809,2215.7283995441526
350.2,0.001723174937069416,3750.7395459030945
350.3,0.0020117934327572584,4044.9525008124265
350.4,0.0008046523435041308,4381.555005347216
350.5,6.251243030419573e-05,3947.0612161171266
350.6,0.0005215584533289075,3438.7207676528615
350.7,0.005051343701779842,2714.1806260985422
350.8,0.00016398030857089907,3065.367329342267
350.9,0.0004888236871920526,3782.959787395948
351.0,0.01223470363765955,2446.894522550022
351.1,0.015363693237304688,2133.6466003111072
351.2,0.004683546721935272,7379.186214020439
351.3,0.015299195423722267,2841.278347270158
351.4,0.0148433493450284,2983.0412503987354
351.5,0.008699804544448853,2741.2724810404716
351.6,0.0038430991116911173,3525.947974541146
351.7,0.003830264788120985,3771.7278013830255
351.8,0.002780345268547535,3471.4484379767828
351.9,0.005833197385072708,1511.7782671545642
352.0,0.02621855027973652,1943.3301791992753
352.1,0.02021067589521408,1664.485009940152
352.2,0.020671555772423744,1386.5540043391857
352.3,0.015858978033065796,1597.7241558838168
352.4,0.01604350283741951,1280.6852035747688
352.5,0.02457844838500023,1686.9826737914955
352.6,0.02246270887553692,839.1632954998189
352.7,0.023482559248805046,1867.0111577604405
352.8,0.010901256464421749,1843.1119000765734
352.9,1.4624908544647042e-05,4838.864145699881
353.0,0.011273270472884178,2744.5873473417396
353.1,0.020207609981298447,2957.728066708346
353.2,0.013464152812957764,1132.855756909099
353.3,0.013388830237090588,1758.9343686852599
353.4,0.017875734716653824,1862.853005411959
353.5,0.016385527327656746,1556.9731568956836
353.6,0.022986646741628647,6009.657573443362
353.7,0.032992590218782425,1779.2077302398573
353.8,0.041698288172483444,1924.7207365545144
353.9,0.03759315237402916,1902.3252276058597
354.0,0.03998011350631714,2146.390049481247
354.1,0.05193934589624405,1812.3405254467998
354.2,0.03416859358549118,2706.86369422352
354.3,0.05353092402219772,1435.474502425631
354.4,0.021379556506872177,1424.3566729850504
354.5,0.0486917719244957,1547.1260429519107
354.6,0.04385068640112877,1536.1683514802567
354.7,0.037742096930742264,3248.563504600449
354.8,0.043191079050302505,1500.7666419749153
354.9,0.019873980432748795,2551.1954007796585
355.0,0.012562335468828678,2720.833691020296
355.1,0.018837297335267067,3412.3978467590014
355.2,0.0071790157817304134,7102.187208368061
355.3,0.010741573758423328,4020.4900784745646
355.4,0.010284721851348877,3120.109510357655
355.5,0.009563365019857883,2794.3287999523664
355.6,0.00972834788262844,2810.7333346021624
355.7,0.012437907978892326,2777.792271603945
355.8,0.00911597441881895,2391.6864930835495
355.9,0.009221289306879044,2601.4412703801254
356.0,0.00683337077498436,2715.607698612751
356.1,0.006094558630138636,4918.4020189957155
356.2,0.007938552647829056,3265.101013072115
356.3,0.002713290974497795,2726.8455112821443
356.4,0.003674149513244629,2400.751402033617
356.5,0.0013024145737290382,2129.852961688033
356.6,0.00434918375685811,2011.2909254367532
356.7,0.007782656699419022,2455.9597420504456
356.8,0.005930101033300161,2521.676134500818
356.9,0.007144782226532698,7099.172790093
357.0,0.003374474821612239,4126.281693874266
357.1,0.00021044310415163636,3118.8353753491742
357.2,0.001968113472685218,3739.886302813996
357.3,0.00029462052043527365,2710.3022275197463
357.4,0.011617877520620823,2332.3981109168108
357.5,0.026834897696971893,2800.575069694665
357.6,0.03222876414656639,2840.713122014628
357.7,0.02302703633904457,2756.7853702628504
357.8,0.007652794476598501,2281.42778912118
357.9,0.018081678077578545,3444.856345940285
358.0,0.019589001312851906,2278.611862337191
358.1,0.011602350510656834,2441.4879648395795
358.2,0.01855158433318138,4325.340799297848
358.3,0.06510545313358307,2360.7459042205223
358.4,0.07609982788562775,2182.56909619782
358.5,0.05809693783521652,2526.75035603349
358.6,0.08324365317821503,2295.6523237401116
358.7,0.06426879018545151,2237.060976965042
358.8,0.049798913300037384,1746.554480775308
358.9,0.016317421570420265,1735.1743029137751
359.0,0.00933593325316906,3236.882814923736
359.1,0.07067874819040298,2002.2691500147605
359.2,0.05845903605222702,2038.8396975855183
359.3,0.056862540543079376,2409.068789493989
359.4,0.05903153866529465,2865.290654087745
359.5,0.024983176961541176,2671.855556792647
359.6,0.06861012428998947,2194.319234041965
359.7,0.06469801068305969,1933.5965528570255
359.8,0.0676724836230278,1904.396129640968
359.9,0.06347928941249847,2410.4950743418476
360.0,0.04604947939515114,1644.1354883485537
360.1,0.015521745197474957,1378.6602185477946
360.2,0.0005120824789628386,2335.5578814115424
360.3,1.5217658074107021e-05,5131.211109450171
360.4,1.1752832506317645e-05,5098.368295119064
360.5,1.2742311810143292e-05,5023.511511734017
360.6,1.1497592822706793e-05,5344.406081890737
360.7,5.1821753004333004e-05,5101.1877495758945
360.8,0.00433605769649148,6771.464162543488
360.9,0.03342476859688759,3557.9282723528527
361.0,0.017132343724370003,3374.9727509467016
361.1,0.01373813021928072,3306.866747975953
361.2,0.004973050206899643,4269.666742794268
361.3,0.007181332912296057,7860.620294787977
361.4,0.019561300054192543,2837.7042292862775
361.5,0.01414362620562315,2114.1303030462955
361.6,0.015565183945000172,3117.2272647349164
361.7,0.007155680097639561,1678.6541084891235
361.8,0.00488518550992012,5043.89553010752
361.9,0.005952151957899332,4692.731476015188
362.0,0.003373354207724333,4099.810663166609
362.1,0.008394267410039902,3167.9079500148287
362.2,0.0019407774088904262,2463.235985018793
362.3,0.024933485314249992,4494.163851966586
362.4,0.008996027521789074,4125.085453451807
362.5,0.0015071219531819224,4145.136141978009
362.6,0.0012050404911860824,4558.299928783607
362.7,0.0006322154076769948,4468.688854826464
362.8,0.003000652650371194,6324.153335315275
362.9,0.019204437732696533,4255.944470599173
363.0,0.009693742729723454,2813.324673172757
363.1,0.0017655041301622987,3159.110359938209
363.2,0.006419301498681307,1619.4527492832979
363.3,0.012495055794715881,1935.5670460228532
363.4,0.020379895344376564,3571.281006023305
363.5,0.01781868375837803,3049.984557200539
363.6,0.009131405502557755,3085.792336155314
363.7,0.013713018968701363,4059.403128274415
363.8,0.009332505986094475,4886.836001791071
363.9,0.011359752155840397,2385.8042595695806
364.0,0.0051766871474683285,2880.4875585900027
364.1,0.009365564212203026,5140.1572030045145
364.2,0.006005903240293264,2918.7930322917664
364.3,0.00597144290804863,5902.277186843672
364.4,0.005733910482376814,4990.8484600152315
364.5,0.007047996390610933,7850.631996389997
364.6,0.007868730463087559,2102.7660360460022
364.7,0.007502945605665445,4080.6439130977597
364.8,0.005227623973041773,6889.762055397686
364.9,0.00576372817158699,1432.0422232285418
365.0,0.006653469987213612,3801.9367996753326
365.1,0.0034465063363313675,7170.992839495311
365.2,0.004276409279555082,2849.2157561755093
365.3,0.00633740471675992,3614.0431704320167
365.4,0.010901029221713543,3706.544215638873
365.5,0.01190668810158968,3728.546019322148
365.6,0.00997215323150158,3041.5066382985415
365.7,0.000755628920160234,3550.183441336877
365.8,0.0008604883914813399,4335.543214575294
365.9,0.00038584668072871864,3956.0593399499617
366.0,7.500180072383955e-05,3272.3454469604103
366.1,3.654435204225592e-05,3857.568496374566
366.2,2.582789966254495e-05,3813.636334021347
366.3,0.0009564246865920722,6554.5488425306585
366.4,0.01930946111679077,3349.0993188273983
366.5,0.027369581162929535,5146.810229593162
366.6,0.04612630233168602,3406.9713901023465
366.7,0.011424767784774303,6414.385761818584
366.8,0.006853677332401276,6475.869459221545
366.9,0.01354183815419674,3399.349952439966
367.0,0.03248189017176628,4536.445152997219
367.1,0.02290141023695469,4013.746162486301
367.2,0.01203300803899765,2940.5562603496955
367.3,0.018809091299772263,4755.086573500226
367.4,0.012303141877055168,2740.0896992335643
367.5,0.02733648009598255,4262.203445386463
367.6,0.03849194571375847,2944.242426039049
367.7,0.01220114529132843,6513.372627829762
367.8,0.01784607395529747,3559.911126042844
367.9,0.010820315219461918,3554.2531162028667
368.0,0.010549844242632389,2930.389849068986
368.1,0.025145534425973892,3721.246432899224
368.2,0.011286931112408638,6631.869503617761
368.3,0.0015558284940198064,4480.20493734458
368.4,0.013068046420812607,3982.28933840812
368.5,0.012230459600687027,5587.397090227938
368.6,0.012415947392582893,5559.028497640498
368.7,0.0201973058283329,2896.2827155226205
368.8,0.014626661315560341,2371.2606778611985
368.9,0.0101942028850317,2862.0408855432283
369.0,0.0053790356032550335,3078.4879262754557
369.1,0.0011787363328039646,2976.1891635313805
369.2,7.674672815483063e-05,3510.4629500554174
369.3,2.0163515728199854e-05,4660.917569318249
369.4,1.3339007637114264e-05,4698.755221840036
369.5,1.0517201189941261e-05,5345.266760184113
369.6,1.0916629435087088e-05,4660.506416912723
369.7,0.03166177123785019,1892.8965960213436
369.8,0.014487113803625107,2017.7949138093322
369.9,0.0007960376096889377,3034.0028667100887
370.0,2.6155827072216198e-05,4210.830834139086
370.1,0.01643931120634079,2812.086003803297
370.2,0.03443041443824768,2245.0043170497293
370.3,0.014821076765656471,1776.7181009081758
370.4,0.042565420269966125,1665.9508383073826
370.5,0.01901995576918125,1916.8237762727401
370.6,0.02962583303451538,2234.05946197144
370.7,0.010576494969427586,7803.648829206124
370.8,0.02864760532975197,1973.0116365637705
370.9,0.0012667459668591619,3020.480004122094
371.0,1.889037957880646e-05,4258.277107424957
371.1,8.61239641380962e-06,4892.2454394592405
371.2,8.270430043921806e-06,5083.797213442272
371.3,8.645897651149426e-06,5172.6597263489075
371.4,8.726697160454933e-06,5374.236745073866
371.5,8.77814363775542e-06,5078.083524537387
371.6,1.6367624994018115e-05,4898.791836579456
371.7,0.00641531590372324,839.4259745749249
371.8,0.006134772207587957,1191.3731362036758
371.9,0.0012225613463670015,1338.0163516956022
372.0,4.16315597249195e-05,2757.7547017362917
372.1,1.7030275557772256e-05,4212.48939618585
372.2,1.2468926797737367e-05,4603.903775889133
372.3,1.3424770259007346e-05,4668.1135044781795
372.4,0.002488845493644476,3483.1409926273536
372.5,0.008725662715733051,1797.263942011204
372.6,0.013807403855025768,1821.84734169006
372.7,0.015224394388496876,1823.7927537207636
372.8,0.02731303684413433,2779.910992958882
372.9,0.007144000846892595,2359.9283113973725
373.0,0.0002892092743422836,2495.963708390117
373.1,2.747001599345822e-05,3019.459760691844
373.2,1.5041239748825319e-05,4423.211773908046
373.3,9.040264558279887e-06,4763.7324982601
373.4,8.369042006961536e-06,4905.062988767231
373.5,9.379798029840458e-06,5115.818487615472
373.6,8.667543625051621e-06,4649.426487231339
373.7,9.257739293389022e-06,5455.338855890571
373.8,9.204703928844538e-06,5015.104063329107
373.9,0.004916355479508638,1903.1195316074325
374.0,0.010601887479424477,1553.2179473806618
374.1,0.009423957206308842,1497.5283116993392
374.2,0.01403158251196146,1140.2168729840614
374.3,0.013681855984032154,965.4354477176767
374.4,0.007667157333344221,953.4132279472317
374.5,0.002380853984504938,821.0988176649428
374.6,2.93218490696745e-05,4279.125878477122
374.7,1.0247861609968822e-05,4703.547183496102
374.8,3.348636528244242e-05,4717.9004494858855
374.9,0.005078403744846582,2539.3404096276813
375.0,0.006102448794990778,2002.737943627419
375.1,0.001167298061773181,3944.5725126792704
375.2,0.021915150806307793,1374.2031689751525
375.3,0.023726938292384148,1132.9610858032142
375.4,0.015983467921614647,2539.405445399173
375.5,0.01856057345867157,2315.850532158871
375.6,0.013599210418760777,2648.722582322679
375.7,0.002047464717179537,7363.768842923375
375.8,0.0003446222108323127,3964.7760339703273
375.9,0.00357957580126822,4196.568389282162
376.0,0.0017761295894160867,3796.6900349910934
376.1,0.0008528937469236553,3560.574542805395
376.2,8.569107012590393e-05,3805.966818777779
376.3,1.2719588085019495e-05,4974.793425939706
376.4,1.2044733921356965e-05,5025.291033325
376.5,0.005778986029326916,2183.7529524634483
376.6,0.026281332597136497,1527.6353606237485
376.7,0.02478894032537937,2040.8609590001981
376.8,0.022662384435534477,2010.3552108867684
376.9,0.02550574764609337,1992.0338530430363
377.0,0.013919403776526451,3882.0255926827917
377.1,0.01926414854824543,2173.1295972931766
377.2,0.02191668003797531,1887.4800474068234
377.3,0.02694880962371826,1496.6151316877665
377.4,0.0315818265080452,2232.552257433294
377.5,0.0014271580148488283,3517.0245607445568
377.6,0.0009628217667341232,3705.4276789894366
377.7,0.00018700092914514244,3521.391150944306
377.8,0.0014199560973793268,5463.1283708279625
377.9,0.004385394509881735,8484.277841277637
378.0,0.05124763399362564,2220.3910244351514
378.1,0.04498950019478798,2674.4176356220346
378.2,0.038001131266355515,1949.3992424029702
378.3,0.02388787269592285,1232.422614256294
378.4,0.023613622412085533,764.6422763726061
378.5,0.02792748250067234,974.7626281588191
378.6,0.01426613237708807,4091.918078648402
378.7,0.02004346437752247,2201.723217292669
378.8,0.027495725080370903,1116.795412707719
378.9,0.019789593294262886,1240.845695596245
379.0,0.010846231132745743,1089.6950232577894
379.1,6.501207826659083e-05,3263.468164669094
379.2,0.0008061252301558852,7543.936014216725
379.3,0.013734554871916771,3842.09409903113
379.4,0.033752214163541794,1212.4828259947835
379.5,0.03300483524799347,1320.1460553681559
379.6,0.027609676122665405,1643.304065654858
379.7,0.013720760121941566,1233.170812658038
379.8,0.01027197390794754,1898.0721508322524
379.9,0.013607115484774113,1746.3619046682288
380.0,0.00548155140131712,2793.809835313912
380.1,0.0058168997056782246,1748.5968411101735
380.2,0.012086642906069756,2225.735526042473
380.3,0.03031858243048191,1352.6950305437142
380.4,0.008585311472415924,5666.194243411357
380.5,0.03744181990623474,2153.6814041995194
380.6,0.012323848903179169,1445.741296214876
380.7,0.022904684767127037,1727.7891005185124
380.8,0.03630005568265915,1916.2280096651145
380.9,0.0019590924493968487,1563.5077958310278
381.0,0.0227072574198246,2164.9219588826695
381.1,0.017374299466609955,1520.1730292009734
381.2,0.0409839041531086,1749.2733701189586
381.3,0.04313945397734642,1598.4314109877637
381.4,0.05142981559038162,1449.620559174659
381.5,0.04289085790514946,1770.1357102273505
381.6,0.01673693209886551,2646.9951810587836
381.7,0.02441796474158764,1482.1581955709098
381.8,0.0183066688477993,1465.8260512706509
381.9,0.00254188384860754,5273.441708234161
382.0,0.005835427902638912,3229.072010106471
382.1,0.012187685817480087,1729.6214109954885
382.2,0.0029638241976499557,2537.8960781074884
382.3,0.01379635650664568,1714.009298127592
382.4,0.014481878839433193,1643.993539087412
382.5,0.019034333527088165,1108.0374433008599
382.6,0.019514499232172966,1361.3772023194242
382.7,0.01641450636088848,1434.3864023579522
382.8,0.006238606292754412,960.6145622966019
382.9,0.017024260014295578,2394.561620027767
383.0,0.006872689817100763,1923.3190355039721
383.1,0.0015434670494869351,3829.875952476127
383.2,0.0008993083029054105,3806.673910104635
383.3,0.002910552080720663,7482.810224077773
383.4,0.01602661982178688,2700.6409617049476
383.5,0.021342437714338303,1845.2986240414973
383.6,0.02429444156587124,2344.614192767513
383.7,0.020226528868079185,2186.1233113917915
383.8,0.0234916303306818,1929.1057225094362
383.9,0.018013115972280502,1138.546152853954
384.0,0.01798298768699169,1740.3737060434291
384.1,0.03416461497545242,1984.6491038156978
384.2,0.021355178207159042,3511.543189876957
384.3,0.022124139592051506,1683.8133985024183
384.4,0.011939707212150097,1834.9199024053764
384.5,0.012023230083286762,2924.3126737497046
384.6,0.004181414842605591,8208.386440566526
384.7,4.075374818057753e-05,6005.7823496521105
384.8,1.661408350628335e-05,4659.416282932732
384.9,1.2605557458300609e-05,4923.686700178956
385.0,6.0302136262180284e-05,3976.437038038139
385.1,0.004545567557215691,1845.118462205347
385.2,0.007667458616197109,1692.4382712141721
385.3,0.001351362676359713,1680.585050891414
385.4,5.451523247756995e-05,2794.469495706753
385.5,1.5510726370848715e-05,4729.565126507141
385.6,1.5787742086104117e-05,4961.905163641206
385.7,1.4213769645721186e-05,5099.620511600592
385.8,1.2631982826860622e-05,5054.066339398405
385.9,1.3166203643777408e-05,4991.208178376433
386.0,0.00815511029213667,2883.49923961136
386.1,0.02700665220618248,4535.398842666339
386.2,0.0550130158662796,1773.114757286147
386.3,0.04406161233782768,1966.9560350207637
386.4,0.0221695639193058,2361.3542885623892
386.5,0.03529421612620354,1341.3315219720826
386.6,0.0199999138712883,2146.425499608434
386.7,0.02598666399717331,2530.8768415506343
386.8,0.017013343051075935,2583.0975010282746
386.9,0.0024382099509239197,5369.754399441908
387.0,0.022755326703190804,932.6280765100324
387.1,0.012307687662541866,1070.7362052378376
387.2,0.04279233142733574,1148.2914215984888
387.3,0.016578983515501022,4874.022333509986
387.4,0.026776067912578583,1643.5046464584952
387.5,0.015146486461162567,1273.5654104540129
387.6,0.003633872140198946,5558.961852518022
387.7,0.0010688137263059616,4361.737612741378
387.8,0.04330449178814888,2269.6988543408406
387.9,0.04392842948436737,2256.5221998982474
388.0,0.012808989733457565,2764.5531552122097
388.1,0.01656249165534973,2816.012561486201
388.2,0.013911239802837372,2306.8703805709533
388.3,0.02849441021680832,841.0690834755206
388.4,0.03769238293170929,1323.0193489380217
388.5,0.023506585508584976,1208.2785520046389
388.6,0.002727674786001444,3917.250803309029
388.7,0.0021430733613669872,3917.4190554310453
388.8,0.00040747615275904536,3309.6228222602376
388.9,0.008175135590136051,7191.081190784575
389.0,0.0444108210504055,2026.832352451568
389.1,0.0523345023393631,1768.7163916168906
389.2,0.030830813571810722,1146.8711327563635
389.3,0.02214273251593113,1950.836574016118
389.4,0.011587877757847309,8092.020892308594
389.5,0.037138864398002625,2323.675014288792
389.6,0.022959746420383453,1651.0913093895033
389.7,0.013149763457477093,1217.5272028187596
389.8,0.004122470039874315,1813.8661593738889
389.9,0.0034109170082956553,2283.7828669734163
390.0,0.01343450602144003,5992.068345371414
390.1,0.009946591220796108,2639.998069140511
390.2,0.022158458828926086,2932.8043495647944
390.3,0.034417424350976944,1548.0459638150232
390.4,0.033881835639476776,1677.6042986921257
390.5,0.02335394360125065,1626.1436304261374
390.6,0.009642213582992554,4233.799830305077
390.7,0.01696057803928852,2378.6487001333485
390.8,0.014590461738407612,2209.263538694674
390.9,0.018437886610627174,1526.8439897286978
391.0,0.020816491916775703,1868.1864081876042
391.1,0.012371641583740711,2004.178424415092
391.2,2.5470679247519e-05,4668.727219106891
391.3,1.291439821216045e-05,5089.728751890424
391.4,1.4516822375298943e-05,5126.162506694929
391.5,0.001655310159549117,1374.6323643703304
391.6,0.005077322944998741,1650.5532214038506
391.7,0.0021194296423345804,1651.208504411336
391.8,7.369516242761165e-05,2803.787871719918
391.9,0.002539855195209384,3233.0378881012775
392.0,0.00513044185936451,3378.3767340194645
392.1,0.00369022274389863,6359.534904625117
392.2,0.006255983840674162,3051.4182429727766
392.3,0.002426418475806713,2811.115293596026
392.4,0.0013755313120782375,2407.032449159332
392.5,0.0013271477073431015,2900.0849911810406
392.6,0.003378571942448616,1336.5955808836557
392.7,0.010156631469726562,3366.1919539343216
392.8,0.017427995800971985,3824.7955249293373
392.9,0.01119225099682808,3319.3574730244964
393.0,0.00040951045230031013,2419.036363025503
393.1,6.780715921195224e-05,3591.1916761528087
393.2,1.7311476767645217e-05,4527.846231324828
393.3,1.2342815352894831e-05,4903.063191123131
393.4,1.1824387911474332e-05,5221.772907596241
393.5,1.1250625902903266e-05,5238.6401583245015
393.6,1.2457952834665775e-05,5061.735615675509
393.7,1.3228506759332959e-05,5200.1693344064415
393.8,0.010960540734231472,890.0402600033212
393.9,0.03882474824786186,2368.874271654738
394.0,0.04993349686264992,1751.8528064050092
394.1,0.022655753418803215,1897.354712888668
394.2,0.0018828335450962186,5629.10471252512
394.3,0.021110113710165024,1607.972890388042
394.4,0.0065707373432815075,7418.278188975002
394.5,0.022582508623600006,1225.2103348008109
394.6,0.022153416648507118,2117.0350073276
394.7,0.0006003204616717994,2272.016977776893
394.8,2.4432572899968363e-05,4051.3629070067864
394.9,1.3106679034535773e-05,5126.658820079667
395.0,1.3633985872729681e-05,4964.820367534461
395.1,1.3477587344823405e-05,4911.012117784822
395.2,1.2787048035534099e-05,5197.125014019452
395.3,1.319329112448031e-05,5024.956333011908
395.4,1.3043988474237267e-05,5030.313860749527
395.5,0.016683358699083328,1721.1233457474389
395.6,0.018796127289533615,2196.6274693517435
395.7,0.0001617316884221509,3230.0890076972855
395.8,0.020960811525583267,1519.1811761959452
395.9,0.010800441727042198,2110.468973500032
396.0,0.0028159376233816147,3142.028333392807
396.1,0.0021215174347162247,1556.243962362525
396.2,0.023117370903491974,2147.111024683334
396.3,0.01399568933993578,1593.625136903032
396.4,0.02348468080163002,1837.0906150332567
396.5,0.014273177832365036,1870.8625607626843
396.6,0.02288178913295269,1985.6469635560982
396.7,0.025938786566257477,2042.7455818123535
396.8,0.02065643109381199,1818.6377497506576
396.9,0.001134579535573721,4578.17552995512
397.0,0.0004971452290192246,4425.0054873066965
397.1,1.4765952982997987e-05,5037.875046166762
397.2,0.010083114728331566,2653.8969334520107
397.3,0.012754672206938267,3813.4608811252783
397.4,0.038792066276073456,2456.5754619559016
397.5,0.02910623885691166,1354.6378889711718
397.6,0.016823818907141685,1037.0694653596443
397.7,0.0031258880626410246,1156.567090980749
397.8,0.01423752773553133,2024.3284050721554
397.9,0.02838750369846821,1899.73387906689
398.0,0.019580692052841187,1648.0870019516062
398.1,0.01517036184668541,5495.5218238620155
398.2,0.02006114087998867,1634.0482023974057
398.3,0.007099583279341459,2571.6359159441754
398.4,0.013010379858314991,1727.1444449124585
398.5,0.0007246448658406734,1433.0983302299487
398.6,1.2489117580116726e-05,5147.411619832627
398.7,1.3548154129239265e-05,5016.48085887054
398.8,1.2532904293038882e-05,5070.597028097287
398.9,1.246590636583278e-05,5099.5681844907385
399.0,1.2742912076646462e-05,4982.782642925969
399.1,0.0016410293756052852,3352.9896524682936
399.2,0.020042797550559044,2289.888839955859
399.3,0.02054528519511223,2475.506466713698
399.4,0.01786205917596817,1551.0937097821966
399.5,0.027782853692770004,2269.022424911256
399.6,0.004430601838976145,2948.1452210888347
399.7,0.0015237791230902076,4263.295551874085
399.8,0.00048436864744871855,3790.5634870816725
399.9,0.024924030527472496,1420.764828212601
400.0,0.015227442607283592,1609.829424054074
400.1,0.04244553670287132,2720.172268922106
400.2,0.004035224672406912,1602.8601999208095
400.3,0.027772635221481323,1814.2234944859497
400.4,0.01671978086233139,1420.8564581791782
400.5,0.01253415271639824,2347.1444434754467
400.6,0.028205739334225655,2421.1350437371316
400.7,0.023461082950234413,3033.169669716527
400.8,0.010102463886141777,3115.8518130400566
400.9,0.012314755469560623,1195.3536029620332
401.0,0.0179687961935997,2018.235667851858
401.1,0.024536706507205963,2383.5722962347736
401.2,0.02558300644159317,2856.0475157193005
401.3,0.015469376929104328,2115.009639727748
401.4,0.00034659853554330766,2279.635777650288
401.5,0.0021051124203950167,5619.97628043894
401.6,0.0014401788357645273,3604.4533540114426
401.7,0.0049844360910356045,1964.6874670492518
401.8,0.012379257008433342,1154.2795534376928
401.9,0.004740891978144646,801.8251682428506
402.0,0.030995532870292664,1470.3854846703948
402.1,0.0017830844735726714,1124.1687713393576
402.2,4.526831617113203e-05,3007.450319172585
402.3,1.2919881555717438e-05,5246.664551478946
402.4,1.2661229447985534e-05,5247.691127589855
402.5,1.1718605492205825e-05,5234.688904002638
402.6,0.0016124731628224254,1825.0139192826673
402.7,0.006939648650586605,1608.2755230795683
402.8,0.000540737179107964,2197.132403151953
402.9,0.004759755916893482,2484.828476718859
403.0,0.005944625474512577,2114.5219146861073
403.1,0.0005633115652017295,4264.905084993203
403.2,0.0006154237780719995,4483.25050147026
403.3,0.0005900207906961441,4764.864081061525
403.4,0.0003638596390374005,4402.277264721633
403.5,0.0013301197905093431,5287.963803760997
403.6,0.004349641036242247,1387.1940507575937
403.7,0.009507550857961178,2140.805479444136
403.8,0.005288279615342617,6841.490547528732
403.9,0.02940070442855358,1538.2627352604027
404.0,0.004573597572743893,2349.8740059645233
404.1,0.005814585834741592,2756.5962932654534
404.2,0.0019606880377978086,2789.437196395055
404.3,0.0037684522103518248,5183.0723757307205
404.4,0.0009715108899399638,2963.4925480881475
404.5,0.000875774072483182,2750.4494171090687
404.6,0.003078120294958353,886.8160991170314
404.7,0.007572636008262634,3390.4540328075655
404.8,0.012114960700273514,3907.559090103599
404.9,0.009637320414185524,3877.0192185299265
405.0,0.0010574867483228445,3655.252024149375
405.1,5.84013105253689e-05,4159.61690815794
405.2,1.4316766282718163e-05,4969.67361002745
405.3,1.3787005627818871e-05,5056.790888315766
405.4,1.52691009134287e-05,5040.994216947786
405.5,1.23634727060562e-05,4829.825053500296
405.6,0.0025885547511279583,3157.2282761341276
405.7,0.016347510740160942,2238.2175852039854
405.8,0.0307338684797287,1794.8377169949035
405.9,0.029363669455051422,1838.7928290856976
406.0,0.023330403491854668,2095.8462715336336
406.1,0.007547861430794001,2098.1769333172106
406.2,0.003622377524152398,4184.59380072286
406.3,0.0027679253835231066,3967.5563041047435
406.4,0.000809479970484972,3519.0596994992616
406.5,3.142335481243208e-05,4574.516878776076
406.6,0.019174836575984955,1083.520004632883
406.7,0.044649917632341385,2030.8130062148934
406.8,0.023853285238146782,1993.8317571411683
406.9,0.022881414741277695,1422.2630985819226
407.0,0.014172381721436977,2676.9152481844158
407.1,0.02042454667389393,2031.969763209065
407.2,0.022897453978657722,1240.6549342886012
407.3,0.016070077195763588,1763.7697053803388
407.4,0.01872345432639122,1605.9667909784766
407.5,0.045231420546770096,2288.3381223647934
407.6,0.008081931620836258,7351.345521505522
407.7,0.014236935414373875,1923.0004405204222
407.8,0.022187108173966408,1254.2916635143167
407.9,0.02372884750366211,1365.9852921917704
408.0,0.004524229560047388,1763.9532339274476
408.1,0.024558715522289276,1300.4214698759547
408.2,0.02064705826342106,1503.5540890923332
408.3,0.031370099633932114,2017.1431998448802
408.4,0.008260432630777359,1654.408855356817
408.5,0.01397944986820221,2303.3265907020527
408.6,0.02285315841436386,1291.547433010814
408.7,0.014252726919949055,2417.321425418097
408.8,0.0198951605707407,2697.4536530890437
408.9,0.025806516408920288,2637.104190007925
409.0,0.0021554548293352127,3573.023569324318
409.1,1.5266023183357902e-05,4748.649513590504
409.2,1.2431761206244119e-05,5089.095366865562
409.3,1.2826444617530797e-05,5493.386738552203
409.4,1.264097500097705e-05,5279.10359515348
409.5,0.003995127975940704,2812.5884575280534
409.6,0.039519015699625015,2430.5707142053366
409.7,0.014934077858924866,1855.7135385735073
409.8,0.0032720318995416164,3138.7126659701594
409.9,0.0036173684056848288,3925.6235020523627
410.0,0.002313004108145833,3604.1484880960606
410.1,0.00030180506291799247,3062.22601480517
410.2,0.007038408424705267,1093.8862015814927
410.3,0.05536045879125595,1888.8539491037598
410.4,0.031149892136454582,1739.5559834124529
410.5,0.001566882012411952,3769.373231299177
410.6,0.012525826692581177,1897.5532005119348
410.7,0.01489463821053505,2078.9058524102165
410.8,0.01902969740331173,837.8203542299757
410.9,0.03175242617726326,1858.8282046404347
411.0,0.013934878632426262,1908.6506985148997
411.1,0.006995835807174444,1925.3208843708114
411.2,0.004226485267281532,1783.78950779888
411.3,0.00379441911354661,3350.780339444435
411.4,0.012248697690665722,2530.8111281088286
411.5,0.006039333064109087,2507.036141081901
411.6,0.006378031335771084,2513.2429417205467
411.7,0.005833254661411047,2561.9845579950083
411.8,0.014692313969135284,891.1020396269855
411.9,0.015100120566785336,2357.6404859034647
412.0,0.015549524687230587,2061.7992305436164
412.1,0.00043066751095466316,2939.9205851776933
412.2,1.2884115676570218e-05,5153.670131712742
412.3,1.3271052011987194e-05,5063.107148089873
412.4,1.2475416042434517e-05,5343.812091370641
412.5,1.2406923815433402e-05,5019.787456304064
412.6,1.4179271602188237e-05,5320.263534975496
412.7,0.0047684321179986,3527.579599232034
412.8,0.008241507224738598,4060.2649871002736
412.9,0.010575377382338047,4314.578427369384
413.0,0.013873085379600525,3109.657116741333
413.1,0.007819515652954578,3777.3717760092145
413.2,0.0035198957193642855,5208.61011989846
413.3,0.006540436763316393,3305.4877450749186
413.4,0.012061922810971737,1882.1063143316878
413.5,0.011483926326036453,3252.735682679244
413.6,0.00643184594810009,3546.29756248557
413.7,0.005413424223661423,2869.9289436423514
413.8,0.002760212402790785,1686.9124006867996
413.9,0.004377600271254778,1263.4863811645632
414.0,0.013444093056023121,3386.0777676733805
414.1,0.002937711076810956,3582.321550007599
414.2,9.468833013670519e-05,3477.2752654428264
414.3,2.358936944801826e-05,4350.128676092885
414.4,1.8085604096995667e-05,4875.0823684087345
414.5,2.0710082026198506e-05,4427.265546981484
414.6,1.9376682757865638e-05,4220.606134012594
414.7,1.2983184205950238e-05,4939.940911959195
414.8,1.4212144378689118e-05,4930.838775006172
414.9,0.006650269031524658,7775.8042225870495
415.0,0.019893523305654526,1936.9944127814636
415.1,0.009746106341481209,3230.191572093262
415.2,0.016559433192014694,2388.4191544069654
415.3,0.010510844178497791,1660.2017208795628
415.4,0.027285920456051826,2445.879542746381
415.5,0.0027412492781877518,3313.364340098663
415.6,0.0010599830420687795,3658.475205336147
415.7,0.0003527902299538255,2896.049519935995
415.8,4.4940934458281845e-05,4023.1917304422414
415.9,3.330241088406183e-05,4657.400645843202
416.0,0.02844553254544735,1597.7426772675617
416.1,0.05254476144909859,2228.0720084789887
416.2,0.04467892274260521,1569.9938125707513
416.3,0.050104185938835144,1916.5620939722614
416.4,0.010911807417869568,7938.618203862171
416.5,0.021065659821033478,3030.5590748485542
416.6,0.018959978595376015,1378.9801688950652
416.7,0.0023775461595505476,1114.3757650720545
416.8,0.023613639175891876,1753.7895831677617
416.9,0.03413468226790428,2421.692157899195
417.0,0.033616188913583755,2236.531120215904
417.1,0.021236754953861237,1264.5322368363804
417.2,0.013217946514487267,1594.5490667830209
417.3,0.010378064587712288,2385.374232639074
417.4,0.010709901340305805,1781.578625210603
417.5,0.0032375839073210955,2768.52700171969
417.6,0.02852490544319153,2096.5319955166215
417.7,0.014757049269974232,1601.0355010589715
417.8,0.02960861474275589,1882.8884731749472
417.9,0.03266449272632599,1090.5077726038203
418.0,0.021504241973161697,1925.4340168034514
418.1,0.002147707622498274,5061.5379530510245
418.2,0.00202506803907454,5484.561751740301
418.3,0.013693519867956638,2211.8655788169094
418.4,0.02249177359044552,1540.7813318841309
418.5,0.014000187627971172,1740.6390363998398
418.6,0.02971116453409195,1414.8963787359692
418.7,0.0003911827225238085,1710.1882373389863
418.8,1.1222157809243072e-05,5380.51926885293
418.9,1.152986897068331e-05,5311.651482806252
419.0,1.1469721357570961e-05,5337.759184997651
419.1,1.1969745173701085e-05,5116.820575351308
419.2,1.1732933671737555e-05,5358.2912842666
419.3,1.1051718502130825e-05,5157.6185452801255
419.4,1.2142319974373095e-05,5170.165733775202
419.5,1.2370669537631329e-05,5229.770519564663
419.6,0.010464758612215519,2745.032885842475
419.7,0.03492908924818039,1593.2592246061254
419.8,0.03611065819859505,1881.6918123164994
419.9,0.010280816815793514,2189.0735558701745
420.0,0.006710090674459934,1537.6375335709731
420.1,0.015093416906893253,4046.1489610733406
420.2,0.022990131750702858,2631.5591970237824
420.3,0.021638568490743637,2074.3439943533276
420.4,0.009644733741879463,3059.437606444977
420.5,0.04315049573779106,2091.523185564466
420.6,0.014987350441515446,2180.546803039551
420.7,0.017352275550365448,2316.056215218223
420.8,0.001821077079512179,2865.0354342067276
420.9,0.029536519199609756,2030.0383815919024
421.0,0.03348855674266815,1770.9222743254895
421.1,0.040209248661994934,1765.4107842675141
421.2,0.039729323238134384,1249.9897228385657
421.3,0.052147313952445984,1619.5913897712642
421.4,0.06283707171678543,2070.574984872946
421.5,0.009184264577925205,2195.7073328053325
421.6,0.015190835110843182,1141.1162190077296
421.7,0.01479250192642212,1807.1487895106736
421.8,0.026452740654349327,1047.2896994922314
421.9,0.038736164569854736,1104.5719001900745
422.0,0.006942520383745432,4329.387252073173
422.1,0.017950624227523804,2182.8924733181098
422.2,0.009404269978404045,1396.82510330598
422.3,0.020774969831109047,1838.109596398309
422.4,0.013418435119092464,1904.3473202601053
422.5,0.0019065195228904486,3803.2032348374696
422.6,0.0014694365672767162,3812.69791451496
422.7,0.0004810260725207627,3359.140262364379
422.8,0.01457822322845459,1065.4205245872422
422.9,0.012915682047605515,2081.874153699195
423.0,0.022490639239549637,2227.4809839205773
423.1,0.026741718873381615,1796.8771950130829
423.2,0.005154576618224382,2509.7751896533246
423.3,0.018449516966938972,1938.0114970980376
423.4,0.01899535208940506,2053.4044365600244
423.5,0.022939957678318024,1873.8427282607681
423.6,0.02280697226524353,1766.8794399487422
423.7,0.02098827436566353,1110.6213160307618
423.8,0.012783141806721687,5023.066946571781
423.9,0.014254920184612274,5032.930382816297
424.0,0.016959432512521744,2818.9585353148004
424.1,0.011378117837011814,5350.690202893546
424.2,0.011981717310845852,2798.121198923168
424.3,0.010932362638413906,6330.854590960823
424.4,0.007591485511511564,7494.5597509349445
424.5,0.03735705092549324,1654.8546604092305
424.6,0.04492162540555,2024.1946597312735
424.7,0.005011558532714844,2888.6133551689486
424.8,0.0071217380464077,1835.306629586557
424.9,0.010658676736056805,1669.7605107063532
425.0,0.017857549712061882,1706.079857863935
425.1,0.023907721042633057,2221.276745289918
425.2,0.010520350188016891,2519.3266496195743
425.3,0.00016033796418923885,3918.250583134053
425.4,1.2416068784659728e-05,5109.242077907696
425.5,1.305089972447604e-05,4931.339790692279
425.6,1.3078282790957019e-05,5048.662033383909
425.7,1.263727062905673e-05,4981.722580399031
425.8,1.4166686923999805e-05,5139.196859002845
425.9,1.5421172065543942e-05,4841.41365184034
426.0,0.010248218663036823,4113.349526359343
426.1,0.027727903798222542,1262.4332352068805
426.2,0.04549902677536011,1825.3789246489018
426.3,0.02117246575653553,1487.4480855575039
426.4,0.03492619842290878,828.9671335206153
426.5,0.04558426886796951,1043.8740685128969
426.6,0.03913868963718414,948.2096102991356
426.7,0.031018435955047607,2038.994360941951
426.8,0.018565034493803978,2144.165802436557
426.9,0.02748720534145832,1725.5612027591874
427.0,0.025260284543037415,1292.7798669831325
427.1,0.023142525926232338,2022.6169437985607
427.2,0.030794138088822365,1026.7893838131931
427.3,0.020206794142723083,1365.1677671260682
427.4,0.018440527841448784,2629.5614470465616
427.5,0.002339913509786129,3425.6986730568515
427.6,0.0018622431671246886,3945.725175303992
427.7,0.0007177305524237454,3490.7334800770795
427.8,0.0023740939795970917,3851.490926810112
427.9,0.04015291854739189,1929.6786073532858
428.0,0.03229619935154915,1764.097366855835
428.1,0.0254670437425375,1796.0549741688314
428.2,0.03549516573548317,2085.192458383359
428.3,0.037322141230106354,1164.3802750453417
428.4,0.01624421216547489,977.2749423600987
428.5,0.029392503201961517,2032.239554308873
428.6,0.02719571627676487,1009.141363981754
428.7,0.015293024480342865,1604.428399202946
428.8,0.018414678052067757,641.748537014683
428.9,0.016527289524674416,937.0667078544335
429.0,0.01550761703401804,1182.5680231808105
429.1,0.03103514201939106,1719.4622884440778
429.2,0.019838567823171616,1424.021174566852
429.3,0.015537891536951065,5235.699270340471
429.4,0.01153035368770361,1942.2547136198846
429.5,0.024388622492551804,1619.2481989388707
429.6,0.02895592525601387,5702.556776769874
429.7,0.05816735327243805,1740.014401896591
429.8,0.012820033356547356,1301.6529526274242
429.9,8.999244164442644e-05,3190.384098557004
430.0,1.470121515012579e-05,3925.709728725951
430.1,1.4356292922457214e-05,4332.593379675756
430.2,1.0789151019707788e-05,4174.402552963509
430.3,1.3098877388983965e-05,4462.41360068811
430.4,0.002915497636422515,3519.2482791598695
430.5,0.008946361020207405,3834.9708328222623
430.6,0.006421681027859449,5434.307021156115
430.7,0.008438611403107643,4042.703080124744
430.8,0.006018170155584812,2394.1525523760524
430.9,0.0032642134465277195,3401.5309812354785
431.0,0.0013754970859736204,3939.0554401293853
431.1,0.001417297637090087,3015.3700449844746
431.2,0.009141740389168262,2762.628011184227
431.3,0.005575016140937805,3341.2028347777286
431.4,0.004171426873654127,2919.340842734177
431.5,0.009142069146037102,3257.172657983851
431.6,0.011507767252624035,3744.6106089708915
431.7,0.0014092394849285483,2594.843297402383
431.8,0.0001725691690808162,3138.226854992806
431.9,1.815818905015476e-05,4571.5206968666
432.0,1.1533647921169177e-05,5235.406001126227
432.1,9.479870641371235e-06,4886.605782523931
432.2,8.914062163967174e-06,4862.959205390526
432.3,8.643848559586331e-06,5142.098506468147
432.4,0.016065802425146103,1939.2844382410824
432.5,0.02999957464635372,1656.811644749508
432.6,0.020268378779292107,1657.9034720839695
432.7,0.04597710072994232,1695.5876424483329
432.8,0.027042491361498833,1458.6496915786192
432.9,0.01599133014678955,1812.3718911237515
433.0,0.022684834897518158,1569.1964214756406
433.1,0.006711835507303476,2165.620185501793
433.2,0.0085098622366786,2494.8077330460737
433.3,0.004487408325076103,3103.983055453782
433.4,0.008397451601922512,7057.433261043185
433.5,0.022384004667401314,2503.5798525301325
433.6,0.021454740315675735,1250.2688846616247
433.7,0.019258053973317146,1653.2895505804845
433.8,0.008738581091165543,1965.6649497440208
433.9,0.00021311573800630867,2642.2953527296986
434.0,0.00621904106810689,3220.195514521777
434.1,0.02464701607823372,1051.6800902773198
434.2,0.02597185969352722,2319.9662956543907
434.3,0.051062822341918945,2279.131925692472
434.4,0.014094135724008083,7043.9331115085115
434.5,0.037816427648067474,2030.7161711156625
434.6,0.0028915891889482737,5354.900653915399
434.7,0.0017184243770316243,5153.258981231855
434.8,0.00849872175604105,1581.2409391392507
434.9,0.014491562731564045,1450.1746939405768
435.0,0.011927705258131027,1065.675869831492
435.1,0.028833096846938133,1508.6853828019766
435.2,0.0006826809258200228,1491.8671233599216
435.3,2.6565154257696122e-05,3373.7591214244694
435.4,8.54646168590989e-06,5020.948722511375
435.5,8.56707356433617e-06,4874.06702103639
435.6,9.228937415173277e-06,5004.81350098522
435.7,9.439268069399986e-06,4987.606829710985
435.8,8.67041035235161e-06,4441.021599374374
435.9,0.017776548862457275,2562.7313011797087
436.0,0.03771807998418808,1379.3295923536703
436.1,0.028319071978330612,1737.5941444175464
436.2,0.0249398835003376,2141.5474464910785
436.3,0.024637198075652122,1648.3848231459465
436.4,0.01806126907467842,1680.147774021333
436.5,0.013734061270952225,4343.7222868637455
436.6,0.01195466984063387,5034.10419847933
436.7,0.014523905701935291,2634.224426647107
436.8,0.03482622280716896,1810.7572983290154
436.9,0.006157868076115847,1507.1432031368106
437.0,0.016279105097055435,1617.91797765385
437.1,0.023870980367064476,1761.250271313112
437.2,0.021687069907784462,1067.0891606117684
437.3,0.011068158783018589,1282.9806928572866
437.4,0.00913775060325861,1983.0226296897845
437.5,0.011851528659462929,1799.038906891827
437.6,0.009373307228088379,2032.7808713951551
437.7,0.023345477879047394,853.4241278652942
437.8,0.025581030175089836,1097.3278264309029
437.9,0.002131096553057432,3985.6697529556054
438.0,0.002126796403899789,3912.3920649780625
438.1,0.00059978460194543,3400.196071071033
438.2,0.004341547843068838,2318.23792612227
438.3,0.018896104767918587,1704.846632271659
438.4,0.02117345854640007,2222.5328978597945
438.5,0.041144631803035736,1901.8436275976997
438.6,0.03601429983973503,813.616693984952
438.7,0.02533513866364956,2015.7016426100918
438.8,0.0228104405105114,1784.5355627690587
438.9,0.016981041058897972,1497.203133867214
439.0,0.0009729583980515599,4959.748366642652
439.1,0.007426062133163214,1660.6905631364086
439.2,0.01107469666749239,1853.5844669741398
439.3,0.005628000944852829,2077.6003739711355
439.4,4.563798211165704e-05,3843.0059600685527
439.5,9.33763112698216e-06,4867.831787421951
439.6,0.0033441626001149416,8027.271191833844
439.7,0.037388164550065994,1271.7675877393872
439.8,0.037340398877859116,1214.9403555038457
439.9,0.008721648715436459,6011.328892876061
440.0,0.00797762256115675,960.3915441575382
440.1,0.0034000594168901443,965.3056363545492
440.2,0.02518424019217491,979.458277990441
440.3,0.025694090873003006,2051.969185682451
440.4,0.014968618750572205,5375.469341047461
440.5,0.026107709854841232,1662.0322811606834
440.6,0.011958169750869274,1424.736454787307
440.7,0.002553454367443919,5311.639555945314
440.8,0.012581138871610165,3226.285778173564
440.9,0.03569861128926277,2078.823407582353
441.0,0.02998613752424717,2055.650472146089
441.1,0.026645319536328316,2156.015686401146
441.2,0.011827046051621437,1754.663341286634
441.3,0.00799678172916174,1254.0131972440577
441.4,0.03567972406744957,1656.4893090042492
441.5,0.001958611886948347,1318.7424268629227
441.6,1.2323275768721942e-05,4583.245218762967
441.7,8.454912858724128e-06,4852.318367760626
441.8,8.25578081276035e-06,4847.230218494132
441.9,9.322649930254556e-06,5151.205164582066
442.0,8.651133612147532e-06,5316.153497859252
442.1,8.65946367412107e-06,5112.515595911178
442.2,0.0007839117315597832,3403.583612440235
442.3,0.004344276152551174,3368.1755929394003
442.4,0.009639539755880833,2906.138479883221
442.5,0.0017009892035275698,3672.113429726674
442.6,0.004853896796703339,6984.414349209837
442.7,0.0068829236552119255,2973.50012162294
442.8,0.0017347718821838498,3265.088667456526
442.9,0.012683916836977005,2978.3718746296804
443.0,0.014910784550011158,2851.9713179450664
443.1,0.01423637568950653,3068.9853386789787
443.2,0.00987910758703947,2764.147260673831
443.3,0.010415920987725258,2614.905719792473
443.4,0.012017913162708282,3095.1144226268357
443.5,0.010343417525291443,3279.5351300566804
443.6,0.0011831665178760886,3674.1486686725543
443.7,0.0009285848936997354,5004.293197062714
443.8,0.0006532586994580925,4556.507118712734
443.9,0.0004304823814891279,4086.8228542133565
444.0,0.00010107430716743693,3330.7103854551915
444.1,0.016229266300797462,1840.5600304673458
444.2,0.019854776561260223,1743.8573636498227
444.3,0.0181866642087698,1920.3308551494313
444.4,0.01602993533015251,2375.6136287911886
444.5,0.017377542331814766,3334.3725524737347
444.6,0.01390262134373188,2381.676614851784
444.7,0.01796174794435501,3090.30500841876
444.8,0.010987565852701664,3083.809823668352
444.9,0.011254406534135342,1897.8194045172231
445.0,0.01229867897927761,3232.8645918422653
445.1,0.01235578116029501,3200.7049215536304
445.2,0.024827053770422935,2213.4093352368545
445.3,0.03203768655657768,2585.7985989319127
445.4,0.030107369646430016,4521.548686811583
445.5,0.011537136510014534,6564.258223808659
445.6,0.0045622591860592365,7692.275981962843
445.7,0.011831304058432579,6038.012000563008
445.8,0.017994726076722145,1866.2066612388026
445.9,0.01477815955877304,3388.9097949658276
446.0,0.01067296788096428,5117.637842757021
446.1,0.007265719119459391,6202.122255307327
446.2,0.004343563225120306,5026.792380281561
446.3,0.004243926610797644,3901.250832830364
446.4,0.003853496629744768,1924.1670883475094
446.5,0.0029483637772500515,2197.106773861377
446.6,0.0031056927982717752,3016.0646407115455
446.7,0.0056486958637833595,2441.8977562618934
446.8,0.007569086737930775,2677.825753822527
446.9,0.011650807224214077,3083.641441791324
447.0,0.01765935868024826,3193.040005326404
447.1,0.018176544457674026,2948.981367841085
447.2,0.013095038011670113,2334.7149519107215
447.3,0.003454960184171796,2644.635090393069
447.4,0.00015831622295081615,2719.3614047183028
447.5,1.865282501967158e-05,4559.800199931369
447.6,1.1170235666213557e-05,5239.246558608329
447.7,1.1018625627912115e-05,4973.585797876563
447.8,1.1670817002595868e-05,5216.946211468905
447.9,1.1387959602870978e-05,5099.183119742368
448.0,1.1572445146157406e-05,5122.167686271775
448.1,1.131780936702853e-05,5081.711855353378
448.2,1.1251707292103674e-05,5158.923859325585
448.3,1.1658785297186114e-05,5334.57929324781
448.4,1.1256548532401212e-05,5375.807066694778
448.5,1.1845047083625104e-05,5279.700474117173
448.6,1.1072274901380297e-05,5526.525062427162
448.7,1.0620650755299721e-05,5427.207720258748
448.8,1.1411887498979922e-05,5297.134581417462
448.9,1.1268509297224227e-05,5240.073331398251
449.0,1.1712908417393919e-05,5166.5372471596465
449.1,1.1365152204234619e-05,5246.6277366652075
449.2,1.1515733604028355e-05,5239.695332504954
449.3,1.1568667105166242e-05,5150.152550950837
449.4,1.1522376553330105e-05,5160.4042633023755
449.5,1.153161338152131e-05,5093.496476030012
449.6,1.1417036148486659e-05,5150.373445058494
449.7,1.1350584827596322e-05,5137.164051809183
449.8,1.2772073205269407e-05,5006.465381616508
449.9,1.2149891517765354e-05,4808.6204635491085
450.0,1.2562320080178324e-05,5009.152883645644
450.1,0.008283914998173714,3521.381507115053
450.2,0.026401221752166748,3474.1721323790293
450.3,0.029264213517308235,3058.194863319427
450.4,0.00665119756013155,2851.1841721213186
450.5,0.003853948088362813,2909.413923907499
450.6,0.03568271920084953,2299.156220529825
450.7,0.026160569861531258,1448.5370484618143
450.8,0.05180628225207329,2482.260237885489
450.9,0.03988383337855339,2040.7533467118556
451.0,0.04835568368434906,2239.529162719293
451.1,0.049711745232343674,3180.3096701573977
451.2,0.046669598668813705,3721.0824425208093
451.3,0.05087965726852417,2568.623659759256
451.4,0.00683014327660203,7212.786081003645
451.5,0.06190629303455353,2394.13596384645
451.6,0.032087743282318115,2029.8360810491781
451.7,0.00835391879081726,1582.6710324510436
451.8,5.272389898891561e-05,3910.4045275828485
451.9,1.2472499292925932e-05,5162.578727651535
452.0,0.00655006617307663,3578.160300996771
452.1,0.01528262160718441,3659.6753747052917
452.2,0.02399568073451519,3222.937810474309
452.3,0.01563870906829834,3565.500734285284
452.4,0.016893938183784485,3863.522033216128
452.5,0.013512840494513512,2451.2958572455727
452.6,0.01733418181538582,2758.6988439696975
452.7,0.016122641041874886,4515.274850859878
452.8,0.012202894315123558,4196.111478376997
452.9,0.014956763945519924,2835.587595549803
453.0,0.036560140550136566,4153.888534738615
453.1,0.01647162064909935,3345.676939612501
453.2,0.012145547196269035,2676.8755867016507
453.3,0.02200792171061039,4436.817745855207
453.4,0.004313727840781212,7378.677242164152
453.5,0.013645105063915253,3785.011055416654
453.6,0.01845911704003811,3221.0748733126493
453.7,0.008087492547929287,3079.2723645578044
453.8,0.012447693385183811,2715.405140892288
453.9,0.004565209150314331,2993.675266601508
454.0,0.01404211949557066,3056.9269449633152
454.1,0.005026532337069511,3194.89650800747
454.2,0.002081482205539942,4304.48459857968
454.3,0.001345809199847281,4048.71279962236
454.4,0.00023228647478390485,3401.1611590137013
454.5,0.0044157602824270725,3254.363377547199
454.6,0.007859832607209682,3126.098284092535
454.7,0.004296860657632351,1743.1544089251897
454.8,0.0015725288540124893,4580.2711292856775
454.9,0.0017052869079634547,4534.475097504028
455.0,0.0012066236231476068,4439.872783229403
455.1,0.0005202500033192337,3291.494580455549
455.2,0.006176667753607035,2842.953912268431
455.3,0.013409813866019249,3649.883339091929
455.4,0.01275325845927,3609.6038352249243
455.5,0.00463660666719079,3019.9019640614497
455.6,0.012765924446284771,2482.547750677374
455.7,0.0014898115769028664,3315.2777721840516
455.8,0.00023978650278877467,3509.5773111994586
455.9,0.010564060881733894,3529.80214670641
456.0,0.021197643131017685,4185.2089292287965
456.1,0.027408188208937645,4323.4851526661005
456.2,0.031222721561789513,3044.0360799175805
456.3,0.009276904165744781,3993.614766487779
456.4,0.018246615305542946,3845.7122380772707
456.5,0.0022950321435928345,3452.4742811476954
456.6,0.0007766105700284243,4298.785530705866
456.7,5.930393308517523e-05,3239.5652105099234
456.8,0.031101692467927933,4777.1138510607525
456.9,0.02652713842689991,4536.531832255949
457.0,0.01031727809458971,3590.1185577709384
457.1,0.011042661964893341,1946.5003572557828
457.2,0.003309252206236124,2885.5482228272226
457.3,0.004990335553884506,3167.815633695187
457.4,0.003085195319727063,4266.881222551254
457.5,0.00830878783017397,3539.770532446252
457.6,0.0018725222907960415,3048.9917787790196
457.7,0.015004679560661316,2240.53381044205
457.8,0.009988340549170971,1687.7790187957464
457.9,0.014504914171993732,1702.913326160555
458.0,0.018055887892842293,3473.539410720932
458.1,0.022700371220707893,3388.7811885278743
458.2,0.01219553966075182,2337.7652931520906
458.3,0.014416883699595928,4040.4647009329146
458.4,0.008965977467596531,4092.479917621321
458.5,0.005751671735197306,3315.1236446245325
458.6,0.00407309690490365,2906.616214274346
458.7,0.004043695982545614,3443.20084155643
458.8,0.012325887568295002,2605.7729016196017
458.9,0.02247549779713154,3121.950971726902
459.0,0.015298226848244667,3779.8055894092586
459.1,0.011553177610039711,4228.658775076419
459.2,0.0016868372913450003,2164.045703801734
459.3,8.741101191844791e-05,2695.308541189678
459.4,1.944018731592223e-05,4661.110857901471
459.5,0.0002618853177409619,4429.813689735745
459.6,0.007941728457808495,8434.532523413694
459.7,0.017719855532050133,2308.4363868930404
459.8,0.038168828934431076,1618.2008209733144
459.9,0.024399342015385628,1983.9714952727718
460.0,0.020533638074994087,1891.7943025957036
460.1,0.01649216003715992,1644.3480218488746
460.2,0.030248470604419708,1186.6416842858475
460.3,0.023937402293086052,2274.1552496901154
460.4,0.002424970269203186,3558.491175230307
460.5,0.0035719687584787607,3936.707457800261
460.6,0.0007742472807876766,3449.043364920893
460.7,0.023473020642995834,2186.5237653480544
460.8,0.022388366982340813,3025.312950932398
460.9,0.010755721479654312,1863.2235311039806
461.0,0.032907236367464066,1242.3070544526063
461.1,0.037832535803318024,2355.2934114479704
461.2,0.0150699932128191,7254.9488104504035
461.3,0.020265528932213783,2412.5047631676616
461.4,0.0029830315615981817,1650.6538729014405
461.5,0.024940932169556618,2116.997525114521
461.6,0.014634504914283752,1517.2771895602014
461.7,0.02129456400871277,2621.7789220298296
461.8,0.02458222024142742,2701.8299130567493
461.9,0.028646957129240036,2287.714730740007
462.0,0.0011318043107166886,2562.747343729264
462.1,1.3383821169554722e-05,4932.121080087738
462.2,1.3446684533846565e-05,5053.67443087831
462.3,1.2502771824074443e-05,5134.818878155293
462.4,1.3018342542636674e-05,5129.168596259194
462.5,1.2996349141758401e-05,5166.045840834835
462.6,1.037859601638047e-05,5262.468634551678
462.7,8.814829016046133e-06,5157.560499381238
462.8,9.40675636229571e-06,5030.660697998317
462.9,0.0014614053070545197,7087.597823193809
463.0,0.0074668764136731625,2414.5545821509613
463.1,0.01572836935520172,3367.967392656115
463.2,0.016165437176823616,5392.238148758688
463.3,0.013241050764918327,3169.67434143824
463.4,0.00900876522064209,1783.7628668205289
463.5,0.007918384857475758,2516.283842922585
463.6,0.005443693138659,2371.8077860326207
463.7,0.008704436011612415,2921.8437702168876
463.8,0.014692001044750214,3542.5933976879805
463.9,0.0015341800171881914,2868.162348880144
464.0,0.0011551501229405403,4656.7161317566515
464.1,0.0005932458443567157,3743.503179954294
464.2,0.004216843284666538,2041.6991453419405
464.3,0.014802547171711922,1468.7836968232323
464.4,0.01643030345439911,2512.1864428295466
464.5,0.013114083558321,7362.598758216458
464.6,0.007527753245085478,3458.2345213467024
464.7,0.010053830221295357,2641.1055481085345
464.8,0.011295386590063572,3892.5726101581336
464.9,0.010458702221512794,2641.3025660721128
465.0,0.005912944208830595,7474.062031333438
465.1,0.010489534586668015,3069.4384784046906
465.2,0.008764907717704773,3344.6421589553897
465.3,0.011594101786613464,3268.1757463410368
465.4,0.011356241069734097,5314.951719341301
465.5,0.012363720685243607,4784.31008920743
465.6,0.013239728286862373,4935.289174924066
465.7,0.01630473881959915,3904.865884347604
465.8,0.019163519144058228,2898.521784722955
465.9,0.012610409408807755,2726.6111318213907
466.0,0.009344382211565971,3459.0482829268926
466.1,0.009014093317091465,6670.867117171036
466.2,0.008561487309634686,2792.1664439609935
466.3,0.002703336765989661,4148.412694231166
466.4,0.007731281220912933,4494.029491056589
466.5,0.0034766183234751225,2798.1752987053587
466.6,0.007527342531830072,2107.896277876573
466.7,0.012545482255518436,3967.5362529963904
466.8,0.013923265971243382,4241.34419447496
466.9,0.011400298215448856,3654.9098304660833
467.0,0.0017419715877622366,3200.585880430391
467.1,0.0005640970193780959,4104.515592725078
467.2,0.0004743295721709728,4614.086192200202
467.3,0.00015821756096556783,3864.523291353691
467.4,2.4468123228871264e-05,3749.5167804043735
467.5,1.3454236068355385e-05,4531.142203016292
467.6,1.2859894013672601e-05,4479.785411483435
467.7,0.007355548907071352,1599.5349684116597
467.8,0.010173081420361996,3325.4318788561072
467.9,0.015018763020634651,3093.4891003750454
468.0,0.005353711545467377,2054.937601067625
468.1,0.005995207466185093,4008.4027145701384
468.2,0.011048246175050735,2679.213988926247
468.3,0.00935308262705803,2290.8276568501237
468.4,0.009218454360961914,2438.0401931076294
468.5,0.013610931113362312,3822.256574511938
468.6,0.007365346886217594,3300.9213758500823
468.7,0.009110666811466217,1919.1732298171805
468.8,0.0060266293585300446,2263.2290061755484
468.9,0.006304044742137194,6581.25954435096
469.0,0.004611089359968901,3992.829374758956
469.1,0.005411688704043627,3564.9535173238573
469.2,0.0030545962508767843,1950.2509049533378
469.3,0.005560371559113264,3779.5426842269835
469.4,0.006179730873554945,4115.72873072868
469.5,0.0030669772531837225,3332.5374660326183
469.6,0.0010830198880285025,4656.760212031258
469.7,0.0003445866459514946,3447.7215811195438
469.8,0.0074238465167582035,1529.25829833932
469.9,0.008457879535853863,2735.9248254965305
470.0,0.006941421423107386,2696.9645680043736
470.1,0.0063118766993284225,3167.567501685479
470.2,0.009022893384099007,3846.9410030606527
470.3,0.013974298723042011,3578.9518396321882
470.4,0.011685899458825588,2352.1466522685487
470.5,0.012104593217372894,4060.030502185544
470.6,0.014702094718813896,2266.8185004504744
470.7,0.012307086028158665,2582.1440294131085
470.8,0.006630938965827227,2805.65733078151
470.9,4.09484127885662e-05,4177.344187004944
471.0,0.013637389987707138,3447.9206536400443
471.1,0.008161553181707859,4085.6014608063524
471.2,0.004545002244412899,4065.548116994725
471.3,0.0021620355546474457,3425.1448052554424
471.4,0.0007090975996106863,2163.008719080813
471.5,0.026155252009630203,1614.9540469248914
471.6,0.05518558621406555,1978.9617917842359
471.7,0.013964499346911907,1105.511087368005
471.8,0.019863810390233994,3374.2318907167123
471.9,0.05684138834476471,1867.7956764766234
472.0,0.005667151417583227,7713.085101238985
472.1,0.035733919590711594,2273.276617985538
472.2,0.01791425049304962,1879.6047541023772
472.3,0.045243192464113235,2020.5051767680598
472.4,0.01753242127597332,6220.875560876042
472.5,0.03330907225608826,2148.200966717016
472.6,0.004168791230767965,2366.6448299655126
472.7,0.0026668428909033537,4037.6717144042673
472.8,0.0015636899042874575,3728.590797132266
472.9,0.00019064507796429098,2917.7582665358877
473.0,0.022859275341033936,2041.5074290919579
473.1,0.005252033472061157,1795.9542338620308
473.2,0.01544294971972704,1413.9559626691023
473.3,0.02548981085419655,1093.4915677256568
473.4,0.014517067931592464,1172.7846435244903
473.5,0.007456732448190451,2743.1196463473098
473.6,0.014498163014650345,2281.246277618122
473.7,0.004337088204920292,2845.0376983284978
473.8,0.021408043801784515,2641.3604119760857
473.9,0.01721530593931675,1945.5228492662309
474.0,0.022160574793815613,2329.7438920269487
474.1,0.014248362742364407,2278.556572136942
474.2,0.01443245355039835,2272.0013676158715
474.3,0.02731511928141117,1693.485352398298
474.4,0.008151465095579624,7590.298405930586
474.5,0.010148759931325912,1830.1108723875598
474.6,0.02332000993192196,1673.466178172719
474.7,0.0003039930306840688,2215.271536679663
474.8,0.021329831331968307,2849.688159638225
474.9,0.029378686100244522,1983.5931708001924
475.0,0.0053752451203763485,7172.327641730034
475.1,0.010879949666559696,2342.484345244984
475.2,0.00023787468671798706,2556.5589088918173
475.3,0.01535007357597351,2104.4439724611248
475.4,0.009003153070807457,2167.457596499621
475.5,0.00023473126930184662,2618.868707635317
475.6,1.2555651665024925e-05,5148.303057252074
475.7,1.276747843803605e-05,5110.407880969017
475.8,0.00048761957441456616,3930.5380073482884
475.9,0.005862822290509939,2495.495735788684
476.0,0.004242099821567535,1056.8799228471426
476.1,0.004213041625916958,2900.763500980413
476.2,0.0027894603554159403,2921.7587787732436
476.3,0.004431794863194227,1793.400992740832
476.4,0.010161236859858036,2555.5733872900637
476.5,0.013659229502081871,2403.0202505955735
476.6,0.004919470753520727,3006.268385063957
476.7,0.002063579158857465,4566.363035113649
476.8,0.0002931164053734392,3916.3320184553427
476.9,0.014870325103402138,1782.0464572839442
477.0,0.017441602423787117,2929.9664364393147
477.1,0.019897252321243286,2765.6172625002046
477.2,0.01237303763628006,3032.9227084360805
477.3,0.011788456700742245,4480.929577960987
477.4,0.009817857295274734,3703.3032325678505
477.5,0.011775215156376362,3589.153812943099
477.6,0.01284957304596901,2117.4770460713326
477.7,0.012037822045385838,2861.404001445146
477.8,0.010699399746954441,3472.458799366562
477.9,0.010224975645542145,2639.9503331583537
478.0,0.011117291636765003,3937.186040333566
478.1,0.008707426488399506,3313.022271503204
478.2,0.004459097981452942,2388.288066486788
478.3,0.005687357392162085,4366.962587629356
478.4,0.004846394062042236,6765.35086676521
478.5,0.005022340454161167,3088.301341914538
478.6,0.004094479139894247,2696.0191419074386
478.7,0.0027645458467304707,2964.6839229171
478.8,0.004717519041150808,3568.7828122536093
478.9,0.005933971609920263,3343.315272508725
479.0,0.0051773483864963055,3642.320372694618
479.1,0.0036255994345992804,3364.0804387672288
479.2,0.0023776257876306772,2299.787901167192
479.3,0.0005673713167198002,1912.0599822168067
479.4,0.00198729382827878,3310.5766139167654
479.5,0.035371825098991394,2619.212483768336
479.6,0.020709913223981857,3292.6110771860567
479.7,0.025071410462260246,1996.4777008841925
479.8,0.016786908730864525,1407.9573959026188
479.9,0.010330130346119404,1009.8288171520255
480.0,0.0006394351366907358,4106.144946003333
480.1,0.012274696491658688,3471.8484169891312
480.2,0.0041891224682331085,4220.8883133728505
480.3,0.002176404930651188,4092.2071473939004
480.4,0.0009173754369840026,3710.8082679433774
480.5,6.351096817525104e-05,3609.817276005727
480.6,0.009327568113803864,1900.6204092115704
480.7,0.009011242538690567,2581.5771150519954
480.8,0.026445932686328888,2958.0715752724764
480.9,0.012167156673967838,7552.538809395935
481.0,0.02705053798854351,1643.9978326295231
481.1,0.024465637281537056,1836.9233640287857
481.2,0.022511763498187065,1998.8707147584253
481.3,0.031119858846068382,1991.637532611746
481.4,0.011348789557814598,2527.2442355228613
481.5,0.0022680412512272596,4247.646193415935
481.6,0.0006699837977066636,4085.336043225103
481.7,0.009797295555472374,800.9022152903428
481.8,0.0411146804690361,1772.116344365038
481.9,0.03432338684797287,2114.549391966363
482.0,0.0090842479839921,1698.937039518013
482.1,0.019909454509615898,2607.4629081455146
482.2,0.028541332110762596,1590.8103548886902
482.3,0.03800666704773903,2381.8432116303065
482.4,0.009610059671103954,3235.9957551533616
482.5,0.01209171861410141,2065.718268746272
482.6,0.0025109131820499897,2696.444227846793
482.7,0.00479698134586215,2368.545123332068
482.8,0.002970371162518859,1659.7714027270501
482.9,0.012480191886425018,3313.7972788907746
483.0,0.025289349257946014,2237.7412345345942
483.1,0.025398561730980873,2408.2540131923424
483.2,0.021548351272940636,2101.6043608830432
483.3,0.007983183488249779,1919.3777062845845
483.4,0.0011485107243061066,5330.889461117092
483.5,0.005720558110624552,2217.0159523852494
483.6,0.0034098841715604067,2061.9682440086362
483.7,0.0022367469500750303,1166.9755608678952
483.8,0.004436173941940069,1935.080573675817
483.9,0.00834733061492443,1427.94371563106
484.0,0.004630836192518473,1221.5665424174401
484.1,1.4794110938964877e-05,4843.8671668744355
484.2,2.2346079276758246e-05,4425.095116597822
484.3,0.004388845060020685,1276.4621964001221
484.4,0.010416761040687561,1328.9219073661304
484.5,0.0006707922439090908,1456.437881158403
484.6,0.00015660200733691454,2701.223930627283
484.7,0.0012712638126686215,4755.390965812326
484.8,0.0008758195908740163,4880.761193949644
484.9,0.0006298830849118531,4684.039663646302
485.0,0.000379234115825966,4312.280569896064
485.1,0.00018227977852802724,3819.3896070851106
485.2,3.375838423380628e-05,2876.0610094565823
485.3,0.0018279561772942543,984.310172119865
485.4,0.00437785591930151,1484.1260137428535
485.5,0.004552129656076431,1313.9534454316304
485.6,0.005033800844103098,1102.2716766065873
485.7,0.005496800411492586,3171.7225037108947
485.8,0.010245345532894135,2574.104711895092
485.9,0.011294567957520485,2396.0086991570834
486.0,0.010629572905600071,2081.0262396257353
486.1,0.010045583359897137,1947.5959164773583
486.2,0.003165421774610877,1494.7556286848517
486.3,0.014839488081634045,2111.412534053373
486.4,0.006722455378621817,6832.203597162456
486.5,0.0055533517152071,4490.627271368774
486.6,0.006567774340510368,3670.980686892879
486.7,0.007644789293408394,3936.309361862368
486.8,0.010058136656880379,3526.8588909209943
486.9,0.01573711633682251,3109.9525137525807
487.0,0.008432956412434578,4357.293948660611
487.1,0.003430894808843732,6718.319882538634
487.2,0.007040016353130341,2457.1366672786576
487.3,0.009662198834121227,2356.2431248501352
487.4,0.006071931682527065,2992.613898713884
487.5,0.005912242457270622,3492.001414600004
487.6,0.004602521657943726,2191.5489751503505
487.7,0.004606705624610186,2929.7548628679056
487.8,0.0022765048779547215,1795.8269463512133
487.9,0.00248107872903347,1945.5855086777487
488.0,0.0032389420084655285,1500.002754611164
488.1,0.002169206505641341,1596.6788303702565
488.2,0.002343765227124095,2368.7562764840277
488.3,0.0031778933480381966,2361.5217520881265
488.4,0.0034848107025027275,2787.243566389894
488.5,0.0006066398927941918,3173.1502850828597
488.6,0.0003007740597240627,3825.0003647259446
488.7,0.0001913777377922088,3560.199292601504
488.8,3.4051041438942775e-05,3681.7169498260478
488.9,1.624667493160814e-05,4350.529036107619
489.0,1.8137678125640377e-05,4242.9647848226705
489.1,1.160321608040249e-05,5071.087062421179
489.2,1.1156988875882234e-05,5328.281594859662
489.3,0.0004672784707508981,3024.35528875712
489.4,0.006572266574949026,3853.123509858662
489.5,0.006466955412179232,4224.144999861656
489.6,0.023145832121372223,3510.535443913898
489.7,0.02731293998658657,3954.873460531586
489.8,0.011441657319664955,8261.529983110648
489.9,0.02100493758916855,4594.927051461793
490.0,0.015413203276693821,2974.57934417709
490.1,0.01032042596489191,3331.93492680743
490.2,0.01068140659481287,4831.03206781352
490.3,0.007729551289230585,2778.242281271418
490.4,0.009806566871702671,1996.1240603964097
490.5,0.004862436559051275,3595.6537198068195
490.6,0.009157977066934109,1985.7823874586097
490.7,0.0074752080254256725,6794.201989764569
490.8,0.0034495117142796516,5645.4992875104
490.9,0.0051626297645270824,4348.934548546671
491.0,0.0074553824961185455,2088.8247779942326
491.1,0.005927376914769411,3155.984523649623
491.2,0.00937352329492569,3524.574774289679
491.3,0.013929043896496296,3778.0541720542014
491.4,0.005193435121327639,3588.2365353878727
491.5,0.0008112582145258784,4891.06428981534
491.6,0.0005170444492250681,4543.4271646198395
491.7,0.00011209225340280682,3208.083042459767
491.8,0.007535153534263372,2485.096392893768
491.9,0.01200233493000269,3428.9057044576084
492.0,0.0038839164189994335,6259.028598356957
492.1,0.024079112336039543,3927.941758427653
492.2,0.017524540424346924,3645.3261737656703
492.3,0.017858998849987984,3788.929620892338
492.4,0.00847349502146244,5726.848251247586
492.5,0.009755712002515793,6148.854377440046
492.6,0.011790279299020767,4815.585063107273
492.7,0.019128944724798203,3800.565364365266
492.8,0.023259682580828667,3862.2132733240032
492.9,0.006921396125108004,7679.182852576831
493.0,0.01638115383684635,3465.3770694762275
493.1,0.001259577926248312,2702.9284754634637
493.2,9.916829003486782e-05,2779.583796679139
493.3,2.4299733922816813e-05,4201.280518576097
493.4,1.5160389921220485e-05,4780.863723764749
493.5,0.00011298287427052855,3688.8194319618406
493.6,0.023513009771704674,1792.3772690810804
493.7,0.04221592843532562,2262.1211533438563
493.8,0.0358433835208416,2112.5555253793727
493.9,0.003269103355705738,3677.381690956326
494.0,0.002815286861732602,3754.596334032534
494.1,0.0006165743689052761,2687.178421308937
494.2,0.02206285484135151,1883.1598479769623
494.3,0.03909232094883919,2247.5981365436214
494.4,0.02918167971074581,2849.263264341262
494.5,0.01972443051636219,4291.105335593653
494.6,0.031269706785678864,1928.007516897771
494.7,0.029466697946190834,1844.3298772606886
494.8,0.00852934643626213,1634.033221141439
494.9,0.0002764106902759522,3325.851566311616
495.0,0.012444552965462208,2717.90177216591
495.1,0.043580327183008194,2272.482461461219
495.2,0.051171958446502686,3262.708257740396
495.3,0.018199019134044647,7511.264497077555
495.4,0.029093261808156967,2589.327008945895
495.5,0.03246611729264259,1059.2071257399186
495.6,0.022699888795614243,2702.7897145198363
495.7,0.020686091855168343,2973.433041095996
495.8,0.01555126067250967,1426.5850438894436
495.9,0.0010457762982696295,1600.5408993136598
496.0,0.000114489856059663,3401.8253433792497
496.1,0.009822304360568523,2924.4619501813368
496.2,0.012842829339206219,2864.8991659937838
496.3,0.01121967937797308,2456.737333156541
496.4,0.00857155304402113,2949.687682127152
496.5,0.007281935308128595,4004.884206070067
496.6,0.006076744291931391,4578.805448987534
496.7,0.007214674726128578,4371.022093758681
496.8,0.0032055764459073544,3312.9924004857085
496.9,0.005372148007154465,5299.330114875018
497.0,0.0036584893241524696,4824.957770806278
497.1,0.0018845703452825546,3423.550633883933
497.2,0.010038857348263264,2466.560288756993
497.3,0.01266917958855629,2911.614366364031
497.4,0.019070569425821304,3149.384868485028
497.5,0.00937982089817524,3161.2145994653793
497.6,0.006681860890239477,2398.839331426452
497.7,0.007712461519986391,3296.889052409684
497.8,0.00455917464569211,2653.6733472614264
497.9,0.005314498674124479,4184.569993351825
498.0,0.005216844845563173,3272.821748834782
498.1,0.005401971284300089,4315.7341686704885
498.2,0.0036154650151729584,5643.646556314293
498.3,0.007056546397507191,2811.3252862186464
498.4,0.005660873372107744,3122.71455682683
498.5,0.004080677404999733,3113.9509103921837
498.6,0.0050790878012776375,2367.057577178611
498.7,0.004550595302134752,2071.428873556788
498.8,0.0035565958824008703,1700.3498050741337
498.9,0.0022704757284373045,1117.1622418330553
499.0,0.00020185229368507862,2099.059632524873
499.1,1.886399695649743e-05,4663.401577981418
499.2,0.005241749342530966,1273.5418734345917
499.3,0.021201875060796738,921.4921024077305
499.4,0.015134935267269611,2322.0447566021194
499.5,0.019334577023983,2263.846660572375
499.6,0.015053036622703075,2083.2284960300235
499.7,0.006780574098229408,1745.2038854219213
499.8,0.008391570299863815,1768.3827725846766
499.9,0.024936039000749588,1500.331456656677
500.0,0.021077489480376244,807.630014416345
500.1,0.00802097748965025,2360.899178121241
500.2,0.011438526213169098,1650.935108638655
500.3,0.010548966936767101,1637.4473168016254
500.4,0.011271288618445396,1999.4382273984593
500.5,0.016608471050858498,4911.654566020505
500.6,0.010117440484464169,5420.820547988488
500.7,0.027797969058156013,1865.8275538613898
500.8,0.02175300382077694,1701.5749285884551
500.9,0.0028766558971256018,3916.5239298891693
501.0,0.003493799827992916,3927.7482990986227
501.1,0.0013416394358500838,3779.0326920331167
501.2,0.0001061805451172404,3678.00807439249
501.3,0.012601764872670174,7329.94161102906
501.4,0.04212731122970581,1683.1318676593155
501.5,0.05331367999315262,1712.7192682693508
501.6,0.029712393879890442,3274.582200634753
501.7,0.045105934143066406,2034.7215513814604
501.8,0.027712417766451836,1892.1648456677344
501.9,0.021192023530602455,2093.305191812606
502.0,0.03562450781464577,3752.7512676919364
502.1,0.0017202330054715276,2347.854655113706
502.2,0.020759474486112595,1592.3066186185079
502.3,0.015462600626051426,1934.9933069816393
502.4,0.013020312413573265,2998.923823351029
502.5,0.0324007049202919,1538.2112206019165
502.6,0.013719223439693451,1431.4873747909025
502.7,0.01413082517683506,1915.54564513892
502.8,0.006695372052490711,2880.7526689131564
502.9,0.016405198723077774,1515.0328694675422
503.0,0.02431093528866768,1548.040998235811
503.1,0.00381816946901381,2925.0322368356146
503.2,0.019321683794260025,1481.2135656895432
503.3,0.015445641241967678,2052.4884791348472
503.4,0.01542648859322071,2282.5504011181606
503.5,0.018719272688031197,2152.917513263396
503.6,0.021940724924206734,1734.5335565655173
503.7,0.001044117147102952,2293.3833235019456
503.8,1.2642553883779328e-05,4976.632690798844
503.9,1.2665769645536784e-05,4896.977937878839
504.0,0.005929274950176477,1258.2428898609362
504.1,0.015513475984334946,1583.030660564356
504.2,0.019210085272789,2536.038974279736
504.3,0.004446500446647406,3514.4140425155374
504.4,0.00024901365395635366,2208.0127423833246
504.5,0.0016709109768271446,4057.1234720382
504.6,0.01667855679988861,4378.2982842532765
504.7,0.022642677649855614,4692.782971611692
504.8,0.021732812747359276,4971.196630860057
504.9,0.01987212896347046,5069.029763868961
505.0,0.011673606000840664,4512.405167382534
505.1,0.015587466768920422,4635.875273702415
505.2,0.02305229939520359,4480.389028239684
505.3,0.025082245469093323,4935.444043167547
505.4,0.02886689081788063,4742.611356818023
505.5,0.018533704802393913,3397.475921415078
505.6,0.0025632965844124556,3981.435287137354
505.7,0.003395733656361699,4491.258960504463
505.8,0.0022254132200032473,2972.9374293395213
505.9,0.010658817365765572,1613.1018512284538
506.0,0.014059416949748993,3956.8264529401786
506.1,0.019363580271601677,2273.1881538655193
506.2,0.012433360330760479,3314.050800427208
506.3,0.013815691694617271,3320.524335015172
506.4,0.01352544967085123,1700.7545428232297
506.5,0.010353976860642433,2466.6083738611605
506.6,0.009329480119049549,6729.51523846943
506.7,0.02044118568301201,2389.45142807726
506.8,0.020614854991436005,2232.8031210796594
506.9,0.029412686824798584,4224.079107120809
507.0,0.015239292755723,2792.4508926549643
507.1,0.007616240065544844,1679.804088558338
507.2,0.006330597214400768,2475.2315246726694
507.3,0.005781837273389101,1960.0723969076148
507.4,0.007098436821252108,3587.0258740624563
507.5,0.0031522877980023623,3170.6351640082135
507.6,0.014291789382696152,2782.9223575127576
507.7,0.011789564043283463,3464.612788309139
507.8,0.0037934938445687294,3441.859966231498
507.9,0.011169582605361938,2759.2916374004208
508.0,0.018627047538757324,2813.863424150698
508.1,0.013026040978729725,1828.5290348064852
508.2,0.012830034829676151,3593.176595294284
508.3,0.010075876489281654,3857.521655262296
508.4,0.006595798768103123,2994.262705545216
508.5,0.010417946614325047,2292.085969020119
508.6,0.008807617239654064,3960.1603539954804
508.7,0.012678871862590313,2670.0971268307067
508.8,0.009594365954399109,2803.5221159734974
508.9,0.010717025958001614,2565.334286295945
509.0,0.001813713926821947,3373.038229953868
509.1,0.009170609526336193,4251.847286371445
509.2,0.0031626077834516764,4481.292209973969
509.3,0.0015301206149160862,3973.169809223697
509.4,0.0007709171622991562,3632.1317984597335
509.5,0.0212834682315588,2882.1493991534617
509.6,0.05295781046152115,2392.895162740788
509.7,0.014234229922294617,2954.924574657969
509.8,0.022702036425471306,2799.883182939311
509.9,0.00102533760946244,2318.277599795033
510.0,0.027348142117261887,2178.6060379127052
510.1,0.021641358733177185,5144.230389329755
510.2,0.03118107281625271,1586.0417207360065
510.3,0.03477829694747925,1639.6990930291881
510.4,0.012663879431784153,6755.777566164592
510.5,0.0328868106007576,1678.120561505364
510.6,0.02078877203166485,1846.191108309123
510.7,0.023028215393424034,1792.511582196235
510.8,0.0419604629278183,1439.829340699957
510.9,0.04765335097908974,1351.9161253038385
511.0,0.0434873029589653,1354.4733052643564
511.1,0.008354985155165195,1159.3605089417042
511.2,3.068061778321862e-05,4555.194400576303
511.3,0.0033795044291764498,857.4756410959941
511.4,0.005611151456832886,1067.4734692018103
511.5,0.014872879721224308,1298.0946495432513
511.6,0.027922239154577255,1298.7031208727155
511.7,0.014082630164921284,1706.7174050740014
511.8,0.0036614760756492615,3074.874541970185
511.9,0.006851229351013899,1632.1396072953753
512.0,0.005951014347374439,3096.942930213362
512.1,0.0024589954409748316,2555.7147650342004
512.2,0.0034343781881034374,2291.3717134098383
512.3,0.005001166835427284,1466.308265595272
512.4,0.006912023760378361,2454.358138347294
512.5,0.0043306718580424786,3961.5229974375898
512.6,0.0018140278989449143,4664.893578391602
512.7,0.0021307480055838823,4679.702159337986
512.8,0.002037879079580307,4219.244332836975
512.9,0.003134164959192276,2407.828741600432
513.0,0.00884094089269638,1196.2349115255947
513.1,0.01149736624211073,2554.654894454897
513.2,0.011062824167311192,3119.2321762314095
513.3,0.008372833020985126,1726.9118993929105
513.4,0.007901822216808796,3016.115405298764
513.5,0.007451696787029505,4777.947026287959
513.6,0.009054352529346943,6619.7633880755675
513.7,0.004881975706666708,5555.508283867872
513.8,0.006497695576399565,3649.3380983115835
513.9,0.007282191421836615,3243.803417346604
514.0,0.006439333315938711,2844.6877518468073
514.1,0.005438809748739004,2878.8961813324077
514.2,0.006110986229032278,2453.723017588036
514.3,0.003857978153973818,2982.6218668977144
514.4,0.005699535366147757,3158.1286459925104
514.5,0.004934866912662983,3032.81336216454
514.6,0.0025398503057658672,2013.9344533585586
514.7,6.92561297910288e-05,2708.3631498354493
514.8,0.014341944828629494,3196.9635588916253
514.9,0.0027550768572837114,4577.752772256928
515.0,0.01568223536014557,2573.2084287858847
515.1,0.00860572885721922,2690.9613929538127
515.2,0.0023363828659057617,2129.533006767281
515.3,0.017449062317609787,3935.178327501216
515.4,0.013060322031378746,4345.66533486234
515.5,0.0020248102955520153,4124.90325954682
515.6,0.0009909291984513402,3456.497136169675
515.7,0.004063480533659458,8258.989069794266
515.8,0.019979827105998993,1714.9932728662811
515.9,0.030084572732448578,1754.4239397569693
516.0,0.02802909165620804,1299.9351309354988
516.1,0.029934557154774666,1693.290162400143
516.2,0.012631609104573727,3309.824831782181
516.3,0.050004418939352036,1750.532459390888
516.4,0.05878729000687599,1809.0511422292739
516.5,0.019795039668679237,2194.8474327333493
516.6,0.015048055909574032,5836.208481809926
516.7,0.021211322396993637,1898.920202410523
516.8,0.025293271988630295,1480.7008289498037
516.9,0.02868274599313736,931.1194748285973
517.0,0.018054790794849396,2266.458155244027
517.1,0.018932899460196495,2809.7829772548384
517.2,0.019205596297979355,2676.414518053486
517.3,0.006155070383101702,1920.5566050244925
517.4,0.0,0.0
517.5,0.0,0.0
517.6,0.0,0.0
517.7,0.0,0.0
517.8,0.0,0.0
517.9,0.0,0.0
518.0,0.0,0.0
518.1,0.0,0.0
518.2,0.0,0.0
518.3,0.0,0.0
518.4,0.0,0.0
518.5,0.0,0.0
518.6,0.0,0.0
