timestamp_sec,amplitude_rms,frequency_centroid_hz
0.0,7.304017e-06,10040.293690549017
0.1,1.0449575e-05,9920.762171100416
0.2,1.0064501e-05,9791.184608517851
0.3,1.0293802e-05,10076.53557770266
0.4,1.0436834e-05,10136.6340815921
0.5,9.938736e-06,10180.6404447266
0.6,1.0368259e-05,10264.746397747704
0.7,0.0014979239,9441.66794502196
0.8,0.0032309035,7206.826600847551
0.9,0.021753047,2005.8675613289306
1.0,0.013066434,2033.4503306279742
1.1,0.0009176735,2897.998831440812
1.2,1.0472083e-05,10032.207455163498
1.3,1.0483335e-05,10022.696048146128
1.4,1.05329245e-05,9871.147010041926
1.5,1.0386563e-05,10134.756682705109
1.6,1.0148474e-05,9982.20579472632
1.7,1.0363757e-05,9881.854212619131
1.8,1.04319515e-05,9948.899189406253
1.9,1.3284337e-05,9354.114213571102
2.0,0.007688714,1440.5130631503284
2.1,0.0011444578,7797.89821199377
2.2,0.01816734,1428.9983840054908
2.3,0.017502706,1429.2212200355564
2.4,0.01231623,1728.1034827125159
2.5,0.002105963,4354.306901584032
2.6,0.0010139209,2906.3415280357895
2.7,0.013483804,1512.0744958818063
2.8,0.019055452,1811.7190619580138
2.9,0.00047896832,8194.550559763808
3.0,0.018920075,1919.0719627737897
3.1,0.019247165,1833.8013399411984
3.2,0.0025764029,3397.035602129049
3.3,0.011175736,5407.630648094813
3.4,0.010089836,2621.160146240761
3.5,0.005637934,1956.2314727473258
3.6,0.020157127,2570.365388154258
3.7,0.0010821326,3851.3278773085576
3.8,5.543297e-05,5491.944428651226
3.9,1.8518092e-05,8722.657427701153
4.0,1.534497e-05,9244.38210650093
4.1,1.4069228e-05,9403.792758892836
4.2,0.0003411722,7938.385408398596
4.3,0.019639162,2740.4946274593112
4.4,0.028336838,1935.4806832298661
4.5,0.015124815,2539.399331155765
4.6,0.010326743,2537.120108243109
4.7,0.01939281,2643.85750806937
4.8,0.0041000606,8963.826221417436
4.9,0.015145112,2611.113532071251
5.0,0.00862549,3340.9201178523003
5.1,0.006577996,2983.200319178949
5.2,0.000445534,4638.955668533914
5.3,1.17741e-05,10772.506514533632
5.4,1.071819e-05,10422.060642404611
5.5,1.0689304e-05,10413.810654542305
5.6,1.0675885e-05,10281.066758349098
5.7,1.1058631e-05,10367.110500779196
5.8,1.0873378e-05,10156.852843620396
5.9,1.0882547e-05,10409.784714760262
6.0,1.0723736e-05,10211.379014075948
6.1,1.0720791e-05,10211.802465112316
6.2,1.0305731e-05,10581.257974915361
6.3,1.061158e-05,10497.746128375735
6.4,1.05690615e-05,10456.959518011032
6.5,0.00017429283,6084.9285069763255
6.6,0.014606756,4627.415833619377
6.7,0.020837402,2648.200327692088
6.8,0.017013563,2212.2398111436637
6.9,0.018925795,1961.9931141050652
7.0,0.002583879,2422.5315450526773
7.1,0.009227182,2733.768657818464
7.2,0.018882625,1184.8777059736713
7.3,0.02090211,1389.347780624967
7.4,0.017902957,1220.5887428926792
7.5,0.024180058,786.5610319305282
7.6,0.0195057,1202.7763127094263
7.7,0.010130592,1385.7613093317138
7.8,0.01102696,1922.9818297237277
7.9,0.009140003,1889.0218698469707
8.0,0.0014710183,2459.4045265369577
8.1,5.74174e-05,6098.142525097489
8.2,2.2446642e-05,7977.219670720617
8.3,1.5065001e-05,9134.141301025837
8.4,1.5473668e-05,9067.721334821312
8.5,1.2874975e-05,9999.994643091562
8.6,1.3669593e-05,9757.504141972378
8.7,0.0060452474,3331.696832732133
8.8,4.827846e-05,8121.610754735664
8.9,0.030020418,2402.259633409266
9.0,0.025715243,872.1093023152554
9.1,0.013487208,2773.380480842266
9.2,0.0046923617,1690.362291609907
9.3,0.008003078,2028.118947195852
9.4,0.00096155115,2833.192114585371
9.5,7.36342e-05,5373.14590567622
9.6,2.222364e-05,7778.326238798229
9.7,1.640245e-05,9142.41754609582
9.8,1.4205579e-05,9859.460247593403
9.9,0.00035274462,4467.860052497961
10.0,0.01431066,2463.981912005083
10.1,0.028054966,900.9756550662787
10.2,0.012079884,2389.958514413013
10.3,0.012680576,1271.672622668375
10.4,0.00790528,2214.008995826389
10.5,0.009078162,3229.3872773759194
10.6,0.009967334,3995.2219165236193
10.7,0.012848082,2789.507687323982
10.8,0.0008048582,6075.766180716459
10.9,0.0068392414,2144.5911741966947
11.0,0.0039601275,2931.2196693764736
11.1,0.004543834,2506.066923869788
11.2,0.0018687733,4407.263621523529
11.3,0.0015786795,2180.864988700636
11.4,0.013577763,1688.1144960995248
11.5,7.704643e-05,7200.56679099524
11.6,1.0480905e-05,10030.330105131718
11.7,1.0059002e-05,10026.039214477256
11.8,1.032262e-05,10086.478998762364
11.9,1.0394807e-05,10091.24799790063
12.0,1.0236375e-05,9939.876458675888
12.1,1.02785625e-05,10083.476130318186
12.2,1.0444652e-05,10091.232840204426
12.3,1.0315029e-05,10028.139263959234
12.4,1.03208595e-05,10432.770396775131
12.5,1.0668846e-05,10009.543984568283
12.6,1.0339809e-05,9703.612898878731
12.7,0.009121622,555.1950930191831
12.8,0.015637998,1393.462230621696
12.9,0.009883181,3432.839938506225
13.0,0.015504577,1716.265938314811
13.1,0.016964966,1804.4048392954778
13.2,0.008225017,1203.2022833103358
13.3,0.023143038,1676.5713508535716
13.4,0.019579345,2720.866876033746
13.5,0.0013886275,2678.2740457327145
13.6,0.02039102,1471.0588291938582
13.7,0.011158022,1217.5142204602184
13.8,0.0015484169,5065.911153435016
13.9,0.00823833,1656.081136467622
14.0,0.027730228,1815.8110274435335
14.1,0.021467367,2101.226100252025
14.2,0.013813081,1684.012616042745
14.3,0.0025407192,3775.5834148798626
14.4,0.0010357179,4195.597071889744
14.5,0.005555001,1529.698290480573
14.6,0.019010877,1326.8272138849263
14.7,0.021865848,1337.441022632433
14.8,0.0016081415,4646.563847991184
14.9,0.00036408755,5082.861782661758
15.0,0.0088857645,2170.2379305812874
15.1,0.020276882,2525.637702710767
15.2,0.0034479082,3125.7884695049765
15.3,0.0062005385,2349.3279449558167
15.4,0.0007879025,2883.283838785501
15.5,5.2692812e-05,5892.5776041620375
15.6,2.0380276e-05,8292.422136831206
15.7,1.03498505e-05,10251.234379352452
15.8,1.0576522e-05,10022.969152963165
15.9,1.0270756e-05,10489.787594001675
16.0,1.0622363e-05,10305.792709397054
16.1,1.2727746e-05,10366.518361317681
16.2,0.02891189,2178.6274967748013
16.3,0.034869585,1110.4343112759327
16.4,0.0062258034,1714.6944446289872
16.5,0.004999486,2369.310941509956
16.6,0.0026910016,2204.0866969250956
16.7,0.0028373443,2216.731249284902
16.8,0.0018468954,2310.973452757793
16.9,0.015625391,1980.8808288947293
17.0,0.013950264,2767.9525747868734
17.1,0.00755517,2671.2255545328253
17.2,0.0014577308,3521.824451658955
17.3,0.0015304242,1894.7901855219443
17.4,0.01162666,1198.3443304875616
17.5,0.010401747,1328.2796250194976
17.6,0.008987488,2525.6717264743675
17.7,0.00049343193,4858.364595020066
17.8,0.014015448,1359.8384161675529
17.9,0.013407557,1324.825795966758
18.0,0.0060670767,1982.0146756262666
18.1,0.0025228695,8159.392999634578
18.2,0.003938086,3348.54830870987
18.3,0.012034183,1869.7209860024082
18.4,0.004364726,2700.841287448594
18.5,0.00011274787,6131.354485773273
18.6,2.2592336e-05,8232.232827510355
18.7,1.0325877e-05,10384.586696077584
18.8,1.027626e-05,10162.622845465496
18.9,1.0746649e-05,10170.03411437901
19.0,1.0653808e-05,10066.52136132191
19.1,1.070158e-05,10133.509608015831
19.2,1.0334013e-05,10165.131498227714
19.3,1.0389717e-05,10120.447192493164
19.4,1.0743286e-05,10066.295791228744
19.5,1.0359233e-05,10262.530543932276
19.6,1.4701619e-05,9592.153849261103
19.7,0.017341156,2316.5554217468116
19.8,0.027058113,2275.33516743391
19.9,0.0012858246,3083.6338261185756
20.0,0.017800663,2236.7480276820593
20.1,0.025771273,1716.3138946735648
20.2,0.00027661351,5440.803453721482
20.3,0.020310393,1181.345350717295
20.4,0.00012356933,6927.654062034571
20.5,0.0005163327,8184.994059410792
20.6,0.010118146,2314.31441961606
20.7,0.0085823815,2213.9373884987217
20.8,0.01268574,2342.0576322488296
20.9,0.017622113,2253.1900219584636
21.0,0.0018173483,5595.1549886540015
21.1,0.0018528649,2678.698472703041
21.2,0.0135391895,1167.52069187392
21.3,0.008431333,1973.3837726292247
21.4,0.00748515,1262.7531633199242
21.5,0.010402786,900.5801263775637
21.6,0.02516355,1198.3733767395213
21.7,0.020797305,1105.0499950000867
21.8,0.00530075,1741.4662039190646
21.9,0.027946275,1604.5706889846783
22.0,0.02627058,2151.650072903474
22.1,0.023780646,2403.776962147893
22.2,0.000108429216,7929.587194570528
22.3,0.0035749022,4722.147230094481
22.4,0.011523754,2056.9963722138395
22.5,0.01626964,2077.439141889037
22.6,0.0073795565,2083.831674281254
22.7,3.0442936e-05,8376.29341529435
22.8,1.1129563e-05,10703.06001772585
22.9,1.0925067e-05,10560.6303170463
23.0,1.05403005e-05,10487.16557700892
23.1,1.0753521e-05,10315.573913750264
23.2,1.0472458e-05,10127.420857851
23.3,1.0685951e-05,10337.899020350029
23.4,1.0694905e-05,10299.404299893751
23.5,1.1015686e-05,10392.874387738264
23.6,1.1051304e-05,10141.493898800767
23.7,0.00053812924,8744.164599958865
23.8,0.02510631,1523.1110818600441
23.9,0.028902203,767.8099144919163
24.0,0.00977648,2412.6806887555167
24.1,0.0024104293,2868.192187922903
24.2,0.00070812413,3123.093528937673
24.3,1.1213181e-05,10476.036651800629
24.4,1.0637642e-05,10570.77953747146
24.5,1.0672722e-05,10294.841341452582
24.6,1.0738766e-05,10470.73978398957
24.7,1.1002648e-05,10451.127015620488
24.8,0.0018653434,2431.42985044606
24.9,0.0067915805,4601.181596790052
25.0,0.03362335,2542.4351206157617
25.1,0.021026948,2781.3244211555525
25.2,0.017343901,1492.969360179184
25.3,0.012819046,2064.07910442292
25.4,0.005220146,1337.8381881137923
25.5,0.011332795,1641.436716682923
25.6,0.024335114,1716.1798576375948
25.7,0.024205456,1609.7366631366551
25.8,0.008411547,1807.4746896258594
25.9,7.294634e-05,6738.761365076896
26.0,2.1592437e-05,8372.221448263672
26.1,0.0042199316,2942.6113803780227
26.2,0.007877026,1285.7515062777857
26.3,0.01630654,1846.3620314573914
26.4,0.01422305,2350.8441597906462
26.5,0.012731908,1173.9814150372536
26.6,0.0016389202,3247.069106323766
26.7,0.0012344449,2396.7325604528983
26.8,0.013691923,2433.4946704948848
26.9,0.013758342,1977.1509502646697
27.0,0.008139123,5026.895589217495
27.1,0.008705787,2593.9704891905926
27.2,0.00604291,4658.866800159051
27.3,0.010173545,1021.8996497491958
27.4,0.0048978687,9021.481566042072
27.5,0.017606154,2126.2855227253567
27.6,0.0009804855,4257.32745720993
27.7,0.005393851,3940.079004122026
27.8,0.009460825,2740.9594770866447
27.9,4.6442805e-05,8551.561860172225
28.0,1.0580528e-05,10449.053495478323
28.1,1.0661471e-05,10206.255164251575
28.2,1.0529064e-05,10352.231358667254
28.3,1.0534252e-05,10108.0461473758
28.4,1.0308304e-05,10211.104229955732
28.5,1.0415821e-05,10357.881819056642
28.6,1.0597875e-05,10286.566796560433
28.7,1.0646735e-05,10137.933425767398
28.8,1.0544895e-05,10056.695112276073
28.9,1.03790435e-05,10165.643115727737
29.0,1.0556638e-05,9885.45023380499
29.1,1.0314826e-05,10015.558236137585
29.2,1.0616253e-05,10182.57262923391
29.3,1.0709845e-05,10482.252538001623
29.4,1.0552216e-05,10142.143545758177
29.5,1.061191e-05,10404.087308840906
29.6,1.2884123e-05,10239.943227824653
29.7,0.008088911,2439.8293007996235
29.8,0.028809128,932.3319850548608
29.9,0.020958832,1455.1429210005524
30.0,0.025735032,754.2080264924531
30.1,0.026069941,1040.2969264553994
30.2,0.025875023,1599.26068159407
30.3,0.007246911,6746.838100184406
30.4,0.0021317028,6804.476790459068
30.5,0.011896405,3182.613380549982
30.6,0.021926532,1455.7796827316397
30.7,0.0056354636,5164.765087090858
30.8,0.002268064,7213.263380344401
30.9,0.0023234999,3135.3809577812103
31.0,0.010513827,2493.5850754053713
31.1,0.011856611,2617.460862436094
31.2,0.00042004543,4361.6278282628
31.3,2.7310904e-05,8679.92253119349
31.4,1.6042895e-05,9304.974521909124
31.5,1.9302002e-05,8732.526337275722
31.6,1.3490217e-05,9702.037203087
31.7,1.3651007e-05,9473.204867782191
31.8,1.2872008e-05,9996.530619408964
31.9,1.3280606e-05,9760.44810182445
32.0,1.4855831e-05,9846.78223097227
32.1,1.4448594e-05,9391.495613565181
32.2,1.5816704e-05,9293.646491500745
32.3,0.010962385,2416.3196423197965
32.4,0.017030839,1876.6684510995626
32.5,0.0054608677,1808.0899868525319
32.6,0.019392326,2791.6670276453992
32.7,0.009849379,1150.9101196683328
32.8,0.0033178998,2213.028802056684
32.9,0.0008148383,4964.882166290728
33.0,0.0023967645,4852.799853396833
33.1,0.0054066177,2374.971343153432
33.2,0.008664952,2135.7472184715125
33.3,4.9232967e-05,7568.625134820382
33.4,0.0067236153,2849.365538968789
33.5,0.01391126,856.9896164630361
33.6,9.477859e-05,6652.220541889375
33.7,0.013084482,2800.132253368821
33.8,0.023257904,2073.997231504492
33.9,0.018103436,1845.772993710168
34.0,0.00454723,9927.456988425693
34.1,0.007981466,2198.8138986147783
34.2,5.2987198e-05,8876.584485314432
34.3,0.009365363,1545.6955781862757
34.4,3.7113805e-05,7878.915680950271
34.5,1.0515828e-05,10018.63651046635
34.6,1.0573796e-05,10151.653473060902
34.7,1.018541e-05,10423.416161901761
34.8,1.03714165e-05,10061.77883975163
34.9,1.04197525e-05,10135.122717887069
35.0,1.0201195e-05,9982.313358505056
35.1,1.0255219e-05,9905.056365150745
35.2,1.0361196e-05,10153.229571022559
35.3,1.0108756e-05,10235.469328828725
35.4,1.0388234e-05,9785.18153949677
35.5,1.0534737e-05,10110.990219218898
35.6,1.1780549e-05,9791.503129163253
35.7,0.017811716,1644.8634079149033
35.8,0.010893319,1613.094721055913
35.9,3.6966223e-05,8173.92878329441
36.0,0.020321546,2486.1382318980677
36.1,0.026761487,771.9813761020141
36.2,0.01236148,1636.4699353551393
36.3,0.00054498855,3267.8738425212296
36.4,0.00023868469,3139.7965005517844
36.5,0.00012309932,3700.6460816208555
36.6,3.9918243e-05,6088.794902974511
36.7,1.5200964e-05,9047.99102159686
36.8,1.622903e-05,9221.897729361552
36.9,1.3474646e-05,10038.640021362375
37.0,0.020722883,2406.082062984282
37.1,0.011718873,3813.2661421320863
37.2,0.004069644,2438.6959734225125
37.3,0.0015274348,3491.0873313026705
37.4,0.00017700945,5939.998337766774
37.5,0.020162528,1277.868335586813
37.6,0.0011469169,7883.4520228529545
37.7,0.00427392,5413.416338229631
37.8,0.011493815,1773.2791395270601
37.9,0.0021922274,4209.563825470606
38.0,0.0008984403,2662.734681360703
38.1,0.009401685,2252.4874524549227
38.2,0.018056186,1844.4925815069366
38.3,0.015051406,2055.1143935444743
38.4,0.009254734,1526.739892464815
38.5,3.6160913e-05,8645.098936010918
38.6,0.019680124,2410.8285992649685
38.7,0.0065179477,2011.3862346608294
38.8,0.0043241116,2499.683634368419
38.9,0.007897889,2362.293344544755
39.0,0.0017586675,4756.793981033211
39.1,0.010948518,4394.49085400002
39.2,0.013111734,2376.4132120328254
39.3,0.0040258663,2406.26840862295
39.4,0.00052297703,3492.1136586508774
39.5,2.3876137e-05,8170.543345105567
39.6,2.2322467e-05,8341.405767638626
39.7,0.0055579725,8855.438201659013
39.8,0.021204138,922.6433919806929
39.9,0.008331487,2042.6001538173587
40.0,0.0069590155,1291.3668307180417
40.1,0.007442775,2262.9778502147733
40.2,0.00056696916,3953.6032223044876
40.3,0.00810587,1093.180664793072
40.4,0.011566719,717.2056021203305
40.5,0.008820311,861.764444531576
40.6,2.7296232e-05,7768.215528346549
40.7,0.0076898537,1389.1272463775429
40.8,0.016174316,1672.270836989629
40.9,0.00064163737,4366.914936885301
41.0,4.3248303e-05,6907.689983097514
41.1,1.7121773e-05,8769.096707874805
41.2,1.5596506e-05,9105.487882925569
41.3,1.3861042e-05,9570.089507007695
41.4,1.3922359e-05,9341.534991346383
41.5,1.249343e-05,9804.947009410313
41.6,1.37105635e-05,9987.690945348186
41.7,1.3675949e-05,9270.324061759145
41.8,1.6618746e-05,8888.987974580557
41.9,1.65944e-05,8934.982181937765
42.0,1.4761866e-05,9622.87639089004
42.1,1.3177646e-05,9600.903917099253
42.2,1.2611915e-05,10046.944233483428
42.3,1.3146059e-05,9676.732991185076
42.4,1.2367094e-05,10055.078835294044
42.5,1.4915864e-05,9579.192032260362
42.6,1.28063975e-05,9925.345993254236
42.7,1.4709137e-05,9826.153384443998
42.8,0.006249197,769.3217614887428
42.9,7.821924e-05,7016.3396777048
43.0,0.016269445,875.3771269598742
43.1,0.023571678,1022.0720814310619
43.2,0.002036148,2584.8487161927223
43.3,0.0020657594,5875.3181600305625
43.4,0.006630494,4077.6168521239715
43.5,0.009123893,2154.8358349699092
43.6,0.00410152,2835.80100181347
43.7,0.008095475,1877.5093596887464
43.8,0.010425947,1369.0019528833222
43.9,0.0017504944,1522.4056245358565
44.0,1.1708801e-05,10831.206871559902
44.1,1.1326903e-05,10424.895934883243
44.2,1.1332682e-05,10627.450258079145
44.3,1.0681282e-05,10310.222836875995
44.4,1.0812714e-05,10577.26554853031
44.5,1.10138435e-05,10531.73750119044
44.6,0.0004876301,6897.80091518873
44.7,0.015053149,712.5557825227103
44.8,0.022687446,1166.3346375772041
44.9,0.013977587,1423.2043809860866
45.0,0.008953047,2154.4390114164194
45.1,0.00034287537,9089.104518358832
45.2,0.011152475,1701.1141713029601
45.3,0.01224497,2126.6866835571836
45.4,0.0002770137,3958.892435299917
45.5,1.12323405e-05,10391.189807409492
45.6,1.0663157e-05,10492.151700872273
45.7,1.0720344e-05,10497.346742325328
45.8,1.0994706e-05,10136.117349345071
45.9,1.0929219e-05,10407.112075469347
46.0,1.0450368e-05,10448.064743334051
46.1,1.0882586e-05,10468.18149476741
46.2,1.07151745e-05,10252.403925555913
46.3,1.1017022e-05,10670.286605817862
46.4,1.06713e-05,10509.196519084668
46.5,1.0811983e-05,10261.71032960299
46.6,1.0959534e-05,10157.288086127981
46.7,1.0767816e-05,10656.52664282996
46.8,3.426937e-05,8095.4607920229455
46.9,0.028885793,1762.6962187264198
47.0,0.0008813867,5140.815177420219
47.1,0.018266244,2448.833221977883
47.2,0.013684653,2335.4409276256765
47.3,0.017805977,1759.2331614586979
47.4,0.01140327,1935.226819176835
47.5,0.0008032028,3681.6210034696896
47.6,0.000118306685,4243.947545379318
47.7,3.325116e-05,6422.77903409793
47.8,1.8486722e-05,8961.712095698127
47.9,0.0020541172,5509.751090324789
48.0,0.015616255,1950.6899265081815
48.1,0.032908857,1799.659462274919
48.2,0.01267524,2156.2050094593533
48.3,0.00028707777,7782.789648590924
48.4,0.0034838452,7839.9158835966255
48.5,0.019850882,1985.66971529053
48.6,0.018206129,1969.0419188513833
48.7,0.018637476,1943.3271544424686
48.8,0.009628862,1493.6011523426446
48.9,0.005538283,2335.688839471927
49.0,0.02897739,2118.6111843164563
49.1,0.0069483123,9374.091163587487
49.2,0.013019734,2347.3354256347898
49.3,0.014209,1232.6360358348606
49.4,0.012502914,1361.7979527369703
49.5,0.0023434793,5766.267165373522
49.6,0.009130156,3652.556545982333
49.7,0.0025560486,2118.037673999896
49.8,0.018233126,1342.7690310014257
49.9,0.013781053,1490.5636610003444
50.0,0.025210602,1529.5935186013094
50.1,0.02039095,927.8431040161441
50.2,0.016092494,948.9444265190255
50.3,0.007522755,1491.7565471051735
50.4,0.008300608,1701.084775054811
50.5,0.0137810595,1669.0665398231338
50.6,0.0031632157,2414.018579755708
50.7,0.009564834,2509.9899062950976
50.8,0.0030728318,8172.241219439452
50.9,0.015991064,1549.7828519634947
51.0,0.0014357526,3143.8840823477567
51.1,0.010941957,2234.5472527297743
51.2,0.007855492,2093.0138388258597
51.3,0.017629936,1663.4273033779825
51.4,0.0063185897,2360.720208939685
51.5,4.5114546e-05,8778.629676216628
51.6,1.0437367e-05,10095.051128384344
51.7,1.02645245e-05,10081.219429588038
51.8,1.0261619e-05,10167.396200693664
51.9,1.0447402e-05,10235.379727123447
52.0,1.0302159e-05,10201.835885624456
52.1,1.0317878e-05,10094.04237388946
52.2,1.0450214e-05,10203.869774489867
52.3,1.07485685e-05,10184.098165413481
52.4,1.0283573e-05,10112.833155536406
52.5,1.0608856e-05,10013.204406426652
52.6,1.0525485e-05,10044.910626926816
52.7,0.0016334945,5789.352531844292
52.8,0.011196553,2259.2539482892125
52.9,0.019032028,719.9494440658998
53.0,0.004503439,3507.088203306481
53.1,0.0031230776,9123.290438136552
53.2,0.021682836,1320.0345413604014
53.3,0.016029555,1259.2152428184836
53.4,3.5458255e-05,8588.221944396262
53.5,0.013283725,1310.0694501993592
53.6,0.013453588,1354.9703656775107
53.7,0.0049855933,2165.922923390871
53.8,0.017413521,548.3852513266093
53.9,0.007250685,1416.5378931213472
54.0,0.00084468303,4477.598430748216
54.1,6.480184e-05,8806.438711916615
54.2,0.013795195,1663.8360202591289
54.3,0.011221381,886.5212848758085
54.4,0.0056637516,2692.2558630151057
54.5,0.004881764,10494.187933564404
54.6,0.0046653775,3394.6371130749453
54.7,0.0066690366,2451.2628299888624
54.8,0.0044924044,1308.8853459378827
54.9,0.012076404,2152.6975806255523
55.0,0.0015131157,3632.701437303649
55.1,3.2433458e-05,8299.44037705671
55.2,1.6611302e-05,9138.17385715723
55.3,1.4296021e-05,9610.46241292212
55.4,1.3615377e-05,9475.870322848314
55.5,1.3947058e-05,9668.93348872277
55.6,1.5041043e-05,9661.767016484726
55.7,1.4402091e-05,9707.646732683534
55.8,1.2619066e-05,10011.666508897957
55.9,1.3495449e-05,9838.505288714421
56.0,1.2557126e-05,9505.268057378122
56.1,1.4429257e-05,9602.532948146189
56.2,1.3236866e-05,9872.060355361282
56.3,1.3021171e-05,9709.361114285488
56.4,1.397321e-05,9620.749608525399
56.5,1.4957872e-05,9511.809356033813
56.6,1.8023582e-05,9252.496301607714
56.7,1.6947892e-05,9306.925608627562
56.8,1.369496e-05,9981.48491500342
56.9,1.3887887e-05,9660.807980651018
57.0,0.003141661,10222.652042444215
57.1,0.01284854,2444.347432533598
57.2,0.014876955,1886.305228026763
57.3,0.0024843498,2327.4520764802955
57.4,4.0880466e-05,7806.060610985296
57.5,1.7824796e-05,9017.418709673875
57.6,1.9721863e-05,8390.371419627081
57.7,1.5270332e-05,9376.719957049454
57.8,1.4144863e-05,9962.522705863317
57.9,1.3752072e-05,9823.138301285238
58.0,1.5615138e-05,9899.14347098583
58.1,0.0013824365,3551.1102202119173
58.2,0.010503742,2853.7789244690225
58.3,0.019507792,1827.668971745234
58.4,0.008082372,7352.99455940511
58.5,0.0031438028,9088.515068472982
58.6,0.016319482,2415.1426779071244
58.7,0.014869416,1994.3678856221916
58.8,6.796939e-05,7879.966725999644
58.9,0.005588319,1985.8589495050294
59.0,0.004922767,3501.366326357539
59.1,0.0060369526,3266.5398177810494
59.2,0.0035713138,2133.1951371260925
59.3,0.0006627106,4063.3380095472003
59.4,3.161155e-05,7661.12661791525
59.5,0.0019316216,2198.9763271687034
59.6,0.016954456,1033.7856851471004
59.7,0.0075715706,1463.7390133188478
59.8,0.0011839841,6983.802712683995
59.9,0.0061130687,3527.0570290522087
60.0,0.00018377979,8348.194190871247
60.1,0.012103725,1941.8805183586644
60.2,0.00082410633,3183.0028749904486
60.3,2.8935723e-05,7710.776830511738
60.4,1.1032382e-05,10322.038900139747
60.5,1.0627688e-05,10242.061246069625
60.6,1.0604719e-05,10338.092617684222
60.7,1.0289227e-05,10325.245608904479
60.8,1.0757127e-05,10384.748438649765
60.9,1.0834382e-05,10483.07539118325
61.0,1.0919168e-05,10218.690356920833
61.1,1.36627905e-05,9816.719920849915
61.2,0.002462849,8454.058000144345
61.3,0.01499129,1771.020136494093
61.4,0.0033279138,8519.933157346219
61.5,0.009594042,3004.1012700279352
61.6,0.00026468752,8145.969355947722
61.7,0.004016788,3181.722542187171
61.8,0.009030943,2782.03231172312
61.9,0.0023588515,4441.939641441799
62.0,0.0010707579,3941.9356956882984
62.1,0.0070096506,2933.3979985890837
62.2,0.0048860516,1191.5142879539837
62.3,0.002000437,1754.4310047031731
62.4,2.988334e-05,7662.86553182645
62.5,2.3644247e-05,8963.187794180616
62.6,1.394365e-05,9426.975125378814
62.7,1.4415374e-05,9435.826821895864
62.8,1.3481925e-05,9648.536026686594
62.9,1.5271942e-05,9338.7543926295
63.0,1.3848254e-05,9638.367451303093
63.1,1.0237169e-05,10147.657169111775
63.2,1.0286789e-05,10043.67622131372
63.3,1.3023781e-05,9681.032139232477
63.4,1.3623288e-05,9686.136243160658
63.5,1.3921463e-05,9548.853337890707
63.6,1.3021926e-05,9745.252379868327
63.7,1.3656779e-05,9522.57670491433
63.8,1.295188e-05,9547.14270401068
63.9,1.3155248e-05,9832.713369669169
64.0,1.4179602e-05,9622.41471227505
64.1,1.47310275e-05,9352.309346600849
64.2,0.011659073,2772.887380000403
64.3,0.00944088,4818.789831122078
64.4,0.0045272796,8930.815478150465
64.5,0.013271873,3279.133500851158
64.6,0.01803074,1543.283525770475
64.7,0.014436681,2280.8014662786
64.8,0.02120111,2281.7046067783144
64.9,0.013755161,2182.0757983654994
65.0,0.00018844541,4741.31503134615
65.1,9.361904e-05,4214.717219553818
65.2,3.6076162e-05,6402.132242848602
65.3,1.622055e-05,8719.155762679564
65.4,1.4377784e-05,9694.416334394282
65.5,0.0025633294,1541.2776442443972
65.6,0.00023364417,4864.895539732865
65.7,0.011255054,1831.1932944042542
65.8,0.016261889,985.7759668389004
65.9,0.01993004,2311.110981689149
66.0,0.017633734,2146.3518787711155
66.1,0.014768037,2175.3707884435594
66.2,0.00829246,1598.9940798299476
66.3,0.01886457,2093.137186552636
66.4,0.022691956,817.0032059918643
66.5,0.025109706,1054.7407501376597
66.6,0.021452244,1919.313854792243
66.7,0.0083681,935.0453468311799
66.8,0.0052190144,2657.031783729105
66.9,0.01838501,1651.983462167949
67.0,0.0015728796,2726.9308064021106
67.1,0.0019635144,4871.364850216037
67.2,0.01115286,2774.1288018166606
67.3,0.0100040855,2536.785036881962
67.4,0.00047498208,4018.7262821090007
67.5,2.7624907e-05,7730.638860565778
67.6,1.8109195e-05,8610.07589566396
67.7,1.5811316e-05,9151.910992489986
67.8,1.3260756e-05,9844.440574767706
67.9,1.3404399e-05,9819.17179911937
68.0,1.3541552e-05,9474.340719727117
68.1,1.3441592e-05,9991.770729660908
68.2,2.35657e-05,9375.974986997622
68.3,0.011681892,2542.798209813145
68.4,0.018548505,954.6774297859981
68.5,0.0003237688,6954.5308830284575
68.6,0.012391919,995.9819989176272
68.7,0.0058356333,1470.5800508549714
68.8,0.0024289044,4420.253259399784
68.9,0.007990576,2574.768348253718
69.0,0.0004975255,5302.1794309194065
69.1,2.060061e-05,9065.965424014526
69.2,0.011828076,1857.9401224004519
69.3,0.008163392,1849.8016332236107
69.4,0.0004932684,2809.9671870583225
69.5,0.00016293116,3333.086286966118
69.6,2.8776914e-05,6621.51284891363
69.7,1.5104573e-05,9248.930698884418
69.8,1.4020737e-05,9871.453895832554
69.9,0.0045431918,1744.0376222700854
70.0,0.0003797477,5175.794386377297
70.1,0.017154235,2000.4908727886736
70.2,0.015114145,2040.4713410615686
70.3,0.0077441223,4746.131601447341
70.4,0.0007868086,6170.2841243469275
70.5,0.011915246,1286.7645860937375
70.6,0.011173749,1787.9252238170159
70.7,0.008542364,1272.6063398711528
70.8,0.010306998,853.8111136609069
70.9,0.009337897,1379.9921346671126
71.0,0.009204149,1241.4116743190086
71.1,0.0004943518,7418.934602127699
71.2,0.007911227,2482.2365446892636
71.3,0.0019546663,2631.5678716972225
71.4,0.0056263544,3828.245781896431
71.5,0.017267501,1030.3368405534493
71.6,0.0020200163,10203.015375596506
71.7,0.01051818,1351.9123760693149
71.8,0.006150988,1400.8442014218463
71.9,0.008279773,858.8713535505724
72.0,0.0016520456,5161.840030854735
72.1,0.013024365,1056.126789480129
72.2,0.0033925823,2346.27508588016
72.3,0.00076011854,4231.554722498011
72.4,4.5651326e-05,7500.085487080111
72.5,0.019310659,1376.629160798046
72.6,0.013749524,2330.1253509340777
72.7,0.00313464,3294.5749878551637
72.8,3.663463e-05,7822.744300238248
72.9,1.9920208e-05,8721.734377906143
73.0,1.5278874e-05,8973.784230962276
73.1,1.477075e-05,9407.563319836998
73.2,1.36553035e-05,9755.978895589491
73.3,1.3583519e-05,9893.738100038338
73.4,1.3566803e-05,9759.915878250165
73.5,1.2799343e-05,9910.123450459869
73.6,1.2904063e-05,9839.624684042217
73.7,1.5953134e-05,9687.563010410977
73.8,1.8563022e-05,9235.10317171886
73.9,1.3980204e-05,9699.27456738336
74.0,1.5484513e-05,9567.099231486194
74.1,0.0063409028,2344.888103662144
74.2,0.015894257,936.9878690089218
74.3,0.003175218,1856.3822764438596
74.4,4.4336564e-05,7601.592933674177
74.5,2.1778207e-05,8408.446059890477
74.6,1.8310795e-05,8352.879910592894
74.7,1.7170534e-05,8928.648481178
74.8,1.5846776e-05,8724.63376059494
74.9,1.5408255e-05,9614.839666913047
75.0,1.3342272e-05,9795.485528985144
75.1,0.0019802386,8787.371178263707
75.2,0.011765856,1841.249505772846
75.3,0.016604664,1560.672776501257
75.4,0.024054136,1909.7459419870775
75.5,0.009496609,1656.6571401257693
75.6,0.009619118,2351.9498589460945
75.7,0.003729052,2830.061200306801
75.8,0.0032151665,2431.9881561451016
75.9,0.0024178869,2114.7287297144426
76.0,0.0056793867,2762.0644008708955
76.1,0.017941294,2112.281400124236
76.2,0.0004412332,7212.6578509852625
76.3,0.015003945,2037.5486051300102
76.4,0.008994015,2090.3793886803196
76.5,9.269796e-05,7386.7174961990695
76.6,0.015922837,1531.5066575583132
76.7,0.013402483,2628.7056508029477
76.8,0.0022902586,9258.607877038667
76.9,0.009150002,2076.6115238427924
77.0,0.00085712015,3118.157059280229
77.1,0.008413681,1370.1414107305745
77.2,0.011672156,1860.3858913160861
77.3,0.018271027,1226.2323177811415
77.4,0.00969527,2265.222900849186
77.5,0.004641036,2298.70752286338
77.6,0.00028766782,4022.7129271214953
77.7,2.4811872e-05,8468.579357173254
77.8,0.0010987482,4361.110518473161
77.9,0.0030459932,4706.9804054200795
78.0,0.004153982,9472.623780601774
78.1,0.018375078,2422.935160772401
78.2,0.00877332,3348.945749136921
78.3,0.0031158435,3712.3995656896523
78.4,0.0010711066,5598.316838282595
78.5,0.0008501754,5684.811334727394
78.6,0.010368374,4065.3978878265734
78.7,0.0046148025,4537.585357348866
78.8,0.00031727564,6090.366532883253
78.9,3.0069436e-05,7672.389751536607
79.0,2.0635001e-05,8862.109357769166
79.1,1.7457573e-05,8738.762515440416
79.2,1.2800055e-05,9735.814876194247
79.3,1.3145037e-05,9932.06221443408
79.4,1.3352861e-05,9457.158465217924
79.5,1.3185785e-05,9223.386742442457
79.6,1.4612676e-05,9274.625610729028
79.7,1.5226014e-05,9005.620272410313
79.8,1.5380474e-05,9433.794923873906
79.9,1.6292403e-05,8735.134697554928
80.0,1.6071705e-05,9027.676297225124
80.1,1.0624937e-05,10367.358322109529
80.2,1.0977175e-05,10603.820678058057
80.3,1.1054552e-05,10388.112251913884
80.4,0.009337438,2235.477725835023
80.5,0.022251233,906.2145394205282
80.6,0.016404347,2032.0078945428982
80.7,0.008780878,4259.448440749658
80.8,0.0040079462,1518.6653112253982
80.9,0.0114036305,1156.1625421094104
81.0,0.000118569376,5573.518414601709
81.1,0.021491157,666.1678156071633
81.2,0.012768806,1161.9566559993204
81.3,0.0023459294,7265.117629014594
81.4,0.010466057,1935.5015911862681
81.5,0.0007112752,4165.409064224743
81.6,0.0023196724,2195.2338218195655
81.7,0.0022378422,6152.326996238282
81.8,0.015778346,891.8601123169205
81.9,0.015751945,1375.7618950214903
82.0,0.0030432984,8963.339186875624
82.1,0.016955575,2002.4454480936256
82.2,0.01704806,2004.987929332316
82.3,0.0030378785,3290.220124579452
82.4,0.0018065999,4014.4007609890614
82.5,0.005428453,1521.8057776104033
82.6,0.0012214956,1886.8004699289297
82.7,0.0018190308,7291.828101457641
82.8,0.0026560551,8041.862482714574
82.9,3.182345e-05,10281.835578139679
83.0,0.0015101545,5194.767958223911
83.1,0.01118006,1943.5848557620366
83.2,0.010404051,898.6749951069735
83.3,0.011542687,1093.4846515961426
83.4,4.849057e-05,7448.480322556579
83.5,1.1201397e-05,10431.372306815443
83.6,1.0802702e-05,10303.828061691212
83.7,1.098257e-05,10057.530438865173
83.8,1.0824229e-05,10151.485275281997
83.9,1.1712681e-05,10669.410809134528
84.0,1.1162278e-05,10389.445602174103
84.1,1.0626637e-05,10539.910122735128
84.2,1.07020605e-05,10534.42498164015
84.3,1.1141926e-05,10404.35437434014
84.4,1.0882899e-05,10454.603471701823
84.5,1.0809733e-05,10142.536768066613
84.6,1.0770093e-05,10503.588098035698
84.7,1.083091e-05,10099.277934669159
84.8,1.2302614e-05,9754.192160387214
84.9,0.0006534893,4142.490618046993
85.0,0.012582317,2380.3142848441303
85.1,0.0019066788,7413.887864228685
85.2,0.002122888,2475.6550736977842
85.3,0.0010557581,2734.7078172097663
85.4,0.0005945975,2259.163166916352
85.5,0.0001986323,3155.1178441886213
85.6,5.0916406e-05,5942.170242501879
85.7,5.7771813e-05,4828.72749872986
85.8,0.0026778702,9734.680598513958
85.9,0.01462361,1499.498737054923
86.0,0.0011274891,4010.397332017114
86.1,0.0036948016,6272.095253699153
86.2,0.0054123616,1785.6410424954204
86.3,0.014267748,1654.8589010798723
86.4,0.0011082315,2727.602676452593
86.5,2.4642051e-05,8344.514001947611
86.6,2.6002475e-05,7491.39591986472
86.7,1.8967117e-05,8378.390188928875
86.8,1.5914684e-05,8864.118082160328
86.9,1.9761643e-05,8107.614604441574
87.0,2.0687063e-05,8343.247816866091
87.1,1.8801049e-05,8460.037206406889
87.2,1.6897222e-05,9035.667094598968
87.3,1.421006e-05,9389.741086851303
87.4,1.4282977e-05,9501.50416918417
87.5,1.3983514e-05,9451.41639006799
87.6,0.0057797483,2836.7993387755523
87.7,0.00060970103,2967.4149886715018
87.8,0.015569097,1398.2213538534581
87.9,0.016632976,1177.6438020997718
88.0,0.008761081,2148.2445102522092
88.1,0.008126835,2865.810302100031
88.2,0.008007686,2096.0550916805996
88.3,0.0015021134,4821.430984203853
88.4,0.015000972,737.6982931387629
88.5,0.011075136,1759.4302637367828
88.6,0.0031213956,7480.772519177706
88.7,0.011132527,1675.4343486779908
88.8,5.1372717e-05,8313.201422942388
88.9,0.010201221,2076.0339894879007
89.0,0.00016477947,5748.610317170536
89.1,2.3098055e-05,8306.401818573171
89.2,1.5999252e-05,8804.909203426409
89.3,1.363399e-05,9559.021941578025
89.4,1.2545488e-05,9941.117967492773
89.5,1.22078445e-05,9970.516541957806
89.6,1.3762857e-05,9598.863632341425
89.7,1.2278048e-05,9595.08010375273
89.8,1.3312495e-05,9523.031332558363
89.9,1.34814645e-05,9817.123762802632
90.0,1.2738585e-05,9950.931235233362
90.1,1.2804564e-05,9524.860583007056
90.2,1.4565478e-05,9508.979193743067
90.3,1.3849434e-05,9335.66828622637
90.4,1.3733982e-05,9430.946437100287
90.5,1.4089882e-05,9476.510395843632
90.6,1.302719e-05,9512.47068248256
90.7,1.2698192e-05,9491.934102428117
90.8,1.3021955e-05,9818.80621866017
90.9,1.3222611e-05,9704.82555109882
91.0,1.3650812e-05,9637.136900755664
91.1,0.0002659654,4160.384532735112
91.2,0.010902825,2565.4265402033775
91.3,0.008863472,4828.199322638086
91.4,0.00834544,4699.142412221801
91.5,0.00063799863,9715.495454838354
91.6,0.0112778,2419.2077047165394
91.7,0.0019156719,8054.583470609396
91.8,0.010350762,2264.652489887489
91.9,0.0070073972,2567.7090288168447
92.0,0.004358118,2856.4847741036115
92.1,0.021979088,1782.9174344478683
92.2,0.021255586,706.9721307214517
92.3,0.009844735,2020.205987643561
92.4,0.0008710911,2902.485038905303
92.5,1.9796573e-05,9624.633567262148
92.6,1.0635158e-05,10439.21839148744
92.7,1.0941154e-05,10318.890142793238
92.8,1.0621175e-05,10571.541620721426
92.9,1.0681303e-05,10108.035180999133
93.0,1.0776218e-05,10267.316537119419
93.1,1.3020971e-05,9592.026592338336
93.2,0.012875199,2373.3640572441836
93.3,0.015214555,1354.2468597786349
93.4,0.0173241,2441.4900021645417
93.5,0.006952843,4487.84556397039
93.6,0.0140077425,1509.6750721157182
93.7,0.0040358165,2280.5843474331346
93.8,0.000117383825,6722.352974317546
93.9,0.0038698944,1386.4289250721545
94.0,0.0033965106,2669.737050851455
94.1,0.012397243,1488.1318741231014
94.2,0.018624429,1785.341302025738
94.3,0.020830086,1456.427290199565
94.4,0.0021423232,2720.1808735195264
94.5,3.2057593e-05,7974.835211610778
94.6,2.1111124e-05,8507.613071729418
94.7,1.5843681e-05,9213.477191106787
94.8,1.478523e-05,9466.844597781437
94.9,1.3516916e-05,9863.938759629847
95.0,1.37006755e-05,9658.607750862957
95.1,0.00010756978,5047.58314541657
95.2,0.03202728,948.7239915650416
95.3,0.0028564099,1520.5530124206116
95.4,2.5572734e-05,8471.919973435342
95.5,0.017416773,1514.1076198723622
95.6,0.006556632,1678.945844754502
95.7,0.014297809,1406.8819910050734
95.8,0.0015027489,5958.345778677211
95.9,0.002909575,3699.0309891365773
96.0,0.0037602081,3667.3839072840283
96.1,0.010357625,2334.5782084218417
96.2,0.0023882932,2442.869432523241
96.3,0.005356607,1823.5480718368826
96.4,0.012004112,2319.055549914496
96.5,0.0073313406,2754.9384820700184
96.6,0.01190473,1883.348893913236
96.7,0.017591001,2170.4191194505684
96.8,0.018684845,1726.6146048320327
96.9,0.0016580035,3872.188504170321
97.0,0.0052419477,9258.473430939202
97.1,0.009439926,2832.2360815538786
97.2,0.007772485,1275.962908350501
97.3,0.011460537,1902.6235322855468
97.4,0.00954433,1934.1142021608803
97.5,0.017558157,1771.0106688259957
97.6,4.9733593e-05,8088.171872243363
97.7,1.9023772e-05,9072.67433373017
97.8,1.3858745e-05,9606.717929889679
97.9,1.4085803e-05,8922.279580964303
98.0,1.3682703e-05,9681.208676396389
98.1,1.329001e-05,9789.962384576414
98.2,1.365708e-05,9590.636958620158
98.3,1.3963554e-05,9608.91655553337
98.4,1.8630888e-05,8373.938154166537
98.5,1.7514842e-05,8496.80456065995
98.6,1.51658505e-05,9059.615081091866
98.7,1.3836684e-05,9310.338239742869
98.8,1.316077e-05,9969.82680183751
98.9,1.2714221e-05,9616.381558784531
99.0,1.4241365e-05,9494.829266162422
99.1,1.3710052e-05,9495.072643211446
99.2,1.4122969e-05,9770.754407325247
99.3,0.017633349,2062.360868562112
99.4,0.022021959,1068.6224323212127
99.5,0.011529058,1290.827606408648
99.6,0.009129035,2331.0761807086137
99.7,0.008693704,1027.9456402630349
99.8,0.0025706096,1714.3085642899798
99.9,4.6203957e-05,7177.856333844391
100.0,0.0035736456,798.0012761688226
100.1,3.376617e-05,7215.8270276354615
100.2,0.021619724,910.4133796320998
100.3,0.019708028,1384.5319486972119
100.4,0.017412744,857.4521165661021
100.5,0.018249424,975.3761578354936
100.6,0.0005465068,4564.314735063964
100.7,0.006559297,4413.875711608236
100.8,0.012894826,1972.223610642616
100.9,0.0032105434,9026.751261635842
101.0,0.003252634,4861.2353318112455
101.1,0.009579241,1287.3277233094032
101.2,0.004450291,1423.5588335804994
101.3,0.011042595,952.9812597948696
101.4,4.1172436e-05,6749.136089702191
101.5,1.6249902e-05,9348.056198127517
101.6,1.5372101e-05,9296.615495995698
101.7,1.4593823e-05,9196.571226229571
101.8,1.5044763e-05,9342.19478232236
101.9,1.3856961e-05,9624.652909859258
102.0,1.3308117e-05,9975.687859201673
102.1,1.2804954e-05,10054.316412005835
102.2,1.1991488e-05,9930.181508139194
102.3,1.3664947e-05,9294.172247267805
102.4,1.375195e-05,9732.441059954775
102.5,1.3773985e-05,10005.669071051998
102.6,0.004029138,1732.5221738269865
102.7,0.0013562238,3741.3339348308828
102.8,0.017651742,2135.561115799044
102.9,0.0035311573,9068.727384849317
103.0,0.022762747,1532.5973657668096
103.1,0.019947398,1988.8179724536685
103.2,0.011102375,2131.740476076581
103.3,0.004940577,3056.204144077241
103.4,0.023554835,942.3947068273673
103.5,0.014731324,2054.7962375985403
103.6,0.0012814014,9022.134194152488
103.7,0.008337383,3372.6474799257776
103.8,0.012751959,2531.6447654450244
103.9,0.002930176,3332.597083658036
104.0,0.00096264825,4406.6700494308025
104.1,0.0036567268,2355.329536529035
104.2,0.0017555237,4788.59633111674
104.3,0.010110098,2714.5252188505547
104.4,0.0089380145,2625.2549678745513
104.5,0.0007783844,3471.2301224900484
104.6,3.230644e-05,7470.522639762743
104.7,1.4729071e-05,9436.326694253145
104.8,1.6209657e-05,9013.954304538347
104.9,1.5540838e-05,9399.742602149985
105.0,1.3075939e-05,9730.511809568365
105.1,1.2805419e-05,9915.000607104208
105.2,1.28793745e-05,9592.48582256984
105.3,1.4894026e-05,9281.68858493336
105.4,1.6712158e-05,9011.269218443611
105.5,1.7688542e-05,8952.153201731655
105.6,2.1150821e-05,8530.886826183525
105.7,3.4132176e-05,8411.934846181535
105.8,0.009051272,10521.055986812768
105.9,0.019604268,2253.5651260112395
106.0,0.025262725,1076.1816440395266
106.1,0.020139813,2037.75551683096
106.2,0.0027576375,1833.2221195973905
106.3,0.0041218633,4205.25061320889
106.4,0.01643737,2921.28277053684
106.5,0.016109422,4652.218845299982
106.6,0.004377601,4435.95345634606
106.7,0.015295503,3274.2224887736393
106.8,0.006154883,3163.830179273109
106.9,0.00018763187,5196.8386424990795
107.0,2.4363668e-05,8220.679380225918
107.1,1.6802262e-05,9227.338358690296
107.2,1.4241266e-05,9427.455078811996
107.3,1.45620625e-05,9266.566539755393
107.4,1.6651415e-05,8266.529576806182
107.5,1.3200824e-05,9648.025969845843
107.6,1.3166456e-05,9923.541440144953
107.7,1.37913785e-05,9550.477513988184
107.8,1.315186e-05,9753.101744694943
107.9,1.3029136e-05,9721.623526301639
108.0,0.0058633056,3910.6118114397686
108.1,0.010486809,2786.664022473228
108.2,0.0070124147,5905.890234487302
108.3,0.014712704,2277.3567193775025
108.4,0.024329107,2741.9157410827193
108.5,0.0024086768,4157.986015433335
108.6,0.011696567,2746.914232523054
108.7,0.0028795341,3193.282996251707
108.8,3.3991888e-05,8286.659153376178
108.9,1.6984684e-05,9069.355640927351
109.0,1.0186542e-05,9863.878817562623
109.1,1.0140077e-05,9870.224256761663
109.2,1.4514837e-05,9317.95972046048
109.3,0.007647273,4072.2573878745734
109.4,0.00213502,4004.363119082648
109.5,0.012322598,3718.001154310033
109.6,0.012997002,4067.2867458127207
109.7,0.02873503,2271.7847866878096
109.8,0.017210092,2691.113215177928
109.9,0.00408432,3086.6573081045035
110.0,0.00203362,2564.1699922331045
110.1,0.0047250255,3687.425000646276
110.2,0.0054776696,3327.7495393535587
110.3,0.0021385811,4206.693026978842
110.4,0.0033673365,2797.694963504243
110.5,3.042881e-05,8013.619826121767
110.6,1.3605442e-05,9701.203128240635
110.7,1.43787975e-05,9435.267896669346
110.8,1.5412315e-05,9057.71427814107
110.9,1.3101258e-05,9453.401197323024
111.0,1.0029088e-05,10086.657941918542
111.1,1.0330628e-05,10081.491076457296
111.2,1.0246387e-05,9980.597072872612
111.3,1.0143954e-05,9941.481071663882
111.4,1.37782e-05,9349.103656540725
111.5,1.48939735e-05,9730.438202304345
111.6,1.3871951e-05,9475.172567820622
111.7,1.8724599e-05,9294.474866232598
111.8,0.023578065,3155.7663261340804
111.9,0.008921387,5798.430118648351
112.0,0.021139797,9005.720526860265
112.1,0.013906396,7412.1443430341915
112.2,0.037157033,1704.439631673864
112.3,0.023690635,1567.459416103118
112.4,0.0061812024,3427.388347105193
112.5,0.027104305,2700.5860043848897
112.6,0.016294088,2903.021036175656
112.7,0.01967462,3236.274952678703
112.8,0.0040060445,3274.306571601933
112.9,0.028368406,3135.9654350598603
113.0,0.025287101,3571.6635414096972
113.1,0.01706054,2767.9245351729096
113.2,0.0020838827,2622.6509840179333
113.3,0.006684862,3266.5562623994088
113.4,0.0013421556,6308.427759829345
113.5,0.039599907,2503.504547319412
113.6,0.017847704,2399.7754473428054
113.7,0.009137543,2351.4256383735114
113.8,4.794717e-05,7516.300212514715
113.9,2.5497706e-05,7589.839674636358
114.0,2.8720377e-05,7222.891147295447
114.1,2.7409511e-05,7460.331675360425
114.2,2.6200029e-05,7794.478466565023
114.3,1.5081164e-05,9333.31924681436
114.4,1.3091385e-05,9726.909457100872
114.5,1.40453885e-05,9479.30814144641
114.6,1.2468074e-05,9868.15318874057
114.7,1.2510158e-05,9923.262811968274
114.8,1.3072557e-05,9972.931944174428
114.9,0.024731502,2100.2225493464794
115.0,0.006868915,3422.425531514832
115.1,0.019367073,1678.7258070577393
115.2,0.025774317,2695.9687425430743
115.3,0.02774058,2457.131449783444
115.4,0.007495756,2549.2776004733764
115.5,0.0071323263,3337.1444235218037
115.6,0.0023472025,5773.437553318925
115.7,0.012580494,2491.528542145894
115.8,0.017173193,2724.8348326746654
115.9,0.00537819,5283.799393314864
116.0,0.00074907625,4569.514410416565
116.1,0.018050924,3110.5203085871103
116.2,0.008403175,1364.8617058257466
116.3,0.010357522,2624.941008699914
116.4,0.0044502593,5572.376189192053
116.5,0.013319585,3680.842398541373
116.6,0.0031075554,5064.232640039847
116.7,3.34902e-05,9731.049381469615
116.8,0.0033269324,4995.4777475027695
116.9,0.0029034659,3546.8311163197172
117.0,5.7793735e-05,7243.767124742901
117.1,2.14835e-05,8261.069504772888
117.2,1.9673547e-05,8564.640193871066
117.3,1.5225984e-05,9178.766378639793
117.4,1.4588857e-05,9367.923666861152
117.5,0.0001462557,4955.926555299699
117.6,0.00054363086,7447.416014146826
117.7,0.022848722,3100.709426927451
117.8,0.025486952,3103.7756530654647
117.9,0.024985177,2332.0924365939527
118.0,0.024501149,1214.668732640298
118.1,0.024397897,3814.4951747571417
118.2,0.000957258,4098.812867147817
118.3,0.004537503,4765.975795634507
118.4,0.00858042,2111.0885303014325
118.5,2.8840763e-05,9240.883748423827
118.6,1.0426263e-05,9845.184761978588
118.7,1.0295926e-05,9896.096923046058
118.8,1.0265529e-05,10139.91100334375
118.9,1.0162718e-05,9817.169202576983
119.0,1.021655e-05,10037.680803061101
119.1,1.0301432e-05,10169.196843459751
119.2,1.0372766e-05,9927.692667310157
119.3,1.042526e-05,10194.65152384742
119.4,1.0578265e-05,10135.343860405683
119.5,1.042814e-05,9961.9661566211
119.6,1.0649182e-05,10081.393841398509
119.7,1.0258822e-05,10049.811613026657
119.8,1.0221381e-05,9955.421222618092
119.9,1.0174714e-05,10298.101178067182
120.0,1.0329533e-05,9885.866908377222
120.1,1.1340629e-05,10168.137049486457
120.2,0.00013660568,5500.6581890749585
120.3,0.010473613,9165.688299430072
120.4,0.0040653474,5098.767149686449
120.5,0.025301617,2546.3916491982354
120.6,0.011777669,9312.485782920181
120.7,0.01841297,3267.464599315961
120.8,0.0083780745,8376.728570140962
120.9,0.0061480417,7615.773426990609
121.0,0.00127236,5401.123232845326
121.1,0.0039017934,4659.696706195376
121.2,0.0019157652,3151.625810027672
121.3,3.1776206e-05,8279.107572502335
121.4,1.728814e-05,9296.277004530159
121.5,1.5030676e-05,9223.556750129195
121.6,1.4823627e-05,9095.746943908336
121.7,1.3976033e-05,9395.16118674121
121.8,1.5273738e-05,9234.545740247057
121.9,1.6627824e-05,9525.60802703135
122.0,1.3157373e-05,9665.078219831976
122.1,1.349368e-05,9757.877370580016
122.2,1.2734564e-05,9928.865823886943
122.3,0.008311362,8724.373617648047
122.4,0.0015059767,7061.867595179883
122.5,0.0061849225,5852.070715244516
122.6,0.0136080105,9377.746623880583
122.7,0.011962314,5959.481069268366
122.8,0.012814014,10047.79447200037
122.9,0.011624363,3377.9807287345616
123.0,4.6002908e-05,9294.078524056078
123.1,0.006194861,7373.884019047649
123.2,0.0015791979,3251.0216207467056
123.3,2.4071083e-05,8259.402001829982
123.4,1.0514844e-05,10210.124045750961
123.5,1.0706466e-05,10268.107448261579
123.6,1.0418239e-05,10108.096927774757
123.7,1.0472616e-05,10193.814820277723
123.8,1.0783824e-05,10251.76345635853
123.9,1.0784782e-05,10288.73955590486
124.0,1.0614226e-05,10165.888573601835
124.1,1.0454791e-05,10135.591105660904
124.2,1.0338393e-05,9991.653453863131
124.3,1.0502638e-05,10034.963896962303
124.4,1.2653851e-05,9798.084273941891
124.5,0.011049831,4273.933807825525
124.6,0.005254994,3554.216435268877
124.7,2.9672226e-05,8892.59342843208
124.8,0.016342469,2932.7863201765626
124.9,0.01480178,2229.3900512949135
125.0,0.0003043716,3382.1438037875782
125.1,3.953153e-05,6920.339523012713
125.2,1.6468683e-05,9209.147277367158
125.3,1.7610213e-05,8894.687030292444
125.4,1.3126974e-05,9839.286095800764
125.5,1.2955034e-05,9880.684534014617
125.6,1.2892284e-05,9954.390866932772
125.7,0.013424328,1918.9517242823224
125.8,5.3070613e-05,8417.532667779751
125.9,0.0064727208,5488.751633688375
126.0,0.015447432,2124.692429719662
126.1,0.0006745331,4529.636245479163
126.2,2.7854638e-05,7803.884414274002
126.3,0.008376791,2317.9331019768047
126.4,0.0014482744,2127.7551019838443
126.5,3.2101405e-05,7184.578215564294
126.6,1.0649917e-05,10415.442999118453
126.7,1.09246885e-05,10504.89942621185
126.8,1.08037575e-05,10501.628107837214
126.9,1.0645765e-05,10322.43515761145
127.0,1.0992953e-05,10456.894951257847
127.1,1.1236745e-05,10315.097626816194
127.2,1.0664788e-05,10304.890985774637
127.3,1.1060748e-05,10171.725771039688
127.4,1.0486779e-05,10231.47796423411
127.5,1.021186e-05,10250.068263380706
127.6,1.01960995e-05,10064.527179000797
127.7,1.04272485e-05,10143.3025168002
127.8,1.0728987e-05,10157.323227976904
127.9,1.0904015e-05,10327.292867705504
128.0,1.0615345e-05,10594.912545663912
128.1,1.0753123e-05,10559.10435924395
128.2,0.0013169338,2500.150015497386
128.3,0.006341372,2590.5811857136882
128.4,0.027567102,2763.559624522548
128.5,0.016385756,9429.267013994
128.6,0.03407782,1202.2708781234487
128.7,0.021736203,1686.8176276591728
128.8,0.00034766772,9096.032758869358
128.9,0.029191663,1552.0956826790043
129.0,0.025263388,2269.955512963559
129.1,0.020943284,1492.5699338110935
129.2,0.0007674992,5943.711754931625
129.3,0.0048638633,6400.26831201495
129.4,0.020645369,3441.865939296741
129.5,0.0008235946,5001.664051727596
129.6,0.020548971,3380.838431385693
129.7,0.018534044,3098.6707001441355
129.8,0.017537488,2162.6021837227067
129.9,0.002902929,4853.872987055649
130.0,0.0045730686,4022.8858407978773
130.1,0.0075841793,4675.962445054528
130.2,0.0023549628,5722.329166917091
130.3,0.010189734,2929.323337272128
130.4,0.00036865464,3965.2975715355756
130.5,1.0751106e-05,10356.609326312544
130.6,1.066928e-05,10205.483089173464
130.7,1.0616988e-05,10194.602743594665
130.8,1.0743073e-05,10028.832491643961
130.9,1.0375853e-05,10055.26180330776
131.0,1.3746426e-05,9733.029442704086
131.1,0.015095596,1699.7348613311663
131.2,0.00012762591,7936.907250169617
131.3,0.022994636,2312.344451507905
131.4,0.021335177,2547.6844818235477
131.5,0.031112935,1049.690956397534
131.6,0.028029636,1951.4683773972
131.7,0.024886731,1939.101154832174
131.8,8.6257176e-05,8118.09729489027
131.9,0.0057912082,3930.204376241947
132.0,0.0060167774,2645.1920071767768
132.1,0.0025519307,6838.849963596946
132.2,0.00907855,8388.408175533345
132.3,0.0154534625,2702.50370987254
132.4,0.019826362,2412.8356219149523
132.5,0.012609026,1979.6265343455952
132.6,0.008008939,10197.37127803868
132.7,0.010680708,3240.823111005453
132.8,0.008819814,10556.360146983541
132.9,0.016695097,2721.1112540234176
133.0,0.021782117,2782.4437921168796
133.1,0.014703306,2738.91650348657
133.2,0.00049689045,5128.858692727634
133.3,0.003981425,4372.4533355842705
133.4,0.0030803182,4384.445815256915
133.5,0.008253748,1840.433306922934
133.6,0.0089183785,1902.5958371215745
133.7,0.006015602,10242.173576314948
133.8,0.0044032163,3778.797875584647
133.9,0.0063073696,2878.627978991807
134.0,0.00037492844,3938.898671102763
134.1,1.0976662e-05,10601.36347881009
134.2,1.0855964e-05,10250.153795211543
134.3,1.0234156e-05,9949.344137041157
134.4,1.0730239e-05,10088.898134497816
134.5,1.0552481e-05,10265.310311565267
134.6,1.0805472e-05,10371.401428210847
134.7,1.1048912e-05,10338.90477613002
134.8,1.0986575e-05,10412.018686955167
134.9,1.0770487e-05,10589.601088451489
135.0,1.0808216e-05,10551.986136005362
135.1,1.3712189e-05,9749.512249021078
135.2,0.008889396,3809.341630769521
135.3,0.026314104,3805.677283708152
135.4,0.027259205,2263.8485137912016
135.5,0.027676994,3153.9078941591997
135.6,0.023435848,2433.0650505470812
135.7,0.031215407,1225.154833217376
135.8,0.01461263,2119.8692797495364
135.9,0.015192086,2914.7030485919695
136.0,0.0057536685,3302.3866725177513
136.1,0.015056092,2029.832634988466
136.2,0.010502655,2088.427592328955
136.3,0.007263672,5477.446470293042
136.4,0.0056824796,3138.172243446208
136.5,0.00063523714,5620.97620030618
136.6,0.004956151,3813.6687456094123
136.7,0.0025474578,5652.1606037916645
136.8,0.008252878,4127.590163342589
136.9,0.006337514,5425.941219513524
137.0,0.0124921,3211.347221421956
137.1,0.00029140184,10264.007096947376
137.2,0.01681455,3367.023256994051
137.3,0.017423507,2959.9411769679373
137.4,0.022096168,3178.6001148710434
137.5,0.009694625,3274.5572423889307
137.6,0.00055228255,5800.017597993532
137.7,0.0060872575,2214.4914163332583
137.8,0.0060699563,5439.22075112219
137.9,0.0045627006,2548.4698128559207
138.0,0.014088214,2382.385878917515
138.1,0.00791862,2893.1142623521646
138.2,0.007370743,2532.8458677268313
138.3,1.2409871e-05,11313.282328075296
138.4,1.0679909e-05,10506.82081055881
138.5,1.1047341e-05,10251.755887667698
138.6,1.0940028e-05,10436.34895348605
138.7,1.3567287e-05,9843.764107608584
138.8,0.0059170835,3234.5394778191107
138.9,0.012438494,2946.7455639269215
139.0,0.018885592,2948.1630909882415
139.1,0.00055531587,5551.696300246238
139.2,0.013850883,2991.2900187089526
139.3,0.008001914,2639.3392978912716
139.4,0.0040459274,4853.953281217398
139.5,0.0047431644,8365.467345635358
139.6,0.005412223,5840.230648515591
139.7,0.015105975,3225.6222264532216
139.8,0.012869828,1982.9276068557524
139.9,0.009820277,10271.804751029656
140.0,0.014067851,2900.563057316173
140.1,0.024612468,1381.951997010523
140.2,0.014119704,1372.4273557820277
140.3,0.0045326026,6676.040340284335
140.4,0.017912747,2475.4049089722907
140.5,0.01124811,922.2902040093737
140.6,0.011483338,2649.810858127508
140.7,0.0023438719,6417.709757994024
140.8,0.022628304,830.319049271732
140.9,0.016475534,2202.643116904837
141.0,0.024560776,1832.1807626906311
141.1,0.017978212,867.2665046098946
141.2,0.021025363,2162.5025181509886
141.3,0.016117847,2548.7413513356432
141.4,0.012745607,3908.8425927134476
141.5,0.006771315,4152.266183075174
141.6,0.012923239,2772.2116585810777
141.7,0.0126309665,2471.833248112906
141.8,0.007172271,3785.177974405341
141.9,0.014874579,2591.431747302014
142.0,0.00012061099,6004.184041232859
142.1,1.0340521e-05,9691.065294903341
142.2,1.0204349e-05,10049.245801627669
142.3,1.0095643e-05,9962.209917199769
142.4,1.06713205e-05,10094.943626180073
142.5,0.00084892474,6096.866086589016
142.6,0.009997226,4937.553327156971
142.7,0.008112742,3478.1125796281985
142.8,0.009532453,6934.857431760605
142.9,0.0047004716,5798.899622423569
143.0,0.0029459458,5343.036942956285
143.1,0.018952334,2348.726161936186
143.2,0.025039982,1532.1893063632026
143.3,0.024892813,871.4599115685651
143.4,0.025370687,1590.6900112384753
143.5,8.5374144e-05,7745.709320672966
143.6,0.016266178,3979.468166238591
143.7,0.0025853838,5799.967974680969
143.8,0.0033499713,5110.455516311819
143.9,0.0032017902,4225.732016272917
144.0,0.013466989,2775.7400703899607
144.1,0.01565417,2638.612621864792
144.2,0.016241737,1829.6848927208096
144.3,0.02191524,791.1291992631386
144.4,0.00076499203,2843.0292647834704
144.5,0.011012929,3409.419793217525
144.6,0.009240979,3024.1567161912917
144.7,0.006378906,2612.531884424577
144.8,0.006682112,1506.3650179687663
144.9,0.010366265,3893.3899930792677
145.0,0.0005886648,4070.616661031998
145.1,2.4191306e-05,8347.269838062957
145.2,1.1047994e-05,10245.88728638413
145.3,1.0630373e-05,10413.443975663618
145.4,1.0570918e-05,10091.997959061197
145.5,1.0778923e-05,10104.172600412763
145.6,1.0869926e-05,10112.447422152396
145.7,1.0510247e-05,10624.039926190486
145.8,1.4323346e-05,9534.205209873613
145.9,2.8287908e-05,9521.001420964305
146.0,0.014093118,2258.3863700990296
146.1,0.017774958,3113.893434949723
146.2,0.011242928,3477.4769248241255
146.3,0.010048175,9249.565939938504
146.4,0.006384287,7053.636455547297
146.5,0.027252667,3177.0298885291313
146.6,0.018787924,2901.96765037583
146.7,0.00042025853,4598.7519842989805
146.8,2.5759446e-05,8328.122438736571
146.9,1.699475e-05,9526.49269953583
147.0,1.3833944e-05,9608.36865617055
147.1,1.3947174e-05,9508.769507859597
147.2,1.3211555e-05,9501.200317180552
147.3,1.2841936e-05,9779.616813814973
147.4,0.0031074665,4759.684267710731
147.5,0.016359644,2842.042924225758
147.6,0.024629219,2992.285571213267
147.7,0.0074144523,9032.116619262815
147.8,0.0059629637,8816.861880624465
147.9,0.020256994,2754.600046018445
148.0,0.0030107656,2443.8226338823906
148.1,1.0495017e-05,10136.59678052798
148.2,1.0741546e-05,10283.041451807132
148.3,1.015473e-05,10230.153278845599
148.4,1.0629853e-05,10074.642788590936
148.5,1.0494323e-05,9922.230953809663
148.6,1.06041425e-05,10162.09505823769
148.7,1.0485552e-05,10449.483614840356
148.8,1.0658873e-05,10125.007511593347
148.9,1.0446119e-05,10076.85536330526
149.0,0.010409951,2802.502845268179
149.1,0.016487109,2286.5682636074953
149.2,0.014730112,9705.095802379881
149.3,0.010917379,7879.812410863991
149.4,0.022059323,2265.946273166679
149.5,0.016016997,10774.267539368062
149.6,0.017406177,2846.8401619761335
149.7,0.012740624,2111.5252401222288
149.8,7.157735e-05,7266.908438276891
149.9,1.1178784e-05,10592.130768971085
150.0,1.093966e-05,10380.9378892602
150.1,1.0531994e-05,10191.706833235246
150.2,1.063252e-05,10287.770899718038
150.3,1.0807871e-05,10308.962791464122
150.4,1.1180853e-05,10114.696077035282
150.5,1.037904e-05,10273.213001749695
150.6,1.0370895e-05,10293.293724990377
150.7,1.4170825e-05,9782.219779863011
150.8,0.0052885027,9627.25742549671
150.9,0.022696488,2745.770453617978
151.0,0.028613228,2741.3605653357113
151.1,0.021228421,4367.926728414319
151.2,0.00041044748,7097.1692220732475
151.3,0.0006197693,8714.005121991991
151.4,0.023710435,2697.809914248292
151.5,0.027072128,1019.6455006217923
151.6,0.02248435,2610.804811874974
151.7,0.026448851,1372.6297943567656
151.8,0.0154243605,2237.537488911971
151.9,0.0095091425,4109.113871917196
152.0,0.024427775,1468.345067909954
152.1,0.008972653,2135.0199846793685
152.2,0.0030548663,4621.486540056166
152.3,0.017697794,3067.64972266688
152.4,0.0033967893,6433.470395244158
152.5,0.016844513,2163.419881333005
152.6,0.002983921,2480.223354922009
152.7,0.012645889,2435.012765031485
152.8,0.023626171,1117.3759621346035
152.9,0.0026248689,10061.11874763605
153.0,0.011613807,2648.707157719622
153.1,0.013302423,2751.556940652922
153.2,0.012685109,2660.0457085706857
153.3,0.00022317476,6248.619592320082
153.4,2.3520059e-05,8790.463224824109
153.5,0.008876408,3375.949366299293
153.6,0.0018849799,3178.3916257097235
153.7,0.00011767169,5366.9914595905175
153.8,2.5096799e-05,7908.951962992366
153.9,3.222122e-05,6917.2372023688895
154.0,2.7869663e-05,7482.527378834082
154.1,2.8045417e-05,7311.710851252483
154.2,1.3110942e-05,10029.191479153818
154.3,0.013105669,3028.7892827009105
154.4,0.016022367,1715.039380817683
154.5,0.0124524105,3083.1839684863035
154.6,0.009985169,3653.337058085918
154.7,0.004420374,2077.0108361753205
154.8,0.0021182213,2389.230008815522
154.9,0.0024326735,5795.021020338598
155.0,0.0021309983,3782.709435985775
155.1,0.006131198,4901.080426914197
155.2,0.012206864,2347.4424954486785
155.3,0.011477272,2852.5814871523467
155.4,0.016886244,1815.4929198124705
155.5,0.0031641354,2284.0521970244936
155.6,0.0013880237,3248.0306570821394
155.7,0.0003764812,5142.870395621834
155.8,0.011566425,2536.6880996641175
155.9,0.008422334,9232.512813545967
156.0,5.5607252e-05,9840.07257369781
156.1,0.006723855,3561.0253332017683
156.2,0.0007866052,7157.627555012086
156.3,0.0015307105,7746.572621431617
156.4,0.0017146087,3592.490832629765
156.5,3.9432336e-05,8399.748472559688
156.6,1.1599389e-05,10892.996273306482
156.7,1.1342585e-05,10505.758508350813
156.8,1.1493174e-05,10502.299227889112
156.9,1.1264718e-05,10788.035432960925
157.0,1.1189475e-05,10337.301984258833
157.1,1.1270928e-05,10388.330464400136
157.2,1.0913152e-05,10593.573933219941
157.3,1.0929758e-05,10370.985255594383
157.4,1.1043817e-05,10313.882138373898
157.5,1.4147654e-05,9611.416816638843
157.6,0.009161272,3469.2037025433992
157.7,0.0046775006,5997.639780449341
157.8,0.016797524,6941.270929438035
157.9,0.0127264755,8667.29739366121
158.0,0.032440726,1457.7907210035673
158.1,0.01521941,1465.2544521559184
158.2,0.0019460232,6019.225562352392
158.3,0.026013501,1968.9028799941225
158.4,0.01840609,2578.298220554659
158.5,0.010687004,2715.017804878779
158.6,0.0014657216,6107.305767331118
158.7,0.010217496,3741.8671334174783
158.8,0.013209115,3164.410929418802
158.9,3.5188255e-05,8755.560261655326
159.0,0.014400327,4206.085413644303
159.1,0.0015945074,4057.215417423375
159.2,3.333832e-05,8452.269965566162
159.3,1.8881308e-05,9272.546864500238
159.4,0.0016029198,7421.579720071552
159.5,0.010418886,2494.2317338091407
159.6,0.008451732,3932.1423970349865
159.7,0.015334704,2494.3825047333767
159.8,0.0056322864,2144.7845925635397
159.9,0.00994446,2979.825355532884
160.0,0.0027507495,3048.935033935606
160.1,0.011739926,2793.950979419659
160.2,0.01632835,2800.5038313264695
160.3,0.006791224,3928.8567693235027
160.4,0.0026251725,5392.0925550217635
160.5,0.0030293404,4854.904622399841
160.6,0.0021265051,3829.6978593204426
160.7,0.011938418,3868.6065308624957
160.8,0.010387662,1994.088260814839
160.9,0.0059914305,2602.4409664442646
161.0,3.7964055e-05,8040.002794010055
161.1,2.001835e-05,8509.314348810629
161.2,1.5857246e-05,8938.134454592187
161.3,1.5702703e-05,8971.2598730779
161.4,1.3733878e-05,9832.94817185136
161.5,1.2871789e-05,9778.214875649308
161.6,1.2899612e-05,9823.096213574087
161.7,1.337778e-05,10022.815402320077
161.8,0.0030199639,2907.5551458698556
161.9,0.024485653,2118.5769966622315
162.0,0.02099688,2226.4730332089985
162.1,0.0038635146,4637.2105468760965
162.2,0.0013980917,5598.765369579287
162.3,0.0065056914,6746.356562409673
162.4,0.005439305,8557.565679096151
162.5,0.0044935136,6718.898911343093
162.6,0.017781515,1300.5168430104954
162.7,0.02134908,1870.522370550626
162.8,0.02832164,1893.547633333536
162.9,0.01785096,2966.3181587407744
163.0,0.005689625,3302.690280664974
163.1,0.011032456,2726.7522132085896
163.2,0.004975377,2715.684431168441
163.3,0.0037236842,3131.502021079607
163.4,0.008925832,2775.0153567117577
163.5,0.007408594,4226.236564694012
163.6,0.0068015317,4495.354105018361
163.7,6.2465326e-05,8771.577705453172
163.8,0.0036864853,3971.4126341548317
163.9,0.00048315155,4112.259705488046
164.0,2.0253237e-05,9092.797704617387
164.1,1.0279902e-05,10182.196571369645
164.2,1.0315096e-05,10041.861089935968
164.3,1.0568234e-05,9961.906617556579
164.4,1.0315689e-05,9993.823967535005
164.5,1.0177137e-05,10030.529168610468
164.6,1.0234466e-05,10185.927712661465
164.7,1.0061651e-05,10048.750922298419
164.8,1.13190235e-05,9574.896487946255
164.9,1.339347e-05,9474.074379980757
165.0,0.018127589,1556.2390557469105
165.1,0.00016290994,7914.196587394436
165.2,0.020855596,1854.529974887951
165.3,0.022107413,1950.3865609350887
165.4,0.02114312,941.5513227226422
165.5,0.011798424,2501.383636203544
165.6,0.002591556,7060.762325794507
165.7,0.000109583154,11267.463827701793
165.8,0.016328648,2798.214757451467
165.9,0.018006533,2550.232496759001
166.0,0.011603978,2699.7668813031073
166.1,0.00897417,4696.674768515835
166.2,0.0077007697,2580.210565650929
166.3,0.0014923512,3744.9999591878636
166.4,0.016752072,2569.396623224125
166.5,0.0031292075,3113.0493801553334
166.6,0.004984431,6190.07066328443
166.7,0.0056584096,3262.873468383048
166.8,6.821088e-05,7099.745516374989
166.9,5.5994813e-05,5864.894899916396
167.0,4.3450433e-05,6622.082925870966
167.1,3.347613e-05,7095.097490343678
167.2,1.5050822e-05,9157.22319039401
167.3,1.3658845e-05,10046.811167858856
167.4,1.43535635e-05,9848.473460382413
167.5,0.021983918,3014.5109424784896
167.6,0.027273806,2507.4497861012355
167.7,0.0003743411,6742.693575512675
167.8,0.014341388,2275.170538322196
167.9,0.016952325,1984.2485456483646
168.0,0.0060627675,9131.497307367586
168.1,0.0030926075,5543.492704575739
168.2,0.020733725,2508.2746051629692
168.3,0.00884499,6539.004362232457
168.4,0.014459998,2872.567515785287
168.5,0.015806712,3032.637756200811
168.6,0.017240265,2262.576686582459
168.7,0.014187484,2979.5298750511993
168.8,0.00023839902,7764.128538277598
168.9,1.1748921e-05,10451.816307094468
169.0,1.0860605e-05,10448.947469662646
169.1,1.0630678e-05,10621.315021717268
169.2,0.0026655397,3760.9764755306605
169.3,0.0012823907,6223.856057056287
169.4,0.011197085,3315.1857648624928
169.5,0.015164204,3031.0851869760095
169.6,0.016276468,2121.5394246209044
169.7,0.0006376425,5764.977613288426
169.8,0.0123792635,3584.7007775851944
169.9,0.0111789545,3635.549837550752
170.0,0.0036251917,7630.0503136825555
170.1,0.0030117491,10538.981356422108
170.2,0.014311661,5451.464421005446
170.3,0.010650444,1798.6655445923695
170.4,0.010362,3273.2497042395235
170.5,0.012696259,2679.193090800183
170.6,0.011436274,2151.833756165529
170.7,0.0047932193,1784.0480854432176
170.8,0.0047188164,2969.7951202588765
170.9,7.116835e-05,5719.7990866706605
171.0,3.6561705e-05,7169.247451329403
171.1,2.8505032e-05,7704.327317263942
171.2,2.6495545e-05,7294.313739460821
171.3,2.8344495e-05,7752.039895611753
171.4,1.7434546e-05,8872.806161823512
171.5,1.42684485e-05,9641.818155237692
171.6,1.3668895e-05,8753.405786894473
171.7,1.27665635e-05,8741.445894259514
171.8,1.3566724e-05,8873.549626893313
171.9,0.0007354953,3463.9646850067575
172.0,0.0031666453,5878.2244475194475
172.1,0.0052822325,8137.459792600745
172.2,0.009633684,2714.779003661739
172.3,0.003633448,8153.736789151448
172.4,0.0001209169,8862.873356943743
172.5,0.0030534004,5043.178778947338
172.6,0.014804221,2754.688947178761
172.7,0.0010587025,3364.490132982316
172.8,1.8959006e-05,9188.053311626292
172.9,1.08168415e-05,10123.105983702853
173.0,1.0751668e-05,10392.856115231558
173.1,1.0293204e-05,10123.109439556469
173.2,1.0446774e-05,10060.874216797174
173.3,1.031746e-05,10068.21046543306
173.4,1.053174e-05,10159.965381380796
173.5,1.1167621e-05,10133.53640925774
173.6,0.016697962,3535.1704213628195
173.7,0.016760206,4186.511878039988
173.8,0.00060402125,6507.03718405673
173.9,0.0040095854,7398.373102439796
174.0,0.008873546,9588.201351951551
174.1,0.0028994717,4477.467521674588
174.2,0.0052490504,5158.742488223414
174.3,0.0021387914,5486.941637884602
174.4,0.0031559397,3371.5153327761373
174.5,2.3364057e-05,11258.564400871666
174.6,0.002050274,4483.223250633178
174.7,0.00022981394,5343.294532149586
174.8,1.0961463e-05,10216.031895863365
174.9,1.0686892e-05,10397.548531819099
175.0,1.04064375e-05,10247.728337468483
175.1,1.0408482e-05,10283.932789729588
175.2,1.0512742e-05,10244.26403518411
175.3,1.0723514e-05,10304.37008703237
175.4,1.0711192e-05,10099.994811792589
175.5,1.086448e-05,10450.624252489342
175.6,1.2517254e-05,9444.046437942226
175.7,0.015345827,3755.1921311398974
175.8,0.00075868773,10332.791769501551
175.9,0.015654257,4051.6043457819023
176.0,0.012494842,7676.797538803577
176.1,0.027968159,1667.934080684326
176.2,0.018651683,1484.855660372704
176.3,0.00086364435,5024.580423086677
176.4,0.031217244,1576.5655466666176
176.5,0.021276552,2663.4591754717067
176.6,0.018488076,1533.2431331655325
176.7,9.069776e-05,8125.069502344244
176.8,0.010991622,4356.824002799422
176.9,0.014248685,3490.9481480474947
177.0,4.118264e-05,9098.451536984527
177.1,0.016504418,3401.9397306558344
177.2,0.014636892,2761.009695958456
177.3,0.015617496,2483.851331953857
177.4,0.010557757,2830.093785106171
177.5,0.00042079834,5873.3760889646255
177.6,0.017896805,3815.053435127133
177.7,0.006613053,4992.401660150602
177.8,0.0145796705,3339.9334269956926
177.9,0.0009858427,3660.379066087391
178.0,3.573088e-05,7830.203356985935
178.1,2.6026442e-05,8037.570127794259
178.2,2.4756393e-05,7683.55943778999
178.3,1.879241e-05,8929.962343984138
178.4,1.6621254e-05,8798.336147310745
178.5,1.6947279e-05,9095.924785444884
178.6,1.5143576e-05,9128.50915471522
178.7,1.4637763e-05,9513.426055428044
178.8,1.562295e-05,10004.371296328623
178.9,0.018305575,1558.1896619626618
179.0,5.957861e-05,8296.50279836819
179.1,0.01999696,1997.3246995117584
179.2,0.02068833,2327.6068185125478
179.3,0.020483894,967.1635795742659
179.4,0.0113272155,1882.6169711495384
179.5,7.139923e-05,7323.207319528497
179.6,0.011355635,1415.4858671643988
179.7,0.017868243,1521.3815087244006
179.8,0.002140285,5885.661180343067
179.9,6.543656e-05,8723.547355297953
180.0,0.024351226,2065.3474105597766
180.1,0.025404928,1593.8018000003276
180.2,0.022783512,1284.8464009546844
180.3,0.019695334,2468.8323551585827
180.4,0.023369553,955.4248959159854
180.5,0.015128003,1601.244744212446
180.6,0.019390717,2766.167547913768
180.7,0.014061296,3232.1172326700425
180.8,0.006365958,2922.460430312719
180.9,0.008174014,9013.000349058759
181.0,0.010995561,2820.9634719017477
181.1,0.013125885,2115.802323925006
181.2,0.013509998,2317.6694320016204
181.3,0.0019564186,6337.397588341613
181.4,0.00021365515,6871.610374626908
181.5,0.009131836,2866.506432462482
181.6,0.01429287,2143.201843169327
181.7,0.0053015403,1978.9537011287282
181.8,0.007998248,3600.334791928462
181.9,5.588169e-05,8419.218755359214
182.0,1.0850412e-05,10390.523956832727
182.1,1.1022476e-05,10360.88898500599
182.2,1.0957085e-05,10551.887832354518
182.3,1.0814943e-05,10286.950417434226
182.4,1.0527757e-05,10095.895392893035
182.5,1.0563469e-05,10249.459565041698
182.6,1.0676119e-05,10138.193300266206
182.7,1.0378799e-05,10121.106342815025
182.8,1.08116465e-05,10151.9923884099
182.9,1.0751605e-05,10464.851396498168
183.0,1.0459629e-05,10224.917912375517
183.1,1.0846534e-05,10454.122133783203
183.2,1.1063411e-05,10522.00137956109
183.3,0.0013889025,4768.149107271259
183.4,0.023903394,1864.1543346250053
183.5,0.027807932,857.6692693307831
183.6,0.017179057,1941.306236776521
183.7,5.978108e-05,7952.759756651716
183.8,0.00047908482,5569.275623684323
183.9,0.009325139,2024.629563128928
184.0,0.011701633,1828.4166820008618
184.1,0.011415213,1478.5599844801534
184.2,0.00018448003,6143.121914763391
184.3,2.1023967e-05,8213.215959709747
184.4,1.5050151e-05,9496.616453336592
184.5,1.8735525e-05,9149.591158905832
184.6,1.4401492e-05,9264.266551537683
184.7,1.3072131e-05,9602.708982954231
184.8,1.3267567e-05,9896.630148312976
184.9,1.3349604e-05,9754.332407644393
185.0,1.2489784e-05,9795.693696819899
185.1,1.3607045e-05,10013.681498209156
185.2,1.3590316e-05,10135.2890406706
185.3,0.0019408751,7656.767896724069
185.4,0.0073167817,8288.327641682521
185.5,0.011907621,2641.849814228422
185.6,0.008170448,2587.0092237209774
185.7,0.009999874,2031.525738582308
185.8,0.0052625155,9025.671103901146
185.9,0.0033109894,8783.858139752001
186.0,0.005175846,3396.0928239911514
186.1,3.0445834e-05,8822.33594734763
186.2,1.0204916e-05,9814.930356095072
186.3,1.0586666e-05,10155.50714912558
186.4,1.0420459e-05,9944.702694573734
186.5,1.0556406e-05,9905.911390908837
186.6,1.0166586e-05,9875.005640083938
186.7,1.0289709e-05,10109.421886889206
186.8,1.0396092e-05,9711.999609453762
186.9,1.0050012e-05,10090.80262054647
187.0,1.0156539e-05,9941.475895333886
187.1,1.0413947e-05,10091.643247187969
187.2,9.962981e-06,10006.26195508149
187.3,1.0018916e-05,10099.766280617438
187.4,1.0457073e-05,10008.728181343911
187.5,1.0289002e-05,9946.105628069166
187.6,1.0171772e-05,10101.324255833493
187.7,5.743201e-05,5854.3797051627025
187.8,0.008364307,9773.044361924272
187.9,0.010869763,3235.5545108784863
188.0,0.0094218785,8917.053069845126
188.1,0.003676312,8758.025699966787
188.2,0.006820843,4620.263241989551
188.3,0.01766114,3425.982154101157
188.4,0.000223213,6574.368698418608
188.5,1.3849967e-05,9642.462305003199
188.6,1.02808635e-05,9893.048830226806
188.7,1.0456665e-05,9963.313455730175
188.8,1.2640515e-05,9731.52744462827
188.9,0.0032280204,8457.681209230552
189.0,0.01018318,5955.918597619715
189.1,0.025110604,1384.0117810713414
189.2,0.017517682,2170.3909943892295
189.3,0.0034342366,5087.295238800788
189.4,0.018836692,2623.3434311959663
189.5,0.016538603,800.7882403004976
189.6,0.008571822,4022.2807787772485
189.7,0.0164542,2026.1050328789638
189.8,0.0077273096,2252.3835518903343
189.9,0.014324668,4164.661234332321
190.0,0.0075277435,4222.159430888592
190.1,0.0017060186,2885.1277953559465
190.2,1.6075111e-05,9948.296944262991
190.3,1.0623417e-05,10249.823054574568
190.4,1.0458258e-05,9742.724895679588
190.5,1.0464829e-05,10137.66298960754
190.6,1.0515749e-05,10123.277733608098
190.7,0.013274868,3714.3514511866756
190.8,0.0211968,3395.6520788000316
190.9,0.031353325,1123.2098409864811
191.0,0.023122536,3627.3813169738332
191.1,0.020229409,1939.6676251151348
191.2,0.0001867774,6230.251209130152
191.3,0.017116176,2663.5816196930423
191.4,0.0034375146,5837.095699055117
191.5,0.009161311,3844.225652356945
191.6,0.008821416,2751.231155420236
191.7,0.01080575,3990.5431374700674
191.8,0.00014873702,8095.126828932597
191.9,0.0060792733,5564.101090677894
192.0,9.214358e-05,7964.23133855512
192.1,0.0047600167,4063.8887271848357
192.2,0.00972867,3594.3062123849045
192.3,4.5273802e-05,9320.68089822416
192.4,1.1187883e-05,10764.502923639579
192.5,1.0721823e-05,10453.040410181422
192.6,1.08000095e-05,10443.554793529818
192.7,1.0947326e-05,10529.56933653653
192.8,1.0732707e-05,10412.316702582837
192.9,1.0778864e-05,10302.593599262309
193.0,1.0953746e-05,10340.469591474064
193.1,1.0554281e-05,10255.580875674723
193.2,1.0868569e-05,10452.234496773483
193.3,1.34473685e-05,9751.311898843061
193.4,0.022200549,1446.3683479533688
193.5,0.03439703,2544.9103762028103
193.6,0.022484832,3354.5620843907827
193.7,0.021850167,1643.5215994784066
193.8,0.007107617,2007.3775016717716
193.9,0.0012985074,8507.952479698026
194.0,0.010646603,4241.636566959691
194.1,0.022218967,2896.6845872696335
194.2,0.000104452054,7935.045443347898
194.3,0.02249781,2996.059455857717
194.4,0.020010864,2933.3840980992572
194.5,0.005581807,4481.651536401673
194.6,0.015438326,2510.8909585855554
194.7,0.008771021,4123.684551705296
194.8,0.0018607316,3667.272110717361
194.9,0.009591883,4826.867443873881
195.0,0.0021564087,5320.64768199301
195.1,0.007917925,3410.4768350551612
195.2,0.0011273766,3556.734216365739
195.3,1.2828231e-05,11203.597906636409
195.4,1.1021548e-05,10549.163146819079
195.5,1.0600941e-05,10287.671309799662
195.6,1.0685763e-05,10171.94133257708
195.7,1.0576111e-05,10550.15747802147
195.8,1.2150512e-05,10152.948277292962
195.9,0.007856106,8817.172649961467
196.0,0.007919665,7724.126825314007
196.1,0.015999453,3372.2776029597635
196.2,0.013663696,2655.9886952584347
196.3,0.011085291,4690.736846688658
196.4,0.009442779,10458.062403053962
196.5,0.013541376,2250.506303093747
196.6,0.0212254,2858.65549977159
196.7,0.011406887,3110.1893878523906
196.8,0.005385966,3537.41213122907
196.9,0.0024319938,4829.834392020623
197.0,0.0034313572,4631.039851761288
197.1,0.008137188,2236.8288707472325
197.2,0.0005687452,3702.9422593466857
197.3,0.009519581,2288.56162638836
197.4,5.4527383e-05,8619.66725267857
197.5,0.0016863878,4056.5936933902667
197.6,0.00010770138,7604.269845297522
197.7,2.0767055e-05,8587.030366901909
197.8,1.0108078e-05,9924.796749302897
197.9,1.0439115e-05,10085.358084416675
198.0,1.0616612e-05,10005.848552703412
198.1,1.0151531e-05,10190.206416088835
198.2,1.03004095e-05,9860.41191971179
198.3,1.05600875e-05,9958.689629041663
198.4,1.20782925e-05,10038.266282085548
198.5,0.013171312,4607.774325386408
198.6,0.032541595,2810.592751264211
198.7,0.032658957,3389.4117343018443
198.8,0.019792806,3834.031902999035
198.9,0.0067462833,2808.6786712645744
199.0,5.2370622e-05,8766.900527727317
199.1,0.00613224,5834.241673349744
199.2,0.02686098,2413.0296345225875
199.3,0.00012509795,7992.802032826376
199.4,0.016709482,3297.9904478937415
199.5,0.014630247,3172.9465038737108
199.6,0.0060764644,4265.3707278316015
199.7,0.0022476413,6576.563601164398
199.8,0.005888836,3547.823159934507
199.9,0.0027023356,6066.377222704064
200.0,0.0024263316,6218.994070660085
200.1,0.008638525,3189.167352080892
200.2,0.0009663866,3989.091403060477
200.3,7.545553e-05,5332.864802360954
200.4,3.7040416e-05,6912.032971886555
200.5,3.6477246e-05,6621.661392112502
200.6,1.846518e-05,9017.099192786325
200.7,1.38563955e-05,9429.411715372542
200.8,1.2381668e-05,9930.097047657968
200.9,1.27946105e-05,9917.41426333775
201.0,0.004243819,7463.50938580426
201.1,0.02722641,1149.2412691197676
201.2,0.028289331,2178.2390307239384
201.3,0.0005129153,8113.762107807111
201.4,0.01790494,2574.075765513031
201.5,0.024171142,2382.6400377494965
201.6,7.821375e-05,8480.331178233811
201.7,0.016785178,2454.1991087072793
201.8,0.017392367,2837.683700809893
201.9,0.0017010545,3323.854881240312
202.0,4.8736754e-05,7706.172132040817
202.1,0.0038367019,3908.957151126063
202.2,0.008282436,1662.6403951255295
202.3,0.001207119,2756.443803577
202.4,0.004420206,3068.686319205295
202.5,0.0038871544,5088.751045630252
202.6,0.008352701,2909.559736920961
202.7,8.6795284e-05,5193.452677659439
202.8,2.208449e-05,8640.677107811633
202.9,1.6191165e-05,9187.006388061593
203.0,1.54484e-05,9313.531850792217
203.1,1.3574117e-05,9725.000949515466
203.2,1.4576866e-05,9691.127583134014
203.3,1.663666e-05,9137.428753219985
203.4,1.5290665e-05,9096.327030090437
203.5,1.400499e-05,9550.7094734302
203.6,1.5904508e-05,9171.081554031605
203.7,2.3767556e-05,8071.361027212852
203.8,2.2989452e-05,7703.884686631191
203.9,1.8650207e-05,8432.466713920112
204.0,1.8864259e-05,8817.89969657761
204.1,1.3350923e-05,9634.224559696377
204.2,1.3022803e-05,9578.836577375345
204.3,1.3902473e-05,9831.377878061972
204.4,0.00020708263,3315.04288071085
204.5,0.020922098,3279.590872179375
204.6,0.018519185,2854.7834391878923
204.7,0.011660261,1927.6424561330828
204.8,0.020507274,3476.6096284532864
204.9,0.016701296,3046.578783736534
205.0,0.01446367,1897.823702612785
205.1,0.018665351,3161.6519239575982
205.2,0.018567253,3050.5021808204583
205.3,0.0029150357,5712.888425513756
205.4,0.011052546,2639.5690897978993
205.5,0.0026250551,6827.104330422717
205.6,0.0062687206,4582.593285544503
205.7,0.009831331,5159.615810700905
205.8,0.009867556,11066.043880148216
205.9,0.02709451,2417.6895104357463
206.0,0.027837727,1884.7074370217792
206.1,0.024461461,3278.3706956057977
206.2,0.002304717,2825.920477769551
206.3,0.017991357,1904.994939788072
206.4,0.0012672261,5072.540920249773
206.5,0.011219707,2364.9473253054507
206.6,0.004853634,2807.72304091592
206.7,1.8285089e-05,9897.844716245589
206.8,1.03093635e-05,10002.924924030453
206.9,9.762044e-06,10241.893573786347
207.0,1.0609598e-05,9964.018981002868
207.1,1.2881086e-05,10129.190607713494
207.2,0.022904271,2382.9579325888976
207.3,0.0033779424,2860.035676913596
207.4,3.7563357e-05,7813.171738689973
207.5,0.009491304,2959.139639786929
207.6,0.009502512,3245.939192566659
207.7,0.0007571387,5395.38736580769
207.8,0.017665828,2732.6537211694867
207.9,0.003887532,9122.494178559544
208.0,0.001935919,5120.060718860059
208.1,0.003088553,7325.824095717071
208.2,0.008417082,1543.4525489288637
208.3,0.011259663,8456.419859785896
208.4,0.0035249505,8050.30081080942
208.5,0.015778938,2817.9332904173707
208.6,0.010634574,2126.5032241715553
208.7,0.01396269,2371.369790926113
208.8,0.0049446933,3909.31969895729
208.9,7.7222634e-05,7959.320034327255
209.0,1.0429405e-05,10293.562749082355
209.1,1.0567603e-05,10084.127608106055
209.2,1.0181865e-05,9853.101889683057
209.3,1.06257085e-05,10123.680477375521
209.4,1.0109763e-05,10058.673271228921
209.5,1.026395e-05,9940.490961149797
209.6,1.0354478e-05,10140.24598645874
209.7,1.0787484e-05,10235.89561367852
209.8,9.836055e-06,10013.159412301547
209.9,1.05747085e-05,10056.894166908452
210.0,1.07233645e-05,10342.683522207404
210.1,1.07999e-05,10130.242056487601
210.2,1.0398732e-05,10242.726932151458
210.3,1.2526767e-05,9729.017221132746
210.4,0.0008716805,7407.506704111165
210.5,0.0059185415,9468.456541285666
210.6,0.009297148,2936.77639807327
210.7,0.009150567,8926.785004527414
210.8,0.00018673282,9668.31242640649
210.9,0.007742354,4580.584778307972
211.0,0.018919308,3434.255589186661
211.1,0.00076944375,4259.726477743499
211.2,0.00011050188,4948.2879100760565
211.3,4.2911404e-05,6449.41265347471
211.4,1.8348665e-05,8523.07807918454
211.5,0.00015397462,4584.321662252413
211.6,0.0076217176,9770.783239067569
211.7,0.024340766,2890.01466235505
211.8,0.023218865,1753.3233192681928
211.9,0.010786889,1934.323511865724
212.0,0.0054134,4781.589425260783
212.1,0.02220909,1918.3380284521068
212.2,0.027189657,1780.4423585495863
212.3,0.002890328,8367.004855198538
212.4,0.0002888076,9468.663698634056
212.5,0.023047157,1817.804088591488
212.6,0.02642416,2225.798654471707
212.7,0.022927297,1125.9457262445526
212.8,0.023509948,2899.5578971459636
212.9,0.023185262,1561.3007984260023
213.0,0.024287993,2424.291695821177
213.1,0.019081805,2261.1637196033103
213.2,0.0069411593,2296.8843879376186
213.3,4.687527e-05,7218.267300825468
213.4,3.059947e-05,7071.93286982847
213.5,1.9259654e-05,7929.0177850757855
213.6,1.5528552e-05,9022.755494874174
213.7,1.4838752e-05,9015.10951578126
213.8,0.00056403707,4996.546546470143
213.9,0.024130499,2806.7464616231264
214.0,0.03152045,1886.4192926415722
214.1,0.008493215,1427.4028886969709
214.2,0.018453235,2607.424334237386
214.3,0.016741514,2814.6344087200277
214.4,0.0009189747,4066.7941035693584
214.5,0.0063677575,4485.100492566687
214.6,0.015270167,3354.6468288410706
214.7,0.0024210168,5948.6452408012665
214.8,0.006017727,5120.332368693435
214.9,0.002586475,5821.693193894129
215.0,0.0039870096,3036.8024377007873
215.1,5.6241817e-05,7702.577814644612
215.2,3.5584686e-05,6839.1609525006725
215.3,2.4661911e-05,7642.780356456113
215.4,1.650554e-05,8845.065287650717
215.5,1.4055093e-05,9355.338564054488
215.6,1.2579961e-05,9939.214373248975
215.7,1.4912002e-05,9822.167290808564
215.8,0.02993365,1333.2341955816364
215.9,0.026425486,1090.468131652084
216.0,0.0026153491,5276.830808378703
216.1,0.022659598,2408.4619420928348
216.2,0.009550748,2466.8101631752684
216.3,0.0018973551,3300.4603920327177
216.4,0.008484016,2308.6962378204144
216.5,0.026278792,2209.4083375619807
216.6,0.0065059,4515.268589460016
216.7,0.0058964314,4471.118959992807
216.8,0.016289387,2551.0830516366614
216.9,0.0072524766,1370.9804488900072
217.0,0.00929079,2428.5358881487577
217.1,0.0031657107,3010.6763482535034
217.2,4.2510652e-05,8345.370731691348
217.3,1.0134408e-05,10212.93101401847
217.4,1.0202674e-05,10311.28173772019
217.5,1.06407015e-05,10271.064749158195
217.6,1.02489075e-05,10174.762605292832
217.7,1.0371186e-05,10165.465347095058
217.8,1.044786e-05,10256.500534284201
217.9,1.05368545e-05,10028.470007457854
218.0,1.045431e-05,10174.48306064731
218.1,1.0525872e-05,10279.705464865156
218.2,1.0249542e-05,10133.691221397206
218.3,1.0417624e-05,10210.271279879407
218.4,1.01760015e-05,10200.384118760989
218.5,1.2393244e-05,9991.348676638543
218.6,0.01671096,645.9966466196544
218.7,0.02341897,2892.9390792063814
218.8,0.028287938,2408.7635498808486
218.9,0.03018648,1068.4130142082336
219.0,0.017754847,2921.8643552107465
219.1,0.01105429,1950.7705687158457
219.2,0.011510534,6108.249504056639
219.3,0.010559173,8818.207686451166
219.4,0.019704243,2679.1263056512007
219.5,0.005124812,6471.347274330872
219.6,0.010822171,3740.8346589518997
219.7,0.00036148826,6888.184214431816
219.8,0.011072692,2934.803539876627
219.9,0.007273588,2743.0465849133893
220.0,6.929332e-05,7573.878583165622
220.1,6.0017042e-05,6598.65213059097
220.2,2.6611493e-05,7624.549590130962
220.3,1.5688529e-05,9032.056219560931
220.4,1.3347583e-05,9779.491931200238
220.5,1.3320567e-05,9731.598969220104
220.6,1.31915795e-05,9855.30565461572
220.7,1.2631089e-05,10226.11691005154
220.8,0.016991865,2493.055856034304
220.9,0.021144103,2956.819045090583
221.0,0.014508092,1902.0560123319137
221.1,0.014642106,2179.189026518765
221.2,0.020369012,1024.5381830673127
221.3,0.006045619,1319.315852793486
221.4,4.734787e-05,7950.2138565363075
221.5,0.005935918,1141.0039309954714
221.6,0.005016748,4454.093738217325
221.7,0.011788468,1196.0868243847915
221.8,0.018069306,1776.4608654986034
221.9,0.01502688,1953.066662393889
222.0,0.005970169,1936.886059797619
222.1,0.00032663535,3282.619581644901
222.2,1.0427226e-05,10197.636205181749
222.3,1.0422696e-05,10055.23877881291
222.4,0.013924281,851.4123294069668
222.5,0.022389904,2358.673717603393
222.6,0.024434201,903.530477939285
222.7,0.016618647,1685.712441264754
222.8,0.013106371,1121.4690639338146
222.9,0.0073118946,2151.271910784554
223.0,0.011127287,1513.7936992330758
223.1,0.02145244,2125.278266820594
223.2,0.016421122,1090.5683123514832
223.3,0.017854666,2142.708080158964
223.4,0.019748438,1050.593215335788
223.5,0.0053966246,4354.485689719507
223.6,0.008334492,10138.627524342664
223.7,0.0001873934,9059.629007991021
223.8,0.013937321,1856.8457792079464
223.9,0.012205827,2956.22750333545
224.0,0.001763978,5725.204330222336
224.1,0.012055585,3122.248602668662
224.2,0.004082878,3635.617050533362
224.3,7.557872e-05,7902.56458115843
224.4,1.5367237e-05,9578.386510495457
224.5,1.0415714e-05,10030.985028282597
224.6,1.0312672e-05,10158.24287808429
224.7,1.0100028e-05,10169.219539507438
224.8,1.0120121e-05,10172.795205416509
224.9,1.05786485e-05,10045.27843882269
225.0,1.0641838e-05,10226.413119410881
225.1,1.0403923e-05,10241.597246436606
225.2,1.0295564e-05,10047.124762397303
225.3,1.0407369e-05,10061.481165364301
225.4,1.0486407e-05,10131.842272051244
225.5,1.030513e-05,10007.610551526886
225.6,1.0068296e-05,10119.071567865814
225.7,1.0296938e-05,9996.965389313758
225.8,1.0248324e-05,10142.097129009908
225.9,1.041983e-05,10152.293509876541
226.0,1.0113309e-05,10470.372425333426
226.1,1.0257081e-05,9835.379790100098
226.2,1.3260854e-05,9773.718771894397
226.3,0.003995675,9788.091186934893
226.4,0.005761736,3623.4654713714403
226.5,0.013117062,2203.5345884309027
226.6,0.0008813788,2534.586152326963
226.7,3.977561e-05,7635.1269926572895
226.8,1.0206129e-05,9951.322202395208
226.9,1.026501e-05,9871.80841218569
227.0,1.0340458e-05,10032.97803998024
227.1,1.0267501e-05,10037.120567889813
227.2,1.0505394e-05,9993.639175416305
227.3,1.0744503e-05,9622.02537487828
227.4,9.999477e-06,9839.838925717799
227.5,1.1702261e-05,9765.513041905993
227.6,0.006362277,4526.375653606145
227.7,0.03309844,1175.265160716493
227.8,0.019980805,2480.2373263760373
227.9,0.014405904,1380.1154990882287
228.0,0.0036040382,2303.851013363265
228.1,0.005736564,2810.2661315716255
228.2,0.0028802298,1669.7840163410697
228.3,0.008272734,2421.5061547343935
228.4,0.0027668523,4443.38089132703
228.5,0.003499092,2510.057755899447
228.6,0.006946164,2200.3576584222083
228.7,0.0005318487,3085.5342426569264
228.8,2.4982728e-05,8434.333739617648
228.9,1.721337e-05,8667.893211673896
229.0,2.3110128e-05,7912.5742232705425
229.1,2.2081686e-05,8638.309182313917
229.2,2.2737193e-05,8618.537247849405
229.3,1.4242295e-05,9711.754063318167
229.4,1.2657462e-05,10233.553124230519
229.5,0.016536705,1438.8027553497288
229.6,0.00046083654,4192.157917072708
229.7,0.014260151,1551.2175838136395
229.8,0.018928295,1606.2920311867997
229.9,0.01649186,1401.614601546937
230.0,0.02047652,2676.9295733137883
230.1,0.01654499,2273.1058257153027
230.2,0.0030287418,5647.186604765613
230.3,0.004034094,6278.094599654361
230.4,0.003504011,4571.60488068172
230.5,0.0069562336,1334.3820641042416
230.6,0.022745507,1808.8691994447556
230.7,0.020702269,896.0791001469725
230.8,0.01803976,2163.9801769386117
230.9,0.004298325,4544.981111743728
231.0,4.342749e-05,6987.0696701970555
231.1,0.021914806,2975.8940732827728
231.2,0.016150359,1911.1794444900822
231.3,0.019163184,883.2704526043344
231.4,0.003187023,4378.383541056388
231.5,0.008825892,10112.531748158663
231.6,0.0023711317,5602.740795741116
231.7,0.014348004,2214.0335400395898
231.8,0.017116059,2631.7419440024687
231.9,0.0011679736,3378.5279930195093
232.0,3.6047717e-05,8084.099162059629
232.1,1.612933e-05,9268.12262503161
232.2,1.5367094e-05,9309.811114700158
232.3,1.32485675e-05,9548.774388910735
232.4,1.3456213e-05,9775.15771544815
232.5,1.3197126e-05,9758.700607266892
232.6,1.544848e-05,9323.682651685824
232.7,1.8203507e-05,9156.067408232146
232.8,1.7405608e-05,8826.289847847742
232.9,2.3339742e-05,7287.366230362917
233.0,2.0473366e-05,7760.943848283665
233.1,1.881136e-05,8183.971957015558
233.2,1.6901578e-05,8826.241545440864
233.3,1.7858096e-05,8390.355700075706
233.4,1.7494662e-05,8607.08547146656
233.5,1.3534031e-05,9546.200388643323
233.6,1.2390247e-05,9939.52455118233
233.7,0.0042779734,7239.704144564911
233.8,0.0205344,3489.2952915222177
233.9,1.297647e-05,11289.23132599716
234.0,0.0048927898,7276.535280349837
234.1,0.018036978,2142.341313883586
234.2,0.009435601,2746.4250472157855
234.3,0.001041684,7728.158317942503
234.4,0.0032134592,5932.068323051755
234.5,0.0013402319,5889.172185823196
234.6,3.67215e-05,8155.646382766513
234.7,0.007439633,8758.482496219885
234.8,0.015693529,1804.0199688806956
234.9,0.016261857,1617.1320846482013
235.0,0.017419636,2176.692394782611
235.1,0.016430048,1382.736848266263
235.2,0.013787445,3182.461253629214
235.3,0.00024953636,6351.465468528785
235.4,0.009651903,3479.6520950326017
235.5,0.0126749,3306.8626126972536
235.6,0.012680427,3069.109271094336
235.7,0.0032753975,6143.483271680108
235.8,0.005280449,3632.242861480031
235.9,0.001761971,4889.994258110064
236.0,4.516714e-05,8703.79075792752
236.1,1.0897488e-05,10543.665916140897
236.2,1.0367398e-05,10283.823697102835
236.3,1.0628586e-05,10121.945362897033
236.4,1.0743703e-05,10214.456469118519
236.5,1.052224e-05,10210.420391427935
236.6,1.0865757e-05,10078.980953474964
236.7,1.0585649e-05,10116.440887751585
236.8,1.0473892e-05,10212.404235153495
236.9,1.0434404e-05,9979.766859920848
237.0,1.0734999e-05,10148.374580663842
237.1,1.0696449e-05,9972.846304193528
237.2,1.0573738e-05,10063.409260453072
237.3,1.4325743e-05,9633.602982376862
237.4,0.038302682,2012.9206732045645
237.5,0.029886309,1247.0668967570366
237.6,0.01462265,1605.4955481931947
237.7,0.009492043,2725.8515334961467
237.8,0.0044479324,10820.904354453327
237.9,0.019281376,2404.309178811054
238.0,0.023934465,1959.2265892618632
238.1,0.00028412952,6620.616291886714
238.2,0.015216926,2412.118337582246
238.3,0.013139498,844.3739987922004
238.4,0.012512575,2054.2044690022894
238.5,0.0021196585,6341.583953259628
238.6,0.01535643,1860.6834352245455
238.7,0.0099428175,1506.18136162551
238.8,0.010823943,3161.945569531392
238.9,0.022930378,1423.1945608590627
239.0,0.005817801,9066.561903054579
239.1,0.009361853,2342.312307306752
239.2,0.015758548,1154.6742089133763
239.3,0.008052097,6584.3016902172
239.4,0.00825369,3408.483122761173
239.5,0.00012738716,6088.3372232625325
239.6,2.2641936e-05,8834.542738628483
239.7,1.5630127e-05,9195.729254878173
239.8,1.3574973e-05,9432.77130388113
239.9,1.3743893e-05,9335.522355221423
240.0,1.314366e-05,9636.704711295723
240.1,1.386065e-05,9742.55420048059
240.2,1.2362752e-05,10035.103069415805
240.3,1.3710196e-05,9308.631621695418
240.4,1.3848111e-05,9640.073465024961
240.5,1.2863041e-05,9680.991702821422
240.6,1.3239443e-05,9851.189211620083
240.7,1.3464037e-05,10048.977257867899
240.8,1.4112691e-05,10017.850074547314
240.9,1.2561929e-05,9823.916678723781
241.0,1.2583238e-05,9941.773966186407
241.1,1.3591646e-05,9736.659344576954
241.2,0.0011700753,2692.5042556178223
241.3,0.018918274,1924.054130209568
241.4,0.0036964247,3512.9262485004374
241.5,2.855168e-05,8668.020787959136
241.6,1.6556465e-05,9098.8296869732
241.7,1.4353171e-05,9079.039268174354
241.8,1.3302477e-05,9795.114992877578
241.9,1.3686144e-05,9763.018288536696
242.0,1.3840291e-05,9380.594559746543
242.1,1.5031303e-05,9130.462736925509
242.2,1.6394464e-05,9068.546943926707
242.3,1.3173083e-05,9717.950655506404
242.4,1.3523058e-05,9892.163636786328
242.5,1.3328349e-05,9500.579664847697
242.6,0.019352527,2047.0446435207177
242.7,0.00019724791,7694.430032023449
242.8,0.004731611,4939.788310633324
242.9,0.022061305,1586.184048822542
243.0,0.011699893,1008.4509742391558
243.1,0.00015461243,4559.878755494921
243.2,4.415092e-05,6612.0280693984005
243.3,1.0303059e-05,9933.170862081239
243.4,1.01283285e-05,9996.020617256661
243.5,1.0443547e-05,10038.607403719718
243.6,1.0415054e-05,10049.745995237407
243.7,1.0179357e-05,10135.589819887693
243.8,0.0076374826,2879.84374787136
243.9,4.3026776e-05,8972.809836195534
244.0,0.0085111335,4568.403283829115
244.1,0.010307617,2358.713584978502
244.2,7.8068755e-05,6641.105377036523
244.3,1.756913e-05,8832.116403895649
244.4,1.22400315e-05,9422.569373814005
244.5,0.0047034235,4672.461458895339
244.6,0.0003642818,3840.5006083118237
244.7,2.1841239e-05,9102.945646812179
244.8,1.1157883e-05,10384.273193600504
244.9,1.1017966e-05,10322.408949864212
245.0,1.0611003e-05,10147.251709034748
245.1,1.0802044e-05,10489.967287338088
245.2,1.076929e-05,10401.261198562053
245.3,1.0811678e-05,10540.415405868705
245.4,1.0804039e-05,10284.772607920262
245.5,1.0307439e-05,10280.393623608446
245.6,0.016397173,1941.9545103673133
245.7,0.00014357401,6851.336387844536
245.8,0.018807886,2710.2496673751916
245.9,0.01752243,3557.549683007253
246.0,0.0020490927,5505.289946465063
246.1,0.0077280677,2630.806684974189
246.2,0.0026922137,3337.920038340191
246.3,0.022234619,2904.242765763338
246.4,0.013601292,3579.853208103832
246.5,0.005236949,3090.76719409812
246.6,0.0057793874,2755.2970452186196
246.7,8.270848e-05,9242.355966503865
246.8,0.0045995247,2605.2702763730267
246.9,0.0017989249,4558.526583691288
247.0,0.009969779,1875.2387659982755
247.1,0.0032091835,2616.304467825149
247.2,4.5877507e-05,7823.543744486308
247.3,2.962826e-05,7880.992490439638
247.4,2.2946011e-05,7830.524368450394
247.5,3.1642554e-05,7001.096546758508
247.6,3.3407752e-05,6665.739156962677
247.7,4.2664324e-05,6163.1753590775525
247.8,3.2157277e-05,6678.130852864941
247.9,1.5604926e-05,9143.769240336685
248.0,2.7416916e-05,7973.751981093359
248.1,0.030590007,2393.7364651346516
248.2,0.032102883,1073.5199919145205
248.3,0.028125336,2334.212911906314
248.4,0.021993661,1896.0200541144297
248.5,0.016193893,2356.572104357434
248.6,0.0024639657,6612.543314243623
248.7,0.015697889,2248.0749918208858
248.8,0.015919829,1462.1549701499737
248.9,0.0023289507,5073.951382277176
249.0,0.007793161,3082.293125279485
249.1,0.014344973,3473.8932394797293
249.2,0.0016447612,4300.112001239177
249.3,0.00013710403,4596.672380620854
249.4,7.21119e-05,4615.394975767227
249.5,3.8879356e-05,6032.662720817176
249.6,2.3599167e-05,7758.205474490312
249.7,1.606049e-05,8925.880756646553
249.8,1.5223183e-05,9513.619741805205
249.9,4.4901924e-05,9448.96849969045
250.0,0.002158503,6904.043682778132
250.1,0.030480333,1145.1352832931127
250.2,0.016265148,2057.4793839032964
250.3,0.0008095016,5675.839460996119
250.4,0.012848759,4615.357030134765
250.5,0.024286086,3129.5084963471418
250.6,0.025850466,2264.9937971540107
250.7,0.023069665,2438.5344769771073
250.8,0.00044858875,6440.118460049755
250.9,0.003306242,4887.203698241956
251.0,0.019481966,2083.518123111807
251.1,0.0036938991,4721.822006474154
251.2,0.0012556853,5283.258101186355
251.3,0.004825887,4549.256982489292
251.4,0.019828117,1700.0083662174889
251.5,0.0062039993,2942.2101954993213
251.6,0.0060519096,2650.0703396680346
251.7,0.0026598575,4369.8143639064765
251.8,0.024172166,2143.464867895933
251.9,0.015719546,1473.7555454414678
252.0,0.006404267,4237.0224785983755
252.1,0.0049157348,5786.805786353159
252.2,0.004125814,4177.994210057099
252.3,0.00016722371,6351.790611649574
252.4,2.0219026e-05,9471.207339292374
252.5,1.0323105e-05,10410.035077702192
252.6,1.0957367e-05,10533.3010672305
252.7,1.0558285e-05,10148.502384240066
252.8,1.0716968e-05,10372.573571427136
252.9,1.0158416e-05,10214.993241202152
253.0,1.0392428e-05,10097.337201257493
253.1,1.0874632e-05,10197.820059073025
253.2,1.0671367e-05,10406.945519773148
253.3,1.0437495e-05,10217.986037911203
253.4,1.06638845e-05,10215.576720997762
253.5,1.10194915e-05,10234.010947187928
253.6,1.3779906e-05,9644.001217503941
253.7,0.0018538062,9117.300740454613
253.8,0.011654216,10120.643934109386
253.9,0.007509457,2650.0957104914787
254.0,0.0079038795,3219.3346574749867
254.1,0.01177662,2093.4045983601736
254.2,0.008964263,1582.4282943233989
254.3,0.0102630425,1802.132708223098
254.4,0.0005857765,2412.3634748009326
254.5,4.794201e-05,6108.320357156392
254.6,1.9889783e-05,8276.911078184836
254.7,1.6398475e-05,9156.607610117459
254.8,1.4332655e-05,9359.273406859962
254.9,0.0071664057,2952.651842237851
255.0,0.022949118,2123.9734666329596
255.1,0.009093889,1427.2806832640158
255.2,0.006033079,5069.3350758334445
255.3,0.0049118632,2139.6808742286184
255.4,0.0003659416,3156.41641762979
255.5,3.058663e-05,7624.575124633899
255.6,1.8970815e-05,9175.237283858569
255.7,1.3782429e-05,9605.005064768084
255.8,1.6092214e-05,9001.72389563486
255.9,1.8886674e-05,8667.900647341856
256.0,1.9093945e-05,8792.306144450446
256.1,2.3724495e-05,7610.691380009955
256.2,1.491912e-05,9535.56276705346
256.3,0.017162286,2260.2690442390294
256.4,0.024233907,2208.9543850571454
256.5,0.012241062,1530.8274508076347
256.6,0.01724654,1732.3062444427765
256.7,0.02371744,1191.6268341459427
256.8,0.018105153,963.3674810745425
256.9,0.019680373,1200.4836192865546
257.0,0.0143188285,2051.222497603461
257.1,0.002815518,7289.694776026513
257.2,0.00013565378,10718.268759769186
257.3,0.015102996,1767.2348120522188
257.4,0.017153624,3525.5314988054897
257.5,7.665644e-05,8594.132650389442
257.6,0.0028259105,4914.903221028117
257.7,0.008281888,3274.63813011408
257.8,0.0018232013,6636.120475573773
257.9,0.012264642,3692.63542985082
258.0,0.011758986,3077.402719891483
258.1,0.008849745,1537.4221500084145
258.2,0.01510329,2869.4048163391017
258.3,0.001321554,4504.565836714948
258.4,3.7065704e-05,8376.553246121111
258.5,2.0777175e-05,8842.550061899954
258.6,1.4648659e-05,9376.350732149791
258.7,1.4158835e-05,9468.915513662858
258.8,1.2832168e-05,9501.070096019892
258.9,1.3549545e-05,9763.73847062069
259.0,1.3266431e-05,9623.705891997368
259.1,1.303331e-05,9779.708178111736
259.2,1.2651138e-05,9874.562291077553
259.3,1.2466492e-05,9720.144798854224
259.4,0.0033061416,4809.449611616917
259.5,0.05098895,1641.0245451284102
259.6,0.023945147,1045.9638503574952
259.7,0.022167193,1578.777101719283
259.8,0.0027698586,2678.919365303658
259.9,3.276851e-05,7921.336079406079
260.0,0.011234281,8285.33916554708
260.1,0.005044043,6396.309348521915
260.2,0.019199174,2160.5233661301795
260.3,0.013557744,2318.4636649881445
260.4,0.0072479714,2948.591710657478
260.5,0.0021664968,3193.372159593024
260.6,0.0009767942,3119.4353488236834
260.7,0.00017307344,4108.005553165357
260.8,5.3448428e-05,5861.557705047777
260.9,1.5239599e-05,9204.102315335334
261.0,1.3456506e-05,9611.799994903276
261.1,1.321795e-05,9551.455677289912
261.2,1.2978213e-05,9642.700214518514
261.3,1.2790848e-05,9857.88752448761
261.4,0.0032018826,4300.562666550028
261.5,0.01685392,2323.959157328706
261.6,0.01350877,1475.8686471993597
261.7,0.019433264,2043.403437796194
261.8,0.007965969,3784.1797452247965
261.9,3.458048e-05,8719.061712438672
262.0,0.0011984544,4526.906177700731
262.1,0.0060480433,7652.695788121298
262.2,0.0046274983,3574.1076137890777
262.3,0.005544011,3516.7087973043213
262.4,0.004760396,3316.1773781236443
262.5,0.0028075885,3491.4117660934467
262.6,0.0019783399,3685.2851613475505
262.7,0.0011710651,3556.7047442995795
262.8,0.00038461396,3177.051597044786
262.9,2.3545605e-05,7504.901529489702
263.0,1.0362368e-05,9965.971560825274
263.1,1.0206475e-05,9985.0980827512
263.2,1.0572392e-05,10071.158989846452
263.3,2.2119142e-05,9859.247550348946
263.4,0.0019261203,6593.609628413035
263.5,0.012536929,3894.4870660397623
263.6,0.01531759,1914.6820909414396
263.7,0.009667303,2583.4374578997486
263.8,0.006947503,2373.2514651974993
263.9,0.0010793909,3649.651294307032
264.0,0.009998674,8745.496025403376
264.1,0.020200606,7995.574824316901
264.2,0.007135576,4877.253991896701
264.3,0.0109499125,3427.1724984440757
264.4,0.009088202,3587.2914096706127
264.5,0.005706203,3787.217963510376
264.6,0.00275115,4341.370243795803
264.7,0.0015893993,6082.773379805389
264.8,0.0053687696,9986.342628515195
264.9,0.0027806514,6313.963695055929
265.0,0.008673698,3068.887918624516
265.1,0.010548676,3111.3951418533748
265.2,0.0070294393,2994.656151317802
265.3,0.0076219565,2452.815560509423
265.4,0.0066230847,3278.0520363357746
265.5,0.0031095033,10081.311755755809
265.6,0.0017932889,7541.161277001854
265.7,0.004671387,4234.697881099596
265.8,0.00020878836,5918.498583520266
265.9,4.958821e-05,6944.658642068348
266.0,2.0142152e-05,8751.538310403257
266.1,0.00029712584,7035.921436688369
266.2,0.0049536573,9857.400132237528
266.3,0.004952316,6556.349374107131
266.4,0.0072589833,3520.3365514579637
266.5,0.006005149,4820.977024468349
266.6,0.006250661,3686.0520039314465
266.7,0.008404466,3070.6266366240734
266.8,0.004560787,10440.814182991544
266.9,0.004354136,10937.511496761943
267.0,0.0070091914,3524.779684903416
267.1,0.0028632293,4147.3136815293265
267.2,0.0005773178,3881.1747122670604
267.3,1.1178065e-05,10653.626930285885
267.4,1.07908745e-05,10421.327833619267
267.5,0.0013127847,7658.635154897304
267.6,0.008652729,9511.974936786275
267.7,0.0097719915,8693.182255724405
267.8,0.008464257,4511.446083682171
267.9,0.012574038,3873.402975452381
268.0,0.012367346,3600.2932670873947
268.1,0.0154882185,3690.891175266657
268.2,0.010814806,10997.1286718733
268.3,0.007828727,11011.40932385558
268.4,0.010009087,4553.435271210656
268.5,0.0067320573,4805.4418445808915
268.6,0.0031568562,5195.932915786178
268.7,0.0004296555,4400.940301791794
268.8,4.1713174e-05,7925.590001051153
268.9,1.9999035e-05,8979.400395754332
269.0,1.9246867e-05,9295.301062177865
269.1,0.022821296,3075.513233525512
269.2,0.04329587,1241.5224289162338
269.3,0.038517118,2885.9866574424454
269.4,0.030370312,1022.6873303694558
269.5,0.014710089,2369.747695323691
269.6,0.011186937,2593.3726133586556
269.7,0.012590533,1182.1043086398952
269.8,0.0290693,2372.9742774814385
269.9,0.0017011842,5566.963049063357
270.0,0.031184267,2013.6844048206297
270.1,0.028629165,2378.7672158739206
270.2,0.0091581885,1856.7092078788764
270.3,0.0113438275,2399.4759632882233
270.4,0.002386807,2527.471002980906
270.5,9.940093e-05,4665.769984068295
270.6,5.2639894e-05,5799.183336872892
270.7,3.5949182e-05,6622.372337665185
270.8,2.5036921e-05,8014.505889783906
270.9,1.9571595e-05,8269.057102967941
271.0,1.6063661e-05,9212.815512741734
271.1,0.032732416,1516.7024876976016
271.2,0.03802825,2036.1693928437444
271.3,0.025556015,3552.990927357714
271.4,0.0056076264,6760.569329363099
271.5,0.005482095,6292.658925807729
271.6,0.0029940265,6300.80483117667
271.7,0.008065375,6642.6246815786835
271.8,0.0017477153,8397.8567716877
271.9,0.026974086,3009.304285992437
272.0,0.02863384,2774.27502642195
272.1,8.8443834e-05,9104.21789458879
272.2,0.02219578,2693.6392086097717
272.3,0.031978346,1840.20121973881
272.4,0.033356883,1602.416428402494
272.5,0.005018553,6737.067947940163
272.6,0.0031766195,2961.2770676026207
272.7,0.027177213,1979.352741514316
272.8,0.00023698917,6768.451518026131
272.9,0.011125792,5129.205306409187
273.0,0.023114175,2568.5828967821108
273.1,0.019869447,1264.2764909515217
273.2,0.016604802,2176.618549709692
273.3,0.020641655,2070.2785329424833
273.4,0.0042055235,7597.986560289244
273.5,0.017197572,1526.7010745173698
273.6,0.000455897,5015.1058635820955
273.7,0.0145417005,2391.3051935488747
273.8,0.0146276,2197.220491440917
273.9,0.015344176,2198.7380401681958
274.0,0.0026472472,3812.437822596936
274.1,0.007350577,3062.4392758165895
274.2,0.010456653,2609.837559826172
274.3,0.003090873,2682.362180049312
274.4,3.7936472e-05,7949.011116995657
274.5,2.1202417e-05,8592.824586444884
274.6,1.9308427e-05,8548.02543292252
274.7,2.0045492e-05,8314.896693332572
274.8,1.6882888e-05,8895.295721602739
274.9,0.00043081326,2119.592646524175
275.0,0.012390665,2814.378716821154
275.1,0.014674044,3139.11500116721
275.2,0.013936368,7877.709794106439
275.3,0.009836706,7790.916993832439
275.4,0.031195877,1407.4655170104584
275.5,0.023741942,2609.412085552641
275.6,0.023696747,2673.7416945921896
275.7,0.00096871424,4808.840119845214
275.8,2.9488845e-05,8663.975944776037
275.9,0.01347556,2449.413750122335
276.0,0.007403173,5895.009602661805
276.1,0.000717247,4063.3274918322695
276.2,0.02478015,1989.2653246602863
276.3,0.017654799,1521.1629554620085
276.4,0.011144719,2216.524801248304
276.5,0.002020011,2411.1551306706847
276.6,3.3581025e-05,7630.879242266703
276.7,1.5853479e-05,9276.578293903958
276.8,0.001395632,7738.792778906252
276.9,0.005866363,8238.599053236814
277.0,0.022981554,1586.3793029925516
277.1,0.026255151,1722.2854330446157
277.2,0.03613,1261.8993512700372
277.3,0.026950583,928.1424629008476
277.4,0.032592684,1758.8684189484104
277.5,0.029568128,1257.4282623307422
277.6,0.008132056,1467.5565496596353
277.7,0.029340435,1565.0080680490462
277.8,0.0037175359,9140.79897626856
277.9,0.017815463,1345.3477213259687
278.0,0.016527986,2027.105725572105
278.1,0.0036273946,5009.809411716908
278.2,0.00907355,8761.402959796063
278.3,0.010407814,7090.2370174434145
278.4,0.0045721615,1708.4538192626744
278.5,0.0095826555,2233.952232973451
278.6,0.0052425493,2210.1976041522166
278.7,6.933108e-05,7134.647859652125
278.8,1.50632695e-05,9695.792287023207
278.9,1.049295e-05,10072.84105816788
279.0,1.0134145e-05,9806.674279042893
279.1,1.0485045e-05,9840.655388882644
279.2,0.00014126855,5358.986864229941
279.3,0.03584515,3271.715279191705
279.4,0.018708909,4342.230616670354
279.5,0.027630756,2713.7709136030844
279.6,0.031359736,1188.0989841288122
279.7,0.018115299,2563.802958782415
279.8,0.013263947,2746.8109113159726
279.9,0.018053107,2081.4336769611823
280.0,0.024345959,2692.1510750066514
280.1,0.0026157664,4801.673831944405
280.2,0.024866851,1761.3518860441673
280.3,0.02045474,3365.5914608425237
280.4,0.011618936,3197.944941645279
280.5,0.010825393,2695.6572044214786
280.6,0.00041559708,4240.835030000537
280.7,4.3781452e-05,6288.152288830639
280.8,6.228262e-05,5712.835863404714
280.9,3.428886e-05,6886.6974171571455
281.0,1.7704282e-05,9306.407638253724
281.1,2.4358753e-05,9281.416698272398
281.2,0.01501398,2894.295785889319
281.3,0.0152665125,2195.50097282411
281.4,0.015223767,2628.5270211455845
281.5,0.010044253,4661.371820661319
281.6,0.021396246,1327.6442238048317
281.7,0.015211056,2206.4398787801088
281.8,0.010788055,2317.7884295015833
281.9,0.010589147,1686.0578558066468
282.0,0.017308755,1965.949653480606
282.1,0.0062241266,2049.550370794679
282.2,0.014767732,2290.837729607122
282.3,0.00012427522,7980.939310590886
282.4,0.009501418,1923.6156311331463
282.5,0.017699456,1736.778012978309
282.6,0.0052458583,1530.6943488551083
282.7,0.017577996,2827.242470813693
282.8,0.018981818,1751.4740148032884
282.9,0.012254479,1449.3332668829744
283.0,0.00052442524,2704.0749086600226
283.1,4.15265e-05,7015.427006999234
283.2,1.8049956e-05,9044.480195715543
283.3,0.00012450447,4159.509823932076
283.4,0.0124211395,2157.547739024662
283.5,0.016661745,1121.3673660674372
283.6,0.034724515,2645.7058133530077
283.7,0.008682046,2930.631252711311
283.8,0.019447133,2732.497779533587
283.9,0.016817449,1661.4947828656757
284.0,0.0012594718,6770.9439512733525
284.1,0.009235267,2502.604404797025
284.2,0.009566902,2342.829573266251
284.3,0.013017654,1799.8118943585491
284.4,0.0056361137,1873.0972305814112
284.5,0.018374616,2792.6034358564966
284.6,0.026287131,2665.9688042360713
284.7,0.0042010415,4177.324459475736
284.8,0.019205766,1566.6671752011275
284.9,0.013052538,2005.5962527358474
285.0,0.009483656,8178.969246127774
285.1,0.009842726,2610.3340177411133
285.2,0.01038725,1447.6260008538743
285.3,0.014695651,1826.0070416051242
285.4,0.007818699,10821.831157987266
285.5,0.020202097,2417.312526092627
285.6,0.003715174,2419.609594322777
285.7,3.7050577e-05,8149.603077760088
285.8,2.0765181e-05,8355.296498852724
285.9,1.838984e-05,8417.707457196682
286.0,2.1728421e-05,8438.022408614319
286.1,1.833023e-05,8949.507019009554
286.2,1.7971877e-05,8524.709162292598
286.3,2.5145018e-05,7484.94835060623
286.4,1.8319144e-05,8753.322294187623
286.5,1.4752521e-05,9005.247761397795
286.6,1.3660358e-05,9964.537906752315
286.7,1.4281941e-05,9198.37610238369
286.8,0.0030352403,7310.771164159376
286.9,0.0011153034,3484.2923598816496
287.0,0.022331748,2453.2534880380413
287.1,0.0151401255,1613.4988192491116
287.2,0.027290745,1240.9134191379137
287.3,0.025960483,1848.8787230999571
287.4,0.02697855,1544.2838834176764
287.5,0.030870242,1712.4824984397974
287.6,0.027622689,2616.998236850185
287.7,0.033155937,1023.6329220163221
287.8,0.03154603,2608.817486677788
287.9,0.012891718,2241.632040939991
288.0,0.009785942,2290.0907772200826
288.1,0.008530566,2370.72801214756
288.2,0.003431956,3184.9366877697184
288.3,0.022296226,2683.5706119475776
288.4,0.003028665,6052.034015982529
288.5,0.010298676,1833.978889669739
288.6,5.819232e-05,7182.771252579106
288.7,3.135393e-05,7069.292325925486
288.8,1.8121844e-05,8775.036859256517
288.9,1.813218e-05,8800.463756990477
289.0,1.6910068e-05,8734.41464207557
289.1,2.3093004e-05,8123.0206396168915
289.2,2.5452737e-05,8025.580643294341
289.3,2.2492837e-05,7706.208957457193
289.4,1.7725692e-05,8835.783747863976
289.5,1.4386094e-05,9560.555508372618
289.6,1.3548487e-05,9897.583648303887
289.7,0.0062983753,1681.634702843974
289.8,0.022488458,3248.2415250874274
289.9,0.0043202187,9112.884100812793
290.0,0.029052088,2309.6780289794387
290.1,0.011030314,7322.954485609231
290.2,0.04161004,1491.7716236903175
290.3,0.033374615,1295.916638924946
290.4,0.026172183,2075.184466059889
290.5,0.019201571,1248.4108349609373
290.6,0.04004528,1713.1646057936691
290.7,0.034830943,2028.9523105285268
290.8,0.00010403062,7691.063228870594
290.9,0.017998736,2672.6307325171906
291.0,0.016323235,2746.7754703871283
291.1,0.011015548,1827.3359296566641
291.2,0.0011106431,2146.254490991296
291.3,2.5063879e-05,7902.98967998093
291.4,1.4767217e-05,9446.810841228476
291.5,0.011160934,1151.340647832175
291.6,0.015234884,1399.1024734170762
291.7,0.023073325,2799.5400171090305
291.8,0.022262793,2608.9246474326715
291.9,0.019008724,1258.9110653580947
292.0,0.019919109,1343.0811966245578
292.1,0.02365788,1826.2040992813809
292.2,0.022940256,1286.0170019228176
292.3,0.024667826,2026.3139649703196
292.4,0.017287765,2185.0126173651115
292.5,0.009794996,3034.539792574861
292.6,8.0485275e-05,9423.926998081992
292.7,0.0021913135,5393.130103995482
292.8,0.004080911,2048.21335635405
292.9,0.0005375215,2296.251525363068
293.0,3.276287e-05,7272.074790388678
293.1,1.873972e-05,9015.233920056171
293.2,1.3943269e-05,9541.373683286934
293.3,1.3507358e-05,9672.275641945766
293.4,1.7313287e-05,9198.89467058819
293.5,0.0001503559,8910.133456962303
293.6,0.0077663916,1666.61422060832
293.7,0.008401166,1649.6527981162067
293.8,0.0075059254,1034.6846658159366
293.9,0.026993524,1808.3068886785707
294.0,0.0021580963,4207.895414157099
294.1,4.965914e-05,8344.65660814863
294.2,1.0659559e-05,9971.650506354126
294.3,1.0235326e-05,9823.893281478144
294.4,1.04453775e-05,9944.64360583997
294.5,1.0320822e-05,9938.592187613152
294.6,1.0412295e-05,9940.915398454246
294.7,1.0180608e-05,10114.74333286235
294.8,1.0291586e-05,9843.377297403538
294.9,1.0091982e-05,10035.557910298168
295.0,1.0124339e-05,10249.97903223589
295.1,1.027927e-05,9908.875556762387
295.2,1.0240736e-05,10078.143814346317
295.3,1.0401199e-05,10165.70791863744
295.4,1.04811215e-05,9911.458888172056
295.5,1.0751858e-05,9901.821874255227
295.6,1.0016286e-05,10024.91743212042
295.7,1.288049e-05,9768.907904878748
295.8,0.0060216933,9437.051210003312
295.9,0.020819305,2353.0910213050265
296.0,0.01960495,2199.357250403212
296.1,0.020408321,2991.3410582520255
296.2,0.019237245,3182.50290483307
296.3,0.0013906359,3421.5293816250323
296.4,3.032029e-05,9289.40128130054
296.5,0.02006215,2898.3292720088475
296.6,0.0034549003,6245.2080618395275
296.7,0.0033147628,5698.062813860221
296.8,0.008750338,3637.0364708949696
296.9,0.019569317,2425.3403583611716
297.0,0.006577843,3099.6280157057345
297.1,0.02740457,1938.6556261798942
297.2,0.03033899,2316.5414740416672
297.3,0.009377041,8858.461017092925
297.4,4.3879212e-05,9907.652944211603
297.5,0.014609348,2573.5746151746903
297.6,0.006959563,2788.2987198436726
297.7,0.007643561,2343.9847832092446
297.8,0.0038768086,4700.931202299669
297.9,0.002195653,5053.937108590891
298.0,0.0091489935,3263.737778942457
298.1,0.0029829764,4713.971702566827
298.2,0.009682787,2700.362196037426
298.3,0.00011967726,5846.773393392411
298.4,9.4534655e-05,4568.738346923139
298.5,7.543632e-05,5196.99899526739
298.6,6.700557e-05,5214.283087673788
298.7,3.1291253e-05,7848.212250954567
298.8,0.03152293,2155.922352566944
298.9,0.0068275635,1472.5100024971518
299.0,0.0068290094,5096.322790098976
299.1,0.031307686,2544.3733820515654
299.2,0.0346361,1954.1647372603356
299.3,0.037117526,1796.2559674500371
299.4,0.029817509,2333.7200669786516
299.5,0.00092182064,4077.2265501966754
299.6,0.024674725,2550.577394194411
299.7,0.0326325,1430.8272797912268
299.8,0.027259113,1546.488761262561
299.9,0.0142343035,1903.9054654699598
300.0,0.00065318664,6675.132744498369
300.1,0.0068112137,8469.235634692215
300.2,0.011306903,2078.592724582039
300.3,0.008212547,2354.598719649128
300.4,0.011018272,9577.447252325166
300.5,0.014762159,2579.3844424134895
300.6,0.015944894,2755.5561539582795
300.7,0.0018318,5648.930428756667
300.8,0.008728133,2580.168726688312
300.9,0.0017120314,3238.8939322947294
301.0,0.008025951,2739.3854533148597
301.1,3.602717e-05,6617.508704316203
301.2,1.0274562e-05,10085.531699152596
301.3,1.037249e-05,9956.556345893368
301.4,1.0591368e-05,9971.923027569072
301.5,1.0204746e-05,9611.256641471757
301.6,1.042698e-05,10014.950641858892
301.7,1.2227967e-05,10027.003858460143
301.8,0.0022043947,4633.553636075949
301.9,0.008694734,4099.710057307657
302.0,0.009513109,1794.0315534129065
302.1,9.829616e-05,6493.095670698443
302.2,2.0918993e-05,8352.465631413515
302.3,1.0781384e-05,10165.842355472747
302.4,1.0728235e-05,10371.77212224501
302.5,1.1815022e-05,10012.762860043691
302.6,0.004993673,4823.774080082504
302.7,0.055882808,1454.1964209122793
302.8,0.047137953,2202.128904064065
302.9,0.021532647,1321.573789712102
303.0,0.019135157,1630.874017790025
303.1,0.009002201,2059.9175265132862
303.2,0.009681115,1416.4814933698647
303.3,0.023270154,1810.2058566675992
303.4,0.0001787588,6107.902098315784
303.5,0.011698809,2253.7893015401287
303.6,0.003914921,2248.8570385440353
303.7,0.007991383,2297.2729050786093
303.8,0.00016033604,6562.406152714915
303.9,3.5547433e-05,6862.199624950834
304.0,2.2513092e-05,8119.971178863346
304.1,2.3418534e-05,7534.687575952419
304.2,1.6644717e-05,8693.50401611685
304.3,1.2467877e-05,9853.348805921809
304.4,0.00019598569,8210.588909078808
304.5,0.011269679,10220.023445403083
304.6,0.039173894,2597.4046581668345
304.7,0.026222346,2582.068781312356
304.8,0.0027200612,4586.060454707716
304.9,0.0064253365,3388.2474324151726
305.0,0.007926702,9865.109929240973
305.1,0.010872345,2237.3369652164065
305.2,0.028780002,1956.862599133768
305.3,0.035818998,987.6721943669697
305.4,0.023790013,1872.5438656004715
305.5,0.02754654,2301.869756033795
305.6,0.025281256,2485.4300897090216
305.7,0.014444547,2098.1768139868755
305.8,0.005536133,5843.39005318813
305.9,0.001250298,2481.2553859326545
306.0,0.014465994,2511.8796959627625
306.1,0.017240938,3200.4479115624276
306.2,0.00475609,4743.229434013946
306.3,0.002056098,3200.6795063340683
306.4,2.9823308e-05,8962.524867005988
306.5,1.0459488e-05,10485.855337847794
306.6,1.0321041e-05,9890.079048899326
306.7,1.0783751e-05,9853.099254961953
306.8,1.02106715e-05,10142.493199319892
306.9,1.0361984e-05,10204.951858191822
307.0,1.4748075e-05,9603.171408082906
307.1,0.010199094,2481.969714071138
307.2,0.0055386433,5171.053097104716
307.3,0.00995245,1501.3518099189498
307.4,0.014195762,1981.1837505399997
307.5,0.0023733994,2523.8560876999218
307.6,2.82483e-05,8729.957338469889
307.7,0.014177174,1967.6414492449826
307.8,0.0076303883,7755.363933618881
307.9,0.02017726,1382.9252025471437
308.0,0.020282235,2914.82231489555
308.1,0.0080725625,3477.603351412439
308.2,3.7419577e-05,9263.83436190804
308.3,1.8299108e-05,9262.67063395783
308.4,1.0437014e-05,9990.844030619799
308.5,1.0461157e-05,9991.3774919304
308.6,1.6102016e-05,9200.803277536932
308.7,1.36059125e-05,9808.462711687866
308.8,1.4990379e-05,9598.316237226383
308.9,0.0056348755,5046.681892478884
309.0,0.024352439,2632.426256900886
309.1,0.008432786,6182.251379816949
309.2,0.008238197,6417.813151495628
309.3,0.017376699,2543.4713708208037
309.4,0.00091488834,3758.1241276294963
309.5,0.008977517,1538.9671833365467
309.6,2.8430859e-05,8216.967991891801
309.7,3.2983196e-05,6556.245494229207
309.8,2.0726251e-05,8075.315633941814
309.9,1.414753e-05,9520.00416095524
310.0,1.3563887e-05,9545.805674810737
310.1,1.4129227e-05,9794.40119642489
310.2,0.011290236,2370.655758858899
310.3,0.045464024,1238.9298890951463
310.4,0.020963877,2331.0051501857265
310.5,0.0006043701,4371.202006477381
310.6,0.0052917595,4219.831386440678
310.7,0.00027783797,5692.984229714668
310.8,0.018759102,2276.6342072013317
310.9,0.018143235,2426.789022389519
311.0,0.011777843,4355.949546801259
311.1,0.0005302679,5588.5844332583
311.2,0.013559711,3046.123508194341
311.3,0.0053507364,4622.3284058249765
311.4,0.015094994,2845.5159577026143
311.5,0.0035351417,3630.170153885374
311.6,0.002777391,2724.850933363363
311.7,0.0031011153,4843.558149787053
311.8,0.0068148896,3115.09718467655
311.9,0.01590162,9261.746713283734
312.0,0.0065266467,6116.078337782247
312.1,0.012654259,1708.1461475130604
312.2,0.013631921,2266.544141908484
312.3,0.0003522255,4823.71564233093
312.4,9.360783e-05,4433.453352274868
312.5,7.233769e-05,4527.3030096518905
312.6,6.357224e-05,5294.909969817361
312.7,2.431635e-05,7524.878447969551
312.8,1.4784543e-05,9282.274482018925
312.9,1.4107146e-05,10224.432022471436
313.0,0.033156473,2898.6704441413017
313.1,0.036359787,1423.807247042108
313.2,0.0031777641,1896.1713692721848
313.3,0.033240046,1861.4729966560749
313.4,0.026433503,2225.223918816072
313.5,0.011822499,1423.1399756340688
313.6,0.004900394,4528.836125015685
313.7,0.0040749107,5804.290515376254
313.8,0.0013772749,3581.4354716254556
313.9,0.012078149,2794.9457236039193
314.0,0.0014166138,2592.1503754166592
314.1,2.1509204e-05,9678.062544798297
314.2,1.1594837e-05,10600.998078063529
314.3,1.1346359e-05,10590.563373426194
314.4,1.0743741e-05,10665.241295292743
314.5,1.06977695e-05,10252.021147633375
314.6,1.0975961e-05,10505.59587599221
314.7,1.082646e-05,10338.028814644664
314.8,1.10114e-05,10362.731377514687
314.9,1.119337e-05,10614.194838089727
315.0,1.1060703e-05,10532.4236965639
315.1,0.016126137,2739.513262647064
315.2,0.025140695,1424.9301699775656
315.3,0.015101231,1538.6788361789652
315.4,0.0123997135,2101.365820158141
315.5,0.0058605457,8870.690904839907
315.6,0.008085996,1831.0604062873076
315.7,0.023949666,1389.1459029909713
315.8,0.029667404,1114.3419921024147
315.9,0.029362334,1405.1795954574814
316.0,0.029491266,1182.939712968399
316.1,0.008121854,1153.2597803947049
316.2,1.4064498e-05,10858.429227559165
316.3,1.1193683e-05,10698.420426056158
316.4,1.1059985e-05,10406.674717823618
316.5,1.1004461e-05,10480.55534488713
316.6,1.0593569e-05,10611.767782178662
316.7,1.0843483e-05,10408.846029571938
316.8,1.1049139e-05,10653.038749155354
316.9,1.0858626e-05,10254.723481636524
317.0,1.0948933e-05,10567.486611486514
317.1,0.025550438,2263.1045123401364
317.2,0.038108498,1144.9359729015023
317.3,0.012409413,1081.8957691389528
317.4,0.026440179,1752.575481523741
317.5,0.021553889,1639.029841478366
317.6,0.008996376,1699.841990906808
317.7,0.0109469555,3528.6421334162305
317.8,0.0056113447,2084.4830699438917
317.9,7.5245676e-05,8493.659228993069
318.0,0.0183917,2161.204269390597
318.1,0.01958656,1519.5134874937742
318.2,0.035577357,2672.26487032916
318.3,0.005278295,4940.776864702993
318.4,0.005650909,3334.393305399416
318.5,0.026342206,1330.2540104447332
318.6,0.00013452048,7775.428227401458
318.7,0.023560654,1335.068685528721
318.8,0.026148021,804.8220050649845
318.9,0.02073714,1416.4926128061425
319.0,0.0047767716,7816.468158332353
319.1,0.004948456,9722.993564744465
319.2,0.02419981,1342.6856636308808
319.3,0.032381844,1303.7030628959083
319.4,0.004318228,4028.2210603278
319.5,0.011541039,1070.878769547951
319.6,0.024614323,1353.1637718924583
319.7,0.021532435,1710.0906843962614
319.8,0.009539703,9045.69393336663
319.9,9.640116e-05,8628.148390948967
320.0,0.01483953,2016.090114939033
320.1,0.0069500976,2074.977875603666
320.2,0.012093757,1629.4060316873506
320.3,0.013519299,1344.9432009615216
320.4,0.021440318,2168.9020493390763
320.5,0.006715915,2549.199781635196
320.6,3.6291494e-05,8547.702891180037
320.7,2.3157125e-05,9046.779638100401
320.8,1.8261499e-05,9106.387426458066
320.9,2.8643588e-05,8262.995316947501
321.0,1.6961128e-05,9031.366250742925
321.1,1.7490776e-05,8977.876188331804
321.2,2.6597e-05,8158.999460257954
321.3,2.3448756e-05,8006.327978743244
321.4,2.9197461e-05,7892.35886989433
321.5,1.8630602e-05,8819.3999545448
321.6,1.6707212e-05,9384.997357158103
321.7,1.6384985e-05,9143.379225957953
321.8,1.3888049e-05,9833.736173589554
321.9,0.002753228,3827.5507305851797
322.0,0.011746715,2328.599262712753
322.1,0.012028455,4245.739049682426
322.2,0.013672339,1954.37040173802
322.3,0.009323955,2047.220326083452
322.4,0.0020166654,4009.6018313806685
322.5,0.027101696,1048.7379660510203
322.6,0.039136283,1397.9803416957343
322.7,0.00021524221,6261.579076347113
322.8,0.007267844,6987.096819333434
322.9,0.019743588,1537.337206050323
323.0,8.846946e-05,7862.079613502436
323.1,0.004375303,4624.470754507545
323.2,0.023894776,2215.691719187737
323.3,0.0015112675,2857.2151455720837
323.4,1.0373447e-05,9835.046630353096
323.5,1.0208452e-05,10004.077211394037
323.6,1.0093452e-05,9993.609564795568
323.7,1.0612946e-05,9887.832070824414
323.8,1.3049425e-05,9904.125366038861
323.9,0.0022650415,8646.357748411487
324.0,0.0066904332,8747.372783455407
324.1,0.020821821,1332.0935966994484
324.2,0.014284223,2512.0362011552297
324.3,0.027797138,1290.2669955850506
324.4,0.029626029,2107.112077398728
324.5,0.007886603,1583.1966783581042
324.6,0.013668348,4021.376278476766
324.7,0.00024441993,8717.756524554068
324.8,0.015493474,1263.106782467695
324.9,4.1114494e-05,8272.917013543067
325.0,0.01815019,1710.6075000801166
325.1,0.02489534,1854.4344587032774
325.2,0.004460816,4007.1366364440205
325.3,0.00013220105,6050.439193263153
325.4,2.321797e-05,8290.16703469798
325.5,1.5587075e-05,9502.94610855633
325.6,1.6914602e-05,9204.172118157905
325.7,1.8133425e-05,9330.198294503
325.8,1.3673621e-05,9395.659121920655
325.9,1.3870448e-05,9574.507322734682
326.0,1.3345333e-05,9585.876708759964
326.1,0.00069197296,2774.4302858477045
326.2,0.016369155,2029.4634171410642
326.3,0.01333965,2046.1107485341463
326.4,0.0017130767,3346.2559186904787
326.5,4.6423735e-05,7854.993215926945
326.6,3.172074e-05,7034.378849426696
326.7,2.7263659e-05,7171.655266304752
326.8,2.515691e-05,7021.207870841167
326.9,1.8097631e-05,8832.623684523904
327.0,1.7607805e-05,8613.466300817854
327.1,1.3594636e-05,9577.163422885495
327.2,1.2444368e-05,9890.751495810142
327.3,0.0037702352,5497.181685870679
327.4,0.023625294,2320.0531305435616
327.5,0.025200946,930.785509469541
327.6,0.025638843,589.7823514976818
327.7,0.014967046,1956.3202798413245
327.8,0.0010007252,3467.3701702112494
327.9,2.360832e-05,8618.29273295351
328.0,0.016144058,1490.8037284349605
328.1,4.403278e-05,7987.830280451869
328.2,0.009398926,2980.402589782939
328.3,0.01104109,2449.1471698815276
328.4,0.013806798,1698.4629516101627
328.5,0.01610986,2305.590588188119
328.6,0.022626335,1604.0339291110931
328.7,0.014644835,963.4868130403428
328.8,0.014344663,2841.221670733713
328.9,0.002378256,3765.8635982580063
329.0,3.856759e-05,8625.886394752428
329.1,1.7968225e-05,8973.897300732002
329.2,1.8583552e-05,8992.307986988977
329.3,1.41943065e-05,9214.757036376091
329.4,1.5645792e-05,9536.136277112595
329.5,1.8901213e-05,8539.115916596405
329.6,2.3297509e-05,7292.789523927776
329.7,2.6249698e-05,6828.456994999163
329.8,2.0376809e-05,8307.862010461657
329.9,1.5369598e-05,8971.669609573903
330.0,1.37356865e-05,9791.248359513382
330.1,1.4872801e-05,9582.410753774144
330.2,0.0008095168,2436.340522553714
330.3,0.014840434,2340.666183818416
330.4,0.015958456,2740.0887408716007
330.5,0.0077938302,9185.64937737396
330.6,0.017753925,4599.2399306021
330.7,0.039014257,966.8747523908886
330.8,0.03819919,1369.7047363993677
330.9,0.03751306,1430.796337370496
331.0,0.025820442,2110.436645979953
331.1,0.022123717,983.491454690005
331.2,0.017114349,1708.6943926803835
331.3,0.003675984,4694.503607592655
331.4,0.0023813373,5559.887163669879
331.5,0.00050956896,4947.026388013448
331.6,0.006574768,2098.734157933072
331.7,0.008169785,2085.3039398093924
331.8,6.091857e-05,8235.30819431864
331.9,0.007928136,2887.738321558162
332.0,0.00060246483,3415.728737838743
332.1,2.8710163e-05,8145.420320019957
332.2,1.5171231e-05,9432.718313022946
332.3,1.6184495e-05,9265.4407589091
332.4,1.6773936e-05,9251.87803477284
332.5,1.38474925e-05,9559.655007382613
332.6,8.620228e-05,7823.828164288127
332.7,0.009144787,3327.1024829670787
332.8,0.013456551,3057.1510959837497
332.9,0.00077253056,8458.34294138654
333.0,0.021392666,2251.9689792407985
333.1,0.0077498257,5977.037348501668
333.2,0.018733893,2428.5122772922505
333.3,0.0015255713,2573.2332834774274
333.4,3.2267395e-05,7811.304736241377
333.5,1.8126846e-05,9109.461878855323
333.6,1.6091064e-05,9057.910820191366
333.7,1.4679939e-05,9359.070814651872
333.8,1.5375344e-05,9255.474070201422
333.9,1.5053728e-05,9311.639440624573
334.0,1.7345916e-05,9302.862910429634
334.1,1.4776239e-05,9670.225235000737
334.2,0.0004879759,4346.454144506582
334.3,0.044466008,1967.835423239108
334.4,0.0398361,1238.0047378206195
334.5,0.015061939,1593.321876219909
334.6,0.002980117,3769.0493831914105
334.7,0.00947576,1839.7592250252933
334.8,0.011008289,2161.851804107194
334.9,0.015691202,1007.795067903371
335.0,0.023255171,1156.7296469724138
335.1,0.037354786,1362.9108235736053
335.2,0.04321875,1006.1473661109369
335.3,0.040135186,1023.5467342132977
335.4,0.034653,1107.1072443001078
335.5,0.031001529,1087.129970309345
335.6,0.006676673,1168.5856385707652
335.7,2.647768e-05,8382.715951755576
335.8,1.7994204e-05,9477.742526307713
335.9,0.010164108,4531.451426409858
336.0,0.030553201,1814.1176476780147
336.1,0.0010828151,2700.614093925771
336.2,3.799777e-05,7753.739867315823
336.3,4.4509074e-05,6369.6683917219525
336.4,2.0923138e-05,8291.027347847616
336.5,1.4771815e-05,9115.786116962947
336.6,1.537578e-05,9510.193767099052
336.7,0.027124844,2009.6642684292353
336.8,0.031923972,715.130523075973
336.9,0.015127033,1042.3064875193074
337.0,0.0042091543,7618.013530930091
337.1,0.0145206265,1625.125881858538
337.2,0.014524484,1209.3264385624723
337.3,0.004638703,2751.4897729069335
337.4,0.025099356,683.4240141439232
337.5,0.017913155,1873.0524121289748
337.6,0.019380176,1727.6672334033426
337.7,0.022221755,1209.8290565209782
337.8,0.022775382,1142.6063386027101
337.9,0.009090601,2956.731488143918
338.0,0.011360048,3463.413859389766
338.1,0.0003574756,4183.473425374288
338.2,3.8143626e-05,6807.879941070456
338.3,1.802363e-05,8786.162216342791
338.4,1.44437645e-05,9042.03841164381
338.5,1.0405547e-05,10239.245238386899
338.6,1.0583492e-05,10198.21557005643
338.7,1.0619004e-05,9977.470170221706
338.8,0.0015756207,9055.083544529225
338.9,0.0038513646,7123.943275286091
339.0,0.019321978,2013.6243167869577
339.1,0.019510077,2157.1016937513873
339.2,0.020119669,1975.9402863816888
339.3,0.0027941486,5188.283923346604
339.4,9.57601e-05,9256.888611097205
339.5,0.015520236,1789.4428906592836
339.6,0.009707456,2224.1210678501416
339.7,0.013968009,1593.92680577895
339.8,0.0080206515,3481.148034406145
339.9,0.020751752,2380.0601724062744
340.0,0.02450554,2190.6829974211514
340.1,0.014731424,2317.606930450428
340.2,0.0003886721,5949.138224586768
340.3,0.01609941,2981.1653169073447
340.4,0.005022403,3163.5062946233843
340.5,0.004883223,2983.042580846526
340.6,0.00013308211,6322.009578578766
340.7,4.0904368e-05,6523.5769379780395
340.8,5.286487e-05,5686.622016105345
340.9,4.78446e-05,5535.828241224839
341.0,2.9994653e-05,7275.046258929003
341.1,1.7344848e-05,8618.237630900641
341.2,1.3107811e-05,9745.342815857812
341.3,1.3749998e-05,9258.434370734714
341.4,0.0018161605,4627.675449926175
341.5,0.006744607,1322.671613719257
341.6,0.019397438,1824.9366633074242
341.7,0.026936373,1123.082106979074
341.8,0.029206757,843.2075708428594
341.9,0.026538549,1640.4523146514919
342.0,0.02676363,947.9821169752174
342.1,0.020506866,2538.9544200993478
342.2,0.0059534414,10708.260338196727
342.3,0.018626237,1374.7846091589267
342.4,0.010465081,2983.9350307188897
342.5,0.008920498,11003.163911646905
342.6,0.013026168,2700.905751152788
342.7,0.010436464,1658.2189337873356
342.8,0.024559576,1792.5861290916957
342.9,0.0014599835,3284.6113416077624
343.0,0.0050133863,5400.130060606238
343.1,0.03167266,1580.7139634424022
343.2,0.021658387,1380.3621257862605
343.3,0.027071575,2312.9074569928125
343.4,0.037244573,869.8671640007639
343.5,0.036484677,1152.7055593040327
343.6,0.025730103,1789.5428285412913
343.7,0.0136324745,1915.0388037846478
343.8,0.016250426,993.980493057201
343.9,0.026385188,1757.4485630267263
344.0,0.015696846,2238.7089341099263
344.1,0.0012099781,10972.2960037378
344.2,0.0075396774,2411.7252098288736
344.3,0.00010518655,7623.685605613446
344.4,0.005257026,4839.912507695448
344.5,0.0013189458,3009.914342383254
344.6,1.087562e-05,10468.407076727457
344.7,1.0862524e-05,10471.634643490144
344.8,1.048643e-05,10460.560817601045
344.9,1.042399e-05,10338.700888478192
345.0,1.1045058e-05,10347.19328867826
345.1,1.0776829e-05,10401.049635315134
345.2,1.0376599e-05,10158.721397058707
345.3,1.0348864e-05,10470.614338459853
345.4,1.0660093e-05,10032.176544526956
345.5,1.0548217e-05,10300.295533855904
345.6,1.074641e-05,10466.100905252093
345.7,0.0007847132,4045.223292269342
345.8,0.021223271,1496.5670540346157
345.9,0.022894017,1789.4249928725258
346.0,0.000119810684,8286.034844676251
346.1,0.018150186,2337.529052213298
346.2,0.02366725,1883.2531334097735
346.3,0.030013446,1001.205341462527
346.4,0.024208091,1720.8921936794218
346.5,0.0141380085,2457.878700815739
346.6,0.02416275,2517.4529886625214
346.7,0.0022207387,2756.6310221361737
346.8,3.970268e-05,8096.284928939381
346.9,1.07875085e-05,10256.762164335114
347.0,1.0932812e-05,10509.646232806752
347.1,1.0552937e-05,10390.430099561536
347.2,1.1247853e-05,10414.978830884625
347.3,1.0631537e-05,10343.845874035018
347.4,1.0913315e-05,10287.084760109217
347.5,1.0595516e-05,10090.314865190514
347.6,1.1038056e-05,10372.152680328652
347.7,0.03462267,1462.2228094603931
347.8,0.03283832,1708.80697326633
347.9,0.041932214,2152.992332845918
348.0,0.0015116226,3819.2095726263365
348.1,0.0038915083,5244.843160420669
348.2,0.01667173,1173.0801186961933
348.3,0.021563344,1360.8680380182675
348.4,0.017898295,1760.1073755205007
348.5,0.022035835,2256.178838408493
348.6,0.00048926426,3468.3489675068513
348.7,1.0306097e-05,9857.532953108293
348.8,1.0033665e-05,10348.765969286145
348.9,9.970231e-06,10179.881979016638
349.0,1.0134956e-05,9862.448308677709
349.1,1.0345559e-05,9893.131956656212
349.2,1.0262854e-05,9935.911049653521
349.3,1.04785895e-05,9898.54480849321
349.4,1.04598275e-05,9751.813762656648
349.5,1.0305975e-05,10175.443578947841
349.6,1.1040041e-05,9739.683460875833
349.7,1.02836e-05,10108.095103372038
349.8,1.0125576e-05,9866.35851956645
349.9,1.0684959e-05,10075.36384242468
350.0,5.8108435e-05,5530.001926308979
350.1,0.023114717,2594.600403918693
350.2,0.0037030133,4363.874518666715
350.3,0.0126183415,2613.943210283624
350.4,0.002686877,2996.077122959737
350.5,0.0020495327,7391.8224650495795
350.6,0.0051392545,8934.106237552332
350.7,0.018103486,1788.474049504707
350.8,0.020631952,1865.8676504983905
350.9,0.0039756685,9556.372181911785
351.0,0.023113603,1818.3751939178287
351.1,0.020851985,1301.1323714370462
351.2,0.013569964,1407.2878231482534
351.3,0.0026472188,3581.540711624001
351.4,0.020656686,2761.2876766197123
351.5,0.00923798,1625.0540748083104
351.6,0.015855696,2163.1020670615308
351.7,0.0001397703,8029.99276359594
351.8,0.023497684,1468.3217137742388
351.9,0.032211002,1263.5478558198074
352.0,0.00045187358,5557.182582052609
352.1,0.010376676,3441.0365030017806
352.2,0.017512497,2089.9846857091234
352.3,0.009561367,10198.143282399285
352.4,0.0154972095,2164.037117376969
352.5,0.010876138,1540.1430591652277
352.6,0.017809717,2017.2793504128863
352.7,0.00024940315,5493.519235204003
352.8,0.00014681274,3810.686261871726
352.9,5.0476458e-05,5208.346110262112
353.0,3.162852e-05,7190.6476156109275
353.1,2.4984569e-05,7467.83329795405
353.2,2.099621e-05,8050.41800856579
353.3,1.5452368e-05,9372.98248672505
353.4,1.4517214e-05,9402.968863548924
353.5,1.3320823e-05,9475.00070509634
353.6,0.034206856,2379.3750535703575
353.7,0.04220149,712.5832509418257
353.8,0.03188946,1903.838976104879
353.9,0.009717347,10438.317858541359
354.0,0.0012648226,5811.864839875934
354.1,0.0035883142,4422.357412679046
354.2,0.0010516683,3240.812628950567
354.3,0.035888046,1884.2298581971131
354.4,0.0321435,1883.1068665338316
354.5,9.994479e-05,7370.650784783165
354.6,0.019454757,2703.7173327052105
354.7,0.019625813,2173.10067579311
354.8,0.0031871311,7181.277112053259
354.9,0.025114546,2007.132428816536
355.0,0.029379178,1930.325166273083
355.1,0.025822265,1302.9544801251377
355.2,0.0024794936,3705.7291915577075
355.3,0.0010977563,2660.770103080338
355.4,0.013682161,1515.496163848858
355.5,0.0126382075,1799.6757790260206
355.6,0.0025414813,5009.380526359775
355.7,0.00062312564,3586.1166958318413
355.8,0.01807044,2268.4680847572304
355.9,0.021372702,1541.415121604221
356.0,0.02724231,1540.6490535462635
356.1,0.020447975,1152.7816901247543
356.2,0.020735018,1818.4414261921356
356.3,0.004304683,4363.027625261051
356.4,6.0560218e-05,8892.586270007258
356.5,2.0360398e-05,8333.039320968539
356.6,1.4570511e-05,9280.957192843029
356.7,1.7213142e-05,8977.653417221429
356.8,1.5143355e-05,9275.560381173476
356.9,1.0326254e-05,9813.468082579078
357.0,9.977257e-06,10250.699178973438
357.1,1.0507542e-05,9985.032870017672
357.2,1.0158325e-05,10091.849812927077
357.3,1.328438e-05,9621.89774485726
357.4,0.003062458,6233.236156843841
357.5,0.05460845,1434.4438813432444
357.6,0.045931205,1298.875167242382
357.7,0.03559598,1795.0502383553628
357.8,4.4514265e-05,8504.341614705307
357.9,0.013646259,8675.94969730322
358.0,0.02008238,2691.753289986692
358.1,0.025647176,2500.2388717917042
358.2,0.024952352,2471.5928659060974
358.3,0.012742094,2436.0232228331715
358.4,0.0013969477,3258.074697855838
358.5,7.576282e-05,5684.701887058106
358.6,1.7855362e-05,8422.445065765562
358.7,1.0643964e-05,10243.810685567425
358.8,1.0636819e-05,10185.192407448276
358.9,1.0727815e-05,10369.202833473635
359.0,0.00072207773,7687.540304307252
359.1,0.020818023,8946.847061267017
359.2,0.016544709,2249.480016325132
359.3,0.025654748,2286.165502947228
359.4,0.016179426,2179.4393776915176
359.5,0.012280704,2455.510304521561
359.6,0.0028778918,9051.283134464316
359.7,0.0048606414,3632.363076359602
359.8,0.0029747447,3096.5739716912612
359.9,4.922856e-05,7101.572253871632
360.0,1.02937975e-05,10150.722474676244
360.1,1.0206022e-05,9925.194321351772
360.2,1.0398353e-05,9712.604978528394
360.3,1.0073303e-05,10390.130453363721
360.4,1.0436094e-05,10110.259912092872
360.5,1.0452613e-05,9826.220213928536
360.6,1.0348664e-05,9741.73612330724
360.7,1.0310535e-05,9925.756442538259
360.8,1.0204964e-05,10114.831858129277
360.9,1.0118385e-05,9915.665696191518
361.0,0.030150844,1237.417819158421
361.1,0.00095065817,2459.517992446174
361.2,0.037559513,1535.1019186598096
361.3,0.035303768,1808.0214957058506
361.4,0.0034601397,4803.5681671083485
361.5,0.019414082,2509.7783854457803
361.6,0.028096199,2199.951791309516
361.7,0.024889134,2642.8991261146252
361.8,0.022957293,2014.185571888641
361.9,0.022357682,1410.6933421367476
362.0,0.027468678,1251.4258317007702
362.1,0.011485571,8583.918992240639
362.2,0.014317541,4054.296247647677
362.3,0.026129173,1485.541030480938
362.4,0.036301367,1743.058453952773
362.5,0.025905367,1721.6697044104562
362.6,0.02334024,1687.4403880645682
362.7,0.02065429,5803.590003477931
362.8,0.006899642,8643.670405009545
362.9,0.024709359,1678.672893593189
363.0,0.0016184506,9459.861942271378
363.1,0.039229084,1838.9446143854605
363.2,0.03758689,710.9660965095725
363.3,0.023329673,2027.4771447224462
363.4,0.026792536,939.0635812591331
363.5,0.0011738796,8299.217208569096
363.6,0.013436886,3188.8974353448134
363.7,0.012462156,3536.974203749808
363.8,0.015323873,2918.7400134385116
363.9,0.016258592,2118.3316197965933
364.0,0.0035710102,1609.754078740208
364.1,1.0191391e-05,10128.529046354502
364.2,1.0058501e-05,9892.149334376256
364.3,1.0383451e-05,10032.578864353298
364.4,1.0296968e-05,10079.664672089839
364.5,1.0271962e-05,10088.723913518696
364.6,1.0442812e-05,9820.20068624623
364.7,9.984145e-06,10083.10798661182
364.8,1.0086089e-05,10020.256900917135
364.9,1.05517665e-05,9967.935807945278
365.0,1.0127784e-05,9981.910179759452
365.1,0.000112163674,4506.392186903167
365.2,0.007676238,10023.038094605896
365.3,0.017317282,2421.245503277348
365.4,0.008148091,8475.75958996358
365.5,0.0019030131,6977.752645428782
365.6,0.02572202,2523.7264342057524
365.7,0.0007729705,3326.0882398424646
365.8,1.0456338e-05,9862.066643884378
365.9,4.886105e-05,7480.296025099053
366.0,0.0067228614,9746.904940534856
366.1,0.02509449,1933.352854036884
366.2,0.02590836,1793.7730874301824
366.3,0.017551892,2103.0236414559295
366.4,0.008357803,1279.2782018048028
366.5,0.004217075,4004.556215407251
366.6,0.016025461,2594.4676573553884
366.7,0.0072840503,8108.618593439709
366.8,0.015237415,1637.5659182367008
366.9,0.013031082,2687.7572639643386
367.0,0.00041996245,3370.1688191007515
367.1,0.000117149706,4013.0427107105115
367.2,3.6040707e-05,6563.945504481123
367.3,3.0492878e-05,6714.762760570665
367.4,1.13042015e-05,10209.214772542127
367.5,1.4411297e-05,9889.372179055354
367.6,0.00577864,2613.9168697330897
367.7,0.014088872,9975.73663384032
367.8,0.020001195,2435.0610448451494
367.9,4.8879796e-05,9024.399888068772
368.0,0.012742938,3188.7723574877546
368.1,0.0030227024,4443.938147519276
368.2,0.004036634,4917.814114533793
368.3,0.012185374,3313.6526300260075
368.4,0.019660797,2060.4305838412015
368.5,0.0100023765,1417.2170132076135
368.6,0.02499996,2624.279823924965
368.7,0.0026722522,3330.605138692551
368.8,3.5137604e-05,8814.79228094751
368.9,1.7315666e-05,8719.26687493737
369.0,1.0296018e-05,9916.311114600163
369.1,1.0213334e-05,10131.025656499725
369.2,1.0357149e-05,10144.615480154242
369.3,1.0341814e-05,10098.093972181072
369.4,1.0515539e-05,9865.67975856455
369.5,1.0368055e-05,9930.016604802979
369.6,1.0160637e-05,10079.117601413409
369.7,1.0291327e-05,9918.139302432352
369.8,1.0480224e-05,9817.595513333694
369.9,1.035493e-05,10143.130882259597
370.0,1.4014382e-05,9993.09151907068
370.1,0.021472529,3174.475976269005
370.2,0.02154574,2180.8331285935187
370.3,0.029043779,1977.926540504337
370.4,0.009081182,2242.1241601081088
370.5,0.0011161829,5582.457039464891
370.6,1.0914895e-05,10410.449225881954
370.7,0.014545183,3566.25223324428
370.8,0.050704263,1667.1151290357832
370.9,0.017634239,1513.956926167059
371.0,0.0049230116,1155.7141533708875
371.1,0.00060271437,1727.968578761498
371.2,2.107298e-05,8242.7175778786
371.3,1.3540438e-05,9452.638664710059
371.4,1.2582567e-05,9456.8402238223
371.5,1.0008201e-05,10097.59417470696
371.6,1.0373946e-05,9955.062678337928
371.7,1.0189698e-05,9977.288282037876
371.8,0.00027849825,2353.509588268381
371.9,0.0039035685,2180.028381663014
372.0,0.124814,888.7343483614145
372.1,0.15036237,1307.3036126876523
372.2,0.08977675,1021.5802629350185
372.3,0.09550702,1461.8317536521415
372.4,0.098631255,1421.1930099334722
372.5,0.061094176,1506.8429203953742
372.6,0.0016276127,2373.1145845096103
372.7,0.021688705,1472.8566623845518
372.8,0.051961552,1041.340190898132
372.9,0.01810738,2908.988252674105
373.0,0.039105035,1863.184297054804
373.1,0.013440547,9710.051232895563
373.2,0.066442974,1776.0568721934114
373.3,0.06874968,2228.613047973754
373.4,0.06727002,1947.2937976494122
373.5,0.12556666,979.7670657156892
373.6,0.084065735,849.1230893446216
373.7,0.052770793,2239.6133938749526
373.8,0.025109831,3146.3651271885283
373.9,0.003425433,2381.461816112337
374.0,5.4904085e-05,7385.187181449665
374.1,1.635086e-05,8871.924759509764
374.2,1.243864e-05,9670.417107848152
374.3,1.0423637e-05,10354.310963715943
374.4,0.00019362819,3565.981499413797
374.5,0.006664605,2507.225851204243
374.6,0.029931905,3405.717482508827
374.7,0.02494938,2669.2648041037223
374.8,0.05677905,1010.6895278357138
374.9,0.071881235,1527.1815117975057
375.0,0.016066814,2092.397579438648
375.1,0.038075387,1315.0120386905382
375.2,0.05344136,1509.2049791240734
375.3,0.0053804326,2583.4091751790884
375.4,0.0014673434,2154.43778632075
375.5,0.01592029,2110.209856973485
375.6,0.017199391,1553.7619208448805
375.7,0.0006363048,1647.1881005929595
375.8,0.00017021512,3092.651417709086
375.9,3.9295064e-05,6853.524419933241
376.0,2.71405e-05,8854.086096715313
376.1,0.050110497,536.9358072647881
376.2,0.15469614,1317.1651818902142
376.3,0.14751561,621.7001073824224
376.4,0.06583333,1427.145210017848
376.5,0.0003876967,2888.009557635225
376.6,0.0032997574,4688.7165863550335
376.7,0.071454205,1211.9091597941238
376.8,0.056414388,773.4108605243147
376.9,0.06265429,1079.9590759426592
377.0,0.07905025,850.0067727751406
377.1,0.09092078,871.3858609558438
377.2,0.055435088,1069.9434995742577
377.3,0.011882329,1290.501479239735
377.4,0.017282497,3301.9100864099464
377.5,0.00039208427,6168.529567255595
377.6,0.051899493,980.0278751375455
377.7,0.06405834,1072.5956144762054
377.8,0.061076425,1295.1168987778817
377.9,0.12370366,732.5499105162373
378.0,0.07513378,878.0980803128605
378.1,0.07600519,1309.7721346629598
378.2,0.06267608,1080.2790382386213
378.3,0.00022549271,5817.911829595685
378.4,1.952977e-05,8393.742387953062
378.5,1.0524469e-05,10518.806812002065
378.6,1.1018224e-05,10022.556134230286
378.7,1.2063137e-05,9845.625507326675
378.8,1.2114146e-05,10007.120241268334
378.9,0.008485683,10049.700055713784
379.0,0.016422192,6206.261639112192
379.1,0.039185327,2341.0632207112208
379.2,0.015131747,1130.230118545745
379.3,0.0071099517,5915.089591607114
379.4,0.023395337,3306.396938266783
379.5,0.009429387,8625.446743471268
379.6,0.0067558875,4265.58728759728
379.7,0.016450258,2608.4402311487593
379.8,0.012446641,4384.347361202797
379.9,0.013411456,4573.96943931746
380.0,0.011971225,3793.507057164409
380.1,0.009324564,4145.826991213833
380.2,0.011877979,8513.818000747675
380.3,0.017103944,7092.179608520843
380.4,0.012325607,7684.371062614464
380.5,0.048641484,1270.6960779116775
380.6,0.0408971,966.2133016629905
380.7,0.04016687,2235.8325290932753
380.8,0.035729207,1005.4592296920383
380.9,0.032198202,1950.1868923209313
381.0,0.023187947,1710.2794228913401
381.1,0.018215116,2913.8307281427806
381.2,0.00032923731,5404.226190442594
381.3,0.020058893,2328.146117072614
381.4,0.029047705,2091.066659864835
381.5,0.0281741,2241.833364325754
381.6,0.010920583,2104.14689678738
381.7,0.01639276,2362.2301972764935
381.8,0.010018609,2592.2232903890326
381.9,0.00049306266,3027.056703364886
382.0,2.1180718e-05,8473.124826010224
382.1,1.3923323e-05,9220.239859094723
382.2,1.3644347e-05,9228.962677187954
382.3,1.2984216e-05,9483.684486110418
382.4,1.2487093e-05,9565.559031696517
382.5,1.263054e-05,9798.862417702483
382.6,1.5197056e-05,9263.546181254169
382.7,0.005721239,2367.1369775185044
382.8,0.021947354,1928.8732566866024
382.9,0.013188687,2569.6861475094247
383.0,0.028222132,1350.1314365518347
383.1,0.05452321,1313.296885676815
383.2,0.010493853,1313.492996477113
383.3,0.032493897,1890.1398844037349
383.4,0.03884672,1902.2546398383734
383.5,0.00677027,4123.6786111769225
383.6,0.039080627,2284.019505521897
383.7,0.069271855,1378.7136212669743
383.8,0.015515404,1392.197264240315
383.9,0.035845887,2031.9639409354133
384.0,0.017120782,2506.3717659150425
384.1,0.001035097,2524.9654307578644
384.2,2.6574498e-05,8142.75048682612
384.3,1.0285293e-05,10130.261579536156
384.4,1.0331361e-05,9964.472478773348
384.5,1.0111027e-05,10224.268326288886
384.6,2.0887608e-05,9507.099845696077
384.7,0.012829239,9914.914995696916
384.8,0.029671613,2720.67274521746
384.9,0.018507298,2556.5370638459417
385.0,0.0004935636,4503.4163219119255
385.1,2.1738488e-05,9125.035433003166
385.2,0.00033803098,2814.7935814035063
385.3,0.00044630512,2934.071415086788
385.4,0.00010658631,4016.9926714632657
385.5,3.0722535e-05,6681.455485594671
385.6,1.343454e-05,9367.407853201586
385.7,1.2201912e-05,9909.23089689895
385.8,0.016713787,2872.4891084629335
385.9,0.019668996,2633.368814288923
386.0,0.0035703154,1720.6244150851662
386.1,0.013047897,2889.8753038230548
386.2,0.007983085,2646.655557976738
386.3,0.0002328376,6723.9237183198675
386.4,0.01072504,2559.074992782127
386.5,5.455028e-05,8169.058601653959
386.6,0.0029554213,6351.690649016411
386.7,0.0032522131,1566.7998413890136
386.8,0.009135337,2261.184071558839
386.9,0.013063571,2867.8022280703203
387.0,0.019377988,731.7676409048526
387.1,0.0038948397,1380.2114145440105
387.2,0.006739666,2900.627927803211
387.3,0.013623441,1223.5005175918361
387.4,0.0038628145,1667.628782412387
387.5,0.0040564905,785.7298037183702
387.6,0.0012807817,3148.147977259833
387.7,0.0039123604,1089.1946331413974
387.8,0.008433646,1247.9321501790946
387.9,0.012339954,1289.9360343090289
388.0,0.0120161865,1696.763134886543
388.1,0.0032553219,2191.3810125853647
388.2,0.00015125792,4009.6120632971915
388.3,1.8168514e-05,8065.699092756764
388.4,1.1731272e-05,9630.234149368303
388.5,1.1387242e-05,9675.180625570025
388.6,1.021463e-05,10238.824367534584
388.7,1.0167237e-05,10128.41584382102
388.8,0.00063158345,6908.950708798573
388.9,0.013874898,1805.337078700003
389.0,0.016953392,955.8737334403231
389.1,0.013575056,1707.5206072359688
389.2,0.0001174217,7781.540562875003
389.3,0.00662912,3875.0880360206997
389.4,0.008960378,2231.3001820758764
389.5,0.00031821194,6530.678532994636
389.6,0.0015736554,7619.504357238609
389.7,0.0033830416,2812.78410089856
389.8,0.0004222692,4245.752044890417
389.9,0.0015750137,3643.0822854481366
390.0,0.0058154846,2223.11173768746
390.1,0.009893562,2286.5586388212982
390.2,3.424717e-05,7784.456649556116
390.3,0.0016855523,3999.3245453358295
390.4,0.00983909,2157.3881272303693
390.5,0.000599531,3236.0016180079147
390.6,1.1398799e-05,10295.003157565021
390.7,1.0592076e-05,10111.534907576875
390.8,1.0490229e-05,10128.893134704747
390.9,1.0386675e-05,9932.109233025734
391.0,1.0911258e-05,10244.453757922845
391.1,1.0519988e-05,10138.903273682889
391.2,1.0501988e-05,10067.078325256352
391.3,1.0947835e-05,10440.091617362592
391.4,1.0562225e-05,10235.620743216425
391.5,1.0694622e-05,10161.478969945929
391.6,1.0736466e-05,9897.13527718459
391.7,1.2688003e-05,9618.746256626104
391.8,0.004403109,10747.676520781723
391.9,0.009224161,2370.0580322629567
392.0,0.010925178,2423.516151464498
392.1,0.0079345275,1320.9952678038462
392.2,3.0262858e-05,8128.016567697798
392.3,1.550339e-05,9218.336092556876
392.4,0.008688861,1648.5253805342595
392.5,0.006223311,1752.5991947231162
392.6,0.004925065,1839.0339502229062
392.7,0.0005455064,3089.4695313998295
392.8,0.0005379318,3318.604790317483
392.9,0.00021415278,3244.592435014486
393.0,6.0647293e-05,4474.847356259725
393.1,1.8602828e-05,7881.660343666231
393.2,1.2331882e-05,9426.008141191403
393.3,1.2183373e-05,9757.814459474426
393.4,0.0051040007,2457.306218650851
393.5,0.001153329,7600.631094811015
393.6,0.0066419696,1763.004949843365
393.7,0.007301627,2355.3829469155194
393.8,0.0034518903,1622.9661858615862
393.9,0.0039453222,2303.7157259218225
394.0,0.00495743,2594.1835407078306
394.1,0.0040676775,2622.370290188308
394.2,0.011548786,1247.5854671440893
394.3,0.0069964337,1871.3462928250415
394.4,0.0013881344,3817.420014150273
394.5,2.3115928e-05,7952.748796096128
394.6,1.3195349e-05,9169.012422202219
394.7,1.177593e-05,9658.203839259833
394.8,1.1613392e-05,9868.033064066502
394.9,1.1527466e-05,9886.417212854643
395.0,1.2506443e-05,9738.389224707626
395.1,1.2114413e-05,9785.510632962341
395.2,1.2239534e-05,9876.095397783274
395.3,0.0029577413,10074.116610312942
395.4,0.017533608,2208.135920111118
395.5,0.005646155,8316.354860695794
395.6,0.001170134,7684.902543574975
395.7,0.014125662,2633.4487407776833
395.8,0.0047733774,9687.955051203118
395.9,0.006247966,3489.3548526469312
396.0,0.021224817,1642.1493756352802
396.1,0.018478246,1567.0979991359748
396.2,0.001622751,3967.864741697714
396.3,0.0116794715,3882.9138805428465
396.4,0.011136575,3004.5077022711407
396.5,0.0063673123,4185.339481890447
396.6,0.0015135829,4894.55128063962
396.7,0.010401081,1588.7468727126875
396.8,0.015412825,1812.032253953867
396.9,0.007699373,1754.071988176652
397.0,0.0068089324,2023.4566066450982
397.1,0.00021207871,4899.521510267932
397.2,0.00012423302,3941.4892606175126
397.3,5.016281e-05,4973.557987428067
397.4,2.9186343e-05,6409.6752129032275
397.5,2.0879028e-05,7351.633622007518
397.6,1.4239066e-05,9002.974416454199
397.7,1.3106481e-05,9922.400382602289
397.8,0.0047485824,10892.412006157738
397.9,0.015167544,1672.9556064785277
398.0,0.015537116,1206.3950172023217
398.1,0.0016716423,1886.6678088736885
398.2,0.00819272,2466.563691990724
398.3,0.010891899,1131.3376417685536
398.4,0.002081094,1558.6548440288843
398.5,0.002465956,8338.881827330068
398.6,0.010396893,2197.062867057644
398.7,0.003855651,4910.496004806157
398.8,0.0031244117,9656.555225244045
398.9,0.010816778,1715.967878020539
399.0,0.0036393944,1513.595377546086
399.1,0.00036111474,2981.1896780543075
399.2,2.3413233e-05,8460.558007332565
399.3,0.007245386,2749.8302936731075
399.4,0.016297147,1567.9798181760707
399.5,0.0041996525,10010.523978764772
399.6,0.0071406905,1664.0974748355193
399.7,0.0104396,1109.6045141522352
399.8,0.005243568,11023.262787977286
399.9,0.011314939,3116.2594864333037
400.0,0.0011548199,5958.564220498587
400.1,0.0051462958,2053.4734728412186
400.2,0.0006673372,5515.169938793247
400.3,0.0025373166,4488.8721798219685
400.4,0.006509964,3010.000401741185
400.5,0.001624512,4294.358374430542
400.6,0.0006156772,3681.409559084729
400.7,0.004226279,2943.4816517519594
400.8,0.007277571,2345.7055116971464
400.9,0.0008784218,3197.977399904146
401.0,3.1372558e-05,7870.239885057337
401.1,1.6107118e-05,8917.011673081452
401.2,1.4476191e-05,9284.676949639366
401.3,1.2526331e-05,9777.64679752884
401.4,1.3274812e-05,9470.65348486669
401.5,1.35186e-05,9754.319363771014
401.6,1.4523487e-05,9507.465898562155
401.7,1.026864e-05,9937.257290248897
401.8,1.0134991e-05,10047.168366883714
401.9,1.5192911e-05,9226.212067727867
402.0,1.38793675e-05,9523.690577145737
402.1,1.4224896e-05,9133.914495614428
402.2,1.3154605e-05,9514.437842645246
402.3,1.29865075e-05,9862.23037432776
402.4,1.4125562e-05,9895.974338523534
402.5,0.011027705,1102.4133704454741
402.6,0.011036916,2168.3181152212783
402.7,0.00011365894,5946.184186696925
402.8,1.8984723e-05,8754.529801389897
402.9,1.3939651e-05,9478.541683057374
403.0,1.4137594e-05,9522.309110051096
403.1,1.641881e-05,8753.77796709102
403.2,1.7445278e-05,8229.129382135532
403.3,1.2258641e-05,9609.059251920648
403.4,1.2193542e-05,9919.583449204521
403.5,0.012921013,2702.2632091327323
403.6,0.024590539,823.9933211610171
403.7,0.018350802,2318.017680393824
403.8,0.009253086,3280.9706824645014
403.9,0.015455847,866.9364662205238
404.0,0.0069328803,1813.0184024009648
404.1,0.008992879,1595.247572181796
404.2,0.011927541,3387.6424108583697
404.3,0.0006795926,4661.152392578052
404.4,0.0115914885,848.2913274252237
404.5,0.01166423,1102.3725132537577
404.6,0.007029078,1981.9216632022803
404.7,0.010887386,1054.8377810886038
404.8,0.0023156207,3039.345855424506
404.9,0.009881195,1020.5309071565966
405.0,0.011784576,1982.1522340495728
405.1,0.013835161,1725.3201080624904
405.2,0.0033458117,3376.674127485502
405.3,0.0035174426,2508.764416834883
405.4,0.007093434,2830.9159238967763
405.5,0.0033646727,9370.588507584207
405.6,0.00783677,2851.705788983235
405.7,0.009580667,2129.4389454096727
405.8,0.0062003694,10130.55212150496
405.9,0.008568437,2414.8806887540377
406.0,0.008927603,1616.109353074738
406.1,0.005380072,7241.912612724471
406.2,0.0070695486,2915.520802198297
406.3,0.0011366054,4912.458891989285
406.4,0.00025437205,6364.674724259887
406.5,0.01130406,2954.7203405724676
406.6,0.008700071,1953.646740708323
406.7,5.3000596e-05,7087.587825603876
406.8,1.8850471e-05,8857.00658193953
406.9,1.5423726e-05,9149.840431513334
407.0,1.3951866e-05,9491.757268513946
407.1,1.377412e-05,9507.439064108345
407.2,1.3559875e-05,9328.133809770963
407.3,1.7592009e-05,8494.288473101922
407.4,1.669941e-05,8901.067751592385
407.5,1.3110525e-05,9481.627503608983
407.6,1.2578533e-05,9602.224299263338
407.7,1.2738763e-05,9980.106785994443
407.8,0.0017403341,1600.239143920486
407.9,0.026104381,1155.940841683941
408.0,0.022328703,1206.6364694811061
408.1,0.00618537,3930.285452572881
408.2,0.018684912,1389.3155750921871
408.3,0.014321658,895.3832734414792
408.4,0.004095561,1389.0521051294995
408.5,0.0063687735,2631.168535984519
408.6,0.010280534,1996.5480971019363
408.7,0.003622939,8548.550719911309
408.8,0.003100773,5298.583580542545
408.9,0.00051592704,9333.442825104694
409.0,0.013250034,2313.0641637045946
409.1,0.011776959,1315.4424571132836
409.2,0.006103867,3023.7568709925295
409.3,0.0032011194,8914.748523331818
409.4,0.005613617,2643.171198013902
409.5,0.007879297,2081.674463486861
409.6,0.00040371015,4188.228882884706
409.7,3.263519e-05,7727.526095795554
409.8,1.4497917e-05,9568.445997314611
409.9,1.4741913e-05,9046.46616063234
410.0,1.29896025e-05,9310.598015012874
410.1,1.2788728e-05,10154.264126719827
410.2,1.2777434e-05,9876.874673295633
410.3,1.3405562e-05,9386.672437152629
410.4,1.4084856e-05,9273.888790811005
410.5,1.5759535e-05,8692.647068822696
410.6,1.5662403e-05,8717.753565724324
410.7,1.577154e-05,8710.033344346553
410.8,1.6184438e-05,8817.858047204636
410.9,1.2227674e-05,10115.669826237796
411.0,1.3083301e-05,9645.882062753957
411.1,1.3654807e-05,9690.787721172881
411.2,0.018362742,1151.4733354733398
411.3,0.019308725,1162.3651656982204
411.4,0.01932254,1611.8945364250442
411.5,0.0074094543,1124.0210086277002
411.6,3.499687e-05,8258.842975127507
411.7,0.013805157,2056.831890767322
411.8,0.015768288,1285.43001758853
411.9,0.013266507,2245.8913759034203
412.0,0.0010592147,4835.489749705147
412.1,0.006389845,2070.6531933768388
412.2,0.0089117,2683.11189157468
412.3,0.011578253,1852.5149442450797
412.4,0.011062692,2526.0827291295
412.5,0.00016743143,7529.286822875887
412.6,0.008390691,2226.782428336364
412.7,0.0019751312,2691.529885229824
412.8,0.00017243979,3851.427693152431
412.9,4.1742915e-05,6058.480628274729
413.0,1.5753187e-05,8969.498640984792
413.1,1.3178256e-05,9684.461121757075
413.2,0.0007993035,4321.860445995546
413.3,0.0011192758,2228.345100420182
413.4,0.00837527,2012.029900967284
413.5,0.016387107,810.0235924105457
413.6,0.016605325,1435.431145113825
413.7,0.0093200365,922.876400792922
413.8,0.006348212,2077.2576126640392
413.9,0.0036662407,10041.004974013476
414.0,0.008530291,2684.1822486295787
414.1,0.002668894,3367.597931424317
414.2,0.003938482,3631.00486445599
414.3,0.0035026371,10080.849585245804
414.4,3.7250345e-05,10105.250904610306
414.5,1.0829296e-05,10451.491340078559
414.6,1.05067475e-05,10491.591018099916
414.7,1.1038112e-05,10174.034080082545
414.8,1.01064625e-05,10329.77982563698
414.9,1.0212099e-05,10115.096367768878
415.0,1.0448396e-05,10422.624488035124
415.1,1.0450052e-05,10277.186797147084
415.2,1.0588961e-05,10070.338060558925
415.3,1.0404997e-05,10296.430402274775
415.4,0.006084426,711.6541949963384
415.5,0.010145775,2112.4348238375433
415.6,4.2172218e-05,8692.56632372391
415.7,1.038293e-05,10197.314163289519
415.8,0.00084349624,4128.627066195256
415.9,0.0022016785,2151.5987702141274
416.0,0.0011573479,2198.2085793428646
416.1,0.015280136,1937.6912232434042
416.2,4.7593825e-05,7741.129769343264
416.3,1.860961e-05,8937.224846728855
416.4,0.0050464333,1850.489561418412
416.5,2.337839e-05,8409.555647492834
416.6,1.6931594e-05,8541.21682313386
416.7,6.1020357e-05,4667.642666640897
416.8,2.0838428e-05,8180.792230880678
416.9,1.51139e-05,9121.264853869177
417.0,1.3755098e-05,9382.727955313294
417.1,1.2996202e-05,9656.982025516107
417.2,0.00049301254,6236.628257671563
417.3,0.007695827,6317.414336596227
417.4,0.001426017,9563.113262600491
417.5,0.015674667,1840.2390597375052
417.6,0.016459234,1030.8466728814478
417.7,0.005918535,1052.155784481155
417.8,0.011645186,1330.3346819712506
417.9,0.006519803,4331.918425673801
418.0,0.011421817,1716.890668839253
418.1,0.014045687,885.3280558320647
418.2,0.0055524395,7861.343002832505
418.3,0.0029122457,7498.973192796708
418.4,0.0032729052,3739.772201352049
418.5,0.0049913116,10427.090921477475
418.6,0.008819079,2404.9984209915724
418.7,0.010895883,2387.6164758344485
418.8,0.005642058,1755.1778172654604
418.9,0.007805299,2362.3736400555754
419.0,0.0011524246,3800.2398245553877
419.1,2.9259116e-05,8143.793901325254
419.2,1.601536e-05,9475.335770819183
419.3,1.5580674e-05,9290.798211474661
419.4,1.30583485e-05,9589.239744882354
419.5,1.317954e-05,9712.505704698493
419.6,1.2527952e-05,9804.347404482885
419.7,1.3674792e-05,10029.480497264472
419.8,1.3366651e-05,9696.248926455559
419.9,1.6182357e-05,8784.106769004755
420.0,1.8496383e-05,9714.872528507
420.1,1.3195059e-05,9506.904559533057
420.2,1.3383601e-05,10138.629455496266
420.3,1.4718938e-05,9859.361778495499
420.4,0.001676945,9082.55658806321
420.5,0.0023723573,7189.033607274692
420.6,0.0114772115,2225.0120831163704
420.7,0.014999561,1825.0086130455938
420.8,0.015760314,1852.2763417362205
420.9,0.014989124,1508.4765874205505
421.0,0.010873558,1449.6804586662447
421.1,0.0120699555,2131.693147532679
421.2,0.012550521,2540.836093276753
421.3,0.009781132,1819.2143574445383
421.4,0.0015022758,4423.603929405186
421.5,0.0015560564,2989.755212087745
421.6,0.004561518,3466.7833306437806
421.7,0.0010656987,5271.526902222183
421.8,0.0035148407,2804.9244725409612
421.9,9.329511e-05,6429.626745175086
422.0,2.1182184e-05,8396.776605146988
422.1,1.663614e-05,8894.771865648665
422.2,1.3490069e-05,9432.487603609941
422.3,1.4805642e-05,9242.878618748517
422.4,1.3372923e-05,9688.55181201166
422.5,1.2597273e-05,9844.735455735557
422.6,1.669655e-05,9583.47326185088
422.7,0.028180141,2987.077351694831
422.8,0.013207263,1906.471365201629
422.9,0.022921229,3065.8651025470813
423.0,0.032393515,2546.837230640168
423.1,0.024824895,3424.778606733832
423.2,0.015122437,3782.910965110419
423.3,0.015679784,3804.1425887690684
423.4,0.0034795795,3556.6622341006723
423.5,0.00014400843,7465.762401286187
423.6,2.2189799e-05,8616.843460775488
423.7,1.7928896e-05,8737.45395853309
423.8,1.781058e-05,8821.356703992988
423.9,1.2843308e-05,9480.098458884579
424.0,1.527386e-05,9573.99357637136
424.1,0.0050602504,6865.106425554244
424.2,0.025646066,4257.122624270822
424.3,0.031153075,1917.32990916322
424.4,0.016395787,2389.0305294754226
424.5,0.0052441247,5208.505959474589
424.6,0.004770999,8379.76310776648
424.7,0.011965893,8382.729017552683
424.8,0.014034791,2806.3435079760347
424.9,0.016789777,2393.8147749385344
425.0,0.008428667,2901.393412077948
425.1,0.005654054,2700.1957856730173
425.2,0.0015541096,3149.680301538903
425.3,0.0002972183,3763.1769785788188
425.4,5.218437e-05,6086.302134934218
425.5,1.7214275e-05,8997.855774984775
425.6,1.6410582e-05,9120.06747312622
425.7,1.4707671e-05,9872.99263042261
425.8,0.004069999,7079.413788278175
425.9,0.07065029,1760.339082848962
426.0,0.05336458,1891.1772522089695
426.1,0.023210572,2160.948258955468
426.2,0.001167543,3157.2762679616517
426.3,0.013671992,8080.555184110533
426.4,0.020293428,3758.0988227516236
426.5,0.021961048,2844.735154541761
426.6,0.012527427,3227.2286109239035
426.7,0.0073736184,3305.200214975726
426.8,0.0010365383,4344.726649236399
426.9,0.0005531522,3590.3800527234434
427.0,0.0002467769,3226.185221357552
427.1,2.2333368e-05,8141.0347542694935
427.2,1.5020765e-05,9439.110594761138
427.3,1.2600017e-05,9867.344617476912
427.4,1.3575477e-05,9664.234992167752
427.5,0.0023163138,5424.158865564014
427.6,0.013996058,3879.8017128355305
427.7,0.007281965,2165.6736523526924
427.8,0.0107991565,2859.7635940627415
427.9,0.0019641395,8536.273094984148
428.0,0.00075595564,6799.9832963967
428.1,0.020596234,7867.664437351878
428.2,0.018898493,3933.8290285590833
428.3,0.009648905,3954.059945565065
428.4,0.0045185396,3897.561102014191
428.5,0.0012084523,4345.850560988423
428.6,0.0005927598,3945.045594756521
428.7,0.00023892726,3548.914256903642
428.8,8.693557e-05,5279.858178991098
428.9,1.8466622e-05,8711.550922065175
429.0,1.3614689e-05,9499.870361486071
429.1,1.1112112e-05,9951.283324080803
429.2,1.632366e-05,9763.423028762734
429.3,0.0020668693,8248.861892215975
429.4,0.00899041,8944.857734674732
429.5,0.02027834,3215.317170699943
429.6,0.0108799515,3409.2002511519677
429.7,0.014502166,2240.7805315188198
429.8,0.014655068,2048.8716373905927
429.9,0.0062641962,10393.982996324165
430.0,0.0053017177,9374.607366041406
430.1,0.006792864,3627.133732229341
430.2,8.102195e-05,8339.823774181781
430.3,2.8634666e-05,8627.898790002633
430.4,1.9937614e-05,9479.738905503928
430.5,1.7858152e-05,9598.388509545417
430.6,1.5893556e-05,9422.892270490604
430.7,1.4731406e-05,9983.006149808174
430.8,1.4669179e-05,9714.873701262139
430.9,0.00039464398,6519.223079643138
431.0,0.007477012,9378.322531684022
431.1,0.008698027,7017.895248340106
431.2,0.024402749,2383.7657869733353
431.3,0.016610714,2551.673060463921
431.4,0.011546842,2171.647524297664
431.5,0.0039234837,6906.77576196473
431.6,0.008713524,10442.902170457766
431.7,0.008307582,3536.58675016069
431.8,0.00067456666,3787.647715256926
431.9,4.433971e-05,7849.4314323490735
432.0,2.0785505e-05,9416.0036303029
432.1,1.8257906e-05,9385.301085845942
432.2,1.5724043e-05,9478.66456110615
432.3,1.622479e-05,9491.458482326223
432.4,1.41503915e-05,9777.979577810485
432.5,1.4336106e-05,9705.215836448278
432.6,1.5191189e-05,9770.967353506043
432.7,0.0029263624,8297.727338003762
432.8,0.011448984,9402.810283348494
432.9,0.010180519,5740.44352058736
433.0,0.022294955,2699.990410897609
433.1,0.009004634,2727.7270918837876
433.2,0.006274163,2809.112784007408
433.3,0.0035462189,8138.485417160147
433.4,0.010954787,10864.301933942352
433.5,0.0052330513,3843.816680509908
433.6,0.0006103934,3576.07874839086
433.7,3.4746095e-05,8043.248773221088
433.8,1.497786e-05,9443.686275240836
433.9,1.0192133e-05,10044.810034260405
434.0,1.0261814e-05,9966.531494936527
434.1,1.2370842e-05,9722.314344908285
434.2,1.2385605e-05,9892.372482953662
434.3,0.010154842,8960.458508992859
434.4,0.014539216,9612.42384438683
434.5,0.025503317,2603.9611114014315
434.6,0.019991577,2726.7807065470543
434.7,0.00096241914,2656.302389981027
434.8,2.8978426e-05,8389.366592743132
434.9,2.528596e-05,8289.39877493483
435.0,1.6655596e-05,8988.69686160464
435.1,1.8359184e-05,8703.181867353236
435.2,1.620451e-05,9265.800960325818
435.3,1.2326098e-05,9948.227021866462
435.4,0.022223854,2517.872291510992
435.5,0.0010136694,3378.7656722635256
435.6,0.013409842,2653.5114388890147
435.7,0.02095256,1989.8923330597445
435.8,0.025085866,1654.7119050124747
435.9,0.03108762,1813.6286964138717
436.0,0.032216504,1663.909205598756
436.1,0.010003242,9000.312903311442
436.2,0.0015618256,5080.763565561543
436.3,0.016834784,2322.558788917875
436.4,0.004629572,8370.384041019714
436.5,0.019414274,2113.853561205156
436.6,0.0058934893,7936.055847165832
436.7,0.02861962,1237.1999134932253
436.8,0.025649605,2423.340292430712
436.9,0.0004528293,5553.226202182236
437.0,0.0044223997,6834.551839020722
437.1,0.007336556,8088.449468577341
437.2,0.008453415,9651.308810555249
437.3,0.032432687,1805.5225948894818
437.4,0.029163675,1924.4778296131512
437.5,0.00058248395,5122.817355755039
437.6,0.002647114,6753.242223687954
437.7,0.03186666,821.4037303844696
437.8,0.028363023,1583.3707925648064
437.9,0.0018842445,5903.121962554541
438.0,0.025730876,2249.552985066416
438.1,0.029453358,2049.4128807138472
438.2,0.030630369,1823.767186557207
438.3,0.022445304,2356.1222667960174
438.4,0.006513871,4328.91019495265
438.5,0.008482693,3048.152336380543
438.6,0.00010210254,5224.172323604669
438.7,2.5165808e-05,8079.398187151076
438.8,1.5472406e-05,9201.746556933354
438.9,1.3955516e-05,9397.307343645876
439.0,1.527006e-05,9462.426773596722
439.1,0.019343143,3474.657840049299
439.2,0.025186306,2612.448641593878
439.3,0.017263677,2560.4966945110455
439.4,0.0009300234,6955.30333394558
439.5,0.012423677,3530.8098870527883
439.6,0.010530292,7651.413645097972
439.7,7.2860545e-05,9615.818090315342
439.8,0.018192375,3396.6418036372006
439.9,0.0042890864,5955.879747535739
440.0,0.0018165536,8575.068052971961
440.1,0.00986172,4019.0431493521237
440.2,4.6658395e-05,11051.804380055917
440.3,1.2532319e-05,10877.209301207915
440.4,1.10643705e-05,10555.554325015863
440.5,1.1015078e-05,10636.382363051356
440.6,1.0906669e-05,10452.953485433201
440.7,1.2633331e-05,9920.969983441648
440.8,0.0046015684,6629.992824427784
440.9,0.033690542,911.6033276849641
441.0,0.025879147,1917.0195663291934
441.1,0.02537735,1764.3908302032187
441.2,0.016364053,2766.3329034890535
441.3,0.0062739123,9172.82086245903
441.4,0.030852262,2114.556773610127
441.5,0.019225698,1122.5456611065936
441.6,0.0025061776,6941.174885536381
441.7,0.020565774,3465.1483216941765
441.8,0.0075197853,7961.355239780637
441.9,0.00010877034,10678.263543179852
442.0,0.018053371,3419.846058271969
442.1,0.012881156,3132.3601519577646
442.2,0.016803803,3364.300254789551
442.3,0.011879576,4480.430083910439
442.4,0.004217379,4018.9872564265684
442.5,0.00029291734,3253.5654390403306
442.6,3.9725597e-05,7153.443734776461
442.7,1.0974121e-05,10306.804545826897
442.8,1.0508797e-05,10153.289169021893
442.9,1.0488564e-05,10350.856378710405
443.0,1.0564837e-05,10432.491127051948
443.1,1.0710365e-05,10263.91227376465
443.2,1.06528e-05,10387.901113230851
443.3,1.0853455e-05,10346.008107190668
443.4,1.0701682e-05,10244.329372793272
443.5,1.33993235e-05,10004.0667143705
443.6,0.018400233,2322.614694535553
443.7,0.019269459,2605.365105599706
443.8,0.014813274,3010.5003710392666
443.9,0.014750391,3036.4202404438684
444.0,0.0020846843,3353.605542105631
444.1,2.5007213e-05,8407.066304698994
444.2,0.009443739,2746.8554823054656
444.3,0.013718923,2563.1541330674454
444.4,0.013669956,2038.0427259725445
444.5,0.007123819,8578.556847068328
444.6,0.004454436,8777.109406211275
444.7,0.016985053,2109.3647180944845
444.8,0.021605533,1894.3839641281406
444.9,0.022455918,1462.2778433744165
445.0,0.0034094423,3753.727834973378
445.1,0.0044516497,2863.3548802813175
445.2,0.0019785552,5777.136888038702
445.3,0.010607559,3725.369654871599
445.4,0.00039662817,3828.3487984431504
445.5,2.7232492e-05,8398.414826205855
445.6,1.4176037e-05,9510.396183962894
445.7,1.9437204e-05,8625.923599073725
445.8,0.013772294,8801.076700685519
445.9,0.006476557,5168.645717754582
446.0,0.013988475,2696.778637522236
446.1,0.010195067,1804.0776863054573
446.2,0.006932999,2762.8537696091926
446.3,0.007479353,9693.358193776668
446.4,0.0078076166,3289.863306748383
446.5,5.0495742e-05,8223.798288918257
446.6,1.7443548e-05,9613.345749398537
446.7,1.5242361e-05,9761.869053446555
446.8,1.34814445e-05,9525.03985187834
446.9,1.3316437e-05,9666.184706121747
447.0,1.3179327e-05,9503.989569395539
447.1,1.371509e-05,9557.125560564782
447.2,1.2377849e-05,9906.00688490311
447.3,1.3181669e-05,9534.14169960505
447.4,0.002203917,6080.018719741961
447.5,0.012838785,2635.452560094769
447.6,7.510848e-05,7870.426487596049
447.7,2.2977712e-05,9378.040287366137
447.8,0.014206083,1285.7506579508897
447.9,0.022145404,1561.441890421624
448.0,0.022185892,1592.3823306691293
448.1,0.01492495,1884.6391528793233
448.2,0.010994821,1072.2397987973989
448.3,0.013755471,3193.3277538035045
448.4,0.00043870247,6068.494374714177
448.5,3.9500952e-05,6988.027498302064
448.6,1.6600601e-05,9116.557558876097
448.7,1.4980046e-05,9477.449233978177
448.8,1.3891271e-05,9328.956760287741
448.9,1.2797756e-05,9750.804202272262
449.0,1.5786021e-05,8875.701597324189
449.1,0.008012061,9246.261532806231
449.2,0.0053258245,2851.9793627680674
449.3,0.0074680955,2190.4976307228108
449.4,0.007526225,2125.804290694958
449.5,0.0018435558,2189.859419919505
449.6,2.5483778e-05,7778.818110632757
449.7,1.0507198e-05,10211.377680583199
449.8,1.0560817e-05,10473.025004539752
449.9,1.0761811e-05,10305.170062906089
450.0,1.0675431e-05,10311.148275787087
450.1,1.094945e-05,10228.140385621402
450.2,1.0743488e-05,10350.656886252389
450.3,0.006397467,10704.748882474043
450.4,0.020124603,2535.919588931002
450.5,0.0216564,2200.2398597296137
450.6,7.170343e-05,8635.280005029595
450.7,0.017242575,2788.128607371672
450.8,0.018449446,2271.5281836613963
450.9,0.013902951,2558.8723693992843
451.0,0.004933603,1784.681958839286
451.1,0.017658439,2984.9607185853747
451.2,0.004881682,7732.997870642843
451.3,0.012955654,1648.4069669971882
451.4,0.015289305,2305.2263471159818
451.5,0.02067656,2298.4556567351046
451.6,0.021711512,1927.112866744347
451.7,0.00015910769,7149.357019535923
451.8,0.0019765322,3616.7462570216594
451.9,0.009048098,3483.802090502264
452.0,0.0010066038,3335.146158013904
452.1,0.011866371,2464.2601619013485
452.2,0.005582676,2948.62863227017
452.3,0.0020884352,2999.1438166664816
452.4,0.00015156038,3675.19939108381
452.5,7.981455e-05,4702.619612912791
452.6,3.4515062e-05,6612.634190359665
452.7,1.687453e-05,8574.834049471416
452.8,0.00014447754,7498.121792491993
452.9,0.014220445,9044.521988569495
453.0,0.026437245,2584.2384534431885
453.1,0.02116465,3030.162395669243
453.2,0.025281372,1243.7253353170381
453.3,0.007700174,3117.439067678147
453.4,0.008720917,10013.21542734592
453.5,0.021232836,2088.3001606720554
453.6,0.024898151,1628.4450948012332
453.7,0.0008214444,2664.3927005208648
453.8,0.01079161,3087.8665267164306
453.9,0.029694319,1525.0343130488786
454.0,0.0065506203,3456.7900472231927
454.1,0.0043143863,4408.9291366689
454.2,0.025450895,2349.2256250334385
454.3,0.030201396,2327.8761089320465
454.4,0.022997394,2478.787149270647
454.5,0.024946403,1926.8335981611299
454.6,0.016414823,2300.9545961321473
454.7,0.0034035163,6129.577435828332
454.8,0.00030798218,9300.875380084415
454.9,0.01880645,2501.243181807618
455.0,0.0148284305,2435.6186048901623
455.1,0.0030669377,3770.814447039026
455.2,0.00022140957,5294.148001961044
455.3,2.1397436e-05,8346.273817926514
455.4,1.6804177e-05,9009.252873031808
455.5,1.8647177e-05,9024.984801834684
455.6,1.4782513e-05,9157.593978299423
455.7,1.3967257e-05,9185.682192391738
455.8,1.2465346e-05,9792.70110610695
455.9,1.3997373e-05,9894.295744066158
456.0,1.2763767e-05,9645.481160759326
456.1,0.001200895,7415.890862950462
456.2,0.011726098,9236.926223905119
456.3,0.016374348,2469.4759744344
456.4,0.011146695,7979.093023145091
456.5,5.6470566e-05,9994.927286998141
456.6,0.023424314,3381.850253562742
456.7,0.003313032,3345.4567694217812
456.8,0.00026653515,3224.9859589629164
456.9,0.000238917,2891.5019217761883
457.0,8.7645014e-05,4376.579075178093
457.1,4.5863817e-05,4630.18497655333
457.2,0.015113977,6774.238969607892
457.3,0.0103352405,884.0589047362087
457.4,0.026689567,2509.211537796779
457.5,0.027697558,1041.3880042589221
457.6,0.022291875,2345.080836655835
457.7,0.00010646486,6938.391811673775
457.8,0.011371495,4938.1821589127885
457.9,0.033733595,1778.137281426362
458.0,0.0014371754,2169.818904296572
458.1,0.011712883,7575.135409146706
458.2,0.022098538,3080.90960408383
458.3,0.00032747517,6517.489980130837
458.4,0.02304233,2912.0077556941897
458.5,0.018370586,1347.8966940299304
458.6,0.018630337,2556.875090718484
458.7,3.5617817e-05,8162.901431409438
458.8,0.016178666,3549.8316374014885
458.9,0.010855007,3379.879081463529
459.0,0.0028563682,3532.8187416187357
459.1,7.9779915e-05,9091.23174528339
459.2,0.019017695,2655.885196156839
459.3,0.012228604,1407.6756497871474
459.4,0.008746321,3367.281691682581
459.5,8.9853e-05,8135.348066013023
459.6,0.028397013,1796.2852205766167
459.7,0.029576747,1675.4285846643002
459.8,0.009029326,2585.991621500705
459.9,0.014667974,1967.2554493209195
460.0,0.025670955,2980.5711958446227
460.1,0.013927123,3604.763039677443
460.2,0.00029759938,6271.5687738482575
460.3,0.004513367,3632.2536421114455
460.4,0.0023787275,3354.524539033747
460.5,9.876435e-05,4803.699994725832
460.6,5.29496e-05,5862.574309019703
460.7,2.8806415e-05,7614.902482127971
460.8,1.2898835e-05,9684.07709092932
460.9,1.20804925e-05,9759.964680987092
461.0,0.015038029,3693.100492157553
461.1,0.019204626,2757.9566068177264
461.2,0.023249777,2578.2783437297967
461.3,0.011014937,3315.588589562803
461.4,0.01261325,2245.5952684609106
461.5,0.01184517,2956.184685704983
461.6,0.011268996,9993.182422795086
461.7,0.004135636,3632.3056328800844
461.8,4.6177363e-05,8764.115717274366
461.9,2.313868e-05,8179.198735697288
462.0,1.953123e-05,8229.019160589105
462.1,1.271011e-05,9978.186023722841
462.2,1.2745802e-05,9528.883387895505
462.3,0.0020454398,8933.05285045832
462.4,0.034653336,1935.343495376645
462.5,0.01000389,1822.353047800952
462.6,0.0057551255,1436.986793506618
462.7,0.01991473,2502.1168035984174
462.8,0.019884853,2651.291461970986
462.9,0.00016140824,6681.533157448858
463.0,0.020771975,2878.01917946542
463.1,0.023902962,1873.9358070089359
463.2,0.012027037,2712.0703485954236
463.3,0.0011489226,12001.285945759904
463.4,0.013453695,3674.7517113952144
463.5,0.00056090497,5354.181532485829
463.6,0.0026017437,6790.357382437749
463.7,0.0036638835,3407.180782857613
463.8,3.5578552e-05,8139.21140655225
463.9,1.0687438e-05,10192.940958076866
464.0,1.0641652e-05,10546.443945196332
464.1,1.0602916e-05,10132.321894585362
464.2,1.8184117e-05,8945.74347669182
464.3,0.0015103932,8409.843511756339
464.4,0.011030401,9074.890751342364
464.5,0.032618828,2621.8274135331253
464.6,0.034330726,2327.520284247946
464.7,0.004511843,1984.4940510799488
464.8,0.0020901337,7060.142800112644
464.9,0.036203116,986.784800414232
465.0,0.032691058,2291.358069386257
465.1,0.0001352951,7198.776339684858
465.2,0.008014739,8424.901150110796
465.3,0.027282529,2380.71348905776
465.4,0.016774775,2763.731292382091
465.5,0.01767377,3016.908156877817
465.6,0.012117827,3038.90348710931
465.7,0.002242303,3388.789212674148
465.8,9.188573e-05,5413.623257065719
465.9,1.6672304e-05,8873.171680298357
466.0,1.3877907e-05,9229.686029174734
466.1,1.2957241e-05,9680.237815964509
466.2,1.3261104e-05,9719.84039202931
466.3,1.2508175e-05,9864.877772369664
466.4,0.0055764937,5046.8320669684435
466.5,0.0075897216,3193.1979574555216
466.6,0.0016246483,6066.88046706698
466.7,3.267823e-05,8729.339504148656
466.8,0.014433436,2924.425929552305
466.9,0.009110106,2578.3890647205235
467.0,0.006478213,1852.2127940797213
467.1,0.010712786,2335.91109217264
467.2,0.0009960214,2402.9983975629902
467.3,4.3245713e-05,6083.477321224951
467.4,1.5776188e-05,8854.421661476612
467.5,0.00019027398,13065.588419062457
467.6,0.011946261,4147.778338798459
467.7,0.020997334,3169.970511529941
467.8,0.013517265,9261.17479228401
467.9,0.009657269,7275.976089557193
468.0,0.0043713953,4309.948396579942
468.1,0.003544959,2741.7328676062125
468.2,0.009784448,3867.3533060693553
468.3,0.0028953138,4034.716412919064
468.4,0.00012668975,5755.013684694433
468.5,1.9372688e-05,8539.864325948396
468.6,1.0839064e-05,10294.796469658137
468.7,1.3567038e-05,9929.462558675943
468.8,0.008680426,3223.148465197662
468.9,0.02550579,2681.3658544777645
469.0,0.0014363434,2691.3275860058975
469.1,0.02173394,1974.9730105859403
469.2,0.02908386,1878.2572382549117
469.3,0.03994136,776.2305807332857
469.4,0.026633166,1420.0145040852287
469.5,0.027636562,1085.4168991624813
469.6,0.032745235,640.6756154458159
469.7,0.024933185,1977.509159158935
469.8,0.020712309,2153.4668450745835
469.9,0.018777695,1962.8894696913835
470.0,0.018907724,2938.573783400116
470.1,0.012771411,2421.2495145476396
470.2,0.0056540617,8905.229815991248
470.3,0.0040735374,5731.194979138877
470.4,0.018341996,2291.156237539403
470.5,0.004666115,9659.525417526602
470.6,0.0050517838,4632.189363608127
470.7,0.00060310785,8636.043311313433
470.8,0.0064908112,2980.156299983041
470.9,0.00012046473,6657.259494961457
471.0,2.809432e-05,8336.955224875848
471.1,1.8341014e-05,9457.7054695286
471.2,1.5822074e-05,9466.786420644252
471.3,0.017642742,1577.763531352824
471.4,5.8253023e-05,7927.8027947292985
471.5,0.025060665,2055.1446405671636
471.6,0.025471084,2400.334371768685
471.7,0.0038245132,4671.522797295369
471.8,0.010900646,2362.4058088655665
471.9,0.013502134,8287.280569046685
472.0,0.010178696,6598.771015246577
472.1,0.002219004,6562.532872626343
472.2,0.0025022302,6545.298773936542
472.3,0.0053299186,7114.465406692779
472.4,0.008128913,9628.740505380136
472.5,0.010724051,2678.6183510585033
472.6,0.01176716,2819.914234625674
472.7,5.839759e-05,8346.632644992806
472.8,0.0027195609,4501.065502633849
472.9,0.0030671966,3021.6925236699717
473.0,6.868241e-05,5510.219321176519
473.1,1.8530003e-05,8702.063979015336
473.2,1.7402266e-05,9533.447435067483
473.3,1.2931936e-05,9756.288096622266
473.4,0.019583685,2851.6462551319073
473.5,0.043276325,1226.234111903094
473.6,0.0061614737,1503.3326792492348
473.7,0.0033000305,4648.786903678722
473.8,0.028686536,1812.1347829550737
473.9,0.01900437,1068.9917463846955
474.0,0.01956417,1725.492426492693
474.1,0.010083397,1693.05085845365
474.2,0.0021321606,3980.5692827254834
474.3,3.9255778e-05,8212.535572807323
474.4,0.0025623522,5143.514576227128
474.5,0.0007117704,3333.882867929181
474.6,2.921762e-05,7813.191617391362
474.7,1.6592936e-05,9659.739881607276
474.8,1.6854934e-05,9418.344770547472
474.9,1.3805074e-05,9749.651564064461
475.0,1.5557442e-05,9847.756094809516
475.1,0.00011555179,7284.228773956767
475.2,0.035103336,1320.487514249277
475.3,0.001126198,3789.717955184173
475.4,0.014977422,7581.4323457634755
475.5,0.08040143,666.0807107351719
475.6,0.07121593,1189.5696632467138
475.7,0.0550757,1279.690433715765
475.8,0.044597764,1282.6111271793068
475.9,0.010925439,7905.379843892535
476.0,0.009018994,5030.647864355871
476.1,0.019772943,1724.858332297609
476.2,0.007693948,1718.1976531689918
476.3,0.0030791967,1461.6444883484255
476.4,0.0014029816,1470.219193754464
476.5,5.495476e-05,6666.295276896473
476.6,0.00010156251,4509.740258254353
476.7,2.2943865e-05,8395.283873062544
476.8,2.2956398e-05,8002.517474671384
476.9,1.8663397e-05,8926.150044995778
477.0,1.4032023e-05,9311.55612081048
477.1,1.3492215e-05,9344.211706864467
477.2,0.010772744,1858.7403850261376
477.3,0.024548348,1141.7364719473865
477.4,0.0097619835,2960.541525062091
477.5,0.035276115,1386.9033488479893
477.6,0.01993284,1759.2271842509867
477.7,0.035761584,868.8441953340407
477.8,0.05935349,1031.4060787495237
477.9,0.014722499,1518.931172895615
478.0,0.004386734,5867.639815439501
478.1,0.0083758375,4037.6934338252786
478.2,0.019927043,2039.8315234524907
478.3,0.006838178,5600.947893102537
478.4,0.023819048,1782.01486182667
478.5,0.0071728015,4915.579000877812
478.6,0.0064282073,4870.918217622097
478.7,0.013123364,2530.095107483051
478.8,0.007951275,8005.231169631178
478.9,0.0037788805,2948.796924122323
479.0,0.010545472,1955.6836519338776
479.1,0.0002781545,4776.686219738189
479.2,0.0010581152,8782.077397613191
479.3,0.02308438,1761.5559304820079
479.4,0.021378616,2031.8199799055812
479.5,0.0061309435,3385.9810994307736
479.6,0.015100583,1900.0218003079988
479.7,0.014913294,2781.2106892462134
479.8,0.0005707398,5993.91432455402
479.9,0.011136021,1580.069275099216
480.0,0.0038152146,1362.9291660264678
480.1,0.0034686557,1451.5044988266945
480.2,8.12177e-05,4961.866206035058
480.3,0.011518545,10235.153285884866
480.4,0.005682621,4422.555414731394
480.5,0.006186085,3169.26256796652
480.6,0.008102631,9676.430769816776
480.7,0.013296674,2022.2273319252472
480.8,0.009515519,10889.368333777507
480.9,0.020974403,2256.4740132973106
481.0,0.0065112007,2488.852382693215
481.1,0.0013173929,2180.611027031828
481.2,5.3286636e-05,7371.734189308765
481.3,1.7630082e-05,9146.040179997612
481.4,1.0914932e-05,10100.469276185042
481.5,1.0825344e-05,10557.351238610821
481.6,1.0577787e-05,9995.175508592716
481.7,1.0263163e-05,10146.464598245695
481.8,1.0615473e-05,10007.515656201538
481.9,1.0573081e-05,10095.929420632803
482.0,0.0010657139,2567.0138855235186
482.1,0.015856458,3484.620519555683
482.2,0.021780524,2539.1238245028685
482.3,0.01918679,9616.916739908247
482.4,0.019530239,1802.5802909365682
482.5,0.033443976,1436.043009430726
482.6,0.00032942908,6706.733646633875
482.7,0.02560705,1680.8252434479355
482.8,0.03316518,2105.696813910858
482.9,0.032073487,1270.310312136353
483.0,0.011085487,1622.381673211043
483.1,0.006127434,2734.6071240194015
483.2,0.0029776634,1208.8187177722573
483.3,0.021910604,1286.3635045660324
483.4,0.028599808,1601.9259687521978
483.5,0.0027899009,3147.247262644304
483.6,0.018919546,1154.4350722310987
483.7,0.006009484,902.2239577044049
483.8,0.015055701,1805.5470265158406
483.9,0.004320314,10466.620887927256
484.0,0.027469682,1942.9117845405112
484.1,0.030240282,1788.2327773027243
484.2,0.0027053442,6926.875096267502
484.3,0.019651793,3279.7185953592298
484.4,0.011973471,3021.912005711066
484.5,0.016278641,2913.4930979849496
484.6,0.028950488,2572.103186776139
484.7,0.024758691,2052.2657453352676
484.8,0.010295429,2253.3277734629046
484.9,0.018054618,2404.594065792494
485.0,0.00053520995,3939.4983928457696
485.1,0.00015555896,3683.2341341651036
485.2,0.00014882082,3210.828946887271
485.3,4.1638803e-05,6193.877477921702
485.4,1.5465455e-05,8817.687486657862
485.5,1.5372176e-05,9230.639316986784
485.6,0.0066447067,10544.186768045183
485.7,0.015389292,4751.1699038566385
485.8,0.038300496,2427.5712644499986
485.9,0.037718326,2349.757485051525
486.0,0.027127473,4157.559244889626
486.1,0.0008536748,6040.770274795502
486.2,0.005889123,6454.643783152288
486.3,0.020372147,3469.6011369048433
486.4,0.0045469333,4669.954222129561
486.5,0.03807573,2634.5660306635273
486.6,0.028988006,1354.1015471066441
486.7,0.035070192,1964.7371569596626
486.8,0.025095586,2175.2305297448875
486.9,0.020151552,9592.510835842671
487.0,0.020980746,3264.2957808379288
487.1,0.010750993,8492.331272312846
487.2,0.012022334,3586.052878240853
487.3,0.008685238,4669.448955954054
487.4,0.00010768194,8787.051059853948
487.5,0.009608548,3837.55637133514
487.6,0.0025566064,3108.0105220452033
487.7,3.65282e-05,6583.870917851873
487.8,1.7475995e-05,9325.862494469999
487.9,1.3843918e-05,9452.953293111139
488.0,1.3429145e-05,9890.336757223078
488.1,1.2953544e-05,9901.019390280904
488.2,1.3028524e-05,10027.391521733352
488.3,1.3384152e-05,9652.487700845399
488.4,0.009255936,10200.046587616902
488.5,0.030649908,3494.5564443330504
488.6,0.027817337,2026.9337054378047
488.7,0.022969479,3000.9481652158765
488.8,0.02604538,2249.800173629376
488.9,0.02498843,1103.9262630024293
489.0,0.018439438,2793.1319871518513
489.1,0.0049064895,1996.773026289115
489.2,0.010929943,1981.2439938821854
489.3,0.00011050729,7658.833290678201
489.4,0.016586376,1970.4062085597202
489.5,0.019068688,2342.4372684624827
489.6,0.024653515,852.0674767030148
489.7,0.022809606,1815.7744352163047
489.8,0.021773305,1354.7379670427272
489.9,0.0067729433,5447.059039450788
490.0,0.0016128374,8835.965082834227
490.1,0.012151757,3223.588189898769
490.2,0.009936062,2304.3476792179363
490.3,0.0006276743,7678.485039289559
490.4,0.01812156,1932.7737773982567
490.5,4.986179e-05,9864.098833516187
490.6,0.0024781693,6779.8985950346805
490.7,0.021933492,1633.8187395618415
490.8,0.0083017,4019.8723601521788
490.9,3.720478e-05,9540.320202912179
491.0,0.02668089,2224.239682041726
491.1,0.027979478,1907.5723893104162
491.2,0.022298308,1622.9965429541962
491.3,0.0092237275,9215.928160729376
491.4,0.01234675,2747.9271805643884
491.5,0.016277486,2158.16162568008
491.6,0.0026794092,3746.1100441210037
491.7,0.00018119534,4388.113474772249
491.8,2.2999524e-05,8144.90681266976
491.9,1.4025298e-05,9427.491161509883
492.0,1.2905438e-05,9919.857239341556
492.1,1.3438265e-05,9484.403199287794
492.2,0.011554122,3295.946547475036
492.3,0.001969153,4177.958906750086
492.4,0.026911218,3328.9155616311805
492.5,0.013731317,9525.269343363114
492.6,0.018966587,5444.014146964605
492.7,0.03470661,2017.7246622658467
492.8,0.027961921,1867.4191445700214
492.9,0.0052459096,3675.8330068433515
493.0,0.02464277,2693.3827544977435
493.1,0.03015144,3884.419270995981
493.2,0.0016502668,5820.36052854397
493.3,0.011051194,2770.9073689454453
493.4,7.969304e-05,8224.640240283796
493.5,1.0647551e-05,10085.969367600102
493.6,1.03964685e-05,10306.915706012116
493.7,1.049199e-05,9926.534181802679
493.8,1.0167231e-05,10080.292612312714
493.9,1.0356521e-05,10052.278762063746
494.0,1.2993339e-05,9766.994938464264
494.1,0.024261959,2274.3795323210134
494.2,0.007863437,6137.548489256789
494.3,0.015344529,1100.0194447352433
494.4,0.031715885,2007.6466868511543
494.5,0.0024421676,5443.662614424376
494.6,0.0028980307,4269.532517980948
494.7,7.177972e-05,8463.271990882844
494.8,2.352221e-05,8726.333506554161
494.9,1.5037353e-05,9121.980391440218
495.0,1.2816347e-05,10080.197182321004
495.1,1.2648348e-05,9893.254410719333
495.2,1.22532665e-05,10162.126092586182
495.3,1.2653824e-05,9624.321062472403
495.4,0.013636641,4105.801196189634
495.5,0.00698494,3387.866522210435
495.6,0.018317576,3440.64707953715
495.7,0.019554235,1679.5342421956216
495.8,0.019960223,2042.5507985738336
495.9,0.0012597552,6942.825151038166
496.0,0.011950864,2119.442712158372
496.1,0.009323078,4345.1676215297775
496.2,0.013654106,1639.021716625208
496.3,0.018806402,3815.9667576414768
496.4,0.013125416,2701.1341269800105
496.5,0.00014579046,6065.304474087949
496.6,2.197879e-05,8666.751087974915
496.7,1.5122634e-05,9322.853397217012
496.8,1.4463421e-05,9186.975644933842
496.9,1.34017655e-05,9818.398720776511
497.0,1.2421278e-05,9783.558322326835
497.1,0.008304868,5394.909280119196
497.2,0.022311226,1920.5513248484533
497.3,0.022906275,2009.9523196487094
497.4,0.002347625,7875.126702196989
497.5,0.002010199,6180.8390879180315
497.6,0.031899925,764.4217544775681
497.7,0.03143607,1390.729636071844
497.8,0.00066296436,3816.4185437975502
497.9,0.007143229,6563.782968711936
498.0,0.02563466,1732.2506306754963
498.1,0.0007797863,3177.4393109182947
498.2,0.022616632,2441.2837283796543
498.3,0.018034222,1222.4184267376681
498.4,0.00575506,2582.4179040351996
498.5,0.00027637795,2975.981489577301
498.6,0.003750047,3104.862893591413
498.7,0.010434788,2015.4712262703163
498.8,0.0037638128,5573.139756785413
498.9,0.0031029712,5826.273455078597
499.0,0.01318299,10567.789168679989
499.1,0.0075806137,8844.99445153601
499.2,0.008558552,4708.726240201215
499.3,0.015945146,2132.2121242779576
499.4,3.384862e-05,8761.212095129824
499.5,1.057624e-05,10036.151561826555
499.6,1.0638548e-05,10193.925946923671
499.7,1.0766347e-05,10074.177052819145
499.8,1.0270566e-05,10075.530687399969
499.9,1.0394721e-05,9833.817218218128
500.0,1.0397336e-05,9894.728456211904
500.1,1.0424103e-05,9920.457501633024
500.2,1.029049e-05,10246.569303789658
500.3,1.0619929e-05,10240.780984537832
500.4,1.0130807e-05,10086.949417135846
500.5,1.02476615e-05,10084.088290655158
500.6,1.0262797e-05,10107.041387912945
500.7,0.00067334075,4802.0034869837145
500.8,0.012735568,1228.7727833780248
500.9,0.021735966,1234.0331801024277
501.0,0.030258577,1373.5694705306437
501.1,0.021848172,1209.8464461086508
501.2,0.012569991,1990.2349291231149
501.3,0.008453122,2424.5897411962133
501.4,0.00578993,2709.909040475807
501.5,0.025294317,1605.4275643653798
501.6,0.03564037,2768.3686927385843
501.7,0.015597843,2840.8693579253195
501.8,0.006729476,2500.931432669917
501.9,7.903625e-05,6647.4358337545
502.0,2.8220918e-05,7920.709816625017
502.1,6.4239975e-05,5501.396604664
502.2,3.5927827e-05,7164.701867886213
502.3,1.4552876e-05,9216.049330297874
502.4,1.2788719e-05,9752.27648960855
502.5,1.3043485e-05,9663.589439581905
502.6,0.023566114,2486.407820702608
502.7,0.0006523788,5680.382208894902
502.8,0.0062893857,6884.062261013775
502.9,0.018147761,3795.4105190284786
503.0,5.1995914e-05,8801.777698576774
503.1,0.005781044,5477.161622029285
503.2,0.0101946695,8699.800145935358
503.3,0.003611433,6609.809413716472
503.4,0.002981681,5796.197089741927
503.5,0.00847936,3319.2092853434083
503.6,0.01622366,2682.5455517012683
503.7,0.0004531407,4160.24733848659
503.8,1.0417922e-05,10062.876430182612
503.9,1.0135724e-05,9489.541700282345
504.0,9.998881e-06,9976.740416785757
504.1,1.0169406e-05,10020.256102509611
504.2,1.031e-05,9959.052104060309
504.3,1.3836127e-05,9698.139626559643
504.4,0.015577621,3302.2735278244563
504.5,0.037787665,771.6926560459433
504.6,0.032473266,1314.18700691106
504.7,0.0006777292,4543.626281378811
504.8,0.009749932,9291.940868793637
504.9,0.018932238,2625.5065562482564
505.0,0.018631315,2230.854751273668
505.1,0.019793272,2266.3965657931453
505.2,0.017221369,1988.160236753799
505.3,8.665159e-05,8066.695611802363
505.4,0.0067831283,2495.4665402692945
505.5,0.019019019,2223.920371563829
505.6,0.009862675,3082.1858301010893
505.7,9.671214e-05,12837.988067034728
505.8,0.019907568,3138.6466962449695
505.9,0.00012920095,8243.415546546345
506.0,0.009083927,3320.695341166021
506.1,0.010460399,1862.7429619819486
506.2,0.011916007,2345.0789982203273
506.3,0.01577595,2496.9025980393094
506.4,0.0003040621,4466.932468512012
506.5,0.000329145,2893.5152614071553
506.6,0.0002096465,3219.8074950435866
506.7,8.283725e-05,4490.1720126931305
506.8,1.8958388e-05,8214.056980691774
506.9,0.01618539,2468.338999379583
507.0,0.002293057,2505.550929194625
507.1,0.03353963,1477.5647630007647
507.2,0.029411368,1537.44599750731
507.3,0.02873002,1423.8016982160705
507.4,0.028392557,959.2414032616384
507.5,0.017131848,1520.0713762846513
507.6,0.0071249497,3918.777216523953
507.7,0.0036874372,5836.134704418416
507.8,0.013271003,2303.049233405297
507.9,0.013145389,1871.9037650041014
508.0,0.014289372,2693.6238457100544
508.1,0.016160637,2817.8588347224722
508.2,0.018037867,1836.7598320141326
508.3,0.016183631,3783.755849700432
508.4,0.02680008,3129.292999935316
508.5,0.017745731,3640.0569043141763
508.6,0.016699288,2705.1341871136583
508.7,0.025694553,2133.486185464015
508.8,0.012676857,1437.9125878173782
508.9,0.028211992,2265.0404839388348
509.0,0.0077208127,2599.969103857233
509.1,0.00017192902,4097.052827184838
509.2,4.7189624e-05,6124.912108754092
509.3,3.0359695e-05,7789.442899698688
509.4,2.149377e-05,8138.365967489348
509.5,4.184281e-05,6480.720684448038
509.6,2.0429577e-05,9447.192388340285
509.7,1.5209747e-05,9347.913196885094
509.8,0.029804898,677.4761333392443
509.9,0.045250196,1270.5017388621739
510.0,0.030044716,1995.98990495675
510.1,0.037644956,902.7371785614163
510.2,0.03377586,1252.460135261335
510.3,0.043131016,1349.8497479841294
510.4,0.0014227642,2360.243058939059
510.5,0.018639924,2681.8684551432198
510.6,0.027854128,2582.8527605006125
510.7,0.019978613,1095.3379888069658
510.8,0.015757242,4464.382274634587
510.9,0.010518511,10570.632757263906
511.0,0.025543122,2602.630360626314
511.1,0.02958422,2106.599973282164
511.2,0.019382864,1950.9239135895368
511.3,0.006612989,2437.6264064084226
511.4,0.012241641,3621.7741557834233
511.5,0.0027215376,5411.365265206707
511.6,0.015261767,2861.2569147977892
511.7,0.0004830365,3698.772537834072
511.8,0.00026882428,3199.986098345335
511.9,0.00012181792,3678.0307605365315
512.0,8.594691e-05,4724.338792498533
512.1,5.0612176e-05,6593.045502791507
512.2,1.5855883e-05,8956.612733934315
512.3,0.0072635342,3544.4612524733266
512.4,0.028079864,2656.8063739443232
512.5,0.017856771,2060.685682911457
512.6,0.019584095,2806.221888101407
512.7,0.035831243,1638.8955976898471
512.8,0.033368967,1210.0322014004696
512.9,0.022968357,2316.175397147479
513.0,0.0049717403,7043.38697998554
513.1,0.01682838,1012.9074790657054
513.2,0.02848818,2238.75588758266
513.3,0.024261558,2585.4052885049264
513.4,0.0058364826,4036.3197881969763
513.5,0.00052138924,3756.932865721343
513.6,0.010956473,2659.504350102759
513.7,0.007869596,8629.624195758413
513.8,0.00015173372,7840.608343725636
513.9,0.006360766,7107.554438448138
514.0,0.0070238975,8161.9541439359255
514.1,0.010708611,2952.7024180564795
514.2,0.0046570324,2709.830830389126
514.3,0.020552477,2195.160103970071
514.4,0.011044428,6149.661296168066
514.5,0.0037389186,4785.798601370828
514.6,0.03046816,2491.605617090535
514.7,0.01857509,3740.8213096610693
514.8,0.020357316,3147.422171367368
514.9,0.025476811,2695.88737130923
515.0,0.01435457,2752.055092283016
515.1,0.0043997853,2809.1162930784467
515.2,5.0470982e-05,7845.845204777861
515.3,4.248509e-05,6767.289360069018
515.4,2.3772252e-05,8148.236586977209
515.5,1.1364341e-05,10110.245253450908
515.6,1.0429652e-05,9867.506593385871
515.7,1.0411432e-05,9853.852683051537
515.8,1.36606295e-05,9643.688226432809
515.9,0.0050947126,6756.991032928125
516.0,0.0059526665,1751.0480218186972
516.1,0.014783648,2745.806298969647
516.2,0.003821706,7289.585477411541
516.3,0.008091283,4549.045617913386
516.4,0.015576128,2063.812593926315
516.5,0.007609408,10632.822864214018
516.6,0.0040327366,3220.456614195669
516.7,0.004266878,2991.7514272087938
516.8,0.0018082177,2789.054755391221
516.9,0.00015760977,3756.0500111538977
517.0,0.00013755032,3216.8203578757943
517.1,7.408767e-05,4384.559730683541
517.2,2.5326539e-05,7544.660868319658
517.3,2.0279216e-05,8287.814382126424
517.4,0.0035065424,4525.352781856593
517.5,0.0052056075,1752.2561390422588
517.6,0.021696676,1539.2325692905745
517.7,0.021192923,1978.8662228660962
517.8,0.02151703,2821.8003870859848
517.9,0.0060297796,9857.914910365853
518.0,0.028869051,1802.1816621009034
518.1,0.008577672,1263.4254159548195
518.2,0.013579729,3115.6011276440263
518.3,0.02410341,2750.7015954243907
518.4,0.027596712,2006.5701394658367
518.5,0.0027026925,6550.486297192003
518.6,0.008942514,3099.6506350941963
518.7,0.010809962,2203.6310534993027
518.8,0.009262229,3000.789834340489
518.9,0.00016072205,10213.885050479046
519.0,0.008740719,3710.243073899689
519.1,0.009476195,9232.401365033475
519.2,0.004187347,3943.7142403697185
519.3,0.016145866,2462.6781584809905
519.4,0.008190124,3107.4011532670347
519.5,0.0001535384,5326.99889260829
519.6,2.6054147e-05,8386.704036497507
519.7,1.1899047e-05,10368.227686533191
519.8,1.0818759e-05,10109.919340985845
519.9,1.0655952e-05,10327.118404662617
520.0,1.07437045e-05,10211.629572817626
520.1,1.1690579e-05,10494.948124833918
520.2,2.2841321e-05,9252.63133226017
520.3,0.0057040104,6703.086728368951
520.4,0.04522264,1293.1922919923975
520.5,0.023247214,2378.2664083483196
520.6,0.012672548,3304.0560146815924
520.7,0.0006927129,6181.086599902747
520.8,0.0076081418,7984.390733606022
520.9,0.013437435,3388.2752263262814
521.0,0.015199434,2856.5748833896373
521.1,0.008220891,3096.119119200443
521.2,0.0027107217,3469.4002990371155
521.3,0.00068421056,3530.4162865728754
521.4,3.329823e-05,7560.4062351979865
521.5,7.6011354e-05,5386.397545349168
521.6,1.0399476e-05,9786.24584034414
521.7,1.0522583e-05,10177.011172125756
521.8,1.0562996e-05,10027.355786143939
521.9,0.0012603254,7313.579205281628
522.0,0.020327061,3037.960603179212
522.1,0.036165662,1357.3058456445083
522.2,0.023429107,1620.1811667654338
522.3,0.009404554,1756.258474117444
522.4,0.00058281637,6276.793951766112
522.5,0.019278545,5379.041855874982
522.6,0.01951199,3513.265518162489
522.7,0.009446812,4422.788864771777
522.8,0.007728018,3841.875444976956
522.9,0.0033760518,3675.2581868816446
523.0,0.00017719758,6062.460131576106
523.1,1.0401228e-05,9960.257830533445
523.2,1.0398702e-05,9989.964979552951
523.3,1.042877e-05,9977.636138820397
523.4,1.04121855e-05,10098.967775502217
523.5,1.470256e-05,9212.518076607776
523.6,1.3485834e-05,9501.625520433481
523.7,0.0037251317,5652.440210664339
523.8,0.009613386,4595.548122894101
523.9,0.0051970375,2761.7775812378745
524.0,0.008560278,3266.294970926544
524.1,0.00091181445,2769.101183749683
524.2,0.0010946013,7455.011008743761
524.3,0.007424888,5605.842331706067
524.4,0.009251085,3892.7318088594566
524.5,0.009851974,3910.465967686259
524.6,0.009447221,4167.460141395385
524.7,0.0049345144,4085.9985107436432
524.8,0.0032036973,6539.142543204713
524.9,0.004115615,7780.631907203473
525.0,0.011921477,6764.848817060047
525.1,0.0131739965,3197.676175033839
525.2,0.018007632,2652.1657928227505
525.3,0.021211684,2461.6104882507075
525.4,0.01687593,2851.812085649493
525.5,0.01031576,6574.0670656488655
525.6,0.0073351744,9362.150176185436
525.7,0.010661428,4843.167926841454
525.8,0.003496306,3674.589189015902
525.9,0.0013588732,3950.9316159924033
526.0,0.0018322763,4054.448643239434
526.1,0.0010380062,3319.9816951019693
526.2,7.305808e-05,5496.623779002367
526.3,2.715021e-05,8099.613587358572
526.4,1.5156122e-05,9708.308947391579
526.5,0.00053819857,7790.7214690545225
526.6,0.004641689,10552.511172935618
526.7,0.009782491,6682.519036302591
526.8,0.0178526,2590.4023505574496
526.9,0.022594186,3306.120539849502
527.0,0.015961492,3241.0426988246863
527.1,0.013911458,3576.8490108084593
527.2,0.0059712604,10869.621992125662
527.3,0.0036860034,8901.520575175437
527.4,0.0057769055,4672.442163967842
527.5,0.00081181264,4354.036944030057
527.6,0.0020936653,4909.959263120465
527.7,0.0017866513,5049.974443484049
527.8,0.0011660302,4280.102879407841
527.9,3.0674742e-05,7935.033251392002
528.0,3.7527374e-05,7184.532717940714
528.1,0.0003520712,4485.936523920121
528.2,0.0039291447,10234.396633081604
528.3,0.0043665012,10570.931906053951
528.4,0.004860836,5971.909348223748
528.5,0.008443818,4593.15777206386
528.6,0.0063903676,4979.693595761759
528.7,0.009377241,4545.274491091446
528.8,0.010133812,4212.276049146432
528.9,0.0086378865,10090.28766885856
529.0,0.009315176,10151.978908649895
529.1,0.008046929,5083.033342660014
529.2,0.007718115,4925.734945334229
529.3,0.0059650415,5469.837480774604
529.4,0.0022317432,5494.8455366317785
529.5,0.00083305873,5194.245305125629
529.6,0.00016584403,4699.8336829590235
529.7,1.3239554e-05,9684.761312031304
529.8,0.0011334893,4570.025196079225
529.9,0.020443412,2257.9833572154566
530.0,0.032311346,783.9906147329856
530.1,0.023169683,2059.514708899298
530.2,0.00019962662,7273.230493214308
530.3,0.011964436,4316.698891328464
530.4,0.024247205,1915.2728804540998
530.5,0.018387666,1833.6278566864019
530.6,0.018451571,1721.0519042126302
530.7,0.0017502412,1990.6119746474983
530.8,0.0046073166,3389.1337392981245
530.9,0.016474396,2278.8867994012508
531.0,0.002199457,2388.6548857699568
531.1,0.012509354,2480.1760723913
531.2,0.002653737,4739.49646243065
531.3,0.022723265,697.6991572357515
531.4,0.019216882,2204.632752560714
531.5,0.00012661397,6973.336364155853
531.6,2.3863842e-05,7563.2871872703
531.7,1.749962e-05,8264.212094828887
531.8,1.5936985e-05,9656.064467714667
531.9,0.0002695233,9099.46488515009
532.0,0.018721951,2334.9077475022596
532.1,0.023102645,1704.3413905548719
532.2,0.0039010823,9312.88417688049
532.3,0.026015854,1555.8543553488328
532.4,0.01799387,1643.6994733905585
532.5,0.016364599,2171.4206619503248
532.6,0.011384809,933.4333265069499
532.7,0.0021505114,1830.0511981771672
532.8,0.0114482995,2560.1428310429496
532.9,0.014466965,2671.6003946756273
533.0,0.010917332,11349.52696664417
533.1,0.016640577,2324.2008450399953
533.2,0.015641676,1831.7123542924255
533.3,0.015985925,2526.8706374715734
533.4,0.011374955,2401.0715801077577
533.5,0.0014220381,2132.1478733450494
533.6,0.0020747522,4746.946285984473
533.7,0.0030171582,9570.159068872079
533.8,0.0077789803,2174.325639298059
533.9,0.014472687,1585.2534603619024
534.0,0.0023829695,9595.65105583095
534.1,0.013706194,1907.886416529887
534.2,0.0020080325,2102.729850027282
534.3,0.0029891247,3839.341308157261
534.4,0.016402025,1857.0160618819766
534.5,0.0011577961,3058.989640495388
534.6,6.38453e-05,5924.5227742793795
534.7,2.5247999e-05,7647.024312293328
534.8,1.6361928e-05,8866.339869145271
534.9,1.3360272e-05,9364.324404766181
535.0,1.2577764e-05,10072.346026066887
535.1,1.2785726e-05,9767.181534619125
535.2,5.44492e-05,9001.373423348592
535.3,0.0041911327,10236.263001971747
535.4,0.025887528,1819.0983808378267
535.5,0.028514894,1462.201023711415
535.6,0.022501215,775.5680698151523
535.7,0.018340893,1784.8437191872167
535.8,0.025160015,950.3523845959177
535.9,0.019405015,626.9502107615072
536.0,0.008050584,2005.6842614539019
536.1,0.00085322134,4151.401477976549
536.2,0.0027890166,10447.13927886133
536.3,0.0019094837,6511.130828865296
536.4,0.009890376,2008.4316779876244
536.5,0.01121295,2100.1265888399607
536.6,0.008121707,2193.1584742208483
536.7,0.0037534423,2517.4241298448114
536.8,3.6057074e-05,8248.767282465637
536.9,1.777115e-05,8951.80027354474
537.0,1.3995115e-05,9429.689847931964
537.1,0.001333137,3786.5065817167047
537.2,0.002710024,2075.56149311576
537.3,0.0022059751,7384.151002044592
537.4,0.004262154,3711.261187257865
537.5,0.0030150379,5246.384877538679
537.6,0.0011790325,5292.1888851426975
537.7,0.004920404,2143.595908920306
537.8,4.0959378e-05,7472.542231625133
537.9,0.0013792173,3829.7897424288717
538.0,0.0012544675,2253.2095938768653
538.1,2.3447743e-05,8012.673382837456
538.2,1.4783109e-05,9139.417223258926
538.3,1.3235569e-05,9452.80109006018
538.4,1.4207143e-05,9167.64166187288
538.5,1.3065907e-05,9882.14457910641
538.6,1.2143102e-05,9918.806081538314
538.7,1.32334035e-05,9880.242319089857
538.8,1.2804132e-05,9994.281930733807
538.9,1.31406505e-05,9836.13282183371
539.0,1.2973271e-05,10013.229344042518
539.1,1.2227413e-05,9907.600411519474
539.2,1.24772605e-05,10042.38291349247
539.3,1.2334895e-05,9940.260408804997
539.4,1.34215115e-05,9372.417053466213
539.5,1.4995868e-05,9671.725039235029
539.6,1.2438571e-05,9948.158728686636
539.7,1.31023535e-05,9621.324440609635
539.8,1.234879e-05,9951.290918456423
539.9,0.00017756481,3644.5406397675806
540.0,0.008525576,774.1085624546351
540.1,0.004615786,1482.9587637680552
540.2,3.466825e-05,6754.623452309439
540.3,1.0838058e-05,10401.93711865527
540.4,1.0673305e-05,10344.348795116432
540.5,1.0663762e-05,9963.457600093172
540.6,1.0697976e-05,10032.307573230253
540.7,1.05147665e-05,10145.693809724742
540.8,1.0616972e-05,10225.894809935276
540.9,1.0427568e-05,10257.777672246259
541.0,1.054462e-05,10123.823040939478
541.1,1.0554652e-05,10453.609078362393
541.2,1.0786729e-05,10021.402468203063
541.3,0.010678665,641.6433618596552
541.4,0.0015800234,4173.313704167023
541.5,0.005663183,5002.933069536906
541.6,0.0038672697,9037.535647426263
541.7,0.0066515557,3260.6559809879664
541.8,0.007078635,1319.788706084511
541.9,0.010070123,2311.2376962492594
542.0,0.006324184,2799.06922891282
542.1,5.9417747e-05,6907.957419319098
542.2,2.5940137e-05,8504.929299887888
542.3,1.7407267e-05,8311.670389120563
542.4,1.3255511e-05,9475.88985813873
542.5,1.4058388e-05,9367.168658686362
542.6,1.4623573e-05,9710.417606817964
542.7,1.504077e-05,9303.672042782906
542.8,1.7268007e-05,8985.092419068507
542.9,1.6850028e-05,9275.593295773855
543.0,1.4025083e-05,9618.82294184692
543.1,0.0011503506,3977.023136407925
543.2,0.008385184,1879.6554559973636
543.3,0.022655368,893.1781392190597
543.4,0.009572654,1455.052779038597
543.5,0.0046559297,9806.615900135374
543.6,0.0075942646,3149.863923890154
543.7,0.008983152,2785.4790723980423
543.8,0.008894432,2604.294262153102
543.9,7.6314085e-05,8044.962324388785
544.0,0.009173281,1836.0643703588428
544.1,0.010932368,1281.298482167565
544.2,0.0052109,3043.5914156393515
544.3,0.00060170837,3945.990591728588
544.4,0.010273014,1580.8433823875582
544.5,0.020977173,1551.3263774752359
544.6,0.013802482,1287.7379006590454
544.7,0.00545213,2440.467699152196
544.8,0.009378987,2985.3996784100045
544.9,0.0014339619,5209.916727733831
545.0,0.005113979,2980.915517577216
545.1,0.00012451968,7999.569754509663
545.2,0.0024198038,3462.1795301112406
545.3,0.0022471955,2210.7902812564566
545.4,2.7063112e-05,7499.751500582544
545.5,1.561167e-05,9488.837139211631
545.6,1.9076331e-05,8693.135050452824
545.7,1.4914213e-05,9307.428444875195
545.8,1.8985458e-05,9794.233017694189
545.9,1.8588667e-05,8822.341440946404
546.0,2.0996318e-05,8653.28471592003
546.1,2.6298836e-05,8299.26284311912
546.2,2.3575001e-05,8441.283660400179
546.3,2.1166727e-05,8881.836854341149
546.4,2.380564e-05,8949.959223652862
546.5,3.1738902e-05,8519.96030520154
546.6,0.0004755809,4755.665928808502
546.7,0.005373221,8945.23069751916
546.8,0.012979799,2708.760170307887
546.9,0.02052355,1851.7537115532418
547.0,0.021618957,1801.7331610785175
547.1,0.0034926706,9865.761262668495
547.2,0.0029415926,2319.4941006791614
547.3,0.012393823,1781.6336370906274
547.4,4.137949e-05,8784.583770337316
547.5,0.002856866,2724.9844306185196
547.6,0.00305989,4070.872220146086
547.7,0.012651689,1283.6152152036789
547.8,0.002608622,3002.042099424832
547.9,0.00094690826,3528.1986340062513
548.0,0.004671987,2744.3619289592298
548.1,0.010130744,1896.1044847579105
548.2,0.0012843845,2367.3451132954965
548.3,0.00043607908,2353.8454630916613
548.4,0.00014621727,3169.9517587634805
548.5,3.0865493e-05,6506.629591138468
548.6,1.4968308e-05,9250.264535026165
548.7,0.011556985,2729.6170139010346
548.8,0.0008866385,3012.2048592828005
548.9,0.014542843,1008.1644934597806
549.0,0.0073325946,3893.205968615778
549.1,0.0017963062,1767.7189844366608
549.2,0.011909984,1114.3196855255098
549.3,0.014410253,949.7167186384156
549.4,0.0018015888,4326.9780582428575
549.5,0.022105422,1699.8303365045463
549.6,0.011462098,3143.165391757423
549.7,0.008537384,3139.2768949250753
549.8,5.6671037e-05,8442.742504911792
549.9,0.005568453,2998.8656425956697
550.0,0.003584305,9534.180687649408
550.1,0.0010655585,4438.160153912742
550.2,0.010846987,1406.2850525285612
550.3,0.008570085,1882.7653127193694
550.4,0.0006943537,2955.937884141888
550.5,2.7574491e-05,7622.257637616762
550.6,1.9455343e-05,8462.261856814186
550.7,1.6172287e-05,9180.704781826335
550.8,1.4157718e-05,9462.513166011384
550.9,1.3736108e-05,9691.591441483324
551.0,1.26809855e-05,9462.207487086172
551.1,1.2963459e-05,9720.530209883025
551.2,1.33546855e-05,9715.859007204319
551.3,1.256803e-05,9822.967268886609
551.4,1.2546909e-05,9859.47111187948
551.5,1.2785927e-05,9845.74652034818
551.6,1.3936238e-05,9543.282125491305
551.7,1.29428445e-05,9815.099681777043
551.8,1.2830484e-05,9889.666257486475
551.9,1.2504408e-05,9756.844536722005
552.0,0.00020670671,6227.441436130753
552.1,0.0021764475,8159.247481879405
552.2,0.0014172306,3936.9592104206235
552.3,0.008909355,2954.0320159566672
552.4,0.0053687426,8945.282732177999
552.5,0.00516477,3292.1552965040505
552.6,4.5156463e-05,10148.567176501685
552.7,0.0033638596,3036.2868540122945
552.8,0.006855254,1623.1811065718293
552.9,0.009950968,2124.4763590874045
553.0,0.0032629147,9482.372822500274
553.1,0.0045906734,6052.035258530699
553.2,0.010429948,2694.6964936772624
553.3,4.2941447e-05,9127.881270571297
553.4,0.0032439786,4153.422892499105
553.5,0.00038830677,4331.343548489332
553.6,0.0035945287,2407.2934729831973
553.7,0.0003555822,2900.6965218700643
553.8,2.421563e-05,7678.605873904304
553.9,1.0619231e-05,9902.901711281365
554.0,1.0172118e-05,10111.460833858653
554.1,1.0081144e-05,10203.902523270684
554.2,1.0449187e-05,10184.555553869155
554.3,1.0161389e-05,9919.13823837776
554.4,1.03503035e-05,10092.501233100442
554.5,1.07646765e-05,10195.597164945255
554.6,1.0701398e-05,10054.013173715903
554.7,1.28218635e-05,9923.094867096854
554.8,0.014081432,950.7125814438938
554.9,0.00011610993,6704.6987490489855
555.0,0.016214352,991.3923951733632
555.1,0.014642106,1075.194669091583
555.2,0.012053267,744.330204567978
555.3,0.015529744,1400.8759869206751
555.4,0.016060028,876.6850569201081
555.5,0.015134923,1556.7670810939153
555.6,0.0016600789,6267.503830011648
555.7,0.006715236,3089.1667020752043
555.8,0.0021079055,8808.576208690318
555.9,0.0025794462,4028.0030948742324
556.0,0.004207436,3594.3619368035856
556.1,0.0015550302,5142.084973299469
556.2,0.0120289195,1701.4429473771024
556.3,0.011937057,1496.437241389448
556.4,0.009675092,1227.0574376418508
556.5,0.012426151,1648.590860011178
556.6,0.0045488826,3333.20753074123
556.7,4.055208e-05,8215.329788220362
556.8,0.0088609215,1427.5330843480215
556.9,0.00657246,1042.8529637743575
557.0,0.0018182662,3577.202025845747
557.1,0.002550728,2656.8132501063565
557.2,0.001102823,4367.4832995984125
557.3,0.00851763,2190.1047867098473
557.4,0.00046120002,3028.8988048349556
557.5,2.294396e-05,7668.350962740971
557.6,1.6678525e-05,9275.044798174746
557.7,1.05207055e-05,10020.53409256044
557.8,1.0042146e-05,10095.692757004292
557.9,1.0498219e-05,10062.00346521322
558.0,1.0871396e-05,10093.74803632405
558.1,1.0429244e-05,10004.075054495566
558.2,1.0070035e-05,10144.646913945217
558.3,1.0219834e-05,10000.678639111655
558.4,1.0320332e-05,9912.498185118748
558.5,1.0435834e-05,9912.837252746758
558.6,1.0019206e-05,10067.491097546763
558.7,1.0534845e-05,10100.760834096347
558.8,1.0212826e-05,10093.624755858966
558.9,1.065326e-05,10113.373346019966
559.0,1.0068085e-05,9924.921282986521
559.1,2.1292683e-05,8989.325991254782
559.2,1.3777311e-05,9569.838129824171
559.3,1.4026998e-05,9692.952847592256
559.4,0.010689972,2092.3379472137713
559.5,0.0017584001,8092.464296832852
559.6,0.008341216,6125.644747746556
559.7,0.0030964094,3359.55953661241
559.8,0.017240863,1726.2805072712888
559.9,0.012539423,2745.021213242442
560.0,0.009132005,6424.462945301508
560.1,0.009403613,5003.695540363849
560.2,0.00839657,2403.4685999053454
560.3,0.013996167,3091.9569967971665
560.4,4.4105545e-05,9612.282766494915
560.5,0.011946523,2741.013690096325
560.6,0.010992081,1786.6344349245512
560.7,0.0122288745,1593.9731196818755
560.8,0.01931324,1495.1713411559776
560.9,0.00015732083,5375.454497968523
561.0,0.013138146,2038.3833434112405
561.1,0.009042244,1168.9621331803792
561.2,0.0025771775,3608.6463654586387
561.3,0.0034160742,3279.202216202913
561.4,0.0044732536,2777.709602575578
561.5,0.0070896284,1319.845036150355
561.6,0.013260919,1536.3806718281576
561.7,0.000287704,4195.1607047779735
561.8,2.2079481e-05,8133.5931415133655
561.9,1.4299574e-05,9492.814828991392
562.0,5.9608537e-05,5851.386926797725
562.1,0.015370685,1587.2813256518698
562.2,0.00508503,9729.921096922895
562.3,0.006591202,3543.159404606921
562.4,0.008830617,2938.3523416561775
562.5,0.010204837,2755.258548533212
562.6,0.0113695795,2884.726638655196
562.7,0.0038767885,1718.5568123318124
562.8,0.007078102,2045.8359730018915
562.9,0.0008397862,3207.74642092012
563.0,3.1999916e-05,7704.606597793665
563.1,1.6581047e-05,9230.682130290774
563.2,1.4846137e-05,9240.01978194968
563.3,1.4290253e-05,9191.880691396025
563.4,1.3585316e-05,9486.325511324107
563.5,1.2344451e-05,9820.394575043721
563.6,1.4386444e-05,9765.521467735203
563.7,1.4572176e-05,9300.833996331306
563.8,1.226197e-05,9521.762581799883
563.9,1.2842156e-05,9696.54665874149
564.0,1.2487146e-05,9627.206593570236
564.1,1.3607497e-05,9662.922512540625
564.2,1.3915199e-05,9528.009305594394
564.3,1.5093029e-05,8934.52756135771
564.4,0.00020958604,3353.8529204175466
564.5,0.011101047,1868.3279782344493
564.6,5.3800493e-05,7193.782059600503
564.7,0.009660167,2282.887030291277
564.8,0.002235246,2908.6720342189988
564.9,0.008117036,1995.6884424521545
565.0,0.003933032,10059.687035102248
565.1,0.004945106,7709.84911821346
565.2,0.0052837115,3222.6553387026966
565.3,0.003954387,3265.573816622914
565.4,0.00018836057,4790.24896288283
565.5,2.6929145e-05,8050.012724222178
565.6,1.5555572e-05,9218.024654213154
565.7,1.412985e-05,9517.734055530462
565.8,1.3527881e-05,9819.091609967403
565.9,1.430721e-05,9134.416334739934
566.0,1.3622692e-05,9577.811365500978
566.1,1.2431572e-05,9924.718431483701
566.2,1.4652286e-05,9478.32766043168
566.3,1.32017e-05,9722.393273660813
566.4,1.4304895e-05,9512.620935451632
566.5,1.3499481e-05,9580.79836791168
566.6,1.4173792e-05,9287.783662772556
566.7,0.02095715,1570.1577208305491
566.8,0.025413776,946.090274888441
566.9,0.0243615,1755.0063484238724
567.0,0.01562678,1682.67849649997
567.1,0.015384772,1577.8595737914065
567.2,0.0012157017,6429.138533313998
567.3,0.012943663,2254.5489284032496
567.4,0.0100883925,2155.2459760634674
567.5,3.289498e-05,8354.678840944034
567.6,0.008693557,2929.1506290303214
567.7,0.0005330192,3670.573301589198
567.8,4.1326966e-05,6171.475498310238
567.9,1.945351e-05,8236.207462148453
568.0,1.4496059e-05,9525.710592799564
568.1,1.4844436e-05,8995.594065309986
568.2,1.3047514e-05,9787.196926936716
568.3,0.006411583,1415.4937673208692
568.4,0.0035197625,4033.8762898773584
568.5,0.014163258,1064.073195082588
568.6,0.008695283,1589.5890211617461
568.7,0.010746782,1455.068819469949
568.8,0.00079876126,2132.870262681041
568.9,0.001794803,3198.905098341357
569.0,0.010789759,1944.410128767599
569.1,0.010329773,2368.5273169881125
569.2,0.00088348106,8298.64508816647
569.3,0.0049226303,3868.9046440444927
569.4,0.0043723737,2972.092186347445
569.5,3.1072297e-05,8728.687589728881
569.6,0.003928167,3015.901106464359
569.7,0.0005288478,3254.836378626441
569.8,2.9541277e-05,7164.545747018659
569.9,1.3627227e-05,9706.090862947356
570.0,1.5412352e-05,9204.257918980795
570.1,1.3163994e-05,9639.535855658374
570.2,1.254844e-05,9990.768281850205
570.3,1.3667034e-05,9870.965902617925
570.4,1.3941979e-05,9439.76867631641
570.5,1.3190247e-05,9794.032170193874
570.6,1.311884e-05,9947.4396803852
570.7,1.3335924e-05,9897.000251773254
570.8,1.3367062e-05,9709.152802910674
570.9,1.3727382e-05,9589.367074456379
571.0,1.3072055e-05,9675.799514335911
571.1,1.2972583e-05,9592.820791054724
571.2,1.2939203e-05,10037.425052148012
571.3,1.21695375e-05,10129.058577083557
571.4,1.2499291e-05,9705.515467919353
571.5,1.230801e-05,9900.306991514813
571.6,1.3026424e-05,9737.163860804365
571.7,1.3338723e-05,9814.391776689801
571.8,1.3750297e-05,9775.801333209372
571.9,1.2947822e-05,9864.954910438657
572.0,0.002206814,2715.308757286053
572.1,0.0072337603,1036.9205506598864
572.2,0.0045185923,1167.465467610507
572.3,0.0014564482,1550.7845272241468
572.4,0.00046391477,2114.9352847832397
572.5,2.7488157e-05,7541.251223292002
572.6,1.5832004e-05,8831.689761164958
572.7,1.4127761e-05,9556.31221491913
572.8,1.3239188e-05,9660.098284184267
572.9,1.2595787e-05,9787.17315025071
573.0,1.7487993e-05,9765.285912626114
573.1,0.017072879,2211.6720776941847
573.2,0.011696078,1636.3084255891758
573.3,0.0033233261,9215.76937618609
573.4,0.014198149,2075.2369199334407
573.5,0.0049465736,5079.158185586873
573.6,0.00022568992,9779.783239696666
573.7,0.007948224,3254.467227376611
573.8,0.0073506096,1695.7043458806584
573.9,0.009155138,2527.2405121137317
574.0,0.00021280762,5221.820482641563
574.1,2.7241336e-05,7708.895588576961
574.2,1.5275313e-05,9270.256828152913
574.3,1.393685e-05,9309.064407287033
574.4,1.4100885e-05,9419.372331233366
574.5,1.4148368e-05,9505.850767447671
574.6,1.2376578e-05,9486.037900884414
574.7,1.3573852e-05,9560.139906672635
574.8,1.3728533e-05,9192.029716565572
574.9,1.2974912e-05,9580.434647422238
575.0,1.3261196e-05,9278.931561306843
575.1,1.2061367e-05,9772.400654999172
575.2,1.2380724e-05,9990.859063988572
575.3,0.009546902,2429.2585303225305
575.4,0.0003144075,5644.020961220205
575.5,0.012279124,2594.731587905574
575.6,0.0036816276,9993.306717871477
575.7,0.012170664,2301.781599000863
575.8,0.012513413,1645.3531260122531
575.9,0.012105914,1816.5375702453907
576.0,0.010318142,1896.3562142276066
576.1,0.014048823,1746.0633730721097
576.2,0.00034556765,3248.2986322295815
576.3,0.01208996,2316.8956541289654
576.4,0.010789755,1530.6924411021
576.5,0.010518007,1797.43997348624
576.6,0.004507504,1769.0933809799103
576.7,7.272334e-05,5619.297879231353
576.8,0.004420514,2965.5825865741544
576.9,6.664436e-05,7217.330809792355
577.0,0.0049301577,3039.4073003899416
577.1,3.1258707e-05,8310.644956602715
577.2,1.4009323e-05,9664.834617536511
577.3,1.0379767e-05,9966.821903307296
577.4,1.0866234e-05,10248.137488383541
577.5,1.0397249e-05,10091.946759476945
577.6,9.968186e-06,10153.903351139284
577.7,1.0580134e-05,10237.11818560556
577.8,1.0210666e-05,10183.215493998341
577.9,1.0367718e-05,9891.628664771742
578.0,1.0683514e-05,9969.245047791566
578.1,1.034778e-05,10329.886827410943
578.2,1.0126021e-05,9939.74421036469
578.3,1.0410881e-05,10075.870454912849
578.4,1.0268828e-05,10108.761149539276
578.5,1.0396872e-05,10098.352312103714
578.6,1.2783416e-05,9798.341869801454
578.7,0.005645666,2382.050482217205
578.8,0.010065804,906.2703332636895
578.9,0.017249227,1283.7195185711482
579.0,0.002881215,3591.5889494738885
579.1,0.0087551065,1927.2963288109745
579.2,0.010508682,2079.577925782685
579.3,0.000131139,7412.035231721406
579.4,0.0047573764,4011.6867238916807
579.5,0.0077064605,1759.2935699727354
579.6,0.003455494,2157.632426911567
579.7,5.072822e-05,6656.612911201379
579.8,4.9117894e-05,5571.295772824648
579.9,2.2957494e-05,7582.323447753517
580.0,1.1153634e-05,10003.996200233943
580.1,1.029102e-05,10004.21013192174
580.2,1.0337211e-05,10095.18339565456
580.3,1.0143806e-05,10124.980812897727
580.4,0.012248498,2870.8429200581795
580.5,0.01431257,2657.3774377613536
580.6,0.001332831,3219.0647443753337
580.7,0.0147732375,2669.928664004068
580.8,0.011818337,2360.923114667723
580.9,0.00062058243,3585.607491047711
581.0,0.009120036,1819.0604477402173
581.1,0.00048753628,5002.116204316343
581.2,2.2667457e-05,8496.985915223013
581.3,0.004329269,2991.6258092851763
581.4,0.0022369414,6733.79904892926
581.5,0.0005935563,10157.109394962252
581.6,0.010289115,2820.4911954456475
581.7,0.01324155,2360.599737432505
581.8,0.01083443,1835.3050814185879
581.9,0.009700451,1476.6538826321762
582.0,0.0009983836,3168.4507666871627
582.1,0.0090019405,1749.612934201738
582.2,0.007249191,2335.6928969277224
582.3,0.003757291,1892.5860461268564
582.4,0.0044270963,3734.0386493026026
582.5,0.002213201,1798.2581400348677
582.6,0.0075980676,2100.170567953945
582.7,0.0039071506,10671.698349592949
582.8,0.00019345019,9423.121971858469
582.9,2.2914324e-05,9243.294298888464
583.0,1.549036e-05,9606.705475994966
583.1,1.2894328e-05,10056.803793436651
583.2,1.42300705e-05,9911.573586960076
583.3,1.2513422e-05,9860.76630383875
583.4,1.23685595e-05,9876.217182211598
583.5,1.2494328e-05,9882.792445249725
583.6,1.2462953e-05,9895.712435391993
583.7,1.2703144e-05,9554.000222033103
583.8,1.4728842e-05,9859.951459175567
583.9,1.3650488e-05,9558.220461131017
584.0,1.2617937e-05,9795.617239054069
584.1,1.3642457e-05,9355.014829104835
584.2,1.2405218e-05,9900.759147234894
584.3,1.2756768e-05,9975.618572259838
584.4,0.00090538524,8427.952159160855
584.5,0.0035127206,4403.538804066872
584.6,0.0032484662,4158.366448202696
584.7,0.0032887512,8239.089042181518
584.8,5.4966327e-05,10853.930297056326
584.9,0.0011684283,5695.390135457612
585.0,0.011708797,1827.5163928033726
585.1,0.0018523592,2931.583984664011
585.2,3.0780175e-05,7461.2458788028625
585.3,1.7260269e-05,8792.205311819278
585.4,0.0006686514,4267.376582373092
585.5,0.019953763,1331.9422950924977
585.6,0.011915699,1619.9545497680504
585.7,0.01106702,1886.3432845471953
585.8,0.0066504558,2065.9798496700464
585.9,0.0027672332,2476.1029753876473
586.0,0.0022253166,3316.551975995899
586.1,0.011742389,1353.6646347496217
586.2,0.008563593,1556.7961118939372
586.3,0.00011280706,6088.277212545102
586.4,0.0046143797,3172.510425019722
586.5,0.0027309463,3936.2038480300125
586.6,5.201058e-05,7373.57903617096
586.7,2.1838825e-05,8109.125705513817
586.8,1.600244e-05,9342.91139394751
586.9,1.41972105e-05,9428.335479550871
587.0,1.36018425e-05,9417.13785721094
587.1,1.4178458e-05,9355.106480924103
587.2,1.3261841e-05,9675.30580955442
587.3,1.31943525e-05,9506.19965280122
587.4,1.2296029e-05,9968.500491820101
587.5,1.2777644e-05,10106.165625034155
587.6,1.4019601e-05,9792.436643971188
587.7,1.306213e-05,9954.090052829943
587.8,3.6665344e-05,7858.22827045516
587.9,0.017909102,1332.4501748728183
588.0,0.01761262,653.7244947917645
588.1,0.01641531,1887.5432681618074
588.2,0.010392054,1140.510232314784
588.3,0.0037522782,1750.3131562322008
588.4,0.0025255436,10359.630932344353
588.5,0.002876355,8267.984328786248
588.6,0.0056974855,1398.2026646253375
588.7,0.006132592,2004.4914576072756
588.8,0.003261895,9078.812101169206
588.9,0.0017024411,8972.465799972982
589.0,0.0012850366,4770.500003864425
589.1,0.00020973041,4814.426863593313
589.2,2.4759918e-05,7891.990071760916
589.3,1.4873723e-05,9522.23952730572
589.4,1.2347738e-05,9678.635526320764
589.5,1.3959529e-05,9526.39857660441
589.6,1.267895e-05,9652.49957094579
589.7,1.3563378e-05,9637.563619137829
589.8,1.2945046e-05,9897.526921697188
589.9,1.5867487e-05,9414.221651871183
590.0,1.2875079e-05,9791.952036297555
590.1,1.3521615e-05,9699.377832431228
590.2,1.2797251e-05,9783.255018132739
590.3,1.3566743e-05,9692.721324224924
590.4,1.3192124e-05,9990.118938596112
590.5,0.010581259,2079.700313247763
590.6,0.0011420237,6968.878347238258
590.7,0.010315899,5430.091908797219
590.8,0.0051902523,4645.14737185267
590.9,0.015942685,1728.7664661141398
591.0,0.001622037,7432.341965151147
591.1,0.0022170427,5882.714567577084
591.2,0.0154450005,2179.264809477798
591.3,0.00072410266,4267.717723068058
591.4,0.009513974,2850.1167767880934
591.5,0.0091342125,1475.4637016939778
591.6,0.015274803,1841.1643491748778
591.7,0.011940228,1932.86910215999
591.8,0.0089181885,1702.0011097964257
591.9,0.011694341,2344.991236194226
592.0,0.0026574577,2390.7771472761274
592.1,0.0007366256,5455.496883330452
592.2,0.019984046,774.3306848334884
592.3,0.0057488987,1937.8328112666838
592.4,0.0043518054,2200.901680310685
592.5,0.005486294,2426.1287089184643
592.6,0.008756534,2357.06762116333
592.7,0.0070468076,1010.8583003509884
592.8,0.0030905895,2083.678585689436
592.9,2.7387723e-05,8263.812756466708
593.0,0.0013256168,3554.6016839326676
593.1,0.010637547,1558.845431149946
593.2,3.954871e-05,7457.314608356166
593.3,1.8384531e-05,8654.426267127556
593.4,1.3898862e-05,9273.286477505531
593.5,1.2804257e-05,9821.154467534874
593.6,1.3447327e-05,9622.576332034296
593.7,1.2692763e-05,9745.095338036701
593.8,1.2632762e-05,9839.739207112247
593.9,1.321181e-05,9420.081776429395
594.0,1.2396695e-05,9822.204431438477
594.1,1.1820979e-05,9930.367722855446
594.2,1.2509269e-05,10087.443843264566
594.3,1.3430651e-05,9806.84688438608
594.4,1.2066868e-05,9946.512734909293
594.5,1.2977896e-05,9688.210636766538
594.6,0.0020803798,9232.416225183304
594.7,0.0051487964,2632.457507561363
594.8,0.0043491926,1955.0801430971146
594.9,0.000207694,4479.762812699399
595.0,1.8972896e-05,8471.40610089538
595.1,1.5420836e-05,8956.869052181723
595.2,1.3616765e-05,9533.229973303425
595.3,1.2956685e-05,9741.710180492752
595.4,1.2786492e-05,9746.209310576092
595.5,1.3053918e-05,9909.985066001303
595.6,1.2276202e-05,10002.63867575613
595.7,1.27084295e-05,9621.10979649268
595.8,0.015979558,1198.0804847922566
595.9,0.0020177304,1878.3774633958226
596.0,0.015912047,1806.4184634864177
596.1,0.011913883,2328.346142983847
596.2,0.009428618,1842.9355818856247
596.3,3.250863e-05,8160.609967418499
596.4,0.008156416,2907.017018714827
596.5,0.0027524405,3794.3176160314215
596.6,0.002726759,5255.905601087166
596.7,0.0076411087,3566.691596919773
596.8,0.011603317,2601.185437870364
596.9,0.007197651,3156.9309223575046
597.0,0.0035985978,4129.135638900526
597.1,7.562678e-05,7442.107609656766
597.2,2.088596e-05,9024.704683980253
597.3,1.50363185e-05,9220.466597750099
597.4,1.2924716e-05,9719.903882442419
597.5,1.3048083e-05,9532.394885049987
597.6,1.2585604e-05,9936.214225503138
597.7,1.2519278e-05,9877.30456092337
597.8,1.273388e-05,9931.933555874288
597.9,1.3167871e-05,9574.682281170879
598.0,1.3195882e-05,9616.672268124916
598.1,1.1730678e-05,9996.065206955085
598.2,1.3081507e-05,9785.807561211723
598.3,1.2348572e-05,9903.365291302962
598.4,1.2621272e-05,9876.859379949361
598.5,1.25455135e-05,9790.677785174665
598.6,0.0031742887,2450.562201447641
598.7,0.008697934,1622.9327056341676
598.8,0.003836712,8526.717809336265
598.9,0.0031647237,9110.106013571014
599.0,0.00072308816,9558.805966112997
599.1,0.014061994,2479.6554345883196
599.2,0.008641282,1918.625635428527
599.3,0.0025603736,2563.8381244740713
599.4,0.00045597315,4486.05542285583
599.5,0.0014878052,6836.7624032985605
599.6,0.004985428,3306.2019261285395
599.7,0.004588417,2645.277187922788
599.8,0.00033726104,6012.181264093725
599.9,2.1160857e-05,8248.463900671299
600.0,0.0021963248,3336.4463535838177
600.1,0.00057582936,3386.26306931044
600.2,2.7049813e-05,7213.080808660352
600.3,1.3532901e-05,9477.320692553965
600.4,1.3094334e-05,9631.287731667548
600.5,1.2831044e-05,9470.792861234686
600.6,1.2818012e-05,9899.430427648498
600.7,1.2346908e-05,10048.578163253542
600.8,1.2731327e-05,9808.084010443345
600.9,0.0024399608,6213.80827634048
601.0,0.022118865,2165.7500392675784
601.1,0.0146470945,2590.041177475825
601.2,0.0013167105,2892.0828901106047
601.3,0.0018086355,5614.727749050226
601.4,0.007415091,3175.6116928536308
601.5,0.011659725,1909.7150470784645
601.6,0.0018518738,2401.6262709233347
601.7,7.840499e-05,5996.027233915762
601.8,1.6137752e-05,8520.455643574507
601.9,0.0022575972,1546.3820125469026
602.0,0.0017315932,8016.741855261413
602.1,0.002894582,10273.531862545009
602.2,0.0024645596,7132.478969384259
602.3,0.0006312368,3417.951062152405
602.4,2.6041273e-05,8124.391161574974
602.5,1.5638616e-05,9274.799374609329
602.6,1.4330341e-05,9815.272528927679
602.7,1.30106655e-05,9907.483362051626
602.8,1.3723394e-05,9590.26022887379
602.9,1.2083317e-05,9838.363769973977
603.0,1.3217204e-05,9731.140764138165
603.1,1.2359476e-05,10001.144044812918
603.2,1.3057993e-05,9848.039876227409
603.3,1.34756965e-05,9529.94884037217
603.4,1.28332595e-05,10058.985369454576
603.5,1.2383849e-05,10006.674070230409
603.6,0.0047359318,9615.582028637162
603.7,0.015307431,1794.718175746132
603.8,0.015142607,2440.8908066048284
603.9,0.015770491,1256.315261795478
604.0,0.020484153,2534.9647539824364
604.1,0.008188615,3122.142588391288
604.2,0.00029696507,3177.6969556846834
604.3,0.00022469464,3187.3928001802497
604.4,8.634969e-05,4096.155481851576
604.5,1.9846928e-05,7977.178005454253
604.6,1.2737316e-05,9747.293639538946
604.7,0.012582005,441.87199992528576
604.8,0.017633338,2619.856559173576
604.9,0.027002241,622.516649132855
605.0,0.021516606,1653.433004529259
605.1,0.017294973,1581.8420899448884
605.2,0.015073506,1813.9177107008786
605.3,0.0033942747,9648.889332681389
605.4,0.0053274347,7867.8404418908995
605.5,0.016267598,2487.555693772032
605.6,0.008696534,6947.655712976311
605.7,0.020637328,2021.1800504359803
605.8,0.013795918,924.7147408026489
605.9,0.020239461,1832.4946276226322
606.0,0.0010493232,2126.309118980525
606.1,0.009559957,2841.0862387651696
606.2,0.00953282,1793.6981020092653
606.3,0.0066718413,1315.059953781885
606.4,0.010132929,1731.685539051398
606.5,4.220973e-05,7019.303748511541
606.6,2.0341551e-05,8148.222732932796
606.7,1.0263307e-05,10135.759525287933
606.8,1.0391656e-05,9896.623194615517
606.9,1.0443293e-05,10028.265554739326
607.0,9.971713e-06,10163.725898120461
607.1,1.0108177e-05,9907.216012185278
607.2,1.0297253e-05,9984.486074287594
607.3,1.0210119e-05,9928.844486222111
607.4,1.5924765e-05,8728.649453732956
607.5,1.3266473e-05,9608.653117330085
607.6,1.33165395e-05,9831.282574983712
607.7,0.004094102,10659.585364649432
607.8,0.012969287,7235.060849106438
607.9,0.026750429,1872.9628144614203
608.0,0.020406887,2838.894031302594
608.1,0.021540288,1316.2905933827633
608.2,0.018088823,1504.0461575558743
608.3,0.0021375895,6161.517930646557
608.4,0.0008775339,8194.377894958183
608.5,0.024424324,2417.2923817142355
608.6,0.008451413,2194.6071943949887
608.7,0.010633316,2635.9958264479696
608.8,0.0022531534,6887.680856264331
608.9,0.0018894075,4864.46061438484
609.0,0.012685836,1750.9438317959239
609.1,0.003589021,2251.325011728544
609.2,0.001619564,2035.267766302333
609.3,0.01067014,2015.436697984992
609.4,0.0026039036,2586.0191492760946
609.5,0.0002303283,3371.7027443103707
609.6,9.204026e-05,4474.696960759917
609.7,3.865671e-05,6363.634882845707
609.8,1.682416e-05,8657.6393470519
609.9,1.3369081e-05,9760.660309323546
610.0,1.2687213e-05,9826.426518970125
610.1,0.0014492668,8989.742679279281
610.2,0.0050908197,10661.118479759094
610.3,0.017857898,1070.4419948085158
610.4,0.017755155,1686.456417137859
610.5,0.0027167734,2625.2944544989155
610.6,0.0210923,1910.7140549154847
610.7,0.027284605,561.1633176619296
610.8,0.023487065,1176.7383135936434
610.9,0.017755711,1171.4664565058486
611.0,0.011997686,2125.821245275855
611.1,0.020275688,1630.8500339842449
611.2,0.017337939,1258.5514972671933
611.3,0.014286329,1434.8753645147494
611.4,0.00016602864,5804.479761328832
611.5,0.01131352,2642.707564764302
611.6,0.016787088,2009.3601922581793
611.7,0.016919691,622.8312730089337
611.8,0.01446899,1862.3226931881368
611.9,0.024710596,930.3312831376622
612.0,0.00047901258,3932.958203211122
612.1,0.008365736,2965.39787951971
612.2,0.010808294,2966.418968273285
612.3,0.00038481978,6432.944918923624
612.4,0.0055875564,2742.076918372505
612.5,6.855461e-05,6714.645059838476
612.6,0.0070887143,2318.212523660912
612.7,0.009997338,2819.829020210892
612.8,4.1136434e-05,8614.538972438515
612.9,0.0020401112,3995.617258300572
613.0,0.0077009154,2575.9825398411185
613.1,0.014958903,1634.1941696102563
613.2,0.008310017,2096.651131128011
613.3,0.011930364,623.3028314870191
613.4,0.009927464,1619.945863174466
613.5,0.0022575909,3513.7305773273106
613.6,9.6969e-05,6502.751149667118
613.7,2.2250262e-05,8318.461058762728
613.8,1.6511984e-05,9050.039421321424
613.9,1.5269132e-05,9270.51673971996
614.0,1.50096375e-05,9403.64935919833
614.1,1.2575854e-05,9607.42920511981
614.2,1.5404494e-05,9763.828175957986
614.3,1.4229498e-05,9313.683171454635
614.4,1.3486551e-05,9715.423111419976
614.5,1.3802965e-05,9799.955366169212
614.6,1.5068157e-05,9430.943144033057
614.7,1.27013955e-05,9618.177894322316
614.8,1.4356039e-05,9617.739462169313
614.9,1.3429275e-05,9533.978009857368
615.0,1.2915837e-05,9482.960103004592
615.1,0.02510025,1013.0810553699835
615.2,0.02700761,1646.9642281681379
615.3,0.017959282,1598.8187241571998
615.4,0.0006750781,3366.173087821829
615.5,0.012960108,2305.324301159155
615.6,0.002422154,3750.0220813873757
615.7,0.010682489,2710.358249202395
615.8,0.012303208,2386.818612077339
615.9,0.004355926,9341.355696834036
616.0,0.007847593,2552.51894004625
616.1,0.009087953,2348.40855389712
616.2,0.0076940795,1927.567578279665
616.3,0.008034267,1172.9620709525539
616.4,0.009972951,1911.9312409984454
616.5,0.006157733,2978.690729764794
616.6,0.010981935,1778.8230727410073
616.7,0.004436237,8875.153466445925
616.8,7.199553e-05,10428.599801585047
616.9,0.014704898,2376.705145830819
617.0,0.009935441,1264.1453663800366
617.1,0.004873112,2887.03020641835
617.2,0.002690654,2832.9012734260277
617.3,0.0057802894,2402.409646596678
617.4,0.01175693,1783.7430055777709
617.5,0.0073907413,2067.005540640388
617.6,0.00015028348,4197.350061682527
617.7,4.0231516e-05,6202.982287089282
617.8,2.9637524e-05,6892.203255224689
617.9,1.6292544e-05,8705.746541719775
618.0,1.4809973e-05,9291.500603414832
618.1,1.3276046e-05,9768.510062442927
618.2,1.2334326e-05,10034.355836381901
618.3,0.004059564,9005.432181528711
618.4,0.011511476,827.8950633542577
618.5,0.014356279,2816.6909027732218
618.6,0.013818776,2159.3605781912484
618.7,0.020461647,771.7426991631398
618.8,0.01872792,1713.2157940991663
618.9,0.024505794,647.3032202158042
619.0,0.014104489,1351.6124776656575
619.1,0.017609455,1283.0577219741297
619.2,0.018527856,1706.8422998847013
619.3,0.0069391453,1738.9471216406166
619.4,0.0018568529,5969.950413354268
619.5,0.0015729616,3457.081750228373
619.6,6.7492605e-05,8637.664729581087
619.7,0.0044524856,3326.3448319373965
619.8,0.008617146,1847.7091189088922
619.9,0.0011002527,2418.7646374688265
620.0,0.000110453446,4099.984030664129
620.1,1.894392e-05,8726.550931547652
620.2,1.4934921e-05,9328.156271411846
620.3,0.0026362261,3830.3677123814427
620.4,0.005207755,2982.260377253496
620.5,0.011466151,2606.2118951674956
620.6,0.012220626,3460.7011264762514
620.7,0.0053714663,3595.473425481182
620.8,0.010547783,1542.8949838059052
620.9,0.008109169,3451.1862587987507
621.0,0.010191878,2109.731862512659
621.1,0.013249706,2003.8480406041872
621.2,0.010666863,1164.3917269616854
621.3,0.00864123,3787.3052597638434
621.4,0.0011168692,3833.138263244096
621.5,3.6025143e-05,7767.431720576962
621.6,1.9140765e-05,8971.095066834017
621.7,1.084857e-05,10398.623832634743
621.8,1.0785795e-05,10357.853791929472
621.9,1.1084894e-05,10176.369127139576
622.0,1.0744825e-05,10272.774738946759
622.1,1.0692637e-05,10022.909436642236
622.2,1.0982861e-05,10209.89469583037
622.3,1.0475753e-05,10194.586400725835
622.4,1.0960408e-05,10252.3556639673
622.5,1.0635365e-05,10279.341691035554
622.6,1.066043e-05,10256.808560653639
622.7,2.4756993e-05,9032.753369450424
622.8,0.0011402792,1554.413481376866
622.9,0.012613422,1290.044622935258
623.0,0.007821194,1717.2283343619558
623.1,0.0015364154,1813.0006721830955
623.2,4.3897824e-05,5722.06184161535
623.3,2.6030271e-05,7325.748505695966
623.4,1.9523615e-05,8399.080854662123
623.5,1.5260983e-05,9074.011473796087
623.6,1.3269251e-05,9798.06427278859
623.7,1.4969428e-05,9335.904453851585
623.8,1.4943223e-05,9504.705030709963
623.9,1.48015015e-05,9446.072776689
624.0,3.961978e-05,9723.866153745477
624.1,0.01716375,1501.7771067843626
624.2,0.013691565,1061.2219545867674
624.3,0.012486463,2038.352589852679
624.4,0.0116828345,1321.8791531414786
624.5,0.0010039362,2169.549972835249
624.6,0.0020136598,6589.347735414868
624.7,0.0007920255,5717.324041157917
624.8,0.0115870405,1744.7969473731055
624.9,0.0025715702,11081.17055953752
625.0,0.004823028,3553.506014085276
625.1,0.0027127722,4075.408474813647
625.2,0.002964573,3860.1896494558937
625.3,8.835621e-05,7034.1810070833435
625.4,0.0028893917,1980.577897429552
625.5,0.0006144258,2701.766458640903
625.6,1.9237239e-05,9596.849375529575
625.7,1.05901545e-05,9929.133459126077
625.8,9.985713e-06,10035.214842616933
625.9,1.0314315e-05,10112.111848845305
626.0,1.0016895e-05,10252.993268382183
626.1,1.0131806e-05,10293.84080618189
626.2,1.0118393e-05,10085.451856783513
626.3,1.0363157e-05,10107.575729548367
626.4,1.0546666e-05,10097.561545031971
626.5,1.0436589e-05,9972.462992540117
626.6,1.0637423e-05,10156.960394030011
626.7,1.031167e-05,9936.048168775109
626.8,0.0020021882,2751.8782407112276
626.9,0.028424164,740.6837236212782
627.0,0.0039792946,1390.223345335341
627.1,0.019450102,759.4725776174049
627.2,0.022013772,1153.2985126171436
627.3,0.019572068,1530.925472205858
627.4,0.008316494,1166.5631209426183
627.5,0.012651317,1732.5857209461296
627.6,0.015626207,1018.7767364531913
627.7,0.009901936,1811.147310924173
627.8,0.011169135,1559.4750021328136
627.9,0.00017155688,4653.193123361346
628.0,0.004232482,6402.938259405833
628.1,0.0026121046,4086.0123735226143
628.2,0.0075214407,1930.347922098531
628.3,0.002598471,7974.825946296632
628.4,0.012251619,2314.0031668861275
628.5,7.1540315e-05,7790.727458609394
628.6,0.0038924827,2302.946786552316
628.7,0.0025605396,2399.6679158794705
628.8,0.00208958,3733.4883514104663
628.9,0.00051483704,2124.44202860737
629.0,2.9491253e-05,6738.172309293947
629.1,1.0648304e-05,10291.191888344394
629.2,1.063611e-05,10257.657938215167
629.3,1.0390815e-05,10275.016806186048
629.4,1.0262233e-05,10106.614469925804
629.5,1.0568842e-05,10230.261691318108
629.6,1.0199728e-05,10234.848262262854
629.7,1.072017e-05,10255.259814758416
629.8,1.0386969e-05,10110.123899511913
629.9,1.0814155e-05,10304.402328861777
630.0,1.0605693e-05,9982.008025335981
630.1,1.1641159e-05,9897.905108681578
630.2,0.002577121,3063.0705690347786
630.3,0.015697915,1141.8096358671658
630.4,0.022491317,1075.5514942302993
630.5,0.0240266,769.6184041089541
630.6,0.022429673,1463.3606254186893
630.7,0.02474832,831.8831771013507
630.8,0.013797038,1329.733275623125
630.9,0.018278074,1139.3217240597917
631.0,0.00020903097,5614.248789504037
631.1,0.008361688,1053.7836808911024
631.2,0.007423098,1327.8560575479528
631.3,0.010496945,1581.8779714264265
631.4,0.0006223374,4671.2485822577
631.5,0.0029563778,2888.363121578174
631.6,0.002580231,7456.354084434717
631.7,0.0006053021,8339.28200702956
631.8,0.010256673,1712.646150356498
631.9,0.0053657284,1691.8963072495524
632.0,0.0016979189,1970.6468544576105
632.1,8.4579435e-05,4165.654341750978
632.2,6.2461906e-05,4744.172635698942
632.3,3.0388166e-05,6913.240619652584
632.4,1.7618402e-05,8039.0725401240115
632.5,1.45356125e-05,9180.931330296335
632.6,1.7354887e-05,8917.200593829843
632.7,1.2291246e-05,9605.779864775664
632.8,0.000924408,8138.827328503107
632.9,0.0052416264,8238.763918440702
633.0,0.01805803,1220.2221051024178
633.1,4.2126085e-05,9003.615025610208
633.2,0.02641324,1123.78369821663
633.3,0.029190704,1256.4582375111781
633.4,0.008269633,2638.0624135776625
633.5,0.021111047,501.39676414530896
633.6,0.013246573,500.5872143492006
633.7,0.0019293434,4021.0529344989645
633.8,0.0332694,667.8182101316626
633.9,0.030988751,784.4086736352514
634.0,0.0004023905,4791.221696204882
634.1,0.0035039177,9097.023290273057
634.2,0.024149653,1521.5232615488005
634.3,0.018131958,1198.800841861408
634.4,0.015956057,1356.020880860102
634.5,0.0146574825,1272.6563307564816
634.6,0.00041900805,2974.164896853292
634.7,0.012192414,2817.199265617711
634.8,0.028236054,880.752105737042
634.9,0.0030112108,2928.407872950542
635.0,0.009755268,1427.7945736733905
635.1,0.0018466864,5694.916854850555
635.2,0.0064657386,3017.989037994787
635.3,0.015121756,1057.2902233801055
635.4,0.011524991,1712.5281991592653
635.5,0.000270334,3163.8820634612002
635.6,7.530316e-05,4468.4933786854235
635.7,2.1013238e-05,7965.472644869218
635.8,0.0060832314,1880.934727194162
635.9,0.017741632,1095.0976044226754
636.0,0.0135193635,1586.5603153248403
636.1,0.024477093,1655.418705730883
636.2,0.02745849,785.2719588906069
636.3,0.014997536,873.1337001920831
636.4,0.01638962,1035.5930430343724
636.5,0.01594431,1281.6032703750056
636.6,0.011451849,1562.073977384311
636.7,0.008753921,1511.8941512888723
636.8,0.006083319,1362.8573864453533
636.9,0.008543967,1951.1410282955342
637.0,0.017840955,1101.8391704212281
637.1,0.0010110348,2346.2157885962497
637.2,0.011222147,1172.934051283514
637.3,0.01697396,1280.356861924248
637.4,0.008121599,1355.8851539615112
637.5,0.0103576025,1133.7554784094475
637.6,0.0006502442,2314.3196246720872
637.7,0.00042691952,2685.6683034729595
637.8,0.00021223027,2850.9061461389083
637.9,5.8402882e-05,4706.155824258503
638.0,1.878827e-05,8528.685567973944
638.1,1.3064494e-05,9508.563645278791
638.2,0.00044866634,2145.896387153165
638.3,0.0287419,823.7547783927915
638.4,0.02313625,982.5561955406957
638.5,0.0008546119,2950.305451644425
638.6,0.0019003468,4646.352750815986
638.7,0.005295248,891.6829470455102
638.8,0.005453692,1612.3043059070728
638.9,0.005361816,1191.7029819478403
639.0,0.024251612,884.9927398267355
639.1,0.016713,904.7270671075582
639.2,0.0020528268,3939.4966058801956
639.3,0.029547665,514.1073640406263
639.4,0.017279647,1022.1114556075331
639.5,0.020542651,567.7239756260864
639.6,0.023397693,521.9076533458938
639.7,0.02257313,668.7378940939763
639.8,0.020738753,705.8480574509053
639.9,0.01794914,541.4051866377733
640.0,0.0101884445,653.7842358315131
640.1,0.023037113,855.2460951066435
640.2,0.0027825045,8125.610988363377
640.3,0.010387569,1886.435590227952
640.4,0.010596722,1121.7595120754295
640.5,0.01862111,853.7451404915516
640.6,0.020238744,960.1288041920313
640.7,0.016203506,781.5447963766694
640.8,0.0098636765,1462.4433575752946
640.9,0.008285971,1694.3698362904845
641.0,0.00033815656,2807.05390198021
641.1,0.0001142968,3549.6706973880855
641.2,3.892479e-05,6068.609129712987
641.3,1.631703e-05,8647.642801194701
641.4,1.7175218e-05,9440.422169534582
641.5,1.6780015e-05,9508.194394210444
641.6,0.0033913252,2136.098248116927
641.7,0.0023730737,2931.2771770944337
641.8,0.008322125,2766.6358910770005
641.9,0.0024433318,3302.8920340289624
642.0,0.0130487615,1516.672372591505
642.1,0.018900603,1454.3833216393866
642.2,0.013159901,2330.385062407286
642.3,0.010169698,2512.3361190673554
642.4,0.0068972744,2585.9540354004134
642.5,0.012725538,1546.8475686349243
642.6,0.007932673,1160.1200715401155
642.7,0.006726162,2823.114108745546
642.8,0.00027174896,4336.9440080717595
642.9,2.1929272e-05,8147.380271383086
643.0,1.4972339e-05,9268.577715835872
643.1,1.3541123e-05,9727.903312045884
643.2,1.302578e-05,9834.819375880397
643.3,1.3762342e-05,9858.94849408893
643.4,1.2584677e-05,9658.740702981948
643.5,1.3289497e-05,9763.290301813326
643.6,1.2700593e-05,9730.09232277744
643.7,1.4536817e-05,9042.494476688698
643.8,1.3408473e-05,9740.223707989231
643.9,1.2624732e-05,9709.916611397235
644.0,2.9907938e-05,9052.63519306693
644.1,0.015564123,1086.2129055924918
644.2,0.011779433,1472.7302790943343
644.3,0.00039260086,3154.0731474616914
644.4,7.563565e-05,5034.127732624034
644.5,5.4559325e-05,4784.043034108773
644.6,1.8028117e-05,8314.165834297895
644.7,1.3659831e-05,9297.84617002165
644.8,1.3228748e-05,9475.97900395457
644.9,0.0032604232,2894.9323414267706
645.0,0.014608381,1420.4710217269985
645.1,0.0007783748,6429.222205735299
645.2,0.0063400865,4555.684749310961
645.3,0.0047882446,9874.198340689469
645.4,0.0017886773,5593.938611029793
645.5,0.008781803,2258.5323126713165
645.6,0.0001593569,5665.88674305534
645.7,2.6713138e-05,7903.700136182649
645.8,1.8853501e-05,8547.64368451204
645.9,1.7969638e-05,8612.540125667783
646.0,1.556774e-05,8892.951052884178
646.1,1.3064279e-05,9533.51921420765
646.2,1.2587838e-05,9837.202973736581
646.3,1.3530274e-05,9549.929058541584
646.4,0.0428975,605.0716604140939
646.5,0.04564205,811.5142450820973
646.6,0.021136448,713.5821707900518
646.7,0.0034284843,10568.64730281236
646.8,0.016003262,1089.3562576556533
646.9,0.019021671,899.394533351847
647.0,0.028309954,808.494668361911
647.1,0.0049362867,2010.886796221273
647.2,0.0047334544,3273.3139586039597
647.3,0.0022214286,6724.098906316745
647.4,0.0024529963,5341.438030720262
647.5,0.010244885,2724.345802804009
647.6,0.0020608243,4199.067637152413
647.7,0.0025716699,2266.864549164461
647.8,8.665561e-05,5090.784030240191
647.9,5.2020467e-05,6183.4360801873745
648.0,4.3798475e-05,6212.125631783749
648.1,1.4835824e-05,9147.837616318511
648.2,1.6248598e-05,9004.999728016248
648.3,1.3381355e-05,9623.44138915584
648.4,1.2740034e-05,10027.784851986642
648.5,1.3362907e-05,9717.206738838895
648.6,9.721754e-05,8054.638436341199
648.7,0.0021196215,2758.5387213581485
648.8,0.017324625,1802.6700852605888
648.9,0.009429025,1635.2623053381997
649.0,0.0010454964,2251.2848992189843
649.1,3.3102733e-05,7535.1898258240635
649.2,1.6066539e-05,9332.223588628041
649.3,0.020534512,1186.951418791688
649.4,0.008449255,2186.271881225207
649.5,0.0062421653,3674.7811434817604
649.6,0.0048738667,2539.3932868825523
649.7,0.000611846,2700.928022116695
649.8,0.0006253212,2842.4370446405705
649.9,0.00024540973,2883.743613601424
650.0,5.479922e-05,5500.9038711040685
650.1,1.6689155e-05,8575.33549136457
650.2,1.4097068e-05,9456.463963957878
650.3,0.017239636,1377.626593548898
650.4,0.009218626,1922.6547135336823
650.5,0.010469405,1976.0244969464752
650.6,0.006060375,10407.776723453391
650.7,0.008060901,4362.419999175647
650.8,0.019390034,2213.6505681063272
650.9,0.008469199,2475.679571436493
651.0,0.002273077,2186.0158585249737
651.1,0.00013072298,4239.636364461438
651.2,1.8458877e-05,8493.126420647714
651.3,1.0916936e-05,10774.572211175459
651.4,1.0910681e-05,10241.454651550328
651.5,1.0790923e-05,10466.04073948942
651.6,1.1355147e-05,10572.217147590985
651.7,1.1030246e-05,10510.95162338189
651.8,1.1062371e-05,10458.520823299365
651.9,1.0727218e-05,10580.936626801933
652.0,1.0767418e-05,10597.779953662008
652.1,0.018298514,532.4561567956273
652.2,0.0050573265,3885.3763361855526
652.3,0.00039378775,5695.467021394111
652.4,0.014064008,2461.517244901815
652.5,0.0032093877,4745.036650839464
652.6,0.010636886,5143.159664246097
652.7,0.013845377,1782.4924457452476
652.8,0.013596317,2061.3169162160925
652.9,0.013038365,1961.205207475495
653.0,0.0027564203,2853.3305824646823
653.1,0.008289354,1400.3402248913985
653.2,0.0004963191,2658.28324148847
653.3,0.00017938702,2897.9428820280946
653.4,9.027876e-05,4303.055728147505
653.5,1.8155602e-05,7847.414304441619
653.6,2.3131623e-05,8444.691703399301
653.7,0.0065234094,10628.761183255992
653.8,0.047500737,977.3930505526267
653.9,0.035561536,1061.698746079699
654.0,0.032635327,777.1023691466655
654.1,0.024165284,1266.5548184830484
654.2,0.025371846,1345.9324490877682
654.3,0.0025694575,5159.823970931113
654.4,0.023217252,858.329157067077
654.5,0.02126542,1124.1579084569948
654.6,0.018246204,1757.7430688603915
654.7,0.031724386,677.5231433913762
654.8,0.02387935,704.2987627917603
654.9,0.008254152,1709.214976075949
655.0,0.0068427823,2523.0745856183567
655.1,0.02443033,1458.114084816381
655.2,0.017975127,2246.099166768726
655.3,0.0041794335,8853.694284174766
655.4,0.006187467,7108.701813943531
655.5,0.002282614,4672.064214163088
655.6,0.0050743828,9111.114214840329
655.7,0.007246119,2917.3297553522475
655.8,0.0130627,2375.2093259360618
655.9,0.008629287,2519.017273310018
656.0,0.00012835537,7110.155586954533
656.1,0.00010550887,4227.236763117188
656.2,2.9754798e-05,7349.01217303451
656.3,1.6203658e-05,8989.160693352269
656.4,1.48273275e-05,9403.343833004034
656.5,1.4694807e-05,9499.177310798475
656.6,1.3629442e-05,9789.068014294344
656.7,1.3702522e-05,9646.88584475193
656.8,0.014073263,1803.951534417295
656.9,0.025045788,1256.14531443106
657.0,0.0019945554,2458.622339562451
657.1,0.0012069279,6967.119343109261
657.2,0.002098005,7129.79422444677
657.3,5.16835e-05,8962.980463933602
657.4,0.0021465796,4671.568955844183
657.5,0.013718067,1540.0886249534235
657.6,0.0130409915,1420.483042028761
657.7,0.017559351,2003.9857620618723
657.8,0.009924307,2478.825150503845
657.9,0.0114749875,1101.7040891645872
658.0,0.0031516186,1573.6683062097613
658.1,0.0023657875,1481.3429029674521
658.2,0.0033400152,2229.4299751537924
658.3,0.0183701,930.8653811646867
658.4,0.025787698,708.3555735312227
658.5,0.01320029,2369.4084882086026
658.6,0.00024383326,5396.73567899208
658.7,0.00042460844,2740.697717922705
658.8,0.00019704725,2822.897767512273
658.9,6.748691e-05,4967.583875699795
659.0,1.8134597e-05,8513.584841085074
659.1,0.0008786864,8824.682999396326
659.2,0.009123538,8299.921999060523
659.3,0.02434979,1553.2480818818708
659.4,5.6594366e-05,7718.313487200692
659.5,0.03563831,1411.210194869947
659.6,0.028135873,1185.163915830401
659.7,0.013557861,2131.491392251546
659.8,0.025514072,1237.6387686983692
659.9,0.027273938,1202.4589870423076
660.0,0.037372883,1098.877747511628
660.1,0.013123124,1343.805488042288
660.2,0.026568275,1204.8195573479168
660.3,0.011114605,1411.4605639296597
660.4,0.004326252,5095.878134797306
660.5,0.017291958,1908.1497585162501
660.6,0.006194365,1700.5637508579985
660.7,0.0027093473,5622.09930333238
660.8,0.034301702,931.6861718113424
660.9,0.014001179,2121.7889851469326
661.0,0.0071378998,9812.47877820767
661.1,0.021240266,2212.117083106326
661.2,0.018287215,2134.317177415804
661.3,0.026577802,1897.408492482253
661.4,0.0011103835,2173.6448587782334
661.5,0.026297845,1706.255586369616
661.6,0.02154086,761.4504047755272
661.7,0.021953942,1390.6074335526544
661.8,0.0015809714,2087.952263370076
661.9,0.015731255,985.7676105791475
662.0,0.013313709,1864.8890365908612
662.1,0.014801443,2940.5934137302706
662.2,0.0006804338,3746.3662185664807
662.3,0.0053022187,4841.966988890708
662.4,0.0037175708,4249.486321205672
662.5,0.025995499,2312.043940128944
662.6,0.0074006435,2919.20559868283
662.7,0.0003202265,3570.4222290390935
662.8,4.3950702e-05,6765.051728513314
662.9,1.7777194e-05,8610.170760033889
663.0,1.0528671e-05,10343.325349095016
663.1,1.0805863e-05,10394.261688983213
663.2,1.045121e-05,10383.945852709167
663.3,1.0808578e-05,10394.624167620917
663.4,1.0068884e-05,10132.715449090992
663.5,1.0652941e-05,10281.351024666445
663.6,0.0009366428,4980.652825025271
663.7,0.00158982,9195.890350709204
663.8,0.023165204,1744.1486668518405
663.9,0.00010373334,6228.612159821907
664.0,0.003476482,9424.388740533044
664.1,0.00018968292,7033.4903425723105
664.2,2.1649192e-05,9194.386810566415
664.3,1.5123769e-05,9769.267737458747
664.4,1.3525415e-05,10186.88163925146
664.5,1.3037243e-05,9248.0436009166
664.6,1.2944818e-05,9683.072752708851
664.7,1.2518516e-05,9605.664250039414
664.8,1.595445e-05,9792.949563428241
664.9,0.00308568,5854.308558200588
665.0,0.005303943,4876.811305594479
665.1,0.0038784794,6627.702094385131
665.2,0.0026389826,8910.041809977083
665.3,0.0010242632,7448.705024231382
665.4,3.34603e-05,9579.483350126935
665.5,1.02087e-05,9976.153252687222
665.6,1.0727624e-05,10266.645132905487
665.7,1.0446724e-05,9969.285514403033
665.8,1.0448803e-05,10131.484736278257
665.9,1.0455009e-05,9917.183602345089
666.0,1.0479513e-05,10141.220251365587
666.1,1.258302e-05,9859.841613365541
666.2,0.038461436,1432.999404464722
666.3,0.0032762096,2339.8253723696816
666.4,2.3653618e-05,8444.60036447334
666.5,0.06741662,2525.1169397510557
666.6,0.002085886,3493.1717674957736
666.7,6.556051e-05,6373.947472315278
666.8,1.70223e-05,9227.844359525667
666.9,1.7952745e-05,9505.565431389468
667.0,1.3731293e-05,9627.218558418812
667.1,1.322283e-05,9614.801143607714
667.2,1.2538747e-05,9621.820513750812
667.3,0.00061978115,2523.345698373999
667.4,0.030057678,1767.0879606241165
667.5,0.032586075,2552.317857405692
667.6,0.0040377392,2397.224073507135
667.7,3.348869e-05,9298.957086119788
667.8,1.6207114e-05,9583.878811538278
667.9,1.5102453e-05,9166.716979819037
668.0,1.3694543e-05,9260.351375779384
668.1,1.2949836e-05,9711.669780910921
668.2,1.2942706e-05,10102.899329089909
668.3,1.402165e-05,9496.95280867165
668.4,1.6609667e-05,9429.409251758756
668.5,0.026276637,1885.9134658075193
668.6,0.030471586,750.0045883675336
668.7,0.031226091,1915.3088530278253
668.8,0.021042375,1996.0220198477696
668.9,0.030909827,671.6021750184285
669.0,0.009998785,644.9770041509087
669.1,0.02230065,688.4243626707087
669.2,0.004433797,1785.5618460113324
669.3,0.03340191,853.911226528839
669.4,0.02963341,691.3397486821774
669.5,0.022623843,922.6287347443911
669.6,0.030063862,916.8541373346417
669.7,0.014130372,3093.0501914372103
669.8,0.0034863562,9212.689373922267
669.9,0.016928522,1845.0186533187516
670.0,0.01838695,1912.791309371638
670.1,0.009760541,3702.1627443940006
670.2,0.014870286,1970.6272798307477
670.3,7.6943485e-05,7857.578723815884
670.4,0.029358005,801.4331040267928
670.5,0.02557813,1449.1744966608576
670.6,0.012218081,1711.8880457329024
670.7,0.0076507907,1446.5940297735754
670.8,0.0016384104,2198.750150801445
670.9,0.011588352,1926.0209831022478
671.0,0.008525742,1976.6372835393029
671.1,4.7638703e-05,7890.016353875153
671.2,2.8718441e-05,7895.762607576098
671.3,3.0089243e-05,7331.129003419721
671.4,2.0487343e-05,8213.325806255789
671.5,1.6172795e-05,8751.327552771108
671.6,1.650799e-05,8958.97327627856
671.7,1.3698193e-05,9469.274593385126
671.8,1.2453123e-05,9793.56757305223
671.9,5.4483502e-05,5680.12532535271
672.0,0.033871256,1391.5759402595559
672.1,0.01900532,1671.3339786622653
672.2,0.0052173384,9579.078014636452
672.3,0.002692029,6685.3954623613845
672.4,0.017016126,1752.9143259223572
672.5,0.00078087585,2984.801988369326
672.6,3.750712e-05,7147.413735752077
672.7,1.8810497e-05,8440.663091687533
672.8,1.5706437e-05,9289.090945128664
672.9,1.3302983e-05,9467.694992994195
673.0,1.47109085e-05,9240.92338510137
673.1,4.2764383e-05,8722.943240400413
673.2,0.004046879,8618.117239489287
673.3,0.036891516,1097.2553487778082
673.4,0.022809768,1652.6678408257442
673.5,0.014359696,964.2235708425341
673.6,0.0015074938,8990.580292143091
673.7,0.0059321215,4159.443338734091
673.8,0.003624796,3526.1070824579274
673.9,3.419827e-05,8268.914838163531
674.0,1.1166209e-05,10193.601358273238
674.1,1.0572758e-05,9936.424131957972
674.2,1.0099288e-05,9855.19523120216
674.3,1.0040183e-05,10001.624866746624
674.4,1.038497e-05,9948.465960940906
674.5,1.4576317e-05,9373.553218760564
674.6,0.012150596,2012.9730006416548
674.7,0.032829463,1053.5287633918242
674.8,0.0120614115,5594.973203803625
674.9,0.0044620354,4247.845133914103
675.0,0.0066593196,1329.6722593395657
675.1,0.0010866477,2959.685325967852
675.2,0.0017281001,4405.979577608713
675.3,0.013019305,1057.8536598950252
675.4,0.00034271288,4678.658289088494
675.5,0.004654099,5124.338527703911
675.6,0.0020948255,2950.158074288569
675.7,7.486391e-05,5818.923543602616
675.8,2.8835351e-05,7812.381935737141
675.9,4.4138287e-05,7476.235582870349
676.0,2.3343975e-05,8335.885349772441
676.1,1.3566893e-05,9634.903043025253
676.2,1.327496e-05,9340.7585931237
676.3,0.0025399774,9678.357604120383
676.4,0.015391276,1684.8235652879548
676.5,0.027407585,1309.769688270455
676.6,0.023150222,1413.7508948094762
676.7,7.0517395e-05,7781.55404547412
676.8,8.9417204e-05,8706.723396892816
676.9,0.015732432,1464.2117256928634
677.0,0.00016936196,5324.268537887605
677.1,0.00023172513,2840.4543752585014
677.2,0.00012168298,3456.4611503148362
677.3,2.2764365e-05,7976.178346807662
677.4,0.00012104202,8928.586618580273
677.5,0.02662343,768.7752019798952
677.6,0.015722452,1824.5543664905986
677.7,0.028527047,876.455121380033
677.8,0.028933192,669.3095314012965
677.9,0.021791002,967.9074179933828
678.0,0.00452625,3812.3306871867235
678.1,0.012811021,723.9902953758321
678.2,0.0001008738,7296.060826974759
678.3,0.017297508,1570.849828297527
678.4,0.02579551,1128.3254871445884
678.5,0.025414621,1487.1056548346132
678.6,0.024776513,663.3206736854904
678.7,0.024197636,977.5342366277099
678.8,0.02931404,953.6964747053491
678.9,0.016835684,1302.0752463159802
679.0,0.013691167,1582.3101189159768
679.1,0.00019185535,3578.51533530709
679.2,4.958085e-05,6092.22588334515
679.3,1.5736301e-05,8765.041295765846
679.4,0.0018929993,6509.497854759393
679.5,0.022283657,1968.0186854134665
679.6,0.030747825,1158.8657482279004
679.7,0.0013377018,6362.339627138544
679.8,0.011431805,2092.072454591499
679.9,0.011462341,1736.7980447768268
680.0,0.0021649715,4141.424775578721
680.1,0.015265765,971.8005347477113
680.2,0.0077153686,8905.08896129861
680.3,0.0051695094,5489.106982756113
680.4,0.009706376,2803.831175171573
680.5,0.010234352,5836.4406626910495
680.6,0.0020606078,4906.998573574753
680.7,0.00028390883,7522.856593983657
680.8,0.0058467686,2051.3155518599037
680.9,0.005333221,2121.2817857732034
681.0,1.088386e-05,10736.215791808183
681.1,1.0879514e-05,10202.328067363036
681.2,1.0605148e-05,10076.901608688124
681.3,1.07806145e-05,10375.743377942777
681.4,1.0655586e-05,10191.693674828053
681.5,1.104137e-05,10217.134315263549
681.6,1.0703316e-05,10620.77434520816
681.7,1.0925936e-05,10182.838603892444
681.8,1.0490108e-05,10342.504680752823
681.9,1.0873392e-05,10461.250894301651
682.0,2.2215652e-05,8212.058980958427
682.1,0.0028833796,9176.576310055212
682.2,0.014912527,1453.0592392783492
682.3,0.004435208,7767.428045141229
682.4,0.0027328767,8600.134682415617
682.5,0.0018796227,5205.438850653719
682.6,0.020889774,2023.3513847640208
682.7,0.00023632002,4462.4406172201325
682.8,0.00013420438,3651.5619524329027
682.9,0.00011979667,3449.191934674677
683.0,4.2818763e-05,6477.25481791212
683.1,0.00013658461,5584.187322638955
683.2,0.004117623,9649.072479875758
683.3,0.032363564,1533.816798193579
683.4,0.0074551767,3314.3309068313492
683.5,0.031240499,770.5288162813363
683.6,0.0086163785,2010.3788193235423
683.7,0.005208844,2047.0557772488214
683.8,0.003309979,4702.96878720369
683.9,0.014984455,1714.1806280905976
684.0,0.015448642,3259.3107448917062
684.1,0.0055243755,8847.618433691681
684.2,0.029410187,2004.2755284398736
684.3,0.0270195,1072.145376362242
684.4,0.011127405,2195.6646271138984
684.5,0.01888374,921.2658385249246
684.6,0.023514578,1779.599811040623
684.7,0.015727434,1662.9132671692003
684.8,0.0011393784,4041.179131029448
684.9,5.004803e-05,8795.937254674132
685.0,0.016968409,2116.2456026986288
685.1,0.0013702989,2976.1234494731953
685.2,9.726761e-05,4946.765708120276
685.3,5.093468e-05,5644.086299644516
685.4,2.487641e-05,7491.29525322862
685.5,1.5223641e-05,9044.569141220352
685.6,1.4512739e-05,9496.940495673633
685.7,1.3140101e-05,10092.40142670651
685.8,0.013501833,1896.9853141538365
685.9,0.023743372,954.934077650951
686.0,0.022739446,1682.7143682086744
686.1,0.000161811,6886.484987963385
686.2,0.015264293,1532.2010152708444
686.3,0.010038026,988.2302915688864
686.4,0.0005063792,2389.724004729417
686.5,0.015470836,579.2678243750876
686.6,0.0009114308,6372.45107477943
686.7,0.031278282,703.2316756943383
686.8,0.03296234,803.2786973120711
686.9,0.019905187,771.288541387178
687.0,0.0012244218,2473.484641261159
687.1,0.012844259,2140.364501557652
687.2,0.022079794,1298.6795104565017
687.3,0.021416236,507.63982691956613
687.4,0.01888138,1413.8021026562565
687.5,0.028988771,752.7717095159638
687.6,0.027308535,585.8244723190579
687.7,0.029556263,797.1926241537685
687.8,0.030229809,741.9545483573825
687.9,0.0002609926,4661.693125707115
688.0,0.008533877,2556.372554670039
688.1,0.005723047,8627.249932705263
688.2,0.018444737,1676.2441866716717
688.3,0.0011495901,3062.5220706024506
688.4,0.00016259303,4118.732070171888
688.5,9.7667355e-05,3978.997860824139
688.6,3.904991e-05,6233.054616387788
688.7,1.7202534e-05,8620.83083054113
688.8,1.38882615e-05,9498.485801553688
688.9,2.6870426e-05,9256.64113207073
689.0,0.0131478775,1649.5563071979307
689.1,0.0033813221,5190.473556507457
689.2,0.017527245,3676.308866867129
689.3,0.004641212,6585.594220673584
689.4,0.022740155,3833.379444774102
689.5,0.0003825778,5960.75163522669
689.6,0.023366198,3577.2561465181266
689.7,0.025259024,1810.157506050964
689.8,0.0034908166,2422.5480762077523
689.9,0.03011109,667.8363044107978
690.0,0.028726796,855.7254197943926
690.1,0.019468933,1326.333665022905
690.2,0.007492405,1605.2702134559281
690.3,0.00034819488,3049.579041573707
690.4,9.802021e-05,4188.434214582057
690.5,0.00067322777,5138.790151601123
690.6,0.012778625,6677.5426681835
690.7,0.022763299,2225.5833975703345
690.8,0.019136671,2021.7528516634588
690.9,0.019496093,2070.1144119836936
691.0,0.021819877,1996.9453747720459
691.1,0.019763704,1241.1614356815185
691.2,0.014486191,2197.6068126136834
691.3,0.010662264,2217.3356802027074
691.4,0.0033262814,3544.981713693733
691.5,0.0077922707,2710.6291825532644
691.6,0.0073767444,1759.2089061296954
691.7,4.3607994e-05,6592.894088528214
691.8,2.439899e-05,7904.556060443878
691.9,1.78442e-05,8395.585812539734
692.0,1.3122284e-05,9647.493584850748
692.1,1.4242469e-05,9483.119433078613
692.2,1.462379e-05,9512.176855954984
692.3,1.2980629e-05,9720.949226370714
692.4,1.3516728e-05,9686.38385829936
692.5,0.020523202,534.1793382359688
692.6,0.0341587,816.1454160377043
692.7,0.038089406,866.3171227606482
692.8,0.028379122,1206.640955143806
692.9,0.018454112,1225.0830741828756
693.0,0.0005953283,2469.1488275627357
693.1,0.00024933481,2622.5861509394035
693.2,0.000120824574,3783.277223887877
693.3,3.746044e-05,6144.330954728676
693.4,1.4793927e-05,9326.070691929199
693.5,0.0077984277,1885.1909271931543
693.6,0.014811713,752.8778437092787
693.7,0.001979285,2549.3301158870836
693.8,0.023467597,949.0421477087984
693.9,0.027775949,1043.874196893062
694.0,0.006437455,854.498123735568
694.1,0.016041527,987.5948080633909
694.2,0.013964023,711.4021834161514
694.3,0.020492364,948.7044929309443
694.4,0.011381846,794.5142690511443
694.5,0.018808236,1288.6137939268874
694.6,0.018837089,1485.134698270027
694.7,0.021699265,758.4601698207568
694.8,8.471518e-05,7316.217210645907
694.9,1.8672334e-05,8738.889316299308
695.0,2.436827e-05,8853.797107170667
695.1,0.0104603935,2871.8313276536464
695.2,0.011871831,3020.7879049367207
695.3,0.0023259695,3676.751964524465
695.4,5.0534523e-05,8294.438111826377
695.5,2.3983863e-05,7919.142023251705
695.6,1.5418316e-05,9062.557403308678
695.7,1.4891646e-05,9232.486933468586
695.8,1.5059768e-05,9459.935483651734
695.9,1.276263e-05,9799.090296063458
696.0,1.30381395e-05,9648.72811145171
696.1,1.3345988e-05,9827.362817412097
696.2,1.3658433e-05,9593.390187725263
696.3,1.2580313e-05,9841.193329371023
696.4,1.2764262e-05,9898.224149681568
696.5,1.4458854e-05,8899.121089499135
696.6,0.0022987663,3813.80928118508
696.7,0.028964309,1873.477004071707
696.8,0.025014605,1075.6548214648178
696.9,0.009243237,1011.4238965771401
697.0,0.013470717,1336.8413385446859
697.1,0.016068097,1515.777953376175
697.2,0.019192282,1740.7776471974025
697.3,0.0017641744,9128.001503085421
697.4,0.00757864,2765.7591272602785
697.5,0.024803728,754.4637440361421
697.6,0.026197547,1010.031030916928
697.7,0.025192231,1405.1482266324695
697.8,0.034958255,571.4716425576914
697.9,0.03357042,1078.3993367289681
698.0,0.02086011,1594.2471872819003
698.1,0.0016202157,7430.327542923253
698.2,0.013462693,1032.7228663275362
698.3,0.021270258,1012.4607139823372
698.4,0.0124539845,2236.5453214062945
698.5,0.021169722,1621.7967870130617
698.6,0.0205245,1664.3093379351749
698.7,0.017506853,1763.55686860107
698.8,9.682438e-05,7787.690090810305
698.9,1.2588154e-05,11089.28378497913
699.0,1.0910014e-05,10294.170099020752
699.1,1.094495e-05,10261.365791483353
699.2,1.11114905e-05,10416.20533765517
699.3,1.0592447e-05,10243.674574292261
699.4,1.1111388e-05,10443.292396695091
699.5,0.03251328,603.9217704404182
699.6,0.037865102,979.2456388699807
699.7,0.04003032,1191.4325460354407
699.8,0.03007791,1067.3376370109186
699.9,0.010525094,718.3210534300484
700.0,0.018761173,715.5501779969557
700.1,0.00016582242,6345.124437311561
700.2,0.050226163,778.4810432352048
700.3,0.031890452,874.2267069552084
700.4,0.038001113,732.2100754752157
700.5,0.025041154,453.1443780773302
700.6,0.025988061,878.7922966282408
700.7,0.013060614,3794.484048355589
700.8,0.015682198,1914.1082005411404
700.9,0.0019808176,8806.517243482018
701.0,0.014214949,2721.520188888831
701.1,0.0019405817,2399.3099611665525
701.2,0.019987313,1825.0987421345458
701.3,0.0081705935,8502.80593479209
701.4,0.0018273545,3653.7265062493716
701.5,0.014649845,1208.6249982853174
701.6,0.012585798,3454.934417121308
701.7,0.003185948,8845.679015829344
701.8,0.015086546,1512.1955084539209
701.9,0.017128909,940.912135151792
702.0,0.025879903,1173.725954365855
702.1,0.026520012,1128.929317273047
702.2,0.03176981,995.0212577404305
702.3,0.026535878,1693.2595358917627
702.4,0.00092461985,4442.366740074817
702.5,0.00024739007,2853.2341145676096
702.6,9.4789575e-05,4108.5427649003395
702.7,7.985161e-05,4252.471150172151
702.8,4.559718e-05,5680.983007320032
702.9,1.950975e-05,8517.025163952845
703.0,1.4813195e-05,9109.52771707765
703.1,1.2823226e-05,9557.100748383826
703.2,0.0018723091,8902.684354435378
703.3,0.016424956,2378.402836995384
703.4,0.019786285,1799.7548162124137
703.5,0.025617857,1148.3953446354028
703.6,0.007185969,1331.1410157583402
703.7,0.0022745603,7985.741878157398
703.8,0.015496329,1270.0908965845729
703.9,0.02418713,1058.5175253932564
704.0,0.025078926,591.1889236285256
704.1,0.0050603114,7878.969410545456
704.2,0.0059569147,6035.036851180267
704.3,0.02677268,945.3222360024467
704.4,0.00029039392,6924.139995037916
704.5,0.018140525,1826.1456400799136
704.6,0.024431068,2169.236971912789
704.7,0.0003630167,3753.414470625038
704.8,0.00039836005,2534.536861727179
704.9,5.480227e-05,5077.980174038596
705.0,0.03459703,993.5630334309417
705.1,0.0375805,1009.3958556261323
705.2,0.0029693444,4241.217913835977
705.3,0.02901278,981.6263470143331
705.4,0.022967508,1701.9201337982422
705.5,0.027809365,1222.422738312093
705.6,0.035593588,741.004684437298
705.7,0.018594328,1467.780638307232
705.8,0.026761878,2054.5718088692674
705.9,0.02160954,1457.2780031883372
706.0,0.0037394753,2011.8230393804413
706.1,0.0026842235,4537.04523898236
706.2,0.00029588473,6687.843565952016
706.3,0.01827228,1938.6627154149924
706.4,0.0061642514,1953.772438058858
706.5,3.4695553e-05,7390.465497099993
706.6,2.2214617e-05,8341.01165370147
706.7,1.2619774e-05,9213.312053217986
706.8,1.04541705e-05,10242.220650713987
706.9,1.48447025e-05,8633.16636044223
707.0,1.3973469e-05,9193.611179402506
707.1,1.3018488e-05,9627.360154843182
707.2,0.00042940115,3192.8106047859
707.3,0.032844696,1553.2213969791896
707.4,0.015445809,1111.4743156642385
707.5,0.016332706,1102.856248691801
707.6,0.013639055,817.9931779976579
707.7,0.010863367,812.2352193768002
707.8,0.00020712291,2920.3697706665525
707.9,2.2614708e-05,7677.729433946419
708.0,1.568151e-05,9389.619417044227
708.1,1.4302186e-05,9345.224068320565
708.2,1.3544194e-05,9566.797450917606
708.3,1.8819856e-05,8597.253402359725
708.4,0.03331593,1405.5458685733788
708.5,0.020991284,1600.262025086176
708.6,0.0052552437,1935.6816872177333
708.7,0.012723144,1289.622726093696
708.8,0.0036562786,1407.9003023518549
708.9,0.0010590455,1620.9803352871622
709.0,5.4773867e-05,5096.233591734931
709.1,3.3209417e-05,6917.491200336803
709.2,2.1159476e-05,7771.5240455105995
709.3,2.0033725e-05,8038.509841846409
709.4,1.5460475e-05,9013.257274459398
709.5,1.6483631e-05,9463.665223514778
709.6,1.6153565e-05,9447.278494586673
709.7,1.5606838e-05,9081.337949402146
709.8,1.5408532e-05,9955.899867116195
709.9,0.002923451,2266.624371199461
710.0,0.024386058,818.5028653884574
710.1,0.014200875,1114.3381479125912
710.2,0.008155977,2960.441838101063
710.3,0.017268997,1353.9878334540056
710.4,0.003776253,8153.945911213308
710.5,0.022533035,1243.593929927989
710.6,0.02482071,1160.033373705573
710.7,0.028023321,594.6655966244599
710.8,0.026184944,898.6197625540328
710.9,0.02653215,1184.9775797688642
711.0,0.017045958,1227.2906452177895
711.1,0.005813934,6905.89610575097
711.2,0.0029717328,6622.258782247638
711.3,0.023511622,1386.651570109517
711.4,0.0030915223,9852.642179364077
711.5,0.0053786114,3306.474255632548
711.6,0.004301727,3201.289719885038
711.7,0.0016373104,2310.239330413856
711.8,0.00018348153,3746.575048822709
711.9,9.539785e-05,3948.137964919676
712.0,7.095974e-05,4904.940966585671
712.1,3.3597385e-05,6512.279242783017
712.2,4.781982e-05,9230.962409004063
712.3,0.003535974,9451.525982384941
712.4,0.036043633,976.3069298574364
712.5,0.035695177,929.205423787129
712.6,0.038308915,659.8365534264566
712.7,0.036139514,544.4574693171821
712.8,0.017846853,1783.2182973658482
712.9,0.0022097658,6590.269432155843
713.0,0.034546595,682.2480597090871
713.1,0.016242798,698.8048496146736
713.2,0.018296007,1287.9570579590795
713.3,0.033693712,696.2755911042548
713.4,0.013080302,2207.881489355561
713.5,0.0005911416,4311.390450620647
713.6,0.03098323,708.1259240364246
713.7,0.028443364,748.7672852437659
713.8,0.005607461,7964.67510526735
713.9,0.013520952,2914.687044902166
714.0,0.01218166,2113.7393374489484
714.1,0.013054266,1668.0611736589635
714.2,0.0035679264,8189.771781944342
714.3,0.010147507,1641.6328368266436
714.4,0.017305546,1550.1320846831293
714.5,0.00057960243,3869.791262407943
714.6,0.00043621205,2641.6877545363336
714.7,0.0001813888,2848.765357803911
714.8,3.368714e-05,6511.249270308635
714.9,2.5054878e-05,7068.437349969994
715.0,0.0033853077,8970.625180700248
715.1,0.03304484,1229.454231760411
715.2,0.00010653943,7950.815721887049
715.3,0.0035111476,6933.169993351437
715.4,0.030133756,1253.6378544531422
715.5,0.024129808,1043.3461415416987
715.6,0.0047291373,8961.916520204179
715.7,0.014651018,2164.8679369891356
715.8,0.006608099,8603.836762601877
715.9,0.014405547,1204.7635276462988
716.0,0.025766784,1623.5986664614863
716.1,0.010143831,1832.4939790956037
716.2,0.00011024495,6970.79235346932
716.3,5.3469485e-05,5986.485606558054
716.4,1.796207e-05,8792.006498790182
716.5,1.4395807e-05,9466.755301922334
716.6,1.4511243e-05,9391.88612563018
716.7,1.4120683e-05,9354.681132318474
716.8,1.4939852e-05,9734.679462484673
716.9,1.4247503e-05,9429.5941643158
717.0,1.6703654e-05,9400.610923321568
717.1,1.896399e-05,8963.246496269561
717.2,0.021598546,6287.168295972782
717.3,0.07092076,1525.3520263830435
717.4,0.047067318,1732.6193793985863
717.5,0.026628118,2054.3152765094874
717.6,0.00011844359,7848.665408037186
717.7,0.015609252,8836.277121359195
717.8,0.006512857,4062.345489258464
717.9,0.02637369,3099.29054753947
718.0,0.020212242,2756.267008372882
718.1,0.010561664,3158.475017997354
718.2,0.0017137051,3794.0710040376835
718.3,0.0024525549,4306.771562687576
718.4,0.0023079016,4550.073711819451
718.5,0.0006790398,3246.65651465363
718.6,0.005431468,6375.286372400673
718.7,0.017311547,2277.216627488612
718.8,0.018461408,2641.158787619699
718.9,0.030028135,2176.523879917347
719.0,0.009639512,1860.932725183855
719.1,0.015730973,8626.946869076117
719.2,0.009968074,4385.398454300013
719.3,0.010805398,4036.665962422484
719.4,0.012246217,3926.929678758959
719.5,0.007454511,4152.439836246869
719.6,0.0014472053,4546.835028910869
719.7,0.00030344375,3510.5441810334723
719.8,0.00013922769,3681.357023460307
719.9,6.266189e-05,5470.343841543093
720.0,2.2712618e-05,8820.586625609052
720.1,0.0010000396,5976.994920866843
720.2,0.017849674,3641.02464726769
720.3,0.01489016,2116.091201456465
720.4,0.029226283,1507.2941941052165
720.5,0.031297512,1904.3033352248176
720.6,0.0032050717,2489.7890609991928
720.7,0.005238605,8676.805472619373
720.8,0.024052821,2553.9364328614483
720.9,0.017488271,2425.9669245550463
721.0,0.020089569,2915.823527088805
721.1,0.012796646,3905.2886978083725
721.2,0.02253533,3875.647891971683
721.3,0.004121895,4782.326331392851
721.4,0.0021824704,4466.672274980182
721.5,0.00059236743,3573.2047444733535
721.6,5.8655918e-05,6659.754390317395
721.7,0.0032640386,9164.79344249703
721.8,0.015832521,9157.773477244547
721.9,0.012511192,3828.571730571438
722.0,0.01563126,3340.0660768418293
722.1,0.006136568,6642.38051000292
722.2,0.012956645,4349.72277092612
722.3,0.009610398,9196.360755813013
722.4,0.007831286,4625.192056932828
722.5,0.007508082,3824.5145597412875
722.6,0.0024584811,4238.971908742143
722.7,0.00092647964,3709.658590877318
722.8,0.00024826132,3932.721476364037
722.9,0.0010407282,4612.190915159279
723.0,0.00064083555,4927.016937637927
723.1,0.00013498178,4585.641639698996
723.2,0.002402575,9022.55772080816
723.3,0.010359805,9715.723378286712
723.4,0.0077210963,5050.003169631442
723.5,0.015122872,3523.509323178534
723.6,0.01414132,3043.887664594742
723.7,0.01250606,3319.5205378239907
723.8,0.008868137,10914.227418642833
723.9,0.004256139,5648.029484058936
724.0,0.007300101,4279.851841335157
724.1,0.007899853,4357.169813478611
724.2,0.0012963945,4917.073487973341
724.3,0.0005263418,4550.31198979201
724.4,0.004358149,4526.240881388287
724.5,0.001738437,4933.578079055393
724.6,0.001207746,4793.228226157597
724.7,0.0034833755,8702.89040780234
724.8,0.0040528527,8273.150607773341
724.9,0.012530056,5074.7630174329115
725.0,0.008956253,3849.466736940233
725.1,0.019667361,2642.0428220073
725.2,0.01731687,4379.805871174987
725.3,0.011079842,7840.883525138232
725.4,0.017303975,6392.474362469751
725.5,0.009109359,8767.14171175993
725.6,0.009992451,9432.489024850165
725.7,0.012885943,4833.267430308568
725.8,0.016510613,4445.03333872899
725.9,0.0010438917,8384.936471058616
726.0,0.0046638777,5440.585537316583
726.1,0.015147064,3803.3097619260325
726.2,0.041973773,2653.3331750442685
726.3,0.012099238,7345.2028063221405
726.4,0.026944807,5106.02538867429
726.5,0.011580429,6771.222786097489
726.6,0.018759497,7699.104720720419
726.7,0.017656563,3667.490221956493
726.8,0.016144862,3545.009835002001
726.9,0.013669293,4442.627238565716
727.0,0.010047846,4271.811766374894
727.1,0.0028658628,5008.212649349542
727.2,0.00062784954,4868.230922232131
727.3,0.046315804,2276.8336702860074
727.4,0.079120256,1699.042449294811
727.5,0.05664071,1591.41313461648
727.6,0.06268734,1710.2176485058324
727.7,0.041154396,1517.2723056548289
727.8,0.0014068517,2028.6062370634736
727.9,4.2285235e-05,7694.762118430497
728.0,0.00043072202,1818.5992998396455
728.1,0.0018348155,1547.37499925103
728.2,0.00044169335,1561.0006473422663
728.3,4.435538e-05,7347.122987922307
728.4,0.00039033222,3177.991896781203
728.5,0.06383999,9363.46087757999
728.6,0.051058274,1124.8771418157264
728.7,0.019615183,2012.2757050595408
728.8,0.04047417,1772.9619344025878
728.9,0.033186443,1033.787955387306
729.0,0.0018388723,7679.852336894168
729.1,0.009197396,2167.034396877943
729.2,0.016019916,1889.0667833919447
729.3,0.016116174,3682.6690001885763
729.4,0.050642412,1620.4205522683233
729.5,0.024382247,8300.7221402452
729.6,0.023827551,6543.65640426281
729.7,0.055284556,1568.80858555385
729.8,0.013879361,8541.231715883947
729.9,0.010480766,2426.902229678079
730.0,0.034508903,1537.2274951451045
730.1,0.0062884046,1047.8567431207903
730.2,1.1169217e-05,10410.51609066098
730.3,0.05478221,2014.1854799353555
730.4,0.009136238,2227.0242415591174
730.5,2.874194e-05,8671.400872448596
730.6,0.065086715,1938.5010639207921
730.7,0.13027543,848.6623993242497
730.8,0.12721752,1304.37779135122
730.9,0.042667214,2243.4129695937
731.0,0.06793081,935.6649004384503
731.1,0.032941744,1146.216843708861
731.2,0.0114126885,1648.164810068195
731.3,0.0046877093,3560.68764191411
731.4,0.025812007,2008.2264364405578
731.5,0.05596138,1310.0325770134073
731.6,0.035948273,1641.2729696535052
731.7,0.026087707,1791.9155043404187
731.8,0.0055576884,1658.7409777393975
731.9,0.00046046404,2840.464250644423
732.0,0.0048214924,1184.7239268452138
732.1,0.15823916,1346.5302075394625
732.2,0.14834118,1077.534102749501
732.3,0.123599574,1271.6294995564276
732.4,0.020457132,3348.870298869207
732.5,0.029419342,1007.7517174673269
732.6,0.048606925,1318.4703566431208
732.7,0.0033757982,9503.415482546912
732.8,0.017714541,2315.5904974501327
732.9,0.0016550877,4030.1575863326216
733.0,0.019532954,8232.750678603348
733.1,0.11757297,1399.40893306143
733.2,0.0788563,1396.2064252091495
733.3,0.0009296287,5142.130976210959
733.4,0.10297577,1558.6140232489445
733.5,0.06659294,1599.3988797693949
733.6,0.010153265,3083.917874362486
733.7,0.049797624,2120.3629522302845
733.8,0.02040078,4523.614237561637
733.9,0.016646799,8964.62138257057
734.0,0.017081285,3871.593541134227
734.1,0.011007644,4021.90146397842
734.2,0.005453385,4218.992832699072
734.3,0.041040905,1917.2415241161552
734.4,0.020862773,2831.504126232097
734.5,0.00015521425,8317.120254031139
734.6,0.025414318,2651.992933516407
734.7,0.015838595,2526.778118095394
734.8,0.0007828384,3326.058613395732
734.9,3.315613e-05,8873.879360907871
735.0,1.5059979e-05,9079.614362837357
735.1,1.0330314e-05,10065.429731159278
735.2,1.0619987e-05,9958.632753098733
735.3,4.8185222e-05,5372.366212641274
735.4,0.058813207,1286.2732210377392
735.5,0.00955879,2954.8735642755464
735.6,0.063653626,1333.1745101116308
735.7,0.063202046,1403.1517824485134
735.8,0.05426648,1471.8906881488938
735.9,0.00023249639,6590.162036782111
736.0,0.061368924,1670.3926011481626
736.1,0.00027134348,5595.198424866474
736.2,0.010853239,6482.200316260678
736.3,0.07541297,1211.9063402617705
736.4,0.078118786,1105.4324874065258
736.5,0.067462526,1363.8242249003447
736.6,0.05865237,1828.7441292980218
736.7,0.015484747,6896.470217815849
736.8,0.043101717,1611.9749470498962
736.9,0.05782004,2483.9086249637353
737.0,0.0012687616,3003.6474502056076
737.1,0.033203583,1855.0295507004419
737.2,0.006666765,2849.426625529755
737.3,0.026691979,2137.0370761599215
737.4,0.00041866713,5845.726226826941
737.5,0.00034334825,1960.9004368341532
737.6,0.00021194013,2514.215587433863
737.7,1.08272725e-05,10179.571614781744
737.8,1.0614316e-05,10142.29910125432
737.9,0.019197462,2288.974499491233
738.0,0.07864366,1539.3759706748094
738.1,0.1405276,1808.4487743878421
738.2,0.014066061,4448.657285252944
738.3,0.064104274,1426.0315774639978
738.4,0.0227389,1806.994874633478
738.5,0.005951647,2493.5670789047663
738.6,0.00053299766,4895.519696561753
738.7,0.04312351,1756.7700515460244
738.8,0.000110761786,5028.887076546599
738.9,0.027984962,2120.2165659055313
739.0,0.00035804938,6167.854829223614
739.1,0.00010698619,4075.8268029544824
739.2,0.00014794165,3432.3623985402087
739.3,4.8058304e-05,6054.659480150356
739.4,5.3067724e-05,5376.021847082432
739.5,0.00070302736,4038.8303937974983
739.6,0.015156996,9526.674557931285
739.7,0.08032409,2087.3564095238617
739.8,0.09940102,2191.3165783133372
739.9,0.13259505,1210.8146647248636
740.0,0.05005126,1575.2803617465895
740.1,0.008148835,3230.581079124799
740.2,0.033943232,2667.386958450795
740.3,0.00058164337,3243.4589666041675
740.4,0.008343151,4862.367061085532
740.5,0.01879906,1953.6408923279619
740.6,0.00011594837,6511.897674440954
740.7,0.022540377,4090.4898252253765
740.8,0.016511163,2966.894744412131
740.9,0.015811378,2235.069166217214
741.0,4.2812968e-05,8507.650314657221
741.1,0.010613346,2590.1444387288443
741.2,0.00029866773,6903.804967985852
741.3,3.729984e-05,7755.811743684812
741.4,1.3995094e-05,9516.678559973307
741.5,0.00029471438,2938.9573070373212
741.6,0.022256382,3220.0557738538237
741.7,0.022894233,4786.958158153495
741.8,0.038384385,1440.0195413513143
741.9,0.04093195,2099.590045290498
742.0,0.036148023,1566.7192241540163
742.1,0.03139065,1108.7828906936825
742.2,0.014799659,1150.3686976632105
742.3,0.01860064,1475.4503637444527
742.4,0.020722358,1261.7409687269455
742.5,0.015781233,1746.7928428202877
742.6,0.021504553,1119.2314160172573
742.7,0.013177172,3162.7593286445713
742.8,0.0055196774,9277.378938198468
742.9,0.013995291,2550.843317121232
743.0,0.024165533,1545.7954588951084
743.1,0.0034456772,2243.703922405011
743.2,0.017812315,2318.015438668703
743.3,0.0019095495,3159.4444188402467
743.4,3.1250645e-05,8193.502562528163
743.5,6.767739e-05,8350.819318394231
743.6,0.024516111,2253.624124516362
743.7,0.015405343,1733.035161329302
743.8,0.029326435,1446.4532416175516
743.9,0.039776508,1315.2155273950862
744.0,0.0035511886,4915.988522387333
744.1,0.032296106,2443.725396750544
744.2,0.035798233,1125.8879557821829
744.3,0.03754009,2076.847537084577
744.4,0.031606242,1871.9426528449073
744.5,0.022573931,1844.7688843510787
744.6,0.01928959,2024.820964297941
744.7,0.022197248,910.1629526241627
744.8,0.012235613,2908.7331341262698
744.9,0.0015137139,3914.7452265702645
745.0,3.2196476e-05,8267.739830484294
745.1,1.092035e-05,10123.036272595913
745.2,0.027773121,995.6598676342732
745.3,0.04471255,1942.808744093189
745.4,0.058981773,1407.26796709536
745.5,0.0008488107,3042.8828370715364
745.6,0.0044171885,5605.324285491177
745.7,0.049811754,2367.774062055375
745.8,0.016301712,4091.163550529819
745.9,0.03130588,2276.074616745685
746.0,0.018867098,2322.288991999513
746.1,0.021624846,2339.537060268124
746.2,0.021213423,2706.489705611712
746.3,0.014726231,2309.6496076798016
746.4,0.009709925,4141.887889888599
746.5,0.027445419,2383.023887075547
746.6,0.024295274,3011.9707160627618
746.7,0.009304363,3609.5006006738095
746.8,3.7956725e-05,8281.099548702075
746.9,1.088074e-05,10234.539903276665
747.0,1.0786677e-05,10084.336901991173
747.1,1.0621673e-05,10168.491754307783
747.2,1.0243948e-05,10142.80093584867
747.3,0.0039883885,6739.097121852057
747.4,0.025909241,2521.436349385652
747.5,0.0039061995,3185.7502448166756
747.6,0.014172083,3615.8477607027967
747.7,0.01612363,5849.283122794624
747.8,0.034515537,1168.8785198532023
747.9,0.02800343,1549.049429867648
748.0,0.014599236,2684.8935605094293
748.1,0.0037151978,4338.833591259701
748.2,0.009154633,3958.7418271604565
748.3,0.018692767,2916.864632983151
748.4,0.013994195,3826.4110398810562
748.5,0.0057451692,4914.363855309151
748.6,0.00031111276,4006.1453840790336
748.7,1.1366361e-05,10230.118702355509
748.8,0.013932032,820.1635879261493
748.9,0.029065944,2917.8076166359006
749.0,0.03215978,2582.2873649609455
749.1,0.029960727,1514.331553896474
749.2,0.029879548,1568.4699412954262
749.3,0.018258335,1815.675646650718
749.4,0.016760467,6294.9668167237705
749.5,0.02731528,3285.5974318700883
749.6,0.033983216,2938.2309212862983
749.7,0.036171827,1819.4427056816671
749.8,0.036220558,1152.1535573672495
749.9,0.033459816,2629.3014999086236
750.0,0.03820362,1089.2968562404785
750.1,0.03539837,2694.605105453453
750.2,0.039683852,2423.7305697311135
750.3,0.00073965394,4368.734848611461
750.4,0.04039789,1886.9828233669614
750.5,0.039977845,2195.6128369419284
750.6,0.0007085105,3275.277652791341
750.7,2.4079458e-05,7691.7861301511675
750.8,4.2469448e-05,6663.527488486304
750.9,4.9040544e-05,5316.183101711055
751.0,3.3333286e-05,7220.744907502473
751.1,0.020572666,2785.6659152061375
751.2,0.016107876,2691.4707614324557
751.3,0.034071293,2818.5477454387114
751.4,0.017875496,10095.585615781463
751.5,0.030289508,2524.573696944926
751.6,0.034274727,1888.8039220153314
751.7,0.008269247,2284.236447938276
751.8,0.027097221,2410.4591430876126
751.9,0.03958723,1364.888079340651
752.0,0.004097262,7207.8076331605225
752.1,0.0097452905,2899.468097406131
752.2,0.02920239,2028.0805476242092
752.3,0.043880783,1848.8286513819207
752.4,0.043961797,1615.5743089933103
752.5,0.047525957,2287.068890918073
752.6,0.029754173,2087.7062026155813
752.7,0.031725843,1070.2844510577065
752.8,0.017919486,2109.703578604327
752.9,0.013686027,1533.1709485067872
753.0,0.021598825,1469.1624908534206
753.1,0.018028429,2757.4933119453476
753.2,0.0010774302,4949.133807255592
753.3,0.008662123,1441.7045359773424
753.4,0.015843334,2315.3591603236578
753.5,3.2194588e-05,8064.474033860439
753.6,0.013659079,1715.4928891895368
753.7,0.024016263,2006.7802933874395
753.8,0.019415597,1619.1228636942362
753.9,0.005049886,1958.0217155883404
754.0,0.010172821,4226.919721120814
754.1,0.0011142544,3768.45164268186
754.2,2.6049516e-05,8216.84086768623
754.3,1.3034403e-05,9591.146779581277
754.4,1.4781675e-05,11228.999861222044
754.5,0.033355266,2751.2033176629366
754.6,0.01956884,3259.0352849303677
754.7,0.0070224656,2825.362770808946
754.8,0.023074053,2721.2982743182615
754.9,0.021749068,2654.171680850961
755.0,0.016291847,8650.730795703455
755.1,0.018764267,8801.881221305948
755.2,0.02462521,3452.061728749312
755.3,0.025762215,3189.3965097358277
755.4,0.025863176,2518.7248715730343
755.5,0.0098284725,10732.664948175909
755.6,0.020780314,3305.004798871025
755.7,0.012391081,2189.4205227657267
755.8,4.0486924e-05,8247.194999633743
755.9,0.02540255,2723.533628809998
756.0,0.013648972,1587.756701874945
756.1,0.005397109,8120.870423718577
756.2,0.0031010632,4790.965499054403
756.3,0.0003978998,5890.368744221591
756.4,8.349718e-05,5129.523206104737
756.5,8.2804385e-05,4712.759389111976
756.6,4.9305763e-05,5684.065336044787
756.7,2.2491824e-05,8467.638706437207
756.8,0.035015874,2478.6120019956343
756.9,0.049194273,1032.7634525811243
757.0,0.019125253,9194.385097389473
757.1,0.010719844,8028.822938559046
757.2,0.02593313,2226.322006128638
757.3,0.010200765,4023.8368250127382
757.4,0.0012647598,3087.22603650983
757.5,1.6807957e-05,9787.731990199407
757.6,0.0021880257,8009.605413203064
757.7,0.013061577,9446.346773366475
757.8,0.0506572,1760.359918469911
757.9,0.038766947,1602.412567436057
758.0,0.0036462739,5645.579689329101
758.1,0.028065216,1546.9955949173673
758.2,0.01177223,767.6980684773769
758.3,0.0154930195,1719.5139102878566
758.4,2.6173115e-05,9121.019673021054
758.5,0.013826218,1781.8040502836602
758.6,2.9903806e-05,8262.394635948047
758.7,1.0029544e-05,10378.408439182638
758.8,1.0637568e-05,10181.594791142634
758.9,1.0286847e-05,9881.23661144205
759.0,1.05193185e-05,10084.688483811407
759.1,0.0107704885,3585.702852413131
759.2,0.027682012,6339.815962132907
759.3,0.016325828,3226.696953563154
759.4,0.024887232,1439.7685249644019
759.5,0.021537445,2422.089193574636
759.6,0.0006522027,4364.7278254240155
759.7,0.008936166,8199.22455832904
759.8,0.04130672,1729.8729463300965
759.9,0.01623715,9776.034338252295
760.0,0.011459972,8868.025707237864
760.1,0.012158253,3858.2974387798427
760.2,0.0026275173,4840.679800740231
760.3,0.00035209485,4039.621080673052
760.4,1.0704967e-05,10019.243425385683
760.5,1.1127123e-05,10239.941209199704
760.6,0.0069313594,9066.655490247349
760.7,0.015811129,2950.250359555125
760.8,0.00013045089,7125.739091124318
760.9,1.9463821e-05,9137.894087052899
761.0,0.009840156,6425.174198557128
761.1,0.018115228,2130.1808648171746
761.2,0.008060736,2351.8210304450104
761.3,0.012334462,8640.006317757623
761.4,5.5336077e-05,9221.710151283669
761.5,0.01114711,3154.432826168688
761.6,0.00030994305,4428.543530801466
761.7,1.0597436e-05,10151.701968320373
761.8,1.119685e-05,10343.440576697554
761.9,0.011608764,9873.318036594243
762.0,0.034943923,2983.1472781555262
762.1,1.0567035e-05,10093.280800493743
762.2,0.009957829,7637.832033553069
762.3,0.023190936,2655.5850617616125
762.4,0.009493935,3948.984153653484
762.5,0.015168768,8852.042289557477
762.6,0.0039702603,6346.907162975244
762.7,0.013455976,3515.563848105725
762.8,0.00045678328,3689.9988680028287
762.9,0.00041897752,3094.26813923936
763.0,0.00020269587,2845.6170552465655
763.1,0.00011088675,3670.7274404823565
763.2,6.59394e-05,5941.981847696949
763.3,0.06767946,1954.4992267518635
763.4,0.049916796,1022.709273010959
763.5,0.02688928,1777.1748056153779
763.6,0.033566717,2800.613203414483
763.7,0.018095223,9756.640164977247
763.8,0.009589893,4164.8015422941635
763.9,0.020184107,9749.866416899684
764.0,0.015305101,5031.554724564392
764.1,0.00460073,6827.042470123216
764.2,0.03864049,3368.2229782168347
764.3,0.0011153277,2898.290050363134
764.4,0.03552961,3335.779850178532
764.5,0.025646383,1602.834210480271
764.6,0.018796109,2153.61597124982
764.7,0.0012043677,3051.0751196440947
764.8,0.0005382607,2697.7957304044317
764.9,9.3256815e-05,6587.098980036761
765.0,0.012843742,10349.548338145823
765.1,0.03638433,2378.2082364989337
765.2,0.042623248,2108.839444565653
765.3,0.016353045,3462.905157116292
765.4,0.015671901,3332.840578003215
765.5,0.0028615075,7128.693785827876
765.6,0.018456025,2361.385728379961
765.7,0.011662169,9427.016820736208
765.8,0.024357034,6625.043500591371
765.9,0.040291417,2301.7948866535903
766.0,0.03296082,2513.533925516034
766.1,0.04697574,905.5387854868361
766.2,0.055719223,1079.010038912321
766.3,0.040520832,2368.728357970013
766.4,0.024902377,2878.173653255806
766.5,0.0032506408,2542.0418663446276
766.6,0.014952104,4088.8111824516
766.7,0.0052234107,3943.523152089531
766.8,6.623407e-05,9021.037071590177
766.9,0.02071271,2661.708081169092
767.0,0.0021513046,2595.9228793241728
767.1,0.0007362222,3290.9840050037733
767.2,0.00039916878,2951.2872358399172
767.3,7.393232e-05,5674.59677276675
767.4,3.0040219e-05,8300.71983269058
767.5,0.046672855,1647.3740738874055
767.6,0.005267571,4165.856448299024
767.7,0.023734715,1514.477125946502
767.8,0.043037515,1711.11759757999
767.9,0.029656718,1939.232684764767
768.0,0.03696356,1458.9665561302047
768.1,0.050681874,1676.8775658640654
768.2,0.0078601455,5003.886891413054
768.3,0.0014026196,6403.089999752054
768.4,0.029518088,2643.204512831321
768.5,0.017629871,8508.794501421933
768.6,0.008733007,6837.382807968747
768.7,0.01956992,9022.702524293256
768.8,0.03182105,2902.7854071000734
768.9,0.002460608,5146.478303430757
769.0,0.044543073,2612.3227315306667
769.1,0.018659862,2138.790483612177
769.2,0.024765575,2648.8822582573976
769.3,0.019064851,9810.55038730193
769.4,0.006885019,5278.398429334513
769.5,0.018736482,3148.9071137705214
769.6,0.005058253,3426.4001455695134
769.7,3.266854e-05,7587.062396756747
769.8,1.0544128e-05,10182.362437082937
769.9,1.0030906e-05,10114.641406657005
770.0,1.0525591e-05,10029.383238284858
770.1,1.0622529e-05,9939.944663266659
770.2,1.0211294e-05,10028.423718610968
770.3,0.011557196,2036.070540179048
770.4,0.019223593,3702.055832291194
770.5,0.03006688,2664.7169125980613
770.6,0.020760952,9181.987024536846
770.7,0.013676028,4308.316311276007
770.8,0.024183808,3231.3373547420433
770.9,0.018496657,2530.342428318761
771.0,0.041787058,8446.040609658798
771.1,0.012875536,3266.032764198943
771.2,0.024999311,1589.8798307205793
771.3,0.013762007,2618.7490633441294
771.4,0.0008605388,2179.937265479687
771.5,2.222503e-05,9438.455797544782
771.6,1.01825035e-05,10141.455851150891
771.7,0.006498926,7505.75093413364
771.8,0.036239825,1050.2361290656788
771.9,0.034167103,1644.8094215350613
772.0,0.0008168853,3202.4682512093004
772.1,0.013688004,8791.271846842808
772.2,0.024429988,2138.2269719264173
772.3,0.021804176,2991.4269621245894
772.4,0.005518159,3629.1511915463257
772.5,0.020488124,2927.466227231266
772.6,0.031559646,1241.2555117735587
772.7,0.01430173,4368.78887850769
772.8,0.00047576497,5371.939016857909
772.9,0.039513122,1024.377753368224
773.0,0.027300205,2202.192658943331
773.1,0.0025415197,4707.4206109986735
773.2,0.026064983,2669.198956566413
773.3,0.0039709006,7585.620761481079
773.4,0.02031887,9962.391685396944
773.5,0.03363634,3000.874360311598
773.6,0.016050136,4175.798230611812
773.7,0.011896071,3921.324447186086
773.8,0.0040578768,5825.6467060697305
773.9,0.009214864,3480.7518998537025
774.0,0.002879889,5641.4315703820575
774.1,0.007244893,2754.6101867811863
774.2,0.012864815,3645.368315158116
774.3,0.006219875,4375.803590765684
774.4,1.4103884e-05,11672.578026455394
774.5,1.1392441e-05,10608.122109107186
774.6,1.0648962e-05,10325.617527075061
774.7,1.0484601e-05,10537.76787527699
774.8,1.0488016e-05,10357.543657462997
774.9,0.00079035276,7916.453272815304
775.0,0.02814026,10767.548197802458
775.1,0.036603868,2694.342181392253
775.2,0.023238786,2970.8817066190322
775.3,0.023810536,1816.0559365363663
775.4,0.025541548,3105.3838786096267
775.5,0.00090832444,4137.1324022961435
775.6,0.0144067975,3133.6638303722466
775.7,0.00066664454,4267.360707500115
775.8,0.03560046,2463.594642317395
775.9,0.028363284,1644.399179623209
776.0,0.029000195,948.7994664330981
776.1,0.019753374,1712.8028409367405
776.2,5.664497e-05,7926.912095908934
776.3,0.017250154,2504.0344999911918
776.4,0.008163483,1923.5785882765229
776.5,2.902067e-05,8563.668719467125
776.6,1.5123908e-05,8981.139910075271
776.7,0.007886049,8017.100817153088
776.8,0.011615861,3115.6908750277767
776.9,0.012420086,3003.245543374077
777.0,0.0022826234,2919.6917307784815
777.1,3.4921843e-05,7961.554562688463
777.2,1.07499545e-05,10281.966078225425
777.3,1.1143632e-05,9950.074606337701
777.4,0.005520421,7409.234208682885
777.5,0.058054335,1102.6500844634209
777.6,0.04924002,1512.9125967150867
777.7,0.0010195341,3599.772254602749
777.8,0.011449852,8462.455878840086
777.9,0.03810272,1746.9193835266572
778.0,0.009775939,9886.962871087118
778.1,0.029546982,2972.933870184498
778.2,0.011989747,10271.679509706806
778.3,0.026369242,2787.6735703232494
778.4,0.009110923,3758.239052876459
778.5,0.02404938,3282.3234083021534
778.6,0.018251522,1847.6327770500734
778.7,0.030396136,3084.4867071798353
778.8,0.00052334217,3623.1885414263643
778.9,3.053982e-05,7512.383383317412
779.0,5.0597653e-05,5342.754381594601
779.1,6.899479e-05,4863.335166212826
779.2,3.3144497e-05,6276.258535226313
779.3,1.2378916e-05,9267.277645529994
779.4,0.018123886,2635.2686062947905
779.5,0.019795945,1215.8783244531758
779.6,0.036312703,2031.9600065279153
779.7,0.016148742,9773.443267494182
779.8,0.016521871,8090.942549918513
779.9,0.03404244,1958.7426312942323
780.0,0.0033283718,5678.813203927117
780.1,0.013509523,4354.259320571697
780.2,0.018052371,3983.902508865543
780.3,0.012688142,4016.319188465725
780.4,9.097293e-05,7805.039532252873
780.5,2.386568e-05,8900.188066655726
780.6,1.8838518e-05,8693.888613556268
780.7,1.1547954e-05,10001.00838096838
780.8,1.1288189e-05,9996.535021867077
780.9,0.042477556,3063.212945100489
781.0,0.0034781552,4887.145972740639
781.1,0.017625337,2073.0810833504356
781.2,0.014385486,1822.5812765452492
781.3,2.8983348e-05,8189.253966243017
781.4,1.40536695e-05,9466.738763768883
781.5,0.0072436575,3312.79779011024
781.6,0.006459359,4055.4859335038536
781.7,0.002436199,4420.478308249278
781.8,0.0012032638,3660.2278559749857
781.9,0.00042232132,3387.522499056714
782.0,0.00016682743,3178.2895690060277
782.1,2.7919737e-05,7159.849775976669
782.2,0.018858073,3246.589804483091
782.3,0.027620625,3098.4749767247044
782.4,0.023845306,8275.359312711542
782.5,0.04337139,2374.9971160337036
782.6,0.037440028,2677.9149367527325
782.7,0.041217834,2141.0542259226836
782.8,0.00062939426,9995.877005260852
782.9,0.006370655,7284.145597680641
783.0,0.045111623,2345.368806513731
783.1,0.011527866,9381.270457280894
783.2,0.008879976,8861.441005615847
783.3,0.029363045,2540.698622634541
783.4,0.022817336,2951.5031229241195
783.5,0.014597103,3519.162838964192
783.6,2.700718e-05,9337.603016032961
783.7,1.4776493e-05,9324.495496119187
783.8,1.2614742e-05,9606.128550857537
783.9,0.014936281,6427.9974279992475
784.0,0.021780508,3083.756670232125
784.1,0.00042093758,5535.893051512878
784.2,2.726287e-05,8772.15732507262
784.3,0.01749449,2891.3137765757137
784.4,0.005388012,4804.063362381697
784.5,0.0043283934,4924.4396672188805
784.6,0.014786822,1867.0062607019247
784.7,0.0030778965,2343.1779766512846
784.8,5.1339477e-05,5098.444716864991
784.9,1.0087097e-05,10155.318231474506
785.0,1.0118562e-05,9952.562100320658
785.1,1.04072e-05,10078.211887857435
785.2,1.0312694e-05,10111.080586701948
785.3,1.0535492e-05,10271.014201774258
785.4,0.026015857,2585.4752300797522
785.5,0.035859447,1624.2347987467854
785.6,0.047452066,825.4566384831757
785.7,0.04539807,1326.9805280450792
785.8,0.03619783,1954.1706388134276
785.9,0.048225172,2025.930656938103
786.0,0.059214134,1416.125161557056
786.1,0.047798354,941.235379139854
786.2,0.016584516,869.4506797697545
786.3,0.004056609,5962.7839254098
786.4,0.027637327,2070.2455980486457
786.5,0.00070766796,3946.0623194983255
786.6,0.047656573,2098.1977487728523
786.7,0.046198286,1018.9332569054305
786.8,0.045846768,1150.2201625361454
786.9,0.03830761,1803.2263713218806
787.0,0.010440344,9375.268270575094
787.1,0.023663871,2554.7011267336356
787.2,0.030901367,2183.1363753975593
787.3,0.025677761,2139.5969540744372
787.4,0.03604249,1407.4331858475882
787.5,0.020686015,1541.5577496034405
787.6,0.0080204895,1658.0728643414568
787.7,0.0030440695,6154.387265815825
787.8,0.002102835,1272.0115480387803
787.9,0.030680655,2156.0396891964037
788.0,0.019686876,1767.7279707128214
788.1,0.014608288,1612.587055671273
788.2,0.023053795,2429.1213894071907
788.3,0.0014035834,5904.867022008275
788.4,0.004287736,1399.7686808285866
788.5,0.018521946,1189.8102144637915
788.6,0.0022341996,4718.993674323539
788.7,0.028654134,2571.24628806374
788.8,0.0022047993,4059.663560528096
788.9,0.00011735322,4835.170928275979
789.0,1.7413031e-05,8871.41459721422
789.1,1.06800835e-05,10267.41889664201
789.2,0.00048699722,2261.204474744525
789.3,0.027393239,1946.2124263997362
789.4,0.022067396,2326.495030641292
789.5,0.004977114,2660.973068056249
789.6,4.7213678e-05,7855.806933794522
789.7,6.391719e-05,4642.637235379615
789.8,5.6223333e-05,4886.681538358157
789.9,3.802702e-05,6097.326262939601
790.0,2.47409e-05,7631.255373121588
790.1,0.042932134,1222.983277901555
790.2,0.048777353,1293.4029554166568
790.3,0.031949136,1167.1309845825012
790.4,0.0077017313,1087.4273554560905
790.5,0.0065903836,3692.1788242418443
790.6,0.00028703478,3752.4790525605085
790.7,0.0252836,1357.8203883635865
790.8,0.031043397,1717.2559423694297
790.9,0.014940083,1887.1123140328355
791.0,0.0043664747,2149.6361892538857
791.1,0.0053431704,4781.373057165292
791.2,0.022309275,2544.4147646261144
791.3,6.274008e-05,9917.063895575915
791.4,0.021304794,2073.9851921002637
791.5,0.022454549,1175.0409059013475
791.6,0.023689883,1584.6958067018138
791.7,6.89993e-05,8030.052442935142
791.8,0.012767864,7064.9602596197565
791.9,0.029809058,2642.1653930270954
792.0,9.4761344e-05,8870.916028409736
792.1,0.030853964,3129.7846503448327
792.2,0.02520048,768.9100933401403
792.3,0.023541842,2068.218679709418
792.4,0.03276189,1458.9249929296734
792.5,0.015063953,2368.049586696325
792.6,0.017862618,3117.0729592994776
792.7,0.00043656593,4879.7033878985385
792.8,0.0003335373,2974.733895942306
792.9,0.00016392465,3069.057633482931
793.0,4.738827e-05,5738.296561255645
793.1,0.003481191,9302.975021991417
793.2,0.01563883,10253.455295959167
793.3,0.015968658,3598.760001553033
793.4,0.03763085,3239.5650189349617
793.5,0.025458733,1759.3666171009825
793.6,0.038138866,1828.5841606219583
793.7,0.028614664,1230.588578711036
793.8,0.034984905,1552.0948072083409
793.9,0.00020576472,5876.200136097558
794.0,0.025080541,1304.2609020857535
794.1,0.025202628,2094.0124076946486
794.2,0.025525613,1579.8566056250454
794.3,0.02757323,1147.8564857867893
794.4,0.023604875,3273.7671997506086
794.5,0.029596332,2533.819996700505
794.6,0.0019963877,2798.3825557333957
794.7,0.0008856722,3690.226815608341
794.8,0.00029891258,2999.6036352924893
794.9,2.5268342e-05,9016.698887186301
795.0,0.034802366,2449.164390101099
795.1,0.030654205,2179.65782526819
795.2,0.0009338235,6506.796833819313
795.3,0.02907573,2193.0209103978455
795.4,0.010865865,1715.1250857481646
795.5,0.008132156,2911.0169654576775
795.6,0.00013436687,6777.878684214313
795.7,0.025326747,1503.6174622805986
795.8,0.037004672,1918.5699163691822
795.9,0.023418002,3267.203480949171
796.0,0.01256273,1705.4967227648456
796.1,0.0002242643,10531.442108730938
796.2,0.014336357,3632.685949711149
796.3,0.009811011,7860.601207343601
796.4,0.012175483,3626.7594382402913
796.5,0.015623747,3148.399647646633
796.6,0.0063806865,2600.5644819449344
796.7,1.2328868e-05,11245.860923245038
796.8,1.0668436e-05,10013.591358348813
796.9,1.010361e-05,10382.809567998655
797.0,1.0359868e-05,10067.876921199593
797.1,1.0459871e-05,10196.142224218474
797.2,1.0150681e-05,10161.497329281232
797.3,0.0049833944,4753.827707086846
797.4,0.039179996,2318.1487990873584
797.5,0.032381907,2265.7998795293256
797.6,0.003955138,7253.386095670067
797.7,0.03429478,2173.2866002054866
797.8,0.032834798,1087.3714713059535
797.9,0.042032417,1159.8782402808333
798.0,0.034064624,1519.2305941915674
798.1,0.0077650053,9430.000038419532
798.2,0.031021886,2652.7836281266063
798.3,0.0024816778,2523.1557901566766
798.4,0.0048336056,2791.445772814313
798.5,0.0018216718,8860.351020864355
798.6,0.011366743,3419.5325328846393
798.7,0.010778705,4363.322196837049
798.8,0.009028128,8384.198297725481
798.9,0.0045268647,6734.830994217148
799.0,0.0033840737,6497.6162703307555
799.1,0.014341773,3944.733382229637
799.2,1.482273e-05,11703.254663810396
799.3,0.0029468234,5410.757707247412
799.4,0.0006433552,3204.5195164068587
799.5,2.41275e-05,8093.567289523939
799.6,1.065368e-05,9942.350334071838
799.7,0.00025177165,2505.2103735685396
799.8,0.008184627,8046.405335775888
799.9,0.030098338,2643.2331689611183
800.0,0.0461572,1552.976411816092
800.1,0.006015761,1258.1750641019555
800.2,0.00017754838,4783.776543714653
800.3,1.1110445e-05,10103.414474490482
800.4,1.10739575e-05,10258.782148190001
800.5,1.0180736e-05,10061.228061021044
800.6,1.4685621e-05,9842.773549174388
800.7,0.055342697,1181.599788205027
800.8,0.057510987,1843.2687954079045
800.9,0.06604929,1315.8821392313207
801.0,0.094640575,1422.8009952217176
801.1,0.071217656,1141.6256744171328
801.2,0.05168425,949.8724073303483
801.3,0.07141085,1564.7381055476471
801.4,0.071350485,1412.4289705355827
801.5,0.06542051,1266.196664475352
801.6,0.038126126,1814.2857601512897
801.7,0.0027738307,1281.4401532253332
801.8,6.72487e-05,5843.10620022325
801.9,1.7385597e-05,9860.763774497256
802.0,0.000110182795,5262.888304325611
802.1,0.032554597,2427.3769145463416
802.2,0.035632644,2498.2060121233662
802.3,0.024442744,2253.934120885704
802.4,0.002651751,3266.0675983619185
802.5,0.009362922,4243.287141944558
802.6,0.00040334914,5938.64930524746
802.7,0.024109125,2608.3805966357986
802.8,0.027415318,1955.9134326263115
802.9,0.015339203,1786.3087012535134
803.0,0.0035679894,1676.3802719235575
803.1,0.0035196485,4638.31661374287
803.2,0.020851066,1079.2559691040865
803.3,0.02743225,2531.917065891622
803.4,0.011666055,7398.554550732378
803.5,0.027869454,2535.776688590944
803.6,0.02208184,2051.2435815045956
803.7,0.016434448,1596.8465932313002
803.8,0.0025926027,5690.313093892637
803.9,0.020935988,2728.8925091934616
804.0,0.0007629848,4214.029443619545
804.1,0.023247577,2401.480404894648
804.2,0.033515796,1216.9074656926691
804.3,0.034722432,1628.2661926423907
804.4,0.029404933,1984.8321922872028
804.5,0.016253516,2340.0595129558574
804.6,0.017185692,3996.2791163917395
804.7,0.003098491,7249.20096470527
804.8,0.018866526,3055.116283262075
804.9,0.02310867,3270.3930931128907
805.0,0.016780369,3294.9448259933943
805.1,0.010354207,4488.341819231456
805.2,0.0067057647,5824.630865852835
805.3,0.02210035,2079.567876409856
805.4,0.011836987,1408.4351340419796
805.5,0.024261968,2263.102601234144
805.6,6.3501946e-05,8592.73575542157
805.7,0.015417541,3112.255865526171
805.8,0.0030297497,5906.0159060246415
805.9,0.010319099,3990.0689360257634
806.0,0.018736046,1087.9057987168512
806.1,0.012915436,2222.214321506546
806.2,0.00012182466,6227.289255985929
806.3,1.0683198e-05,10308.191302996467
806.4,1.0462279e-05,10189.270803272044
806.5,1.053841e-05,9994.960696500117
806.6,0.00011357049,5301.686747574458
806.7,0.014895208,10596.19459880589
806.8,0.030094227,2965.6704024279397
806.9,0.03630751,2575.159173776361
807.0,0.03226596,851.9486093142409
807.1,0.010999816,1984.4367122251788
807.2,0.022907557,1791.8050562320127
807.3,0.025564276,2152.703490536662
807.4,0.024879096,2284.9029144532587
807.5,0.01205039,7722.414696032535
807.6,0.030681245,1869.9934134708005
807.7,0.028108777,1152.1591068464118
807.8,0.024471499,1894.3761403689841
807.9,0.029070474,2391.0216768567907
808.0,0.025740493,3084.0773708016277
808.1,0.01079767,3280.159870222245
808.2,0.008924919,3660.6841303861734
808.3,0.0020595891,9847.164511491115
808.4,0.00063132186,5502.674974147165
808.5,0.013413108,3200.6353181554177
808.6,0.011584952,3014.5750296608967
808.7,2.8807519e-05,9168.406375371327
808.8,1.0418158e-05,10147.263015897783
808.9,1.0289947e-05,9924.310787128488
809.0,1.0629846e-05,10037.089320112556
809.1,0.002490392,7277.067596668792
809.2,0.017648809,1076.5043160942319
809.3,0.024315419,1189.7254344159862
809.4,0.009155468,772.7151392396754
809.5,0.012647889,9256.863594535933
809.6,0.011525682,2523.692005663412
809.7,0.009463558,2512.5596901688814
809.8,0.01208098,984.7852861856984
809.9,0.012090219,2706.452216436881
810.0,0.008634912,3911.1776913688695
810.1,0.0047317925,3820.5577830919465
810.2,3.001467e-05,9424.854528950016
810.3,1.0325805e-05,9821.849093872643
810.4,1.0390599e-05,10089.146788400205
810.5,1.047843e-05,10097.521994089466
810.6,1.05434165e-05,9706.591538891033
810.7,0.011358748,3044.6024646664227
810.8,0.0051635373,1840.4953566784545
810.9,0.010614585,2421.2048562518244
811.0,0.009137471,2152.649744003055
811.1,0.017509693,1790.721685357793
811.2,0.006928772,1708.812777078782
811.3,0.000470225,2882.1730395043123
811.4,0.00063295086,3955.451817759783
811.5,0.00043578682,3802.665960004999
811.6,0.00010581678,4180.9968482363365
811.7,0.0017057385,5516.431771135998
811.8,0.013478904,1487.1781735318714
811.9,0.018529058,2490.209429229878
812.0,0.012414506,5603.836729897832
812.1,0.012797259,2598.085424071443
812.2,0.012143513,1832.1263131025637
812.3,0.009018043,2432.0946607534943
812.4,0.00011004706,6917.002302767964
812.5,0.01576602,1260.534424114745
812.6,0.019641303,1648.3227435408267
812.7,0.023202397,1912.7456474285218
812.8,0.009562765,5659.860105075558
812.9,0.0051507526,2450.5173653116462
813.0,0.017455064,3118.4915928406785
813.1,0.011868618,4961.0909848227975
813.2,0.024614792,1268.820110352458
813.3,0.008504518,3028.7889332916843
813.4,0.0013030411,3102.935890773623
813.5,0.017214766,2208.8558831162427
813.6,0.012743937,2683.2766447230324
813.7,0.012703313,2578.2846295566
813.8,0.0015017787,4935.89039505568
813.9,0.021888258,1248.8085462561542
814.0,0.016934736,1813.924443613477
814.1,0.0011621955,7168.358772298203
814.2,0.00095009623,2764.2181644447546
814.3,4.9591625e-05,8660.754474318186
814.4,0.014470598,3169.8641500735393
814.5,0.013546569,2624.6794266274396
814.6,0.013571622,3429.5265806646685
814.7,0.004919322,3687.0338000047727
814.8,9.391463e-05,6494.603678395341
814.9,1.4653729e-05,10077.497213822298
815.0,1.0209868e-05,10005.968878567419
815.1,1.0231678e-05,10048.036564265667
815.2,1.0364102e-05,9882.587292956905
815.3,1.0088362e-05,10261.064241794647
815.4,0.016150359,9432.21020082148
815.5,0.015151093,2409.6979049359734
815.6,0.015369363,2851.3519713359146
815.7,0.0068939268,2950.6809892521833
815.8,0.020607824,2978.286027682445
815.9,0.011458632,1563.0268166529531
816.0,0.00038383206,4681.058457882433
816.1,0.0030987305,2670.895771597369
816.2,0.0064049475,2502.505144893602
816.3,0.01250824,1539.5444181155467
816.4,0.006324175,1715.0230415873061
816.5,0.0036711167,2906.027264928094
816.6,0.0017567893,3401.0738626228604
816.7,0.0003696279,3206.5440433833487
816.8,2.1872587e-05,7828.602609491275
816.9,1.4914787e-05,8995.943847160534
817.0,1.4197868e-05,9213.60192858613
817.1,1.2522717e-05,9563.14898544084
817.2,1.1596178e-05,9654.120138030874
817.3,0.013493593,1780.6288811962288
817.4,0.0024565232,1964.4318957859773
817.5,2.1810192e-05,8115.350187317418
817.6,0.0063441666,1570.8997743076982
817.7,0.006098088,2103.736700835274
817.8,0.012013162,725.6520689714837
817.9,0.011785063,831.1257505436727
818.0,0.013905168,1158.363267415527
818.1,0.005918436,1588.8818302126804
818.2,0.010406497,671.8780816975783
818.3,0.010714034,1261.9187270493833
818.4,0.014503008,909.5552076530195
818.5,0.013246931,966.8724957570365
818.6,0.0111134965,824.7994014146398
818.7,0.0023000834,1793.110676317831
818.8,0.00075589947,2991.9028099124835
818.9,0.00038350237,2683.99927082899
819.0,2.1931932e-05,7384.237676085069
819.1,1.523652e-05,8759.509193002486
819.2,1.3212488e-05,9437.293934598052
819.3,1.2899659e-05,9286.059517268355
819.4,1.1775832e-05,9655.429540232342
819.5,1.19611705e-05,9803.507801026606
819.6,0.00054615736,2266.1140427635037
819.7,0.001447792,3011.227694754599
819.8,0.0047355136,2287.960386698448
819.9,0.0032320032,9944.566071938201
820.0,0.0016584506,3791.196237806388
820.1,0.005868257,1532.3174634864195
820.2,0.0005603968,3642.1455213528516
820.3,0.0017660721,3290.4341484206334
820.4,0.004537041,1237.685441768502
820.5,0.0038059256,1466.900200245034
820.6,0.0017211487,2175.0598749032583
820.7,0.00048887456,3047.6577854243333
820.8,1.7149127e-05,8473.12698168429
820.9,1.2943866e-05,9265.663218705664
821.0,0.0015393236,2276.79929808961
821.1,0.0007458848,2507.261939594281
821.2,2.143782e-05,7700.105215513269
821.3,1.3124314e-05,9655.869640178058
821.4,1.2146165e-05,9782.12268566087
821.5,1.0456298e-05,10104.677804068453
821.6,1.0411778e-05,10233.858047998883
821.7,1.054519e-05,9997.77689763347
821.8,1.0628337e-05,9972.665430108333
821.9,0.0024644728,6233.01478493262
822.0,0.025267273,3529.2793300439316
822.1,0.038833097,2405.867226833725
822.2,0.057620637,1722.385866455727
822.3,0.036418892,1868.086657418402
822.4,0.029728806,2044.0448465934414
822.5,0.013193873,2845.4561415367766
822.6,0.0010948303,5562.32452224699
822.7,2.6296824e-05,8384.524904393442
822.8,0.012496412,2776.662660790064
822.9,0.004740821,3814.536862521515
823.0,0.023158163,2617.2116366112523
823.1,0.015754325,6695.30534074431
823.2,0.016397664,5842.776697307882
823.3,0.015371611,3780.0485568667277
823.4,0.019178567,1874.2612832417044
823.5,0.01449115,1798.1021663777385
823.6,0.0063723484,1722.8801278624712
823.7,0.006843061,3272.8984798803613
823.8,0.0010457514,2203.714183703803
823.9,8.3440675e-05,5715.901400331574
824.0,0.0113717,1464.3789544100155
824.1,0.008789937,953.3499080128881
824.2,0.010129396,1282.1382416391186
824.3,5.347838e-05,7184.978963425402
824.4,1.4850497e-05,8967.743085763395
824.5,0.003557606,2075.050114407813
824.6,0.0034608152,2160.0636850352444
824.7,0.0024128158,2548.0802330360316
824.8,0.0019977007,3138.0395525169174
824.9,0.0016609916,2514.906487606651
825.0,0.00017706737,5903.765134526648
825.1,0.0033831534,2978.8268265518386
825.2,0.0017564403,2482.042261359072
825.3,0.00041604618,2565.270014280786
825.4,0.0016216899,2288.2308061614654
825.5,0.0030595637,2595.9784900676827
825.6,0.00042276256,2842.3923321554275
825.7,2.1214535e-05,7563.4918092367825
825.8,1.2976778e-05,9318.606565588356
825.9,1.0018033e-05,9935.744128626946
826.0,1.0545165e-05,10093.078715689717
826.1,1.0146374e-05,10023.383935604203
826.2,1.0156717e-05,9998.086403338208
826.3,0.00010447552,6282.380914392411
826.4,0.0067225625,8064.46673542988
826.5,0.016085329,6938.318154498049
826.6,0.09105422,1622.116955809067
826.7,0.04380785,1546.426835262334
826.8,0.07068614,1423.886874852159
826.9,0.010839957,7271.120650199398
827.0,0.015797623,8080.5859720634035
827.1,0.014727333,3264.2358466418973
827.2,0.0063502933,3163.3554483662742
827.3,0.0011028303,3955.1162318583665
827.4,0.015985288,3114.4625947081695
827.5,0.011272884,9782.051698348538
827.6,0.029241929,2441.4895614239003
827.7,0.036396306,2291.6520746000574
827.8,0.034453403,2707.0283253190446
827.9,0.023083325,1563.6301209997546
828.0,0.039331812,2343.401385307428
828.1,0.010163691,2469.3247550835795
828.2,0.0010226638,1860.0620634309003
828.3,3.0833256e-05,7438.514088862517
828.4,1.2137222e-05,10129.89999772814
828.5,1.0701274e-05,10125.378705813648
828.6,1.0683347e-05,10075.672960588827
828.7,1.05956115e-05,10195.541940049232
828.8,1.0452429e-05,10049.781448066942
828.9,0.0049538915,3651.7951155274977
829.0,0.10422849,2060.018915837096
829.1,0.07332675,914.1090368865289
829.2,0.07407127,1343.8199168108474
829.3,0.008906956,7845.025640383355
829.4,0.016112171,2984.2797281055255
829.5,0.04974523,1391.7060543091593
829.6,0.015767645,9024.957338362172
829.7,0.0056487345,3833.0073016790157
829.8,0.009761483,2702.0063442953315
829.9,0.012565011,3069.6776895141256
830.0,0.0041367714,5339.9830757778
830.1,0.01559522,9162.149599783319
830.2,0.038554866,3052.7990974759155
830.3,0.052349422,2256.734108564127
830.4,0.049060952,2750.5815627502825
830.5,0.04844476,1921.1684115896614
830.6,0.04929039,2895.647607850792
830.7,0.028807761,2430.227002480885
830.8,0.01090151,2456.3465208933376
830.9,0.0024008714,1338.8040419313293
831.0,4.431593e-05,7177.282168216974
831.1,1.9437639e-05,9091.841778397982
831.2,1.191112e-05,9924.701223932214
831.3,1.1415589e-05,10003.155591251041
831.4,1.1631667e-05,9745.977280205687
831.5,1.2388225e-05,9624.75014593957
831.6,1.15582325e-05,9774.217577361695
831.7,0.012311184,4624.840657631245
831.8,0.010535377,1876.1803697131481
831.9,0.017492387,1967.445891847253
832.0,0.004861166,2536.939891066505
832.1,0.000414379,2781.348603840068
832.2,0.00024199054,2699.2693949395243
832.3,2.0889707e-05,7903.217610082504
832.4,1.5654157e-05,8653.824510805702
832.5,1.2577145e-05,9702.79130874549
832.6,0.020365389,2184.7375703037933
832.7,0.02700324,2323.5874578354087
832.8,0.028206201,2886.05075070982
832.9,0.0043737236,1959.2612840223576
833.0,0.0016541121,7725.644602198304
833.1,0.006010739,3190.8810263217383
833.2,0.011625469,2074.0204188363523
833.3,0.006841461,2928.804068017335
833.4,0.03165355,1641.651647299633
833.5,0.0008066507,7655.132218728858
833.6,0.007638823,2469.939063114639
833.7,0.0054219957,4685.931112683212
833.8,0.023004053,2159.7475848785966
833.9,0.005511194,8335.2949036916
834.0,0.011691991,3451.545369926298
834.1,0.0043059182,1568.4713913338805
834.2,0.028227836,2663.02301885734
834.3,0.023114337,895.8347338366107
834.4,0.005673556,5761.653785490061
834.5,0.021189285,3301.1761412839824
834.6,0.020933554,3041.310426328039
834.7,0.017615262,1426.9376382549228
834.8,0.006867337,1987.1431505964752
834.9,0.013160594,2730.326519090948
835.0,0.014427999,3670.994099774941
835.1,0.0075283316,4477.657303508157
835.2,0.010031424,2696.1395650937407
835.3,0.008862245,2092.375116176145
835.4,3.3908927e-05,8371.921117511309
835.5,1.4761442e-05,9514.357875307904
835.6,1.31436955e-05,9507.438179882229
835.7,0.028188974,1732.130521405595
835.8,0.016929891,2176.047228711389
835.9,0.012682384,3194.80534892253
836.0,0.002767801,3555.452896348211
836.1,0.011291408,9581.805552374743
836.2,0.015543406,2567.0912381993485
836.3,0.011372593,2025.4876701082549
836.4,0.008401567,3005.517799098602
836.5,0.007287706,2620.9437639296507
836.6,0.013747713,1828.8779721950277
836.7,0.0030022843,2495.88838442145
836.8,2.6518825e-05,7415.952176551879
836.9,1.0129705e-05,9899.347510616539
837.0,1.0049634e-05,9803.20373494901
837.1,1.0072213e-05,9994.947418758058
837.2,1.0227735e-05,10135.011250567039
837.3,0.019107696,2560.2097877798196
837.4,0.0017859082,5819.655487274087
837.5,0.019230925,2784.1104124446883
837.6,0.018059978,1954.583427259335
837.7,0.01848184,2220.0252369306972
837.8,0.020658515,1228.6146359135064
837.9,0.017314944,2511.0359945002074
838.0,0.0034959686,4375.606258606451
838.1,0.0062532155,7782.700614459476
838.2,0.00032472663,9313.651114501215
838.3,0.0075670946,3037.200589824155
838.4,0.0051800697,6642.168866057729
838.5,0.016962951,2857.6956669551428
838.6,0.00013739242,8164.772338637156
838.7,0.016893273,2493.618130509342
838.8,0.010201506,1840.1613773677557
838.9,0.014768408,2102.896447739185
839.0,0.01078887,2389.1796759352833
839.1,0.00036844285,3337.794692541406
839.2,0.00014819922,3335.122176426258
839.3,4.6931647e-05,5152.982722578943
839.4,1.8284316e-05,8051.800094879814
839.5,0.013288748,1457.345329614124
839.6,0.001045684,2315.157803842188
839.7,0.018067915,2605.1854172572475
839.8,0.0070901415,8274.015562416409
839.9,0.0012237416,6051.997185844897
840.0,0.014314895,1978.1837354615627
840.1,0.0036867536,10577.38181995847
840.2,0.028147778,2327.5713128598527
840.3,0.00011326392,9671.124940321333
840.4,3.2609343e-05,9467.503672981547
840.5,0.025040843,2357.0297941410163
840.6,0.030759327,1720.264165539497
840.7,0.026636569,2050.282123559801
840.8,0.019597473,2870.3281834079417
840.9,0.02529971,1203.2579672408642
841.0,0.01611366,2482.8560648543294
841.1,0.022516884,2522.5769692973845
841.2,0.015868455,2602.385486829996
841.3,0.0066549117,9065.901862689678
841.4,0.0124324085,2623.622488912336
841.5,0.0026798851,6800.719275143417
841.6,0.019767454,2859.7868863124577
841.7,0.014434028,3766.5065759470735
841.8,0.0122022275,2315.7971937335815
841.9,0.010179584,1401.1461486794778
842.0,0.009805759,2530.1718176916006
842.1,0.01513367,2243.4150604281776
842.2,0.007114885,9694.616910612767
842.3,0.010467663,2132.668843772137
842.4,0.016872752,2493.5518070393355
842.5,0.00081374106,3785.167895062427
842.6,2.7267954e-05,7808.203729209308
842.7,0.015964897,3655.5407012005635
842.8,0.019127976,2425.6971194675552
842.9,0.016532918,1728.6431096756598
843.0,0.0041018124,3227.6985002909723
843.1,0.0034277777,5449.673333239306
843.2,0.012146506,3106.5264078368327
843.3,0.005031505,1925.4956497642402
843.4,0.001139982,6528.805637988239
843.5,0.015887214,2504.8772504826125
843.6,0.0066688447,3056.911406193271
843.7,2.4322238e-05,9132.710911817014
843.8,1.0638725e-05,10271.53503133882
843.9,1.0238974e-05,10298.429054680484
844.0,1.1432893e-05,9616.821007911267
844.1,0.0074491934,9055.935232883134
844.2,0.011287084,7622.5017557930405
844.3,0.031838864,2710.1190689883133
844.4,0.02211799,1293.1048052399458
844.5,0.011106014,9089.672456540346
844.6,0.022253664,2794.549138382672
844.7,0.006580536,10332.381803788903
844.8,0.002891859,4222.155465276146
844.9,0.0025634142,1896.4456782859395
845.0,0.010640779,2968.3753547632887
845.1,0.00813306,3830.5210416363525
845.2,0.0003706232,3946.8922654745456
845.3,0.0007272407,4082.7759628126223
845.4,5.0208324e-05,6067.463768607425
845.5,0.028814342,2669.440596602045
845.6,0.02634921,1436.8940183928748
845.7,0.0019009236,8546.222622564053
845.8,0.0242292,2716.5382841699875
845.9,0.019815495,3111.563109240278
846.0,0.007191453,9978.524858801758
846.1,0.008462921,4769.848033977206
846.2,0.002402942,6454.797509595446
846.3,0.003350279,6494.832951370216
846.4,0.0071231327,9851.375507336063
846.5,0.0066883797,3928.8412612851444
846.6,0.012629392,3209.3641122
846.7,0.013713648,3337.224508412278
846.8,0.00042468187,3767.514530947409
846.9,1.8277222e-05,9402.583784705454
847.0,3.8552353e-05,9219.049521384753
847.1,0.02590611,2368.1591351728453
847.2,0.0033044568,5422.35412194858
847.3,0.015571405,2067.322750616803
847.4,0.025650732,1932.7605713124208
847.5,0.02558229,1741.3270634603068
847.6,0.018487332,1367.3517343277736
847.7,0.014200232,9067.871869711462
847.8,0.013619795,2987.441849056866
847.9,0.026257131,1843.186222429544
848.0,0.0025135677,2243.078601766551
848.1,0.015422992,1749.8380866960576
848.2,0.0040764525,3753.108881257531
848.3,0.018354386,2598.5896934496013
848.4,0.001463419,4968.129082166652
848.5,0.013640788,2755.974188793185
848.6,0.013802197,1914.6285004693814
848.7,0.011985419,2604.0669147819713
848.8,0.017718786,2720.123388201061
848.9,0.0006580665,3050.458308895014
849.0,0.00043801978,3160.270502993494
849.1,0.00016069767,3298.1591245034533
849.2,4.5851368e-05,8796.960671912233
849.3,0.0021961837,6008.158218264749
849.4,0.027335163,1650.7845275984416
849.5,0.034696653,2464.7386492657934
849.6,0.0023685237,6050.914992184751
849.7,0.025596665,961.8551779592685
849.8,0.020282352,1609.745385480228
849.9,0.0149591,1600.0577885687273
850.0,0.0012573039,2194.227444902723
850.1,0.020507371,2112.132760314452
850.2,0.02187746,2024.8836524127062
850.3,0.015232699,818.3244647509465
850.4,0.021877106,1546.9322272711383
850.5,0.019412685,2332.1273700543543
850.6,0.02239825,1900.0561581551626
850.7,0.009094437,8626.614015094192
850.8,0.0021963452,5984.8294165215575
850.9,0.006786969,3802.019995917428
851.0,5.500172e-05,8795.43623833823
851.1,0.0046634926,6193.160364318252
851.2,0.0064481692,4029.74557989194
851.3,7.694285e-05,8026.290106763405
851.4,1.0563051e-05,10315.336563256631
851.5,1.0648334e-05,10056.715677612468
851.6,1.0556041e-05,9751.499974859642
851.7,1.0309056e-05,10042.747833669135
851.8,1.0045727e-05,10175.098738876946
851.9,1.0581712e-05,10256.950388553661
852.0,1.0498175e-05,10092.975770255709
852.1,1.0618328e-05,9952.82054533947
852.2,1.1702431e-05,10010.248160082949
852.3,0.013735383,3087.3329348514076
852.4,0.016351935,1425.9485458954466
852.5,0.0154960975,3007.9905247854203
852.6,0.0032567033,4986.124915672301
852.7,0.009123932,2216.927237322199
852.8,0.0041758455,2273.8769861728283
852.9,0.0020476878,2273.347787445381
853.0,0.012381928,2267.942400686856
853.1,0.003248223,5159.805712497653
853.2,0.003354324,3456.473581749933
853.3,0.0021899275,5448.576631322686
853.4,0.0007774487,3264.305144874341
853.5,3.1190535e-05,7492.193159071625
853.6,1.3948207e-05,8905.378276764315
853.7,1.3000672e-05,9396.782357776321
853.8,1.1899628e-05,9781.884643566313
853.9,3.0773834e-05,7945.347440369164
854.0,0.011433291,3505.0622053571137
854.1,0.0015089192,5798.604972704768
854.2,2.5480382e-05,8948.030766035321
854.3,1.0805042e-05,10397.505325222151
854.4,1.0949102e-05,10227.000561571418
854.5,1.0386037e-05,9903.648305909559
854.6,2.6094198e-05,9901.261112828488
854.7,0.02235837,2692.540898839573
854.8,0.026795948,2372.7175071189977
854.9,0.00067790673,4780.468876239569
855.0,0.022458227,1927.9282073526347
855.1,0.034264807,1660.4864550587952
855.2,0.029597297,1057.5653521883326
855.3,0.015072304,1574.5738867675263
855.4,0.004865413,6217.882878792796
855.5,0.017552039,2369.1946892543924
855.6,0.009591496,9260.307553756335
855.7,0.008124968,4133.002985896207
855.8,0.007123976,3071.726243016862
855.9,0.0066508823,3025.4972000840526
856.0,0.0089563085,9409.96187676007
856.1,0.009346998,2829.3391655610103
856.2,0.0006273252,3058.2499114331013
856.3,1.0882201e-05,10481.874317594567
856.4,1.0845334e-05,10450.614519898263
856.5,1.078923e-05,10107.74794154408
856.6,1.072608e-05,10394.146063643171
856.7,1.1792917e-05,9277.670613507831
856.8,0.009438223,10233.654197753334
856.9,0.01704147,2614.1083243448575
857.0,0.0059120986,2350.136184523611
857.1,0.00013329368,5964.781445703004
857.2,4.4583387e-05,5973.521190663664
857.3,0.00021081329,2973.44788719817
857.4,7.8074394e-05,4389.983144857836
857.5,1.8486848e-05,8601.873318432768
857.6,0.02102998,2947.680508834845
857.7,0.010214005,1780.2518858110889
857.8,0.024482252,2015.9840806977736
857.9,0.02168971,1146.2403549339804
858.0,0.02412545,2398.510453975491
858.1,0.015887992,3165.28755398263
858.2,0.0041925176,4392.83470664358
858.3,0.00037833906,4205.776223478376
858.4,0.008227905,2282.187371357298
858.5,0.011309494,2503.5766159673526
858.6,0.007848102,4141.891399308193
858.7,0.003103272,5234.457244931604
858.8,0.010407343,9298.084671744538
858.9,0.0038502964,4960.730457296844
859.0,0.015368429,2198.6331176850326
859.1,0.0053169886,2624.7068012681993
859.2,0.00014301189,5687.700482364641
859.3,1.0895416e-05,10330.624044534634
859.4,0.00493218,2717.062022834482
859.5,0.026077323,852.3651258106091
859.6,0.026707407,2058.7441516171316
859.7,0.027213901,1503.8503379340214
859.8,0.0049192957,4241.422437122709
859.9,0.014954609,2789.2103622543113
860.0,0.002730436,4878.297797207833
860.1,0.018042706,1246.5575037915214
860.2,0.022836823,1789.6872697248182
860.3,0.029791001,1510.714754025166
860.4,0.029598983,1223.1417402052
860.5,0.030180437,1358.8809611182644
860.6,0.025789848,1572.770161721318
860.7,0.004689906,4246.281616419086
860.8,0.0030742646,5281.935269435413
860.9,0.0036355886,4374.510790151782
861.0,0.004165375,5569.2438970811545
861.1,0.018464403,2598.5696482883836
861.2,0.009753522,8571.85153701833
861.3,0.00018454237,11701.044079221043
861.4,0.014785235,3540.6880132402594
861.5,0.00011570114,8013.395478316206
861.6,0.013483977,2332.962062276375
861.7,0.022404907,2257.2143606658465
861.8,0.017925642,2639.5407579613925
861.9,0.0012670571,5893.7986352715225
862.0,0.014773844,2444.079993362959
862.1,0.00042420012,3553.4000766214876
862.2,0.00037575123,3069.4101683753624
862.3,0.00016032929,3114.2193453666005
862.4,1.7718698e-05,8336.023650279261
862.5,1.2608954e-05,9602.879032681336
862.6,0.024550933,2302.5016183310827
862.7,0.00088695524,2822.1156005538996
862.8,0.023125907,2207.2117775518964
862.9,0.017377364,1981.301709466457
863.0,0.001470471,5253.008045769317
863.1,0.0079542305,4334.764309828608
863.2,0.014834642,2175.6647628932737
863.3,0.00011053125,9190.695722454522
863.4,0.020440284,3204.8251369176405
863.5,0.022709025,1281.1294947108836
863.6,0.01072924,3724.770808762916
863.7,0.016564822,3178.123302482159
863.8,0.015517216,3029.772847712329
863.9,0.008583149,3849.0781295092615
864.0,9.2130744e-05,7935.149761326036
864.1,0.0022132592,6448.988781835202
864.2,0.0069066533,3676.1907362910756
864.3,3.0686613e-05,9410.766357439808
864.4,0.008011543,3446.1502210469753
864.5,0.00010303606,6891.95564491248
864.6,1.0143616e-05,9925.848763853475
864.7,1.0270721e-05,9925.766158522238
864.8,1.0456091e-05,10189.258963205264
864.9,1.0233461e-05,9951.878199904619
865.0,8.4552805e-05,5137.411552438658
865.1,0.029387426,2006.8400578625728
865.2,0.014659692,4445.501480588044
865.3,0.016280068,3073.7301873998113
865.4,0.02086925,3297.9985634618947
865.5,0.0134164365,9262.967362711308
865.6,0.00290628,6489.166198312403
865.7,0.0063631884,3137.9087139473404
865.8,3.490635e-05,9456.728233711252
865.9,0.008989771,3684.311521688717
866.0,0.00034202755,4350.415777414042
866.1,1.0847595e-05,10448.34534365062
866.2,1.0804295e-05,10253.60839698699
866.3,1.0582899e-05,10101.443293154407
866.4,1.0241221e-05,9952.705488493368
866.5,2.137712e-05,7994.387725102206
866.6,0.009149237,5703.6536554667955
866.7,0.07907013,1984.3980126146466
866.8,0.10922673,1352.454826297255
866.9,0.11974385,672.6123611311766
867.0,0.061608374,1378.3853261864997
867.1,7.840481e-05,7716.585573736946
867.2,0.07895505,1626.2544407409973
867.3,0.04858835,1187.502852660976
867.4,0.049707726,1246.298316509645
867.5,0.08722287,1855.718308896945
867.6,0.07286335,1609.5079261249334
867.7,0.08189309,1903.660422525877
867.8,0.10534829,1718.6718694839342
867.9,0.14205988,906.6608695550855
868.0,0.064336695,1585.4230937265784
868.1,0.039633315,1235.8841123801528
868.2,0.009090881,2312.879989407161
868.3,0.023553153,1985.588213032919
868.4,0.056310236,875.8036146914787
868.5,0.088328905,564.4280260600042
868.6,0.06944668,1089.2072374063168
868.7,0.021429632,8886.233758812967
868.8,0.015856134,7423.205200282867
868.9,0.03662906,1136.1327256316858
869.0,0.04995948,1288.86228317255
869.1,0.0900089,927.024206448117
869.2,0.05954541,1116.9424833218004
869.3,0.0005665737,3812.1533968733593
869.4,0.06513722,1182.2211376483851
869.5,0.109969065,726.3988352208722
869.6,0.082077555,593.5195994537477
869.7,0.076266386,907.3892373057242
869.8,0.039589506,1705.6659660743885
869.9,0.000106692816,8438.743155018105
870.0,0.022174371,1883.5758663551792
870.1,0.0025081267,1614.7006316281327
870.2,2.666951e-05,8588.986205586545
870.3,1.040016e-05,9833.055845850173
870.4,0.008246829,5819.767524633849
870.5,0.07860908,958.599508523979
870.6,0.0668755,1145.9815273149147
870.7,0.00077253004,4349.859170836272
870.8,0.016183032,5386.47036796719
870.9,0.07450057,1143.528841613778
871.0,0.017760431,9848.885773940807
871.1,0.01734169,1658.341443843889
871.2,0.007168572,1976.8352928567074
871.3,0.0015812299,3547.8383915878717
871.4,0.044663347,1435.3567131283442
871.5,0.056381598,1456.717526550271
871.6,0.009882638,3558.4236390502683
871.7,0.034584697,1964.5002718713306
871.8,0.0917786,1047.118827070517
871.9,0.08689417,1291.4163994228206
872.0,0.002986084,4324.6494235260325
872.1,0.06738693,1262.6984650384888
872.2,0.06531572,1232.4140038553137
872.3,0.010581363,4399.446353356503
872.4,0.09790043,1290.7738576458821
872.5,0.08714431,759.9952089760918
872.6,0.10408819,1088.3345091400176
872.7,0.0506466,1684.2386539541503
872.8,0.007931521,4082.466273812799
872.9,0.040001146,962.0816847335044
873.0,0.060883056,1451.9878409576086
873.1,0.088365294,1219.354725409231
873.2,0.051179238,1702.9636888413672
873.3,0.0046626464,3194.4758620294724
873.4,0.0129149705,2295.862894060667
873.5,0.001158662,2622.418199005009
873.6,1.1233279e-05,9561.348363369565
873.7,0.010819218,9148.684506671134
873.8,0.041828774,2500.776230236844
873.9,0.02618875,3487.1234143621605
874.0,0.04029515,1462.9922259055584
874.1,0.030156171,1882.6694708898572
874.2,0.0001007854,7907.521508401049
874.3,0.03541149,1234.9169737521393
874.4,0.032983884,1893.9581028034925
874.5,0.026517183,2396.9873598169333
874.6,0.005574814,8432.451393152987
874.7,0.028341807,1836.8347411087543
874.8,0.024693193,1628.1233895246776
874.9,0.02386731,1364.7721614201864
875.0,0.022578644,2186.6499977783924
875.1,0.01553531,3401.0043918378688
875.2,0.014384621,2342.069915861657
875.3,0.008403198,3713.597800896937
875.4,0.0003668764,5697.022945171106
875.5,0.004106307,6473.466787945261
875.6,0.016206328,1289.2206690383964
875.7,0.015274043,3091.798389620188
875.8,0.01008603,9517.7495871057
875.9,0.016884087,2679.8962148185296
876.0,0.022410898,2733.148941342556
876.1,0.023528533,2912.053505032153
876.2,0.021154212,3043.3245669407643
876.3,0.0021931403,2300.466779810772
876.4,0.021002749,2786.1971435484716
876.5,0.02913448,2171.696462011444
876.6,0.02002153,2647.627734010617
876.7,0.015979705,1932.1003361322842
876.8,0.003170992,3339.9574357850124
876.9,0.015402823,2836.840064425577
877.0,0.009697346,2871.2059303294022
877.1,0.008883168,1211.7560387203634
877.2,0.018828603,2060.3053637953735
877.3,0.00044657505,4001.4850528942425
877.4,0.00077150535,3292.3274254777416
877.5,0.0004054312,3042.9535146209573
877.6,5.817431e-05,5064.986409969964
877.7,7.779343e-05,4724.242202087234
877.8,0.009920001,11213.269434825128
877.9,0.022612078,1754.0218110755345
878.0,0.016914234,2203.575813254582
878.1,0.0041827406,9867.222254994658
878.2,0.014258191,3127.934514662038
878.3,0.0045784,6360.463669529456
878.4,0.016661754,2084.1318771280867
878.5,0.021889862,2676.097887715627
878.6,0.013773081,3244.874962496605
878.7,0.0041088383,4666.451358522475
878.8,0.0011192338,3279.2502700396694
878.9,2.4571384e-05,8441.925994415624
879.0,1.0724033e-05,10249.055907221757
879.1,1.0433782e-05,10438.478836664652
879.2,1.0752882e-05,10399.141104105931
879.3,1.03445545e-05,10180.347770752083
879.4,1.0305837e-05,9979.11336287704
879.5,1.0742075e-05,10280.23281168361
879.6,1.0495389e-05,10318.057003761889
879.7,1.0885816e-05,10475.768991179812
879.8,1.0620067e-05,10298.605570938536
879.9,1.18811495e-05,10050.506902809484
880.0,0.03230395,2251.3566504612154
880.1,0.025851268,2125.240867500469
880.2,0.0004058554,4190.712440445295
880.3,0.007147123,2503.1598689248603
880.4,0.0074635525,2898.112555608191
880.5,0.0046789506,1319.4338651935807
880.6,0.010176848,2869.71883044883
880.7,1.0676824e-05,10397.705896661537
880.8,0.0063250917,9481.82033132248
880.9,0.0010049501,2729.305387615651
881.0,0.010354216,2925.6717537884133
881.1,0.0078294305,4325.444930108782
881.2,0.017405251,2911.460811604813
881.3,0.0096795475,2748.549918123971
881.4,0.0021419912,2472.7981592595906
881.5,0.013904516,2487.702734263863
881.6,0.0062650493,3134.7569261227945
881.7,0.00012507297,5073.345987291266
881.8,7.762059e-05,4817.252778057935
881.9,5.0510956e-05,5845.050432376586
882.0,1.7356619e-05,8617.057909172836
882.1,1.248314e-05,9576.727898847203
882.2,1.4949624e-05,9857.645938782593
882.3,0.03278469,1296.8032133506242
882.4,0.028325116,1294.515590849344
882.5,0.010663712,3772.4456908210677
882.6,0.0023947333,6781.847226025137
882.7,0.02341007,2097.760744245651
882.8,0.01627339,1170.562328039358
882.9,0.014993973,2043.3741438471095
883.0,0.026778176,1389.3490110699818
883.1,0.01800903,1153.068459748207
883.2,0.015921984,3176.318938303097
883.3,0.004720544,2860.8972298918425
883.4,9.476972e-05,4710.658797917271
883.5,1.5167438e-05,9237.195012828455
883.6,0.016572976,2326.272373920683
883.7,0.014822265,2587.559371822973
883.8,0.025120448,852.2721114520622
883.9,0.026777089,846.5223954226911
884.0,0.025955044,1085.204603174585
884.1,0.01744898,1648.8861481107701
884.2,0.01413393,1745.3858845033433
884.3,0.023263568,1354.4229636075206
884.4,0.012101924,1191.757767992481
884.5,0.0017329076,4561.5461143373195
884.6,0.015550291,1477.3887534195217
884.7,0.025811298,1617.1070799821916
884.8,0.0010657741,3688.543680998927
884.9,0.010022628,4608.804404248776
885.0,0.006546775,7487.247611396169
885.1,0.022980876,940.5347464012672
885.2,0.017905278,1498.4129665150326
885.3,0.018075697,1630.7787969659403
885.4,0.00835458,2052.3174640333946
885.5,0.0015978721,3660.4276862333336
885.6,1.06881225e-05,10185.947777546391
885.7,1.0194751e-05,9985.455332353196
885.8,1.0318172e-05,10080.816971311137
885.9,1.0433215e-05,9864.182675596487
886.0,1.0731551e-05,10078.394637340745
886.1,1.0206872e-05,10050.046110827816
886.2,0.0060495604,1768.0222594224547
886.3,0.046849187,3041.625358004531
886.4,0.04585543,2193.286222346356
886.5,0.040298756,1118.6511155231415
886.6,0.028554907,2002.95125472474
886.7,0.000118887845,7432.724120826217
886.8,0.014016778,1688.0976032296937
886.9,0.012845247,1547.2565446736671
887.0,0.013685708,670.356980418394
887.1,0.008237525,1766.6238868049186
887.2,0.013545285,1478.7151347269776
887.3,0.016164662,977.3631862424572
887.4,0.015507596,2715.03201420602
887.5,0.0124166785,4024.0852013763706
887.6,0.0042262743,4077.1366072533865
887.7,0.0002856008,4298.877191593338
887.8,2.0032396e-05,8611.85646165764
887.9,1.0812902e-05,10112.453675801256
888.0,1.0463369e-05,10185.215364492215
888.1,1.0385955e-05,10383.062034763696
888.2,1.0847274e-05,10255.603215782481
888.3,8.110623e-05,7194.921448938999
888.4,0.020163301,980.323825411525
888.5,0.03643218,1916.1617296697543
888.6,0.025752086,1948.4524338910253
888.7,0.022906078,2275.6980513572335
888.8,0.015446256,2607.061007258205
888.9,0.006373531,2357.2978744389834
889.0,0.0018713599,3649.2522588566817
889.1,0.009978633,9985.030352100162
889.2,0.0062755845,6239.888200064481
889.3,0.01816121,2111.087346823137
889.4,0.0192417,2450.932325713438
889.5,0.017725315,2585.9376438976246
889.6,0.01264015,9537.582357587782
889.7,0.008653117,5502.171073391087
889.8,0.0021778836,5224.644647756343
889.9,0.001449036,6285.477807867035
890.0,0.002925433,5541.006061041649
890.1,0.014698675,2061.6871582126823
890.2,0.009487752,1981.9830181392172
890.3,0.011627067,2171.8207297850176
890.4,0.0002539314,4386.182214338034
890.5,1.07858405e-05,10195.440133663984
890.6,1.1020194e-05,10314.676115237535
890.7,1.0531184e-05,10363.25629424186
890.8,1.0412307e-05,10139.46508896693
890.9,1.2366952e-05,9763.760529141615
891.0,0.0014002584,6146.694398811219
891.1,0.030948684,5921.6778133328935
891.2,0.15244013,1133.467218224874
891.3,0.16724202,1097.5529962804787
891.4,0.15729833,1187.8069230437602
891.5,0.10831289,1013.2365256806152
891.6,0.09867519,1199.0908828570937
891.7,0.07729133,1155.0730951790592
891.8,0.06924653,1088.7062247083613
891.9,0.021813473,1208.0994959246818
892.0,0.015473204,1216.9927307093672
892.1,0.01463309,2901.8894796824848
892.2,0.056235835,1163.60373293628
892.3,0.00935124,3368.399322339003
892.4,0.047386244,1674.0130024835257
892.5,0.031640492,1641.206589636178
892.6,0.0047225985,2102.179325382747
892.7,5.9807648e-05,7026.932462314271
892.8,0.008434732,5697.409776577787
892.9,0.10826894,876.4572052179445
893.0,0.09868885,1264.5853257711904
893.1,0.0024435397,4585.720659241777
893.2,0.05527857,3619.221799679766
893.3,0.11952437,1195.1975168459421
893.4,0.09821402,1199.0842786908602
893.5,0.026361074,6314.628345344705
893.6,0.018504046,6799.1192007805375
893.7,0.0038226296,5018.416532635763
893.8,0.09614247,1359.6184707083066
893.9,0.010270792,3966.091234407742
894.0,0.012211977,3563.450346207852
894.1,0.064368464,1039.622777870787
894.2,0.06966432,1540.9398836470068
894.3,4.6669888e-05,8429.36782319526
894.4,0.0114008635,3394.46275683945
894.5,0.006851491,2061.65118532807
894.6,0.00020056491,3495.9584534023384
894.7,2.1567072e-05,8298.200920317977
894.8,1.5417412e-05,9214.763008327387
894.9,0.13067926,1148.9408104558393
895.0,0.012711606,8216.46919861255
895.1,0.09187289,991.5520149855638
895.2,0.0063248305,7921.005285838876
895.3,0.04090803,1262.0271665923804
895.4,0.075266704,1478.1296923358823
895.5,0.04947134,1007.3158539640046
895.6,0.011924732,3322.2896200065857
895.7,0.040381957,959.5550026115213
895.8,0.012097873,7937.262575838032
895.9,0.0089796195,4700.198791324392
896.0,0.07993722,1279.361934061545
896.1,0.018312601,1768.6312070037416
896.2,0.009699638,9891.01931257244
896.3,0.05156841,1544.4525329048815
896.4,0.011092156,1382.0162425090543
896.5,0.022059351,1200.0933185279673
896.6,0.031531595,1700.979733118165
896.7,0.008470391,2282.073001968054
896.8,0.00027915524,4918.362304281119
896.9,1.0182846e-05,9738.58024742342
897.0,1.0485517e-05,10106.674532339703
897.1,1.0157709e-05,9833.254407509032
897.2,1.01026435e-05,9734.457239618676
897.3,1.0448022e-05,10441.897430105148
897.4,1.2520419e-05,9547.979623761652
897.5,0.00227381,6742.532560940352
897.6,0.0023073808,9467.532032292715
897.7,0.016766174,4359.387376488451
897.8,0.0034341358,7566.480240439063
897.9,0.010273661,10698.367232578294
898.0,0.0015313932,6139.769792936413
898.1,1.7479937e-05,9149.576583909917
898.2,1.3042877e-05,9816.394360083323
898.3,1.2402704e-05,9766.460147166408
898.4,1.22362135e-05,9672.373774979282
898.5,1.4385506e-05,9367.719274003102
898.6,0.004588325,6907.840537986755
898.7,0.0032489002,6162.526539052117
898.8,0.037952136,2013.7303105974606
898.9,0.0016985819,7266.286799215126
899.0,0.012177791,9719.999894960814
899.1,0.0015040922,6519.056794981094
899.2,8.48099e-05,4535.089395050806
899.3,4.370437e-05,5819.655271760462
899.4,1.7981938e-05,8274.382965299097
899.5,1.0540418e-05,10054.654589314587
899.6,1.03624225e-05,9844.536111773443
899.7,0.028830338,833.626326217302
899.8,0.06009881,1755.7336745873722
899.9,0.00032464127,5863.183033141681
900.0,1.8727122e-05,9221.105526302585
900.1,0.040416036,3382.390656629865
900.2,0.00847826,3776.0873519390175
900.3,0.00014746061,4419.813507681572
900.4,1.4194535e-05,9448.845764934518
900.5,1.2380932e-05,9590.294786808985
900.6,1.1246898e-05,9828.506839101454
900.7,0.0008238556,2188.76519288838
900.8,0.025837539,2395.215950845734
900.9,0.027818505,3075.1467201805526
901.0,0.0027009782,3738.7293264918017
901.1,2.6829486e-05,8677.719737269974
901.2,1.0883555e-05,10056.077835946893
901.3,1.0237119e-05,9867.507441334603
901.4,1.0314434e-05,10225.810033782662
901.5,1.1047401e-05,9741.045343084112
901.6,0.023063637,1852.5916364886732
901.7,0.0004128569,5215.305748306017
901.8,0.025495728,1699.4936950835174
901.9,0.02079882,1964.1978184154207
902.0,0.0143661825,3041.1114996343604
902.1,0.007952122,2521.6682782340054
902.2,0.006468291,2968.001048307274
902.3,0.0068587177,2600.0998370875704
902.4,0.00021879251,5617.388693523952
902.5,0.013696377,3343.275903615844
902.6,0.019781739,2161.8254130220544
902.7,0.01953839,1278.7292072423486
902.8,0.0020369687,2300.722736873372
902.9,0.01543454,2933.1087377273075
903.0,0.013576911,3259.958098845453
903.1,0.012437454,2749.261141856349
903.2,0.0031662963,3976.6014991428556
903.3,0.022152858,928.5212721752769
903.4,0.0148880165,2152.4108595259613
903.5,2.27147e-05,9013.343298825363
903.6,0.011526723,2124.980819519934
903.7,0.013317009,1329.096668321763
903.8,0.02098043,2100.5381497166068
903.9,0.01009511,1993.3842368008807
904.0,0.0034216077,5883.233842111717
904.1,0.0108619565,1797.2450662464005
904.2,0.015834704,3124.391493235316
904.3,0.018248208,1954.777320862223
904.4,0.015018302,2569.6180264736117
904.5,0.0013818274,8344.651364527967
904.6,0.011692077,3665.2334455837236
904.7,0.017551789,2548.379364112494
904.8,0.008348885,1977.966511312647
904.9,0.015095751,1997.1952717621564
905.0,0.018819144,2605.2364824892375
905.1,0.010526327,2843.9060960034703
905.2,0.013918363,2684.236429360729
905.3,0.0008400763,4213.998536192752
905.4,0.00069402147,4317.730690961502
905.5,0.00022222605,3585.227836659358
905.6,1.6779662e-05,8325.707193632861
905.7,0.013164707,3054.544028925033
905.8,0.0038723096,5774.184322884997
905.9,0.02394653,1370.3349825350633
906.0,0.035948478,2864.6371896015658
906.1,0.021066751,2626.416117928702
906.2,0.00019975015,6591.425390899729
906.3,0.010750462,2058.615304124043
906.4,0.010048028,3642.908934101022
906.5,0.010587465,3095.5924684202755
906.6,0.0029163393,9776.1066052965
906.7,0.01237688,10138.603693374924
906.8,0.007999424,3215.769381340344
906.9,0.015305344,2517.9638019793747
907.0,0.00010204926,7674.137601478726
907.1,1.6503396e-05,9090.945771585571
907.2,1.0757834e-05,9960.647472821413
907.3,1.0709325e-05,9874.175375410736
907.4,0.009417515,10745.66037137859
907.5,0.013030553,2457.7338897442664
907.6,0.012152673,3189.8199060289903
907.7,0.009745086,4892.85801139923
907.8,0.008690119,2490.072765986123
907.9,0.0005445457,2828.74922795496
908.0,0.00017765436,3110.2241078532443
908.1,8.1158454e-05,4041.145201646242
908.2,3.3432138e-05,7926.647284843887
908.3,0.028445913,3071.7163264512
908.4,0.011650223,10281.400547076733
908.5,0.014409269,8897.339321403866
908.6,0.014424326,3339.6205690079714
908.7,0.025645157,1618.244293733877
908.8,0.018423181,1569.5663336707662
908.9,0.00034119596,5303.103800804607
909.0,0.01834878,1871.7967251649266
909.1,0.019132502,1823.1135101622594
909.2,0.013720133,3907.6515281317543
909.3,0.003548647,6812.9905862769265
909.4,0.00826607,5916.528549720655
909.5,0.0050862827,9327.071349801918
909.6,0.01295929,2914.3542036448803
909.7,0.0010140933,3086.0496307929643
909.8,0.00010834036,4019.5884742422077
909.9,3.4768604e-05,6095.653395507469
910.0,1.2905551e-05,9109.406237524216
910.1,0.004710464,1046.6174124724716
910.2,0.021782784,2775.7275668310913
910.3,0.019886943,2114.364232093979
910.4,0.015050872,3048.8028208632777
910.5,0.018194078,2239.6563731302767
910.6,0.015296314,1858.1101581417006
910.7,0.002449901,6574.689046590026
910.8,0.0037206914,6071.060822335873
910.9,0.015764937,2650.0850886591516
911.0,0.023894804,2586.4050873114093
911.1,0.01069096,2941.9737970298565
911.2,0.0044443263,9939.38691162522
911.3,0.0007633727,11354.415660369887
911.4,0.015262734,3253.9524401429453
911.5,0.010259243,3129.4364081774993
911.6,0.010975832,3751.820753233713
911.7,0.0016745484,6103.848877463278
911.8,0.0065902504,3360.307634569638
911.9,6.381413e-05,8428.485281937626
912.0,0.003671791,3760.25493705617
912.1,0.000276378,4203.312112708948
912.2,2.9633373e-05,7094.176121583325
912.3,1.0591392e-05,10075.215810835003
912.4,0.0037475158,9311.84411623549
912.5,0.01863642,2429.5705764833906
912.6,0.008660623,1351.469584082622
912.7,0.018506614,821.8940023406714
912.8,0.02088926,1327.4022859521842
912.9,0.022967745,891.8931483933926
913.0,0.023135409,2275.8571454729317
913.1,0.023554424,1069.271043113283
913.2,0.020317184,1951.8117008737365
913.3,0.016216042,789.0994888762416
913.4,0.010522273,1528.3939281668418
913.5,0.0144245215,1501.4224068815852
913.6,0.020064607,2407.1376811287173
913.7,0.015695529,2429.117153695156
913.8,0.02195069,840.7959394363836
913.9,0.013991847,1850.8097102662973
914.0,0.014058168,1864.569040205257
914.1,0.024372883,838.6872048173399
914.2,0.008301369,1545.3971154948495
914.3,0.012632328,2831.618104042017
914.4,0.0075140977,3721.042605759282
914.5,0.019971127,1178.447554958973
914.6,0.016021054,2241.421192511249
914.7,0.017501468,2449.76800516014
914.8,0.012624611,1918.7769437653142
914.9,0.008840921,3404.0547372640485
915.0,0.0076759863,10171.85489640325
915.1,0.0064838203,3339.9951580303637
915.2,0.014144611,3111.243770845809
915.3,0.014429311,2675.8542555085237
915.4,0.00027392004,5064.814134137596
915.5,6.910295e-05,4631.76545412136
915.6,1.44903015e-05,9373.261610503874
915.7,1.0422728e-05,10041.87213382292
915.8,1.0701896e-05,10271.676764121716
915.9,1.0527754e-05,10123.890806002908
916.0,0.009724453,716.6931391202139
916.1,0.028680312,1164.4048008379154
916.2,0.02425423,1418.9930872907667
916.3,0.012610642,1480.0011506101391
916.4,0.003345343,1489.4275129804964
916.5,0.0068377806,5323.373929465771
916.6,0.02058802,1012.8813125003014
916.7,0.020618347,1888.5510453751363
916.8,0.0026055167,8415.253342666547
916.9,0.013711897,3054.0433520872602
917.0,0.0123318015,2445.924008070786
917.1,0.011335436,2445.445023007808
917.2,0.017362062,1871.3045163939087
917.3,0.015567516,1600.1808792186707
917.4,0.015314015,1473.9987983175624
917.5,0.00049703923,3746.251990252239
917.6,0.011072862,1640.2956426390347
917.7,0.01396618,1804.9333060733043
917.8,0.0143139325,1534.3992713514317
917.9,0.0019738327,5035.176939530394
918.0,0.015083046,1593.3380437586325
918.1,0.012725278,2615.9354507878015
918.2,0.02172971,2278.459257441384
918.3,0.019447245,2735.586205532149
918.4,0.008717738,3029.819061726758
918.5,0.015309423,2888.927308836795
918.6,0.007818774,3132.609118887111
918.7,0.010614486,10554.71066803703
918.8,0.008587187,3321.919944868245
918.9,0.0106537035,3086.5886313631054
919.0,0.005465913,3500.6049400996894
919.1,0.008481058,2422.24564292492
919.2,0.0062296186,3294.850101656384
919.3,0.0013870858,4967.604607817822
919.4,0.0019253565,5800.479743746575
919.5,0.010458557,1531.090631589892
919.6,0.01200038,2529.8227567775007
919.7,0.00046193105,6588.592705088832
919.8,0.0099745765,2174.6482636453834
919.9,0.006680496,2302.0317103203624
920.0,0.008746781,955.2912269708728
920.1,0.008368176,2626.9917996788827
920.2,0.004005293,4493.4814195657955
920.3,0.00085899624,4298.907139036163
920.4,2.1997083e-05,8257.956823118871
920.5,1.13835895e-05,9749.57714441862
920.6,0.004650131,6527.578590243541
920.7,0.029398913,1211.7322540466155
920.8,0.023304077,2807.292206534828
920.9,0.0023787166,7819.372132602337
921.0,0.024485672,2463.736147688932
921.1,0.02745312,2179.571916045342
921.2,0.029535437,2352.250338766431
921.3,0.027460521,1224.741351126527
921.4,0.009797877,1592.1677514490482
921.5,0.0124778645,2550.27423789746
921.6,0.021217609,2387.0474508269504
921.7,0.0006371798,3832.4318223530454
921.8,0.016504865,2494.506598497268
921.9,0.021637248,2240.8410491582263
922.0,0.015010033,1551.74602130443
922.1,0.007115227,4703.341240749789
922.2,0.019199459,3016.091180546042
922.3,0.0009512833,2575.3699153161415
922.4,0.0069191554,4332.033359678877
922.5,0.01023136,2658.0696331142503
922.6,0.0036555424,6030.744591375061
922.7,0.011345692,1439.036104794107
922.8,0.012577098,2200.6352241290624
922.9,0.004077023,4045.1462129879446
923.0,0.016061991,2172.8408264916043
923.1,0.008335649,9081.189513027268
923.2,0.012843425,3113.523660385741
923.3,0.0067511136,4804.193126163476
923.4,0.0075945645,1376.01229111929
923.5,0.011536518,2011.8281247709951
923.6,0.010805822,2477.5912164062406
923.7,0.0028232145,2856.6380205101195
923.8,0.0001526828,3325.015476209339
923.9,6.7055706e-05,4657.325920378349
924.0,5.144963e-05,5214.86193647518
924.1,2.198445e-05,7825.68582482753
924.2,1.13187025e-05,9660.1601872046
924.3,0.010325895,10870.927131813212
924.4,0.02955072,2341.8689831066627
924.5,0.017266622,2449.574178682762
924.6,0.014864037,1072.9272709864222
924.7,0.020802047,1951.7854384943516
924.8,0.00437912,9749.898017206233
924.9,0.012724858,3185.712255235244
925.0,4.4194498e-05,8850.447265251487
925.1,0.009136632,9204.308103978456
925.2,0.014860203,2420.8064582658703
925.3,0.01314686,2560.2813899489647
925.4,0.0002670776,3631.3462347803115
925.5,1.632182e-05,8684.71019774401
925.6,3.434553e-05,8011.861345305964
925.7,0.003949634,10512.658049120975
925.8,0.014757368,2554.8127037109807
925.9,0.0144274635,2079.512973893844
926.0,0.000514492,2780.473663506101
926.1,8.4859814e-05,4252.7837718509945
926.2,5.531603e-05,4996.655854398812
926.3,2.8832168e-05,6767.221298555022
926.4,1.227508e-05,9172.441994133493
926.5,1.0971695e-05,9689.930853582413
926.6,0.0078193685,3627.869415706412
926.7,0.005714459,5371.637390708724
926.8,0.018614683,2935.6543537567713
926.9,0.029526863,1014.6240727657912
927.0,0.016988145,1875.830269310093
927.1,0.02398835,2309.54469242133
927.2,0.0107719675,1414.9463030599047
927.3,0.009164819,1800.7340381647127
927.4,0.0041496917,2361.7096796952437
927.5,2.1951375e-05,8763.016089401517
927.6,0.009531928,3618.6650243257363
927.7,0.004910445,7828.878247890781
927.8,0.017839825,752.9481186072705
927.9,0.016967895,1856.292670248483
928.0,0.01765487,2424.231888363689
928.1,0.001231443,3235.8366626562865
928.2,2.1774062e-05,8270.24304718299
928.3,1.08769e-05,9919.253653550268
928.4,0.00045449618,9839.469131104754
928.5,0.022048986,3322.802908995691
928.6,0.030712442,2058.383463578448
928.7,0.031573806,1717.7619760241266
928.8,0.027314804,1287.8185794770188
928.9,0.020140989,1372.6363986568956
929.0,0.017656641,1202.1047364817846
929.1,0.00072597107,4041.0582460641185
929.2,0.0043133157,3431.23564823808
929.3,0.0047961073,3255.0603129108868
929.4,0.016752895,2215.968979972862
929.5,0.0016201751,3855.652069814647
929.6,0.0028083934,6650.88849778521
929.7,0.024858007,1113.8023667651764
929.8,0.013315197,4529.259320776733
929.9,0.008667448,9672.340780303723
930.0,0.02443553,2310.8636896583403
930.1,0.018615775,2653.3430424403396
930.2,0.007715778,8894.310509470508
930.3,0.0072024697,6246.300781263158
930.4,0.008175717,5934.343312020303
930.5,0.0014216738,6356.4335375197525
930.6,0.0016678162,6407.7531209141835
930.7,0.014997883,2827.9341393905374
930.8,0.0100130355,2175.2886775182633
930.9,0.0004321563,4615.253031792105
931.0,0.00822254,2621.5105093798315
931.1,0.0050986684,8227.029213121508
931.2,0.011003021,3089.0640583615077
931.3,0.0048131114,5168.672023891383
931.4,0.0010466964,3331.7780778363617
931.5,1.0675273e-05,10438.592663155652
931.6,1.0546494e-05,9920.952402435829
931.7,1.0669488e-05,10203.823911467169
931.8,1.02531685e-05,10316.428877161416
931.9,1.3083645e-05,9679.854864510284
932.0,0.008017875,7138.260382492736
932.1,0.012550069,2551.218658459574
932.2,0.0004088888,3233.3102603323005
932.3,2.1830714e-05,8273.46577213482
932.4,1.2751085e-05,9503.297667443727
932.5,1.2625294e-05,9181.983854712893
932.6,0.0067876065,8215.256681573008
932.7,0.01034728,2846.6211151689813
932.8,0.0008776049,3025.2586606362274
932.9,2.0475507e-05,8157.643383933109
933.0,1.2698407e-05,9564.53608348856
933.1,1.8952818e-05,8472.71983929917
933.2,1.096074e-05,9790.614498681502
933.3,0.011528203,8691.433867565094
933.4,0.0048696897,2987.195626559457
933.5,0.0030696834,5353.06472533655
933.6,0.0003226695,3929.4406399159393
933.7,1.6134778e-05,8931.032990778076
933.8,0.00041822033,5413.204736425802
933.9,0.0044724154,6305.939058644636
934.0,0.0005318733,7937.604109693428
934.1,0.0029507538,5185.501291754943
934.2,2.5057585e-05,8495.025050502445
934.3,1.0660509e-05,10358.77401756359
934.4,1.0373716e-05,10120.470818822272
934.5,1.0097211e-05,10226.7577719027
934.6,1.0089102e-05,10138.030727152816
934.7,1.02964395e-05,9846.017635993867
934.8,1.0404429e-05,10283.073472246268
934.9,1.0534719e-05,10204.81953247158
935.0,0.012093044,2365.9745609939155
935.1,0.0038424595,2356.359629187954
935.2,0.015990347,2525.586884176333
935.3,0.019544767,1367.9011162897773
935.4,0.019278562,1210.4868204573652
935.5,0.017885355,1499.5565408009043
935.6,0.019579854,1311.2823981721451
935.7,0.0034944394,3003.1274553717976
935.8,0.02292125,1270.6410057128671
935.9,0.010667762,1960.9309120165688
936.0,0.0045788256,9389.427092360082
936.1,0.01067424,2062.1808553687815
936.2,0.012118002,2128.6865258587045
936.3,0.015345138,2070.274406316438
936.4,0.0076081054,2839.463998029785
936.5,0.014226685,2458.6056939439827
936.6,0.01319069,2912.6927941341323
936.7,0.017104562,1893.3236394788596
936.8,0.00850459,1617.7957551242555
936.9,0.0093983635,2801.793179335425
937.0,0.0039922665,2706.0044088824743
937.1,0.000109407665,3957.565959023219
937.2,9.761087e-05,3597.742660750422
937.3,7.628372e-05,5736.248916473382
937.4,1.3188686e-05,9220.48115674422
937.5,0.009599566,944.6145856628066
937.6,0.027666096,1646.1117519289478
937.7,0.027620649,1672.3000911601487
937.8,0.020475058,1143.5529019357973
937.9,0.0072637578,2641.739329902808
938.0,0.011069198,7322.927039347425
938.1,0.014853309,1766.8394890312711
938.2,0.012777866,2013.6281351678078
938.3,0.0122325355,2362.071989315851
938.4,0.0015227076,2861.708743032303
938.5,1.8007948e-05,9089.420758411004
938.6,0.01694418,1114.5434621704585
938.7,0.0234787,1201.8924637579453
938.8,0.025934204,1290.2119113095928
938.9,0.0074623283,965.406786846133
939.0,1.8036057e-05,8755.577631319062
939.1,0.02259284,1454.6368748117864
939.2,0.021095976,915.173646241574
939.3,0.016410323,1415.4162026613888
939.4,0.00045465952,7500.382936087786
939.5,0.020870145,1830.3405592493395
939.6,0.00936974,1027.8121334615464
939.7,0.0041067377,3881.9075694452845
939.8,0.019381912,2058.424099191784
939.9,0.0030064941,2931.091661276247
940.0,0.015525827,2155.0023189687204
940.1,0.0061016725,8737.791155687713
940.2,0.01026273,1451.6086293088824
940.3,0.01156473,2769.9250272341496
940.4,0.017363548,1822.4464831568603
940.5,0.014794941,1351.1855265420188
940.6,0.009083708,1769.8270613529698
940.7,0.00074583123,2664.354748709151
940.8,0.01690488,1967.8475208910725
940.9,0.016847363,913.4373522820696
941.0,0.009552546,1825.1856178889366
941.1,0.00030661657,5249.065016196201
941.2,0.017823782,2579.907515605909
941.3,0.0060545714,3320.9140306738145
941.4,4.0439805e-05,7903.468993047589
941.5,2.1769092e-05,10015.494649521985
941.6,0.0025447817,7364.651008323958
941.7,0.0134873865,9152.924353230312
941.8,0.014961606,2633.341592040035
941.9,0.019707326,2206.644588407248
942.0,0.018365037,2405.0164112502875
942.1,0.0008258017,3487.5141463583723
942.2,0.010248328,2476.0149792232764
942.3,0.006379469,4084.1872427452627
942.4,0.0035384698,4915.701822426088
942.5,0.0126687335,1783.039304226466
942.6,0.009906261,1354.379110294348
942.7,0.015865648,1959.5428954376125
942.8,0.00036458508,2768.416052784017
942.9,0.00036527572,2980.165834231781
943.0,0.00019051177,3022.0359891200033
943.1,3.812204e-05,6191.76901409007
943.2,1.388116e-05,9144.943669538174
943.3,0.010221539,1946.3344379875166
943.4,0.026865792,1837.54906488391
943.5,0.027935132,2462.7583746586643
943.6,0.014706599,2114.0935162940295
943.7,0.0016828111,7542.968781246702
943.8,0.013467232,1398.0996217176908
943.9,0.014798047,1662.3609198723875
944.0,0.0077021606,2010.3106488823123
944.1,0.0024871184,3287.3312880635103
944.2,1.8363058e-05,8447.42752105638
944.3,1.2529922e-05,9399.815964283343
944.4,1.1739795e-05,9516.420924522467
944.5,0.0058656693,9673.871907956087
944.6,0.007247777,2210.556379505885
944.7,0.0032607585,8464.956914582002
944.8,0.0062138657,2205.981757998978
944.9,0.003021316,8561.335364315186
945.0,0.008237542,1925.0753848590643
945.1,0.0058438997,1835.4668841536613
945.2,0.004444418,2195.2792033393844
945.3,0.0025098452,2491.045001029725
945.4,0.0017311705,2213.590416872813
945.5,0.00024240537,3289.4283593875684
945.6,0.0006304722,3760.0240362175687
945.7,0.00040455122,3436.69313284939
945.8,0.00013735412,3288.5924179376543
945.9,2.0460968e-05,7585.973427364368
946.0,1.3653925e-05,9051.590005778407
946.1,0.0062335823,9060.804644808833
946.2,0.006011218,8952.370564687692
946.3,0.01556365,3390.589542443443
946.4,0.007605343,4311.320424880295
946.5,0.008252438,8381.463833988026
946.6,0.0078046927,3766.617997014354
946.7,0.014162533,3008.963154206952
946.8,0.013690804,2986.499859534944
946.9,0.0140238805,2443.5624976881163
947.0,0.010580419,2276.9468925618985
947.1,0.0034733436,1956.781076720138
947.2,0.0008350382,10167.325195419466
947.3,0.015822334,2505.3609178985485
947.4,0.011728025,1924.4799697048004
947.5,0.00018436111,5699.811069041035
947.6,0.0089286035,2534.3943248223386
947.7,0.00017659563,5867.52818449271
947.8,0.010890823,1666.3613089273285
947.9,0.0059090527,2666.350833643238
948.0,0.0011058127,3154.6998380632867
948.1,1.8638098e-05,8273.01551487483
948.2,0.0024550657,3981.4016400134583
948.3,0.025308765,2391.9242277520425
948.4,0.021001995,1684.4645040111432
948.5,0.015773384,2027.8152859121647
948.6,0.0070213513,3020.4047273396845
948.7,0.0073078573,2990.6693038076587
948.8,0.00579731,4152.343973141388
948.9,0.010100129,3013.916751266863
949.0,0.0154105015,2906.8542629308013
949.1,0.008682194,2743.877570984484
949.2,0.01235905,2288.2820365736575
949.3,0.007091507,2382.4050593148695
949.4,0.011675706,2094.793502880932
949.5,0.004923576,10907.794036952968
949.6,0.014689383,2082.8183250699403
949.7,0.01737764,2225.559957753094
949.8,0.020740025,2209.632118564889
949.9,0.005457536,9144.726053633063
950.0,0.0061824024,6617.174201499916
950.1,0.0040033865,4208.152224516434
950.2,0.0030233327,6210.569277014118
950.3,0.0028203772,6905.893971442587
950.4,0.01109672,1870.915881059857
950.5,0.011278801,2269.9469766380307
950.6,0.001532669,2642.013574716332
950.7,0.00030969427,3438.829929599143
950.8,0.0002039571,3080.1062123920883
950.9,5.5240187e-05,5288.798404731079
951.0,2.2436767e-05,8664.599892318041
951.1,0.012013522,10910.828819323544
951.2,0.03164128,2931.3536324582765
951.3,0.025984485,2740.57468062749
951.4,0.00035490427,5047.436901194809
951.5,0.013985798,3204.931670249449
951.6,0.007903532,1596.0307831687337
951.7,0.0037786618,3286.416145489747
951.8,0.00017901913,7967.074973674693
951.9,0.017145181,2972.8557813114467
952.0,0.016548073,2300.9160590166352
952.1,0.017262831,1417.2850566939128
952.2,0.006875062,9959.437244806752
952.3,0.002284618,4900.927297977862
952.4,0.013581449,1941.1889592072553
952.5,0.014579509,2162.4272150652832
952.6,0.015460054,2630.49685828812
952.7,0.01321396,2439.8526226626345
952.8,0.012908272,2276.699977510044
952.9,0.016302014,870.6175711980372
953.0,0.0113968495,1886.1112638921973
953.1,0.01400235,1907.9255969060853
953.2,0.0001392229,6617.22791402849
953.3,0.011092175,2698.157834905761
953.4,0.0103761945,2572.1422289328775
953.5,2.419061e-05,8803.398110340542
953.6,0.0131763965,2396.856241158362
953.7,0.007425114,2572.8018518879453
953.8,2.882112e-05,8389.282113048315
953.9,1.0590392e-05,10228.519853938144
954.0,0.0026064746,3821.572168400093
954.1,0.0005909786,5615.149489367207
954.2,0.02271544,2001.392203402728
954.3,0.023368943,2472.3717004651007
954.4,0.0039080116,6491.596219452933
954.5,0.0056921532,6310.073174137933
954.6,0.0050673233,6257.0087068820785
954.7,0.0036673027,6908.324549883255
954.8,0.00426778,8064.439244575807
954.9,0.011652059,2512.2268583352743
955.0,0.01035423,6382.138740918542
955.1,0.0038647808,9441.37921892682
955.2,0.015391448,2456.5615868544487
955.3,0.00920645,2631.729701730853
955.4,0.004486076,6147.838109085626
955.5,0.010724762,1816.4598409700684
955.6,0.011189719,2785.7445366998645
955.7,0.0014341816,2649.976520874069
955.8,0.0002285468,3289.708003172642
955.9,0.00016069978,3230.2281052460794
956.0,5.015522e-05,5147.274500609098
956.1,1.2297583e-05,9151.234660001332
956.2,0.012307225,4250.361188652558
956.3,0.0033277227,1644.3440997360606
956.4,0.021854926,2145.552825385915
956.5,0.019794999,2189.1347140327075
956.6,0.00413,5022.61155196469
956.7,0.014687792,1270.2046688771543
956.8,0.0058871447,4009.638221987066
956.9,0.014004506,2459.7586050267983
957.0,0.00047056284,4936.683940944526
957.1,0.0031487918,7756.692284735862
957.2,0.01712164,1745.7039954367995
957.3,0.0044661085,9835.204391884678
957.4,0.014275303,1754.578282193371
957.5,0.010719796,1980.133053893909
957.6,0.009360786,2724.678262740993
957.7,0.018335177,1973.4203242285425
957.8,0.011599865,1938.718414599454
957.9,0.002447536,4315.812041301632
958.0,0.00012830048,5102.095740895464
958.1,1.4613733e-05,8973.577922749831
958.2,1.0357774e-05,10227.825162089546
958.3,0.0065981904,577.5829939313305
958.4,0.017501961,2347.973533673295
958.5,0.0013121857,7710.255854204723
958.6,0.020083172,2158.0144545790263
958.7,0.017482668,2529.0383694839147
958.8,0.012646574,1393.9521243983195
958.9,0.0057894033,765.1023871948576
959.0,0.0053771483,3639.07472906739
959.1,0.008356656,1519.045279938052
959.2,0.018026665,1397.3262198631485
959.3,0.023949623,1687.8145974488048
959.4,0.022442538,1341.7185773799843
959.5,0.022439253,835.5935788614249
959.6,0.008667157,1350.9421286438287
959.7,0.015406585,1395.383810946295
959.8,0.02019297,2290.635803503438
959.9,0.0028433474,8829.824016147933
960.0,0.019035332,1788.9010852800452
960.1,0.014064253,1764.5848726313088
960.2,0.014047225,1863.9441109253837
960.3,0.012798816,3133.6610998686833
960.4,0.009162306,2788.0257701008845
960.5,0.0001606827,3578.459020869549
960.6,0.00011206061,3209.069737181109
960.7,4.9566715e-05,5089.390085025876
960.8,2.9661209e-05,7644.845548980691
960.9,1.725826e-05,9112.567399403151
961.0,0.023856666,2978.9237266041555
961.1,0.013316487,10529.038010029284
961.2,0.015736643,2739.216092046897
961.3,0.0039204517,7698.737706599384
961.4,0.0032146699,3537.4077559079647
961.5,0.012222463,1468.082064107019
961.6,0.0061542997,6070.053539827786
961.7,0.024633707,2450.8216604097643
961.8,8.4412764e-05,7848.4773971121795
961.9,0.025961697,2124.9578025693204
962.0,0.02651404,905.0095310218512
962.1,0.0206565,2113.5009231788404
962.2,0.022023976,1970.3531163922244
962.3,0.015702577,2776.7934014017774
962.4,0.005162063,3624.5602849862726
962.5,0.008366879,3698.561012975777
962.6,0.011414935,10802.724127021513
962.7,0.009612078,2766.3259537311505
962.8,0.0047414037,2686.0775086882627
962.9,3.21223e-05,7702.816485874988
963.0,1.0381696e-05,10102.345219487852
963.1,1.0428918e-05,10044.35295471363
963.2,1.02217e-05,9862.326488344472
963.3,1.0068126e-05,9720.074593996898
963.4,1.0356451e-05,10037.779549903937
963.5,1.0569897e-05,9877.25334775801
963.6,1.0149412e-05,9920.65161452251
963.7,2.378752e-05,9353.235235174212
963.8,0.023091247,1004.6553160638491
963.9,0.0054451246,3397.934830800107
964.0,0.015508699,1277.1821267964815
964.1,0.021004423,1737.521124542422
964.2,0.016077101,2291.9221021475423
964.3,0.006693161,1391.7680736486132
964.4,0.0008985437,7105.296382396477
964.5,0.01292933,2462.2859599400144
964.6,0.006591293,7301.524315983342
964.7,0.0135459,2455.768120873763
964.8,0.0006450304,3904.5945352097597
964.9,0.009014726,2770.4258749336163
965.0,0.00095058087,3507.774336285845
965.1,0.00013108051,3718.8429286815003
965.2,7.498465e-05,4057.0492293741254
965.3,4.2850075e-05,5223.673571403111
965.4,1.23918235e-05,9295.398402860934
965.5,0.028053232,1653.7804260616003
965.6,0.03200873,952.6251282134626
965.7,0.015312747,2012.8772396392897
965.8,0.008734478,2071.6404737106086
965.9,0.008089062,1403.301451821961
966.0,0.016742572,1981.6588221218026
966.1,0.022828232,868.4386353618487
966.2,0.017447203,1777.6505920081097
966.3,0.016632222,1018.4832653696584
966.4,0.0006868092,3523.6883132137355
966.5,0.0019924555,6293.5259860859
966.6,0.02612713,989.7361622362166
966.7,0.012454023,1285.9620050918816
966.8,0.009642927,8300.48462985762
966.9,0.014120609,2475.830084750177
967.0,0.0037491824,1951.3445379594652
967.1,0.00719373,9090.124183134827
967.2,0.0038006986,6091.75445075959
967.3,0.015081674,2232.771855602617
967.4,0.00014929437,6122.812690538477
967.5,0.024537543,1839.5791158872835
967.6,0.01189688,1936.7313456023714
967.7,0.0069904313,1054.6279835943192
967.8,0.014718919,1719.9927059855818
967.9,0.0013570567,5087.5492088804385
968.0,0.017412234,1270.3434053557942
968.1,0.01519889,1120.0616213140754
968.2,0.0010757064,4393.286481178273
968.3,0.01594626,2279.3741964301385
968.4,0.005318594,9024.021097947993
968.5,0.011875806,2328.001518318752
968.6,0.004385235,8976.804218641959
968.7,0.0051707122,6021.866211265331
968.8,0.02346957,1819.6717352422318
968.9,0.0012141945,4995.474801093922
969.0,0.009033149,2602.3193138737033
969.1,0.012299549,2262.3698072329994
969.2,0.0012296417,3011.480161806299
969.3,3.5706747e-05,7059.753993200473
969.4,1.6381586e-05,8722.705785953747
969.5,1.0426497e-05,10008.825671231392
969.6,1.0340854e-05,9970.071796114618
969.7,1.1076581e-05,9955.095919238196
969.8,0.09533992,1275.8810381856265
969.9,0.0014349056,3524.386106995741
970.0,0.08156305,1387.264279680035
970.1,0.16559769,607.1294132919261
970.2,0.06431757,1336.7924492875056
970.3,0.010785917,2196.8856233005727
970.4,0.016025323,1469.2531844510904
970.5,0.0026751575,3584.6933067293357
970.6,0.004224587,5940.572620665058
970.7,0.019809036,1955.5998341038144
970.8,0.029443173,1451.218847319028
970.9,0.007760585,9367.847003116442
971.0,0.021702973,1838.0132872184386
971.1,0.028508093,1843.6468535897334
971.2,0.0033466602,1347.3984632745517
971.3,3.8566264e-05,7523.260070681827
971.4,1.3898679e-05,9481.772476409524
971.5,1.0248129e-05,9973.416589269216
971.6,0.003476633,3833.3881514551676
971.7,0.01732237,2500.6415063747954
971.8,0.020785544,3572.128025230098
971.9,0.00019681056,9452.959679895172
972.0,0.014167734,2452.011509568002
972.1,0.009982414,2620.0439162140688
972.2,0.006291078,1492.3593705571145
972.3,0.018126378,1509.98291036696
972.4,0.02444985,1534.1863183249711
972.5,0.018201249,1407.137871643081
972.6,0.0074188965,1178.5502933328987
972.7,0.0036612991,3646.4094860058303
972.8,0.016795618,1924.3346190967197
972.9,0.01893312,1763.5299714285547
973.0,0.00059524924,4291.981400028249
973.1,0.014476204,2737.546108714794
973.2,0.013916245,2288.3099129449993
973.3,0.007488086,4580.580299023221
973.4,0.019502927,2332.0224404631217
973.5,0.023865659,1130.4828514357378
973.6,0.020033348,1171.7094702501302
973.7,0.023653975,1689.685158907599
973.8,0.008929886,7936.248154895051
973.9,0.0004358403,4275.11435506404
974.0,0.0118158255,2920.200665363674
974.1,0.010992538,2526.1434645942745
974.2,0.006796574,1988.5312261512595
974.3,0.011117043,1138.293055445285
974.4,0.019409878,1719.366571193663
974.5,0.015526842,1656.2902539184975
974.6,0.006788812,2753.5538037952824
974.7,0.014608178,2262.743552757071
974.8,0.01668584,2565.548329796935
974.9,0.017663827,3057.633795345713
975.0,0.011740635,3466.8826551447146
975.1,0.00780762,3159.98750980818
975.2,7.7723824e-05,8299.295674342784
975.3,1.878845e-05,8458.859508860363
975.4,1.0391149e-05,10139.917863670082
975.5,1.02518925e-05,9731.25205202238
975.6,1.05963e-05,9989.085206937634
975.7,1.6536196e-05,8634.163057160058
975.8,1.1162744e-05,9554.948066852665
975.9,0.000331825,3708.0484021929506
976.0,0.0132573135,1995.1475309190987
976.1,0.030450335,2589.865668788215
976.2,0.009111666,7196.4007290618365
976.3,0.020649625,1887.4377438506972
976.4,0.0012725323,2114.186172101702
976.5,0.02099399,1502.8658691604162
976.6,0.021772956,2007.2166451323938
976.7,0.01898151,1606.5242608990968
976.8,0.014071585,1867.8074777603879
976.9,0.0028579922,6331.928214029444
977.0,0.011736837,3478.6169332081345
977.1,0.00029289714,7166.381924015799
977.2,1.6589885e-05,9234.681369890382
977.3,0.0135269975,2854.1552244365253
977.4,0.006691273,3722.210611330372
977.5,5.5871096e-05,9830.514469609494
977.6,0.023731668,2783.027926785895
977.7,0.02445236,1681.7832260254027
977.8,0.020426407,1716.6719966266007
977.9,0.019033153,2456.3467289994887
978.0,0.021100327,2789.967801027652
978.1,0.012461828,6489.500555859053
978.2,0.023674255,1696.342531686152
978.3,0.025901597,2930.538442522235
978.4,0.010175999,9678.781751348273
978.5,0.004486218,10863.26730167737
978.6,0.0050112694,2184.991080902652
978.7,0.028183553,3736.910502545138
978.8,0.020605184,2951.5356243322317
978.9,0.0061270995,2806.079142974276
979.0,0.016140934,3242.7253854293226
979.1,0.011999373,11007.033028185562
979.2,0.0021380477,9847.66166078251
979.3,1.8450968e-05,8777.068144331064
979.4,1.088848e-05,10397.327779878378
979.5,0.0004212262,8018.529900362512
979.6,0.024618655,2834.5374064343887
979.7,0.0005356707,5377.119957608615
979.8,0.00030924793,7888.517046865818
979.9,0.015246588,2510.621097578396
980.0,0.01688544,2205.2053191174127
980.1,0.007875653,9201.826391832283
980.2,0.0010334214,9009.074403953864
980.3,0.013340202,3335.3798000322986
980.4,0.0009934475,4059.508288710409
980.5,4.040264e-05,7682.3495394725105
980.6,1.5758156e-05,8775.413845203851
980.7,0.019003272,3103.389202970812
980.8,0.009686857,2547.5146065664526
980.9,2.2800717e-05,9265.776240003472
981.0,0.01149014,2858.4644321927376
981.1,0.013429047,2189.526356925943
981.2,0.004338495,9268.255942743719
981.3,0.0016145121,6822.269493083739
981.4,0.008911848,3490.8687784553867
981.5,0.0009840047,4294.132985796927
981.6,0.00068676873,4595.265266436641
981.7,2.9786168e-05,8051.429636263985
981.8,0.0033144704,10035.200975434567
981.9,0.04469817,2098.2005847614546
982.0,0.02061635,2341.7665612308124
982.1,0.028558549,2403.3958361450523
982.2,0.021639263,1785.6669224071848
982.3,0.0065816157,5587.72432109225
982.4,0.020412976,3200.0394940322767
982.5,0.00025434818,6987.684038827889
982.6,0.013490809,7785.167345163403
982.7,0.011969836,2940.9123026545863
982.8,0.011135956,9521.591587495295
982.9,0.007443379,6101.358330964068
983.0,0.008264742,4104.413434213162
983.1,0.00065687957,5039.508306041902
983.2,0.0003014296,3582.9602828812694
983.3,4.4865727e-05,5757.922350144825
983.4,1.0314412e-05,10173.801709897692
983.5,0.0025362594,4420.134429790847
983.6,0.015912376,1907.130204398088
983.7,0.014213201,3030.1584907474994
983.8,0.0141505245,2205.1183296937706
983.9,0.016782422,1743.8139318982408
984.0,0.008632779,2735.1672392290684
984.1,0.0020554413,3048.8836476171464
984.2,0.018234132,3371.326539753916
984.3,0.013770966,3012.9581562064195
984.4,0.00010313874,9304.709764597885
984.5,1.5569693e-05,8758.03272309797
984.6,1.2531132e-05,9729.302310403373
984.7,0.020099258,1393.8739037713492
984.8,0.026676817,1154.4725545053188
984.9,0.016251564,2133.9497700431157
985.0,0.018219614,1569.1759136917563
985.1,0.024466563,1343.4047341048138
985.2,0.011343349,2563.7457268060257
985.3,0.0048243175,2426.7398228551774
985.4,0.010534666,2499.556592591781
985.5,0.009727414,3088.750952280751
985.6,0.0012041351,4083.2246483844606
985.7,0.0003652048,3317.1218652118037
985.8,0.0001297901,3172.462157734786
985.9,2.4672272e-05,7315.0569591424555
986.0,0.008466673,10369.999531617374
986.1,0.022788888,2171.542508387052
986.2,0.011418163,1742.840619526362
986.3,0.008307407,707.511432918876
986.4,0.018101716,2284.3620578921373
986.5,0.012087946,3352.923340697753
986.6,0.002850542,4836.092911768585
986.7,0.018822072,2207.39480183414
986.8,0.008461009,10415.850222858997
986.9,0.011926134,6895.70967996193
987.0,0.015441802,2627.711575664598
987.1,0.0026285704,2706.823643207644
987.2,0.016578801,2589.7302550388717
987.3,0.012301862,1351.9932550722765
987.4,0.02358835,2057.294096736747
987.5,0.011791879,4653.292725806322
987.6,0.021332508,901.0851868949736
987.7,0.02293104,1523.854551089664
987.8,0.016257204,2802.4135552437247
987.9,0.019358566,2410.709701586323
988.0,0.0033480518,6401.4792590718225
988.1,0.002857322,5286.8617545495645
988.2,0.0066906414,2676.897778559919
988.3,0.010826413,4083.4920862344925
988.4,0.008826788,3149.3428916254807
988.5,6.490836e-05,7751.494755140918
988.6,1.0275682e-05,9936.533480952601
988.7,0.019291274,1999.233006330638
988.8,0.0022064783,5120.755374235036
988.9,0.021591092,1555.3208785898082
989.0,0.02918177,2014.5374529871522
989.1,0.027692208,3098.548344447174
989.2,0.019688655,1007.5580297468186
989.3,0.02853093,1847.2646100648146
989.4,0.021173656,2161.5321616925457
989.5,0.020633163,2117.4416037056344
989.6,0.020628234,2589.587346242351
989.7,0.00539975,2934.715320352799
989.8,0.014075392,2395.781620335209
989.9,0.018897979,2028.2256707805318
990.0,0.0006629197,3494.3025814665143
990.1,0.011890862,2728.2121584430934
990.2,0.011428106,2658.7310431779165
990.3,0.0060177487,4441.596286075946
990.4,0.020774867,1395.2250356490601
990.5,0.020418497,1519.0303286808075
990.6,0.020440048,1384.5339757026827
990.7,0.011802923,9140.349202628135
990.8,0.006258853,6550.801004985698
990.9,0.015611167,2711.2404051174685
991.0,0.014025849,10929.712242250327
991.1,0.009316909,3603.507716334547
991.2,0.0016114024,3342.121885855322
991.3,0.00039185246,3922.0589612032027
991.4,0.00024262884,3219.6226488972234
991.5,6.723233e-05,4560.8942270530315
991.6,3.1049698e-05,6736.982073629982
991.7,0.0042051305,7127.397583090016
991.8,0.020660665,1232.3936724462158
991.9,0.039779454,2031.5442981550561
992.0,0.00022032678,6134.335023581523
992.1,0.009866784,9145.456731516737
992.2,0.02365162,2864.4509603309566
992.3,0.036055416,2628.0901908908677
992.4,0.00068382634,3938.5845489438825
992.5,0.023455985,2372.273047003019
992.6,0.017192507,2038.8796320780107
992.7,0.011525665,1583.2318635456118
992.8,0.00977986,8193.123843225898
992.9,4.644058e-05,10195.48667947532
993.0,0.017071262,1437.9028690311875
993.1,0.012640681,6793.03150649812
993.2,0.01470233,5157.451600876259
993.3,0.017274493,3445.121519520151
993.4,0.0059686024,3908.3793016874997
993.5,0.0006490639,4266.454560107867
993.6,0.00041735027,3338.655140081269
993.7,2.1577393e-05,8606.965545726363
993.8,0.021291522,2168.5799734347233
993.9,0.015649086,2516.499350975354
994.0,0.022759307,674.6388233670104
994.1,0.022122707,1604.099238131442
994.2,0.022748493,1165.246152667568
994.3,0.024044469,1630.98811103455
994.4,0.027029192,1697.467355051785
994.5,0.021569358,1478.8911544382704
994.6,0.0064307624,2463.4439226920763
994.7,0.0046048127,5701.981109301508
994.8,0.010627739,3233.164455791344
994.9,0.002392489,5776.52194361114
995.0,0.028445736,2531.925659454372
995.1,0.01659375,1835.0366786728537
995.2,0.019757915,2579.419929470325
995.3,0.017653668,1884.7404265241714
995.4,0.021307275,2374.124221121442
995.5,0.0018531234,6608.798382801473
995.6,0.0012971759,4332.354930377079
995.7,0.009672,10254.813766923455
995.8,0.00808469,3642.198211307291
995.9,0.011353895,3128.0081307079226
996.0,0.002890875,6758.611590581414
996.1,0.0115276985,9480.97507923722
996.2,0.006211032,4762.905787909949
996.3,0.011354424,3631.2253480239283
996.4,0.0067722006,3524.6202772281977
996.5,0.0003474195,4180.171090044678
996.6,1.7090204e-05,9052.784030028852
996.7,1.0448323e-05,10439.377082418308
996.8,1.0642883e-05,10054.180625270681
996.9,1.0594813e-05,10154.640884541779
997.0,1.0435435e-05,10162.896438972963
997.1,0.018813277,3160.473596260593
997.2,0.043160953,1838.0700178931477
997.3,0.035069566,1706.0225984732176
997.4,0.007198237,8655.627017401092
997.5,0.058097593,1483.037193539537
997.6,0.033993643,1598.0587516095575
997.7,0.009818323,8254.38853601694
997.8,0.006521092,7210.732575417885
997.9,0.009744719,4142.349916365876
998.0,0.004507952,5123.277835183696
998.1,3.5378693e-05,8508.927868344028
998.2,0.012409887,4365.4105656183865
998.3,0.026627788,1385.1629517179695
998.4,0.0054387036,1459.747869543795
998.5,0.0005163107,1579.7448119046362
998.6,0.00014659073,2977.6990253626245
998.7,4.4422744e-05,7856.802414747677
998.8,0.006950401,3116.2848401925785
998.9,0.1364302,1041.0819825010003
999.0,0.12640913,983.9997926914505
999.1,0.09067287,1149.1685314783385
999.2,0.090788536,597.5972378170968
999.3,0.113073595,919.8417655841171
999.4,0.0062912763,6092.201221428613
999.5,0.034527726,2151.1421384527075
999.6,0.0009382765,2838.481876100031
999.7,0.004772239,4746.7273589133065
999.8,0.039318964,1703.4633419848951
999.9,0.03431316,1540.4363654663975
1000.0,0.0025381288,1502.1319169889134
1000.1,4.244904e-05,7217.992439597996
1000.2,1.0610457e-05,10075.093097505936
1000.3,1.28392e-05,9292.967270034718
1000.4,0.07630807,1842.036660140513
1000.5,0.082878254,1718.7736271013011
1000.6,0.0012777058,2397.0488202272277
1000.7,0.046138547,1581.4003321473829
1000.8,0.028870981,1319.800022294516
1000.9,0.013753553,1558.667636650442
1001.0,0.003881253,1308.0422264480476
1001.1,0.06346277,1387.6442508667792
1001.2,0.06318883,1228.215689436753
1001.3,0.026816653,1189.0241708240947
1001.4,0.01809337,1479.8686632925185
1001.5,7.752996e-05,6411.184850508094
1001.6,0.029404128,2677.8377220272237
1001.7,0.14510842,1336.2142096216014
1001.8,0.05475234,1142.7676062766534
1001.9,0.00041472982,4480.373648724646
1002.0,0.028705185,715.1585993284955
1002.1,0.04575904,971.135708714202
1002.2,0.09065141,726.4260558483936
1002.3,0.005896535,3391.062307786232
1002.4,0.00879694,7970.565105423302
1002.5,0.039496597,1182.063969386307
1002.6,0.056236714,1291.3698612343512
1002.7,4.1066265e-05,8440.610120067551
1002.8,0.024714835,1610.0358267134059
1002.9,0.0008219414,2584.247210529396
1003.0,0.0003051562,2278.4295990781447
1003.1,0.00013644471,3008.5059802651263
1003.2,0.15362412,1213.6600798073075
1003.3,0.023793783,8534.064503134947
1003.4,0.016759494,8322.075448863037
1003.5,0.025626006,4360.01720832582
1003.6,0.007999215,3083.809367887483
1003.7,0.0792275,905.7361699059073
1003.8,0.07455146,786.2109817183092
1003.9,0.04791816,2249.8347570187266
1004.0,0.12713146,778.8867949883437
1004.1,0.09836999,414.76580738056896
1004.2,0.049987357,1392.002298431945
1004.3,8.958425e-05,6611.008817283368
1004.4,0.009386091,3945.742322672711
1004.5,0.007679078,2864.1299922405024
1004.6,0.0025886442,1794.113867556409
1004.7,3.899633e-05,7239.145984036018
1004.8,1.4491204e-05,9303.318407619863
1004.9,1.1380232e-05,9740.659881407832
1005.0,1.7670476e-05,9811.983686889233
1005.1,0.011852308,2274.5670434251615
1005.2,0.017324828,2381.9582345162144
1005.3,0.008924382,3074.5758372417663
1005.4,0.00041533093,4156.346806825979
1005.5,0.000197309,3725.6651821405712
1005.6,6.411663e-05,4448.766426288963
1005.7,1.1996414e-05,9144.075107751614
1005.8,1.0846486e-05,9642.43531069803
1005.9,0.015708683,2816.7544405590766
1006.0,0.018580364,1072.7108492819932
1006.1,0.012784319,5023.093619661639
1006.2,0.017290385,1762.2920374562677
1006.3,0.016884733,2405.9085934917694
1006.4,0.013845925,1421.1347582982094
1006.5,0.013319001,1809.5952870483297
1006.6,0.0013634821,2050.9514070404407
1006.7,0.018408043,1428.3282190184184
1006.8,0.013591004,1702.27602157293
1006.9,0.013807061,1663.90436856679
1007.0,0.011322405,1920.034498439688
1007.1,0.001899231,4845.6417150723955
1007.2,0.0015241647,4771.613708940288
1007.3,0.0010523584,6000.78979178541
1007.4,0.0013518856,3156.0220043624277
1007.5,0.015298833,2186.068487826768
1007.6,0.017628362,2210.858684203973
1007.7,0.008157238,2893.2801035920083
1007.8,2.072142e-05,9252.920765140208
1007.9,0.009955884,2983.562937353991
1008.0,0.00032203292,4042.267098203395
1008.1,0.00019296762,3442.2518346359275
1008.2,9.817675e-05,3661.4248773975705
1008.3,1.9405885e-05,8100.898636981101
1008.4,1.2266728e-05,9706.642408433709
1008.5,0.018727958,2441.001571727409
1008.6,0.010077483,2078.5762390782684
1008.7,0.016323464,1769.0443095207193
1008.8,0.017118964,988.1954552058547
1008.9,0.015866565,1913.1902266667612
1009.0,0.012041617,3016.590650378
1009.1,0.00047358035,4786.019153414527
1009.2,0.007970799,3013.661699316136
1009.3,0.0024614362,5472.03116461345
1009.4,0.004322558,8483.986216061541
1009.5,0.014173076,2341.219795834174
1009.6,0.003277319,4612.004969812833
1009.7,0.0070301234,4316.193633519962
1009.8,0.00012493825,7909.908620864258
1009.9,0.012406618,2368.65957172047
1010.0,0.0050910036,9400.151502200757
1010.1,0.008064524,2978.7437444969796
1010.2,0.011365774,3091.0130617125774
1010.3,0.006821263,2978.396378774736
1010.4,0.00033754777,3527.8885393748888
1010.5,1.0042619e-05,10014.524664792458
1010.6,1.0563911e-05,9948.521216258869
1010.7,1.0293993e-05,9979.81678143589
1010.8,1.0292215e-05,10142.965860422373
1010.9,1.0149035e-05,10167.35694062517
1011.0,0.015708912,2731.756328253104
1011.1,0.007952062,9270.96508801028
1011.2,0.0110133,3296.89472923179
1011.3,0.011590359,2355.4786653193687
1011.4,0.0017080267,2428.9897664190166
1011.5,3.402051e-05,6454.111007567122
1011.6,1.9531244e-05,8153.8453738321405
1011.7,1.5991991e-05,8398.217345726574
1011.8,1.0907018e-05,9384.023215901298
1011.9,1.0842731e-05,10053.345900988566
1012.0,0.016437985,532.0536147381125
1012.1,0.02338344,2005.3339688112858
1012.2,0.015746078,2371.5010201179
1012.3,0.0031333135,1914.3648733066343
1012.4,7.925065e-05,5797.589291794379
1012.5,8.0389575e-05,4035.8623284019163
1012.6,3.569716e-05,6355.662125698888
1012.7,1.8472101e-05,7625.089963735463
1012.8,1.2209037e-05,9457.834842269087
1012.9,1.0788099e-05,9645.735951606332
1013.0,0.013483579,1064.7498964870033
1013.1,0.023811696,2303.9582572513464
1013.2,0.015312153,1281.1850620236155
1013.3,0.013505349,1634.0652057502955
1013.4,0.012926533,914.4349653185074
1013.5,0.008942664,1460.0453155123996
1013.6,0.018306786,2076.844243220652
1013.7,0.01843629,1510.9145297285672
1013.8,0.018510392,1953.5345817057018
1013.9,0.011320886,1239.0922329880352
1014.0,0.0122103635,2095.241751990848
1014.1,0.0012697637,2379.405323456805
1014.2,0.00048757266,3540.387111131048
1014.3,0.00028637523,2962.9875508118403
1014.4,1.3521331e-05,8710.823443382047
1014.5,0.01734149,2144.3775643567765
1014.6,0.006849571,4320.723497037539
1014.7,0.020944012,728.4742779846218
1014.8,0.015106543,1623.8533598415731
1014.9,0.017732108,1266.2732136362613
1015.0,0.024305299,1022.9786806350874
1015.1,0.0072041615,2767.7774054643196
1015.2,0.0071394085,2567.3500521412884
1015.3,0.004122941,9763.860928585906
1015.4,0.00976783,2027.0741374831186
1015.5,0.00942579,2821.724630813066
1015.6,0.012774452,2408.9664594444394
1015.7,0.0023110495,9475.017535034096
1015.8,0.0055906526,7637.154301975659
1015.9,0.0012195234,9214.375513076957
1016.0,0.01003162,2087.6917604998894
1016.1,0.006906691,1986.6724284276875
1016.2,0.0032014712,5787.844092565011
1016.3,0.017547399,2867.2080356803617
1016.4,0.0019291522,2152.649151439532
1016.5,0.006036735,3306.79663933544
1016.6,0.0028493025,5230.9408221255235
1016.7,0.0019377755,5409.350577234671
1016.8,0.004826893,2691.7670710877355
1016.9,9.285842e-05,3789.2467512542835
1017.0,3.9046907e-05,5518.0686850632055
1017.1,2.9725552e-05,6436.481784111551
1017.2,1.9937415e-05,7833.028040623321
1017.3,2.012915e-05,7820.930936516228
1017.4,0.0017428724,8997.295952764904
1017.5,0.006467954,10384.134985451568
1017.6,0.016898368,2234.7526200817606
1017.7,0.018062565,2230.7141843283434
1017.8,0.014131757,2701.0254953413996
1017.9,0.0106622875,1634.312474766186
1018.0,0.024976868,1183.7997438291693
1018.1,0.014766383,2304.5023206846604
1018.2,0.003712989,3475.4519905110783
1018.3,0.00038958478,3493.0169399126685
1018.4,7.1310504e-05,4772.026554344766
1018.5,0.0047036028,9708.362440348357
1018.6,0.021835236,2735.7215038248955
1018.7,0.00030872124,6342.747502171294
1018.8,0.016298043,2339.6388977926363
1018.9,0.006653696,1159.445847112829
1019.0,0.008093354,1882.5079305698564
1019.1,0.0124737155,1384.6467144358137
1019.2,0.0052442867,946.4850360716068
1019.3,0.0149908,1638.5994131376765
1019.4,0.017431336,1787.668939789186
1019.5,0.015691126,1895.1300055950271
1019.6,0.0016380401,6992.517482485568
1019.7,0.011188987,1910.816366043879
1019.8,0.015166263,1989.9326626336538
1019.9,0.01775169,1584.0998984179707
1020.0,0.0133024,653.2002098041876
1020.1,0.017025746,1583.7305684411235
1020.2,0.011691261,2385.680123008792
1020.3,0.0043860627,8656.879459379554
1020.4,0.00442171,4542.1926404333935
1020.5,0.0054892986,10001.935485567865
1020.6,0.012299573,2384.0103698575776
1020.7,0.012047066,2891.0115374487814
1020.8,0.00022864756,5523.75144005712
1020.9,0.00013907242,3320.727842031395
1021.0,3.080337e-05,7329.405123749184
1021.1,0.000274995,7724.7233327709
1021.2,0.0182097,2363.172129650124
1021.3,0.025542466,1263.3313513936314
1021.4,0.019405799,1105.0459280883451
1021.5,0.015404977,1758.5065810724468
1021.6,0.011682001,4556.513123583182
1021.7,0.012156729,2682.9097162543203
1021.8,0.013355899,1939.0013763065087
1021.9,0.0034962238,3835.551730271961
1022.0,0.012084988,7235.805593380978
1022.1,0.014143327,2131.2897931068974
1022.2,0.010953435,2258.716959158559
1022.3,0.0058936016,2157.315548604653
1022.4,0.0021207186,5064.965421979098
1022.5,0.027921727,925.2266659684664
1022.6,0.02749863,1656.908415305964
1022.7,0.00035920343,4755.123809879222
1022.8,0.0069371425,7617.763670588549
1022.9,0.011632653,2311.77731057355
1023.0,0.008480855,2348.321630165612
1023.1,0.0014409958,5225.1325503731905
1023.2,0.021969937,2511.0761172556768
1023.3,0.03193733,1491.9160105139752
1023.4,0.020469787,1605.0377450558653
1023.5,0.024449434,9366.98402701975
1023.6,0.014880373,3184.1425960500223
1023.7,0.010420311,3380.3735111913597
1023.8,0.0056093335,3228.77367377312
1023.9,0.0023519893,8722.487656016667
1024.0,0.009489756,9583.780942739457
1024.1,0.015559028,1652.478352244513
1024.2,0.019307613,1931.4925973002516
1024.3,0.00085162866,2645.13721687964
1024.4,0.01868655,2466.503858264567
1024.5,0.025359442,965.6477907894575
1024.6,0.011978994,1327.5648612714635
1024.7,0.008489305,9720.0215904822
1024.8,0.023888038,1952.324727452478
1024.9,0.021914056,2350.3199656664306
1025.0,0.011883557,2101.138896697319
1025.1,0.0069510397,3977.824293947212
1025.2,0.021582471,1702.5034093441534
1025.3,0.0026000333,5034.117996209445
1025.4,0.0033593858,3654.189030468318
1025.5,0.019083368,1841.3174648282152
1025.6,0.01995811,1514.4689092461485
1025.7,0.016352598,2013.4540120730676
1025.8,0.007900604,9495.75749351886
1025.9,0.021613015,1924.45193766365
1026.0,0.020246293,1989.3355201030158
1026.1,0.01821523,2117.569928596403
1026.2,0.013371114,2810.802957646058
1026.3,0.011964261,2260.4499077859664
1026.4,0.009609219,2721.9738260417353
1026.5,0.00851658,2600.4439047731667
1026.6,6.828135e-05,6381.793734089641
1026.7,1.1888432e-05,9666.947568380681
1026.8,1.06998705e-05,9894.520698627366
1026.9,1.02188915e-05,10014.690485021509
1027.0,1.0490939e-05,9922.659847707895
1027.1,5.9927137e-05,8178.647930582636
1027.2,0.019498153,1988.7254490439457
1027.3,0.008378098,3812.4413037660124
1027.4,0.018436838,3897.2921351822242
1027.5,0.016816342,7127.085022414571
1027.6,0.041143227,1651.4930686916978
1027.7,0.022244563,1160.0705577009917
1027.8,0.008311583,2124.4170364001766
1027.9,0.049668368,1177.7912591452086
1028.0,0.046448756,1474.6708866672614
1028.1,0.009704564,1546.2322554153325
1028.2,0.0018152082,1684.433987338085
1028.3,0.0045350883,2098.665243894613
1028.4,0.08081744,826.2488195737449
1028.5,0.08759445,1259.0232693993958
1028.6,0.07027501,1151.6998549701016
1028.7,0.0014307355,3395.0152787925263
1028.8,0.010761836,2372.1444545567506
1028.9,0.00716349,3740.058733527265
1029.0,0.058907278,1113.3252898110798
1029.1,0.032727115,1369.4218834451683
1029.2,0.0045470223,2980.409031462149
1029.3,0.0010963243,2557.8210946518443
1029.4,0.009972728,2774.8245296648315
1029.5,0.006660245,2436.664778622502
1029.6,5.0099716e-05,5382.251210846488
1029.7,1.1631849e-05,10158.14411832792
1029.8,1.0235044e-05,9859.494702148162
1029.9,1.0260229e-05,9948.472800221096
1030.0,1.07344085e-05,9820.916679226246
1030.1,1.0621068e-05,9824.312643855748
1030.2,1.0799639e-05,9931.614669757706
1030.3,0.0063200276,1830.2905242878192
1030.4,0.010783749,1752.1177559406244
1030.5,0.004271299,1139.1151946034806
1030.6,0.008589189,1945.6495674671746
1030.7,0.0020531022,11006.474785820674
1030.8,0.0008405897,4128.789639382481
1030.9,0.00628177,1613.8035568806886
1031.0,0.0027734467,1697.2391586274139
1031.1,1.4961829e-05,8947.08194892196
1031.2,1.1141928e-05,9606.524815254317
1031.3,1.1431426e-05,9418.993778284663
1031.4,1.1359615e-05,9747.72641975548
1031.5,1.1239971e-05,9864.5865490643
1031.6,1.0622516e-05,9853.309478326948
1031.7,1.0705785e-05,9852.695446011956
1031.8,1.2370083e-05,9745.5591380206
1031.9,0.0067160525,1626.1134910984479
1032.0,0.010558485,1904.9449669894766
1032.1,0.013879566,1399.5381675465935
1032.2,0.013143383,1530.8630442543065
1032.3,0.008906803,1566.2261816960952
1032.4,0.00016710877,3109.3671894338713
1032.5,4.0905674e-05,5441.280071205676
1032.6,1.348633e-05,9151.276508793215
1032.7,1.0840981e-05,9847.786518687775
1032.8,0.0063612405,1997.7463748391528
1032.9,0.019540647,751.0788028733976
1033.0,0.018683787,2221.1330726530146
1033.1,0.010738649,2465.478922846101
1033.2,0.012785524,940.6510779010148
1033.3,0.0066302125,1866.993788651268
1033.4,0.018105255,604.8910518149988
1033.5,0.01351758,804.393806317145
1033.6,2.3985243e-05,8238.972739177218
1033.7,0.013361999,1842.7734450635137
1033.8,0.010219164,1252.6660482891577
1033.9,0.0059582805,9886.292931427552
1034.0,0.0036619531,7470.37340676475
1034.1,0.01164928,2564.232166454969
1034.2,0.010166629,1794.0989074362603
1034.3,0.006707394,7746.244499940522
1034.4,0.0046481276,8881.343458606549
1034.5,0.011157142,1410.0418020925474
1034.6,0.0032394163,1453.8743986999455
1034.7,0.008908793,1696.0019323997167
1034.8,0.013242156,947.8327809254387
1034.9,0.0037783256,6700.320095670553
1035.0,0.0054325997,2223.7443929270476
1035.1,0.005604041,1452.119172970112
1035.2,0.0071961544,1452.1920625335852
1035.3,0.007578817,2155.3680551294165
1035.4,0.0032553996,8158.228010400293
1035.5,0.0013390142,4462.9628374902095
1035.6,0.0029280258,9047.30205769054
1035.7,0.012234908,2100.86499751807
1035.8,0.00891481,1188.6466079719594
1035.9,0.008801094,2735.1221363875807
1036.0,0.0054778038,1921.7754353461542
1036.1,0.004938803,10542.544796261926
1036.2,0.0016198441,6916.813376117218
1036.3,0.010229503,1848.1359683309815
1036.4,0.008061925,2051.189017290916
1036.5,0.0006246087,2908.1534170662653
1036.6,3.807373e-05,6577.8243904518695
1036.7,1.4418974e-05,9198.654517205448
1036.8,1.4371243e-05,8989.01229408368
1036.9,1.4119994e-05,9329.475073083446
1037.0,1.5207817e-05,8978.614512954991
1037.1,1.46352695e-05,8926.267591182412
1037.2,1.4210579e-05,9238.161316075091
1037.3,1.4787445e-05,9172.241481682804
1037.4,1.3436236e-05,9519.563933119165
1037.5,1.2498459e-05,9417.184013397333
1037.6,1.2424884e-05,9442.07181406178
1037.7,0.01269874,1445.6100169525455
1037.8,0.00025214528,5604.207326277417
1037.9,0.016905265,1459.598543654786
1038.0,0.015879106,1647.1998494125091
1038.1,0.009314491,2163.513972732605
1038.2,0.00102542,6116.993300727193
1038.3,0.002779252,4680.2328930784115
1038.4,0.0024927112,3554.420408619382
1038.5,0.00068054756,10164.989548785506
1038.6,0.01666769,1766.907873447453
1038.7,0.012882457,1712.4234296256259
1038.8,0.003031732,9291.273307541986
1038.9,0.0012303806,5789.128518998619
1039.0,0.017831588,2203.979290650403
1039.1,0.00018364753,5805.84058137858
1039.2,2.6981525e-05,7619.883504900814
1039.3,1.7029688e-05,8672.247311776386
1039.4,1.2949774e-05,9563.436871811831
1039.5,0.0010239405,3764.853923135326
1039.6,0.016094804,1467.0394544550763
1039.7,0.015651219,2251.178560768296
1039.8,0.01233031,962.828406990981
1039.9,0.009425617,1367.803738566564
1040.0,0.008791351,2949.451530263297
1040.1,0.0042557223,8697.813216821942
1040.2,0.006376788,4718.856860362213
1040.3,2.5515614e-05,8905.360553853709
1040.4,0.015127691,2081.505520047386
1040.5,0.010056959,1494.8130494173447
1040.6,0.002527598,9137.056466782284
1040.7,0.0013327466,5282.964506935436
1040.8,0.007464036,2768.6802645117696
1040.9,0.0003486477,4914.14697862872
1041.0,0.00012941501,3683.0444129860443
1041.1,6.415118e-05,4472.679405384327
1041.2,1.6987164e-05,8424.648231829813
1041.3,1.159182e-05,9755.97928812084
1041.4,0.0022818006,5453.005504877064
1041.5,0.0195853,1992.23324514143
1041.6,0.0090851085,1967.3232430210408
1041.7,0.0038256815,4342.5670929398475
1041.8,0.017124617,1656.1704282387668
1041.9,0.015810702,1110.630259834145
1042.0,0.01639875,1346.3793090065997
1042.1,0.0030480705,2184.588504466403
1042.2,0.00015276231,3227.0476611125832
1042.3,2.9796134e-05,7646.379352133786
1042.4,0.022552542,1087.2887100072207
1042.5,0.0005046724,4605.697736307306
1042.6,0.02325276,1062.2853308930344
1042.7,0.021387741,1489.5085208636833
1042.8,0.01189893,1510.1107122559874
1042.9,0.014962649,1123.6180050859089
1043.0,0.015035151,1264.306876261293
1043.1,0.017561281,1255.8997345495532
1043.2,0.021983318,920.8253952999956
1043.3,0.012129279,1113.3716014728545
1043.4,0.016366879,1773.7388038615736
1043.5,0.016576322,1579.6151541261424
1043.6,0.0017530639,3318.5117175959695
1043.7,0.038401794,1647.4268777847856
1043.8,0.009807288,1660.0049788061367
1043.9,0.009875021,2397.3526408932
1044.0,0.011881053,1883.6633775843375
1044.1,0.0062030666,7775.484715362027
1044.2,0.010772269,1626.8646104234776
1044.3,0.011983366,2511.6074183594674
1044.4,0.01394213,2023.2405950701655
1044.5,0.0039377552,4910.572008864279
1044.6,0.005910025,10389.518562821202
1044.7,0.0046260264,5555.4609510581495
1044.8,0.006048178,2616.6698024296857
1044.9,7.233791e-05,5546.182762757457
1045.0,1.7366125e-05,8826.980771679397
1045.1,1.5597896e-05,8788.957744817984
1045.2,1.4641367e-05,9134.013113036708
1045.3,1.8736162e-05,7886.0837424365645
1045.4,1.9229006e-05,8218.862956051371
1045.5,1.3385888e-05,9129.028555507539
1045.6,1.4459865e-05,9471.334571996573
1045.7,1.204562e-05,9458.54481855132
1045.8,1.265568e-05,9694.826451055687
1045.9,1.2234336e-05,9735.018602592983
1046.0,0.010754881,1832.5306287050198
1046.1,0.0008251863,2859.5250258661217
1046.2,0.013417508,1573.5365633424785
1046.3,0.015934397,1467.0557586990376
1046.4,0.019887183,1090.9543305677112
1046.5,0.008090143,718.0122163292394
1046.6,0.0042088353,7102.181755573143
1046.7,0.01173894,1450.278235108878
1046.8,0.0035033023,8277.227119913152
1046.9,0.008962307,2071.0428180435465
1047.0,0.012775369,997.1385888665611
1047.1,0.013676109,1755.1270057729228
1047.2,0.013251863,2273.8087431993004
1047.3,0.00957008,1498.0787028724783
1047.4,0.0019681363,1813.4098324828217
1047.5,0.013917999,1607.6673038336075
1047.6,0.019447774,811.0360916730247
1047.7,0.009742377,1603.1037069650492
1047.8,0.001511641,3777.3511986302565
1047.9,0.0168353,873.0202216037198
1048.0,0.0154558355,1906.7212583540017
1048.1,0.0010808273,2868.1561800112663
1048.2,0.00040096423,3395.264503207555
1048.3,0.00016831615,3313.8751422377586
1048.4,1.7051305e-05,8387.302475350903
1048.5,0.0029023814,2913.9567843209225
1048.6,0.0053251777,3483.9161225433954
1048.7,0.00024351245,7670.5634708496955
1048.8,0.010694695,2244.062866627473
1048.9,0.006340138,6078.730790640935
1049.0,0.0052005444,7738.9663151935765
1049.1,0.0047010514,3953.464341298591
1049.2,0.0024218762,5720.795652504167
1049.3,0.0066923574,2403.101809522752
1049.4,0.0039516087,3136.0289872416274
1049.5,7.582394e-05,8217.303231285765
1049.6,0.007347818,2103.1767371010296
1049.7,0.00670513,2225.2510280008155
1049.8,0.0072345673,2700.94766548995
1049.9,0.0004330359,4787.946068872678
1050.0,0.00190019,4108.635863598041
1050.1,6.8327005e-05,7545.193412372251
1050.2,1.0766034e-05,10331.90354755606
1050.3,1.0398968e-05,10372.186589973004
1050.4,1.019664e-05,10258.678156516278
1050.5,1.0672828e-05,10353.685042134988
1050.6,1.0622483e-05,10368.727494922367
1050.7,1.07276555e-05,10365.116443849747
1050.8,1.0274884e-05,10231.55697284279
1050.9,1.0642914e-05,10146.855832167337
1051.0,1.04582905e-05,10201.7129772164
1051.1,0.012838464,1654.4364155655232
1051.2,0.015876805,1047.186791833854
1051.3,0.006436982,951.7425665330782
1051.4,0.01466649,1835.8722399487458
1051.5,0.007089566,1419.1472915919287
1051.6,0.004970971,10454.063464437102
1051.7,0.011254472,2402.3491938373663
1051.8,0.0022928584,3693.0177356743247
1051.9,0.004537747,969.251644249159
1052.0,0.006023474,2627.5343223412738
1052.1,0.005813853,2737.168099783949
1052.2,0.00129518,6087.5705678847135
1052.3,0.007216632,2482.9718440092956
1052.4,0.0008057427,3481.5269257878194
1052.5,0.0056250314,2200.9545574520353
1052.6,0.0012616414,3638.017861604464
1052.7,0.012932537,2186.536227404692
1052.8,0.00027802744,3566.2032761849982
1052.9,0.00022424522,3288.565471682265
1053.0,6.793093e-05,4310.315767381173
1053.1,1.4957566e-05,8729.454330752851
1053.2,0.0003542641,7349.992898139305
1053.3,0.011016215,1698.6951667770297
1053.4,0.01632152,2053.7762272117093
1053.5,0.004946937,7113.37231645193
1053.6,0.00038360892,9674.926872285057
1053.7,0.0127462065,2394.4242635228156
1053.8,5.4414242e-05,8823.634329364246
1053.9,0.016716633,1946.0997706953763
1054.0,0.014219604,2807.8361519281357
1054.1,0.014741828,1092.266851964825
1054.2,0.0007188112,3487.0005236986954
1054.3,0.006165404,2424.9547246740062
1054.4,0.0077203186,2964.47288489487
1054.5,0.019514507,1347.7571443621282
1054.6,0.0065375697,1113.3685336166814
1054.7,2.1230417e-05,8688.391047970978
1054.8,0.010078705,2478.6412477838403
1054.9,0.003985287,2425.2208223374196
1055.0,0.0031752689,3434.4910388598714
1055.1,0.00012791256,5086.868542616329
1055.2,1.0596717e-05,10196.104742646465
1055.3,1.0114368e-05,10197.202259530997
1055.4,1.0670209e-05,10040.048371354529
1055.5,1.0215555e-05,10209.316468126755
1055.6,1.0280159e-05,10007.856609408365
1055.7,1.0154569e-05,9838.026967315222
1055.8,1.0355007e-05,10263.785146154889
1055.9,1.0367217e-05,10099.09185780107
1056.0,1.0177421e-05,9973.010415964925
1056.1,1.0724851e-05,10228.058824607298
1056.2,6.302689e-05,7496.780474735945
1056.3,0.0076930267,1663.76811291544
1056.4,0.013302048,2477.902338354114
1056.5,0.005390996,8045.821214739941
1056.6,0.0004085164,8895.160172271018
1056.7,0.013012764,1628.5449817859028
1056.8,0.016527323,1680.7234392743599
1056.9,0.011772121,2030.248699117832
1057.0,0.0009551737,2707.9684117608317
1057.1,0.009108256,1237.8056963528588
1057.2,0.0112431785,1467.0304231626433
1057.3,0.011210656,1283.3140328771506
1057.4,0.005845125,1094.5479619620473
1057.5,0.0009757723,5888.979767772872
1057.6,0.017376786,738.9118320815365
1057.7,0.01361022,1070.2913081724796
1057.8,8.899815e-05,6703.440315751026
1057.9,0.0032460087,6362.008429896306
1058.0,0.0057006855,2375.3656262119284
1058.1,0.006109051,1867.6310616902467
1058.2,0.00013916656,4624.350865972281
1058.3,1.7540295e-05,9126.657045263612
1058.4,1.4384603e-05,9529.969893019028
1058.5,1.677494e-05,8283.280011423285
1058.6,1.5413392e-05,8508.379477721784
1058.7,1.3669725e-05,9554.001831475902
1058.8,0.011987788,1972.8546129163317
1058.9,0.0039893272,6062.712514854556
1059.0,0.009033068,8684.784211218765
1059.1,0.0067222216,6151.891565226218
1059.2,0.016014747,1535.6424497408545
1059.3,0.00066585676,2402.79974514934
1059.4,0.008325195,1339.7406728250894
1059.5,0.006646661,2610.170703673077
1059.6,0.009837538,825.8836327054123
1059.7,0.012014042,984.1371398316328
1059.8,0.00085361506,4494.443002944832
1059.9,0.010633424,1840.331133596567
1060.0,0.004832642,1763.5624842065931
1060.1,0.0037433405,3317.058517615083
1060.2,0.0005145214,6155.980245258669
1060.3,0.0041118767,3636.608774762498
1060.4,0.0038872582,3412.173769545735
1060.5,0.00065391266,3911.635372259697
1060.6,2.1328638e-05,8274.77972936576
1060.7,1.3760398e-05,9014.554384681836
1060.8,1.2383757e-05,9437.105857063867
1060.9,1.2144205e-05,9754.3291030351
1061.0,1.1315717e-05,9877.6487731017
1061.1,1.1555357e-05,9725.063235159694
1061.2,1.1912633e-05,9990.458235594248
1061.3,0.00020750305,6250.965696710759
1061.4,0.011360659,1565.7370668440262
1061.5,0.007477412,1897.9577009431998
1061.6,5.502291e-05,7443.00608443842
1061.7,2.2538698e-05,7588.6400252183
1061.8,1.6732698e-05,8592.60348707204
1061.9,1.32692785e-05,9104.788835159554
1062.0,1.2078259e-05,9558.101738594904
1062.1,1.3285744e-05,9731.520468493643
1062.2,0.011203642,1743.5392506103733
1062.3,0.0021974223,1647.5249459057377
1062.4,0.02206201,2011.1917253465967
1062.5,0.015658569,1426.5034338199846
1062.6,0.01618749,1172.2909785108554
1062.7,0.010820757,2779.6356890267016
1062.8,0.009074076,2517.036296386078
1062.9,0.0019234343,4673.7333155833985
1063.0,0.0061234217,2991.8013137662165
1063.1,0.0021765758,3120.818675800205
1063.2,2.5012212e-05,8196.247885865763
1063.3,1.4077608e-05,9203.091582494291
1063.4,1.2522557e-05,9730.087633223453
1063.5,1.0052301e-05,10062.127804641137
1063.6,1.0260467e-05,9911.656760292044
1063.7,1.2193213e-05,9796.50992752541
1063.8,0.009624951,8143.323201688748
1063.9,0.039068844,6105.427962162839
1064.0,0.059279725,2359.163508560007
1064.1,0.06069513,2466.2932691003034
1064.2,0.08919035,1747.766456925333
1064.3,0.0652731,1888.6633781523847
1064.4,0.05342594,2148.935736884617
1064.5,0.045313567,2170.4910558935467
1064.6,0.036922313,2078.3051984164144
1064.7,0.029826703,2219.63279887175
1064.8,0.01841458,1401.7755920563172
1064.9,0.003657212,1291.063689586365
1065.0,2.2697355e-05,8158.051853255482
1065.1,1.426712e-05,9712.636640404951
1065.2,0.01051562,4678.206730721788
1065.3,0.0038370364,3504.5000797256503
1065.4,3.9608563e-05,7893.835550844382
1065.5,1.1937682e-05,9364.406754602827
1065.6,1.068754e-05,9796.57357908697
1065.7,1.0958049e-05,10057.110640161
1065.8,1.0234101e-05,10062.814811758024
1065.9,1.0779281e-05,10172.546255117071
1066.0,0.018937968,1710.6768662005368
1066.1,0.009545552,8783.615417196586
1066.2,0.0045295474,9499.732149645755
1066.3,0.014433889,2309.4889767726067
1066.4,0.017070148,1752.1057530646985
1066.5,0.023272375,859.9775388585784
1066.6,0.0026386767,2474.768266815898
1066.7,0.012947696,1630.8800504132128
1066.8,0.0214543,761.7932245956797
1066.9,0.012575297,1979.8984040778887
1067.0,0.020720532,2377.248456912815
1067.1,0.00048176263,3909.4323193104647
1067.2,0.00011587478,4132.118673527824
1067.3,4.3312542e-05,6204.343621969102
1067.4,1.50049955e-05,8878.886057957847
1067.5,0.015961418,639.9153301233864
1067.6,0.01802905,893.1731237061467
1067.7,0.028194493,1642.167674355546
1067.8,0.015418727,2196.7794570650335
1067.9,0.013246749,2673.274421264757
1068.0,0.0058008474,5089.200830994867
1068.1,3.963544e-05,9543.26551399772
1068.2,0.013882167,2339.8671600865273
1068.3,0.020772852,2731.1505478185563
1068.4,0.016065206,2743.5130077513377
1068.5,0.017511088,1247.283172523853
1068.6,0.010895711,2256.7094006377006
1068.7,0.014992492,1890.1457063320495
1068.8,3.8776878e-05,7498.572386005876
1068.9,0.0051675015,4851.737013911521
1069.0,0.007318721,3368.703699881851
1069.1,6.520866e-05,8156.464684985823
1069.2,2.7851227e-05,7261.252480100069
1069.3,1.2238323e-05,9712.770195943067
1069.4,1.1789e-05,9775.049279305422
1069.5,0.008891166,2841.858055917283
1069.6,0.0035065268,1804.7261079580908
1069.7,0.0031152864,4603.61489741635
1069.8,0.0060409144,1642.794833689503
1069.9,0.006812406,5950.431740926902
1070.0,0.0153366495,1792.5234169384826
1070.1,0.0076947655,2539.0524318942284
1070.2,0.0042455276,9105.035926882272
1070.3,0.011883446,2069.940127784825
1070.4,0.013574627,1168.8617957844613
1070.5,0.01945628,751.1509987289492
1070.6,0.020070374,819.5362411226363
1070.7,0.024539214,1268.27131813279
1070.8,0.0027915202,3173.7789996671936
1070.9,0.0014588379,3834.4469128231053
1071.0,6.869009e-05,6692.521140990075
1071.1,0.017109565,1785.304828955447
1071.2,0.0007512754,2538.580977228218
1071.3,0.025815697,1797.922009229735
1071.4,0.019000677,1464.4022606621083
1071.5,0.011731471,2190.9401190969734
1071.6,0.0071228514,3522.2747290582
1071.7,0.016807633,2132.481413717853
1071.8,0.020476907,1681.3433365346095
1071.9,0.023635762,1564.1444940562214
1072.0,0.027361825,769.9364111184314
1072.1,0.022641942,873.8918378341607
1072.2,0.018098447,2651.8326340054177
1072.3,0.021936102,2287.845350729087
1072.4,0.00033534862,6834.592274402869
1072.5,0.013338079,2899.210659865988
1072.6,0.0018966119,6415.724336685678
1072.7,0.005970487,3403.436930936009
1072.8,0.0036770746,3072.217171426774
1072.9,0.00069901865,4020.9319115456583
1073.0,0.00016505196,4037.2642981566296
1073.1,0.0032407306,2682.21082781974
1073.2,0.021741275,2566.023067798404
1073.3,0.018196274,1910.5783736713147
1073.4,0.0110048205,2179.0167067164252
1073.5,0.016239394,1367.9913161354584
1073.6,0.016191516,1290.605683120768
1073.7,0.004782476,10309.41444592103
1073.8,0.011256361,5266.271855912332
1073.9,0.0023357298,8789.98225493541
1074.0,0.016035289,2309.9611073705146
1074.1,0.0038836987,6141.589742844657
1074.2,0.0010905089,4209.175198166894
1074.3,0.010512311,2838.436168117116
1074.4,0.005494931,3359.8366549828124
1074.5,0.000157978,6322.06029548968
1074.6,2.8675711e-05,7574.893441579758
1074.7,2.4708215e-05,7614.555864176755
1074.8,1.737006e-05,8768.285098947159
1074.9,1.6078076e-05,8636.98000104954
1075.0,1.885431e-05,8322.458724983713
1075.1,1.2751246e-05,9329.330045503557
1075.2,0.0003123705,6231.97299430472
1075.3,0.004674286,10650.61707888575
1075.4,0.02272554,1783.4307915471757
1075.5,0.02483631,2019.097036672999
1075.6,0.01635889,2625.7763726926787
1075.7,0.0002572587,7109.807734585333
1075.8,0.014056229,2047.5764660251575
1075.9,0.002318497,3578.397510602642
1076.0,0.009779156,2376.957898218273
1076.1,0.00073849165,3735.672960387209
1076.2,0.01768758,1531.4107154396859
1076.3,0.009681279,2034.6773234935408
1076.4,0.00019981779,10327.388797221825
1076.5,0.011944552,1979.2765230061882
1076.6,0.011690597,1816.7889002578277
1076.7,0.024319718,671.9170046855942
1076.8,0.016532501,2154.2156840747875
1076.9,0.006596839,3002.5349671521853
1077.0,0.00036232726,3899.476970930159
1077.1,0.00017637007,3232.0020699588154
1077.2,2.7923052e-05,7119.882277290475
1077.3,1.3092974e-05,9342.929219365678
1077.4,0.017546302,2380.259151527251
1077.5,0.021457933,2026.982149599012
1077.6,0.001732551,1801.6320749709305
1077.7,0.015958764,2290.824203451701
1077.8,0.0083483765,1771.1163042511766
1077.9,0.005962767,1755.0564530292004
1078.0,0.0042685755,2252.453317495262
1078.1,0.015735412,2342.7309640402827
1078.2,0.021063603,960.2442715411047
1078.3,0.018378234,1894.543141330274
1078.4,0.016498474,1851.8431549349498
1078.5,0.00086629717,3212.669280345356
1078.6,0.00018935115,3424.8361179867306
1078.7,3.8184222e-05,5857.403046562853
1078.8,1.5061042e-05,9051.897546942197
1078.9,0.016253933,2377.419711210034
1079.0,0.0076699173,2924.018136831608
1079.1,0.0025951664,9023.16170842405
1079.2,0.010512383,1415.432734726217
1079.3,0.009441382,2060.746055286842
1079.4,0.0070312,10908.135743569657
1079.5,0.028308548,2071.2535147705144
1079.6,0.036067165,2139.651430016218
1079.7,0.0020783877,6340.037053116638
1079.8,0.009884583,1523.4073095446624
1079.9,0.005300344,2031.9565053730917
1080.0,0.0007280689,5871.003266549727
1080.1,0.0059900633,2950.023511119513
1080.2,0.008760028,2306.527321746692
1080.3,0.0019231852,6513.243816156829
1080.4,0.0047428496,10187.066690407693
1080.5,0.0025731656,7840.534164996958
1080.6,6.631349e-05,8435.420124910042
1080.7,1.6070357e-05,10116.16304900635
1080.8,1.0505078e-05,10485.801570821139
1080.9,1.0560836e-05,10102.400585378782
1081.0,1.0174777e-05,9699.810176292549
1081.1,1.0607751e-05,10207.418684882887
1081.2,1.03911725e-05,10322.55823935205
1081.3,1.06561265e-05,10307.65881714892
1081.4,1.0685843e-05,10048.309297195068
1081.5,1.0423835e-05,10115.62928857575
1081.6,9.953562e-06,10221.729439367853
1081.7,1.0187393e-05,10261.392178892296
1081.8,1.1544536e-05,10030.497143937802
1081.9,0.0027411908,2190.5126149684065
1082.0,0.004303257,3770.396939768679
1082.1,0.012470371,2282.3310099770324
1082.2,0.0056726807,9340.096281239785
1082.3,0.0064819185,7863.596832879388
1082.4,0.022880984,1153.2147280101594
1082.5,0.016169034,1822.6130049900642
1082.6,0.014353715,1468.2917528741139
1082.7,0.018484734,732.8056986628703
1082.8,0.01317591,1774.8554637254229
1082.9,4.5833214e-05,7532.290376429821
1083.0,0.0065637636,1527.2785956537546
1083.1,2.599502e-05,8438.479914210646
1083.2,1.6451499e-05,8787.161479455379
1083.3,2.0742827e-05,8036.955346055825
1083.4,1.3039471e-05,9268.089220296066
1083.5,1.1778823e-05,9675.686366043441
1083.6,1.1587067e-05,9711.354828873886
1083.7,0.02914698,2210.069103544605
1083.8,0.020977316,890.4612134458523
1083.9,0.008397511,1885.5923199642539
1084.0,0.0076812143,3200.402699828043
1084.1,0.010965681,1622.9682485008846
1084.2,0.00471817,2173.494017968365
1084.3,0.0033087227,1994.5964126127658
1084.4,0.00053713814,3208.44737033568
1084.5,0.010312354,2410.382611500607
1084.6,0.0057856874,9895.032755701845
1084.7,0.010840408,5469.604060166633
1084.8,0.0013262267,3648.2328149084487
1084.9,2.3945018e-05,8102.030081574859
1085.0,1.6794274e-05,8960.644092967415
1085.1,2.3170296e-05,7749.628761673803
1085.2,1.9008636e-05,8027.067012910153
1085.3,1.7005459e-05,8543.93628081107
1085.4,1.3053561e-05,9375.458072332385
1085.5,1.2143937e-05,9699.557149254113
1085.6,0.017845988,1710.0682682654256
1085.7,0.025247136,1415.3810482564
1085.8,0.0031085701,3407.6751801100268
1085.9,0.018087488,1671.3221797261954
1086.0,0.025285026,626.2481149060475
1086.1,0.0181231,1493.195390895389
1086.2,0.01677997,2052.795454980206
1086.3,0.015647162,2395.334255521274
1086.4,0.007960929,1834.6760670044578
1086.5,0.008662273,3070.9575429002493
1086.6,3.7880483e-05,8007.754337199143
1086.7,0.013780762,2677.217458572404
1086.8,0.0013818877,2877.7218794941973
1086.9,0.009419811,2133.0916707657752
1087.0,0.0074877203,1148.1840899292235
1087.1,0.010737741,1240.944058147845
1087.2,0.010608848,1542.427223817591
1087.3,0.0022606973,4057.5570802163143
1087.4,0.0035431508,2339.9688176098634
1087.5,0.004718029,2432.5008224253306
1087.6,0.0007604255,3162.8881974577153
1087.7,0.00023962246,3255.7762285517692
1087.8,8.3397004e-05,4264.1094454727845
1087.9,1.568403e-05,8785.109583765856
1088.0,0.00015775145,9255.053291944256
1088.1,0.024585227,2000.612760576377
1088.2,0.0031062893,1575.1934368037673
1088.3,0.0019933274,7533.829328209042
1088.4,0.01733702,1485.503124703199
1088.5,0.022001136,1338.9676707380897
1088.6,0.01791298,1453.7852802270286
1088.7,0.017349876,1442.8921813001068
1088.8,0.0109037245,2251.4534488476443
1088.9,0.013953982,2467.939011256917
1089.0,0.01707959,1637.7192670682737
1089.1,0.014827943,2124.040666167418
1089.2,0.0036459677,8989.445625540427
1089.3,0.0047553214,9597.828577560995
1089.4,0.003164657,2289.783975091328
1089.5,0.020204196,2619.5698304340467
1089.6,0.018877149,2322.0756140113645
1089.7,0.0054366505,1486.8939979057334
1089.8,0.010316413,2220.076981434572
1089.9,0.0057121385,10307.866798060866
1090.0,0.00044815283,8229.904637132884
1090.1,2.2329146e-05,9147.695210247382
1090.2,1.4561872e-05,9863.809893710979
1090.3,1.3302448e-05,9955.109453406398
1090.4,1.2571021e-05,9852.439910066978
1090.5,1.27079675e-05,9536.731711933053
1090.6,1.2664441e-05,9804.982414454136
1090.7,1.3013043e-05,9623.852396764514
1090.8,1.2729469e-05,9861.987420129115
1090.9,0.00045660764,5178.753281344983
1091.0,0.0031549206,5081.5375707553485
1091.1,0.011534428,4086.669524372106
1091.2,0.0099187745,1880.883944372149
1091.3,0.0073528546,3033.8525318739476
1091.4,0.0045855287,3404.3608190639557
1091.5,0.009291999,2111.483619272527
1091.6,0.009902367,2201.0223427657616
1091.7,0.013431142,784.10376357111
1091.8,0.0075111873,949.557336174837
1091.9,0.00092353084,4242.90671909319
1092.0,0.009330866,2000.5214746702122
1092.1,0.0074400706,2206.2853011895845
1092.2,0.00049645023,3018.1062059926912
1092.3,8.871349e-05,4462.620676658601
1092.4,2.5383391e-05,6994.6356022246
1092.5,1.4219858e-05,9077.305177902485
1092.6,1.201276e-05,9671.418663753657
1092.7,1.3182364e-05,9499.045775308441
1092.8,2.024672e-05,9521.948972919236
1092.9,0.032225136,1286.0274099933167
1093.0,0.014016473,2054.2293989588966
1093.1,0.0016186149,2594.885375732005
1093.2,0.0076866806,2316.5413286087723
1093.3,0.0070711365,1801.7373797892915
1093.4,0.0022940978,2425.353897551441
1093.5,0.0018729136,3487.2712741441455
1093.6,0.0071197073,8510.653262748281
1093.7,0.004531178,3225.550750244365
1093.8,0.014155863,1361.6308617846742
1093.9,0.008379918,1869.9268971807908
1094.0,0.008345603,2170.25844376347
1094.1,0.000125489,4590.64522537508
1094.2,0.00011277702,3674.6191208171585
1094.3,5.2604828e-05,4990.956499666152
1094.4,1.1091715e-05,10198.873134609848
1094.5,1.0785018e-05,10287.138959466882
1094.6,1.037127e-05,10298.584670517146
1094.7,0.01412028,1590.1366232913335
1094.8,0.0027597328,1883.5612998746328
1094.9,0.018154548,1396.5652491263725
1095.0,0.012983401,1701.087760826075
1095.1,0.008978636,6947.794305209479
1095.2,0.017971035,1374.1801433771475
1095.3,0.0005048138,6041.01235197369
1095.4,0.019878909,1538.1223134608695
1095.5,0.011049938,2168.343531665444
1095.6,0.00798281,1892.690641219427
1095.7,0.0045699854,10862.470463919846
1095.8,0.001840005,8943.307256297116
1095.9,0.018477598,2533.1056138844237
1096.0,0.017316042,2482.136690631447
1096.1,0.0023936497,4637.849859671671
1096.2,0.010839387,2741.6619416741996
1096.3,0.009538133,2085.9623750511173
1096.4,0.003864872,6463.260945875038
1096.5,0.002326724,3981.7199319724714
1096.6,0.009282417,2347.992996072899
1096.7,0.005291168,2667.229375819423
1096.8,0.00022785328,4361.812255147393
1096.9,1.105245e-05,10564.032336351343
1097.0,1.0703788e-05,10340.944087899436
1097.1,1.0545488e-05,10017.54015297721
1097.2,1.0204497e-05,10091.892417471441
1097.3,1.0915628e-05,10462.614995978767
1097.4,0.00051041675,8906.554869981923
1097.5,0.009993274,7736.373203863261
1097.6,0.023077874,1495.904462561262
1097.7,0.006394026,2361.967930980112
1097.8,0.0144525105,1309.9256795287974
1097.9,0.017078854,1435.7287577827472
1098.0,0.005877395,11117.936924395792
1098.1,0.0030482726,4204.031712600775
1098.2,0.007861225,2113.3046592621813
1098.3,0.01664766,2457.74352370944
1098.4,0.013952402,2220.678627056733
1098.5,0.01711617,2375.599750197325
1098.6,0.0011041228,3060.342603324355
1098.7,5.3041353e-05,5890.351171541774
1098.8,1.5963065e-05,8824.403112124157
1098.9,0.0068865195,4052.8517967878397
1099.0,0.013107517,1833.585181618734
1099.1,0.0095864795,10556.642222656013
1099.2,0.004349915,5207.292918648625
1099.3,0.0048524365,8391.456623429724
1099.4,0.014748794,2270.8800281517397
1099.5,0.0003409509,3761.3854174302937
1099.6,0.00018573462,3165.374218756215
1099.7,3.1829026e-05,6565.665254960773
1099.8,1.4866167e-05,9028.764976487562
1099.9,0.015123346,1052.7981270737819
1100.0,0.018732717,2407.9735538166365
1100.1,0.005978201,4979.653122982108
1100.2,0.022974135,664.765034520847
1100.3,0.0058282022,6950.427458229602
1100.4,0.010584477,2519.2325375486153
1100.5,0.0017608202,4545.671025049386
1100.6,0.010021448,1672.3476187188503
1100.7,0.00089432846,3298.9151371927856
1100.8,0.0029215235,7597.524884350281
1100.9,0.0059520034,8032.610407050638
1101.0,0.014923382,2669.6869283374513
1101.1,0.0096523,2192.3649305257595
1101.2,0.013433265,2359.903635891071
1101.3,0.00024950807,5734.397741031917
1101.4,0.00063679245,3629.959656961336
1101.5,0.00035436117,3215.443489884006
1101.6,4.2157884e-05,6774.06331857759
1101.7,0.016643735,1890.6654441170347
1101.8,0.02071395,745.0246420438075
1101.9,0.016193705,1680.7020464247494
1102.0,0.012580564,1774.6984335670818
1102.1,0.011154376,995.5475573120825
1102.2,0.004464667,1027.6356277998982
1102.3,0.016009402,3094.019626473362
1102.4,0.005340392,1605.0514006972421
1102.5,0.00024410049,5796.783955026085
1102.6,0.020642158,1546.2267118026746
1102.7,0.020752966,870.6119707834964
1102.8,0.020283407,2022.175808733603
1102.9,0.02830781,1721.358752093202
1103.0,0.0016653846,7654.804250745819
1103.1,0.014133389,3590.5325228121037
1103.2,0.01783809,2773.3054320592787
1103.3,0.019290077,2699.880614431274
1103.4,0.0014709852,7136.120684932828
1103.5,0.011283634,2636.386104424646
1103.6,3.580621e-05,9122.031300998819
1103.7,0.008681954,2348.4096754868424
1103.8,7.5127784e-05,7768.919722099547
1103.9,0.01968582,8955.76861643715
1104.0,0.010657791,3380.9174284070577
1104.1,0.016890796,3466.8585131588366
1104.2,0.014411614,9419.582009217775
1104.3,0.0059468914,3756.755446567344
1104.4,0.01700915,3440.2222292994074
1104.5,0.007180561,6092.138610456829
1104.6,4.3043503e-05,8712.578932559703
1104.7,1.7724566e-05,8970.64911472426
1104.8,0.0112693645,2613.6639278929697
1104.9,0.011575059,9822.087652111855
1105.0,0.06293644,1699.6821927257329
1105.1,0.03958905,1668.4982786428006
1105.2,0.00847047,9401.87442158805
1105.3,0.04951632,1620.0500208993626
1105.4,0.04366653,1626.5647475363646
1105.5,0.014376564,3120.8750986745354
1105.6,3.862716e-05,9007.170261984731
1105.7,1.7419366e-05,9317.80892657082
1105.8,0.018279698,3090.9787449417836
1105.9,0.0010501685,2710.1993287767364
1106.0,1.0481061e-05,9953.210781002708
1106.1,1.05723275e-05,10077.780949085933
1106.2,0.020988036,1665.923628797726
1106.3,0.0030459298,8049.767003701477
1106.4,0.018079784,2881.098879359866
1106.5,0.025936447,1846.4190295959766
1106.6,0.0008294826,6276.360318109428
1106.7,0.003142889,6260.7613553304545
1106.8,0.0252665,2455.438045755224
1106.9,0.0012092972,3717.423600412065
1107.0,0.02001498,2557.479066825116
1107.1,0.022067329,1331.1065379288068
1107.2,0.0084969755,1535.9336786999088
1107.3,0.00014149264,3442.586552784891
1107.4,8.637964e-05,4271.859313199496
1107.5,2.7504011e-05,9428.958553039898
1107.6,0.008412785,10899.12020463189
1107.7,0.01950623,2522.0024950952006
1107.8,0.020860499,2250.4838272278967
1107.9,0.017737648,1905.703609232388
1108.0,0.016096277,614.7826507252499
1108.1,0.014796758,1755.2430117375275
1108.2,0.008924658,3632.7794985314695
1108.3,0.01645657,1678.5437486932337
1108.4,0.0029507824,1740.3798445586144
1108.5,0.018759718,1695.9575031599884
1108.6,0.01768991,1981.9223457560106
1108.7,0.003155885,9686.983672182814
1108.8,0.016342752,2824.5575530443352
1108.9,0.020262862,2323.9691206187567
1109.0,0.0015759163,5737.358897282045
1109.1,0.006299705,2539.770825480797
1109.2,0.007989391,2503.524575100142
1109.3,0.003347786,3710.888181473035
1109.4,0.009705042,1827.8155264344382
1109.5,0.0048059206,1270.1715393310178
1109.6,0.018429704,1483.8729262359207
1109.7,0.013712575,2206.750878791946
1109.8,0.011711263,1724.654073211015
1109.9,0.0011995208,2806.314513281556
1110.0,5.6708286e-05,5322.810327359779
1110.1,1.6106444e-05,8982.928049678309
1110.2,1.4063186e-05,9120.724663116309
1110.3,1.2297409e-05,9824.348718116375
1110.4,1.3080279e-05,9494.756860301022
1110.5,4.1293642e-05,9515.900959843628
1110.6,0.017310496,1460.783168784931
1110.7,0.016962178,983.309184725959
1110.8,0.008029195,575.0175882618316
1110.9,0.020497529,1520.9677578325945
1111.0,0.02459942,647.7059518111287
1111.1,0.02384704,1105.3287228743568
1111.2,0.023518909,1720.4202676369455
1111.3,0.014338186,837.3496090067058
1111.4,0.01549535,1516.2086554869873
1111.5,0.008784487,3200.6286178309547
1111.6,0.0063762683,9800.096843364734
1111.7,0.0037446334,9478.18941482628
1111.8,0.00908224,1917.738189628199
1111.9,0.003306244,5644.024588837035
1112.0,0.0042348094,4836.591422006415
1112.1,0.0050224927,5831.769006647344
1112.2,0.0067594717,3188.4056069091885
1112.3,0.0037707628,3754.483448779768
1112.4,0.009642752,1462.3298803824846
1112.5,0.008382904,1887.1263044063862
1112.6,0.008758646,2570.794791651342
1112.7,0.0033659814,4396.621347207063
1112.8,0.0057498133,10597.27811355531
1112.9,0.009680886,2736.836465636263
1113.0,5.5079712e-05,8978.059558570607
1113.1,1.1132161e-05,10676.679344867687
1113.2,1.0816153e-05,10468.976592601974
1113.3,1.062411e-05,10234.780667126952
1113.4,1.0811713e-05,10254.883107152982
1113.5,1.0343964e-05,10497.77564567879
1113.6,5.4296088e-05,6843.633896887553
1113.7,0.007687197,10413.098725304751
1113.8,0.020684939,1446.5274216407179
1113.9,0.018599758,1474.1530999545653
1114.0,0.019793168,1464.7292821457618
1114.1,0.019359272,1603.267210060381
1114.2,0.016769527,1211.7825282648014
1114.3,0.021905076,1648.9533499112968
1114.4,0.01774706,1812.9656257410072
1114.5,0.021945404,977.4538810274189
1114.6,0.00934857,1640.9818527245857
1114.7,0.0023467455,5837.28092615367
1114.8,0.023199312,638.9684392931827
1114.9,0.016115682,1011.0010376472416
1115.0,0.017198727,1125.2988119180247
1115.1,0.013732309,1911.8535547620183
1115.2,0.0051826877,5145.689456278815
1115.3,0.01646658,1309.2648305280088
1115.4,0.0036282043,10138.928659421652
1115.5,0.02108508,2034.6863786289284
1115.6,0.0210853,873.7823274563406
1115.7,0.019949818,1391.615846169871
1115.8,0.014721519,1625.7584692998835
1115.9,0.0028562082,9517.762706685722
1116.0,0.0094606485,2500.8188973179167
1116.1,0.004586995,3424.830945566433
1116.2,0.0016548708,4175.029045102835
1116.3,0.0062476345,2321.6995725638044
1116.4,0.00015341496,4054.4058352966363
1116.5,7.680508e-05,4276.530074476092
1116.6,1.8067483e-05,7978.9411915329865
1116.7,1.2841898e-05,9389.193895981258
1116.8,1.325291e-05,9720.274084511242
1116.9,1.2023629e-05,10104.999899979945
1117.0,0.00391743,7642.967783856605
1117.1,0.004888437,5342.17005025915
1117.2,0.0019518001,3983.0163146162413
1117.3,0.021074343,900.14633683437
1117.4,0.018705737,873.5128379327874
1117.5,0.013964916,1489.4698659349078
1117.6,0.018252542,647.2080409062493
1117.7,0.01564026,1140.9525930487455
1117.8,0.019759227,1077.3265476481415
1117.9,0.007996147,1039.186765708039
1118.0,8.5750755e-05,5119.880379561558
1118.1,1.60494e-05,8939.004657680493
1118.2,0.015712092,912.7403326126065
1118.3,0.008179122,2815.843027285031
1118.4,0.022291323,569.9999240458944
1118.5,0.02335128,627.1560436664901
1118.6,0.019905359,1072.4889834601533
1118.7,0.021011613,1137.1663547344842
1118.8,0.001919566,4106.496440650446
1118.9,0.00756978,1382.4871981834654
1119.0,0.0009939136,7170.023698525267
1119.1,0.014185073,1577.7415230236759
1119.2,0.0033752052,1280.9897300615216
1119.3,0.010209713,1796.3429988211587
1119.4,0.0070775696,2593.452841363717
1119.5,9.5093834e-05,5714.732355839475
1119.6,3.8015805e-05,6551.863768511659
1119.7,3.2386768e-05,7096.393574735995
1119.8,1.29354075e-05,9552.17518253717
1119.9,1.2739027e-05,9268.506192969598
1120.0,0.015694734,1808.7624618299772
1120.1,0.00866145,3603.4001175853764
1120.2,0.00780276,1080.6182241970664
1120.3,0.0043637687,3968.8397041189787
1120.4,0.016801167,1700.667668073344
1120.5,0.0007426505,5377.895944640593
1120.6,0.015255153,1634.7634193127449
1120.7,0.02403976,687.8756153924812
1120.8,0.012653289,1141.4336518604118
1120.9,0.018850714,1222.7722348837387
1121.0,0.020379404,623.5778658870814
1121.1,0.012481773,1668.9941437907244
1121.2,0.006167028,3229.4839538912943
1121.3,0.015806079,796.2293018534929
1121.4,0.016701879,884.5592598801794
1121.5,0.023992138,1489.9766323363801
1121.6,0.020089287,801.6057995085904
1121.7,0.018297242,873.019645953287
1121.8,0.014886104,1412.415563697541
1121.9,0.014068905,1593.4779222846632
1122.0,0.017322913,1489.576597701116
1122.1,0.021813087,1345.4205829960383
1122.2,0.01624434,1045.7984008878443
1122.3,0.0076236855,7605.4309485402955
1122.4,0.0061848476,6791.104183397494
1122.5,0.014040647,2016.592721043922
1122.6,0.0040792697,9071.277686084977
1122.7,0.0034876785,4033.7153500037793
1122.8,0.00948852,2562.860847554455
1122.9,0.012820329,2454.593734410867
1123.0,0.0003696688,3790.6865264907665
1123.1,0.00016594672,3426.2887303782577
1123.2,4.4059474e-05,5730.887777543856
1123.3,1.4850033e-05,8771.92967270817
1123.4,1.2807697e-05,9421.359816225218
1123.5,0.009055633,2528.6743353190554
1123.6,0.018721782,891.7680326902803
1123.7,0.025968615,1578.7226707035966
1123.8,0.00049307354,6334.197384780504
1123.9,0.019047733,1509.6146397974683
1124.0,0.009277721,1277.72260480931
1124.1,0.0071659554,1113.4114737866214
1124.2,0.018884882,1224.0162505125797
1124.3,0.030007565,2004.462300594561
1124.4,0.018533112,1307.521669688498
1124.5,0.018040385,1505.9890422451706
1124.6,0.014856936,656.099099004548
1124.7,0.008751782,1430.0545113769094
1124.8,0.012095027,1093.2520794254776
1124.9,0.020096326,1852.1594267945231
1125.0,0.01904806,1352.610323900964
1125.1,0.0178405,2283.3154086203995
1125.2,0.026188798,710.9069618471681
1125.3,0.012310525,1078.6036873585185
1125.4,0.010439955,7319.824382097753
1125.5,0.017615087,1730.5611566780467
1125.6,3.2071923e-05,8801.99237414762
1125.7,0.011061605,1916.5707845216891
1125.8,0.017913444,1366.0129199008702
1125.9,0.018925838,1401.0495111209232
1126.0,0.018993765,737.1720203323689
1126.1,0.020358646,1828.7319103192099
1126.2,0.004544324,9275.929600587604
1126.3,0.0088917315,1927.4241161775353
1126.4,0.0072981985,3380.826102472908
1126.5,0.002041557,4727.866693641305
1126.6,0.0016667426,2123.115220331035
1126.7,2.1145423e-05,8727.031422336799
1126.8,1.1344988e-05,10679.30074653517
1126.9,1.0880029e-05,10533.898552832376
1127.0,1.0583617e-05,10541.500412421785
1127.1,1.1253025e-05,10379.340937636425
1127.2,0.0148696685,1889.0836805931485
1127.3,0.0026369544,5722.462676928317
1127.4,0.027680958,947.4883768590034
1127.5,0.018005082,2020.5239559377371
1127.6,0.019018477,1360.0199272018504
1127.7,0.022056883,962.7731670902053
1127.8,0.0013502863,2034.2916246534287
1127.9,0.01763577,866.570771500887
1128.0,0.0135744335,1366.5349344243111
1128.1,0.0027625014,7747.498952042808
1128.2,0.017565118,1630.477409096417
1128.3,0.01576258,1381.1686913372318
1128.4,0.01330812,1539.2220107240494
1128.5,0.011708603,1800.4124458291474
1128.6,0.0036431856,1811.4647224004043
1128.7,0.011763848,2121.1370217934746
1128.8,0.0041193534,9493.970941378784
1128.9,0.00933401,2217.9014429647655
1129.0,0.009664123,2090.1041982329716
1129.1,0.008792568,2198.2556201742905
1129.2,0.01244434,2517.2580980899593
1129.3,0.00022152944,4162.216462842354
1129.4,0.00029195062,3252.9148177728616
1129.5,9.966217e-05,3860.992090240183
1129.6,0.0002232616,4486.555194150564
1129.7,0.005988014,6424.812136299998
1129.8,0.00928412,3938.193701806962
1129.9,0.010239793,2374.358990009371
1130.0,0.011860104,2095.703454989813
1130.1,0.013497495,1599.2194396392376
1130.2,0.0019595446,2618.4624084396205
1130.3,0.012407691,1904.2967517365112
1130.4,0.015856065,1302.461846407435
1130.5,0.015009242,1507.9768326025528
1130.6,0.012823814,1266.0661796805255
1130.7,0.01945891,1763.238511436006
1130.8,0.0018056878,4507.070224231797
1130.9,0.011974376,1197.637500025565
1131.0,0.0028586108,1887.6163205194807
1131.1,0.004277539,9472.102612803485
1131.2,0.0007724466,9728.356641716244
1131.3,0.024235737,1673.1857191007657
1131.4,0.02016275,1692.7532913048412
1131.5,0.0015371733,4476.852681045132
1131.6,0.012616779,1223.991235045362
1131.7,0.0074520456,1108.7360309455905
1131.8,3.8441263e-05,7016.117200075486
1131.9,1.0410292e-05,10507.958266680189
1132.0,1.0686285e-05,10222.083954809848
1132.1,1.0546414e-05,10246.349378929444
1132.2,1.0346092e-05,10347.308348244842
1132.3,1.04938445e-05,10254.409813821163
1132.4,0.0017519216,8913.677103797952
1132.5,0.012662364,2796.2051022601163
1132.6,8.391286e-05,8604.024320079563
1132.7,0.007244883,6344.1567364611265
1132.8,0.02151946,1465.355237654371
1132.9,0.017583948,1397.73364728999
1133.0,0.021159602,722.6856118049269
1133.1,0.016551852,1135.4838452606573
1133.2,0.020061798,1286.587102033652
1133.3,0.011526712,1376.6595124189005
1133.4,0.0006142892,3205.311200513007
1133.5,0.019239556,1004.2372447964623
1133.6,0.015100554,1478.6341629108194
1133.7,0.0072028874,3005.46556464314
1133.8,0.009447419,2125.1124268939698
1133.9,0.003167852,8967.713288806173
1134.0,0.0054613915,2932.214618277701
1134.1,0.0071667694,1723.8774511675028
1134.2,0.00031088377,6930.635512155002
1134.3,0.010405685,2456.8158838768227
1134.4,0.020815272,2041.104260089683
1134.5,0.013897471,1532.5621585035553
1134.6,0.0077992394,2446.895246829543
1134.7,0.018769046,1171.882387994492
1134.8,0.0034088288,1964.1142453624595
1134.9,0.0034597497,6398.36167556037
1135.0,0.0024531365,4864.186916507788
1135.1,0.011159452,1859.5522422030617
1135.2,0.006972608,2121.7154282241627
1135.3,0.0045435373,2163.1110678067575
1135.4,2.7843933e-05,7357.503346399358
1135.5,1.6360851e-05,8855.397042066374
1135.6,1.9472162e-05,8886.07663623045
1135.7,1.7041899e-05,8379.652187511334
1135.8,1.335874e-05,9683.450686935692
1135.9,0.0014497786,10155.105352838196
1136.0,0.0071340445,7506.39384852446
1136.1,0.013957974,2399.3616781965293
1136.2,0.00057346164,5441.58645104025
1136.3,0.0025742266,3398.4031792177975
1136.4,0.007025328,1708.3464818086568
1136.5,0.007086446,1897.9872478207872
1136.6,0.0004853681,3750.381743032184
1136.7,2.2807591e-05,7956.625384304755
1136.8,1.3296002e-05,9926.09271221076
1136.9,1.0568929e-05,10190.629711395433
1137.0,1.0461463e-05,10248.11073749
1137.1,1.050996e-05,10351.368120584926
1137.2,1.0691591e-05,10345.10602853769
1137.3,0.017940018,1662.3980240759256
1137.4,0.020906318,1248.3787437133296
1137.5,0.028104076,1660.846559674576
1137.6,0.00047749793,6585.50998765079
1137.7,0.0169022,1380.3428046982162
1137.8,0.009790712,1087.0103425812754
1137.9,0.0012888575,4643.913981738606
1138.0,0.0009220568,7141.471255926711
1138.1,0.005767152,3226.197053056781
1138.2,0.01193722,2513.2660901875693
1138.3,0.00080698397,7313.852766071093
1138.4,0.015407934,1761.318616837219
1138.5,0.004544449,2509.9703974803488
1138.6,0.013148872,839.2104579665364
1138.7,0.016100219,1521.3557079686757
1138.8,0.014635042,1920.6749447285563
1138.9,0.00051821634,10715.97110551536
1139.0,0.017538873,1665.2500260804834
1139.1,0.013175081,2268.4476036945343
1139.2,5.096816e-05,8297.351141680614
1139.3,0.013188346,2263.6710326351968
1139.4,0.008926824,1478.589249500024
1139.5,3.2605265e-05,8486.18122098338
1139.6,0.01010202,869.0247132359113
1139.7,1.1341781e-05,10279.648622669934
1139.8,1.0996714e-05,10185.701856928
1139.9,1.0974974e-05,10170.061322762727
1140.0,1.40659395e-05,9092.56479656721
1140.1,1.2160529e-05,9772.673672053948
1140.2,1.0528217e-05,9901.665961913572
1140.3,1.028057e-05,9927.253684133113
1140.4,1.0389602e-05,9961.496081795038
1140.5,1.3440353e-05,9246.98630996953
1140.6,1.4494506e-05,9806.500341669129
1140.7,1.2440957e-05,9943.511026366159
1140.8,1.5219282e-05,8756.095037766152
1140.9,1.1924366e-05,9910.568803838716
1141.0,4.3129618e-05,9007.634474138
1141.1,0.0032076354,11515.49835816037
1141.2,0.012343695,2470.224003133999
1141.3,0.00994694,2508.048499485734
1141.4,0.009945415,2628.3730152439584
1141.5,0.0019343079,3032.7959505213576
1141.6,3.178698e-05,8225.48842894123
1141.7,2.3411818e-05,7762.965445788532
1141.8,1.7683597e-05,8477.672146629584
1141.9,1.5333913e-05,8917.524755763408
1142.0,1.2528497e-05,9663.670348537988
1142.1,1.2988288e-05,9665.424379930226
1142.2,0.023403864,1062.2038748825062
1142.3,0.024465749,1656.7193723139114
1142.4,0.020542681,2132.1810099217773
1142.5,0.0119972015,1737.022257715742
1142.6,0.0046650744,8978.35474593267
1142.7,0.007815282,3078.5349383658713
1142.8,0.009576685,2252.1862664788914
1142.9,9.657406e-05,6852.433512929739
1143.0,1.806373e-05,8692.50392303942
1143.1,1.33575395e-05,9886.453303594219
1143.2,0.01801917,2422.107726838736
1143.3,0.017420249,2567.8440620351644
1143.4,0.0041026515,5581.5484661218525
1143.5,0.018101243,1452.82621663832
1143.6,0.016449587,2865.427415323169
1143.7,0.017076837,2493.1645887647855
1143.8,0.021817612,1762.523568042067
1143.9,0.024376852,2874.7632628381034
1144.0,0.015026183,3125.0764356196705
1144.1,0.00087227987,6063.3653247966095
1144.2,0.0038680702,3572.458006562157
1144.3,0.005235484,4221.204465152164
1144.4,0.00014226267,4758.10621282781
1144.5,1.2675225e-05,10106.405639641624
1144.6,1.3323349e-05,9706.687570084505
1144.7,0.015413015,2408.935147214959
1144.8,0.011712853,894.1346491447366
1144.9,0.02411591,2537.5450689162453
1145.0,0.0018331335,6858.607874719669
1145.1,0.017964415,2576.4162960643653
1145.2,0.0070056226,3049.000961243111
1145.3,0.0032454538,3026.791178454597
1145.4,0.0058416286,11325.53180421941
1145.5,0.004721666,4154.199865940933
1145.6,0.0028809328,4291.249757064643
1145.7,0.0070287287,3615.463474051953
1145.8,0.00021657489,7213.347593506429
1145.9,2.20722e-05,8882.001590651445
1146.0,0.0026758383,5203.616505456419
1146.1,0.004922088,3213.4421531187145
1146.2,1.7005024e-05,9582.38397002957
1146.3,0.035143185,2016.0731491085082
1146.4,0.0046451464,1420.5428057599293
1146.5,0.026130527,2848.2692190628986
1146.6,0.0012770934,2862.7210831818375
1146.7,0.01623036,2459.5270725447126
1146.8,0.0013283896,4764.681552075137
1146.9,0.020425415,3163.4327261207113
1147.0,0.019248717,9272.883470602961
1147.1,0.0034167496,9532.872130617874
1147.2,0.014595189,3086.648503077055
1147.3,0.0019900647,3511.972029700887
1147.4,1.0825549e-05,10303.169251250498
1147.5,1.05627705e-05,10207.173423233337
1147.6,0.020379353,830.7157358942247
1147.7,0.049994342,2261.0450834593353
1147.8,0.04050639,869.8191669477708
1147.9,0.022928726,1923.936066991182
1148.0,0.030068988,777.2271700252247
1148.1,0.019567285,1402.8615916682231
1148.2,0.030047717,1624.082417882955
1148.3,0.04222571,2476.1363455687
1148.4,0.039310005,1083.7127409016255
1148.5,0.035876125,1285.8201798975672
1148.6,0.029780319,1523.3618008112126
1148.7,0.026472218,1834.800127324333
1148.8,0.0026966752,5185.64064805699
1148.9,0.04152653,869.056672556754
1149.0,0.034154404,1845.3573687001674
1149.1,0.035405975,1790.6668949974367
1149.2,0.036509726,1552.5141433996566
1149.3,0.005356003,1455.5371827117215
1149.4,0.028865468,2606.407274182132
1149.5,0.013574932,3268.01853998969
1149.6,0.0064219874,3339.5527390169805
1149.7,0.014289602,2698.007772571623
1149.8,0.018944465,3487.285683213806
1149.9,0.003092752,6443.866103036418
1150.0,0.010748668,3159.0241880742406
1150.1,3.372241e-05,8526.383488773132
1150.2,0.0029810516,5386.293228333621
1150.3,0.00032479287,4102.754468474906
1150.4,2.2780609e-05,8638.517350745944
1150.5,1.0759593e-05,10251.324963428731
1150.6,1.0523323e-05,9837.780982765245
1150.7,1.0680301e-05,10207.828394438357
1150.8,0.0016996899,7626.4291141332005
1150.9,0.017251961,5157.31256623704
1151.0,0.015346229,1627.909445616238
1151.1,0.011144946,4333.850883088857
1151.2,0.021083957,9610.18356164766
1151.3,0.006129742,4592.625410113268
1151.4,0.006312331,3362.1173311167668
1151.5,0.006038462,5291.0204741371945
1151.6,3.79878e-05,8844.692948456719
1151.7,1.7640956e-05,9388.9669479453
1151.8,0.01696893,2577.4371467961764
1151.9,0.0017495065,3409.486238818179
1152.0,1.0548558e-05,9844.437964455255
1152.1,1.1398421e-05,9491.365598803979
1152.2,0.033114355,1981.538702187825
1152.3,0.0031531216,7835.59760918066
1152.4,0.033503536,1476.8699851917136
1152.5,0.030911144,2159.8823744809015
1152.6,0.0022937343,4189.795702303769
1152.7,0.026952846,1264.2155826553376
1152.8,0.021011826,880.6234266219632
1152.9,0.009015765,3439.3674138504234
1153.0,0.0100269355,5928.2275145786725
1153.1,0.010256946,7003.443896715493
1153.2,0.0060119973,5013.526815769017
1153.3,0.011074554,2124.076976132953
1153.4,0.017215284,2959.289588918622
1153.5,0.002905874,3124.61144292175
1153.6,2.9762416e-05,8617.568413675832
1153.7,1.9816123e-05,9019.307948249425
1153.8,0.008781199,5325.448847631443
1153.9,0.013560404,6122.20527066529
1154.0,0.020960672,3258.0087603062025
1154.1,7.588133e-05,8081.070609019276
1154.2,0.007160818,6661.635997660556
1154.3,0.0072522345,3653.3197527394495
1154.4,4.0627725e-05,9013.157378914557
1154.5,0.0042278366,6039.906952098028
1154.6,0.0004894308,6592.667325927054
1154.7,3.8279042e-05,6820.457061070179
1154.8,1.0482313e-05,10093.273509871262
1154.9,1.0463399e-05,10158.339647691088
1155.0,1.0384288e-05,10106.358364358637
1155.1,1.0197593e-05,9836.474217563387
1155.2,1.0379696e-05,10112.93912434253
1155.3,1.0266967e-05,9948.607302950608
1155.4,1.0544832e-05,10066.650680512725
1155.5,1.0540546e-05,10023.060410983762
1155.6,1.1052708e-05,10142.84591550811
1155.7,0.013857703,3035.423566374011
1155.8,0.0085751945,2111.754479233829
1155.9,0.015490786,2471.0730993354573
1156.0,0.011412818,3129.298155983378
1156.1,0.010253922,2641.7220867990595
1156.2,0.015333963,2312.0757378531007
1156.3,0.011810828,2437.680755711498
1156.4,6.2166844e-05,7639.150395303773
1156.5,0.02059592,1605.429448097198
1156.6,0.020869322,1900.4409722975092
1156.7,0.025858572,1597.720631727026
1156.8,0.0030254258,8312.048582084743
1156.9,0.015303822,3047.561753788632
1157.0,0.0001923535,6417.011204862332
1157.1,0.0004159758,9318.63401593149
1157.2,0.012773854,2975.2632214197283
1157.3,0.010938012,2759.2235756804803
1157.4,0.001120014,2895.616548991672
1157.5,5.1346717e-05,5880.408799674602
1157.6,2.2090539e-05,8264.183255681564
1157.7,1.4244292e-05,9354.497387337966
1157.8,1.2851369e-05,9366.794486009563
1157.9,0.027373696,3486.406177740727
1158.0,0.035235517,1463.1747167795536
1158.1,0.029297078,2151.726518915182
1158.2,0.0018036464,8010.768311638161
1158.3,0.0012244601,2561.5235614185394
1158.4,0.017664142,1534.6574684618806
1158.5,0.020769147,2143.64371497855
1158.6,0.01725513,2251.7977674084696
1158.7,0.011171633,9311.832630504114
1158.8,0.012173467,2392.161313316189
1158.9,5.021803e-05,8441.066436919376
1159.0,0.014741879,1921.3426005049307
1159.1,0.0182321,1594.117640326769
1159.2,0.00026434442,5333.0252139861395
1159.3,2.0331492e-05,8524.313444388372
1159.4,1.3113291e-05,9264.601184461644
1159.5,1.43275975e-05,9344.845628781342
1159.6,1.3408015e-05,9613.62235010357
1159.7,1.4486403e-05,9418.476246121048
1159.8,1.2105176e-05,10058.551278431707
1159.9,1.2148016e-05,9826.707142850924
1160.0,1.430451e-05,9633.670686364878
1160.1,1.3437318e-05,9702.746394423291
1160.2,1.2289002e-05,9856.93446587166
1160.3,1.3087029e-05,9699.616312850452
1160.4,0.010956656,4016.456911195977
1160.5,0.03046002,1325.9030943280911
1160.6,0.019342527,2073.580338089314
1160.7,0.009572599,1269.0399357344575
1160.8,0.024937097,3143.7802408334514
1160.9,0.013485309,2886.1435422434365
1161.0,0.0001277372,6044.8786197707495
1161.1,4.2473544e-05,6283.833240753045
1161.2,4.3012096e-05,5777.822403228208
1161.3,5.094661e-05,5916.28950680906
1161.4,2.2872397e-05,8348.550652039292
1161.5,1.31623065e-05,9345.683634235102
1161.6,1.1822262e-05,9624.120209218949
1161.7,0.004321665,3892.824734684116
1161.8,0.03263527,1365.737592820074
1161.9,0.027878733,1892.7114182829953
1162.0,0.009949854,4938.998310442304
1162.1,0.02804648,903.4860976592081
1162.2,0.020049814,1326.062181460452
1162.3,0.020095164,1457.8826056349071
1162.4,0.0021770722,2291.3564958934976
1162.5,0.016712468,2274.5940981857984
1162.6,0.015522986,1575.8022143688113
1162.7,0.0025094782,3194.2953096558426
1162.8,0.018561091,2313.404529489408
1162.9,0.027384112,2955.240507965492
1163.0,0.00061594706,4368.369000581683
1163.1,0.022683218,1982.975333336613
1163.2,0.019878024,946.5796593960933
1163.3,0.0190853,2292.165859213678
1163.4,0.014545876,1605.4531460065332
1163.5,0.013676935,2276.200532431441
1163.6,0.009037211,7310.3476257146285
1163.7,0.022972131,1408.2830775072412
1163.8,0.020401107,2113.5153762779228
1163.9,0.024104321,2489.1151581303498
1164.0,0.018618241,2052.6829045540403
1164.1,0.01024943,3340.343173763323
1164.2,0.010499592,8611.431176071961
1164.3,0.019829175,2375.069326894124
1164.4,0.022604296,2386.842975296163
1164.5,0.006641638,2883.906175996546
1164.6,7.059534e-05,8270.475677113829
1164.7,1.057013e-05,10408.19858227414
1164.8,1.0459138e-05,10142.322127006342
1164.9,1.0504109e-05,10349.163755731997
1165.0,0.00015755379,4350.787346551913
1165.1,0.033828378,1933.5460926610463
1165.2,0.031069497,1765.1168612853164
1165.3,0.023841955,1338.8495351649867
1165.4,0.011407736,1203.4474530083182
1165.5,0.015123607,1896.0298312995374
1165.6,0.0038299428,3520.460159938925
1165.7,0.019504905,1708.116283242702
1165.8,2.9332805e-05,8085.511736909781
1165.9,0.021346439,1520.7624048256368
1166.0,0.017035272,1352.6228099063937
1166.1,0.011011389,737.2959386305524
1166.2,0.009300163,2084.83038011027
1166.3,0.003802053,6664.411048934794
1166.4,0.011118198,1474.7707303733546
1166.5,0.010314794,1666.580441765815
1166.6,0.0002762339,5209.363455212274
1166.7,2.234008e-05,8436.981972545484
1166.8,1.0678188e-05,10405.717149085576
1166.9,1.0194533e-05,10255.118211922707
1167.0,1.0419516e-05,10317.14138904173
1167.1,1.052755e-05,9914.753744883488
1167.2,1.7687084e-05,8665.877166731003
1167.3,0.006357249,1338.9863009685184
1167.4,0.013664058,3392.685927957044
1167.5,0.019531602,2003.57982038391
1167.6,0.017060542,2281.603229909083
1167.7,0.005565529,3511.4627701000522
1167.8,0.00037508327,5016.571810101319
1167.9,0.01826924,2988.9600368513497
1168.0,0.006214213,6807.015113369388
1168.1,0.013376721,2504.031917242564
1168.2,0.010730954,2570.5229124907223
1168.3,0.00041156376,6952.372660176825
1168.4,0.002264476,4349.199798132597
1168.5,0.005417705,2411.472507519241
1168.6,4.101797e-05,6510.18889247805
1168.7,3.8703154e-05,6151.045220051029
1168.8,4.2883257e-05,5992.097648527656
1168.9,2.567129e-05,7657.668545375264
1169.0,0.0033299522,3849.5034802699474
1169.1,0.015917342,1425.331900952394
1169.2,0.018643945,1681.96991286298
1169.3,0.034746755,802.5875906738283
1169.4,0.024727307,1392.6193236777917
1169.5,0.025096964,1274.5113791321119
1169.6,0.0023361484,8885.683082207004
1169.7,0.022539195,1569.623990841521
1169.8,5.7190045e-05,8395.992522646478
1169.9,0.012358056,3777.2285134315102
1170.0,0.023184303,1285.9382115565384
1170.1,0.03030664,872.452094416114
1170.2,0.026749292,1471.9882702154428
1170.3,0.018888041,1515.0673067339271
1170.4,0.0125815775,1843.8090717741366
1170.5,0.014472962,1350.2671918717544
1170.6,0.0016096283,4958.720020321355
1170.7,0.023102392,1874.2938102726616
1170.8,0.024677759,2010.0818933644014
1170.9,0.0033045579,4028.5546083638883
1171.0,0.03096073,995.2567932188639
1171.1,0.020848121,2034.2803198713389
1171.2,4.281201e-05,8061.02086230256
1171.3,0.010292989,3358.104514099441
1171.4,0.0016512874,7910.666263640882
1171.5,0.013316622,2498.4279100824638
1171.6,0.011152087,1659.3518059961566
1171.7,0.0027599377,3026.5591804053633
1171.8,0.0015128347,1586.3259845526031
1171.9,0.01461617,1782.4016509556886
1172.0,0.01724963,1442.6290825985493
1172.1,0.02133533,685.547086075242
1172.2,0.016729612,2101.6225694524064
1172.3,0.0022242458,4483.4126033277735
1172.4,0.00014982146,6501.200336569156
1172.5,2.204067e-05,8207.101671227887
1172.6,1.0013568e-05,9762.124023222848
1172.7,1.0339884e-05,9989.50101928064
1172.8,1.0217888e-05,9910.152859261441
1172.9,1.0285918e-05,10084.07335239327
1173.0,1.0592932e-05,10144.310702472572
1173.1,1.0400128e-05,9802.816992972561
1173.2,1.0138318e-05,10073.24001775364
1173.3,1.2733364e-05,9967.760600489042
1173.4,0.011668748,2355.0612287037548
1173.5,0.012049154,1204.1052635567135
1173.6,0.004464322,1666.8696614304822
1173.7,0.00039639248,2566.9506095401493
1173.8,2.357697e-05,7708.918562126422
1173.9,6.0533537e-05,5315.240237232056
1174.0,5.3570373e-05,5345.013613482164
1174.1,2.7594626e-05,7656.601554660991
1174.2,2.8075418e-05,7659.058809827924
1174.3,2.0260173e-05,8527.07993958458
1174.4,0.01348579,1565.9089015192
1174.5,0.036993325,3042.6759171327835
1174.6,0.026820363,3520.8199972312646
1174.7,0.017602481,1574.6610222997392
1174.8,0.017259264,3049.650629376576
1174.9,0.0064031207,3498.0917639044414
1175.0,0.0007020951,3538.896461246861
1175.1,0.004224002,6275.711583079015
1175.2,0.017369593,2373.796409229434
1175.3,0.026022015,2917.999213799385
1175.4,0.00079300476,4272.914532375329
1175.5,0.013258056,2808.957061525792
1175.6,0.0082643805,4269.477257739594
1175.7,0.012722916,1658.221895221569
1175.8,0.0007063557,2840.8138509347364
1175.9,2.0702128e-05,8642.749771542858
1176.0,1.2253135e-05,10096.206120328134
1176.1,1.0212854e-05,10360.141569773725
1176.2,1.0659979e-05,10134.317738445774
1176.3,1.0559774e-05,10261.866444450634
1176.4,1.05146855e-05,10076.967976677304
1176.5,1.854395e-05,8475.484728488449
1176.6,0.007036259,5775.582189562945
1176.7,0.04544784,1773.6794724751837
1176.8,0.03856772,1580.700375459459
1176.9,0.015504036,1792.3114790680158
1177.0,0.011471928,1963.2842370763635
1177.1,0.0079263,1881.3093638929154
1177.2,0.0019458259,2576.6986721858475
1177.3,0.0032350153,7336.756216515671
1177.4,0.008937426,4899.106543783556
1177.5,0.00036583372,5998.972946242685
1177.6,0.008697832,2014.9555184366657
1177.7,0.011632487,2878.84746603266
1177.8,0.014377654,1780.8462713598017
1177.9,0.011645926,1923.5845964507896
1178.0,0.011487835,1644.2265718209464
1178.1,0.0025101749,1837.067727278007
1178.2,0.0029777393,1657.693454867242
1178.3,0.00014245589,3854.929843148425
1178.4,2.1195248e-05,8343.213930751892
1178.5,1.973092e-05,8646.930803093866
1178.6,0.00023975478,4530.582189457782
1178.7,0.042525984,2348.289630977533
1178.8,1.2876773e-05,11370.589616758738
1178.9,0.035799347,8591.186008546598
1179.0,0.06745587,1719.5805990244473
1179.1,0.037846606,991.0917216156163
1179.2,0.037707027,1741.0089167055346
1179.3,0.021970298,8470.842709822191
1179.4,0.03656968,1910.6735188618923
1179.5,0.020437596,2438.9094591878275
1179.6,0.005956521,1746.8573555198438
1179.7,4.9874918e-05,8072.664336653295
1179.8,2.3473152e-05,8889.245973488574
1179.9,1.0441467e-05,9801.393092115017
1180.0,1.0286792e-05,9955.384392100841
1180.1,1.4250258e-05,9103.547151471204
1180.2,0.0004315028,3392.8645858481436
1180.3,0.030436708,7108.996801270041
1180.4,0.102433704,1493.4281747769705
1180.5,0.10145153,770.4089388219054
1180.6,0.021706438,9196.330725125914
1180.7,0.023937006,1999.7107615842224
1180.8,0.048048984,1351.571518831154
1180.9,0.01789577,2606.14268825996
1181.0,0.03492935,993.9429161284054
1181.1,0.020916771,1904.626070474308
1181.2,0.10199368,1363.798534989497
1181.3,0.014603788,1517.3216958351954
1181.4,0.013587544,2384.838322215939
1181.5,0.009117676,2768.0153269694247
1181.6,0.016530488,3688.3118616202446
1181.7,0.023690313,2163.7695330765496
1181.8,0.00055711705,5630.621555472212
1181.9,0.0068255025,2482.6656973952286
1182.0,0.015752412,8040.515910632125
1182.1,0.0023505532,7848.236184763761
1182.2,0.005937474,2528.7340548154943
1182.3,0.00035221354,3462.201082219379
1182.4,3.2291344e-05,8817.34678304601
1182.5,1.0518561e-05,9981.190584339944
1182.6,1.2707521e-05,9620.890149276147
1182.7,0.02121564,2386.3408812812254
1182.8,0.02101498,3373.0303262694615
1182.9,0.020351063,2095.000958050326
1183.0,0.009524077,2931.1491685882615
1183.1,0.021136995,1474.8620471456347
1183.2,0.029474305,1051.6292364410415
1183.3,0.0009556795,5813.648867171867
1183.4,0.012522069,1930.5295053132218
1183.5,0.006388228,1299.4789405399813
1183.6,0.0013451121,2736.529755172619
1183.7,0.024335157,8354.295464796787
1183.8,0.017778017,4959.321536785145
1183.9,0.007362437,3337.573600198604
1184.0,0.015362803,1950.3605579663044
1184.1,0.016082669,1826.9624242281768
1184.2,0.012552598,1214.8061100535738
1184.3,0.006134116,1157.4312802233057
1184.4,0.0057680984,2119.5169731971873
1184.5,0.01758753,7300.191196483433
1184.6,0.006568158,5090.0218710287445
1184.7,0.0034165168,2278.6029071309213
1184.8,0.00747612,2140.2437870516414
1184.9,0.0017922607,1723.1717653697551
1185.0,2.8311077e-05,7561.722095577958
1185.1,1.4560918e-05,9074.135208000747
1185.2,0.0032452787,2016.3978736579788
1185.3,0.09012169,1470.3497412120414
1185.4,0.028503666,1393.7480005338039
1185.5,0.0077507296,1618.4963490246982
1185.6,0.0006432475,4101.977338653538
1185.7,0.00637757,4403.665262130699
1185.8,0.039520524,1494.7594034735414
1185.9,0.032921467,663.2335937369513
1186.0,0.014292809,3059.4158166458933
1186.1,0.014531057,1733.3298157344925
1186.2,0.003960649,2432.383561536905
1186.3,0.002915396,2375.0276778052316
1186.4,0.017820291,2170.4505945358733
1186.5,0.008794419,1920.269597771759
1186.6,0.00058362976,3971.1083968926314
1186.7,0.0072448933,2366.7090544130656
1186.8,0.0018526384,2328.4614037736064
1186.9,0.00010004817,4612.807050948554
1187.0,0.00021829798,2752.0491546627622
1187.1,0.00017977554,5202.613925093988
1187.2,0.007913769,3124.403407563535
1187.3,7.0488204e-05,7967.468540788228
1187.4,0.004017061,5670.8442166986015
1187.5,0.01302999,1736.35991129757
1187.6,0.008179665,1700.3968430573993
1187.7,0.0043267785,1510.4454866898425
1187.8,0.012401517,5855.064344104057
1187.9,0.0133853685,6197.616189880276
1188.0,0.024270877,993.2542968705011
1188.1,0.005230659,2091.0380286626937
1188.2,0.00018635204,4552.138748325567
1188.3,0.0037950135,2115.7198267111685
1188.4,0.004700412,2513.5094015784875
1188.5,0.00010216692,8767.35868465756
1188.6,0.0014599032,2111.0080627931475
1188.7,0.0015833387,1823.1327997804956
1188.8,0.00071742584,1890.601759520016
1188.9,2.7872617e-05,7766.74844187645
1189.0,1.6290183e-05,9262.171617510448
1189.1,1.2801789e-05,9623.136534435696
1189.2,1.0141084e-05,10084.40861077905
1189.3,1.0055695e-05,10127.749748842492
1189.4,5.2733118e-05,7795.0191248151295
1189.5,0.060284708,1709.1744785615738
1189.6,0.044931218,683.9401314108233
1189.7,0.010667037,3078.890093853645
1189.8,0.019506125,1881.1117216842285
1189.9,0.0022576742,2847.0857810116363
1190.0,0.005427151,1643.7548915921775
1190.1,0.009895767,2671.4066996205256
1190.2,0.009534529,1944.2258749784253
1190.3,0.0010475917,3023.5981963452496
1190.4,0.0077933376,2394.566101515501
1190.5,0.0001396601,6004.214438313972
1190.6,0.013427973,2788.330434972589
1190.7,0.009351051,2538.272668467841
1190.8,0.00024603092,7815.993242413997
1190.9,0.011066787,2198.020756551106
1191.0,0.017759364,1031.2665754943027
1191.1,0.008433182,2917.740795427766
1191.2,0.01048214,1653.4060438599192
1191.3,0.00670312,2155.609272232361
1191.4,0.0047179903,2532.9217200499675
1191.5,0.009619986,2085.3976314399138
1191.6,0.008986245,7843.249414208774
1191.7,0.016349122,9033.889846587379
1191.8,0.00850587,2367.5023541001137
1191.9,0.013210784,841.6868018837793
1192.0,0.004243661,1587.962080767555
1192.1,0.008425821,1691.6496663787484
1192.2,0.0005646268,4094.941992927625
1192.3,0.0049783066,3308.0324192143303
1192.4,0.0044946675,1608.8855500923935
1192.5,0.0013774543,1697.1035432920614
1192.6,2.479743e-05,8229.06829159919
1192.7,1.8359175e-05,8793.443604009024
1192.8,1.3868406e-05,9409.554022329146
1192.9,0.0120283505,2372.7947381934105
1193.0,0.01201756,2094.5937834128513
1193.1,0.0208993,9677.726649510536
1193.2,0.0028711564,3786.131959352187
1193.3,0.003329785,2058.0336973084272
1193.4,0.0052493177,541.2329430511895
1193.5,0.0044277217,2500.6453409474593
1193.6,0.010300116,7578.316796428411
1193.7,0.003348433,6133.161524760877
1193.8,0.0009830536,2006.6392516121646
1193.9,3.273541e-05,7562.591140253944
1194.0,2.0371277e-05,9234.666177956722
1194.1,0.0014210145,2994.506453544045
1194.2,1.076391e-05,10436.262390284634
1194.3,1.0586879e-05,10247.808680595977
1194.4,1.234699e-05,9690.49047973515
1194.5,1.2230022e-05,9943.352347642081
1194.6,0.013457781,2625.5821063634826
1194.7,0.02247732,2503.524992170872
1194.8,0.006571166,4464.030947315438
1194.9,0.002851817,5586.298775373822
1195.0,0.021844277,2040.9454770478574
1195.1,0.012353907,1356.336990517076
1195.2,0.015264891,2415.8648266073305
1195.3,0.010969989,2191.300378068089
1195.4,0.016084021,2401.8012159881505
1195.5,0.00013601297,8193.912072919393
1195.6,0.018718537,1386.0303183680703
1195.7,0.021957006,1168.0965032604684
1195.8,0.024706446,608.3826620335855
1195.9,0.019912656,1031.9770757154033
1196.0,0.020841906,1414.6970523780449
1196.1,0.007438502,2630.3309252328972
1196.2,0.016138883,1296.678111070554
1196.3,0.011689973,1936.6977695079813
1196.4,0.013776633,2289.925267932201
1196.5,0.013428064,1655.460437681257
1196.6,0.012951858,1591.1476832671317
1196.7,0.01604959,1005.0861506647325
1196.8,0.010658104,2765.5351271843174
1196.9,0.01276528,2483.0890131338992
1197.0,0.0006188606,3617.893041516576
1197.1,0.0008569974,4482.672675912464
1197.2,0.0013625897,4966.354209160867
1197.3,0.0009988281,4356.5427286355225
1197.4,3.5880465e-05,7764.984015231785
1197.5,1.6027563e-05,8985.314366350163
1197.6,0.00861398,2298.2804389223575
1197.7,0.007480795,2099.7156499064404
1197.8,0.012680948,2196.341457605685
1197.9,0.010554892,2080.815246126865
1198.0,0.0052464977,2239.087106476088
1198.1,2.9468481e-05,8192.938337113526
1198.2,1.407862e-05,9454.187633728438
1198.3,0.00029447785,9024.661993639173
1198.4,0.0076138815,1684.1805997666138
1198.5,0.0025017504,2645.5330913193275
1198.6,0.00012306288,4692.4613833545845
1198.7,3.3359596e-05,8081.722828100996
1198.8,1.0748892e-05,10203.206610566245
1198.9,1.0854613e-05,10148.338993600384
1199.0,1.0588046e-05,10201.39962359372
1199.1,1.0653657e-05,10102.85394594703
1199.2,0.001162073,4860.320289919291
1199.3,0.022825776,5660.446023567459
1199.4,0.043562572,2908.636883237383
1199.5,0.12397976,1643.5055686817457
1199.6,0.08592067,1581.1407242505663
1199.7,0.06783747,1673.9374260704847
1199.8,0.054190822,1754.5808968092692
1199.9,0.03835702,2171.4961242884983
1200.0,0.015378623,3780.947659378713
1200.1,0.002301158,2895.3096860833048
1200.2,4.0839095e-05,7715.667408343813
1200.3,0.0071781236,4968.848475496838
1200.4,0.011329774,3203.1695459314715
1200.5,0.0018151667,2430.467585069541
1200.6,2.5146173e-05,8000.083597879387
1200.7,1.05765685e-05,10149.435960227405
1200.8,1.076921e-05,10120.395116673562
1200.9,1.2620068e-05,9822.906605257162
1201.0,0.014335929,1383.2417660033796
1201.1,0.0025046268,8597.212132420289
1201.2,0.0020397252,2668.7784727974663
1201.3,0.005636836,2556.240290680197
1201.4,0.011787843,868.0682048626637
1201.5,0.0139818415,2231.942575600061
1201.6,0.008923302,1880.8981639127783
1201.7,0.010455517,905.9037313978082
1201.8,0.008060917,656.4545685970841
1201.9,0.0052813613,1702.7376337511969
1202.0,0.0027857462,9996.053488191084
1202.1,0.009596086,1351.3795452691327
1202.2,0.009719737,1168.6516563668736
1202.3,0.006907074,780.1101663530915
1202.4,0.004169762,1605.7176956864027
1202.5,0.0016058303,2757.9291939494788
1202.6,8.419276e-05,5430.238035964849
1202.7,1.6586937e-05,8665.384551535819
1202.8,1.0119919e-05,9948.930598297411
1202.9,1.0513157e-05,9642.969537641218
1203.0,0.0013141176,1894.7551249470553
1203.1,0.032352317,2294.8056574075067
1203.2,0.021630123,2848.2836811515995
1203.3,0.0038734796,3513.8031628091817
1203.4,0.00066496944,3298.782979802173
1203.5,0.00034669702,3309.1692587888397
1203.6,0.00012680361,3213.6959949263787
1203.7,1.732672e-05,8556.202026989282
1203.8,0.011973137,1055.2568904168081
1203.9,0.037182953,1899.7424604315759
1204.0,0.030718397,1599.6423032440603
1204.1,0.018436981,2441.500308621078
1204.2,0.02434768,3079.402329600374
1204.3,0.0009860737,2851.057108575495
1204.4,0.008794357,3147.3219293380416
1204.5,0.015659917,2371.9509304521757
1204.6,0.0020451823,6096.9937459349
1204.7,0.012786928,2785.8831198798352
1204.8,0.024799878,2474.585486531383
1204.9,0.027493954,2171.4897657388333
1205.0,0.019407704,2276.0026605891867
1205.1,0.0059401183,8269.766778132487
1205.2,0.014761922,1557.92075089943
1205.3,0.00035509616,3370.197862708159
1205.4,0.016340448,1993.867778370076
1205.5,0.019153073,949.7136010681464
1205.6,0.017378978,1969.3014048330863
1205.7,0.020591717,1866.4330011432185
1205.8,0.01863646,1515.115934770428
1205.9,0.013145925,3567.5484812562286
1206.0,0.00034202074,3615.527207263954
1206.1,0.0003400987,3452.9119555786488
1206.2,0.00012121736,4406.906587562926
1206.3,1.5567553e-05,8646.878867307478
1206.4,3.0467478e-05,8989.298459661895
1206.5,0.033416644,2020.2714467284893
1206.6,0.010963417,7133.4702418134475
1206.7,0.006867855,4051.4329939495374
1206.8,0.032302517,2134.124837645689
1206.9,0.01566893,1582.8115279930728
1207.0,0.0022969688,3771.365928372914
1207.1,0.029210307,1427.1402990749182
1207.2,0.031481277,1798.6992236825454
1207.3,0.0027524545,5183.2255480703125
1207.4,0.026798682,991.7413366749679
1207.5,0.011878143,2089.5271049035637
1207.6,0.010660724,2255.914537844883
1207.7,0.025380574,1161.0337983750615
1207.8,0.007029427,4806.174532418347
1207.9,0.008307465,1953.9068773936447
1208.0,0.00438759,6787.988118936413
1208.1,0.002634599,3861.4770032322635
1208.2,0.019776067,1648.7146549665886
1208.3,0.002206392,6241.411365345897
1208.4,0.0011795759,2236.2601745701318
1208.5,0.020044902,2554.8533480425126
1208.6,0.011679727,1823.3669437227259
1208.7,0.010310888,1792.4412868202803
1208.8,0.006394725,5393.528961653041
1208.9,0.015804294,1580.724367395368
1209.0,0.01572259,803.1630509458532
1209.1,0.023552315,1516.3236229195875
1209.2,0.024189366,1524.622439620081
1209.3,0.008737657,7698.774353391402
1209.4,0.0027904096,5682.255198850405
1209.5,0.008342962,3989.7736241118687
1209.6,8.402536e-05,7315.080605148538
1209.7,0.0101787215,3572.1965212572713
1209.8,0.009501846,2860.4816204782624
1209.9,0.0013152414,3486.9364896258453
1210.0,4.834852e-05,5877.682237359506
1210.1,2.5745096e-05,7076.249278323788
1210.2,1.77128e-05,7991.2089353441625
1210.3,1.6308657e-05,8581.316250432954
1210.4,1.8347399e-05,7499.34128543632
1210.5,8.262905e-05,6696.730938210378
1210.6,0.031149838,1987.1232829736189
1210.7,0.028372232,1751.948358005829
1210.8,0.02838933,1177.9990926942892
1210.9,0.013538852,1977.9069154894719
1211.0,0.017815322,2562.962844114207
1211.1,0.020979732,1486.1206598714948
1211.2,0.018217493,2879.147531826191
1211.3,0.0041163093,3292.621914570319
1211.4,0.02243324,1958.6769099456978
1211.5,0.022152906,1975.5716622846317
1211.6,0.018758412,1351.3671564732406
1211.7,0.014407117,1396.5160253194172
1211.8,0.021558044,1329.7004358908725
1211.9,0.0012169165,2349.259984432414
1212.0,0.018210867,2569.863466151201
1212.1,0.011964221,2641.1106932224266
1212.2,0.015457493,1769.6710209874668
1212.3,0.026593203,1039.8706345869516
1212.4,0.0146794235,1812.309041004185
1212.5,0.01727774,2528.478941155443
1212.6,0.006773227,2533.064914524105
1212.7,0.00047866936,3633.021273567322
1212.8,0.00027259564,3536.9082558043447
1212.9,3.640007e-05,6153.279215676692
1213.0,2.1721366e-05,9352.692543279254
1213.1,0.016931057,1677.7079199808616
1213.2,0.018799072,1560.701399929609
1213.3,0.0041145165,4983.186723129251
1213.4,4.693403e-05,8354.394101307069
1213.5,0.00881141,2894.0558507062938
1213.6,0.008212032,2772.65909666827
1213.7,0.006769355,2480.382910890188
1213.8,0.015815092,2119.2122531070777
1213.9,0.0055705565,1272.4088948394342
1214.0,2.061629e-05,8126.939882810742
1214.1,1.5212168e-05,9111.745298651858
1214.2,0.014657602,2130.9270580178422
1214.3,0.012354964,2332.8352426791143
1214.4,0.021121623,1233.6795993434514
1214.5,0.0008841858,2479.6082937692318
1214.6,0.012093659,2259.069846519828
1214.7,4.0728944e-05,7922.869403553461
1214.8,0.012517388,2872.0081850563133
1214.9,0.015896799,1882.0858916124828
1215.0,0.014329129,1832.8012485841516
1215.1,0.0071315346,10270.461996753596
1215.2,0.0107973395,2680.651763985936
1215.3,0.009913859,2434.2735887263
1215.4,0.0074073994,2713.989461238439
1215.5,0.0006928242,2884.034135889024
1215.6,1.7184955e-05,8789.150378954128
1215.7,1.0710781e-05,10274.817822801378
1215.8,1.0671459e-05,9668.91494191702
1215.9,1.0535705e-05,10072.535072842426
1216.0,0.0033806658,10400.092657747336
1216.1,0.0072592148,4436.523216572202
1216.2,0.008479895,2642.727363436131
1216.3,0.010541781,2277.8847878557317
1216.4,0.014760485,2568.53439309875
1216.5,0.01689289,757.3131152820501
1216.6,0.0049994993,1432.285364535355
1216.7,0.007838408,1901.4166378666832
1216.8,0.0043341,4924.672281135306
1216.9,0.00301346,9224.914692281625
1217.0,0.005479886,2809.623520743474
1217.1,0.013011253,1848.5876018440267
1217.2,0.015614496,736.4506268173743
1217.3,0.011131199,1179.9509105621166
1217.4,0.011523034,1178.951472494111
1217.5,0.0003560252,2910.973555494464
1217.6,0.004643727,2984.203629264862
1217.7,0.0109685045,1974.0724105535576
1217.8,0.00493383,2270.598538684259
1217.9,0.0010634159,1885.2134768499443
1218.0,0.004840934,2526.806005393388
1218.1,0.007624862,2166.35516446134
1218.2,0.0015566101,2469.1445432319047
1218.3,0.00010698708,3762.5021674421214
1218.4,2.5753647e-05,6844.90173360719
1218.5,1.1440828e-05,9634.959521759627
1218.6,0.00018756406,9092.14667293381
1218.7,0.0043936907,8498.133565236698
1218.8,0.0060203406,1188.1636265810735
1218.9,0.008868244,1890.1160731870236
1219.0,6.626915e-05,6937.046661604816
1219.1,0.0102155795,1903.4456138424748
1219.2,0.009773054,2085.29572276683
1219.3,0.0019753007,4111.794663829429
1219.4,0.012047101,1947.758256819613
1219.5,0.0134613775,747.8747951903719
1219.6,0.011632724,1358.9300534286463
1219.7,0.016731251,1102.4622011662516
1219.8,0.007726555,1931.901470948132
1219.9,0.003240524,4871.178645134543
1220.0,0.0062123826,4055.364855506041
1220.1,0.002625851,9039.204207647777
1220.2,0.0066952207,1664.2424287429287
1220.3,0.0025784366,4925.0678806963715
1220.4,0.005781025,1284.7649157158671
1220.5,0.0073266234,1395.212085926773
1220.6,0.0052222703,1409.7908999807407
1220.7,0.010621419,1095.9884205477745
1220.8,0.0030150015,8754.898761444994
1220.9,0.006275885,2750.580636241609
1221.0,0.00741554,2460.949075957706
1221.1,0.0060553607,1891.5136508787396
1221.2,0.0084360065,2224.181989966314
1221.3,0.0016769064,3007.176058636772
1221.4,1.9309628e-05,8195.872315772136
1221.5,1.2354743e-05,9370.176490729491
1221.6,1.1717222e-05,9464.24395253851
1221.7,1.3748769e-05,9715.272736283825
1221.8,0.019306133,2309.098680922483
1221.9,0.009146158,4130.341271967057
1222.0,0.020404955,2149.8667194987397
1222.1,0.019223627,2323.297348061521
1222.2,0.007910546,5672.441728145766
1222.3,0.0120150745,1470.2353376997885
1222.4,0.008721758,1664.3246984861248
1222.5,4.8455084e-05,7405.5518025841975
1222.6,1.3041821e-05,9391.863490977488
1222.7,0.008867553,2188.016444976771
1222.8,0.00094415346,2385.7505081811983
1222.9,0.019608017,2108.1511556151227
1223.0,0.023553958,1229.8100737432324
1223.1,0.0061984654,1036.1257577404008
1223.2,0.014085371,2807.0261763020144
1223.3,0.015402059,1838.6906117440271
1223.4,0.00096710137,2374.9420532130066
1223.5,7.881903e-05,4391.173405010846
1223.6,5.630351e-05,5313.103008139613
1223.7,2.2579783e-05,7315.837924814571
1223.8,0.023431154,839.9288992915889
1223.9,0.03404845,1362.2863398067893
1224.0,0.023252323,1567.2954167590444
1224.1,0.008723477,1187.6466817076134
1224.2,0.0064834603,5323.991571281311
1224.3,0.020356556,2211.314328053687
1224.4,0.02138186,1142.839267686947
1224.5,0.021128075,2107.110639048922
1224.6,0.027177265,1194.3451115879504
1224.7,0.027540287,2176.116114910474
1224.8,0.031072607,1576.5701852773723
1224.9,0.027063705,2330.8787161060773
1225.0,0.027498096,1612.236858185219
1225.1,0.021275437,2605.303758504515
1225.2,0.021777015,2192.287964389713
1225.3,0.01859814,1845.5885565649276
1225.4,0.019561341,2038.503685565651
1225.5,0.015694898,2114.940459720275
1225.6,0.014720399,3204.0135374277124
1225.7,0.015860943,2517.475430858754
1225.8,0.014460985,1961.8432673299098
1225.9,0.0035933321,8854.282412877214
1226.0,0.010695824,1954.1366507611551
1226.1,0.00404413,4518.695716616166
1226.2,0.009151812,2436.8483489529476
1226.3,0.009183029,2564.137856768388
1226.4,0.00013130743,5974.267782962266
1226.5,4.6637193e-05,6110.543653025736
1226.6,2.94897e-05,6873.510519305388
1226.7,1.4855704e-05,9197.491140039716
1226.8,1.10995425e-05,10091.377372153165
1226.9,1.1724053e-05,9600.256677432038
1227.0,1.191163e-05,9464.120519326734
1227.1,0.009282137,1328.3500307567679
1227.2,0.029914781,3142.6303886716523
1227.3,0.023837378,1398.6204389121435
1227.4,0.021252576,1982.7066730761694
1227.5,0.0093023665,1862.088431063016
1227.6,0.0060614482,1980.1933920701636
1227.7,0.008724362,10442.283500147305
1227.8,0.009292506,8991.642143801979
1227.9,0.026797207,2259.265015871566
1228.0,0.03464294,1001.2229438770753
1228.1,0.029578902,1784.1029972651481
1228.2,0.022813467,2511.5706362757546
1228.3,0.030661352,1639.359205719139
1228.4,0.030573482,1534.570136669057
1228.5,0.003159216,5334.196608192521
1228.6,0.023501873,874.896522040044
1228.7,0.010927789,3003.4909190486705
1228.8,0.01133207,3321.80961071605
1228.9,0.02478446,1034.4208501348216
1229.0,0.02119211,1039.0419741804124
1229.1,0.013071963,3143.2876462781032
1229.2,0.0031734623,5664.827213581275
1229.3,0.01916559,1957.6957163304749
1229.4,0.0053353193,8523.906044848914
1229.5,0.008851385,2388.1599773693656
1229.6,0.008512523,5238.644112676878
1229.7,0.008689325,8638.735308774185
1229.8,0.0019351834,7469.481357593566
1229.9,0.010196021,3061.220347116744
1230.0,0.0075857355,3851.2234982574855
1230.1,0.0019602764,3925.719742877961
1230.2,7.997725e-05,5721.999484858339
1230.3,0.010950338,2441.7309108907994
1230.4,0.020971598,1938.5657740113127
1230.5,0.01874933,2684.088064485255
1230.6,0.0127561735,2398.287248480854
1230.7,0.00017250805,5061.446069369121
1230.8,0.009336552,7901.611697673346
1230.9,0.0153096225,1938.9859934375809
1231.0,0.016538026,901.7290215611866
1231.1,0.012393463,2703.0806236244657
1231.2,0.006348499,7889.268667197282
1231.3,0.02290281,2206.5659786920733
1231.4,0.020071248,1022.6046284027867
1231.5,0.01654458,1886.2753406463967
1231.6,0.009178782,2642.4036765449378
1231.7,0.011016083,4207.401071794068
1231.8,0.0038633836,4122.13890694726
1231.9,0.00037125783,3881.883889230924
1232.0,1.7160279e-05,8549.068180825288
1232.1,2.343078e-05,7711.357695134534
1232.2,0.019704858,1143.5161779627542
1232.3,0.022501182,1810.5360331132454
1232.4,0.013202701,2069.0894367355154
1232.5,0.006638001,2166.859479978508
1232.6,4.9422124e-05,7890.664620206634
1232.7,0.01868237,3037.0035760294077
1232.8,0.019398887,2590.4493138021453
1232.9,0.011198534,2739.0379478687328
1233.0,0.027768036,1022.1747456970224
1233.1,0.00879853,1924.3267595228788
1233.2,0.010909325,3214.335376828222
1233.3,0.013572731,1325.8721007948036
1233.4,0.008927794,2094.57549684248
1233.5,0.00012760583,9406.534761164901
1233.6,0.0115714185,6172.546546488626
1233.7,0.005561703,6987.4528267126625
1233.8,0.01716632,1567.9738873799174
1233.9,0.0012239896,2545.740542259936
1234.0,0.015461922,2463.9946275082643
1234.1,0.0121709695,899.3420534312223
1234.2,0.0053406297,5620.688571487598
1234.3,0.001928749,4334.934586502914
1234.4,0.018645233,1535.986214352558
1234.5,0.016723083,2473.1505298259754
1234.6,0.0024737979,2759.088482513185
1234.7,0.0003232189,3319.8984413611633
1234.8,0.00013501129,3484.6348147811705
1234.9,2.9652321e-05,6560.292790801117
1235.0,0.009730266,2044.2191539504324
1235.1,0.0019401986,2933.777694694456
1235.2,0.017776903,2647.0871801858057
1235.3,0.022006657,1578.4092694421581
1235.4,0.022431048,1756.6942299705252
1235.5,0.017155949,1644.285051731288
1235.6,0.0110283075,9097.53103579228
1235.7,0.0058836443,6030.408862182013
1235.8,0.014139318,2730.6720733092548
1235.9,0.0006102911,3813.324556299687
1236.0,0.0021335236,5907.728103018254
1236.1,0.006810724,8936.992223166411
1236.2,0.0059892363,3898.274440795136
1236.3,0.012475146,2213.6951157044587
1236.4,0.011826714,2551.7354476598894
1236.5,0.00018183136,4467.985680516483
1236.6,2.029419e-05,8135.422577470694
1236.7,2.129622e-05,8499.875825833296
1236.8,1.5290108e-05,8960.423542246659
1236.9,1.1256776e-05,9768.13402698748
1237.0,1.2919366e-05,9767.325491380576
1237.1,0.009189672,10439.148747686262
1237.2,0.015661627,2786.4586716765907
1237.3,0.008349575,2100.2745042401275
1237.4,0.000104933366,5814.843878114026
1237.5,1.4841443e-05,9419.926795320565
1237.6,1.5342257e-05,8653.910167817186
1237.7,1.2219328e-05,9558.819607158062
1237.8,0.008627426,10016.631417919229
1237.9,0.02291278,2061.625637637429
1238.0,0.021555144,2155.2716305286053
1238.1,0.020282889,2173.672903793072
1238.2,0.029650453,1127.0751303517852
1238.3,0.004380616,4961.512644368593
1238.4,0.0044051944,3921.5079102108243
1238.5,0.0030583527,2654.4587188827686
1238.6,0.008436443,2417.4395936027804
1238.7,0.007555852,7466.094331648101
1238.8,0.00023112491,7236.526429300213
1238.9,0.0069471356,5058.498245094972
1239.0,0.00040810733,9179.68173862356
1239.1,0.004683658,4303.670387542348
1239.2,0.004966996,2622.3717388524637
1239.3,0.002202357,5840.144342867242
1239.4,0.0007797344,4013.4906109741155
1239.5,1.8364633e-05,8766.746447031095
1239.6,1.0469851e-05,10076.847334270456
1239.7,1.0749116e-05,9873.585036587134
1239.8,1.0300268e-05,9927.8177674201
1239.9,1.0123615e-05,9831.85066386924
1240.0,0.0024546273,5462.370502843337
1240.1,0.025308292,1412.6942215592871
1240.2,0.021532701,1919.5429317873281
1240.3,0.00017207593,6832.053943569222
1240.4,0.013961499,2140.184936438664
1240.5,0.0062092696,3253.6660696395747
1240.6,0.017271286,2839.5850384837845
1240.7,0.00036679066,5560.3172265740395
1240.8,0.016127763,2565.928347847983
1240.9,0.014795027,1450.6131321451096
1241.0,0.013895151,2575.900385527105
1241.1,0.0037912086,2797.1169883612915
1241.2,0.00047799226,3290.060782358359
1241.3,0.00016505958,4228.207721028948
1241.4,3.0658306e-05,6908.487489953052
1241.5,0.027451744,2579.486031511844
1241.6,0.025075022,1481.0685295297521
1241.7,0.030118141,1977.82301594764
1241.8,0.01147052,1948.9357655575784
1241.9,0.00023668539,6086.401078032868
1242.0,0.0040091407,5390.95556838571
1242.1,0.002117326,6850.104999237815
1242.2,0.0037947597,3829.04984536131
1242.3,0.017588561,2516.0926663699347
1242.4,0.0074841455,7499.997126506401
1242.5,0.0023391875,7274.338451981343
1242.6,0.015299867,2645.270726531545
1242.7,0.017612,2205.8372609081407
1242.8,0.015217807,2327.856414600857
1242.9,0.012206908,2815.0494111624357
1243.0,0.00045246157,3922.804611569005
1243.1,0.0003343368,3168.083026733577
1243.2,0.00020363473,2984.431447704138
1243.3,3.5138175e-05,5471.384467290916
1243.4,0.0103863105,10112.930331734806
1243.5,0.035823256,2491.571800821805
1243.6,0.021184146,9199.44769318109
1243.7,0.0110973865,8121.546281396618
1243.8,0.033366483,2144.91503035056
1243.9,0.021252537,2326.3379781722947
1244.0,0.004142723,4069.5830333999675
1244.1,0.010560362,3231.2317762832927
1244.2,0.014724351,2486.447717338834
1244.3,0.0028892807,4213.884692677018
1244.4,0.022040216,1823.6573986312046
1244.5,0.01907567,2872.580487412625
1244.6,0.012196096,2669.3425787538395
1244.7,0.01255727,10795.045208809715
1244.8,0.0038129548,6652.767062509691
1244.9,0.00011655927,5682.46290016105
1245.0,1.06704565e-05,10338.852026233635
1245.1,1.0634327e-05,10249.963767384452
1245.2,1.05772515e-05,10143.20042887143
1245.3,1.02919485e-05,10087.757902637177
1245.4,1.0447481e-05,10257.92776144761
1245.5,1.0353912e-05,10249.998567339288
1245.6,1.0622604e-05,10268.805902672677
1245.7,0.04027616,1491.8676088139773
1245.8,0.005859424,5179.906375654782
1245.9,0.026068695,1188.0778144195792
1246.0,0.02452065,1221.3796000707362
1246.1,0.015877375,2023.9573376113344
1246.2,0.007894347,3622.390202238114
1246.3,0.029626884,953.6023053132117
1246.4,0.014937819,1628.3677316181536
1246.5,6.389924e-05,8716.051878716768
1246.6,0.020298453,1929.5811719878718
1246.7,0.016463684,1467.0645102401043
1246.8,0.026974617,877.2957894029081
1246.9,0.026863914,1532.5154376078513
1247.0,0.023809949,1582.0757668390843
1247.1,0.01592335,2069.6500096588434
1247.2,0.0059220237,2102.327901304567
1247.3,0.00058048964,3371.7871092262035
1247.4,0.00031564062,3142.905910722184
1247.5,0.00010362709,3680.6398843306606
1247.6,0.0004707285,3635.835948655351
1247.7,0.010488385,3081.2523263290223
1247.8,0.02960867,2451.5774366669402
1247.9,0.03714501,1973.6872164590911
1248.0,0.030974066,1791.4137442922424
1248.1,0.028896349,2013.6359856809188
1248.2,0.0040358566,4401.500680624497
1248.3,0.018614775,2242.2778930791246
1248.4,0.013570205,2166.547346992151
1248.5,0.014332002,2757.4408912249773
1248.6,0.023818418,1115.3232000309454
1248.7,0.00452427,2447.507999763605
1248.8,0.0028157984,5979.439628446163
1248.9,0.023553161,2757.9834201175795
1249.0,0.022035228,1971.5366564509743
1249.1,0.021591784,1656.332157271078
1249.2,0.017002566,2226.9574660871986
1249.3,0.011535318,1955.4219601957493
1249.4,0.021290783,2272.1110912171357
1249.5,0.006758651,2441.4613518106353
1249.6,0.0006296758,3177.405879143798
1249.7,0.00028810103,2922.7167349875403
1249.8,7.5537115e-05,4105.140039146316
1249.9,1.5878468e-05,8684.218090469112
1250.0,0.025874317,3204.3191498515466
1250.1,3.24497e-05,8866.142413210437
1250.2,1.8463692e-05,9601.7120903846
1250.3,0.024863753,2390.2126656755586
1250.4,0.029345337,1860.2838817236898
1250.5,0.0010010726,10201.521602296043
1250.6,0.029032938,1595.8480268917278
1250.7,0.018973375,2653.583864635866
1250.8,0.014780892,9451.69284710203
1250.9,0.039230157,1912.9507255244953
1251.0,0.032668307,2087.4969436971733
1251.1,0.001001783,3331.593653098015
1251.2,0.023111777,2040.596839678733
1251.3,0.01323926,1068.1310698949196
1251.4,0.012672439,2717.1364840431243
1251.5,0.014197173,2719.5055484208033
1251.6,0.00013025006,8427.88291204739
1251.7,0.013838948,2429.4202943272285
1251.8,0.012175526,9256.402055226707
1251.9,0.008831124,2036.3579220775318
1252.0,0.017488278,2407.9956770461717
1252.1,0.008689776,2439.10908185291
1252.2,0.00013328997,4231.645577457319
1252.3,1.500471e-05,8854.745217926042
1252.4,1.1029017e-05,9672.373410889246
1252.5,7.723821e-05,8084.527754613888
1252.6,0.0042373324,2440.9420447727953
1252.7,0.013035344,2318.406127913285
1252.8,0.013262403,2534.3245258544202
1252.9,0.006574257,2576.8764702965486
1253.0,0.0009775118,3132.866530455066
1253.1,0.0020940623,3095.83816493057
1253.2,0.002209489,2939.7480655468316
1253.3,0.0007591586,2684.255941630595
1253.4,3.2197255e-05,6689.478028398149
1253.5,1.2045902e-05,9668.69908154979
1253.6,0.011058558,1418.0501118401107
1253.7,0.01593665,1525.7680627213967
1253.8,0.013260639,1270.8568858908393
1253.9,0.004824552,2357.9162312857743
1254.0,0.010807351,1144.8200524413105
1254.1,0.008869228,3197.2839207080224
1254.2,0.0035732067,8405.067724412133
1254.3,0.009437946,2132.9950393910726
1254.4,0.006441855,4803.253973311792
1254.5,0.0014519971,9068.696728609862
1254.6,0.0119199045,2070.19485813492
1254.7,0.013202887,1633.319813731957
1254.8,0.013805128,1621.72594243957
1254.9,0.010335535,1779.4278461856202
1255.0,0.013601429,1757.563473221246
1255.1,0.011138099,2029.3550098569742
1255.2,0.013558007,1723.9230473102075
1255.3,0.008582216,3245.656631832959
1255.4,0.00040719076,4061.426734518265
1255.5,0.00038531786,3632.370897853996
1255.6,5.1050312e-05,5331.894610733945
1255.7,4.060832e-05,6247.955634394079
1255.8,0.021844348,1091.5553216699516
1255.9,0.020355437,1209.7732691175088
1256.0,0.009257978,1355.0316934463299
1256.1,0.00918058,10684.369424141232
1256.2,0.01606023,2439.5793327236743
1256.3,0.015374822,1874.3287791195562
1256.4,0.0036489842,9413.311709889054
1256.5,0.0027547178,2725.138556525005
1256.6,0.023400126,570.9017313430074
1256.7,0.0070873974,906.1729409055297
1256.8,0.009044702,978.9273335138955
1256.9,0.0019543327,5847.291534394889
1257.0,0.01647543,2073.9032629061285
1257.1,0.002642073,8422.781762874725
1257.2,0.009315817,1404.8811304572325
1257.3,0.009410834,2191.276817537316
1257.4,2.837893e-05,8992.977496236776
1257.5,0.01699218,2170.432208418026
1257.6,0.013419352,1136.3982605912056
1257.7,0.0075260946,2962.2519988679724
1257.8,0.0026419333,9443.94726893109
1257.9,0.008274054,1955.6292708603178
1258.0,0.009320047,1605.0594809281952
1258.1,0.0033915236,2200.324047530726
1258.2,0.000121727455,3979.2091111363584
1258.3,2.0493611e-05,7827.988743842925
1258.4,1.897114e-05,8239.878302808302
1258.5,1.1189783e-05,9587.1430395243
1258.6,1.1345717e-05,9967.267411691533
1258.7,1.1279494e-05,9750.168866269836
1258.8,0.020949734,2140.522959049369
1258.9,0.012313797,1789.1901499922183
1259.0,0.009956803,2517.3702133485567
1259.1,0.00067763036,3672.417417762458
1259.2,0.0009604848,2802.645388169808
1259.3,5.0253948e-05,6400.584780682626
1259.4,1.40873135e-05,9413.003877272471
1259.5,0.007559068,4123.930895480988
1259.6,0.01264885,2333.079150822734
1259.7,0.017697735,1799.3889624790213
1259.8,0.0049481215,3257.2902078048105
1259.9,0.001884669,3237.4918841676435
1260.0,0.00128191,3443.2111307324953
1260.1,1.8069244e-05,9787.644298634446
1260.2,0.001998873,5483.96324251679
1260.3,0.027727531,1764.630130828451
1260.4,0.0020588653,5496.789849439922
1260.5,0.011102509,2229.2289499962662
1260.6,0.023700953,3310.9567809423015
1260.7,0.0069956146,8946.176815898687
1260.8,0.03130764,2239.9451382753637
1260.9,0.0049261637,9047.501772198762
1261.0,0.012650674,1794.1908409100563
1261.1,0.026652196,2014.8098035535584
1261.2,0.026012119,2279.4548863762398
1261.3,0.0029039648,3808.5404410141145
1261.4,0.033293426,2641.234170469179
1261.5,0.032453813,2864.8750598139177
1261.6,0.033992857,2872.447904329734
1261.7,0.033640068,3003.228031334971
1261.8,0.036888864,3228.7199477699796
1261.9,0.016215691,4198.749829954055
1262.0,0.012004141,3952.6718590298815
1262.1,0.016326578,3341.604656376561
1262.2,0.02212158,2189.927976126164
1262.3,0.003987615,2949.0069788607875
1262.4,0.023777416,1288.2201976868093
1262.5,0.014197472,1231.5258503872558
1262.6,0.01645411,1363.6302859071686
1262.7,0.01479863,1876.6261816425686
1262.8,0.001804787,6559.1293960515095
1262.9,0.019760186,657.7326712786473
1263.0,0.016304668,1410.0834540410006
1263.1,0.017158927,1223.657753531992
1263.2,0.0044893012,3886.1418945660243
1263.3,0.019672785,2478.519990922937
1263.4,0.001733013,4814.177053838315
1263.5,0.019445503,1724.7519426298506
1263.6,0.018400123,879.9653971918731
1263.7,0.009558621,684.9205318997033
1263.8,0.011199643,2588.0122606548184
1263.9,0.017543577,1584.3716306869064
1264.0,0.012502469,1730.8367931471837
1264.1,0.001465203,4179.16289364178
1264.2,0.00637869,2380.2952537632427
1264.3,2.7188564e-05,8022.491831509171
1264.4,0.01690334,2075.2283713082584
1264.5,0.007513731,5234.528917064714
1264.6,0.0018553038,9774.818254028696
1264.7,0.011315639,2618.6352936099847
1264.8,0.0051222644,2461.4721592390692
1264.9,0.00040063518,3996.5631054133187
1265.0,0.00024522535,3346.536020351912
1265.1,6.4672626e-05,4634.45756310702
1265.2,0.00029518714,12015.216502604255
1265.3,0.02024582,2221.955578897227
1265.4,0.015434187,1974.7812923526462
1265.5,0.008141613,10241.522305330906
1265.6,0.01052959,2897.269453086685
1265.7,0.01061308,987.7649582487863
1265.8,0.010478424,2439.008804805623
1265.9,0.00046056608,5089.964945306024
1266.0,0.0039356477,4326.068842848388
1266.1,0.023168802,1744.219087992467
1266.2,0.003083031,7761.469655785183
1266.3,0.002174528,5632.563417421394
1266.4,6.4847234e-05,9257.30190322744
1266.5,0.019438555,1991.7767356450493
1266.6,0.0036669683,2177.7795623263096
1266.7,0.007927342,1644.1486332351567
1266.8,0.0016576329,10973.342417250387
1266.9,0.012403424,2511.2589857979965
1267.0,5.3423362e-05,9150.750828463215
1267.1,0.0053957487,7851.289398628602
1267.2,0.016999042,1773.436929292382
1267.3,0.003159202,4170.251106735945
1267.4,0.0094626425,2697.1876812372966
1267.5,0.009928183,1195.027688607989
1267.6,0.0179855,944.6480111239648
1267.7,0.016896036,2215.239662788392
1267.8,0.0072548282,2757.576919268747
1267.9,0.01169886,1650.5597716722789
1268.0,0.0005622186,2799.1674847126633
1268.1,0.0070371036,1978.4612866576008
1268.2,0.007771771,1597.5235027593533
1268.3,0.0020708775,2481.9937709003348
1268.4,1.5225867e-05,9268.831364434565
1268.5,1.0222143e-05,10358.021364834705
1268.6,1.0480326e-05,10079.494289217828
1268.7,1.1389602e-05,10019.160112518157
1268.8,0.0035725425,5958.291928508917
1268.9,0.0031333293,5332.327609268405
1269.0,0.013170735,2635.010064506495
1269.1,9.336086e-05,7634.528856455382
1269.2,0.005038223,2904.8649919811805
1269.3,0.0035842634,2639.0207106691864
1269.4,0.0032793216,2630.928962710194
1269.5,0.006571126,2784.560194305783
1269.6,0.0073733516,4732.728544261325
1269.7,0.012437557,3225.505881280921
1269.8,0.014078178,2664.654429011419
1269.9,0.00151316,3604.7839674092847
1270.0,2.223354e-05,8500.914917996204
1270.1,1.1979848e-05,9811.96978899367
1270.2,0.0007051443,7035.194883661922
1270.3,0.02482733,2124.3957040299956
1270.4,0.017033778,2117.904082913897
1270.5,0.004177638,11231.880000441222
1270.6,0.007920308,2634.957919157697
1270.7,0.0009767112,5640.7077006312775
1270.8,0.01484687,2218.423354970282
1270.9,0.009425882,3046.5170430623307
1271.0,0.0047947066,3066.561906529808
1271.1,3.167545e-05,8931.402055445584
1271.2,0.0061398963,11026.857069054546
1271.3,0.014623144,2876.5529262172818
1271.4,0.027372926,907.3742253328811
1271.5,0.013251405,2276.3319933778307
1271.6,0.010183703,2573.0571079595875
1271.7,0.0010808004,3101.051423459333
1271.8,0.012860031,1997.7388983567498
1271.9,0.011990134,1997.9611238389894
1272.0,0.0066011758,1479.782346337986
1272.1,0.0021412785,4293.064949295049
1272.2,0.007486686,2101.0276447581446
1272.3,0.004915179,9678.27323000703
1272.4,0.004379313,5756.169441428871
1272.5,0.012086181,2507.401671987621
1272.6,0.012036476,2895.0242751998576
1272.7,0.0011982335,3136.876040909482
1272.8,2.2304586e-05,8322.29138340201
1272.9,1.4530855e-05,9264.83493208051
1273.0,0.0029650757,4503.209662631149
1273.1,0.016210673,2351.3491129330914
1273.2,0.0047912286,9754.056826704438
1273.3,0.012885255,1730.6364664096268
1273.4,0.010101094,2197.283541400863
1273.5,0.0030651062,10834.206934135766
1273.6,0.008323457,3088.4639060651234
1273.7,0.0022915322,6047.449008862499
1273.8,0.008096697,1545.8423241829291
1273.9,0.005269261,3818.893532477512
1274.0,0.0028578944,6109.139856364729
1274.1,0.00042575915,5399.005129229258
1274.2,0.020914076,9772.228389111782
1274.3,0.015347669,3076.510644507439
1274.4,0.027994892,2304.0580950954077
1274.5,0.015079006,2036.4100081669883
1274.6,0.021484368,7994.788498873129
1274.7,0.011632914,4644.2309219941335
1274.8,0.0793667,1030.192654547854
1274.9,0.05126849,838.763708563072
1275.0,0.04939139,1146.2678702078715
1275.1,0.027562436,9449.764849927718
1275.2,0.019480811,3630.045123546195
1275.3,0.054084286,922.3182332609254
1275.4,0.0277762,4393.021750057873
1275.5,0.006945226,3440.7653700597602
1275.6,0.033231318,1369.0684258464648
1275.7,0.0047484846,2221.9145057801643
1275.8,0.006200702,1494.838988519738
1275.9,0.0039585438,1651.0476778615314
1276.0,0.003070726,2003.8677733127079
1276.1,8.568474e-05,6200.390780892558
1276.2,0.017037982,3028.9779205886553
1276.3,0.122991756,1259.4598014364585
1276.4,0.015468705,5363.937640201941
1276.5,0.0121513875,2755.572878027978
1276.6,0.12454075,1375.1617925410605
1276.7,0.11828091,918.2045916322793
1276.8,0.12649441,910.0445251394019
1276.9,0.13317326,783.1709070083256
1277.0,0.11483784,972.6927291233312
1277.1,0.13836083,903.1362480689432
1277.2,0.030817091,1667.4197082820522
1277.3,0.034765612,1871.0265585002394
1277.4,0.03428573,1302.948159140538
1277.5,0.015860237,8492.153234220732
1277.6,0.0115299625,6703.744610264695
1277.7,0.04228272,1659.6847459712787
1277.8,0.014032645,8761.808516031808
1277.9,0.02242451,1828.4048235038802
1278.0,7.02449e-05,7692.071925253817
1278.1,0.007232747,2542.823975642317
1278.2,0.0019884012,3390.448345532317
1278.3,2.24204e-05,8525.208765879459
1278.4,0.007291059,2696.6302663264983
1278.5,7.616077e-05,5055.663556300779
1278.6,0.0015519577,4073.172105427583
1278.7,0.0670171,1900.9052668659242
1278.8,0.07109861,1358.519550625817
1278.9,0.0046058604,2411.2438796388756
1279.0,0.07093444,1070.3907515614733
1279.1,0.0036798378,3995.824919264727
1279.2,0.04866102,1363.8041119570316
1279.3,3.8689457e-05,7658.733492466831
1279.4,0.028941564,1666.6083599706765
1279.5,0.07254238,882.7441434652632
1279.6,0.0066039516,8168.647950589734
1279.7,0.021483628,1838.37102930124
1279.8,0.03246858,1141.243770052756
1279.9,0.039618034,1123.1656858546205
1280.0,0.0198468,1160.997753001757
1280.1,0.011411711,734.5429249618495
1280.2,0.007821884,3844.5040859169535
1280.3,0.04486536,1722.91031434076
1280.4,0.00025106702,9880.256975655375
1280.5,0.056686573,938.409509400084
1280.6,0.11022044,646.0897724861502
1280.7,0.07254291,1185.057475638329
1280.8,0.024537157,2442.1662811114097
1280.9,0.015426739,1800.1657249322607
1281.0,0.036492378,700.1610497484793
1281.1,0.034686513,849.9860670411763
1281.2,0.041262083,1080.424447877686
1281.3,0.05692399,961.9790720646616
1281.4,0.069099605,740.1815005725115
1281.5,0.07665704,862.2918377988452
1281.6,0.004432542,4804.520808656384
1281.7,1.0462799e-05,9906.413181050062
1281.8,0.03732525,1656.0733096804765
1281.9,0.042970408,1182.990998763508
1282.0,0.08496935,1010.1213984111486
1282.1,0.04490642,1431.6255808447331
1282.2,0.03523703,1003.1659136831192
1282.3,8.7239554e-05,9144.158658689863
1282.4,0.034793183,1738.6829685191956
1282.5,0.04258347,1687.2950008201674
1282.6,0.057949193,1417.2216718284649
1282.7,0.034356777,1285.7013882326132
1282.8,0.015400186,1574.0794086050644
1282.9,0.0023470654,2020.3301866646011
1283.0,6.917549e-05,5267.12375615953
1283.1,1.0645662e-05,9956.540387056619
1283.2,1.0304013e-05,10095.100591851786
1283.3,1.029482e-05,9871.740699728358
1283.4,1.1585328e-05,9864.226240471959
1283.5,0.025442494,10258.720933325443
1283.6,0.031784754,1673.1406268492783
1283.7,0.020077802,1648.541702451558
1283.8,0.018446336,8254.878071036323
1283.9,0.0182514,8269.064138832013
1284.0,0.004451851,3539.5996083374816
1284.1,0.003054359,2768.667639732028
1284.2,0.00014966597,4948.728952089765
1284.3,1.7968172e-05,8707.398168543601
1284.4,1.0332784e-05,9884.954050588403
1284.5,1.5197839e-05,9152.388593859221
1284.6,1.1744811e-05,9521.70438232389
1284.7,0.007525803,9746.16093948844
1284.8,0.029434882,2503.1319893531736
1284.9,0.036401514,1618.9668494503312
1285.0,0.021876745,1238.2821700776426
1285.1,0.015114352,2779.6649608783564
1285.2,0.006583443,9206.661335204612
1285.3,0.009746551,2545.4261537400885
1285.4,0.001611819,4959.052584429359
1285.5,0.012628113,2492.573553979829
1285.6,0.000107880056,5962.366017103255
1285.7,1.0311972e-05,10339.347729921998
1285.8,1.0344954e-05,9938.940243363597
1285.9,1.0369295e-05,10212.257358707006
1286.0,1.0482242e-05,10004.671147800562
1286.1,0.011982622,4078.951622212261
1286.2,0.023216061,2411.167305484657
1286.3,0.019611055,2084.3742673147435
1286.4,0.022587143,1274.954123775298
1286.5,0.021839878,1537.0773800084046
1286.6,0.022879714,1231.70228965771
1286.7,0.009631096,3066.561525976539
1286.8,0.0018564226,8569.163984070186
1286.9,0.011140417,2524.3995028179356
1287.0,0.00056134496,8135.320410364901
1287.1,0.017781494,2463.148760020506
1287.2,0.00493473,7354.660778726571
1287.3,0.002646688,6914.300534498623
1287.4,0.00090774224,6894.415496470144
1287.5,0.0039744116,7472.471739922274
1287.6,0.012169325,2386.58256807334
1287.7,0.016292479,1896.7728003650614
1287.8,0.012462424,1695.470983477741
1287.9,0.006053174,2836.9792209717275
1288.0,0.0063763997,2722.693305539562
1288.1,0.0004434086,4293.924122507706
1288.2,2.729565e-05,7374.474908997519
1288.3,1.16169895e-05,9371.43988139175
1288.4,1.1370468e-05,9683.007397891997
1288.5,0.00025405,2696.8732470433615
1288.6,0.003504935,2874.5414941683266
1288.7,0.09043438,1115.4181737358426
1288.8,0.07118223,1502.4234055421039
1288.9,0.051104784,1443.4645472167058
1289.0,0.008359921,1286.554361703733
1289.1,0.0005032578,3306.1354394903
1289.2,0.0052012764,3552.9808389071623
1289.3,0.03640713,1432.374302569986
1289.4,0.012098758,1448.1702344849145
1289.5,0.007954959,7065.361868169401
1289.6,0.009204583,3791.4113714811647
1289.7,0.01295651,1852.323283807088
1289.8,0.0054194834,4656.300434376106
1289.9,0.002709992,3043.1210204067074
1290.0,0.013428712,1773.8327602371353
1290.1,0.008431001,1986.121353750951
1290.2,0.013570998,1449.2037933655301
1290.3,0.0012239859,4271.266934111448
1290.4,0.011104152,2292.350435878497
1290.5,0.0024392363,3084.6816631225984
1290.6,2.6021486e-05,7883.214068328446
1290.7,1.33561725e-05,9436.157272186705
1290.8,1.2089796e-05,9568.711202484232
1290.9,1.2262866e-05,9392.708540080379
1291.0,1.1886902e-05,9763.108767135323
1291.1,0.0016255551,5543.868513702264
1291.2,0.016760038,2529.8224381234922
1291.3,0.0104970755,2625.95200553427
1291.4,0.009794229,1786.3299972347231
1291.5,0.0019267523,1782.6629087032684
1291.6,0.0011490976,3195.9097764867884
1291.7,0.0008422779,3809.441968246571
1291.8,0.0013812112,3863.5415098370386
1291.9,4.868965e-05,6921.58736380418
1292.0,1.5608135e-05,8932.960978156203
1292.1,1.2309228e-05,9475.196025773832
1292.2,1.1793988e-05,9775.656723962607
1292.3,1.1820346e-05,9852.80245670959
1292.4,0.0025995276,7484.323035022937
1292.5,0.015930561,2605.445005915344
1292.6,0.01644355,3451.5799036749668
1292.7,0.009601594,3682.1780688454396
1292.8,0.001393346,6413.928282111355
1292.9,0.012055119,2039.7318497956421
1293.0,5.745127e-05,7957.593586649149
1293.1,0.013447425,2464.129321609763
1293.2,0.014886066,1370.2445571169055
1293.3,0.0154484585,2190.762525864392
1293.4,0.016006757,1934.6990416256658
1293.5,0.0048895194,1624.1629183353532
1293.6,0.0017865752,4702.310808658245
1293.7,0.008218999,2735.2115969120173
1293.8,0.00955964,2256.8636030583016
1293.9,2.5022424e-05,8682.38053970915
1294.0,0.007226921,2071.142639815504
1294.1,0.008062566,1468.9512558867464
1294.2,0.007756647,919.6846986649948
1294.3,0.0043888544,1820.1908994529613
1294.4,0.004528365,2063.560050774421
1294.5,0.0001503846,6051.550155289877
1294.6,0.0037380303,1398.6384861006577
1294.7,0.00428114,895.3048859952355
1294.8,0.004113444,847.6013004114855
1294.9,0.002485324,2140.730575109448
1295.0,0.0009969529,2958.2254665764785
1295.1,1.2845823e-05,9868.15339400865
1295.2,1.0337077e-05,10166.946569527812
1295.3,1.0450915e-05,10111.589900239664
1295.4,1.1185739e-05,10083.884387067328
1295.5,0.00061192043,8249.767287659555
1295.6,0.010269355,2955.637517911464
1295.7,0.01912095,2587.2663982712857
1295.8,0.0100556165,2964.040399815824
1295.9,0.005769001,9988.762864980015
1296.0,0.008306188,5438.563166665718
1296.1,0.019907216,1949.799108182132
1296.2,0.01525453,1727.7531769180491
1296.3,0.0130231865,1753.3848937664088
1296.4,0.009211002,2536.117010893344
1296.5,3.148628e-05,8547.652568322124
1296.6,0.0041951793,8463.450907438826
1296.7,0.00020049488,10675.310293898365
1296.8,0.0029761507,6946.867354062339
1296.9,0.007900255,1411.579266960919
1297.0,0.0062199156,2718.2594992051772
1297.1,0.000105924104,6702.525142452114
1297.2,0.0014691429,4231.3112404428775
1297.3,0.007522011,1752.0534679174223
1297.4,0.003416626,1664.5130918135594
1297.5,0.00180258,4607.371701800619
1297.6,0.0016841544,2758.0898604057693
1297.7,0.00023634038,5861.670646484515
1297.8,1.1798499e-05,9538.224480439323
1297.9,0.00020001583,4256.048740548955
1298.0,2.622767e-05,8311.188461154292
1298.1,1.1876249e-05,9638.861181396376
1298.2,1.0336123e-05,9964.996412734774
1298.3,1.0044704e-05,9869.851485192052
1298.4,1.0347615e-05,9866.754529502337
1298.5,1.008866e-05,9999.961530310942
1298.6,9.991003e-06,10081.828033179445
1298.7,0.005821441,6711.007854663829
1298.8,0.04807117,3358.3722098378767
1298.9,0.034874823,2161.717828472001
1299.0,0.015503521,9320.746985563044
1299.1,0.007417973,1337.6883529789122
1299.2,0.021377815,1956.8166870745072
1299.3,0.002081989,5991.292956375556
1299.4,0.03403613,1202.0325663996473
1299.5,0.03823655,1276.2790494278322
1299.6,0.00094968197,5046.005678035468
1299.7,0.015055488,3788.5406010965735
1299.8,0.02423514,1891.3887006847517
1299.9,0.0032013773,4299.778697429585
1300.0,0.013913402,9427.298497676002
1300.1,0.016211448,7222.352442563681
1300.2,0.001044966,4921.268129543467
1300.3,0.020450765,2862.2492553625166
1300.4,0.023287764,2880.2210652384165
1300.5,0.015184032,2650.925910683057
1300.6,0.00087282405,2919.365765934692
1300.7,3.2562082e-05,7565.722296865635
1300.8,1.1056904e-05,10383.928660939046
1300.9,1.0578117e-05,10148.257652745457
1301.0,1.1748835e-05,10193.058098156818
1301.1,0.00071033003,2347.5411962170992
1301.2,0.035501327,2405.120117987256
1301.3,0.025675002,2733.9748705989505
1301.4,0.028034933,1255.0533013743498
1301.5,0.019873466,2211.321971474207
1301.6,0.0016940881,6766.44807222362
1301.7,0.020327779,2345.1719269744044
1301.8,0.021038193,2081.3938512290288
1301.9,0.027137134,1802.709775296268
1302.0,0.032842387,968.5195066045189
1302.1,0.02850549,1700.7335452468237
1302.2,0.003783647,7994.55216199883
1302.3,0.010948689,2583.8891020947663
1302.4,0.005726267,9870.026440476591
1302.5,0.01316876,2936.910820009479
1302.6,0.003415665,7946.709865477578
1302.7,0.01860658,2355.651006642239
1302.8,0.0070805186,9646.611483270575
1302.9,0.010290555,1444.8620020730523
1303.0,0.007093762,3270.6416337605815
1303.1,0.011966012,2866.4257721167864
1303.2,0.00022105058,5710.152822021563
1303.3,8.722733e-05,4076.0930199663453
1303.4,7.276805e-05,4419.688669636735
1303.5,3.3166714e-05,6648.619663901282
1303.6,1.4048802e-05,9295.070314395285
1303.7,0.0072544706,5028.098014838219
1303.8,0.027964782,2308.3677907453252
1303.9,0.008057922,1618.6516428765397
1304.0,0.022583073,1982.063177606444
1304.1,0.03072806,1351.6609722478488
1304.2,0.03333519,1175.3764314406537
1304.3,0.036064517,1993.3216789205644
1304.4,0.04462902,1007.5035201142094
1304.5,0.02425616,2521.0345192785217
1304.6,0.013166594,10102.466820040461
1304.7,0.0062284446,4727.989472433052
1304.8,0.003465331,5956.748845307265
1304.9,0.02547984,1467.0954421271404
1305.0,0.022108376,1934.4301070889055
1305.1,0.004040015,5649.448230166497
1305.2,0.01794212,1038.011123722415
1305.3,0.016287375,2235.843230116071
1305.4,0.0210352,2540.174306160903
1305.5,0.015013718,8341.66320370254
1305.6,0.002438987,6723.988986078039
1305.7,0.010057574,3727.911645725144
1305.8,4.321568e-05,9129.605297618102
1305.9,0.002704352,4904.442854075252
1306.0,0.000195463,4358.67677598513
1306.1,2.583756e-05,8113.388704492635
1306.2,0.008342558,9989.30352917052
1306.3,0.026359545,1995.2178598141245
1306.4,0.033534124,1274.8416045468691
1306.5,0.02612331,2554.457736807097
1306.6,0.007113889,10546.160322971009
1306.7,0.019067453,2014.8226140913434
1306.8,0.023456713,2484.542189716685
1306.9,0.016725209,3994.1317790584103
1307.0,0.006036872,4049.9938329912156
1307.1,0.013430491,1696.5138149531917
1307.2,0.01699849,1796.9958190034556
1307.3,0.028285818,750.7120184805519
1307.4,0.016568072,2440.6783137440593
1307.5,0.022242248,1417.672107048541
1307.6,0.009071142,8997.769709875924
1307.7,4.2252486e-05,9944.511691630913
1307.8,0.024723368,2638.587649487089
1307.9,0.003134732,3603.295075736339
1308.0,0.000353939,3649.664051034242
1308.1,0.00013473003,3337.5738050946156
1308.2,4.902944e-05,5403.902898375692
1308.3,0.0027338192,11630.40468232661
1308.4,0.040728208,2184.985979937992
1308.5,0.033474497,1825.7113426006479
1308.6,0.019084359,9641.917918599716
1308.7,0.04205432,1925.6989390677102
1308.8,0.0256244,874.5388002788445
1308.9,0.027091237,1539.6806392234814
1309.0,0.0060662283,6491.70336767859
1309.1,0.0032525945,6810.273298341116
1309.2,0.0026447405,2907.868645702869
1309.3,0.014806624,1418.0833545165951
1309.4,0.030845083,1892.9993579650145
1309.5,0.0019977745,10340.484957988203
1309.6,0.024793323,1740.7402744295255
1309.7,4.2504893e-05,8519.243130283758
1309.8,0.011590862,7710.959979231111
1309.9,0.02762839,1440.9069515130204
1310.0,0.030420898,1319.8817370836448
1310.1,0.012656091,1557.1750066764357
1310.2,0.004944464,6329.846707125835
1310.3,0.0061723664,9432.829791864235
1310.4,0.022282938,2846.288818016009
1310.5,0.02385967,1112.6886696479064
1310.6,0.023456343,2847.984993413733
1310.7,0.019561147,2698.974056239149
1310.8,3.5480254e-05,8261.222699179334
1310.9,0.017135262,2668.7228554450244
1311.0,0.00064863294,3134.54274080583
1311.1,6.82338e-05,4971.4107726059965
1311.2,0.008660558,3258.9889580042845
1311.3,0.0004907129,4135.961423892907
1311.4,0.018690424,3471.75072891861
1311.5,0.019749101,4312.571960724485
1311.6,0.034444753,1450.0433798691151
1311.7,0.022015188,1942.6196492336721
1311.8,0.012907004,1208.7922401851383
1311.9,0.015766343,2222.7979453646076
1312.0,0.028622042,2274.120622737561
1312.1,0.014581085,3713.5706502399566
1312.2,0.01843456,2036.1835563064471
1312.3,0.011646067,2507.1467521681193
1312.4,0.0065836012,2223.1280837007816
1312.5,0.010198271,2005.8073515239407
1312.6,0.013766411,2572.4986607038904
1312.7,0.020324353,2389.966440663678
1312.8,0.019569855,2215.502926017084
1312.9,0.022860378,2427.225857756607
1313.0,0.0012507519,3461.3291846458587
1313.1,1.0308227e-05,10000.526144490646
1313.2,1.0093022e-05,9860.392436601855
1313.3,1.0223541e-05,10071.356505464317
1313.4,1.0233122e-05,10013.947876101136
1313.5,0.014895656,5532.034774790124
1313.6,0.037394255,1798.8959459447794
1313.7,0.0138111515,9008.085232769208
1313.8,0.019057626,2968.259090483661
1313.9,0.02991336,2195.6675844402516
1314.0,0.030365583,1626.0925639822713
1314.1,0.00069898076,4984.143444003494
1314.2,0.009018693,10753.174978153304
1314.3,0.0033162385,4559.852715206954
1314.4,0.033892736,1001.7138789047543
1314.5,0.018485174,1340.3046725031884
1314.6,0.019757831,2692.34250589387
1314.7,0.019708514,2511.327239035082
1314.8,0.008830956,1277.651910960391
1314.9,0.023640081,2368.5422823597223
1315.0,0.022121597,1341.0660962157249
1315.1,0.005481522,3433.2503483453784
1315.2,0.01353269,2258.319053560171
1315.3,0.0004077358,3317.557815014519
1315.4,0.00040394758,3259.363613475817
1315.5,0.00020389784,3091.089276639149
1315.6,5.182359e-05,5067.10915501473
1315.7,1.6625745e-05,8435.272598597601
1315.8,0.036766373,2080.2530151101773
1315.9,0.023207584,2582.010730471012
1316.0,0.0017838615,7357.768820884054
1316.1,0.018452954,1679.0503722504384
1316.2,0.021852791,1607.064398004738
1316.3,0.011885943,8580.792598527269
1316.4,0.028772423,1649.0499730517065
1316.5,0.02779106,1672.7419371524581
1316.6,0.030528018,1553.2648010342346
1316.7,0.00090671994,2462.6809768112
1316.8,0.018578399,2653.598842272928
1316.9,0.012909493,2606.773220074252
1317.0,0.010312417,2217.010575039837
1317.1,0.0059479782,8389.99983988197
1317.2,0.01665338,2776.4931666452994
1317.3,0.013911228,2862.900209049766
1317.4,3.4585446e-05,8663.172751759103
1317.5,0.0020300017,4009.1887107082493
1317.6,3.9155588e-05,6928.9576499924315
1317.7,1.1600328e-05,9923.025664884697
1317.8,0.010198533,8660.917821771585
1317.9,0.008355261,4593.94460511184
1318.0,4.065355e-05,8449.593829767506
1318.1,0.016940633,7952.342486520656
1318.2,0.021429501,2488.8859289320326
1318.3,5.620497e-05,8121.5709612164555
1318.4,0.023282941,2347.22882457832
1318.5,0.011459679,1400.9079088207745
1318.6,0.022202097,2112.496824507886
1318.7,0.00021069458,7488.044079830625
1318.8,0.0259693,1628.7138305710268
1318.9,0.025853584,1784.2351818729726
1319.0,0.019071314,2151.607308901896
1319.1,0.017328504,1436.406521509724
1319.2,0.021374036,2466.9064386453424
1319.3,0.014992248,2747.6900443799336
1319.4,5.5192748e-05,8249.382657983173
1319.5,2.4616806e-05,7611.423160692438
1319.6,1.20200475e-05,10079.22721524856
1319.7,1.018272e-05,10149.79984978618
1319.8,1.47675555e-05,8670.47480836191
1319.9,0.029364154,2266.3704190140807
1320.0,0.004995425,3597.187082034701
1320.1,0.027786948,2793.7157108384986
1320.2,0.11519304,1283.3182007182031
1320.3,0.1713497,1500.4684941118971
1320.4,0.14481719,1224.647849044638
1320.5,0.09055108,3075.7733531669523
1320.6,0.02906648,4867.613637947772
1320.7,0.059133828,3335.6289360531005
1320.8,4.8931466e-05,7626.088754014974
1320.9,0.00019159481,9488.659887138167
1321.0,0.040903352,4750.664166930647
1321.1,0.07690886,1336.641943924968
1321.2,0.040310852,1355.1530878133808
1321.3,0.010922338,1619.359230730527
1321.4,0.00049049035,2801.5284259173686
1321.5,1.351342e-05,9513.466888647723
1321.6,1.0147043e-05,10210.732934403346
1321.7,1.19319075e-05,9949.783613219122
1321.8,0.016834194,2687.9855034551174
1321.9,0.0009480719,4686.855605877969
1322.0,0.021000318,2212.055978330444
1322.1,0.011327031,2370.5873772143204
1322.2,0.008637421,2502.525509287372
1322.3,0.009997522,2390.2872636423535
1322.4,0.0008205313,4276.3449246622895
1322.5,0.021249926,4551.556293519487
1322.6,0.0070048147,2854.939043950237
1322.7,1.1067729e-05,10532.060505427544
1322.8,1.0429491e-05,10408.987638681148
1322.9,0.02960487,6492.841752813887
1323.0,0.017960299,1936.2861833137854
1323.1,0.01594158,1580.652170924296
1323.2,0.011754246,1454.5334201892404
1323.3,0.0028411604,1569.6283721673083
1323.4,3.3031887e-05,6990.689064933031
1323.5,1.0158784e-05,10003.423663422354
1323.6,1.0387907e-05,9986.92041569268
1323.7,1.507362e-05,9110.606017006652
1323.8,0.004503715,8059.916835708195
1323.9,0.016925596,2053.809923934864
1324.0,0.0126265995,2040.5216187156007
1324.1,0.0020723557,2224.670754603946
1324.2,0.0020395883,8515.719958423471
1324.3,0.0034694602,7574.5116776671075
1324.4,0.0045720553,4480.575794795442
1324.5,0.012338917,1454.558271910545
1324.6,0.0006311568,2162.269200763807
1324.7,0.0012284286,2361.039488745462
1324.8,0.0045785345,1671.6895806267967
1324.9,3.949809e-05,6883.350300420888
1325.0,0.0022459147,4083.7283932108144
1325.1,0.0011375037,4100.818780308759
1325.2,3.232122e-05,7908.659016483491
1325.3,4.4655484e-05,9665.407247030711
1325.4,0.0044363723,4572.95574563976
1325.5,0.002254758,2375.4560987483746
1325.6,0.0018136726,2092.804285050851
1325.7,0.0013421752,1948.894745369856
1325.8,0.00020239405,3153.359624817327
1325.9,4.3646935e-05,6245.126272240612
1326.0,1.4540541e-05,8957.82963213982
1326.1,0.0011230217,9825.517971680463
1326.2,0.0149669545,3597.529798561867
1326.3,0.028088486,1063.199661841079
1326.4,0.01989157,2204.112083175729
1326.5,0.0054153185,11209.200882851295
1326.6,0.016218526,2755.275056217948
1326.7,0.022312477,3255.6462785120984
1326.8,0.0016010556,6553.6486786820715
1326.9,0.02273793,1765.2801791003726
1327.0,0.018567739,2081.832833677974
1327.1,0.010571325,2318.31580084434
1327.2,0.010745542,1560.8603129761836
1327.3,0.013745691,3973.5597110127765
1327.4,0.009485286,5953.424751431399
1327.5,0.0030032345,2404.52624390574
1327.6,2.2284234e-05,9502.81495256505
1327.7,0.0116814785,2471.2132449465144
1327.8,0.0010089014,2273.0985301710652
1327.9,1.8472661e-05,9086.448032809703
1328.0,1.4325476e-05,9490.457958566933
1328.1,1.3145738e-05,9357.076395458329
1328.2,1.2738363e-05,9206.30559157029
1328.3,0.0033921252,2476.4117668764266
1328.4,0.022346789,1243.5416578708011
1328.5,0.01409778,1369.6186996083934
1328.6,0.0013501724,5803.907918017102
1328.7,0.020512063,684.4749284485332
1328.8,0.014851468,1596.8369479194812
1328.9,0.002343642,4848.482633241738
1329.0,0.013053669,2282.4952793636967
1329.1,0.0016587634,1916.608642273927
1329.2,0.014936347,1791.6455360437408
1329.3,0.01697501,657.7537716058237
1329.4,0.011457314,1608.3103115357505
1329.5,0.016092293,1060.8558734353967
1329.6,0.015936276,1601.5037174169934
1329.7,0.015360318,1898.0399142215201
1329.8,0.0062035806,3533.966025743053
1329.9,0.010998914,933.8250362602782
1330.0,0.013413812,2107.7139354418505
1330.1,0.00016987509,7273.28610548848
1330.2,1.5552776e-05,9365.03880968809
1330.3,0.0096307285,2345.7013877393265
1330.4,0.008783406,2222.601389350506
1330.5,0.0027561001,2410.3585143414493
1330.6,0.00050776114,3506.9850685121573
1330.7,0.00079082575,3348.07712349716
1330.8,0.0006638614,3874.1029385749625
1330.9,0.0004589053,3381.632325196463
1331.0,0.00018749663,3340.919848659229
1331.1,1.6919053e-05,8036.742575144333
1331.2,0.006907259,2452.6361703913453
1331.3,0.012171136,2359.694178778278
1331.4,0.017851107,2306.5157476464947
1331.5,0.0006434425,5565.726342920694
1331.6,0.017458104,2350.4445345892336
1331.7,0.007624959,1992.1819567258478
1331.8,0.0012533865,3720.5599827389997
1331.9,0.0089018615,3491.684166079417
1332.0,0.019532152,2080.164356849903
1332.1,0.0075255292,9342.416117516923
1332.2,0.0075466363,9310.143837680313
1332.3,0.020993983,1978.7140093283242
1332.4,0.020192344,1727.0789934880072
1332.5,0.017655604,1017.7665291058444
1332.6,0.0056268023,1897.397307825558
1332.7,0.0034180398,4909.89513213644
1332.8,0.00092115224,3808.471591614817
1332.9,0.016504595,2065.450420519889
1333.0,0.01721051,1636.4688100023293
1333.1,0.0052462756,3917.8095355947967
1333.2,0.0043508657,3123.1156327510166
1333.3,0.002546956,5304.466981271525
1333.4,0.0010282332,3728.1336829751135
1333.5,2.548947e-05,7826.398854311456
1333.6,1.5452624e-05,8628.087198024445
1333.7,1.2151416e-05,9614.348711606674
1333.8,0.014817651,4051.051252510684
1333.9,0.009055972,4083.3365599801605
1334.0,0.01586335,2201.829016182361
1334.1,0.008123895,1367.700968148942
1334.2,2.4726643e-05,8056.463995365108
1334.3,1.603313e-05,9010.319036213243
1334.4,0.0048084375,4239.821193307094
1334.5,0.005010214,3714.094062779597
1334.6,0.0020624215,4109.1979504859755
1334.7,0.0009541653,4183.130793513159
1334.8,0.00042320322,3093.371215895466
1334.9,8.404822e-05,5259.439802142454
1335.0,0.0127286045,2270.6526499951988
1335.1,0.051737342,2486.760912914306
1335.2,0.020852044,2146.578940677776
1335.3,0.0051390203,6215.53801973405
1335.4,0.024852792,3112.6664341609944
1335.5,0.00053114677,4039.988140858364
1335.6,0.02902238,2849.292289406692
1335.7,0.005300774,1988.2245474968931
1335.8,0.026655924,2763.45434419001
1335.9,0.032749303,970.8213120774824
1336.0,0.02294984,2084.667937246966
1336.1,0.012753981,3693.156951394789
1336.2,0.0036581075,5439.936254886103
1336.3,0.04131582,933.5540033225165
1336.4,0.024700696,1913.9053602864826
1336.5,0.029671397,2296.073190273576
1336.6,4.1676605e-05,8082.121795908657
1336.7,0.021947188,2915.5160687481125
1336.8,0.014509081,1272.9068712419134
1336.9,0.01754934,1608.3522884011572
1337.0,0.00355818,10327.019895407111
1337.1,0.022351151,2464.6763599112787
1337.2,0.00034877274,5211.634062285069
1337.3,0.018760096,2562.698115704962
1337.4,0.02378496,1168.8500709231137
1337.5,0.01980828,2480.4591065696995
1337.6,0.020284196,2619.0097665023704
1337.7,0.026572997,1737.9337824143972
1337.8,0.017546192,3436.017437509283
1337.9,0.00060109136,3957.159033732563
1338.0,0.000117054355,4010.890359920218
1338.1,5.3699325e-05,5332.117367389227
1338.2,2.6291249e-05,6810.0948149361475
1338.3,0.0010703375,8075.628998029973
1338.4,0.023657063,10734.936318749415
1338.5,0.015617572,3099.972610614689
1338.6,4.5855293e-05,9548.722321027568
1338.7,0.0046726298,6664.518678088993
1338.8,0.018345939,2609.0077163955357
1338.9,0.003845676,3849.305346100252
1339.0,0.009849819,2323.4891060429177
1339.1,0.027661724,1624.9657545509137
1339.2,0.03704197,1830.5154389497286
1339.3,0.0044984506,5971.163795567894
1339.4,0.028878191,1129.5192123997235
1339.5,0.020186039,1292.7345844091979
1339.6,0.015686613,1972.5821186882583
1339.7,0.026757872,1700.9256607005927
1339.8,0.0152377635,1864.246363483075
1339.9,0.0018414615,2495.9717940329665
1340.0,0.022324441,1650.9443318177528
1340.1,0.01710564,2461.54308611729
1340.2,0.020739477,2321.63375454704
1340.3,0.0013953369,5968.041621947699
1340.4,0.009262737,6977.916198676547
1340.5,0.022293152,10358.136872541974
1340.6,0.015300186,3249.642964775926
1340.7,0.01914303,2738.1714615657747
1340.8,0.016353874,3865.669938499211
1340.9,0.010402081,10361.924393260533
1341.0,0.0133792255,2887.0637710013057
1341.1,0.01719837,2304.733244964991
1341.2,0.009121446,2888.361571954837
1341.3,0.00086864724,3200.0331062662744
1341.4,1.0145141e-05,10006.740095368146
1341.5,1.01060905e-05,9968.686636010883
1341.6,1.0436597e-05,9858.718929557483
1341.7,1.36578765e-05,9328.87020527467
1341.8,0.029273203,2660.5152735294623
1341.9,0.049115602,3233.1573587033395
1342.0,0.0423802,2917.9881750158297
1342.1,0.02695736,2586.8954334187347
1342.2,0.01159232,2071.360619665793
1342.3,0.011895762,2000.0936839696192
1342.4,0.0048104594,1529.6882834131256
1342.5,0.022934742,1860.809331469905
1342.6,0.026870739,2596.7151374255536
1342.7,0.0043337857,6183.881314730911
1342.8,0.0064294296,2536.6487393667976
1342.9,0.025833279,1963.5515203426676
1343.0,0.032582384,1154.6409566836267
1343.1,0.030542923,2326.429754433767
1343.2,0.026614914,1875.7924800571368
1343.3,0.013573089,10567.522928733892
1343.4,0.017323256,2889.139571679797
1343.5,0.014834411,3728.560961027416
1343.6,0.009910183,3357.2448402769583
1343.7,0.02390499,3005.4997514454
1343.8,0.0019281327,3531.8216770528634
1343.9,3.273593e-05,8129.555341618368
1344.0,1.0602456e-05,10048.8278989967
1344.1,1.0496321e-05,10050.064014915064
1344.2,1.1323044e-05,9700.144206497887
1344.3,0.000768054,3096.1166086518533
1344.4,0.015687887,1440.4620760858304
1344.5,0.00871957,2004.6666627390853
1344.6,0.0003732783,3685.6623087025623
1344.7,2.79514e-05,6778.846208870575
1344.8,1.35358205e-05,9277.509185583061
1344.9,1.4435652e-05,9081.510418546572
1345.0,1.7547749e-05,8489.056136849047
1345.1,0.0030836058,4082.8662972679545
1345.2,0.01885348,2198.7063111656503
1345.3,0.020331405,2146.8400011653493
1345.4,0.0006696744,3833.1025631850343
1345.5,2.8315528e-05,7768.977890409691
1345.6,1.9776407e-05,8908.328265922612
1345.7,1.7951721e-05,8508.562623569096
1345.8,0.00069267175,8467.318425136422
1345.9,0.037535775,2416.9742526506
1346.0,0.027754312,2209.8076790623677
1346.1,0.0036114117,3273.6819037193354
1346.2,0.0012097377,3208.5970934852776
1346.3,0.002057543,3236.1848167931375
1346.4,0.00091869896,2705.578609575972
1346.5,3.9091552e-05,6319.053217711729
1346.6,1.9059602e-05,8718.782918123548
1346.7,0.010849364,745.906217836101
1346.8,0.027290463,1872.040626586485
1346.9,0.037330072,2503.787251691413
1347.0,0.0070585213,2097.4274297524817
1347.1,0.018748298,3538.4098916894745
1347.2,0.021315793,5387.803441692871
1347.3,0.027883038,3051.7818315492805
1347.4,0.0001570166,8296.538411282443
1347.5,2.7524173e-05,8681.211705945901
1347.6,2.505681e-05,8059.023485318659
1347.7,1.3651359e-05,9572.821885523961
1347.8,7.7768316e-05,7518.0234754812045
1347.9,0.002175371,1977.64160416446
1348.0,0.04450882,2541.302517870352
1348.1,0.060036942,2672.1456113060767
1348.2,0.0035940737,2576.27589314694
1348.3,3.7779944e-05,8865.133858942794
1348.4,0.00017246864,8352.746282529128
1348.5,0.027634244,7420.872754008567
1348.6,0.06674428,2012.458967098893
1348.7,0.06557154,1833.269848455226
1348.8,0.068004794,1777.417164708629
1348.9,0.057977732,1727.724530695219
1349.0,0.053866707,1712.735570514933
1349.1,0.022421062,2834.676810704965
1349.2,0.03377501,1916.4640942290102
1349.3,0.032540124,1912.74819520332
1349.4,0.034552656,1812.9852971197768
1349.5,0.013910168,1689.1075674827193
1349.6,0.005858947,6942.284538446487
1349.7,0.042446215,1117.7243890423172
1349.8,0.040599562,2124.553292766437
1349.9,0.016849088,9041.058543675164
1350.0,0.047201652,2335.8984850850247
1350.1,0.045743734,1731.9264550167866
1350.2,0.040255163,2259.5142709661977
1350.3,0.013940951,8507.241865624577
1350.4,0.006367334,4927.551128500347
1350.5,0.02639456,2430.021227622014
1350.6,0.0026740092,4510.95775855463
1350.7,0.02375081,2434.429954396598
1350.8,0.015232461,2621.5271251278546
1350.9,0.017161082,2496.002797394908
1351.0,0.00024360867,3411.4533792611905
1351.1,7.1978524e-05,5092.408560156896
1351.2,3.0221021e-05,7722.9995548002435
1351.3,2.1562155e-05,8186.258160556044
1351.4,0.027210202,4029.4897886111266
1351.5,0.033640783,2107.5625283015156
1351.6,0.018834326,8322.785548752758
1351.7,0.0153295845,7879.113868336927
1351.8,0.04205507,2117.0707755276653
1351.9,0.039669488,1676.7425915866575
1352.0,0.03153223,1597.936075772533
1352.1,0.023793327,1910.4694602290954
1352.2,0.012789553,10219.281376009767
1352.3,0.019833252,2292.9705934913445
1352.4,0.013419834,2157.0950300646273
1352.5,0.00029160813,3818.5915093969606
1352.6,1.0545611e-05,10419.808661431032
1352.7,1.0442542e-05,10175.022916847565
1352.8,0.00011555903,4975.752582828289
1352.9,0.036426738,1328.6998846098588
1353.0,0.038563475,1652.3339056259863
1353.1,0.038874242,1607.6859912585169
1353.2,0.0014938252,3111.4740979581143
1353.3,0.0012627369,3685.446761071514
1353.4,0.00014484656,3402.8746945351445
1353.5,5.718447e-05,5325.762085919478
1353.6,0.0010456616,5777.9507806185065
1353.7,0.0421304,1242.3942769767525
1353.8,0.039037295,1278.267890624085
1353.9,0.00044985014,7014.1243109151965
1354.0,0.025790293,1433.3017308657159
1354.1,0.03338656,1807.3051868223158
1354.2,0.020820266,1874.8535265331507
1354.3,0.026839621,1536.980553696701
1354.4,0.026152916,2237.3437639231265
1354.5,0.012957691,3209.854765480924
1354.6,0.00012140127,4827.4023996969345
1354.7,0.00015783402,3311.516888451226
1354.8,6.632737e-05,4797.760668725412
1354.9,1.2589784e-05,9623.446513714413
1355.0,0.0074401177,9684.268298121533
1355.1,0.03882113,2484.6846022427876
1355.2,0.033783343,6806.748981662702
1355.3,0.010249032,7661.501274497389
1355.4,0.04235243,941.7714917874952
1355.5,0.034645192,1348.8645569543205
1355.6,0.005219089,5957.407045765779
1355.7,0.02445846,2658.634479414433
1355.8,0.0106313815,9509.315145995053
1355.9,0.037292585,867.2111884073811
1356.0,0.014621726,810.2020583298845
1356.1,0.010271322,4039.4411700996125
1356.2,0.029790688,1967.9095682697805
1356.3,0.027311707,1945.9635840810197
1356.4,0.003050822,3411.8978681038234
1356.5,0.020046478,851.0896464613534
1356.6,0.007840999,795.5710436824351
1356.7,0.017583415,1819.8006416439123
1356.8,0.02401934,1696.407187085349
1356.9,0.030117048,1023.2343839803544
1357.0,0.019628221,1520.5362489733002
1357.1,0.032021966,750.1342466615774
1357.2,0.029606083,634.7030495672853
1357.3,0.015075943,2318.648957841251
1357.4,3.9206207e-05,7972.687049242622
1357.5,0.02839287,2277.3286609549536
1357.6,0.00076459826,3496.354118540436
1357.7,0.00085017737,3673.902742225473
1357.8,0.00040405986,3171.072059816717
1357.9,8.0335434e-05,6876.523870442492
1358.0,0.011375232,8753.277584407042
1358.1,0.032641973,2266.641563260837
1358.2,0.033961855,2415.858916682553
1358.3,0.030578434,2047.1975341815446
1358.4,0.013178816,10837.903427664794
1358.5,0.030398183,2049.448437525462
1358.6,0.008643777,2687.9977704762528
1358.7,0.00529242,3946.098574474746
1358.8,0.027080344,2027.3162368971246
1358.9,0.009669197,6889.98599907942
1359.0,0.01723856,2439.0184359850027
1359.1,0.0018584481,6075.217535325795
1359.2,0.010361951,3211.3239144627632
1359.3,0.0011429191,5717.047770677145
1359.4,0.0243267,2573.393309536297
1359.5,8.396789e-05,7350.439117892576
1359.6,0.016070638,6560.780610305968
1359.7,0.0146989785,1647.845003681421
1359.8,0.011316286,9931.172668584199
1359.9,0.015275847,1916.0112424047013
1360.0,0.0265321,2415.162644720748
1360.1,0.001657866,3529.451469156675
1360.2,3.575168e-05,8157.467192307051
1360.3,1.128163e-05,9775.562576866987
1360.4,0.023507748,2002.8985766283388
1360.5,0.020912351,4944.975354515309
1360.6,0.03616854,2649.606906286993
1360.7,0.026990704,1815.683976921924
1360.8,0.015193986,2197.483183868009
1360.9,0.024887111,8821.925582593058
1361.0,0.014930236,7003.950854496824
1361.1,0.028911736,1326.263037609989
1361.2,0.00917274,2539.3281975646723
1361.3,5.4224805e-05,7009.707885001598
1361.4,2.9739436e-05,7416.270954523836
1361.5,2.5370862e-05,8017.54890536077
1361.6,0.007986556,4521.1204038992755
1361.7,0.022795046,2601.2431814694582
1361.8,0.01396332,1554.8289899056517
1361.9,0.023684708,2868.6820927181825
1362.0,0.01072397,7583.572898137942
1362.1,0.02127512,2765.752840772386
1362.2,0.015257545,10036.13502150848
1362.3,0.011102456,9537.828644042438
1362.4,0.001977642,4158.415130107613
1362.5,0.0040020924,5463.452888817317
1362.6,0.008983002,4042.2375603742257
1362.7,0.0017769426,3617.3386846208386
1362.8,0.00049481686,3374.993541414123
1362.9,0.00015627904,3241.3615781541694
1363.0,2.426894e-05,7511.463158681279
1363.1,0.0246304,1552.860422574171
1363.2,0.03161443,1690.680909004239
1363.3,0.0073812995,9148.60895298952
1363.4,0.031351656,1521.9305999543599
1363.5,0.030337468,2345.216078029045
1363.6,0.007307117,8167.193307442137
1363.7,0.0086632585,5224.429440362248
1363.8,0.00552662,8552.809006875455
1363.9,0.021250857,2630.7372782474827
1364.0,0.009897566,6403.28358774015
1364.1,0.0056355144,9323.316894893816
1364.2,0.017780215,3328.3195873080604
1364.3,0.01879657,3165.9511073120566
1364.4,0.0074329423,5146.742268706419
1364.5,0.0021742864,4640.006930897525
1364.6,0.00665918,5488.725254740772
1364.7,0.011750352,2376.7085640374003
1364.8,9.361718e-05,7792.0200595038605
1364.9,0.0066811666,3814.272780085464
1365.0,0.004617088,6176.976230312306
1365.1,0.005763336,3529.0297360918594
1365.2,3.3224223e-05,7265.536077444461
1365.3,0.015770927,7538.261717884754
1365.4,0.04212795,2074.4085660324463
1365.5,0.019881768,7931.449115987933
1365.6,0.010964802,8212.209780888861
1365.7,0.04118595,1256.3513442686262
1365.8,0.03608734,1264.7484833739131
1365.9,0.022620851,3349.562758429664
1366.0,0.011544271,10019.912451693746
1366.1,0.024118615,2734.6296307671973
1366.2,0.025858462,2199.839133256143
1366.3,0.028432779,1441.0376753353685
1366.4,0.025815783,1633.9355580656063
1366.5,0.026693579,2895.028366565487
1366.6,0.0068613994,5050.952253943393
1366.7,0.002012144,8224.326810583023
1366.8,0.012043206,5459.0800255232225
1366.9,0.0089316005,8123.724566923967
1367.0,0.025388718,1437.7470817917633
1367.1,0.0061051617,3343.2289338479745
1367.2,0.013910045,2147.352259178205
1367.3,0.016389338,2629.4238792468395
1367.4,0.010830864,10292.859222076462
1367.5,0.009275696,3564.2887455337454
1367.6,0.000354366,5522.393175938809
1367.7,2.3221757e-05,8317.271616813048
1367.8,1.3633361e-05,9630.175728416727
1367.9,0.032198194,2232.5926071481126
1368.0,0.0020983606,7043.7458818999985
1368.1,0.011491689,1858.0743980950945
1368.2,0.022819212,2630.1051630124675
1368.3,0.004579849,1475.0853226921472
1368.4,0.015272399,2387.1425121608045
1368.5,0.02082016,1073.3590981108132
1368.6,0.0071562156,7896.638193542246
1368.7,0.006325143,5768.121565529721
1368.8,0.012617328,2637.0751398912153
1368.9,0.01238893,2788.4648345317228
1369.0,0.00015576251,6371.997776584826
1369.1,1.1413466e-05,9770.513244552265
1369.2,0.05253452,1684.9897068988464
1369.3,0.044921316,1204.2267928222268
1369.4,0.033481047,1306.955687452949
1369.5,0.009232351,2952.4182279282613
1369.6,0.014641467,2120.781591958466
1369.7,0.010267084,1842.1934656986373
1369.8,0.0048505585,7344.878179345498
1369.9,0.009723755,9228.255792046184
1370.0,0.047465358,1285.1564631967512
1370.1,0.032097403,1529.0925171613358
1370.2,0.00016294312,7358.716038941029
1370.3,0.008570263,1931.4442693266274
1370.4,0.013469638,1803.0047870946648
1370.5,0.00083677284,5523.368710665855
1370.6,0.013580586,4895.524285989837
1370.7,0.006992889,4362.565870671172
1370.8,1.033312e-05,10090.86161232422
1370.9,0.018771648,3864.4651069842907
1371.0,0.046490822,1498.0298218106252
1371.1,0.027172852,1368.8515177161732
1371.2,0.046308022,1578.9592192426448
1371.3,0.032673635,1085.0386301779236
1371.4,0.0018650463,2859.8472369113315
1371.5,0.016280074,2174.455370570212
1371.6,0.02036972,1882.6468865757884
1371.7,0.00983602,2095.999333227186
1371.8,0.0057392125,2605.2487440364944
1371.9,0.001653883,1518.8245590846554
1372.0,1.4438957e-05,10076.976942080888
1372.1,0.00038211214,2718.0351255569103
1372.2,0.037072767,1728.3761021271314
1372.3,0.033549517,1786.9970233287
1372.4,0.0044336845,1984.2081998497447
1372.5,0.0012406214,3339.3868888876805
1372.6,0.00064259855,2997.433413641643
1372.7,0.0002946971,2641.148030513334
1372.8,6.7935776e-05,4608.45335158631
1372.9,8.936286e-05,4627.9523780331765
1373.0,0.048555665,1616.1993009808493
1373.1,0.0008716717,2834.663083194936
1373.2,0.04160926,2309.067900180726
1373.3,0.03482542,2269.0742729708404
1373.4,0.009901038,6398.489836955372
1373.5,0.036531825,1963.667087632248
1373.6,0.028080082,9247.969636207647
1373.7,0.018431824,8070.750369654439
1373.8,0.027381722,3224.726826207092
1373.9,0.03383238,1863.120127824684
1374.0,0.02987886,1596.4887471641746
1374.1,0.03465281,2552.634970937116
1374.2,0.021700436,2876.219663835376
1374.3,0.0041369526,5133.343644057196
1374.4,0.0011424489,8476.057050733722
1374.5,0.025932,3017.134025132733
1374.6,0.019947141,3047.7018410736564
1374.7,0.009100774,2973.1926338718786
1374.8,0.00036917365,4136.770145003759
1374.9,2.5530335e-05,8359.820054526499
1375.0,1.0613428e-05,10298.152489299433
1375.1,1.03648035e-05,10204.441463522835
1375.2,1.0963664e-05,10358.862569957679
1375.3,1.1790617e-05,9653.602718188087
1375.4,0.037406426,9692.678239227864
1375.5,0.011095049,2946.3248934569333
1375.6,0.017750187,3641.7247570935588
1375.7,0.011613804,3181.5509466989374
1375.8,0.015083125,1908.6775831481555
1375.9,0.006318948,2330.751864769483
1376.0,0.0165513,9805.856055532973
1376.1,0.01828977,2841.4272034843375
1376.2,0.032861527,2139.856732201004
1376.3,0.0022677493,4315.596473740714
1376.4,0.013630503,2256.899356238283
1376.5,0.014215891,1138.525258665929
1376.6,0.0058195763,3263.7770881847105
1376.7,0.018329307,8415.72225677357
1376.8,0.0063761114,2547.674243225594
1376.9,1.0317809e-05,10040.687046094066
1377.0,1.7145148e-05,10052.99790498945
1377.1,0.013560025,2510.9383762146335
1377.2,0.016177518,1705.6491436729289
1377.3,0.009208869,1405.4700168100628
1377.4,0.0007245559,2107.5136280699408
1377.5,1.1620334e-05,9730.099003964506
1377.6,0.009692625,3708.7780245975546
1377.7,0.018500457,2643.0441893673324
1377.8,0.016228095,3934.9799886351884
1377.9,0.020384546,2976.0045442282494
1378.0,0.030130938,1679.095981522816
1378.1,0.029844718,2090.8011262717127
1378.2,0.022676041,3361.6307090036257
1378.3,0.031645242,2169.9737854794857
1378.4,0.0045450884,5260.438790040178
1378.5,0.021938402,2797.850813894494
1378.6,0.029120792,1231.3564257976402
1378.7,0.018424436,2045.4446604593654
1378.8,0.003735107,7674.145683609675
1378.9,0.015897559,3049.065485089859
1379.0,0.017730666,2668.464414503237
1379.1,0.012104636,2516.4622159924957
1379.2,0.0029595196,2585.982498776777
1379.3,0.02759715,2636.3184777088645
1379.4,0.030500138,2195.5944780606465
1379.5,0.03102953,1521.3584194257746
1379.6,0.014919428,1231.3214151673837
1379.7,0.018973544,2514.6357842904094
1379.8,0.0167357,2566.333174147957
1379.9,0.011164446,3528.300474311465
1380.0,0.0056393333,3454.8280128591596
1380.1,6.7223446e-05,6697.270329752039
1380.2,7.662606e-05,4509.4120943965645
1380.3,4.940761e-05,5494.935930251076
1380.4,2.4372419e-05,7782.423373257048
1380.5,0.02395451,1474.6650291995484
1380.6,0.0004001754,5356.144428771152
1380.7,0.025418751,1670.2493191157103
1380.8,0.02108561,1707.1816899795292
1380.9,0.011549335,4018.581980676302
1381.0,0.019381441,1935.20652909928
1381.1,0.00010844259,6602.11342287407
1381.2,0.01996084,1342.2378721948594
1381.3,0.016747033,1964.1123578486913
1381.4,0.023734542,1426.6859561563338
1381.5,0.0032024283,4583.892810005902
1381.6,0.02520335,1971.4098103326878
1381.7,0.006241864,1537.80586524589
1381.8,0.021175763,2125.1927497547254
1381.9,0.026173506,995.0311985486637
1382.0,0.017692184,1761.058708437735
1382.1,0.0030571104,8078.132551443463
1382.2,0.017129505,2978.0719226411848
1382.3,0.016435869,2142.8664680178663
1382.4,0.00070221495,6032.0563825042245
1382.5,0.009792988,8590.355767251616
1382.6,0.043588668,1998.071094989217
1382.7,0.021331219,9319.816152880874
1382.8,0.017524563,4914.22842013368
1382.9,0.025828352,1348.6994904358235
1383.0,0.030311784,1880.2586415529604
1383.1,0.029695945,2541.3286582366063
1383.2,0.0024049603,3866.664076063951
1383.3,0.012142386,2735.2061838145
1383.4,0.0015131485,5408.4435316375475
1383.5,0.009363024,3232.3440064959136
1383.6,0.0015368747,3317.1366186715504
1383.7,0.00010585504,4258.900743795813
1383.8,3.5815934e-05,6520.732097081722
1383.9,1.2830086e-05,9680.77742585132
1384.0,0.002971503,8631.035312741657
1384.1,0.0110678505,9965.412119031522
1384.2,0.023023328,2041.9799130694166
1384.3,0.026695587,1572.6023826625974
1384.4,0.005733401,829.1064045840233
1384.5,0.018718665,2535.640970634549
1384.6,0.025223026,1234.282703440862
1384.7,0.014878691,674.3222221582695
1384.8,0.006939837,3355.4683523599483
1384.9,0.013095472,2069.798606016357
1385.0,0.012342077,3475.235522726233
1385.1,0.023591656,1501.9205209797242
1385.2,0.0026781468,3429.935470812382
1385.3,0.023159232,1936.1997256778218
1385.4,0.025331756,866.1361415306478
1385.5,0.021934183,1246.2728471219345
1385.6,0.019425059,2187.964094457526
1385.7,0.022483775,1796.1070985970473
1385.8,0.021578038,2585.3018956863416
1385.9,0.0006862092,3837.451718541316
1386.0,0.0005652081,4056.440233067751
1386.1,0.00017833873,3472.8819206603275
1386.2,0.0055819605,9674.944160864841
1386.3,0.014548421,7603.8898743899645
1386.4,0.01657808,3143.9556515513823
1386.5,0.023924764,3193.939184432836
1386.6,0.026404984,2125.6406455082556
1386.7,0.02300148,1618.5138998948482
1386.8,0.027942626,1298.9798850476006
1386.9,0.021015443,1638.6492621479556
1387.0,0.0069101984,5157.869199639315
1387.1,0.021479208,1257.382989623018
1387.2,0.019229826,2207.432980143073
1387.3,0.023429427,1356.3369995519884
1387.4,0.02591419,861.0479766089769
1387.5,0.017798364,2257.171292166072
1387.6,0.024728337,2815.8006764699358
1387.7,0.003437035,6051.354936973918
1387.8,0.0024760237,10236.376369636006
1387.9,0.010346536,3130.453876397871
1388.0,0.01381436,2783.212369114731
1388.1,0.004366927,3483.1244659774416
1388.2,9.1704336e-05,7016.22969621527
1388.3,1.50526785e-05,9033.210714857983
1388.4,0.002607761,8398.718839219195
1388.5,0.014923629,9833.350118861807
1388.6,0.020947672,1645.9164465989688
1388.7,0.019898117,1493.3190876521378
1388.8,0.0037974124,1522.9130928127943
1388.9,0.02149153,2061.5419330344175
1389.0,0.01726584,2211.837170940554
1389.1,5.2054314e-05,6588.489580700338
1389.2,0.021942994,1868.683878833305
1389.3,0.017554883,1131.4265140886423
1389.4,0.017750457,1584.2217861022305
1389.5,0.0066913264,758.65984790267
1389.6,0.020511888,1759.4640644975627
1389.7,0.023281148,1693.1817118058743
1389.8,0.0115502635,1245.2078133255081
1389.9,0.02356606,2642.6651806923032
1390.0,4.5059463e-05,8609.374240203328
1390.1,0.010280669,7238.149691876847
1390.2,0.013107572,2921.2318826975606
1390.3,0.019746464,1613.724287826135
1390.4,0.012451489,3187.646535587971
1390.5,0.0073788944,8143.585592967316
1390.6,0.017755143,2790.265824680032
1390.7,0.019467806,1957.895319783614
1390.8,0.014348551,2313.4231338168406
1390.9,0.014163456,4158.209958941996
1391.0,0.007867035,4520.544879646283
1391.1,0.0016739499,4362.750991949357
1391.2,2.5478508e-05,9604.50720996896
1391.3,1.3963382e-05,9285.770577189727
1391.4,1.3061278e-05,9535.880185802656
1391.5,1.2155983e-05,9491.304240066114
1391.6,1.2102777e-05,9809.244919911043
1391.7,0.0069988766,2062.754184936735
1391.8,0.020347401,2890.3369901581354
1391.9,0.00022690496,6419.700970541476
1392.0,0.028022429,7563.854220526948
1392.1,0.019663205,4399.264008503235
1392.2,0.054623507,1654.0988349690456
1392.3,0.009408593,1715.7423388631018
1392.4,0.005092167,2024.1757712491615
1392.5,0.0041512423,5011.050288732747
1392.6,0.010486128,2416.7434763381866
1392.7,0.01938245,8819.050074002058
1392.8,0.0060109906,3511.7521609547916
1392.9,0.009657837,2134.090311457691
1393.0,0.005461726,2483.7762758869744
1393.1,0.00012655549,3399.119518793162
1393.2,2.011942e-05,8159.100562714902
1393.3,9.5866504e-05,5459.667036347687
1393.4,0.08376641,1211.5190478987743
1393.5,0.013689807,2096.280928211649
1393.6,0.10397233,657.5760094656551
1393.7,0.088727094,712.794465834942
1393.8,0.06660532,962.9508739146495
1393.9,0.000681873,3707.452841460655
1394.0,0.053193573,1339.130634638721
1394.1,0.043865558,544.9815573722348
1394.2,0.03284756,2316.395443753171
1394.3,0.0779018,1026.2677118841161
1394.4,0.08877477,1142.1180078334585
1394.5,0.107456826,726.1229327927166
1394.6,0.10879939,1279.3354898155117
1394.7,0.09951835,1516.0996054524473
1394.8,0.028666848,2584.094386901839
1394.9,0.050881132,2085.6807456048973
1395.0,0.028493764,1941.5562920878356
1395.1,0.042234182,1621.8175154400155
1395.2,0.056352194,1289.1207303499898
1395.3,0.020317983,912.1834658791927
1395.4,0.018567666,1864.1644395473854
1395.5,0.0044922205,645.8896064767646
1395.6,1.1065608e-05,10442.66172765168
1395.7,1.4031823e-05,9318.747330510676
1395.8,0.0065676435,6305.215875581773
1395.9,0.03338208,2205.0995186456894
1396.0,0.015028025,2503.8148638238563
1396.1,0.01119406,2423.742335758445
1396.2,9.740205e-05,8221.280626486705
1396.3,1.5532587e-05,9436.318463917647
1396.4,0.0030931495,6156.564724507094
1396.5,0.0016476688,5649.757256446459
1396.6,0.011894794,1970.110098834871
1396.7,0.008458998,9222.772404585792
1396.8,0.0026332045,4034.4264530258815
1396.9,0.008864712,1357.3421044280908
1397.0,0.007023161,2428.173005096565
1397.1,0.00026875644,9435.31856901072
1397.2,0.0011067806,4923.631437009175
1397.3,2.5426798e-05,8573.351989037956
1397.4,1.0817684e-05,10004.06314850535
1397.5,0.025837163,1238.3827575892699
1397.6,0.00038481,3470.9180969049726
1397.7,0.01509091,1382.5666213623717
1397.8,0.024148924,1071.3840713039988
1397.9,0.021604337,807.5853835726336
1398.0,0.02317316,621.3345930840854
1398.1,0.018504148,930.2723121481056
1398.2,0.016263928,1792.6756931608165
1398.3,0.0015573149,6680.832665012133
1398.4,0.009785455,1271.7867638389343
1398.5,0.01247803,2535.716115466221
1398.6,0.017193982,1800.5514953924064
1398.7,0.024082642,1462.406595098365
1398.8,0.02069644,1160.613194905835
1398.9,0.01848613,1477.1142727007286
1399.0,0.0074941837,5250.262069592347
1399.1,0.003594445,8555.25784249228
1399.2,0.00286454,6237.314469864958
1399.3,0.0055193794,2512.6252774113223
1399.4,2.6740096e-05,8989.306333525608
1399.5,9.72472e-06,9828.236944725804
1399.6,1.0323842e-05,10146.458099269395
1399.7,1.4802125e-05,9090.652516796225
1399.8,0.0051751267,1608.3666652341442
1399.9,0.0029723805,1612.7864419434754
1400.0,0.0048702112,1422.9385728231996
1400.1,7.2260365e-05,6170.535484691697
1400.2,2.4578121e-05,8460.214976395446
1400.3,0.0011151762,2643.1315560897874
1400.4,0.002530961,4200.214587303703
1400.5,0.0011297499,2172.396721359898
1400.6,0.00077434984,2438.1505222492356
1400.7,0.001959109,2033.6987122321407
1400.8,0.0007529559,2106.001151844815
1400.9,8.5328364e-05,7288.732669313491
1401.0,0.0010895293,3359.0954464823285
1401.1,0.0005542579,2326.107932403391
1401.2,0.000367165,2683.0103073475375
1401.3,0.0011369758,1996.2156005114923
1401.4,4.5296245e-05,6546.056980826669
1401.5,1.760345e-05,8984.349364619724
1401.6,1.04230885e-05,10176.91388495321
1401.7,1.0081264e-05,10133.398019026667
1401.8,1.0641769e-05,10064.358876895898
1401.9,1.0425412e-05,9912.938379353804
1402.0,1.0338243e-05,10158.299693309262
1402.1,1.0061699e-05,10308.465274259064
1402.2,1.1825777e-05,9770.832559688144
1402.3,0.0040275077,3632.427772594958
1402.4,0.028008005,1497.8838456285039
1402.5,0.030761521,2575.050465989544
1402.6,0.007796431,4894.944868127804
1402.7,0.0199899,981.1041951292189
1402.8,0.013797294,1594.7852377493625
1402.9,0.0032864711,4430.710599338369
1403.0,0.02037566,1961.785411758068
1403.1,0.025325326,784.3201657254561
1403.2,0.015390148,2306.5589306403326
1403.3,0.020791339,2419.773152558507
1403.4,0.014257166,1601.983596790539
1403.5,0.0014324365,2610.817377644931
1403.6,0.015697856,3015.374063831317
1403.7,0.011739539,1898.9581768481542
1403.8,0.00017750282,6107.805097244416
1403.9,0.0029541408,3906.691666380374
1404.0,0.007645902,3288.4825861372756
1404.1,0.00025124056,3726.6730858928986
1404.2,2.2356202e-05,8281.518241210837
1404.3,1.3693367e-05,9233.123574091338
1404.4,1.1848252e-05,9793.890183004307
1404.5,1.1992321e-05,9839.159939892736
1404.6,0.0014107763,5335.198377570165
1404.7,0.024321886,1834.4852726080494
1404.8,0.024885673,1595.055053930476
1404.9,0.012151078,8629.420641113858
1405.0,0.002136088,4758.720452155035
1405.1,0.015780127,1211.4457510563732
1405.2,0.011785185,1639.385623271847
1405.3,0.015792495,1510.8667579328974
1405.4,0.0003080165,6872.142472008685
1405.5,0.015448094,9511.919392674035
1405.6,0.01618055,1826.5142210733106
1405.7,0.0095077865,2566.2856560549644
1405.8,0.01460122,1177.4335450081544
1405.9,0.011398175,1757.6259008946502
1406.0,0.0020982325,2918.5894576121564
1406.1,0.014901959,2536.6643488792342
1406.2,0.00085768715,3890.6733196266196
1406.3,0.024876632,1771.8967315234347
1406.4,0.03265369,1762.6731398625743
1406.5,0.05837071,975.2544970994039
1406.6,0.064580135,1531.4272539710744
1406.7,0.020481274,1914.8636681989158
1406.8,0.0065622227,3458.7234497550044
1406.9,0.013906796,1608.8001334165242
1407.0,0.0026258063,2814.8416159697426
1407.1,0.008349898,2200.336751165596
1407.2,0.010498283,8731.106859650314
1407.3,0.0030858696,3614.462511654936
1407.4,0.010323903,2707.9370732398925
1407.5,0.010274861,3788.763896475675
1407.6,0.008497298,3336.7297862315527
1407.7,0.0044587646,5195.024922011618
1407.8,0.013866625,10581.063834140132
1407.9,0.0060608415,4348.940183761091
1408.0,0.0069817207,2972.535475916276
1408.1,0.0023632026,2128.3658980321516
1408.2,8.27929e-05,5865.247494554309
1408.3,2.5129204e-05,8530.17614294284
1408.4,1.3071994e-05,9476.045965490532
1408.5,2.5703013e-05,7835.441451008436
1408.6,1.5921467e-05,9291.284570587322
1408.7,6.678067e-05,9082.689984022443
1408.8,0.007340273,5413.947853491518
1408.9,0.0023184572,6641.830832937027
1409.0,0.023013666,1234.0301767266978
1409.1,0.008859007,2155.255329834191
1409.2,0.005517698,3474.491517004606
1409.3,0.014776134,2705.939903447915
1409.4,0.00900892,2430.8476749886804
1409.5,0.0002493212,6180.7646859330425
1409.6,0.0067773797,2312.8258881780666
1409.7,0.015131975,1333.140906798233
1409.8,0.0072116936,3093.3408852989987
1409.9,0.00047112588,5444.310704573438
1410.0,0.003505409,2714.1822586794233
1410.1,0.0057761683,1693.0993512348696
1410.2,0.0001034145,5940.488641155918
1410.3,1.0683795e-05,10072.706867868394
1410.4,1.0792998e-05,10214.67239437381
1410.5,1.03803e-05,10228.01204033175
1410.6,1.3276678e-05,10018.414770984085
1410.7,0.032818273,7679.730629545116
1410.8,0.028553974,1933.94960955588
1410.9,0.015692545,1833.3146310663747
1411.0,0.00028739963,6568.004236141144
1411.1,0.012398089,1788.446721428448
1411.2,0.004296101,2278.4635309221735
1411.3,0.003641238,1161.7724958143199
1411.4,0.004385114,1696.1983454140698
1411.5,0.00033274782,3838.46048018556
1411.6,0.006560972,3209.4028329240955
1411.7,0.0056158723,2208.6684723668495
1411.8,0.0028687892,2269.5687982574095
1411.9,3.473051e-05,7655.046777850761
1412.0,0.0053130467,3207.963013279642
1412.1,0.005274386,1794.5226485785643
1412.2,0.001458707,1365.211294751991
1412.3,5.268375e-05,6194.034757020233
1412.4,1.0589217e-05,10263.584694722409
1412.5,1.0913262e-05,10082.266050992706
1412.6,1.0281756e-05,10280.61486774435
1412.7,1.14163695e-05,10170.285846221857
1412.8,0.0017129934,1318.5060445372278
1412.9,0.057908434,1751.4534964026275
1413.0,0.040728588,1888.3279154113832
1413.1,0.000989586,2635.7705347380547
1413.2,0.00054075266,1815.797818207642
1413.3,0.00028526853,2087.9038578966306
1413.4,5.5430402e-05,6336.004852244524
1413.5,1.3324837e-05,9404.19989068593
1413.6,0.0073670736,2001.484402760472
1413.7,0.12143232,2253.6708335410476
1413.8,0.06645743,2062.3938117769667
1413.9,0.0142404055,5117.359591206805
1414.0,0.017192293,9210.477211609548
1414.1,0.006554967,4166.00880546812
1414.2,0.009656335,5210.348373290425
1414.3,0.015042401,5733.802656353333
1414.4,0.022769028,2387.772189953694
1414.5,0.033067483,907.8813121192768
1414.6,0.020844007,2315.148237242375
1414.7,0.004589777,2729.9172125558966
1414.8,0.008238537,6132.273816552914
1414.9,0.002946642,7214.02129807886
1415.0,0.031874575,2181.773208870508
1415.1,0.0052613956,2496.6346733426262
1415.2,0.006221979,2218.742559181901
1415.3,0.0001439284,5741.05981110426
1415.4,1.5575899e-05,9595.447678600958
1415.5,1.281041e-05,9552.550088654189
1415.6,1.2217028e-05,9550.662522815906
1415.7,1.2715022e-05,9487.131200450975
1415.8,7.6458746e-05,5284.410724083897
1415.9,7.486559e-05,6224.864494302612
1416.0,0.03940474,1347.9494701181002
1416.1,0.026450433,2103.764824525918
1416.2,0.056025233,1358.6028625668318
1416.3,0.057451375,1459.1256706003196
1416.4,0.028042978,525.275529541479
1416.5,0.004567261,2077.8154293953608
1416.6,7.04918e-05,6896.700565616411
1416.7,5.56657e-05,5868.99520013715
1416.8,2.2464134e-05,8261.98938124151
1416.9,0.006480852,2316.6796911495553
1417.0,0.028121758,1650.3785198243404
1417.1,0.057658363,1405.113415847738
1417.2,0.04969054,1040.9403427131858
1417.3,0.0347789,1631.1236465128582
1417.4,0.00801698,1662.5235985478241
1417.5,0.0015598992,1345.4128430954108
1417.6,5.334884e-05,6246.06674343864
1417.7,2.0906402e-05,8521.421040296154
1417.8,0.06293957,1500.2266661508113
1417.9,0.07222903,1423.5567561289727
1418.0,0.014288678,3518.4692329289865
1418.1,0.06206038,1152.3822385375342
1418.2,0.093423024,1303.2540707285111
1418.3,0.0023414656,1496.3979035931443
1418.4,2.3634428e-05,9463.368946202074
1418.5,1.00779835e-05,9933.859285572844
1418.6,1.0454929e-05,10009.744891840279
1418.7,3.2855543e-05,8006.547815457068
1418.8,0.008330932,9697.669012436381
1418.9,0.124572404,1547.6211800765004
1419.0,0.10094331,1034.1328048232815
1419.1,0.062320124,1272.4702448094731
1419.2,0.02351965,1474.103081376752
1419.3,0.0034487026,2606.9591607534885
1419.4,0.0012481327,5645.437393465183
1419.5,0.023489159,5336.397770801763
1419.6,0.010077873,6162.568253363602
1419.7,0.046056278,1234.4402609891827
1419.8,0.0009804998,3479.8340093153865
1419.9,0.026840134,1521.349102811834
1420.0,0.044450317,1344.375429258219
1420.1,0.02673847,1608.1349514864955
1420.2,0.0003894456,5494.812527302759
1420.3,0.013124559,2080.8648431267866
1420.4,0.0012548737,2622.9595668697602
1420.5,0.002839077,2716.224335093944
1420.6,0.0020905738,1925.4006376116447
1420.7,0.00024889596,4624.46622920484
1420.8,0.01252483,11059.0158720718
1420.9,0.060583927,1888.76323129198
1421.0,0.05958708,1748.0943521010802
1421.1,0.0075326585,4308.889883038101
1421.2,0.053386476,2299.4155042873185
1421.3,0.05450275,2181.697839616416
1421.4,0.05166316,2490.2657011887572
1421.5,0.012448697,8389.522173910114
1421.6,0.0154000325,4548.707314846424
1421.7,1.3415327e-05,10940.565654614536
1421.8,0.024141863,6865.050390090666
1421.9,0.04751561,1778.3801195223318
1422.0,0.024150334,1941.8943433458126
1422.1,0.01023912,1855.1390626760262
1422.2,0.0010690092,1474.7827046708298
1422.3,2.3841914e-05,8192.000904033412
1422.4,1.2769302e-05,9522.347903538612
1422.5,0.001577159,2869.8574208716045
1422.6,0.02439467,2988.303698581433
1422.7,0.029851088,3088.10802699043
1422.8,0.0029311816,6103.393986055478
1422.9,0.008633287,4502.306061757388
1423.0,0.008121347,2761.815924393801
1423.1,0.0058412477,6338.324100892663
1423.2,0.021173444,2995.582970377178
1423.3,0.0038830764,6023.575819409689
1423.4,0.024256302,2543.50986456814
1423.5,0.025790988,1104.3643628621958
1423.6,0.028487459,2116.7615127969484
1423.7,0.016811954,2721.8537516922306
1423.8,0.0049871705,7158.415789792807
1423.9,0.01243505,9438.71785847942
1424.0,0.02108009,2170.028628899304
1424.1,0.022682032,2058.82655964481
1424.2,0.0027060756,6380.093992050179
1424.3,0.0003828691,4973.81146097863
1424.4,0.007149487,3459.0105659812702
1424.5,0.0017010977,5842.876084144469
1424.6,0.0035564846,3963.758336575991
1424.7,0.000128057,4372.807224663415
1424.8,5.795063e-05,5356.064569285527
1424.9,2.805413e-05,7444.517546943194
1425.0,1.2223799e-05,9395.70219060492
1425.1,1.2457332e-05,9894.788240108368
1425.2,0.020892331,2957.8349622017267
1425.3,0.020540316,3585.893280234386
1425.4,0.015569306,9538.343818798165
1425.5,0.014450127,2873.684537789867
1425.6,0.020249054,1634.9189403381747
1425.7,0.019449534,2947.9142285363314
1425.8,0.017185703,1505.4770314774214
1425.9,0.009220687,1488.4661396629554
1426.0,0.013157271,2892.249265091713
1426.1,0.0155058205,2097.340874792581
1426.2,0.0008202574,6035.9630776255135
1426.3,0.0039725383,4508.864406861677
1426.4,0.007976998,3099.809024697694
1426.5,0.0016297041,7678.048529213618
1426.6,0.007990603,3204.478141914859
1426.7,0.00010593284,4795.0887115272235
1426.8,3.7529753e-05,6677.587055928416
1426.9,4.0971023e-05,6043.343785761954
1427.0,2.1249114e-05,7906.317422428201
1427.1,1.2663765e-05,9597.345717110697
1427.2,0.038291994,2536.7743216823897
1427.3,0.038339783,1458.3187695060465
1427.4,0.030842679,1174.5550786566364
1427.5,0.031141452,1226.3537841493842
1427.6,0.005804622,4334.9879491552765
1427.7,0.027404327,1323.0569190839728
1427.8,0.027934847,1301.9306968911205
1427.9,0.024795936,1222.6656536184166
1428.0,0.017570572,1504.463665297887
1428.1,0.005870303,8886.549698094006
1428.2,0.01176616,3990.570411017894
1428.3,0.017172914,2889.459327175944
1428.4,0.0015895162,6372.8774009186745
1428.5,0.015377411,3034.0726332933937
1428.6,0.0013128136,3435.771018471923
1428.7,0.0007043774,4601.910270861944
1428.8,0.00046492156,4139.071805552933
1428.9,3.883898e-05,6652.602397956245
1429.0,0.0025678417,6074.535838158392
1429.1,0.021813828,2665.630622133174
1429.2,0.021498363,2750.188460837536
1429.3,0.00015889258,11137.675026242201
1429.4,0.02512337,2011.3535109037925
1429.5,0.0016421282,2502.6463971535454
1429.6,0.0030373125,6872.456645155768
1429.7,0.0143111115,2090.076030170326
1429.8,0.021787064,1258.0628840767386
1429.9,0.016343595,1942.998799329906
1430.0,0.02053691,2294.4266696447944
1430.1,0.00499851,9103.627288746884
1430.2,0.018865354,1398.746000722062
1430.3,0.018008204,2319.4312234710096
1430.4,0.016150068,2460.9553253798463
1430.5,0.015225342,1419.9906300875484
1430.6,0.0022368224,3862.2806758423335
1430.7,0.014330149,2226.479918150432
1430.8,0.011684008,3039.589758194
1430.9,0.011188603,3330.7536597417056
1431.0,0.002052119,6460.267522533486
1431.1,0.009768998,8739.491651706576
1431.2,0.008426494,3123.2739200095184
1431.3,0.011316068,2064.694966015376
1431.4,0.011832196,2648.7048960855745
1431.5,0.0009239604,3515.245823489735
1431.6,1.3010423e-05,10203.240298677702
1431.7,1.011065e-05,9918.0661260452
1431.8,0.0061639217,8982.109092460903
1431.9,0.009529759,9544.54026241549
1432.0,0.024456255,1901.2617064441479
1432.1,0.014136265,2717.1649066079117
1432.2,0.004915005,9422.6714019919
1432.3,0.015798427,3117.2566571871043
1432.4,0.0041008657,10653.410693932918
1432.5,0.018444661,2738.6401213601744
1432.6,0.009664883,4626.211380876588
1432.7,0.013969188,8914.746952908126
1432.8,0.014890396,2356.8209298200372
1432.9,0.010045008,3715.1981237823547
1433.0,0.015213484,2576.5140229551957
1433.1,0.00027556927,4005.595300357021
1433.2,0.00027011163,3410.1178549109904
1433.3,9.8301214e-05,3745.0229966861143
1433.4,3.1658285e-05,6882.218375417335
1433.5,6.6698594e-05,5508.002114920034
1433.6,0.027189257,2587.518285068996
1433.7,0.01819692,2128.984442628647
1433.8,0.014130307,2767.8106321709884
1433.9,0.0060950513,1421.0521362752615
1434.0,0.0059469566,1566.5925147342557
1434.1,8.926013e-05,5945.816283124037
1434.2,5.9045327e-05,5361.526937237725
1434.3,2.5412497e-05,7719.406035522585
1434.4,1.2589153e-05,9477.094545646323
1434.5,1.2326892e-05,9957.676848742245
1434.6,0.028636174,1326.7525923167595
1434.7,0.030010555,2284.847813693274
1434.8,0.02470945,1273.479824460634
1434.9,0.0147071965,1535.1981304999103
1435.0,0.017015126,2496.645689158664
1435.1,0.015676826,1356.2548188356297
1435.2,0.0017984889,2293.7971439337957
1435.3,0.00014412026,3417.946441925379
1435.4,3.8298196e-05,6553.419705235931
1435.5,3.3053e-05,6944.003085636892
1435.6,1.7732076e-05,8488.747219725901
1435.7,1.5756452e-05,8522.909206398279
1435.8,0.0029365672,8945.720118841475
1435.9,0.0067049847,3654.7331467562385
1436.0,8.168542e-05,7028.275551456406
1436.1,0.007955533,9093.4339581537
1436.2,0.020514842,2183.635746430176
1436.3,0.013136102,1765.1736489490138
1436.4,0.01144916,1667.1468050547162
1436.5,0.011283203,1713.3351323674424
1436.6,0.00019977936,5965.16329076126
1436.7,0.008508415,2391.4704014024437
1436.8,0.0040559447,2724.77915949138
1436.9,0.0048744734,3185.1697011983697
1437.0,0.000111539994,5503.3789206875545
1437.1,1.10130595e-05,10379.687738684484
1437.2,1.0606507e-05,10172.735870991151
1437.3,1.0599558e-05,10250.03483210236
1437.4,1.0511865e-05,10503.946968515567
1437.5,1.0637144e-05,10163.504939995064
1437.6,1.054223e-05,10159.05322440058
1437.7,1.072082e-05,10344.424690986301
1437.8,1.1317961e-05,9735.193252963025
1437.9,0.0056636264,5259.892643331694
1438.0,0.015315016,2718.9717400340714
1438.1,0.013630777,565.5615346592666
1438.2,0.01273527,4059.9963096672573
1438.3,0.018777885,2083.355649975634
1438.4,0.020048717,801.5126404413505
1438.5,0.018858239,1849.6788655207358
1438.6,0.0022155389,2163.6647356921458
1438.7,0.009371514,3054.812962535866
1438.8,0.011733406,2836.387710433522
1438.9,0.0004977974,5182.032506908
1439.0,0.0058256444,4126.895465031628
1439.1,0.0010362577,3145.4025272643285
1439.2,9.434496e-05,4363.997342138706
1439.3,5.4773118e-05,5249.058691248947
1439.4,3.3736524e-05,6180.338071978528
1439.5,2.1273461e-05,7744.983429967956
1439.6,1.2066332e-05,9793.421311225164
1439.7,0.00032077907,4794.065166633894
1439.8,0.029238531,1703.377393490776
1439.9,0.021515055,2160.0325752637027
1440.0,0.01226926,2752.7830308321554
1440.1,0.014105224,2056.7176101658292
1440.2,0.011379508,3364.1854007837082
1440.3,0.007626399,3362.671068330843
1440.4,0.00021495114,6684.127469901706
1440.5,0.0019908198,5864.6624762694355
1440.6,0.0007434178,3745.959850288944
1440.7,1.1202593e-05,10661.365205876513
1440.8,1.10352e-05,10280.970802517697
1440.9,1.1372664e-05,9622.046340254943
1441.0,1.5379908e-05,9671.756354110335
1441.1,0.022160059,2517.480711322678
1441.2,0.00045894273,6024.0829891056455
1441.3,0.027773192,2999.5423479166084
1441.4,0.010020532,8803.538035879918
1441.5,5.8239082e-05,9380.429720897517
1441.6,0.01879531,1817.5514347595786
1441.7,0.0015580294,8841.184542307743
1441.8,0.023039775,2138.515427416419
1441.9,0.00086632225,8361.38425452033
1442.0,0.014497025,2633.8613800954417
1442.1,0.022132456,1803.7738888203469
1442.2,0.010430835,1677.0001824374444
1442.3,0.0153545225,2580.288503751896
1442.4,3.1877396e-05,8130.323014757713
1442.5,0.014357075,2587.2296420985135
1442.6,0.011357234,1169.0490972673065
1442.7,0.010845478,1590.097325178821
1442.8,0.015323318,2204.4831148498733
1442.9,0.0110616945,2609.94927065002
1443.0,0.00014397962,3711.06319020292
1443.1,6.2289015e-05,4938.6457988889015
1443.2,4.9661714e-05,5645.044522568845
1443.3,2.2970095e-05,8067.266484053956
1443.4,0.01951682,2820.4459719231245
1443.5,0.02382523,2388.18339913855
1443.6,0.022068705,1765.6049872173746
1443.7,0.02020637,2427.482422134457
1443.8,0.015499062,1145.787224994053
1443.9,0.014902179,2801.79689432378
1444.0,0.00047586375,4397.610747398168
1444.1,0.0016138265,5795.610822994027
1444.2,0.012743377,3358.514099986892
1444.3,0.00022223892,8088.992450392798
1444.4,0.016670374,2038.170434321135
1444.5,0.014303102,2574.8887828323805
1444.6,0.010088129,9034.167015175182
1444.7,0.0017058463,7644.467766829572
1444.8,0.015584148,2795.1716159378266
1444.9,0.000118587865,8494.124568409152
1445.0,0.013379813,2531.0588880085925
1445.1,0.009152335,2088.24474728352
1445.2,0.0068068863,1320.6682504467417
1445.3,0.009431332,2273.734327450849
1445.4,0.008777052,3183.1350549299796
1445.5,0.007854413,2793.2978967724284
1445.6,0.008276758,1852.8787844251153
1445.7,0.000118472664,5791.113251281387
1445.8,2.4481908e-05,8117.7424717594495
1445.9,1.3506745e-05,9297.224598425577
1446.0,1.1210079e-05,9779.279309433818
1446.1,1.1231223e-05,9975.188859268395
1446.2,1.234742e-05,9826.430885901485
1446.3,0.0018730838,2256.16817027097
1446.4,0.025509119,1335.5606951275133
1446.5,0.010356541,2697.3502063203296
1446.6,0.0005407999,3300.9377438929905
1446.7,2.3388255e-05,7835.549913436492
1446.8,1.6111204e-05,9090.506383297969
1446.9,1.4839776e-05,9105.730680854616
1447.0,0.01611412,1752.8188477041747
1447.1,0.009093983,2585.261679844636
1447.2,0.00090263016,3466.910209982908
1447.3,2.5528649e-05,7900.430921921994
1447.4,1.8424884e-05,8747.663766001504
1447.5,1.50579e-05,9413.355467297259
1447.6,1.3788896e-05,9774.826974637672
1447.7,1.3566442e-05,9617.479101199968
1447.8,0.0060589476,5125.752922517403
1447.9,0.030268297,1903.1327066422396
1448.0,0.0026698238,6023.895830540571
1448.1,0.0012859926,3420.733386083827
1448.2,0.0110415965,3228.252627892801
1448.3,0.0027121922,9807.854476361148
1448.4,0.007623229,3465.647169316996
1448.5,0.0066929166,7457.5814131417055
1448.6,0.010545269,1394.5521018782097
1448.7,0.011573398,2443.628430944108
1448.8,0.0010268316,2902.0655454980338
1448.9,6.198545e-05,5273.743318829008
1449.0,1.961677e-05,8723.532987977293
1449.1,1.5007251e-05,9156.056437997011
1449.2,1.2924199e-05,9480.55060934048
1449.3,1.2242588e-05,9750.95015159147
1449.4,1.27527e-05,9832.616324037404
1449.5,1.2421466e-05,9961.610194196794
1449.6,0.00023264716,3885.136872901801
1449.7,0.0217694,1909.2803889959469
1449.8,0.030939603,2462.7936491705455
1449.9,0.010771432,3238.967083769579
1450.0,2.217825e-05,8044.435927887065
1450.1,2.1265958e-05,8157.39148368727
1450.2,1.4581873e-05,9515.4287612913
1450.3,1.4063542e-05,9641.323907490525
1450.4,1.4076501e-05,9587.550755198186
1450.5,1.2364444e-05,9884.967817161843
1450.6,0.011470218,540.1268955555774
1450.7,0.051572826,1482.728263807852
1450.8,0.002145711,1808.0521349142132
1450.9,0.02621943,2059.840115616053
1451.0,0.021971678,1123.6741623477233
1451.1,0.0072862776,4311.9022464414875
1451.2,0.029484829,1156.917630913177
1451.3,0.02120363,1323.296625829228
1451.4,0.024166172,2412.0146586986334
1451.5,0.0047542783,2340.064093911126
1451.6,0.01650572,3655.38249347064
1451.7,0.01967293,2264.0267633294566
1451.8,0.0224732,821.6086673262383
1451.9,0.018348724,2217.778925390911
1452.0,0.018833824,2170.916156567204
1452.1,0.017539062,2138.7282511304384
1452.2,0.00998886,2558.447601527864
1452.3,0.00059252983,3838.677370166971
1452.4,0.0003706785,2956.5107694982944
1452.5,0.000102790116,4161.468655906337
1452.6,1.828879e-05,8162.35156241441
1452.7,0.0037793294,11367.047537022027
1452.8,0.025946107,3224.500379396927
1452.9,0.013645729,2499.326869684386
1453.0,0.011620299,10308.14365847374
1453.1,0.0209562,2581.168758049208
1453.2,0.01888675,2062.3842969490656
1453.3,0.01134114,4401.250899891596
1453.4,0.009236118,8462.319306960286
1453.5,0.0071542314,10796.011740061993
1453.6,0.013392211,2414.129835513341
1453.7,0.013815571,3755.5994028994637
1453.8,0.017498907,5096.553843173466
1453.9,0.008090202,2361.010382174637
1454.0,0.005156009,3655.867186538373
1454.1,2.1254538e-05,9163.60386005226
1454.2,0.0091010835,7469.631805177674
1454.3,0.11721967,1222.974707550531
1454.4,0.018847104,1073.5847752491052
1454.5,0.038740564,1733.7837059068224
1454.6,0.0037710646,5558.561316421582
1454.7,0.031806502,7976.599044974447
1454.8,0.037427064,2484.5184312866263
1454.9,0.07161872,1043.3723047641781
1455.0,0.057335712,1244.3563430513088
1455.1,0.019359233,1126.4183011935554
1455.2,0.0014038545,1361.7202560063206
1455.3,0.0005838181,3018.3654926459926
1455.4,0.009519192,4348.192237483421
1455.5,0.11588581,608.1650018915152
1455.6,0.022866046,2158.1406824052847
1455.7,0.020955674,7408.90908766902
1455.8,0.017718013,6881.2420014081235
1455.9,0.056687184,1579.6232359534215
1456.0,0.07509433,1114.688917954555
1456.1,0.022312758,1630.0469420852885
1456.2,0.0022957872,756.3799596323149
1456.3,0.008202707,5826.634410077191
1456.4,0.07419979,1284.2519387185514
1456.5,0.027944129,3054.1386229937125
1456.6,2.8701672e-05,11873.540449805772
1456.7,0.03518622,9003.914458311863
1456.8,0.012927563,4990.9293512156555
1456.9,0.01728897,6205.571967015305
1457.0,0.050923444,3773.46585751276
1457.1,0.08331102,1800.1088789340138
1457.2,0.050556142,1802.763211500383
1457.3,0.05775217,1044.854002721778
1457.4,0.044231717,1697.8841049084842
1457.5,0.014136866,9898.202708165856
1457.6,0.07459948,1783.6709893517411
1457.7,0.00459451,1588.7036183396976
1457.8,0.0005840936,1663.7816363999748
1457.9,0.0024379315,3875.0291505995315
1458.0,0.018544909,7581.912306066652
1458.1,0.021103607,3782.0210206657857
1458.2,0.04620997,2640.80694855112
1458.3,0.055945385,2078.8237695254397
1458.4,0.06824672,1828.2900461659704
1458.5,0.016048243,8681.676141027345
1458.6,0.029791456,2872.672627590422
1458.7,0.009770821,2439.3124157472603
1458.8,0.0007024026,2093.2118925510476
1458.9,0.0003328784,2504.5549168199786
1459.0,0.019129729,8786.584762688695
1459.1,0.018515201,5911.173122914332
1459.2,0.029487193,2759.157910134085
1459.3,0.029731484,2112.1524799634562
1459.4,0.036279295,1858.5535350864714
1459.5,0.022687098,9756.80498041507
1459.6,0.019324314,3519.1247053960765
1459.7,0.0367149,2124.382233353962
1459.8,0.0028498133,2311.747628866194
1459.9,0.01716875,2441.2218840295127
1460.0,0.025185626,903.3878438424692
1460.1,0.01441232,1835.3864378822361
1460.2,0.005925373,3079.3463513758265
1460.3,0.0005239814,3099.980519376116
1460.4,1.6248714e-05,9131.06211107886
1460.5,0.013446032,2511.016584539717
1460.6,0.027358636,877.4672788709527
1460.7,0.027885705,2189.6867579268746
1460.8,0.021032322,2297.4865097799975
1460.9,0.0141173955,1529.1180307112672
1461.0,0.011818736,3537.1260674567816
1461.1,0.044282526,2239.7880500685574
1461.2,0.054808408,3100.908287568567
1461.3,0.003982042,5000.239799489284
1461.4,0.052994218,2084.0869796844345
1461.5,0.034234274,1234.9723843822026
1461.6,0.050062425,2393.669953258578
1461.7,0.006917623,6537.816801057557
1461.8,0.024860319,1525.8830363473462
1461.9,0.04677986,2543.977834140278
1462.0,0.045758776,2709.1081333500524
1462.1,0.024548288,2162.0033701730304
1462.2,0.02613982,3375.0315326029167
1462.3,0.04510106,2694.141820899791
1462.4,0.04533398,3019.997611831598
1462.5,0.036614824,3126.024052088338
1462.6,0.004212045,4877.227701494067
1462.7,0.0033233706,6693.394024285947
1462.8,0.01766229,3136.49634546164
1462.9,0.015420387,3040.2348648225534
1463.0,0.019281354,2776.618023940395
1463.1,0.00020964483,6952.634112551671
1463.2,1.6574619e-05,9147.229840520322
1463.3,0.052243758,2131.0444447813557
1463.4,0.053664908,1961.9227163117473
1463.5,0.043200146,2517.9538770978806
1463.6,0.023031486,2621.6175835977733
1463.7,0.003771133,4012.818832203287
1463.8,0.00021922016,9120.765244968943
1463.9,0.022037702,3079.171588385294
1464.0,0.012089795,3094.4640310992663
1464.1,0.012937701,3875.3440727172156
1464.2,0.018844808,10546.414760446389
1464.3,0.046699386,3169.773117599826
1464.4,0.04221858,2935.9107111111134
1464.5,0.004625502,4903.953444146202
1464.6,0.033876143,2348.7631655377418
1464.7,0.0034453725,2335.4621316055054
1464.8,0.013695762,2292.7441588159872
1464.9,0.030526219,2238.7125054497296
1465.0,0.034201812,2495.3936567073024
1465.1,0.032397952,1723.3956168150305
1465.2,0.025616894,2569.1648612399404
1465.3,0.026391631,2758.5208418939937
1465.4,0.027523814,3338.6064153095836
1465.5,0.02239535,3778.5856918895224
1465.6,0.00049715897,4159.353244576205
1465.7,0.00035265772,3275.3387062353827
1465.8,0.00013425644,3697.744176703253
1465.9,0.04320795,2435.7644911095804
1466.0,0.037617713,962.259462124643
1466.1,0.04697757,1008.3174881993414
1466.2,0.03732474,1639.6171984580033
1466.3,0.033143282,2118.744092716497
1466.4,0.0010095071,2889.163456706291
1466.5,0.025664018,2000.389630122922
1466.6,0.034667123,1968.2948771325155
1466.7,0.042417217,2657.0362068793766
1466.8,0.033331938,1391.6103496005571
1466.9,0.015575624,2324.923349471889
1467.0,0.021146405,2304.854516667837
1467.1,0.010203095,10001.108566343744
1467.2,0.022520589,3147.6608394678915
1467.3,0.0010904333,6848.607834031798
1467.4,0.034539785,2657.7849339904537
1467.5,0.012998679,2344.717763277762
1467.6,0.015034828,3495.4338126902976
1467.7,0.020063387,3896.7230762985773
1467.8,0.019737164,3144.9312804088167
1467.9,0.00014955981,7849.823942740529
1468.0,0.0112734595,4367.268045142786
1468.1,0.004204557,5764.207980589211
1468.2,0.013340527,3195.8897445267467
1468.3,0.020473162,3121.6515062079566
1468.4,0.017425505,10283.331844970045
1468.5,0.0155167105,8030.45206043886
1468.6,0.022813872,3127.5098215057487
1468.7,4.0010178e-05,6789.892953694842
1468.8,0.029068891,2953.6769860604018
1468.9,0.031815477,1703.3534371036762
1469.0,0.031200532,1902.9883949113287
1469.1,0.038022835,2654.4764583431925
1469.2,0.039811738,2200.2276189910926
1469.3,0.0242626,3444.1741254803787
1469.4,0.026439,1778.1203199008244
1469.5,0.037503973,2319.755641273858
1469.6,0.02615682,1998.1670324257602
1469.7,0.03469348,2059.255916573239
1469.8,0.031644266,1025.8549981860401
1469.9,0.0213098,1072.9797272211008
1470.0,0.031312596,1926.6879887604352
1470.1,0.024195898,1306.0655932422173
1470.2,0.024928438,2493.815624833903
1470.3,0.019140953,1365.4213259644937
1470.4,0.016670557,2273.88039838929
1470.5,0.029349906,2358.308671130935
1470.6,0.00082331937,3243.9660659139317
1470.7,0.025640868,2030.5614575939221
1470.8,0.020809818,3348.917596722249
1470.9,0.018982057,2025.780153524851
1471.0,0.013040168,8938.485705907504
1471.1,0.025571331,2753.5536877363825
1471.2,0.011634567,9898.188437548131
1471.3,0.004731872,5807.892107910981
1471.4,0.009902126,3065.224904877806
1471.5,0.00044871235,4070.7027306811574
1471.6,0.00041109815,3715.809144316029
1471.7,9.287021e-05,4181.321405528712
1471.8,2.4555495e-05,8077.4260859438145
1471.9,0.023942662,1786.1278651391658
1472.0,0.025469251,1831.1638888424825
1472.1,0.015081212,1851.5526628268935
1472.2,0.013712234,1593.943328497319
1472.3,0.0004748667,5140.481616631244
1472.4,0.02271758,1793.6451522232064
1472.5,0.013674225,1501.824714187751
1472.6,0.014258409,2363.198433411394
1472.7,0.024678672,2159.9399385671472
1472.8,0.0025131633,10293.341699819846
1472.9,0.017985059,2527.8026761663978
1473.0,0.025604362,2990.9725656786577
1473.1,0.0034929991,8482.361518486548
1473.2,0.020888621,2084.094329781949
1473.3,0.020427996,2291.31923009591
1473.4,0.00279442,2389.416469872409
1473.5,5.764365e-05,6935.997143421052
1473.6,1.3328298e-05,9273.427116294995
1473.7,0.004688117,2857.2030857013533
1473.8,0.0195996,1894.7290395407967
1473.9,0.002891923,5200.8747502043525
1474.0,0.015529584,2809.5351792704687
1474.1,0.00016013044,5135.748945055266
1474.2,1.4670733e-05,9334.8361141971
1474.3,1.2969243e-05,9517.767926888846
1474.4,1.3049632e-05,9277.000017711698
1474.5,1.2185459e-05,9453.278365673774
1474.6,3.668953e-05,7587.646510876928
1474.7,0.023862768,1745.1170167492824
1474.8,0.000116236595,6759.320305018436
1474.9,0.021228444,1773.7969308113525
1475.0,0.00019746176,4723.201130045203
1475.1,1.4558624e-05,9197.27322894154
1475.2,1.2379344e-05,9438.336983046689
1475.3,0.021585783,2865.9266728389416
1475.4,0.00011144399,7215.049009619233
1475.5,0.010303917,2214.960292798002
1475.6,0.0001093601,4848.898835083961
1475.7,1.4405016e-05,9159.361343590308
1475.8,1.5806825e-05,8884.742594033385
1475.9,0.014328526,2417.069229065985
1476.0,0.004896771,4714.500926049426
1476.1,0.009070792,3411.7236645210564
1476.2,0.047174487,2940.130985169307
1476.3,0.0055397847,6407.056418468199
1476.4,0.021296356,3769.1989216941547
1476.5,0.0002516129,3483.6296985962135
1476.6,2.261399e-05,7779.716104500812
1476.7,6.878617e-05,7523.651831049436
1476.8,0.04342793,4101.91846222836
1476.9,0.0044065737,5456.821329429516
1477.0,0.021416008,3457.8857601395994
1477.1,0.00084099977,3685.7658057899966
1477.2,5.81677e-05,5783.79348839547
1477.3,1.4644061e-05,9006.993503058213
1477.4,0.027651774,3719.6348073895642
1477.5,0.006442394,3405.2157408302965
1477.6,0.08157634,3343.613207228134
1477.7,0.019822791,4692.344016302729
1477.8,9.161398e-05,6819.41714796909
1477.9,0.0003648947,9623.317665121436
1478.0,0.012934452,5340.3461130019605
1478.1,0.01806981,855.8107568803813
1478.2,0.018945063,1426.1781721306863
1478.3,0.004566833,4217.34740557621
1478.4,0.016081877,2800.4387444311506
1478.5,0.0010652234,4128.651871569127
1478.6,0.019563938,1981.9839684025915
1478.7,0.014625318,1190.6670163382444
1478.8,0.017469388,1421.7211469167255
1478.9,0.017256403,1349.7682139187027
1479.0,0.0027957694,10443.797861113115
1479.1,0.02023136,1331.8644878096725
1479.2,0.017431432,1347.976643824672
1479.3,0.023411531,1780.5917400105577
1479.4,0.021553647,2026.5025533547107
1479.5,0.0035380088,3610.4018401707826
1479.6,0.010494791,1024.0143870964205
1479.7,0.008505751,2229.172897436467
1479.8,0.005798146,3052.56929943503
1479.9,0.0050671794,3560.528494566577
1480.0,0.006364484,2286.4912043850873
1480.1,0.0015163964,5813.023994187633
1480.2,0.006848695,2268.8365337472446
1480.3,4.3031752e-05,7052.465588323354
1480.4,1.0059948e-05,9808.105984395832
1480.5,1.0129906e-05,9968.848191448367
1480.6,1.0241487e-05,9767.469527107898
1480.7,1.1864171e-05,9606.9822813395
1480.8,1.2515093e-05,9632.603223056089
1480.9,0.025394544,1734.0910621722685
1481.0,0.017738719,1701.8013672156058
1481.1,0.02100269,1676.7342613874741
1481.2,0.014511658,1512.1568409108868
1481.3,0.0074796225,8394.456869469404
1481.4,0.0048930943,1170.9483077721084
1481.5,0.016373971,1955.5948426214095
1481.6,0.011605356,1678.7438471844362
1481.7,0.0035039808,8085.651853000031
1481.8,0.0036132738,4328.931653297348
1481.9,0.012952184,2593.785178755942
1482.0,0.0052630715,10590.361818714095
1482.1,0.010287123,2275.0343722200055
1482.2,0.0058243144,4001.5192634702134
1482.3,0.01581629,1853.1640611966627
1482.4,0.009530965,1691.6248487419562
1482.5,0.0042118267,10590.491620173183
1482.6,0.0055960785,1992.351933666565
1482.7,0.0058436003,2386.6112775814827
1482.8,0.002371858,5150.162053762781
1482.9,0.0120232105,2441.972392368798
1483.0,0.00045100102,3241.304473236488
1483.1,0.00017442601,3433.429891554664
1483.2,1.9500194e-05,7981.0278229083815
1483.3,0.002269033,10461.05062820395
1483.4,0.022263702,2422.103652393671
1483.5,0.01584964,2323.8929148714
1483.6,0.0154535435,1183.8118751041786
1483.7,0.005446287,1830.9173927191396
1483.8,0.003797586,8274.289823212543
1483.9,0.007658864,4560.372182431669
1484.0,0.007361634,10546.891572737537
1484.1,0.017411092,1999.5043615245786
1484.2,0.017867198,794.9428383684908
1484.3,0.010841958,2348.315967007615
1484.4,0.007009864,2558.9596051944
1484.5,2.8431878e-05,8115.41318066456
1484.6,1.3629881e-05,9051.465121862359
1484.7,1.2908729e-05,9349.918591737787
1484.8,0.0023301323,7120.839230345677
1484.9,0.010228268,4803.205704974466
1485.0,0.011092083,4035.9523987829625
1485.1,0.011809617,1889.9203744374984
1485.2,0.014270533,799.2662510391916
1485.3,0.0019261929,1914.3665822811645
1485.4,0.007893202,2508.63948188027
1485.5,0.00094406656,3433.567153556103
1485.6,2.2241376e-05,8005.4251635600995
1485.7,1.3980294e-05,9125.675439476756
1485.8,1.3932927e-05,8818.55425451193
1485.9,1.1939287e-05,9595.669248240814
1486.0,1.217368e-05,10037.532834206686
1486.1,0.009510485,2352.5440007325233
1486.2,0.0104877055,2130.6608738517602
1486.3,0.014827496,719.8409496060062
1486.4,0.011145177,1584.756790297281
1486.5,0.0112072425,1506.4360285958346
1486.6,0.010676506,1523.7596533590072
1486.7,0.011011749,1361.7353191093448
1486.8,0.009236606,1111.3088897527361
1486.9,0.008732866,854.1987032288782
1487.0,0.0040667676,933.4234041972051
1487.1,0.003193171,1823.3143782441393
1487.2,0.0019283746,2475.661907714797
1487.3,0.00025993586,3011.280117007006
1487.4,0.00018873707,3210.654227768795
1487.5,6.3930784e-05,4424.649504806178
1487.6,0.0006349396,6414.000946727891
1487.7,0.011398599,2257.0009437204812
1487.8,0.014806407,1323.750431077226
1487.9,0.004788923,1261.5476087499806
1488.0,0.0025815414,10054.455216987699
1488.1,0.009643357,2300.2482157540812
1488.2,0.0096387835,2871.942660439792
1488.3,0.0032760974,1501.0730250423967
1488.4,0.0120729245,2385.175997275961
1488.5,0.021168998,1391.9709700403987
1488.6,0.011502126,1222.630453903906
1488.7,0.00027379565,5082.715518424667
1488.8,0.004794695,1006.3797820767694
1488.9,0.008830002,1411.7315074053786
1489.0,0.002788526,4506.759249033911
1489.1,0.0029824027,2237.4499911010416
1489.2,0.0011627334,4614.5311573333365
1489.3,0.006889635,3264.549301502626
1489.4,0.039115448,2399.907162903154
1489.5,0.036031943,877.1807746174591
1489.6,0.025386108,1949.3154973216474
1489.7,0.0002624343,6106.457783730704
1489.8,0.009538379,8465.096477956888
1489.9,0.027177611,2658.3270993323376
1490.0,0.028760305,3235.2714293785148
1490.1,0.020639475,3382.797368001521
1490.2,0.012692468,2296.889238392031
1490.3,0.011774568,3061.460674339939
1490.4,3.4902117e-05,9261.430719716875
1490.5,0.009668187,9340.482177451655
1490.6,0.010424931,3330.553412895741
1490.7,0.008765973,4084.2510443544497
1490.8,0.017812928,2255.3737730133917
1490.9,0.011137806,1556.2207986183153
1491.0,0.00474114,1586.8903395066905
1491.1,0.0005797733,6898.4863457170795
1491.2,0.0024665692,5027.569521922373
1491.3,0.0038766873,3405.0123040323306
1491.4,0.0054576686,7233.06500873505
1491.5,0.01773506,2897.106177826924
1491.6,0.011017115,1681.1355024856025
1491.7,0.009541912,3059.5721274828165
1491.8,0.0004234346,6047.963255696313
1491.9,0.0060658217,10107.113204422765
1492.0,0.008169512,4586.342357685649
1492.1,0.00917953,3107.5802651618787
1492.2,0.0063453536,2318.778813683543
1492.3,0.0025707954,6841.966069695293
1492.4,0.0038988763,7888.053314446814
1492.5,0.0032769416,5437.1697316152395
1492.6,0.00410191,3416.731758759778
1492.7,0.0028913831,3452.0296640064325
1492.8,0.0005057411,3292.1591049515837
1492.9,0.00050829793,4995.588910405122
1493.0,0.0025122722,6278.1307128538365
1493.1,0.0017315656,3468.5283071507115
1493.2,0.0012447775,3020.0511798773996
1493.3,0.00030969843,4624.063371154527
1493.4,0.0029342554,6761.405908676923
1493.5,0.016619584,1725.4648734250334
1493.6,0.012357626,1744.3561880616558
1493.7,0.007852855,3067.073583930513
1493.8,3.4006604e-05,8544.209227720707
1493.9,0.012213061,9299.401506664295
1494.0,0.0067885513,4263.95348571177
1494.1,0.010568324,2859.304762566133
1494.2,0.0073824185,3168.788021097256
1494.3,0.0009396315,8110.036621176942
1494.4,0.0001551937,5968.927138600013
1494.5,0.005142624,7547.162287095569
1494.6,0.0014375411,4887.573623252195
1494.7,0.0014364205,4394.991229099554
1494.8,0.01273419,1939.4455275790024
1494.9,0.006295122,1036.58945301021
1495.0,0.003593546,1264.5719960426245
1495.1,6.471174e-05,6234.973748545938
1495.2,0.0001661961,4078.3345869105206
1495.3,0.0015985904,5449.7807049112425
1495.4,0.0008125792,3693.343998789678
1495.5,0.00044139777,3333.3909927279065
1495.6,0.00089976826,4073.7459864056273
1495.7,0.0014660375,5125.211599299777
1495.8,0.0019938583,2123.026840469017
1495.9,0.0009903475,2735.507307270339
1496.0,0.00011167999,6652.109285490511
1496.1,1.6645172e-05,8708.75604160565
1496.2,0.005013149,7247.663933540529
1496.3,0.0009935205,4417.75483382319
1496.4,0.0007493173,3615.2219083572727
1496.5,0.000438773,3127.2624132259725
1496.6,0.00012239306,3952.136294190922
1496.7,1.8911762e-05,8106.761538629121
1496.8,1.17803465e-05,9578.9064270224
1496.9,0.00074194715,4688.220437055639
1497.0,0.001862924,2841.5311255271827
1497.1,0.00076688913,2384.098041900974
1497.2,0.00093352987,2022.5243910696336
1497.3,0.00017456345,3772.652226395622
1497.4,1.1733568e-05,9249.682140515244
1497.5,0.0012823833,8443.394413329377
1497.6,0.00057090336,3955.0160495019027
1497.7,0.00037179998,3740.8309609179596
1497.8,0.00021508797,4013.7973144895786
1497.9,9.436453e-05,4322.301336003625
1498.0,2.2247032e-05,7798.8034157327775
1498.1,1.0857278e-05,9424.455175608602
1498.2,1.0383008e-05,9943.134939660207
1498.3,1.0448723e-05,9723.818877834205
1498.4,0.00058697676,5683.357987718784
1498.5,0.0030434718,2203.21134230028
1498.6,0.00063629454,2016.6039242638665
1498.7,0.00047205793,2411.471198367424
1498.8,1.6977752e-05,8296.953106876234
1498.9,0.0002276166,6974.764246368324
1499.0,0.0012723599,5019.512803704282
1499.1,0.0005927667,3150.918184322898
1499.2,0.00029343803,2898.2760191614566
1499.3,0.00015904226,3282.717907488032
1499.4,4.419808e-05,5975.125989897417
1499.5,1.1751533e-05,9475.57706057498
1499.6,1.3385227e-05,9400.13471953906
1499.7,1.2580616e-05,9926.391510437923
1499.8,1.17133195e-05,9846.630222775828
1499.9,1.2195998e-05,9590.17395281166
1500.0,0.0021245554,3874.524366382534
1500.1,0.00073502207,4133.314087335997
1500.2,0.0005880139,2280.555180715566
1500.3,0.0010721653,2022.71359726038
1500.4,4.1761225e-05,6692.3010102258395
1500.5,1.2837464e-05,9381.835880944496
1500.6,0.00016801749,6697.437134059486
1500.7,0.0027363119,5308.72818337013
1500.8,0.00064707967,3478.062196814618
1500.9,0.0003112621,3460.5787673977106
1501.0,0.00012497308,3959.607689589492
1501.1,2.4571054e-05,7374.940368757541
1501.2,1.2445615e-05,9532.396787935717
1501.3,1.2154097e-05,10039.225836474376
1501.4,1.2327683e-05,9747.443264869771
1501.5,1.1654109e-05,9800.657904211283
1501.6,1.2366213e-05,9591.448708061907
1501.7,1.171132e-05,9510.659774644872
1501.8,1.2689048e-05,10039.702060688256
1501.9,1.2502778e-05,9668.34667636721
1502.0,1.2245847e-05,9894.44553971276
1502.1,1.2733432e-05,9781.452802999192
1502.2,1.22366055e-05,9649.991002481971
1502.3,0.0007714349,3826.8869920946468
1502.4,9.8524266e-05,3785.94549569395
1502.5,0.00023014664,2935.7284799399586
1502.6,0.00014075103,3561.0003769970745
1502.7,1.4388121e-05,9014.6268954496
1502.8,1.3566126e-05,9318.609658168054
1502.9,0.000913322,5769.131730404983
1503.0,0.00020169298,3872.9837655478505
1503.1,9.806487e-05,4063.258282921869
1503.2,2.700297e-05,7638.864710753841
1503.3,2.594818e-05,7620.17766594705
1503.4,1.3512636e-05,9688.802590593361
1503.5,1.27601015e-05,9440.529599189707
1503.6,1.22030615e-05,9817.723915996805
1503.7,1.258665e-05,9856.494364319151
1503.8,1.2091027e-05,9747.469284538616
1503.9,1.2643292e-05,10083.72972056194
1504.0,1.24032385e-05,9723.389652544487
1504.1,1.4495981e-05,9763.502029298063
1504.2,1.3373839e-05,9568.399482757653
1504.3,1.27525145e-05,9460.224829137138
1504.4,1.3038795e-05,9564.426461625104
1504.5,1.3189015e-05,9456.449333128548
1504.6,1.2410252e-05,9736.243426844747
1504.7,0.0008485036,7384.7692630100755
1504.8,0.0001651927,4736.26795713143
1504.9,0.00013070184,3547.526415856227
1505.0,8.543524e-05,4602.607771118698
1505.1,1.4781981e-05,8818.33616638193
1505.2,1.1963839e-05,9564.174995482672
1505.3,0.0013404761,7039.442009943592
1505.4,0.0002985039,4205.344827233857
1505.5,3.670865e-05,6649.8911343533255
1505.6,1.378411e-05,8760.998914013733
1505.7,1.3822553e-05,9004.36262061989
1505.8,1.2260567e-05,9546.690040886217
1505.9,1.216607e-05,9760.16959040295
1506.0,1.2116905e-05,9757.664524932898
1506.1,1.2090185e-05,9847.193480170943
1506.2,1.1816532e-05,9746.22298363853
1506.3,1.1930233e-05,9525.719112662719
1506.4,1.0997647e-05,9687.917233958338
1506.5,1.1652572e-05,9759.150056922794
1506.6,1.1362124e-05,9810.58166529949
1506.7,1.1481687e-05,9616.819466130979
1506.8,1.1148259e-05,9977.128416350632
1506.9,1.145267e-05,9823.06416409145
1507.0,0.0003725431,6918.1020199519735
1507.1,1.6244012e-05,8841.34189611009
1507.2,8.367975e-05,4717.7301442454045
1507.3,3.0511883e-05,7144.436691462881
1507.4,1.1169472e-05,9770.817065492283
1507.5,1.0847175e-05,9943.457816852284
1507.6,0.00053309754,5726.547340548766
1507.7,0.00022122524,4083.6326719834738
1507.8,3.8081827e-05,5963.303372113208
1507.9,1.2050742e-05,9214.16798386731
1508.0,1.0672801e-05,10017.312512113773
1508.1,1.0285652e-05,10037.65862875036
1508.2,1.0477854e-05,10228.472998273104
1508.3,1.022121e-05,10234.650655597361
1508.4,1.0319682e-05,10147.637555997837
1508.5,1.0777625e-05,10087.655828230227
1508.6,1.0162522e-05,9837.018033309167
1508.7,1.0181903e-05,10131.891722603423
1508.8,1.0611856e-05,9873.805853745334
1508.9,1.0283522e-05,10004.001063659045
1509.0,1.0285887e-05,9963.406534991333
1509.1,1.0622735e-05,10001.264632626351
1509.2,2.648038e-05,7143.140195658992
1509.3,1.1548655e-05,9379.42452669589
1509.4,4.7257294e-05,5969.170916058247
1509.5,1.1456203e-05,9936.264500808089
1509.6,1.0308891e-05,9888.60186741506
1509.7,1.604498e-05,9664.027381926498
1509.8,4.6709083e-05,5753.648614033265
1509.9,1.589987e-05,8202.624039312474
1510.0,1.1038065e-05,9627.550594329106
1510.1,1.011793e-05,10111.53188428874
1510.2,1.0556206e-05,9825.33038419612
1510.3,1.009006e-05,9961.279159229925
1510.4,1.0343619e-05,10132.650638770816
1510.5,1.0415304e-05,10185.971392165451
1510.6,1.0127858e-05,10189.94456749714
1510.7,1.0398732e-05,10391.54678817969
1510.8,1.0645002e-05,10238.975993335616
1510.9,1.0048872e-05,9714.39384589905
1511.0,9.95421e-06,9871.431929111193
1511.1,1.0280881e-05,9843.130796063648
1511.2,1.054904e-05,9871.16704081017
1511.3,1.0374872e-05,10363.755646280331
1511.4,1.0415782e-05,10015.486884414699
1511.5,1.0096809e-05,9796.674874845838
1511.6,1.0127145e-05,10067.61221161337
1511.7,1.0191617e-05,10069.677720162283
1511.8,1.0247941e-05,9962.0163259375
1511.9,1.0350768e-05,10170.026232095046
1512.0,1.0301367e-05,10063.412335073166
1512.1,1.0022651e-05,9942.872816250492
1512.2,1.0582417e-05,10372.949315789148
1512.3,1.029201e-05,9962.040954459962
1512.4,1.0554312e-05,9673.570718887859
1512.5,1.01813985e-05,10109.357191157178
1512.6,1.0335632e-05,10156.915169448626
1512.7,1.0393189e-05,9954.049078970644
1512.8,1.0285412e-05,10119.187434423135
1512.9,1.0093084e-05,9930.645334368075
1513.0,1.0132956e-05,10323.554691594694
1513.1,1.0333437e-05,10067.724549057368
1513.2,1.0097268e-05,9922.92511924371
1513.3,1.0250408e-05,10081.101897543358
1513.4,1.03200855e-05,10014.047960802916
1513.5,1.0426989e-05,9963.388111686243
1513.6,1.0438871e-05,9930.932782044796
1513.7,1.03323155e-05,9728.672705690942
1513.8,1.0384755e-05,9892.453219762783
1513.9,1.0441882e-05,9997.476226306278
1514.0,1.0109203e-05,10166.148060163665
1514.1,1.0275128e-05,9905.457269651191
1514.2,1.0397685e-05,10186.724184509589
1514.3,1.0261337e-05,10048.398772497774
1514.4,1.0328013e-05,10100.09129706771
1514.5,1.0250788e-05,9885.368740604175
1514.6,1.0101048e-05,10053.553666459204
1514.7,1.037428e-05,9943.756907424977
1514.8,1.0443373e-05,10042.902798951302
1514.9,1.0236796e-05,9937.157583819688
1515.0,1.0490509e-05,9955.0290773526
1515.1,1.0165036e-05,10124.304798124003
1515.2,1.0401217e-05,9949.83392575815
1515.3,1.0502635e-05,10085.18670766023
1515.4,1.0144557e-05,9930.506389364891
1515.5,1.0147941e-05,10077.24556858197
1515.6,1.0248325e-05,10186.535040238088
1515.7,1.0329258e-05,10153.005101781437
1515.8,1.0147509e-05,10018.284957465772
1515.9,1.1554164e-05,9894.574438911635
1516.0,1.110125e-05,9861.402171822889
1516.1,0.01037048,2208.161266081258
1516.2,0.0031250007,3970.76582880673
1516.3,0.0054505905,1835.9672293135263
1516.4,0.00062190206,3548.3725449460244
1516.5,0.0031042073,1207.8080737855194
1516.6,5.885316e-05,5236.037459314803
1516.7,2.0229007e-05,8166.94723318796
1516.8,0.0029658894,4028.6971467655376
1516.9,0.0028805067,3779.2243226599744
1517.0,0.001090552,3393.271013969578
1517.1,0.00050201983,3509.0796718312936
1517.2,0.000247639,3034.2215866463357
1517.3,2.02193e-05,9743.600524276988
1517.4,0.0014206985,9677.368404268847
1517.5,0.009230186,9045.365399395665
1517.6,0.025584633,2153.667636108413
1517.7,0.01819011,3076.5349035993754
1517.8,0.0044505396,8120.680499881628
1517.9,0.0042275046,2788.5615966733853
1518.0,0.00350376,2179.8416711032964
1518.1,0.00016523337,3945.489176692996
1518.2,1.816489e-05,9014.832697935137
1518.3,1.516157e-05,9160.618625843063
1518.4,0.033287957,2061.7862762613604
1518.5,0.013852949,1770.0409506001515
1518.6,0.0067233727,4959.375508001034
1518.7,0.019403666,1496.9947222500505
1518.8,0.020886874,1262.5110047533242
1518.9,0.021860782,793.8029427162799
1519.0,0.022486284,2234.166207866864
1519.1,0.02252691,1466.3284972741785
1519.2,0.0141845755,3293.9875750279016
1519.3,0.0070051313,2991.877525005896
1519.4,0.007934933,2209.7473405871856
1519.5,0.010594026,920.3966821610334
1519.6,0.00560217,1510.206286487534
1519.7,0.013246172,2398.246617433048
1519.8,0.009737352,2280.319926412741
1519.9,0.004047706,3449.5376834183917
1520.0,0.003490146,3388.1112187318886
1520.1,0.006722099,2487.413168016877
1520.2,0.001962289,2465.3558702810396
1520.3,3.5557485e-05,7358.721401331817
1520.4,1.50434225e-05,9484.237658899983
1520.5,1.3113852e-05,9279.99973432392
1520.6,1.2537847e-05,9704.156503183054
1520.7,1.2166372e-05,9852.446097531332
1520.8,1.1907949e-05,9903.806693633935
1520.9,1.2414647e-05,9654.115728351127
1521.0,1.22863985e-05,9201.343146310694
1521.1,1.3230309e-05,9468.129025674192
1521.2,1.2052053e-05,9912.396085072789
1521.3,1.3363538e-05,9470.271596578978
1521.4,1.6942904e-05,9365.801986179098
1521.5,0.024953626,2240.970166309894
1521.6,0.00729305,5547.017751667565
1521.7,0.011925095,4157.052801520236
1521.8,0.00546687,7515.358319480569
1521.9,0.021074852,1226.4950440987377
1522.0,0.019564185,1243.556487516266
1522.1,0.0024505807,2534.326602028599
1522.2,0.0203357,1585.0261929068643
1522.3,0.012729688,2088.3240635295515
1522.4,0.009254207,1538.5604010794718
1522.5,0.0004638657,4793.776176920135
1522.6,0.007633626,1413.4282404231117
1522.7,0.007738359,3190.0508393762875
1522.8,0.0026817457,1335.0325048142731
1522.9,0.0048374915,5252.611283050053
1523.0,0.010717997,2020.0909638541307
1523.1,0.0017607166,4822.609888005778
1523.2,0.009187134,3351.7428344048512
1523.3,0.002127647,5674.678709155181
1523.4,0.009749238,1127.4737143278246
1523.5,0.021581229,2076.595111522749
1523.6,0.0011495372,3445.197171738346
1523.7,0.024169356,2404.366178849931
1523.8,0.025188563,1760.22797282926
1523.9,0.024308104,2012.7047158298558
1524.0,0.021659931,1883.5732378594862
1524.1,0.020094462,1237.258892815275
1524.2,0.019293481,2511.9853059482225
1524.3,0.0042215106,4083.513598654586
1524.4,0.0006630705,3336.8847725134124
1524.5,2.5628691e-05,7971.910163133509
1524.6,1.0417283e-05,10364.43225250542
1524.7,1.0221108e-05,10023.832368491596
1524.8,1.0258663e-05,10106.80446667373
1524.9,1.0562673e-05,10171.710820976445
1525.0,1.0504454e-05,10029.85281901284
1525.1,1.0532861e-05,9969.792269632067
1525.2,1.0631327e-05,10096.11632781295
1525.3,1.0536518e-05,10026.273831514412
1525.4,0.0018976803,9945.54895749407
1525.5,0.019203242,2315.9991397514905
1525.6,0.021136705,1170.5556129451336
1525.7,0.026181513,1801.267632559911
1525.8,0.000670276,5092.099262222042
1525.9,0.024642868,2085.826587990249
1526.0,0.025177158,2048.125041511089
1526.1,0.0001779332,7596.3572250895595
1526.2,0.020584678,1659.187149188278
1526.3,0.02866814,674.420642090437
1526.4,0.020777404,1294.4689230744152
1526.5,0.020685438,1081.6372853497055
1526.6,0.02068199,2190.4290208831962
1526.7,0.016782535,1859.8314601949187
1526.8,0.020920062,1887.3042289293921
1526.9,0.008400985,1612.9415872949712
1527.0,0.02275784,2083.208466574247
1527.1,0.0026328594,4934.16716615986
1527.2,0.006475143,2153.890539796124
1527.3,0.006396305,2745.621996282789
1527.4,0.00011420466,6737.912004081819
1527.5,1.803566e-05,8586.692652291178
1527.6,1.4271533e-05,9113.875277027615
1527.7,1.3355461e-05,9100.744228430285
1527.8,1.1154914e-05,9921.003720748926
1527.9,1.1790439e-05,9604.971106208654
1528.0,0.008631726,2023.277609894646
1528.1,0.01931186,1829.7120480336393
1528.2,0.011692772,2825.203604731913
1528.3,0.007210837,1605.0814935031117
1528.4,0.0016280919,6026.865965521392
1528.5,0.021950502,1801.821118078444
1528.6,0.0015517678,6357.087891717138
1528.7,0.0031684677,2384.105889161472
1528.8,0.0010043057,4077.1118797860536
1528.9,0.0077071805,2362.7660713857313
1529.0,0.0065192697,10556.049552595716
1529.1,0.009295303,2963.1454892801917
1529.2,0.0008325142,3919.1749473398772
1529.3,2.7857961e-05,8579.645717316862
1529.4,1.9614907e-05,9103.916235120985
1529.5,1.4480531e-05,9042.598508356012
1529.6,1.4151971e-05,9670.532705297925
1529.7,1.311347e-05,9650.35176008847
1529.8,1.03005095e-05,10035.437455692836
1529.9,1.0381036e-05,10209.869772761174
1530.0,1.0133321e-05,10167.3369646219
1530.1,1.2438482e-05,9923.990344589005
1530.2,1.3096896e-05,9808.772415201185
1530.3,1.2547704e-05,9744.727021152421
1530.4,1.19655215e-05,9939.629092127692
1530.5,0.035552446,2126.7263264553117
1530.6,0.03773434,778.9401347458897
1530.7,0.017802205,2361.161493950337
1530.8,0.024803262,2639.7020315110067
1530.9,0.025483776,1491.3393331466777
1531.0,0.018474584,2181.5250127837394
1531.1,0.0037766728,9952.996106172313
1531.2,0.032916397,2210.139400320001
1531.3,0.009235879,8872.19637004608
1531.4,0.009031868,8687.551181891318
1531.5,0.04235903,1526.0438534301613
1531.6,0.04041105,706.949315137826
1531.7,0.033457644,1788.1948849417117
1531.8,0.026837315,2316.446304095627
1531.9,0.010887929,2326.5469445539575
1532.0,0.025979465,2630.717597140825
1532.1,0.0176488,2957.71877748685
1532.2,0.002292854,5146.893531611436
1532.3,0.019980635,2509.8307986148147
1532.4,0.010611803,2459.987984155147
1532.5,0.007267846,2092.008820301243
1532.6,7.375142e-05,6789.53340518525
1532.7,0.009126902,2748.3615375482286
1532.8,0.011598521,2856.706140821357
1532.9,6.3432235e-05,8544.520366098324
1533.0,0.01842883,2323.0821291935395
1533.1,0.014198912,1747.099435793482
1533.2,6.2687606e-05,7013.795696271508
1533.3,1.9479827e-05,9174.781644525567
1533.4,1.6258797e-05,9422.64199924294
1533.5,1.7688386e-05,9044.14279254841
1533.6,1.5882993e-05,8919.622587034037
1533.7,1.4008438e-05,9376.46152715735
1533.8,1.5419328e-05,9259.204326158137
1533.9,1.5623373e-05,9252.825759113073
1534.0,1.2924331e-05,9756.864434331701
1534.1,1.3196713e-05,9571.077255906734
1534.2,1.2847297e-05,9401.986446355635
1534.3,1.3077994e-05,9593.97589252577
1534.4,0.0012052933,10021.009841034722
1534.5,0.012738749,7264.89772696246
1534.6,0.020364847,1932.0792252555916
1534.7,0.024107728,1901.1067779631144
1534.8,0.021018855,2380.20063378198
1534.9,0.01580494,1451.5995181968929
1535.0,0.013472596,2175.4789087229206
1535.1,0.00033697754,3657.9216754371228
1535.2,2.2136657e-05,8431.263994894492
1535.3,8.54385e-05,5555.837958023186
1535.4,0.023900352,1985.9489121526956
1535.5,0.029973224,1980.8647710637074
1535.6,0.0057979096,8869.850697128293
1535.7,0.021890182,1343.570746087812
1535.8,0.01916172,1704.420907626003
1535.9,0.018593095,1246.7530039081873
1536.0,0.0005479098,3355.1633193829166
1536.1,0.009633542,2223.4936871767327
1536.2,0.017858017,1866.7145273087706
1536.3,0.01055322,1957.7207939934967
1536.4,0.0010037975,5940.2932162098805
1536.5,0.02306356,1897.3132251881914
1536.6,0.018702291,2373.258811170475
1536.7,0.0002198453,7664.432056366173
1536.8,0.0049613286,3237.7397641662587
1536.9,0.0025840122,5186.0921080104135
1537.0,0.0058589033,4639.53087116002
1537.1,0.00016261826,5554.596888151407
1537.2,2.0500833e-05,8101.182507239868
1537.3,1.6020918e-05,8791.962450133655
1537.4,1.4201499e-05,9513.119828516406
1537.5,1.5093003e-05,9333.395851453406
1537.6,1.37855195e-05,9081.019410750443
1537.7,1.4577525e-05,9498.74916294578
1537.8,1.4945144e-05,9151.283054300853
1537.9,1.5100273e-05,9410.403386111164
1538.0,1.3139756e-05,9541.189424998614
1538.1,1.2975576e-05,10172.613841994193
1538.2,1.4557982e-05,9602.27417246215
1538.3,1.2938019e-05,9593.967153537422
1538.4,0.0054418296,10725.755086231798
1538.5,0.02855075,1938.5487182650484
1538.6,3.3468623e-05,7536.560906050263
1538.7,0.006720493,8051.973934623005
1538.8,0.022536485,1271.631549115022
1538.9,0.00042946692,5207.539936777905
1539.0,0.021709729,1525.3944753147393
1539.1,0.022217527,606.6451864393953
1539.2,0.010620049,989.7983593878064
1539.3,0.009671798,898.416355774216
1539.4,0.008511105,780.8123754798262
1539.5,0.017258668,2265.3633222500325
1539.6,0.0051641306,7726.407595367892
1539.7,0.020686302,1162.6962599989138
1539.8,0.02238093,997.1008765813137
1539.9,0.018280199,1462.7873630448526
1540.0,0.013106582,2004.377880073664
1540.1,0.016805429,713.5306221896416
1540.2,0.021017572,1877.7532788619662
1540.3,0.0056488723,1421.9850474007887
1540.4,0.009951367,7054.421894264659
1540.5,0.02920108,993.2612328431304
1540.6,0.0028993594,1777.123013659424
1540.7,0.0001760971,9553.721711827431
1540.8,0.016818669,2269.999038393131
1540.9,0.00022449264,5844.3802991746015
1541.0,0.00013418362,3507.416615831745
1541.1,7.642292e-05,4421.078229984707
1541.2,2.6911703e-05,7113.5542607080115
1541.3,1.484567e-05,9062.070576526656
1541.4,1.438572e-05,9625.16727188258
1541.5,1.6578186e-05,9425.493554919358
1541.6,0.018316524,2812.2131125207106
1541.7,0.030846437,2449.6131555314278
1541.8,0.0025626714,6541.4311221196895
1541.9,0.019605875,1421.0945591734785
1542.0,0.016844079,1652.5437277019487
1542.1,0.013869593,1950.733941218778
1542.2,0.002906257,3909.778846853509
1542.3,0.006483896,2576.5035051526097
1542.4,0.007340955,2138.8363651374502
1542.5,0.006047303,1996.7920705805127
1542.6,0.0010713321,5701.771056767366
1542.7,0.0029237333,7338.622994017742
1542.8,0.024310851,1853.9057148156812
1542.9,0.00010696408,7466.652751872991
1543.0,0.012693396,2899.6352232114796
1543.1,0.00070412306,5616.985005825118
1543.2,0.011021686,2602.433149638101
1543.3,0.0087007,1852.5142817198262
1543.4,0.004282562,8792.894160165964
1543.5,0.0025721183,10681.58968561874
1543.6,1.8033423e-05,10812.195665211508
1543.7,1.07622045e-05,10427.858424700047
1543.8,1.0462183e-05,10215.800577764112
1543.9,1.0617885e-05,10133.83321126972
1544.0,1.0527382e-05,10367.493197384603
1544.1,1.0286213e-05,10264.419176899213
1544.2,1.03851435e-05,10183.919271097326
1544.3,1.0528537e-05,10171.276079986612
1544.4,1.0679601e-05,9998.13930271173
1544.5,1.0281572e-05,10341.521174680434
1544.6,1.0506411e-05,10079.2182124427
1544.7,1.0259544e-05,10164.630768551468
1544.8,1.3464924e-05,9377.049656585807
1544.9,0.022063773,589.7883569395709
1545.0,0.026175102,1809.2434413705455
1545.1,0.016511748,7652.168723304687
1545.2,0.016947795,2055.4094476310656
1545.3,0.015244933,2264.5727814405122
1545.4,0.006363114,1623.3164239841028
1545.5,4.2838525e-05,6580.171335843909
1545.6,1.6877057e-05,9007.921523357534
1545.7,0.00226561,9751.869548680086
1545.8,0.03814029,2415.2615369232562
1545.9,0.026419222,1043.8698091560407
1546.0,0.023930792,1083.2653435402926
1546.1,0.008154221,1930.5167007615519
1546.2,0.007923356,889.7894720134474
1546.3,0.0033728993,4020.0765947160626
1546.4,0.013566389,5036.193303551043
1546.5,0.008381334,5498.459747769492
1546.6,0.017232656,1679.0159643150168
1546.7,0.006351176,10473.353141259317
1546.8,0.022337902,2048.240738835175
1546.9,0.018275622,1309.4241956579494
1547.0,0.016510637,1637.0188690160608
1547.1,0.009869683,1845.8444187792647
1547.2,0.00014856293,4767.512089072669
1547.3,1.0704732e-05,10527.206821610487
1547.4,1.069378e-05,10588.322872602532
1547.5,1.066351e-05,10214.478051974082
1547.6,1.0823511e-05,10162.832212830263
1547.7,1.0688519e-05,10371.747548822097
1547.8,1.0571281e-05,10395.171345147133
1547.9,1.07560345e-05,10198.937674724535
1548.0,1.0625425e-05,10208.820433839379
1548.1,1.0511326e-05,10423.07046315445
1548.2,1.0426457e-05,10303.680274627448
1548.3,1.3528725e-05,9347.6395565069
1548.4,0.018519636,1812.2744546318527
1548.5,0.027566588,782.7815553611257
1548.6,0.013292562,1355.8041856175357
1548.7,0.017947998,2140.416247930021
1548.8,0.00401522,2288.123507597547
1548.9,0.0037349276,1547.8997901339071
1549.0,0.012713749,1881.6605141700998
1549.1,0.0056174663,8290.34725852519
1549.2,0.013109448,5116.129595922213
1549.3,0.028288186,1341.902327242458
1549.4,0.015690519,1799.38567342487
1549.5,0.0040942635,10377.536216058917
1549.6,0.028537625,2477.9555723481344
1549.7,0.0020611177,4207.124501645896
1549.8,0.009584869,2660.6893048575616
1549.9,0.004056102,9222.238986164484
1550.0,0.0032627604,1794.5320369095289
1550.1,0.0019527262,1890.8864118146682
1550.2,0.003818614,8741.358330980549
1550.3,0.00060546683,10816.250955143982
1550.4,0.023539897,1397.4510208083343
1550.5,0.019086907,2208.542314369782
1550.6,0.016830616,1123.8453066154507
1550.7,0.017371465,1589.1601404180296
1550.8,0.0019549497,1791.3352604898369
1550.9,0.017532958,1837.86065759609
1551.0,0.016737165,1987.6468750245594
1551.1,0.014740518,1921.9764597270305
1551.2,0.00015517953,8581.510186510855
1551.3,0.012256263,2743.650112245939
1551.4,0.011651099,2328.8510202965153
1551.5,0.02065462,1632.138154875137
1551.6,0.013167905,2416.708634424484
1551.7,0.008990445,1165.0603297021212
1551.8,0.0051964154,1494.2564264020966
1551.9,0.015127727,1186.3229377187522
1552.0,0.0071414285,8921.367117619717
1552.1,7.997201e-05,10435.002948254009
1552.2,0.020405054,2295.7161248349207
1552.3,0.0008092153,3772.708191533933
1552.4,3.5422345e-05,7323.802289400996
1552.5,1.7777455e-05,9050.838947902477
1552.6,1.5935215e-05,8797.906926506084
1552.7,1.4887365e-05,9086.633214346008
1552.8,1.42040135e-05,9501.282002244752
1552.9,1.2850369e-05,9800.24648671288
1553.0,1.3071443e-05,9651.671150081143
1553.1,0.017456993,2017.1454705538522
1553.2,0.0029590097,2911.873294748463
1553.3,0.018441003,1277.541564792165
1553.4,0.016946767,1739.824518673202
1553.5,0.016266432,1947.9960230219726
1553.6,0.004979963,2036.7086305672656
1553.7,0.003180419,2155.5691181579223
1553.8,0.0059973234,2135.674024491468
1553.9,0.0018502682,5921.698102825023
1554.0,0.010888784,3354.6836898397237
1554.1,0.005423344,5319.462508379214
1554.2,0.009422438,2523.1192203063256
1554.3,0.0018227161,2397.1041513951877
1554.4,0.0146019645,2168.9784578178333
1554.5,0.00878567,2218.0336691856182
1554.6,0.0030895972,1948.6285826218989
1554.7,0.00021633913,4843.712106709947
1554.8,0.004741561,2514.350249603042
1554.9,0.012371422,2152.8103031196147
1555.0,0.0010464474,2556.253391222583
1555.1,0.013718893,2436.5420998039176
1555.2,7.003273e-05,7960.600429722137
1555.3,0.017416399,1340.9327098363185
1555.4,4.8539987e-05,7342.015531526282
1555.5,1.0873805e-05,10857.593189496713
1555.6,1.0881648e-05,10425.885197953361
1555.7,1.0772781e-05,10071.815973162424
1555.8,1.0582381e-05,9816.09813277566
1555.9,1.0704353e-05,10284.73823432616
1556.0,1.1038182e-05,10456.889279571535
1556.1,1.0790391e-05,10283.266038162497
1556.2,1.10077635e-05,10355.995291577743
1556.3,1.08900695e-05,10388.808646273392
1556.4,0.0013055592,5841.045968561102
1556.5,0.02976689,1485.1731824002406
1556.6,0.02551389,1181.1447098907438
1556.7,0.013166887,3336.0139409997637
1556.8,0.0027060942,9146.62878816156
1556.9,0.00055766315,8744.151604517967
1557.0,0.015760103,2764.772527746116
1557.1,0.010998672,1671.2015861026116
1557.2,0.0045475005,2967.020818855497
1557.3,0.003620766,1533.4194010732035
1557.4,0.02164336,1739.915780816473
1557.5,0.03179733,713.9724135856529
1557.6,0.01119018,2196.954744120247
1557.7,0.0014099643,7191.538868304915
1557.8,0.0001552893,7223.07381255526
1557.9,0.012069196,2190.1801148544105
1558.0,0.002356478,2768.056426839862
1558.1,3.7305486e-05,7541.557386260569
1558.2,1.6159564e-05,8960.61713436948
1558.3,1.50583755e-05,8957.896556759533
1558.4,1.5474348e-05,8864.560384668708
1558.5,1.3788444e-05,9365.342347790822
1558.6,1.2866689e-05,9660.473143383057
1558.7,2.4011837e-05,9461.792084850109
1558.8,0.0050173714,8705.221505325051
1558.9,0.025921015,2564.719351101572
1559.0,0.025543712,2062.542866716604
1559.1,0.018066857,1865.3600384955698
1559.2,0.008291393,10680.704709218026
1559.3,0.02148249,2042.663345553036
1559.4,0.021159187,1395.8967304190392
1559.5,0.0026189366,4171.904983207462
1559.6,0.020729722,2275.7587724322816
1559.7,0.0063533806,1206.754758257896
1559.8,0.0130011495,2216.293306998834
1559.9,0.005317698,4787.331026447371
1560.0,0.01686545,1612.2519118375378
1560.1,0.023007175,630.1817959496176
1560.2,0.015906608,914.7863774139437
1560.3,0.008991661,1553.4116478831547
1560.4,0.0055241305,7986.115800663948
1560.5,0.0016831186,5825.174440000839
1560.6,0.015489473,1354.680741612494
1560.7,0.020918941,1399.7571092029839
1560.8,0.012573208,796.2389549871657
1560.9,0.017099278,1759.1521762563734
1561.0,0.011838442,2273.682816072871
1561.1,9.3422066e-05,5228.503444593518
1561.2,3.1571548e-05,6693.764695772828
1561.3,1.9584799e-05,8266.717309071439
1561.4,1.618371e-05,8489.8312746688
1561.5,1.6276388e-05,8806.868277589092
1561.6,1.2313727e-05,9990.38939932849
1561.7,3.8344668e-05,9109.897382806721
1561.8,0.04570905,1693.5485123594322
1561.9,0.031991616,1739.3610903371516
1562.0,0.00018836532,5839.9336999660645
1562.1,0.021546096,1720.583311054504
1562.2,0.01157224,1843.0157732490675
1562.3,0.011296133,1824.2316465841225
1562.4,0.017569914,1228.0888817476373
1562.5,0.026837343,1883.856976480195
1562.6,0.016145473,2160.1316464886777
1562.7,0.024792755,2126.745756944231
1562.8,0.016748607,1217.3076043630967
1562.9,0.011170731,2098.0523198783967
1563.0,0.020217877,2191.9723443683843
1563.1,0.0014046432,3614.1944691425033
1563.2,0.01835331,2400.5826593768134
1563.3,0.01372617,2099.593218946707
1563.4,0.0058708284,4053.4970746976473
1563.5,0.017357673,2329.999166115147
1563.6,0.02026018,2061.9012212576754
1563.7,0.019202383,1897.513160550383
1563.8,0.023432888,805.3750508387121
1563.9,0.021220973,1838.8696708314587
1564.0,0.023992851,1274.7562734776734
1564.1,0.02139349,716.8216947954575
1564.2,0.0138360895,1647.3900903660806
1564.3,3.6588022e-05,9027.004940508024
1564.4,1.027451e-05,10070.697633174354
1564.5,1.0515794e-05,9947.429598566776
1564.6,1.0226532e-05,10173.665978532727
1564.7,1.0190771e-05,9943.872168967593
1564.8,1.0258822e-05,9927.851801738014
1564.9,1.0601161e-05,9971.86607766061
1565.0,0.007333124,1506.2206835609504
1565.1,0.0044797375,8164.320602994854
1565.2,0.0026569737,9977.665991180143
1565.3,0.0066715935,9456.318953848693
1565.4,0.003138659,6311.229328703381
1565.5,0.0228603,2144.4899351401627
1565.6,0.021009648,1917.4294627490108
1565.7,0.0027775562,5568.013716348965
1565.8,0.01522163,1944.9063995339852
1565.9,0.029062355,1576.168766323538
1566.0,0.025111811,1592.410933843003
1566.1,0.0123556815,2094.987308216372
1566.2,0.005628352,8136.493065080902
1566.3,0.005348109,7813.780030269318
1566.4,0.006886627,4672.914496143185
1566.5,0.0060763597,2641.827630977469
1566.6,4.3322518e-05,7954.356124218057
1566.7,1.8432182e-05,8867.107171928332
1566.8,1.6924349e-05,8864.825167655785
1566.9,1.5276362e-05,9274.65434560492
1567.0,1.6228441e-05,9320.018629704213
1567.1,1.3740879e-05,9814.480386607345
1567.2,1.3642926e-05,9723.040595805674
1567.3,3.1882635e-05,8914.845314029837
1567.4,0.027491817,1364.110077318649
1567.5,0.0024457565,3746.837545347931
1567.6,0.01742192,1916.6978237067806
1567.7,0.0039326902,8049.114507451179
1567.8,0.028110582,758.4435524135106
1567.9,0.017392866,1350.0980932434466
1568.0,0.01941918,1780.6612707635065
1568.1,0.02411177,2021.4016243926524
1568.2,0.02352944,1674.0157512327196
1568.3,0.0062608984,990.2067491288021
1568.4,0.008820771,2343.5954803597456
1568.5,0.031422928,1689.540674741757
1568.6,0.0023748938,3568.212363613485
1568.7,0.0090439385,4384.685341124846
1568.8,0.0031509183,4881.319311249369
1568.9,0.01626245,1702.0958229201601
1569.0,0.0007060128,3976.761447279455
1569.1,0.0028241333,3271.5699639419536
1569.2,0.007672726,1850.9732900365625
1569.3,0.006239318,907.0939899970288
1569.4,0.0094849495,2592.7361274953423
1569.5,0.0067156986,2886.7783435768815
1569.6,0.004607094,2339.80408359421
1569.7,8.976043e-05,4799.1099587828285
1569.8,3.851168e-05,6251.547115344115
1569.9,2.1133063e-05,8022.6514891746465
1570.0,1.7334123e-05,8961.104111924573
1570.1,1.1396701e-05,9888.19769925508
1570.2,1.03002885e-05,9964.117238393952
1570.3,1.0538487e-05,10028.041945473722
1570.4,1.46405855e-05,9589.980260395245
1570.5,1.2975574e-05,9413.137826525886
1570.6,1.3016908e-05,9716.845725203346
1570.7,2.138707e-05,8535.6361294885
1570.8,0.0055053607,9419.637193418619
1570.9,0.022030747,4287.371562130821
1571.0,0.022756139,1960.797487556652
1571.1,0.014131694,1888.7087231973323
1571.2,0.009719036,1079.1670849625818
1571.3,0.008955727,1535.7475674942993
1571.4,0.0010989537,7201.9568015272525
1571.5,0.008749683,2553.428445862676
1571.6,0.0058295485,1386.4168959449164
1571.7,0.017943421,1097.7779139728518
1571.8,0.024604518,920.2234223340212
1571.9,0.010984119,615.8219372691381
1572.0,0.014565402,1816.2307707006448
1572.1,0.01768207,1811.298436867514
1572.2,0.011543458,1970.9214861386934
1572.3,0.011894225,1701.7999155382804
1572.4,0.008854291,1459.7344250709748
1572.5,0.0036814623,1869.5148912793547
1572.6,0.0002015614,4217.3450869865055
1572.7,2.3002074e-05,7875.8611943059295
1572.8,1.5924179e-05,9153.578068035473
1572.9,1.3130541e-05,9376.851252158409
1573.0,1.2388851e-05,9877.839771237945
1573.1,1.2873711e-05,9543.609315949778
1573.2,1.30700355e-05,9413.805018951976
1573.3,1.3070891e-05,9646.221428010225
1573.4,0.016484477,1255.3195485999508
1573.5,0.022238769,1255.9182782146718
1573.6,5.9030728e-05,7303.03404560912
1573.7,1.6450665e-05,9105.07073825123
1573.8,1.4293349e-05,9268.887277137766
1573.9,1.3795901e-05,9663.194239092893
1574.0,0.014076118,1396.8668534021963
1574.1,0.013148271,2066.808545615509
1574.2,0.0029963744,1858.7929323786027
1574.3,0.011176115,1841.399930231414
1574.4,0.005401031,1697.6186317275278
1574.5,0.0028533367,2597.879723068809
1574.6,0.005259965,7562.130039949544
1574.7,3.9461687e-05,10448.41452940446
1574.8,0.0076808645,4521.4643704662285
1574.9,0.017893048,1715.6413817483733
1575.0,0.00010343239,6819.04425099272
1575.1,0.003878912,4323.367521216525
1575.2,0.018016828,2129.6178207858957
1575.3,0.000120615085,6715.113771069989
1575.4,3.059851e-05,7479.537650041062
1575.5,1.8167837e-05,8465.070757265934
1575.6,1.4213786e-05,9323.164536068916
1575.7,1.2961821e-05,9669.558293965352
1575.8,7.81472e-05,6997.684480305828
1575.9,0.0027278743,6030.8835155934785
1576.0,0.030111236,2108.6710226556365
1576.1,0.00456914,2123.7735228025067
1576.2,0.0049166046,4383.263952517904
1576.3,0.018169776,1867.3437642276729
1576.4,7.386696e-05,6914.863107307594
1576.5,0.00372392,3265.7632000343438
1576.6,0.0007064296,3266.982033861493
1576.7,1.0835836e-05,10629.955256246043
1576.8,1.0689422e-05,10286.965804087278
1576.9,1.0645724e-05,10385.377175611902
1577.0,1.0833589e-05,10367.325587857527
1577.1,1.0815362e-05,10398.524577360593
1577.2,1.0516493e-05,10356.336687473491
1577.3,1.0781439e-05,10368.901045126171
1577.4,1.0929412e-05,10499.559480022377
1577.5,1.06238285e-05,10280.362276838125
1577.6,1.0769837e-05,10065.514942974818
1577.7,1.09136845e-05,10298.366307913457
1577.8,1.0880441e-05,10270.06790159759
1577.9,1.3192728e-05,9682.499069841384
1578.0,0.019531578,1566.0573956298072
1578.1,0.0005204616,6329.358880650358
1578.2,0.023157552,1314.8137061871844
1578.3,0.021271667,1155.3506804841718
1578.4,0.011226869,812.3205335556268
1578.5,0.0025323268,6172.389333880562
1578.6,0.019216506,1277.603878846806
1578.7,0.022201266,1658.2562615471297
1578.8,0.0038443913,9085.874057903828
1578.9,0.011161957,2946.4799222486654
1579.0,0.010017413,2315.8667658941945
1579.1,0.014517199,1589.8139087073464
1579.2,0.0024835279,3829.2938017951155
1579.3,0.023936624,2285.4849113264245
1579.4,1.2086393e-05,10661.311533345059
1579.5,0.02045356,1372.2768534304282
1579.6,0.022944586,805.3467240187215
1579.7,0.016652875,1466.3444026528762
1579.8,0.0010571816,2940.3989290894133
1579.9,0.021772169,1115.7348216493804
1580.0,0.01644572,1627.8384822871844
1580.1,0.01026243,1814.3318700743507
1580.2,0.012266371,881.5319977303759
1580.3,0.01814838,1036.9538007951028
1580.4,0.01775712,1660.7600792735034
1580.5,0.012773194,1774.930963046571
1580.6,0.0010752962,2827.0366922187554
1580.7,2.751602e-05,7688.749668062927
1580.8,1.808221e-05,8583.017932820725
1580.9,1.4132115e-05,9517.306725454702
1581.0,1.2937734e-05,10020.886929277836
1581.1,0.007665694,2807.603091476716
1581.2,0.0032619187,2118.616575767206
1581.3,0.01696914,1147.822804901199
1581.4,0.016666032,1858.1767721619153
1581.5,0.012027661,1634.4784704603567
1581.6,0.00550514,9922.529749908583
1581.7,0.011326758,2831.07846133607
1581.8,0.00077274593,4137.632037133819
1581.9,0.013362427,2183.163805328837
1582.0,0.0016626718,3625.9104492613706
1582.1,0.019617727,1818.1439684859647
1582.2,0.025058381,588.9388707835501
1582.3,0.013680282,1814.9718030081492
1582.4,0.015003135,1347.7222289218482
1582.5,0.0123820705,1349.550480004897
1582.6,0.015896127,723.0416949421339
1582.7,0.0023723817,8255.213918231964
1582.8,0.009014524,1178.3563310651912
1582.9,0.013570446,1441.467905815885
1583.0,0.01583921,1734.1127294021921
1583.1,0.014033203,1895.9845120332293
1583.2,0.001510048,3986.241248082821
1583.3,0.005120547,2297.938168567466
1583.4,0.014171421,1888.757391974456
1583.5,0.015077467,1608.256288045534
1583.6,0.006440091,2101.9347877360806
1583.7,7.503057e-05,7459.1318495565065
1583.8,2.049409e-05,8515.697143575613
1583.9,1.5916712e-05,9201.932148812046
1584.0,1.3887247e-05,9429.119586860012
1584.1,1.3302528e-05,9767.82753944528
1584.2,1.3834537e-05,9521.828024963012
1584.3,1.2070403e-05,10157.662251788992
1584.4,1.1923775e-05,9941.875341030278
1584.5,0.004743798,1566.262527893608
1584.6,0.008591544,1999.8724185944793
1584.7,0.023218082,2096.399322966469
1584.8,0.019182239,1004.4657515312822
1584.9,0.018377932,1547.8839599263638
1585.0,0.010232462,1634.765524207919
1585.1,3.3214434e-05,8666.873810757472
1585.2,1.5205215e-05,9196.129572902302
1585.3,1.3658024e-05,9589.038458680603
1585.4,1.3718498e-05,9773.039524082107
1585.5,0.009885471,2185.4297001213854
1585.6,0.01644027,866.0881635681585
1585.7,0.010327976,1899.4981822327309
1585.8,0.01428613,2164.1753638190135
1585.9,0.009357062,2166.573707689464
1586.0,0.008561779,1689.2773219120245
1586.1,0.004350994,3484.8062441083616
1586.2,0.017321799,988.200597054597
1586.3,0.026715677,1892.1763684626717
1586.4,0.023955937,2155.2861524026775
1586.5,0.010353343,1150.589586900907
1586.6,0.0047924253,1752.374569449194
1586.7,0.014158978,1984.3884426392513
1586.8,0.022089021,1568.796447383564
1586.9,0.030058844,721.6492234031689
1587.0,0.009399452,3476.643727158945
1587.1,0.0032915662,5095.290827680241
1587.2,0.003916301,10141.974198582178
1587.3,4.107246e-05,10115.100073238067
1587.4,1.0850985e-05,10381.574879069249
1587.5,1.0478773e-05,10447.287582485897
1587.6,1.04551755e-05,10014.229202844468
1587.7,1.063093e-05,10057.67273932019
1587.8,1.03790535e-05,9991.874185435898
1587.9,1.0358076e-05,10023.78553142403
1588.0,1.051155e-05,9929.868562215448
1588.1,1.04893825e-05,10037.29183078567
1588.2,1.0541447e-05,10412.039545266078
1588.3,1.0224135e-05,10151.7493825302
1588.4,1.0286282e-05,10020.29182970722
1588.5,1.0388166e-05,10033.975717865727
1588.6,0.0033923043,9970.435393960914
1588.7,0.015348078,1561.4990736581324
1588.8,5.193848e-05,7427.373206694205
1588.9,0.008436526,2890.2746374216554
1589.0,0.009196347,706.3840996667882
1589.1,0.010717176,2240.3312362718325
1589.2,0.017979112,1601.1803306652587
1589.3,0.00050220935,5202.945121201447
1589.4,0.021749899,1438.1090266540386
1589.5,0.015169412,2197.2827216329915
1589.6,0.0031409469,9138.379055042971
1589.7,0.012906377,2609.972975649688
1589.8,0.01947708,1722.0027155067248
1589.9,0.0058355317,4942.538217033401
1590.0,0.010736771,763.9511719838822
1590.1,0.008601603,1366.476790291809
1590.2,0.022429934,1092.4191404033386
1590.3,0.019209946,1715.5148648982727
1590.4,0.014159807,659.0091957808631
1590.5,0.013790328,2207.6074026524825
1590.6,0.0031810738,10267.951423724862
1590.7,0.0023650257,4233.191290536671
1590.8,0.0015789967,4793.467249501913
1590.9,0.010160025,1620.115459067781
1591.0,0.0026001406,2237.5132576721426
1591.1,5.2641986e-05,5990.097718099421
1591.2,2.446038e-05,8084.373259723445
1591.3,1.8647119e-05,8574.6356645172
1591.4,1.4078659e-05,9575.304655475695
1591.5,1.4553185e-05,9486.976704664397
1591.6,1.343799e-05,9762.019617359116
1591.7,1.3422844e-05,9756.998543463664
1591.8,1.2712396e-05,9942.84401408704
1591.9,1.3991925e-05,9817.771797531925
1592.0,1.5898979e-05,9526.325964742704
1592.1,0.008927098,1941.685376557578
1592.2,0.009473096,1102.5489146969614
1592.3,0.019205574,1765.7652084564259
1592.4,8.131687e-05,7524.529866047411
1592.5,0.012512098,1686.0808443846265
1592.6,0.0058056978,1131.4322803345576
1592.7,0.0031052034,972.6826255164576
1592.8,0.0028306742,831.2685124199041
1592.9,4.921669e-05,6046.865131603292
1593.0,1.70579e-05,8968.504521568464
1593.1,1.5376216e-05,9247.037380156245
1593.2,1.4650579e-05,9631.756012950862
1593.3,1.3672089e-05,9865.481558574395
1593.4,0.0037804334,1676.582889931045
1593.5,0.0015829912,4763.048758423127
1593.6,0.017264728,1647.7708956037654
1593.7,0.0032690892,9045.849145161736
1593.8,0.0042477953,6764.52616007946
1593.9,0.009963806,1204.2541188218186
1594.0,0.008060834,1387.6485476850476
1594.1,0.001854904,5619.967847222685
1594.2,0.011872018,2594.4042616752886
1594.3,0.005169528,1548.5039448203106
1594.4,0.006645923,1476.193910501297
1594.5,0.002953498,3242.314716528378
1594.6,0.0025627918,2297.020541334923
1594.7,0.0015902044,1460.8783946230556
1594.8,0.002833292,1532.6035259660202
1594.9,0.00012005747,4961.589262374263
1595.0,5.017559e-05,5868.814447795863
1595.1,1.5880076e-05,8839.603096529703
1595.2,1.018673e-05,9907.291663565436
1595.3,1.3451789e-05,9511.888008930742
1595.4,0.018733418,1847.940048542063
1595.5,0.021699063,626.1084214089465
1595.6,0.0024654553,4241.196371624598
1595.7,0.011906629,2188.625868606453
1595.8,0.004072178,3776.8766981003846
1595.9,0.008944517,1850.8695763335115
1596.0,0.0074510793,1839.6587206485926
1596.1,0.008238661,935.9971220883771
1596.2,0.008353625,1353.7366625592142
1596.3,0.01664571,1689.5435652980696
1596.4,0.009993988,2212.914707577832
1596.5,0.012986058,1846.7786525197964
1596.6,0.005509822,2786.002521035185
1596.7,0.012323627,865.0022010598134
1596.8,0.00806057,8876.57428233017
1596.9,0.0018327666,3941.555788121422
1597.0,0.0058068316,2313.353002865749
1597.1,0.005517528,1751.9424218031033
1597.2,0.015508565,1414.6682816141747
1597.3,0.004208401,3194.854712030036
1597.4,4.2467374e-05,7766.992556755333
1597.5,1.5965185e-05,9198.749537548909
1597.6,1.5181918e-05,8974.27118646475
1597.7,1.3413785e-05,9537.705103462387
1597.8,1.3526446e-05,10004.365817657539
1597.9,1.2830865e-05,9692.330502337096
1598.0,1.27221865e-05,9929.38572846132
1598.1,1.2590941e-05,9726.740393912063
1598.2,1.3233608e-05,9636.41226405972
1598.3,1.271869e-05,9702.094557871122
1598.4,1.360456e-05,9708.628478416089
1598.5,1.3303783e-05,9646.74433896832
1598.6,1.2954202e-05,9773.50823702419
1598.7,1.1709611e-05,9741.005842163242
1598.8,0.0013501878,3154.868336734222
1598.9,0.012295771,1561.6484477870522
1599.0,0.0065966193,3216.363889741143
1599.1,0.010794882,730.3306491984744
1599.2,0.0033062089,7579.107196249489
1599.3,0.023869958,676.163671526035
1599.4,0.018934831,1195.216104421086
1599.5,0.020533703,1284.7028255668542
1599.6,0.02984581,1000.6618531129776
1599.7,0.024061615,1275.792419642279
1599.8,0.0069115,967.764378463157
1599.9,0.0026238048,1680.024069441311
1600.0,0.01567236,2093.687877424014
1600.1,0.0038882748,8055.145571894502
1600.2,0.019463982,833.8937786595159
1600.3,0.014516511,1059.6842983814918
1600.4,0.0020425161,2429.300173863173
1600.5,0.012147049,2204.21031051257
1600.6,0.014271618,1519.9392966351857
1600.7,0.013008939,1645.875741630577
1600.8,0.00019003429,5837.4061553599895
1600.9,0.0019582189,6298.025241753384
1601.0,0.019650284,1627.5508986595808
1601.1,0.00065014645,4714.766274694395
1601.2,0.003272589,4509.06379041529
1601.3,0.008702912,2201.8811209567834
1601.4,6.066273e-05,5555.857395229345
1601.5,2.916271e-05,7676.309303638134
1601.6,1.7427123e-05,9269.983190205941
1601.7,1.4157604e-05,9386.554462328886
1601.8,1.3983927e-05,9521.231436030386
1601.9,1.356425e-05,9738.984794756545
1602.0,1.344412e-05,9573.02036454973
1602.1,0.0029023087,9561.912195607221
1602.2,0.00014041358,9707.138488073848
1602.3,0.018120952,1404.5528693425813
1602.4,0.0061526187,9290.292596982683
1602.5,0.0146153625,2971.469166836267
1602.6,0.01221475,5648.5097662652215
1602.7,0.005165856,4365.851843312902
1602.8,0.005474353,9427.183299308972
1602.9,0.006691069,2153.671103652828
1603.0,0.0014515468,6577.042966420428
1603.1,0.007294467,2540.186501134602
1603.2,0.01210436,2461.2260254644843
1603.3,0.003300616,2881.557805370845
1603.4,0.017929256,2064.3694493725757
1603.5,0.0019861397,4365.512049418459
1603.6,0.02307715,1968.4743896350321
1603.7,0.0016442065,2378.995070412311
1603.8,1.0216333e-05,10255.654157198638
1603.9,1.0342741e-05,10043.046138392696
1604.0,1.02115e-05,10052.367295293561
1604.1,1.01705755e-05,10194.41237832627
1604.2,1.036242e-05,10028.61211569224
1604.3,1.0079425e-05,10122.799135055253
1604.4,1.0106618e-05,9880.785059161437
1604.5,1.037888e-05,9879.121583100752
1604.6,1.2315971e-05,10065.503594105101
1604.7,0.0075835283,2145.6199606800565
1604.8,0.00090225856,4114.964197523077
1604.9,0.01660701,1809.9472238434337
1605.0,0.0061992053,1584.2394324398472
1605.1,0.014933479,2170.608473160207
1605.2,0.0010404651,5394.591449879219
1605.3,0.0046146926,2502.197374926609
1605.4,0.00038464184,3636.667924769058
1605.5,1.1806493e-05,10206.324937846784
1605.6,1.0112195e-05,9912.120057473601
1605.7,1.03515085e-05,9902.338952611764
1605.8,1.0285245e-05,10197.5857628658
1605.9,1.02130125e-05,9815.691244980455
1606.0,1.0394267e-05,9893.237654820336
1606.1,1.0415956e-05,9900.118935911467
1606.2,1.0633647e-05,9789.44050593173
1606.3,1.0392132e-05,10052.831086506183
1606.4,1.0229253e-05,10070.03828852713
1606.5,1.2778304e-05,9491.415279769775
1606.6,0.013006041,1457.3924693928993
1606.7,0.0037348587,1423.3823518424947
1606.8,0.025332374,995.3308679542546
1606.9,0.019386522,1442.8803849905194
1607.0,0.001588416,3996.3723381891696
1607.1,0.017831886,2069.6008709088674
1607.2,0.009630948,1531.1389350754202
1607.3,0.0016746066,4907.664763778346
1607.4,0.0060144374,8001.783065139248
1607.5,0.0030400683,9876.17913220076
1607.6,0.01742157,2049.7467803099116
1607.7,0.0012352333,3280.9850891521255
1607.8,0.010109083,2319.174134286426
1607.9,0.001706158,4805.078493422618
1608.0,0.0029245196,4266.160550138424
1608.1,0.001650596,3159.4668207105065
1608.2,1.0475962e-05,10084.985054916673
1608.3,1.008206e-05,10039.605251043926
1608.4,1.0248462e-05,10169.014380568033
1608.5,1.0416632e-05,10061.86076992074
1608.6,1.0607607e-05,10298.608720553877
1608.7,1.05851705e-05,10200.477377960044
1608.8,1.012896e-05,10219.531187271796
1608.9,1.0592173e-05,10148.749216242617
1609.0,1.0777941e-05,9984.334315065491
1609.1,1.0325821e-05,9885.559815995868
1609.2,9.94326e-06,9850.87910489487
1609.3,1.06712405e-05,10037.716455114378
1609.4,1.0541021e-05,9798.525883496164
1609.5,1.0335537e-05,9986.921568357144
1609.6,1.03903185e-05,10099.111978188837
1609.7,1.0381153e-05,10394.482678585075
1609.8,1.3909997e-05,9885.890634109104
1609.9,0.022636386,1467.456577357195
1610.0,0.010334673,5468.734895691014
1610.1,0.005935319,8837.904130539688
1610.2,0.012834434,3458.4544584331825
1610.3,0.023715107,2056.513478317961
1610.4,0.0063240603,1156.805058082937
1610.5,0.009839775,1015.3818047912914
1610.6,0.017387552,1675.0697545765177
1610.7,0.017519146,1645.0558185680975
1610.8,0.017902207,693.0069721748025
1610.9,0.0017652859,4112.9392631709525
1611.0,0.024170415,1466.974303965595
1611.1,0.01806676,1279.864127326395
1611.2,0.007864069,5122.197555462886
1611.3,0.024166374,1711.2040913926867
1611.4,0.018089345,1069.6056920454835
1611.5,0.021106094,1135.385759438939
1611.6,0.013832587,814.5747009587672
1611.7,0.003269471,7692.964293289359
1611.8,0.025875108,955.1862895145633
1611.9,0.023975471,1261.7564328472045
1612.0,0.015234491,2205.578194706212
1612.1,9.856803e-05,5699.605291417267
1612.2,8.270402e-05,4437.33796943431
1612.3,2.6234753e-05,7189.050559994996
1612.4,1.5466874e-05,9227.441852909411
1612.5,1.27618705e-05,9364.160888497285
1612.6,0.0027080018,9748.35106540596
1612.7,0.025842493,2345.647331496756
1612.8,0.029820213,2516.9424933765686
1612.9,0.02578555,874.9988860258136
1613.0,0.021611063,1776.9020591730941
1613.1,0.01650717,983.8038889138627
1613.2,0.016753102,2175.63372295487
1613.3,0.021826344,1564.2501790109707
1613.4,0.0020265437,4874.729698309135
1613.5,0.0168876,2084.063115294993
1613.6,0.0022876163,4845.167328434562
1613.7,0.008717195,2289.654041585691
1613.8,0.0013595521,5441.980894493296
1613.9,0.00056429213,3096.75616821127
1614.0,0.004970751,1518.6118149062277
1614.1,0.0035708274,2915.5704797805947
1614.2,0.0135892555,776.1814832459454
1614.3,0.009144608,941.6907638880534
1614.4,0.0050226627,1089.9314802596853
1614.5,0.005388872,1012.5553595192613
1614.6,0.017336527,1081.6511025601485
1614.7,0.010414913,1666.6096627308998
1614.8,0.019145241,1399.9740740404216
1614.9,0.0033487594,7679.758233271379
1615.0,0.0009847623,6687.5367357191735
1615.1,0.005702683,2556.7606664082427
1615.2,0.00024994486,4637.47712026077
1615.3,3.629693e-05,6872.555576858773
1615.4,1.5341286e-05,8864.82026173022
1615.5,1.5202458e-05,9340.516618885578
1615.6,1.3615426e-05,9664.265869922674
1615.7,1.4214077e-05,9437.957505138671
1615.8,1.62716e-05,9364.581296336259
1615.9,1.5026539e-05,9546.471293219198
1616.0,0.0009818804,5077.794926149883
1616.1,0.0010873138,6045.55665726547
1616.2,0.019575462,1892.1520739372086
1616.3,0.0069366237,1627.275879298642
1616.4,2.9672268e-05,7936.84555419434
1616.5,0.013149795,1300.1217499108452
1616.6,0.0056088185,1782.7088606224302
1616.7,4.9403065e-05,7066.59057792253
1616.8,2.3736111e-05,7814.699114490235
1616.9,2.0885465e-05,8611.746776618846
1617.0,2.2231436e-05,8769.441323240297
1617.1,2.0243375e-05,9311.819228263483
1617.2,1.8973884e-05,9137.955601405674
1617.3,2.4083964e-05,8469.820081754047
1617.4,0.0025184415,7103.679773413495
1617.5,0.0027338546,4961.012687411476
1617.6,0.017153125,2091.767345426264
1617.7,0.0019950634,6691.564409932514
1617.8,0.008359662,2560.443274302035
1617.9,0.0045923726,9029.891486821125
1618.0,0.011433729,3028.3834426145445
1618.1,0.0037484227,8695.375779936985
1618.2,0.018604126,1557.2558153064613
1618.3,0.018354101,781.2382602925902
1618.4,0.015958631,1703.0165109814893
1618.5,0.022228995,1322.6358533956657
1618.6,0.0005408419,4880.955841568749
1618.7,0.0018178509,3829.6654271442335
1618.8,0.008825903,1509.2473172001833
1618.9,3.5008597e-05,7609.4677242959015
1619.0,1.7114946e-05,9165.876784120257
1619.1,1.5603835e-05,9012.535538891363
1619.2,1.5580841e-05,9274.694445199373
1619.3,1.452199e-05,9359.697050652072
1619.4,1.5400217e-05,9354.64232189457
1619.5,1.0048551e-05,10011.884374788588
1619.6,1.0216987e-05,10108.43404084459
1619.7,1.4138016e-05,9638.664759030446
1619.8,1.4935477e-05,10000.59100355328
1619.9,1.349091e-05,9914.47906561665
1620.0,1.3556908e-05,9441.460930970235
1620.1,0.006052205,1263.6812510291918
1620.2,0.013966618,2384.7038355004493
1620.3,0.00016352787,6704.676702624693
1620.4,0.0035039794,3379.7870686671563
1620.5,0.020984972,1863.4770926137278
1620.6,0.0007980178,3337.2301859126587
1620.7,1.1399681e-05,10372.301549303002
1620.8,1.0606555e-05,10303.51579387274
1620.9,1.0240491e-05,10127.390020331193
1621.0,1.05072895e-05,10187.690065338877
1621.1,1.0488173e-05,10219.465047368318
1621.2,1.1095952e-05,10490.788638073238
1621.3,1.1174444e-05,10178.91442246909
1621.4,0.00802998,3109.1622391022847
1621.5,0.011691445,1268.2763882142551
1621.6,0.015899654,1358.1875438257305
1621.7,0.017402777,1189.02570889344
1621.8,0.0008787209,6134.070866219552
1621.9,0.00028402428,7739.5860587222705
1622.0,0.013137297,1876.0641435810505
1622.1,0.01532789,2325.7743939860666
1622.2,0.0031716381,8579.691459221038
1622.3,0.0041297255,5307.180950485035
1622.4,0.01451549,1901.33176467689
1622.5,0.008591368,1014.6014794550841
1622.6,0.01308813,1169.3015782992588
1622.7,0.012951395,1200.018615149054
1622.8,0.008594451,890.595943973023
1622.9,0.017608099,995.5232787433381
1623.0,0.004037817,1732.9713285693483
1623.1,0.00015288731,3324.508295751145
1623.2,0.0001029126,3805.8184017000995
1623.3,4.3001106e-05,5489.164132272407
1623.4,1.6208332e-05,8931.752378103103
1623.5,1.2782306e-05,9512.366823041093
1623.6,1.2718027e-05,9686.887843567925
1623.7,0.0030693715,894.4476135651337
1623.8,0.01840825,1477.6127894417643
1623.9,0.008003912,3076.0479460103816
1624.0,0.016545156,1080.427511843523
1624.1,0.020578152,1408.659389040325
1624.2,0.0226548,574.6500636575311
1624.3,0.011850902,1372.5328967436517
1624.4,0.0018226655,4670.217847874534
1624.5,0.01883461,792.8743564581765
1624.6,0.019404823,1423.0434491944347
1624.7,0.002716085,7417.225377511203
1624.8,0.012978292,999.7100939155885
1624.9,0.015635153,1062.8899696597582
1625.0,0.0031805087,6697.436491900187
1625.1,0.0012132651,2952.8712216471176
1625.2,0.013651439,1608.6517669257184
1625.3,0.017651044,788.3517681245442
1625.4,0.0102353655,1796.267178250178
1625.5,0.002257023,10356.187822379503
1625.6,0.008019824,3150.73132486086
1625.7,0.010139924,1638.4689712244747
1625.8,0.0077490592,1920.4002666183446
1625.9,0.0014377147,2678.7236493373516
1626.0,4.1513445e-05,7186.482291601647
1626.1,1.0354112e-05,10042.738369336805
1626.2,1.0364821e-05,10236.632050237677
1626.3,1.039324e-05,10066.248340812934
1626.4,1.0671113e-05,10126.24353809512
1626.5,1.0586471e-05,10138.955747719636
1626.6,1.0493234e-05,10460.500728497402
1626.7,1.0023918e-05,10104.543952912503
1626.8,1.0530641e-05,10211.797492923397
1626.9,1.2624217e-05,10137.244250738244
1627.0,1.2360906e-05,9511.930036004727
1627.1,0.024643216,975.7423761298428
1627.2,0.0008516729,3722.067377657476
1627.3,0.019845502,1503.6784072189653
1627.4,0.00029133126,6137.236423462282
1627.5,0.004584531,8830.669819851346
1627.6,0.02292609,2239.736983621802
1627.7,0.018343257,2208.6856186659807
1627.8,0.02171012,2004.44802720948
1627.9,0.018965995,2159.8641575794227
1628.0,4.0876057e-05,8189.584727543899
1628.1,0.013705798,1603.3431472265222
1628.2,0.019645603,1575.910127923156
1628.3,0.0018686936,5326.953286248205
1628.4,0.00787145,2165.698691950955
1628.5,0.0036125495,2287.9831026014326
1628.6,5.0741502e-05,7056.318555512773
1628.7,1.752319e-05,8814.959878973394
1628.8,1.3749985e-05,9429.450505838111
1628.9,1.3189572e-05,9673.426232886633
1629.0,0.0048788213,1271.4936658839692
1629.1,0.02111032,1132.086948789576
1629.2,0.01961584,1271.0923048180982
1629.3,0.0015938447,3512.9264083268454
1629.4,0.011411453,1646.9659757895574
1629.5,0.00061817624,3714.7397748257995
1629.6,0.00255229,2317.098468156895
1629.7,0.0031901437,2170.5269116645472
1629.8,0.00012575397,5570.501655460035
1629.9,0.001890898,4122.4033395336355
1630.0,0.0020029196,2489.6250050347794
1630.1,0.00013480929,5378.218499855744
1630.2,1.7446877e-05,8464.818421142792
1630.3,1.4603434e-05,9411.965343871203
1630.4,1.3520957e-05,9718.47661930136
1630.5,1.2905154e-05,9813.22081414682
1630.6,1.293687e-05,9828.239795965086
1630.7,1.250719e-05,9864.213742750577
1630.8,1.2909907e-05,9865.127533564642
1630.9,0.0013611383,3744.4103619363077
1631.0,5.564014e-05,7889.817422172693
1631.1,0.012566679,2656.327345176328
1631.2,0.019324843,2339.43181315814
1631.3,0.0116516845,2120.370479942466
1631.4,0.010014828,813.0883611701229
1631.5,0.008087445,1513.488223481518
1631.6,0.012042758,1094.2303811740524
1631.7,0.0062288507,1613.9549972414063
1631.8,0.01593342,963.7216220606106
1631.9,0.011082482,1108.7007655716016
1632.0,0.00533992,1301.5502326690641
1632.1,0.0016915853,9410.239148258057
1632.2,0.0014517466,7323.822627227833
1632.3,0.0032746107,3917.7808310372043
1632.4,0.0020718093,2279.9063086459964
1632.5,3.6998666e-05,7689.217620608145
1632.6,1.0349933e-05,10291.304112934218
1632.7,1.0815623e-05,10150.551260218299
1632.8,1.0390001e-05,10174.022713082155
1632.9,1.0380648e-05,10474.310115346241
1633.0,1.0681546e-05,10151.485035276008
1633.1,1.0434046e-05,9990.89089381912
1633.2,1.044426e-05,10259.498544234228
1633.3,1.0442788e-05,10242.78117278535
1633.4,1.0715523e-05,10244.55490631437
1633.5,1.0338505e-05,10247.326060416417
1633.6,1.0505684e-05,10199.00922874428
1633.7,1.03853035e-05,10384.306267809265
1633.8,1.06830685e-05,9967.141529725952
1633.9,1.054192e-05,10220.830553181077
1634.0,1.0641311e-05,10252.481235932919
1634.1,1.0737261e-05,10197.199116792612
1634.2,1.0511307e-05,9688.187328026459
1634.3,1.0470914e-05,10051.90122208653
1634.4,1.0387693e-05,10202.935807912156
1634.5,1.1307328e-05,10186.150128187071
1634.6,1.3130852e-05,9620.672087752857
1634.7,0.017202498,1155.2885922456787
1634.8,0.02734933,490.2431435515525
1634.9,0.0161255,1352.7209581415605
1635.0,0.01883346,1634.2528243034783
1635.1,0.022022886,1180.437226934799
1635.2,0.011571056,937.1777655025586
1635.3,0.0019537252,3701.3901400822224
1635.4,0.010176402,1668.8591402406273
1635.5,0.0071785315,1298.678024355924
1635.6,0.00011707205,6249.501767280421
1635.7,0.0013258434,5068.303298357182
1635.8,0.019283265,1348.1749085010433
1635.9,0.00036965156,5952.957076262568
1636.0,0.01914077,1291.2611390149325
1636.1,0.017879888,1208.6548483783183
1636.2,0.0142311165,900.4822437188506
1636.3,0.016631788,1165.2339457033688
1636.4,0.022110239,961.4996770125701
1636.5,0.013876336,1651.6108552683097
1636.6,0.016062574,1353.6744565422255
1636.7,0.010147357,913.4386951073881
1636.8,0.01008786,1556.024293311847
1636.9,0.0047206054,1805.9651048944697
1637.0,3.8094182e-05,6794.281282367553
1637.1,1.0403315e-05,10304.630253672027
1637.2,1.0378721e-05,10311.085160648921
1637.3,1.0556903e-05,10282.45823179599
1637.4,1.0398158e-05,10373.052935942636
1637.5,0.0027203863,2127.277886433582
1637.6,0.011851509,1470.8971779557469
1637.7,0.002935733,7759.779003236214
1637.8,0.006185835,8889.90338450599
1637.9,0.0111375665,2058.4503309906327
1638.0,0.004001741,1458.8422299573613
1638.1,0.002093311,3552.0809831499646
1638.2,0.017030207,1361.8100709613093
1638.3,0.006079495,931.6458206158077
1638.4,0.002040006,1877.0839538226035
1638.5,4.0811297e-05,5837.884228063331
1638.6,0.0024847742,7960.987395663103
1638.7,0.0020287908,8904.752042609027
1638.8,0.009071843,1015.2405759523987
1638.9,0.009065613,1770.47172843388
1639.0,0.0026153922,2482.054385482437
1639.1,0.00031072562,4520.946406897045
1639.2,0.00029908452,9103.701173379824
1639.3,0.0015971725,2932.8808906118957
1639.4,4.6217003e-05,6977.462274785641
1639.5,1.5708423e-05,9218.698137974756
1639.6,1.18398175e-05,10018.405349432971
1639.7,1.0503528e-05,9984.110624765284
1639.8,1.053957e-05,10296.735848885404
1639.9,1.0252896e-05,9924.747691204537
1640.0,1.0600419e-05,10352.663216351984
1640.1,1.0545838e-05,10111.42795227027
1640.2,1.07418855e-05,10397.10943192865
1640.3,1.092263e-05,10180.954050491862
1640.4,1.059468e-05,10031.161072954277
1640.5,1.0710538e-05,10281.144063595959
1640.6,1.0234823e-05,10148.518628558673
1640.7,1.0600619e-05,10262.34181353187
1640.8,1.0444611e-05,10424.777137954012
1640.9,0.00024312829,4257.287587843135
1641.0,0.007911535,1601.9542056929517
1641.1,0.0053566527,1140.4880559016299
1641.2,0.016946003,857.334128094475
1641.3,0.008341734,1968.1074675718467
1641.4,0.015639337,915.6017511932612
1641.5,0.014432067,1193.1433002751749
1641.6,0.01684823,1191.8133779913223
1641.7,0.012237771,1451.289106043728
1641.8,0.00738845,1705.4004414499875
1641.9,0.0008077903,3868.016638223595
1642.0,0.0031997445,8260.179205119051
1642.1,0.0021448391,4319.078347044103
1642.2,0.005922792,2276.9845680467597
1642.3,0.0004447787,3663.224663011144
1642.4,3.387117e-05,6844.805106890211
1642.5,0.0015673307,2700.0404493029428
1642.6,0.00060321455,3256.4848679467163
1642.7,2.9485816e-05,6775.930862531588
1642.8,1.1111794e-05,10278.653363866633
1642.9,1.0959043e-05,10398.773352044276
1643.0,1.1100972e-05,10367.966914331624
1643.1,1.1129568e-05,10492.147862353124
1643.2,1.065996e-05,10334.337168213102
1643.3,1.0852847e-05,10670.361486521091
1643.4,1.0746751e-05,10298.743648830095
1643.5,1.0959269e-05,10576.177060909766
1643.6,1.0706683e-05,10403.173764928466
1643.7,1.103945e-05,10509.270532021765
1643.8,1.09761795e-05,10467.754000437784
1643.9,1.0870861e-05,10609.581933278818
1644.0,1.0950257e-05,10391.816279025426
1644.1,1.0939393e-05,10691.055463049219
1644.2,1.06096995e-05,10228.04953047439
1644.3,1.0834907e-05,10582.324453386023
1644.4,1.0855254e-05,10613.387218368636
1644.5,1.102365e-05,10352.05317803716
1644.6,1.062507e-05,10404.606423572233
1644.7,1.0848746e-05,10517.185032644069
1644.8,1.0840317e-05,10298.229265502257
1644.9,1.0838361e-05,10475.068555338587
1645.0,1.1037874e-05,10257.711102621499
1645.1,1.06896e-05,10289.53727455649
1645.2,0.00171391,9818.55266001451
1645.3,0.016885513,1454.1482917816434
1645.4,0.009048608,2891.3580157936326
1645.5,0.02637563,948.0294741399124
1645.6,0.022651747,1146.900483899648
1645.7,0.0076201567,802.7768473095118
1645.8,0.0066525894,1346.0287412847572
1645.9,0.0105919065,1628.0137296156415
1646.0,0.0026834232,9214.608684660321
1646.1,0.004965522,4551.646480246636
1646.2,0.02574328,844.3846560549998
1646.3,0.019352462,1263.0290100504876
1646.4,0.0031396006,2778.6926396335307
1646.5,0.020978045,1185.4617826458125
1646.6,0.018134313,2013.0672832845778
1646.7,0.01879457,2246.662263867109
1646.8,0.015807787,1404.3237457240898
1646.9,0.004323922,3495.117698352405
1647.0,0.00836503,2522.8898643789144
1647.1,0.0029896437,4241.315322089354
1647.2,0.011160867,1502.3556726733825
1647.3,0.012218053,1721.5491301456677
1647.4,0.009739951,1174.1695697022685
1647.5,0.0055874763,1759.5917146992795
1647.6,0.0021169486,2992.1564933695677
1647.7,0.0014456359,2740.84422167748
1647.8,4.013681e-05,6756.154788032454
1647.9,1.603704e-05,9082.438658373168
1648.0,1.396229e-05,9288.440641403648
1648.1,1.28726115e-05,9994.978723066619
1648.2,1.3375382e-05,9601.798410582123
1648.3,1.2832945e-05,9803.634372756667
1648.4,1.2689054e-05,10098.043515309424
1648.5,1.3501101e-05,9766.14856989024
1648.6,0.012759733,1361.092301978926
1648.7,0.008517266,1087.2959214439534
1648.8,0.008608852,1041.8154417894505
1648.9,0.006768592,1522.746696863817
1649.0,0.001123248,3220.4071002116807
1649.1,0.010794495,1149.0938836749829
1649.2,0.013140134,949.5491142564729
1649.3,0.022303464,457.7752058749752
1649.4,0.017119192,800.8112859947701
1649.5,0.012003432,912.7508866470358
1649.6,0.00028995928,5936.955625518094
1649.7,0.012668838,1767.6043694792334
1649.8,0.01745426,1271.5632176116915
1649.9,0.0025720892,8569.93763800477
1650.0,0.0029003124,6297.385885213909
1650.1,0.010640476,1241.722899617564
1650.2,0.0026302293,3671.0069518928717
1650.3,0.0005579599,3490.5181089055873
1650.4,0.0011997073,2266.3348270269444
1650.5,0.008069446,1477.2655548071166
1650.6,0.0016010797,8747.033064490886
1650.7,0.003180107,2640.016312646164
1650.8,0.0033871403,2374.5625936838687
1650.9,7.135199e-05,6671.766847063617
1651.0,2.0828826e-05,8623.78270967682
1651.1,1.0710278e-05,10482.159476563706
1651.2,1.0673124e-05,10498.424350825806
1651.3,1.0616436e-05,10440.582710124596
1651.4,1.0786862e-05,10087.691389072219
1651.5,1.0342919e-05,10302.967324203093
1651.6,1.0778138e-05,10496.370704981815
1651.7,1.0792395e-05,10199.37085974326
1651.8,1.1004145e-05,10384.082248370922
1651.9,1.0698559e-05,10396.712762190386
1652.0,1.0811449e-05,10244.027579445348
1652.1,1.0540601e-05,10235.160393048089
1652.2,1.0701263e-05,10528.641634970438
1652.3,1.0609223e-05,10299.020241887498
1652.4,1.0904439e-05,10370.625711866145
1652.5,1.06626785e-05,10220.658396668365
1652.6,1.2789587e-05,9740.676439566249
1652.7,0.0010235528,9404.083658687283
1652.8,0.002822734,6396.308755639393
1652.9,0.003711213,2214.2476544456217
1653.0,0.014108749,1732.3787212164314
1653.1,0.004042444,1393.5137794608556
1653.2,0.01419666,1252.9853418544174
1653.3,0.0005010579,3652.5121985241053
1653.4,0.0025331667,2524.676314608925
1653.5,0.00032325496,3590.353913378144
1653.6,2.4453027e-05,7299.802161036553
1653.7,1.6093776e-05,9202.203128045247
1653.8,1.52314415e-05,9146.300656228554
1653.9,1.3243769e-05,9708.321972766287
1654.0,1.26701225e-05,9916.565034513995
1654.1,1.3036978e-05,9775.405773199629
1654.2,1.2390209e-05,10054.198450387192
1654.3,1.3017328e-05,9626.255859904597
1654.4,1.320139e-05,10107.03687137375
1654.5,1.3670201e-05,9582.903312852766
1654.6,1.286101e-05,9751.701100567188
1654.7,1.3282918e-05,9777.461930829535
1654.8,1.23657765e-05,9827.173175704793
1654.9,1.235548e-05,9903.887529117615
1655.0,1.2536063e-05,9921.82743942046
1655.1,0.00057387806,1891.5997528102248
1655.2,0.004416754,1757.9703534251685
1655.3,0.0062272367,2804.3857116525587
1655.4,0.007255732,2234.871524721158
1655.5,0.0024060614,9847.99583509358
1655.6,0.0041783797,9794.116500692548
1655.7,0.01102771,1827.4697691690399
1655.8,0.0069681266,1073.3328927101466
1655.9,0.0066171,1845.3329424851815
1656.0,0.0006431852,2697.9394164976547
1656.1,3.3632998e-05,7187.368436488861
1656.2,1.4950252e-05,9002.110100683098
1656.3,1.2917627e-05,9590.64935839581
1656.4,1.024475e-05,9946.497844052828
1656.5,1.0317952e-05,9863.03908078868
1656.6,1.03252705e-05,9885.888885998509
1656.7,1.0005616e-05,9890.915207111822
1656.8,1.0023382e-05,9871.210139453471
1656.9,1.0416245e-05,9790.338717672834
1657.0,9.985003e-06,9802.718842520118
1657.1,1.0121298e-05,10080.909279339105
1657.2,9.838586e-06,10004.99040275584
1657.3,1.0420297e-05,10041.478456397741
1657.4,1.0485268e-05,9858.944277911774
1657.5,1.0336877e-05,9909.45897320589
1657.6,1.0442027e-05,10109.177578074792
1657.7,1.0469761e-05,10096.854780076534
1657.8,1.0321228e-05,10047.434827665456
1657.9,9.868114e-06,10225.756034603399
1658.0,1.0274519e-05,10034.782484969668
1658.1,1.0397386e-05,9973.630622793022
1658.2,1.0322203e-05,9982.125812265405
1658.3,9.997625e-06,10193.44099328635
1658.4,1.0150812e-05,10020.332164104322
1658.5,1.0016979e-05,10003.815727976602
1658.6,1.0141388e-05,10116.842939635859
1658.7,1.0347334e-05,9981.584589726766
1658.8,1.0522157e-05,9881.832450696273
1658.9,1.0616012e-05,10140.05124723208
1659.0,1.0048261e-05,10065.383276814528
1659.1,1.0311329e-05,10216.13951204073
1659.2,1.0258627e-05,10286.249567615734
1659.3,1.010879e-05,10126.88827932539
1659.4,1.016641e-05,10066.18826376753
1659.5,1.0051348e-05,10239.823935627724
1659.6,1.03376e-05,10064.029876072786
1659.7,1.06097405e-05,10016.891245802875
1659.8,1.0335899e-05,10005.410777663794
1659.9,1.0386888e-05,10139.385608671892
1660.0,9.985076e-06,10196.88025140019
1660.1,1.0491072e-05,9987.919432863657
1660.2,1.02982285e-05,10057.75640999577
1660.3,1.0505975e-05,10138.39753396733
1660.4,1.0207113e-05,9991.80415306742
1660.5,1.0345934e-05,9809.360823187144
1660.6,1.028799e-05,10044.678833729093
1660.7,1.0281453e-05,10085.023932107775
1660.8,1.013091e-05,10331.558494569546
1660.9,1.035711e-05,10181.436343610741
1661.0,1.0161194e-05,9853.29691991739
1661.1,1.0254127e-05,9783.706501064695
1661.2,1.0196963e-05,10047.968083591772
1661.3,1.0257548e-05,10027.132176997322
1661.4,1.0326369e-05,10204.856980647588
1661.5,1.0479858e-05,10023.02081472698
1661.6,9.883072e-06,10001.16799665095
1661.7,1.0198588e-05,9933.901682750999
1661.8,1.040112e-05,9800.793639147432
1661.9,1.0203027e-05,9915.64136314391
1662.0,1.0392068e-05,10030.27757938295
1662.1,1.005518e-05,10178.266903298376
1662.2,1.05791e-05,10223.681779602928
1662.3,1.0172539e-05,10105.070003725374
1662.4,9.941886e-06,10067.594400749698
1662.5,1.0738791e-05,9943.609046585238
1662.6,1.0444023e-05,10068.381165545132
1662.7,1.0364942e-05,10109.946177707898
1662.8,1.0190831e-05,9655.038425728391
1662.9,1.00985735e-05,10076.40690860045
1663.0,1.0212471e-05,9947.601584907094
1663.1,1.0320255e-05,10100.33972911862
1663.2,1.0045687e-05,9971.512536483253
1663.3,1.0307234e-05,10136.333028058143
1663.4,1.0238827e-05,10015.839606643287
1663.5,1.015166e-05,10046.460631494296
1663.6,1.0004886e-05,10192.22862206821
1663.7,1.0266322e-05,10032.594770256665
1663.8,1.0653316e-05,10019.678691700174
1663.9,1.0479318e-05,9964.347339240798
1664.0,1.0320889e-05,9742.746435904399
1664.1,1.0177902e-05,10196.657708582003
1664.2,1.0446873e-05,10174.59854189504
1664.3,1.0178269e-05,9977.853473994077
1664.4,1.0351977e-05,9725.802825779425
1664.5,1.0532709e-05,10162.32552096531
1664.6,1.0508787e-05,9907.473955838414
1664.7,1.0112456e-05,10096.845075762621
1664.8,1.0226265e-05,9999.227776585205
1664.9,9.808117e-06,10244.069750972885
1665.0,1.0372663e-05,10342.168758007614
1665.1,1.0375022e-05,9962.2831546891
1665.2,1.0010544e-05,9968.50285079379
1665.3,9.922602e-06,10062.109141047606
1665.4,1.0580472e-05,9905.622646617654
1665.5,1.0626242e-05,10010.522873652575
1665.6,1.0165294e-05,9950.432160033673
1665.7,1.0198989e-05,10115.086819463768
1665.8,1.0570618e-05,10345.912348287013
1665.9,1.0284164e-05,10411.779294386513
1666.0,9.900814e-06,9986.376942631501
1666.1,1.0316453e-05,9850.229982094052
1666.2,1.015744e-05,10037.264858545906
1666.3,1.0393172e-05,9952.721498435016
1666.4,1.0775487e-05,10179.116497327459
1666.5,1.0098233e-05,9995.52845010111
1666.6,1.0511873e-05,9721.25807831325
1666.7,1.037518e-05,10239.181575148203
1666.8,1.0449354e-05,10352.811492797759
1666.9,9.975156e-06,10076.31692887395
1667.0,1.0108219e-05,9914.30183857029
1667.1,1.0444394e-05,10034.862303936452
1667.2,1.0256735e-05,9877.82819007602
1667.3,1.0480583e-05,9829.316869830234
1667.4,1.0352446e-05,10017.317815464634
1667.5,1.0115329e-05,9796.410705679755
1667.6,9.86186e-06,10164.640285692458
1667.7,1.0040734e-05,10079.558105281898
1667.8,1.014032e-05,10034.9104137996
1667.9,1.02479835e-05,9991.026397874371
1668.0,1.0545469e-05,10068.183146698364
1668.1,1.0221926e-05,9994.297889639243
1668.2,1.0474186e-05,9948.265807807731
1668.3,1.0348895e-05,10264.608552272479
1668.4,1.0089622e-05,9972.125321083571
1668.5,1.0067945e-05,9833.45147540811
1668.6,1.054631e-05,9829.980052065215
1668.7,1.01185915e-05,9879.461431560734
1668.8,1.0422263e-05,10109.224272495027
1668.9,9.974849e-06,10094.180377448643
1669.0,1.0182028e-05,9937.709454767846
1669.1,1.0414919e-05,9742.694595165949
1669.2,1.0217666e-05,9845.25168172915
1669.3,1.0145541e-05,9675.140382051006
1669.4,1.0288747e-05,9948.220395102388
1669.5,1.05211975e-05,10121.43905618144
1669.6,1.0638141e-05,10020.27230926894
1669.7,1.035352e-05,10068.809885519466
1669.8,1.0588205e-05,10023.541916399936
1669.9,1.0019682e-05,10107.259921466128
1670.0,1.01291735e-05,10149.028333326374
1670.1,1.0213861e-05,10076.885153309577
1670.2,1.026585e-05,10209.17599319884
1670.3,1.0441774e-05,10068.61165032594
1670.4,1.0427644e-05,9936.271067726884
1670.5,1.04618075e-05,10325.919603062212
1670.6,1.0240615e-05,10153.354775065458
1670.7,1.03150005e-05,9748.248830835146
1670.8,9.649521e-06,10035.726152117006
1670.9,1.0172497e-05,10023.115171128997
1671.0,9.855992e-06,9822.395278591375
1671.1,9.817172e-06,9669.85478636428
1671.2,1.0273193e-05,9951.376032258686
1671.3,1.0343854e-05,9854.435440385596
1671.4,1.0334287e-05,10263.900538108492
1671.5,1.0453518e-05,9827.326341243373
1671.6,1.0111967e-05,9858.08800160197
1671.7,1.0442348e-05,9981.193127999406
1671.8,1.04291275e-05,9874.100897612809
1671.9,1.040743e-05,9701.267252404155
1672.0,1.0226528e-05,10115.162302728548
1672.1,1.0199919e-05,9968.469137020049
1672.2,1.0051018e-05,9973.261012096154
1672.3,1.046483e-05,9886.584903759365
1672.4,1.0242248e-05,9901.476615909756
1672.5,1.0719322e-05,10214.481348072622
1672.6,1.0219761e-05,10164.20454001103
1672.7,1.0563184e-05,10027.742707046265
1672.8,1.0546905e-05,10177.11976621084
1672.9,1.0581512e-05,10064.752759349205
1673.0,1.0478679e-05,10027.563406598778
1673.1,1.0430014e-05,10054.36092499091
1673.2,1.0250439e-05,9953.98647940522
1673.3,9.969488e-06,10034.766996000806
1673.4,1.0371755e-05,10184.121540574317
1673.5,1.00976e-05,9996.197767194046
1673.6,1.0047626e-05,10168.372631614748
1673.7,1.0353643e-05,9968.732058963553
1673.8,1.0450684e-05,9941.783656769258
1673.9,1.0316414e-05,10046.909837271167
1674.0,1.0249086e-05,9748.2832964414
1674.1,1.02704025e-05,10001.151589730014
1674.2,1.0398482e-05,9793.252601806282
1674.3,1.0452964e-05,10063.35986134282
1674.4,1.04103165e-05,10041.615778894033
1674.5,1.0069939e-05,9897.001070433813
1674.6,1.02392505e-05,9888.812856651944
1674.7,1.0163676e-05,10147.213119428212
1674.8,1.036279e-05,9975.784459009303
1674.9,1.0415166e-05,10119.73264515688
1675.0,9.884387e-06,10130.347784486557
1675.1,1.0293407e-05,10168.564681309741
1675.2,1.0085815e-05,9847.796089423871
1675.3,1.0347888e-05,9956.271301238097
1675.4,1.0339897e-05,10332.899078532919
1675.5,1.0139527e-05,10122.282005026767
1675.6,1.0032116e-05,10175.391044499567
1675.7,1.0710456e-05,9857.371496305112
1675.8,1.0332141e-05,10086.00318694834
1675.9,1.0046214e-05,9923.277285683947
1676.0,1.0377415e-05,10019.956734326122
1676.1,1.027479e-05,10017.933270876338
1676.2,1.0199887e-05,9876.208533721074
1676.3,1.0428154e-05,9870.625297895444
1676.4,1.0320999e-05,9878.455878041157
1676.5,1.0496153e-05,10217.588261984227
1676.6,1.0301134e-05,9979.31762860404
1676.7,1.0173823e-05,9995.036479444028
1676.8,1.0159428e-05,9977.74136421329
1676.9,1.0453001e-05,10233.53700237835
1677.0,1.0547791e-05,10010.768770779016
1677.1,1.0306206e-05,9969.59185847293
1677.2,1.0508879e-05,10055.82923731151
1677.3,1.0094407e-05,10136.686159480207
1677.4,1.0129201e-05,9899.109936986526
1677.5,1.0016886e-05,9981.241667736746
1677.6,1.0467529e-05,10065.520502764819
1677.7,9.867262e-06,10215.699386987722
1677.8,1.0281575e-05,9916.27067193498
1677.9,1.0666802e-05,10100.017289202022
1678.0,1.0440703e-05,10075.742685852403
1678.1,1.0453922e-05,9987.145691685066
1678.2,1.0163904e-05,9772.163464645117
1678.3,1.0200144e-05,10120.144434687996
1678.4,1.024125e-05,9893.788451010912
1678.5,1.00916095e-05,10149.275065669926
1678.6,1.0295699e-05,10107.412304105554
1678.7,1.0560582e-05,10116.822977088093
1678.8,1.051607e-05,10097.321371041666
1678.9,1.00720745e-05,9954.894431460298
1679.0,1.0596099e-05,10254.825208884762
1679.1,1.0140149e-05,9885.47366900032
1679.2,1.0342789e-05,10087.539191499065
1679.3,1.0190464e-05,10266.14672401363
1679.4,1.00013895e-05,9949.46025269245
1679.5,1.031951e-05,10043.684951413356
1679.6,1.006935e-05,10194.791620307486
1679.7,1.016781e-05,9951.297863793006
1679.8,1.0406492e-05,10073.96505058707
1679.9,1.04677e-05,10029.043128930003
1680.0,1.0155415e-05,10191.070186844438
