timestamp_sec,amplitude_rms,frequency_centroid_hz
0.0,1.7120918e-07,10129.844393713309
0.1,2.4004845e-07,9863.564769847137
0.2,2.5053575e-07,9894.624857677882
0.3,2.4223115e-07,9998.75282835284
0.4,2.4493457e-07,10114.876232756906
0.5,2.4309418e-07,9976.859858633197
0.6,2.488342e-07,10087.045088137796
0.7,2.3849614e-07,10031.184386018553
0.8,2.457435e-07,9841.553296222184
0.9,2.4209888e-07,9877.487361652325
1.0,2.4444807e-07,9937.83837965559
1.1,2.6333862e-07,9932.749150064752
1.2,2.4716783e-07,10055.47255971995
1.3,2.416634e-07,10242.968504616098
1.4,2.4916224e-07,10009.601934364262
1.5,2.506016e-07,10093.599163140734
1.6,2.413201e-07,10090.075471468801
1.7,2.466217e-07,9837.391239891069
1.8,2.4605092e-07,9926.073714835835
1.9,2.437686e-07,9921.39243085522
2.0,2.5266118e-07,9847.612594986018
2.1,2.3848582e-07,10131.180244368923
2.2,2.3299191e-07,10020.172113022236
2.3,2.3920734e-07,10153.341797655525
2.4,0.00012498745,2148.164779435491
2.5,0.0035773925,5242.289269269228
2.6,0.00926646,4307.683020447871
2.7,0.012989674,3675.396999348549
2.8,0.010521757,3435.2657187283166
2.9,0.01021679,3539.645794312675
3.0,0.007819315,3847.724886561706
3.1,0.01217384,4094.8320955220115
3.2,0.01003459,3549.8578946636453
3.3,0.002873452,3931.785037371289
3.4,0.0009589401,4997.517818153585
3.5,0.0003784913,4005.236837837815
3.6,0.00012263886,5916.009961522171
3.7,4.9424554e-05,3238.4458511106463
3.8,5.834618e-05,1567.1952116080543
3.9,2.6724627e-05,2197.939559956253
4.0,6.1895876e-06,3581.1347421140485
4.1,2.4433433e-07,10068.111769394585
4.2,2.4505655e-07,9682.288158218758
4.3,2.4881408e-07,9956.579633807407
4.4,0.00015582297,2334.8939610384537
4.5,0.021196347,3592.5873795076022
4.6,0.01041003,3055.386052429819
4.7,0.002962928,2134.090950674812
4.8,0.0003628443,5506.575313430269
4.9,0.0001261537,4336.417179525507
5.0,0.00023355184,2904.2410245224596
5.1,0.00047973037,5238.245847389945
5.2,0.000354856,4305.318662194626
5.3,0.00027112392,2266.015040447751
5.4,0.0003665188,2339.6223090392937
5.5,0.038589384,1394.1355659044257
5.6,0.011128164,5932.025492607582
5.7,0.026721027,4817.720548252624
5.8,0.057338003,1284.1614200077615
5.9,0.031793457,2665.5201405501975
6.0,0.015437932,10379.407159090293
6.1,0.016173253,3490.8316209497207
6.2,0.022399884,4224.082938459192
6.3,0.0043856874,2761.7990221562404
6.4,0.0007021088,3183.8378658633123
6.5,0.00021447155,4604.56815315208
6.6,0.00015744951,5284.312890789046
6.7,0.000107565626,5443.138710835841
6.8,0.007885749,3339.962697256353
6.9,0.015454573,7820.870017573097
7.0,0.02184713,5162.3723680024605
7.1,0.031996325,2628.9372438079345
7.2,0.012514424,11252.574356865522
7.3,0.014154349,2105.689042048695
7.4,0.0112119205,4587.772148733305
7.5,0.0013321835,2997.882533402891
7.6,0.00015587095,5962.681822327849
7.7,0.00010367501,6246.539739940781
7.8,2.710651e-07,9704.752123203882
7.9,2.5046918e-07,9575.491755070976
8.0,2.4819917e-07,10008.659240809731
8.1,2.429481e-07,9890.351500886572
8.2,2.4071895e-07,9966.081722550849
8.3,2.4114823e-07,10161.366888868044
8.4,2.3728836e-07,10162.936820965251
8.5,9.351385e-06,3253.717141910141
8.6,3.0995143e-05,1474.678696494627
8.7,0.000120733974,1327.8458506671554
8.8,0.00018292146,2225.5017560149245
8.9,0.00013041912,2298.188407717381
9.0,7.934773e-05,1971.5818514405019
9.1,5.0107796e-05,1799.9332166209967
9.2,4.07334e-05,1304.5307789561764
9.3,2.5701369e-05,1896.0029261166367
9.4,3.0669937e-05,4391.92386675116
9.5,0.025950667,3132.881512370561
9.6,0.043023515,2725.9951939742523
9.7,0.045333978,2550.81711377377
9.8,0.02165283,1581.3120724552139
9.9,0.006291047,9669.038193432662
10.0,0.032121547,2880.3209727152603
10.1,0.020881902,1257.4544434555376
10.2,0.010029039,8130.111287077608
10.3,0.011122485,10722.136518607917
10.4,0.0010205689,8971.520597658517
10.5,0.0001363915,6720.6989853650975
10.6,7.233835e-05,8308.62649078084
10.7,6.449483e-05,8265.29013861372
10.8,4.2221276e-05,9434.699900463373
10.9,2.8138558e-05,10212.294019782203
11.0,2.0011576e-05,10804.001047297661
11.1,1.2109393e-05,10282.477699209481
11.2,5.5414985e-06,9828.922714993832
11.3,2.2062707e-06,7116.069287118183
11.4,2.3719945e-06,5620.453434080239
11.5,2.98074e-05,1531.5800100814522
11.6,3.3392753e-05,1829.1652350914487
11.7,3.356601e-05,1354.7661689427764
11.8,2.3883162e-05,1566.1971979362224
11.9,1.2711875e-05,2592.386477780871
12.0,9.929091e-06,3274.968401443623
12.1,1.5268186e-05,2791.4064251763125
12.2,1.3203397e-06,6968.243210461527
12.3,1.234718e-06,6512.6893579972675
12.4,1.1089626e-06,7106.632438439121
12.5,1.1536263e-06,6680.521663006033
12.6,1.8915154e-06,6223.137177904588
12.7,1.1043387e-06,7128.778731391807
12.8,1.4320076e-06,7135.363841671858
12.9,6.6382217e-06,4662.169465082661
13.0,7.312744e-06,4738.200351579554
13.1,2.9839719e-05,1642.1411828392434
13.2,0.06635108,1262.5008335784594
13.3,0.02555485,3992.5077686320005
13.4,0.03427946,2316.7576788730858
13.5,0.00045948738,3106.7270430880735
13.6,0.031212498,1551.063209522055
13.7,0.042815622,1936.867173285745
13.8,0.0005983668,4311.273822711184
13.9,0.036740962,3472.0788396148973
14.0,0.0015062008,6852.456404413356
14.1,0.08020975,1459.2505314582747
14.2,0.051003166,3082.099436311112
14.3,0.011018897,10081.876483999553
14.4,0.0077712475,4048.9296407822267
14.5,0.0006255587,3314.1955205616205
14.6,0.00017403263,6008.864875153045
14.7,0.00014413812,6409.020193071978
14.8,0.00012250383,6747.338832851239
14.9,8.829427e-05,6612.885199331506
15.0,7.0664675e-05,6093.538898829891
15.1,2.7886266e-05,6983.533960542007
15.2,7.1939226e-06,7694.745216467452
15.3,1.8108375e-06,7292.644933725968
15.4,1.5521265e-06,6339.646206057484
15.5,0.00010961671,5187.5969624372265
15.6,0.0009574284,2486.032740355267
15.7,0.0046420274,2190.6681642551985
15.8,0.026097072,8315.109366212595
15.9,0.05846829,980.1481558331512
16.0,0.021406626,1515.2684295812264
16.1,0.016212301,1766.0053500524082
16.2,0.024769159,1927.3961899003675
16.3,0.013853176,4041.1601350689025
16.4,0.007215214,1906.9382660783608
16.5,0.00035988877,4858.6415172467005
16.6,0.00028209572,3424.8370090025096
16.7,0.00013103656,4126.970255058681
16.8,0.00018717688,3410.389240836967
16.9,0.00494994,2034.003987744575
17.0,0.03636037,2376.273616333975
17.1,0.06636602,804.1496207526337
17.2,0.038239155,3262.942491085319
17.3,0.0010630897,5949.371908308831
17.4,0.010900428,3548.6555813637005
17.5,0.0015002412,2177.698583261019
17.6,0.00013936509,6076.200129479971
17.7,0.00010656996,5975.8512001339695
17.8,0.00010343076,5666.586513499637
17.9,5.253011e-05,5624.205940611884
18.0,3.8628426e-05,5433.592404612495
18.1,1.4557545e-05,5182.16952291767
18.2,5.9173067e-06,5383.334451243959
18.3,1.208198e-06,7193.230449095241
18.4,1.0074277e-06,7072.444638620789
18.5,1.6078009e-06,6841.147501056399
18.6,2.0998743e-06,5896.848838772146
18.7,1.5554948e-06,6212.775956567548
18.8,1.1684881e-06,6296.787060278863
18.9,1.5380723e-06,6603.178038272601
19.0,1.2803781e-06,6677.212148025232
19.1,1.395992e-06,6619.449546425607
19.2,1.1110309e-06,7210.901957041158
19.3,1.0359896e-06,7311.90674306688
19.4,2.9705664e-06,5068.983707640971
19.5,1.1837574e-06,6982.223138015927
19.6,2.3100858e-06,6234.131072948338
19.7,2.4824948e-07,9716.249676204618
19.8,1.2153213e-06,12430.277043825456
19.9,5.3650187e-05,17881.590565283208
20.0,6.615294e-05,17890.713808604938
20.1,6.224459e-05,17795.636045450447
20.2,6.177364e-05,17764.936175263832
20.3,6.547589e-05,17731.757201930894
20.4,0.0006399343,3945.8302573788383
20.5,0.019317085,1802.4208052087884
20.6,0.002431755,3329.1193734500844
20.7,0.0006850216,3765.347164574142
20.8,0.00011457228,10256.567506384834
20.9,9.062009e-05,11459.509056861209
21.0,7.69128e-05,12910.83484057886
21.1,0.00013174649,10166.636454983272
21.2,0.000109332075,12349.76459064817
21.3,8.7830755e-05,13072.377540397698
21.4,8.0872975e-05,13080.769571780373
21.5,8.3289015e-05,13200.558165269107
21.6,6.160561e-05,15578.189437838304
21.7,7.227919e-05,15829.624233249406
21.8,6.4356405e-05,17499.973579482725
21.9,6.777125e-05,17710.688621442227
22.0,6.3702355e-05,17654.109884384296
22.1,6.664615e-05,17540.193962240694
22.2,0.0004592494,8528.935326682591
22.3,0.011036091,2901.6223138931346
22.4,0.090668544,2190.0386678672153
22.5,0.043097075,1222.049279240255
22.6,0.04663782,2660.075349156897
22.7,0.0178329,3537.80823735745
22.8,0.028292833,8659.756659755913
22.9,0.026846394,6500.59726205584
23.0,0.06442586,2236.4793611959417
23.1,0.019304056,9568.678092513022
23.2,0.027962571,2739.913133888881
23.3,0.027903432,2518.377799329532
23.4,0.015203436,2999.320210306916
23.5,0.018549262,2690.802378766947
23.6,0.033732496,3241.9660725298413
23.7,0.04055888,2315.687810668232
23.8,0.028510343,2907.439599553364
23.9,0.023104338,1148.3881166820368
24.0,0.007154726,4709.14953876644
24.1,0.0114246635,10597.714729407944
24.2,0.008590062,4037.4420009548726
24.3,0.0019816682,3081.704408286173
24.4,0.00034930898,6713.654865840246
24.5,0.0003361304,6258.2562576160735
24.6,0.0004709797,5386.386661342363
24.7,0.0003697428,5804.2815576256735
24.8,0.0002201533,7249.770265260453
24.9,0.00014277462,9053.200295201412
25.0,9.750467e-05,11186.2695680114
25.1,7.498871e-05,14410.920927487927
25.2,6.220898e-05,16964.055938069807
25.3,6.890524e-05,17552.550073455885
25.4,6.624465e-05,17789.176392590365
25.5,7.017641e-05,17921.892014440913
25.6,6.0523264e-05,17602.62585058794
25.7,6.967111e-05,17714.380180053242
25.8,7.344028e-05,17890.386120851854
25.9,7.245943e-05,17985.170109141574
26.0,7.0465874e-05,17770.411784792243
26.1,6.9979586e-05,17704.536898137107
26.2,0.00015043873,15199.141897639918
26.3,0.008311799,3680.3756956654756
26.4,0.020523326,1824.5346473127433
26.5,0.024797168,2868.3197408903325
26.6,0.008779615,4419.750584362189
26.7,0.0047199223,5205.238577124246
26.8,0.029108467,1659.3299550249992
26.9,0.017081345,3254.0481890817887
27.0,0.017602565,3285.696280281463
27.1,0.015703807,1556.9725510789376
27.2,0.0067381556,3265.68725483048
27.3,0.0034949472,5027.03379576905
27.4,0.0034239923,4023.7237459941416
27.5,0.00014731656,9992.897006931093
27.6,0.00012041362,10301.131131630862
27.7,0.013588908,7816.810079931245
27.8,0.021985423,7688.868079187943
27.9,0.021875031,5391.0992274713735
28.0,0.03535941,2891.653892636087
28.1,0.005573618,5132.290583130719
28.2,0.004517407,5071.877159410598
28.3,0.006819768,4933.828543065329
28.4,0.0019179916,4747.793433866943
28.5,0.00013856604,10094.970010680541
28.6,0.00037367063,5926.859170029097
28.7,0.0005041775,4760.535697228612
28.8,0.00065904553,4479.051686463281
28.9,0.0004187921,5056.886716198271
29.0,0.00030726427,5589.386439147166
29.1,0.0001285272,8678.335480007809
29.2,8.0390564e-05,13568.111248979068
29.3,6.595385e-05,15646.681841480602
29.4,7.2065166e-05,16588.05263434447
29.5,0.03493872,2556.3939683380513
29.6,0.053161547,3216.0576836232303
29.7,0.06306299,2339.7121067802
29.8,0.059332434,3005.7054436604276
29.9,0.05485022,3171.4645257693273
30.0,0.007751823,7992.961432241362
30.1,0.016792983,3681.9004466277875
30.2,0.0067067407,6556.993550390717
30.3,0.029204616,2424.5575809090114
30.4,0.044761978,3302.3611161630747
30.5,0.03277559,2621.7654049998127
30.6,0.0070364643,2549.0511769172003
30.7,0.00083252357,7701.380152023469
30.8,0.013445902,2730.5892555009
30.9,0.0027327328,8041.188552952715
31.0,0.022176748,3632.8691580168625
31.1,0.018208042,7668.6152461143865
31.2,0.006681176,9933.743946652874
31.3,0.0036994128,4636.59770202649
31.4,0.0016119384,3456.1722673550557
31.5,0.00019717838,9424.449934815759
31.6,0.00014295412,9985.905274195124
31.7,0.00013115388,10398.201536870645
31.8,0.00010531716,11215.787833781345
31.9,8.8006746e-05,12278.84295089626
32.0,8.011145e-05,14702.816630193412
32.1,7.051391e-05,15381.973444600524
32.2,7.09323e-05,16234.405645070743
32.3,7.321557e-05,16742.09793749541
32.4,6.831068e-05,16608.63946572444
32.5,1.1848389e-05,15992.456338114425
32.6,5.932498e-06,15675.01904492211
32.7,1.9643678e-06,11686.521694930978
32.8,1.1507249e-06,7160.29995598043
32.9,1.241226e-06,7204.844483102495
33.0,2.2164475e-06,6002.296420445659
33.1,1.0194983e-05,3155.0933570057537
33.2,1.0772108e-05,2905.8466006380604
33.3,2.1568998e-05,3336.062357713298
33.4,1.0258043e-05,3188.676834668483
33.5,7.2427956e-06,4130.180301550772
33.6,2.0341055e-05,2790.381510377315
33.7,7.0210986e-06,4177.2434619223795
33.8,6.074574e-06,5218.743842691707
33.9,4.0076497e-06,5834.044567932127
34.0,1.9797228e-06,6374.6891037464175
34.1,2.5468735e-06,6281.095122190265
34.2,1.3177753e-06,6333.05279676766
34.3,1.3427833e-06,7004.261303161378
34.4,0.00027405474,5455.794384154536
34.5,0.06598114,1216.2989954174016
34.6,0.08177094,2210.2088177294754
34.7,0.07450442,750.8725548875179
34.8,0.054007825,3095.7403339658804
34.9,0.021194458,1920.6107029191558
35.0,0.013888194,3048.608163696468
35.1,0.010465905,4608.073077321636
35.2,0.0048208144,2533.661343112191
35.3,0.00017663641,5155.450900042191
35.4,0.022474201,2440.772565215441
35.5,0.021066189,2272.0143652396955
35.6,0.0005611174,3699.6560465790926
35.7,0.010572835,2622.1789296886163
35.8,0.00018258399,4770.165019500071
35.9,0.00012749266,4659.791583515149
36.0,0.00010887169,4318.1585298331265
36.1,7.392301e-05,3438.759042006998
36.2,0.007375934,3008.879968414124
36.3,0.003162353,4611.175476490057
36.4,0.001079095,2946.5792877430185
36.5,0.00024060979,3454.8588947328763
36.6,0.00011221349,4325.062473834413
36.7,6.3081636e-05,4136.042845138209
36.8,2.8192633e-05,3823.276898814975
36.9,1.1265701e-05,3839.8363831439456
37.0,5.4559914e-06,4220.962085619439
37.1,1.1746503e-05,3429.0190647041536
37.2,4.9581517e-06,4897.106620469504
37.3,2.0197194e-06,5688.125728998735
37.4,2.2841377e-06,5700.58467887768
37.5,1.908715e-06,5819.643199703283
37.6,1.5007855e-06,6156.486947563937
37.7,5.6805625e-06,4952.9880399537615
37.8,5.15855e-06,4698.779757171814
37.9,2.6637832e-05,2172.9280777541
38.0,1.6993836e-05,3177.926366805697
38.1,2.331238e-05,1620.198414211365
38.2,2.6731812e-05,1670.7899885493325
38.3,9.037727e-06,3394.5832691076384
38.4,1.440698e-06,6556.544201361258
38.5,4.166731e-06,6485.1074236730265
38.6,3.968276e-05,2326.3674791850462
38.7,0.005924708,5506.7863142373735
38.8,0.060040183,1995.9570713590922
38.9,0.0011403807,2408.3411712202237
39.0,0.005644974,5980.008717522651
39.1,0.00021561299,4484.066598365147
39.2,0.00015097193,4834.104513038448
39.3,0.00013687824,4429.901393377631
39.4,0.00010976612,3850.7309019926797
39.5,8.2882056e-05,3556.942649308259
39.6,3.4904686e-05,3249.647693028295
39.7,0.0010699959,6476.213358692459
39.8,0.002302045,7179.819281856936
39.9,0.035447508,2335.348034381228
40.0,0.027387721,3502.200763409055
40.1,0.020043876,7652.875666497321
40.2,0.009190247,4136.976396780756
40.3,0.009950752,4040.7105656848207
40.4,0.024642998,2961.1279901498656
40.5,0.002157046,5509.154393511566
40.6,0.018718658,1422.2821840155914
40.7,0.015898975,1724.6405378733816
40.8,0.01834662,2063.1447610569185
40.9,0.0002592414,5047.141841318451
41.0,0.0013863223,3159.7166612852416
41.1,0.009531378,2000.3174879057617
41.2,0.00046462537,4185.031998954199
41.3,0.00014930536,4398.138569285382
41.4,0.0001171126,4569.555866116689
41.5,7.364733e-05,2876.0572409730626
41.6,2.4662268e-07,10009.130756058348
41.7,2.4383792e-07,9956.48647229654
41.8,2.4573922e-07,10142.457244480027
41.9,2.41175e-07,10143.155709803274
42.0,2.4507295e-07,9888.524435527957
42.1,2.3942457e-07,10045.052323716496
42.2,2.4234507e-07,10048.002611291078
42.3,1.5156604e-06,6227.302846513916
42.4,2.0621535e-06,5878.086519268047
42.5,7.518799e-06,4556.982150771868
42.6,9.190038e-06,3694.542701211375
42.7,0.0048685214,9737.673922284095
42.8,0.022972226,3438.255274844156
42.9,0.026439937,3559.7526608632957
43.0,0.03501165,3041.4068173849837
43.1,0.03164237,2284.762709678279
43.2,0.0069138645,8136.016198356746
43.3,0.029154306,3407.0066265389805
43.4,0.013234514,4439.030744223724
43.5,0.037915055,1593.3009783288953
43.6,0.023348317,1343.8392897329402
43.7,0.002942655,3608.872155989303
43.8,0.00084020797,2320.7406699099365
43.9,0.00017076927,4039.6874945577347
44.0,0.00013483701,3410.461459433399
44.1,0.0008425421,2746.7718409058643
44.2,0.00072163745,2541.355718183975
44.3,0.0006496401,2368.448453731091
44.4,0.00031880906,2068.0959234248407
44.5,0.00033844254,1513.8177547429193
44.6,0.0005548354,755.5978512950038
44.7,0.07638705,1982.7465793185984
44.8,0.012402225,9766.4972010114
44.9,0.081024736,1382.8502558420266
45.0,0.05959075,914.6109875279922
45.1,0.066242896,2375.8072082174494
45.2,0.0049271625,4906.862720186195
45.3,0.062089145,2008.2333988985358
45.4,0.05695588,1572.1878918385642
45.5,0.041992627,1539.6648391037502
45.6,0.049126476,2582.391777085776
45.7,0.033031598,2715.734724204497
45.8,0.015160208,3233.254784306186
45.9,0.011999021,8176.301272363786
46.0,0.014622427,6235.855008751433
46.1,0.025071183,1327.1292256508636
46.2,0.010260972,2831.031313456026
46.3,0.004478106,4560.683215894405
46.4,0.0014757419,2191.9786160852123
46.5,0.00020180843,4847.497078054375
46.6,0.00014950613,4942.750814862189
46.7,0.0044727838,5151.997913830138
46.8,0.03674766,2281.115257808166
46.9,0.030180914,1443.239455061507
47.0,0.014297939,2492.2817032546923
47.1,0.018667765,4519.868171754817
47.2,0.0003904186,4390.724825247297
47.3,0.029983629,1923.3740773481227
47.4,0.057713386,1486.2758380097318
47.5,0.016436243,8873.863821079703
47.6,0.06305416,1969.158715106877
47.7,0.055232175,1395.2256545286302
47.8,0.024764111,2441.687950234551
47.9,0.015985271,2682.84919599723
48.0,0.007090166,7157.238302371526
48.1,0.004364339,2768.2722977829385
48.2,0.0025712077,5489.363865127618
48.3,0.007873073,2992.3756362932436
48.4,0.0035460254,4394.169686789665
48.5,0.0004341906,3041.760887536615
48.6,0.00014154943,4372.038829869287
48.7,9.626403e-05,4072.6608088672283
48.8,0.00019071225,2538.721567898812
48.9,0.00032228907,2196.3504616916407
49.0,0.00039791552,2170.2401363964223
49.1,0.0005541367,2373.727042132545
49.2,0.00038994185,2132.862407280337
49.3,0.00020812382,1989.2586367037807
49.4,0.00013004494,1703.100332767464
49.5,2.4684005e-05,2214.923915891827
49.6,7.4453646e-06,3067.866197691278
49.7,0.0002103255,4230.819858875239
49.8,0.013223379,9893.697223923728
49.9,0.061883897,1556.0958715771058
50.0,0.061169893,1478.7603403126222
50.1,0.05627966,2103.132192204441
50.2,0.0552515,2383.480408886291
50.3,0.08662544,795.022960592772
50.4,0.05957303,2369.873256054665
50.5,0.0693637,3774.9689738378797
50.6,0.08199983,1255.015136661625
50.7,0.028742582,8518.977954840004
50.8,0.07249955,2421.7426776720495
50.9,0.024969777,7330.04145847775
51.0,0.046272255,2398.7970626923043
51.1,0.05446543,2673.541105111114
51.2,0.058328137,2737.8260844289603
51.3,0.041108176,2903.0260914738546
51.4,0.012982723,6105.892858244873
51.5,0.010485104,7199.260781551463
51.6,0.0061725145,4042.648927762974
51.7,0.0031527271,3815.7294309289255
51.8,0.00020468919,5088.022600488005
51.9,0.00023645398,3903.25983825242
52.0,0.00018822472,3728.863706333822
52.1,0.000108498556,4002.9292806935873
52.2,4.531003e-05,4705.453398882376
52.3,2.7519998e-05,5166.184959957233
52.4,0.0015717145,4050.59151823113
52.5,0.0151146315,3087.6486890343926
52.6,0.02881752,2506.0511084236464
52.7,0.036278438,1379.9292860126711
52.8,0.032263804,1044.8524217852978
52.9,0.02845129,3212.096502227536
53.0,0.0073792427,3380.5814217575535
53.1,0.010471975,2890.8422631870335
53.2,0.00076944695,3499.324821347212
53.3,0.0010987023,2363.794484850741
53.4,0.00076403,2410.8155491873194
53.5,0.00035880774,2074.941462737842
53.6,0.00014840116,2180.903377423847
53.7,0.0029832714,1208.4241216455764
53.8,0.014679125,7778.049134718334
53.9,0.10782412,2226.617638030425
54.0,0.09474383,2059.800151468711
54.1,0.07733696,1984.2704669395416
54.2,0.06449784,2419.065032815337
54.3,0.028437208,7367.402540790167
54.4,0.07944005,2386.9305568095715
54.5,0.0071610035,5101.687494363257
54.6,0.014484814,2398.035243834728
54.7,0.051558293,1892.786993286647
54.8,0.008477113,2037.9703040089958
54.9,0.05240196,1307.0906926587384
55.0,0.037958898,2683.706137857485
55.1,0.024673061,3594.369160807968
55.2,0.02095578,8228.941116353335
55.3,0.011410267,6795.114399560097
55.4,0.0033413537,3859.1618076890322
55.5,0.0008652206,3044.2404266462645
55.6,0.00014389475,6173.154895496553
55.7,9.81204e-05,6465.148233128528
55.8,0.00010130282,6098.872628762461
55.9,5.403923e-05,6386.46947705106
56.0,4.676232e-05,5622.6037230783695
56.1,3.694391e-05,4776.6960240391745
56.2,3.9666564e-05,3723.5890429510887
56.3,8.7269975e-05,1710.8301488695572
56.4,5.5140652e-05,2300.6205046864798
56.5,8.2117236e-05,2057.5319600464336
56.6,6.940417e-05,2189.361664722411
56.7,5.3987198e-05,1878.9923136958782
56.8,7.759887e-05,1172.8520336372733
56.9,4.6358266e-05,1544.397852031076
57.0,5.5813878e-05,1442.2846418114311
57.1,1.137911e-05,4134.797579196307
57.2,5.997631e-06,4386.122126720925
57.3,2.3667192e-06,5447.9003057407135
57.4,1.6801765e-06,6331.2140441543515
57.5,4.521876e-06,4393.738148438664
57.6,6.7551623e-06,4097.4724570673625
57.7,1.9537579e-06,5689.275826395729
57.8,1.445169e-06,6348.278441699937
57.9,5.4761113e-06,4785.0322637976315
58.0,2.2359674e-05,2115.3901756834452
58.1,0.00014707363,6754.996369062176
58.2,1.9575873e-05,6560.82924423769
58.3,0.0013814222,5432.74325735141
58.4,0.029010052,2218.1909399487095
58.5,0.021068182,3338.6564866112026
58.6,0.016613124,3856.6583848733476
58.7,0.04548677,1131.1561373167353
58.8,0.021454908,4647.456573057031
58.9,0.023062328,3050.470772032736
59.0,0.022457328,2707.3074777282377
59.1,0.006091019,5648.610299877379
59.2,0.010060173,3585.0531737622127
59.3,0.007030022,4442.525947727753
59.4,0.0021170685,3022.9691791635664
59.5,0.00043146487,2985.3960676658307
59.6,0.00026146107,3459.7959493979174
59.7,0.00065827015,2383.3075812885477
59.8,0.012643848,4268.5772883906775
59.9,0.011343205,8060.085687871449
60.0,0.012264238,2888.743758579225
60.1,0.008674151,2139.809910438593
60.2,0.003974385,2398.575303994077
60.3,0.00024612664,4272.298148268054
60.4,0.00011146059,4785.717576082507
60.5,7.1762275e-05,5064.592769783375
60.6,5.1853694e-05,4757.171796637574
60.7,3.100103e-05,4525.04941639688
60.8,1.4763362e-05,4823.9234152453055
60.9,1.12214775e-05,4883.665940875654
61.0,4.541877e-06,4768.074343663386
61.1,2.3890692e-07,10059.89483415603
61.2,2.47662e-07,10078.974431890982
61.3,2.5201342e-07,9902.664241007073
61.4,2.3787919e-07,9829.86648747594
61.5,2.3963827e-07,10055.333275435456
61.6,2.3546836e-07,10195.575358234237
61.7,2.461298e-07,10194.78721565208
61.8,4.8307975e-06,4730.540111093406
61.9,7.1577865e-06,3017.1618786915947
62.0,4.3615432e-06,3674.199474924139
62.1,3.0187744e-05,1853.2832402656445
62.2,1.4195727e-05,2528.9077148514457
62.3,4.8033726e-06,4518.283136976321
62.4,3.1315853e-06,4332.732038121604
62.5,7.2775974e-06,4894.160881324458
62.6,0.042497233,2670.0095740020006
62.7,0.05603776,2749.074889995576
62.8,0.004486145,4335.617960924903
62.9,0.024036786,2285.3939003257096
63.0,0.011243428,1987.4270017395816
63.1,0.008391901,6852.999380352498
63.2,0.023327876,2893.245496634214
63.3,0.01851004,2701.2240331301964
63.4,0.0105636595,2724.0526690093043
63.5,0.0036480303,2996.2623082351374
63.6,0.005878102,6598.48925505843
63.7,0.02018597,2195.1894130174164
63.8,0.0050488026,5270.503111516833
63.9,0.011806342,1910.509689438628
64.0,0.016105933,2761.986642819493
64.1,0.012127419,1815.7948678685789
64.2,0.00018498221,4107.864339740057
64.3,0.0081652375,2733.9304219984147
64.4,0.0027393135,3977.851549386817
64.5,0.00094002456,2960.016995833758
64.6,0.00024841182,3592.9120407830105
64.7,0.00083390705,2571.3976479317425
64.8,0.0010095614,2680.5354917583527
64.9,0.0007959104,2383.5772439067646
65.0,0.00028536413,2142.2219699758657
65.1,6.265981e-05,2230.0379754529768
65.2,0.0043357993,8731.908723597508
65.3,0.027692525,3594.6402785835644
65.4,0.04803126,1955.0857514129905
65.5,0.06196644,1064.8478989858845
65.6,0.06385072,1540.918745605501
65.7,0.06267021,2266.5851760004316
65.8,0.044150595,2716.4088163292436
65.9,0.022537373,2942.273259546995
66.0,0.020624638,7596.310366544377
66.1,0.035926525,2970.0283030891233
66.2,0.0070998957,6026.223459218763
66.3,0.035803933,2320.5624386475174
66.4,0.018576337,2364.548553119391
66.5,0.019871412,6778.998403552563
66.6,0.005633828,4661.307907065437
66.7,0.007478085,3438.2644299191297
66.8,0.0013081965,2709.631961166776
66.9,0.00020911037,4400.543623187765
67.0,0.00011994888,4873.97207307449
67.1,0.00011414164,4576.142557969614
67.2,5.623945e-05,4603.63518515983
67.3,3.1404626e-05,4781.329037439538
67.4,1.4141578e-05,5594.2695270549375
67.5,6.377309e-06,5730.58415732528
67.6,2.3859727e-07,10136.977442452167
67.7,2.4210794e-07,10013.369573542368
67.8,2.4005374e-07,9961.216419102951
67.9,2.433506e-07,9870.12479128444
68.0,2.4724397e-07,10136.683947912265
68.1,2.5625639e-07,10025.843969473231
68.2,1.8886898e-05,17943.229113964197
68.3,6.040933e-05,17983.20630757375
68.4,6.45741e-05,17198.028102687815
68.5,6.641048e-05,16190.21835690015
68.6,6.791193e-05,17200.889921536313
68.7,6.508726e-05,17685.65714466303
68.8,6.706333e-05,17606.872897064866
68.9,6.682023e-05,17647.607395271883
69.0,7.0981056e-05,17636.489751586665
69.1,6.759693e-05,17418.683467306037
69.2,6.820028e-05,17664.04742230601
69.3,6.677365e-05,17510.53240812562
69.4,6.907395e-05,17743.261688541057
69.5,6.8612324e-05,17665.936711685183
69.6,6.961668e-05,15782.178875049747
69.7,0.0055932994,8666.714373984903
69.8,0.010194371,3316.204088529322
69.9,0.010838413,3678.665949134932
70.0,0.015405058,3889.977704902242
70.1,0.00826993,5009.49822755933
70.2,0.003824818,3594.751289159516
70.3,0.00095011387,3986.8895024111157
70.4,0.0001724786,9073.403974431629
70.5,0.00013247621,9286.909223534261
70.6,0.000117470714,10261.286323749506
70.7,9.296843e-05,10101.275057092238
70.8,8.4418454e-05,11624.358272091376
70.9,7.4537944e-05,13516.732694073662
71.0,6.747978e-05,15932.236692527198
71.1,7.031609e-05,17261.82691436457
71.2,0.00033468968,8700.959860830011
71.3,0.021059612,9531.463578555115
71.4,0.07213029,1973.6960192025113
71.5,0.019647455,11114.260239745603
71.6,0.028929196,3189.2024620396137
71.7,0.031083988,1359.794247498177
71.8,0.055481244,2733.817010269625
71.9,0.07070647,3021.4788526955545
72.0,0.009170089,2803.459800659166
72.1,0.0396906,3302.6792719845243
72.2,0.051926445,2725.285528855599
72.3,0.035870973,3598.5890413604557
72.4,0.032074276,2882.0287691155095
72.5,0.019047061,8727.18561946267
72.6,0.0018377029,7801.430450876434
72.7,0.0068290248,3921.1824266463436
72.8,0.0021427188,3759.947327132175
72.9,0.00015644799,9940.765671543266
73.0,0.00012429111,10572.701433369086
73.1,0.000106919055,11026.485050567066
73.2,8.9511545e-05,12003.902367926397
73.3,7.633977e-05,13015.659048697737
73.4,7.375809e-05,15118.918073717257
73.5,7.254049e-05,16698.553323868306
73.6,6.984138e-05,17691.173952142104
73.7,6.185009e-05,17682.114267838686
73.8,6.3281295e-05,17610.47442426425
73.9,7.032706e-05,17904.929965853455
74.0,7.347246e-05,17793.575852744296
74.1,2.532619e-07,10181.664750011432
74.2,2.559935e-07,9836.966408919909
74.3,2.47014e-07,10067.466961295715
74.4,2.4285535e-07,10175.482145833927
74.5,1.6259321e-06,11206.951057870032
74.6,5.711326e-05,17830.05686932074
74.7,6.617823e-05,17409.671807631188
74.8,6.815934e-05,16619.07825551566
74.9,7.369587e-05,16660.173374398815
75.0,6.6562905e-05,16825.388223649275
75.1,7.223388e-05,17364.012611496844
75.2,6.76378e-05,17779.988089451203
75.3,6.790648e-05,17789.512033150324
75.4,7.164652e-05,17933.395082971456
75.5,7.123716e-05,17919.274874146828
75.6,6.960523e-05,17829.07936845993
75.7,6.553384e-05,17804.629296428175
75.8,6.793312e-05,17839.14688970729
75.9,7.232593e-05,17727.8557286353
76.0,7.018685e-05,17608.951829523536
76.1,6.808892e-05,16670.963373119324
76.2,0.00014989263,12579.480421888755
76.3,0.014144583,3705.020017404894
76.4,0.020935997,7986.941466755873
76.5,0.028762395,5860.182825431365
76.6,0.03264719,2661.849780524018
76.7,0.01776011,7910.923353797616
76.8,0.021994108,3115.159485280482
76.9,0.0096095,2071.137784237285
77.0,0.007804945,4711.020268371556
77.1,0.0044076545,2746.699628716361
77.2,0.0005722809,5476.484601811038
77.3,0.00014596395,10044.997665366556
77.4,0.000115940704,10524.064730932543
77.5,9.330063e-05,11689.659103863432
77.6,7.667642e-05,12886.427344453128
77.7,6.979527e-05,14982.496843405324
77.8,7.064801e-05,16914.806540720412
77.9,7.1806266e-05,17445.100652215504
78.0,6.4898304e-05,17034.78941660096
78.1,6.8343965e-05,17395.71794158826
78.2,6.802749e-05,17593.830469245597
78.3,7.119799e-05,17625.496126828202
78.4,6.496031e-05,17788.78963883712
78.5,7.0252405e-05,17899.838212952636
78.6,7.363386e-05,17889.28775496639
78.7,6.332975e-05,17733.626929171503
78.8,8.04709e-05,16919.266535022885
78.9,0.024168056,2450.9092791120556
79.0,0.026350465,3200.889160787001
79.1,0.022006659,8031.877380356679
79.2,0.039534353,1538.9752085127552
79.3,0.035092287,3136.299086005297
79.4,0.01849906,3283.319640951882
79.5,0.020823887,3539.739572049163
79.6,0.018208595,7840.738668620889
79.7,0.017282188,3273.8789346138556
79.8,0.010158699,3220.5134613963037
79.9,0.005550307,5071.33556787626
80.0,0.0017528493,3875.4061114548144
80.1,0.00019279063,9659.002851892506
80.2,0.000892043,3882.3534994607944
80.3,0.0012630314,3566.5237064165194
80.4,0.0013280436,3613.2932945723196
80.5,0.0010020855,3548.269951692975
80.6,0.00037769886,4850.207821460838
80.7,0.0001965832,7200.056780279954
80.8,0.00024938767,7834.504135004615
80.9,0.018866016,4680.432656606063
81.0,0.03615429,2532.677761897753
81.1,0.03165064,1755.7242207636227
81.2,0.028595444,2849.906783860597
81.3,0.009243047,5309.51897472157
81.4,0.006739962,3295.212547971214
81.5,0.010925892,3107.44623093235
81.6,0.00660976,4724.943531795462
81.7,0.0028822366,3451.0587800049607
81.8,0.0008983627,4028.786776584461
81.9,0.0001729327,9002.644154916214
82.0,9.673792e-05,10484.314900298044
82.1,7.837777e-05,11563.106046428682
82.2,6.87729e-05,13586.779072032054
82.3,6.7892375e-05,15756.837627289437
82.4,6.907698e-05,17351.40672098275
82.5,0.0019376385,7174.53579193871
82.6,0.004314961,8834.708922394504
82.7,0.023353405,3610.492799771564
82.8,0.017320294,3694.413339649629
82.9,0.011312666,8221.040523679072
83.0,0.009686731,3030.724738620057
83.1,0.0027356278,5241.849087039165
83.2,0.0026066105,3900.6989706462928
83.3,0.0001692833,9223.329567647072
83.4,0.00010297314,10590.04146799691
83.5,8.852082e-05,11723.63337305105
83.6,7.0795664e-05,12460.647329868958
83.7,7.656417e-05,13691.582151857408
83.8,6.642192e-05,15332.708444027452
83.9,0.00024530408,6713.376103713827
84.0,0.00043248772,4838.252940979876
84.1,0.0003286282,5661.203190739943
84.2,0.00014662543,8553.235462184517
84.3,9.333237e-05,11783.485664340604
84.4,7.3644704e-05,16292.58091274453
84.5,7.061893e-05,17354.562848669477
84.6,6.4020416e-05,17638.44698674018
84.7,6.7916044e-05,18022.673831567943
84.8,7.0567505e-05,17728.76773019366
84.9,6.457674e-05,17742.703318762036
85.0,6.611017e-05,17830.54176303125
85.1,7.419396e-05,17091.495113171808
85.2,0.00022040328,10870.61153005411
85.3,0.00012577098,11045.331321288153
85.4,9.625683e-05,12191.8725571897
85.5,0.0012684305,4785.584093376328
85.6,0.005678796,3733.2705635677676
85.7,0.016420648,3732.072256119174
85.8,0.029718637,2797.389930829295
85.9,0.030482218,2399.200087595366
86.0,0.02716573,3280.906403866783
86.1,0.009706627,3502.278285255248
86.2,0.01849772,3222.663591372292
86.3,0.023670012,2846.5455263172994
86.4,0.01086292,10637.013495118263
86.5,0.016970702,3907.8130706160814
86.6,0.02605332,1917.1094300477496
86.7,0.029625243,1073.215867408565
86.8,0.01085882,2949.6602693521763
86.9,0.008852923,4862.436327839514
87.0,0.0021680116,3943.8543817656837
87.1,0.0009227076,4226.042399140933
87.2,0.0018716557,3658.8005891917524
87.3,0.000800118,4078.376373869686
87.4,0.00040434295,4905.236506828758
87.5,0.00023970305,8773.388415623958
87.6,0.022165513,7939.868999665082
87.7,0.026932318,4338.192947772517
87.8,0.045799065,4135.950731098308
87.9,0.06385636,1911.8540769623714
88.0,0.007031274,7767.216690423355
88.1,0.013566375,3255.1947372886716
88.2,0.00899427,2070.4815160554413
88.3,0.019573417,7294.574194567926
88.4,0.006880599,5881.657655440051
88.5,0.0045761657,3766.6066473967076
88.6,0.005375623,3879.2288575971597
88.7,0.001458073,3479.145495909329
88.8,0.00026014258,7550.49652650628
88.9,0.00011735215,10712.499930634836
89.0,8.515716e-05,11162.690614718764
89.1,7.908815e-05,12590.13220461929
89.2,6.967257e-05,14469.587685048116
89.3,6.434824e-05,16099.759514839281
89.4,6.510153e-05,17519.365403438554
89.5,7.37603e-05,17923.834547646406
89.6,6.777114e-05,17964.830939764404
89.7,7.161618e-05,17909.75830175236
89.8,7.2346935e-05,18020.167253529075
89.9,6.399032e-05,17786.70232487428
90.0,6.911403e-05,18089.950414783692
90.1,6.709841e-05,17879.45725622782
90.2,6.454432e-05,17848.02431505291
90.3,7.0281036e-05,17872.677569986907
90.4,6.444148e-05,17710.283918224664
90.5,6.551882e-05,17795.487403825107
90.6,6.7094654e-05,17628.517929272053
90.7,6.6385954e-05,17671.450750133194
90.8,7.238002e-05,17874.481352113122
90.9,6.605411e-05,17793.435019637032
91.0,6.479574e-05,17816.37823380525
91.1,6.0145674e-05,17870.960213617385
91.2,7.177411e-05,17921.872664681443
91.3,6.573339e-05,17715.78942353447
91.4,7.0199654e-05,17774.040354212048
91.5,6.977391e-05,17384.53270626817
91.6,7.111982e-05,16984.87109874048
91.7,6.628848e-05,17254.680398846383
91.8,6.973529e-05,17774.465670303664
91.9,7.4675685e-05,17776.88283852317
92.0,7.235315e-05,17772.120545325186
92.1,6.8962836e-05,17739.586213042334
92.2,6.977201e-05,17691.029341876307
92.3,7.203547e-05,17299.153931673605
92.4,6.290051e-05,17439.598999864593
92.5,6.99722e-05,17545.02592223431
92.6,0.00075523776,6538.916026092924
92.7,0.00636688,8345.362372834225
92.8,0.009510177,7807.460781929272
92.9,0.008681897,6784.904962463686
93.0,0.0033199633,7092.319448339179
93.1,0.054827653,1681.091886770145
93.2,0.0023919295,5717.6694369305915
93.3,0.008612378,8185.794155247748
93.4,0.04519698,1653.3832624766976
93.5,0.037644535,1738.796155554417
93.6,0.034459706,2306.375395293179
93.7,0.0069160955,4017.823428049932
93.8,0.0019437412,3245.076373361565
93.9,0.0005216963,5416.626443898488
94.0,0.00010707535,10253.535258740842
94.1,0.000101895894,9848.810216733307
94.2,9.392286e-05,11201.55958288602
94.3,7.489679e-05,12554.191876932266
94.4,6.7617395e-05,15197.810764826387
94.5,6.573537e-05,16547.24748052173
94.6,0.000108633154,14253.024874398126
94.7,7.23275e-05,15381.843355968813
94.8,6.516449e-05,17065.508401565938
94.9,6.7238325e-05,17628.712780553884
95.0,6.398128e-05,17686.884396061134
95.1,0.015993597,3147.9536235142004
95.2,0.00027195693,7958.718752299219
95.3,0.02716364,2201.113400043914
95.4,0.006592134,1799.5722991995278
95.5,0.007866852,3258.955656178894
95.6,0.010834052,10668.439467473945
95.7,0.003614317,2187.913906926036
95.8,0.0021784727,3863.834172440824
95.9,0.00013931937,10841.61245647286
96.0,0.00010650649,11806.758442561959
96.1,8.934357e-05,12251.321627572352
96.2,8.2290724e-05,13443.357580002401
96.3,7.107968e-05,14477.991168786273
96.4,7.258818e-05,15246.108130679697
96.5,6.8104404e-05,16699.36931795018
96.6,6.671908e-05,17385.36336103303
96.7,6.863039e-05,17596.367825081135
96.8,7.299008e-05,17726.062904842132
96.9,6.7808876e-05,18011.148411697486
97.0,6.839691e-05,17905.997555321002
97.1,6.944645e-05,17956.475403716417
97.2,6.494595e-05,17722.41739582036
97.3,7.125131e-05,17741.13991682308
97.4,7.190576e-05,17923.28561874016
97.5,6.73241e-05,17654.70878270024
97.6,2.5346728e-07,10051.580588776633
97.7,2.4157836e-07,9860.84988478199
97.8,2.4351434e-07,9833.625420237813
97.9,2.5016232e-07,10017.605026901212
98.0,2.4648372e-07,9851.759513765308
98.1,2.5072322e-07,9942.381183351255
98.2,2.4784444e-07,10241.855286335734
98.3,2.4595687e-07,9724.442106161874
98.4,1.378944e-06,6486.705309108453
98.5,1.6325132e-06,6524.948179213232
98.6,2.968061e-06,6077.693373488527
98.7,2.9037299e-06,5799.3868284579785
98.8,0.0034119848,1611.386899530148
98.9,0.0105619505,3700.0491100320087
99.0,0.017811114,2535.020066677371
99.1,0.008741577,3482.560155734752
99.2,0.008502953,1698.3272278207721
99.3,0.004435965,2629.1309716048645
99.4,0.00018731749,4052.54247179004
99.5,0.00014037994,3678.451459027923
99.6,0.00012073139,3050.9919511093376
99.7,9.1689726e-05,2127.182871975492
99.8,6.100704e-05,1639.6297017926545
99.9,0.00014071957,3107.6956764241695
100.0,2.3267663e-05,3031.2029513489
100.1,2.458493e-05,3356.86280400667
100.2,0.0007855214,1488.7998926230182
100.3,0.018519456,1813.9880476056844
100.4,0.005662552,5714.798059883417
100.5,0.03752837,2233.233210195486
100.6,0.03146207,1730.6214938903454
100.7,0.009017803,5193.360811844915
100.8,0.042520836,2648.9971369722603
100.9,0.041227136,738.0512306332652
101.0,0.017032359,2383.782775116883
101.1,0.0046703415,1803.89256783637
101.2,0.00027867832,3564.4850538322444
101.3,0.0001965797,3515.689133346228
101.4,0.00012752622,3275.17318175281
101.5,0.00011903626,2432.132665117183
101.6,6.761625e-05,2065.6751567714223
101.7,3.820757e-05,1807.835613740222
101.8,1.588465e-05,2672.0027328380174
101.9,2.9177849e-05,5139.258277171585
102.0,0.014719162,5333.975767172713
102.1,0.015934153,3032.9144241412873
102.2,0.04096063,1547.132548907108
102.3,0.0032551705,3316.9153010880505
102.4,0.007780659,2619.298873409522
102.5,0.01210854,3138.038508163775
102.6,0.012403016,3862.033300638974
102.7,0.022826618,7660.653547232208
102.8,0.0039686277,5582.754020057459
102.9,0.0013594542,3283.1901061001317
103.0,0.0001789212,5694.211540339364
103.1,0.00011514403,7126.859809591204
103.2,7.4830656e-05,7271.709700191683
103.3,4.6221456e-05,7532.794005472994
103.4,2.9077068e-05,7859.687579244364
103.5,1.99175e-05,7162.037930275414
103.6,1.2767087e-05,6637.149363191711
103.7,0.000118720855,2537.7087694380243
103.8,0.00042140018,2246.705807646759
103.9,0.0005183386,2340.294939800245
104.0,0.00036833796,2064.131818022326
104.1,9.230647e-05,2130.582837794024
104.2,2.1207734e-05,2765.347377903153
104.3,8.931217e-06,3622.560546406354
104.4,3.3197546e-06,5593.689494668752
104.5,7.037956e-05,1071.5743321285197
104.6,0.0065005305,3426.3825963494837
104.7,0.013626817,9491.653713240436
104.8,0.015300394,3681.7278684125913
104.9,0.0063736667,7783.403416218738
105.0,0.02721339,2272.891467294143
105.1,0.0013404745,3340.779311960151
105.2,0.009496852,4556.478146316467
105.3,0.006855128,4046.499222931807
105.4,0.010792867,3366.226032081885
105.5,0.020167584,1772.3775060804637
105.6,0.01970641,6752.102051941245
105.7,0.0008453284,6590.492852869887
105.8,0.007938189,3063.6138360652917
105.9,0.0028900346,3282.195468333711
106.0,0.00028402748,4736.989819775968
106.1,0.00014507565,5789.095587824198
106.2,9.4810704e-05,5749.932578533428
106.3,6.424551e-05,6113.101798726766
106.4,3.913479e-05,5878.903160799498
106.5,0.0018360018,6982.281926398113
106.6,0.018388366,4141.373380885989
106.7,0.0030688248,2630.0594105133405
106.8,0.05178775,3106.1161288509375
106.9,0.07152003,770.742235605682
107.0,0.04474403,1888.028297354596
107.1,0.02108886,3955.4439396063526
107.2,0.04080352,2939.575489904457
107.3,0.032788612,3402.7275191880485
107.4,0.00695492,3274.318094038863
107.5,0.021935802,7367.936599994542
107.6,0.0031980257,7191.669440271002
107.7,0.020658322,4767.505883502516
107.8,0.0032149905,3334.6459292098193
107.9,0.0001982787,6036.834332672648
108.0,0.00018327848,5389.941213381554
108.1,0.0003528304,3465.1634105248036
108.2,0.00029058152,3500.556993043717
108.3,0.0002137732,3248.603137319261
108.4,0.00016554561,3039.4305558255414
108.5,3.4430086e-05,4089.1396459434154
108.6,2.0913454e-05,3916.868498751723
108.7,7.545637e-06,4508.578503031846
108.8,6.1420033e-06,5775.894833823617
108.9,1.986441e-05,2629.1307355609133
109.0,0.0018474954,4942.609634113619
109.1,0.013625331,10155.763285637104
109.2,0.05853075,1916.6290951249066
109.3,0.06899054,2385.7964378768097
109.4,0.0029753647,1963.7896247414433
109.5,0.058601335,2146.1809884552035
109.6,0.048107915,3493.3081818678593
109.7,0.00592048,2924.7486455424387
109.8,0.0008632109,2956.613370856251
109.9,0.0007827202,2681.6137188461917
110.0,0.0004668744,2706.146453580316
110.1,0.00018565588,3443.9566316773125
110.2,0.00012300702,3391.0762054625325
110.3,8.865474e-05,3121.4210154493785
110.4,0.0001314583,4523.350912036372
110.5,0.015451375,9237.343958070764
110.6,0.079460636,2041.9858665815939
110.7,0.0869752,1017.3467453748818
110.8,0.079302676,1339.302988576052
110.9,0.057486795,1510.3393499251706
111.0,0.030188672,3124.6221667882805
111.1,0.024418432,7923.14762998119
111.2,0.049937803,1591.977885947889
111.3,0.056218173,2104.314928484718
111.4,0.04178455,1977.1297922752174
111.5,0.019170027,3408.841442390104
111.6,0.02951805,7325.787171517402
111.7,0.01401776,5528.747764794215
111.8,0.014071865,4235.947473974735
111.9,0.0043898886,3364.3453142650815
112.0,0.001860273,3037.9610025762477
112.1,0.0022159787,3140.709759704996
112.2,0.0009941154,2835.074621001607
112.3,0.00038288656,3110.0978849890416
112.4,0.00012555953,4165.173791488449
112.5,6.107041e-05,4171.965062356088
112.6,0.00010099654,7812.304622962829
112.7,0.004773166,9052.319360576857
112.8,0.0443573,1640.5175952008321
112.9,0.046645217,2307.4657497403355
113.0,0.03375932,2493.991980338205
113.1,0.05300708,2357.5642669426584
113.2,0.046380192,1971.8857432404836
113.3,0.007876607,4045.482893906119
113.4,0.011112433,5102.749990126858
113.5,0.036353044,7276.3840471896965
113.6,0.008823609,7195.314385913474
113.7,0.00050758605,4681.14851816822
113.8,0.019782042,3047.183596517665
113.9,0.0134676695,4147.026580909413
114.0,0.002741284,2828.5528886127413
114.1,0.00016464731,5319.741738405479
114.2,0.00016647944,5043.596956173926
114.3,0.000102293976,4641.498930662327
114.4,6.0101964e-05,4883.59059962214
114.5,3.6711463e-05,5090.623716907581
114.6,2.2303744e-05,4644.4381813604705
114.7,1.5731715e-05,4274.64983292781
114.8,8.027436e-06,4543.597262487858
114.9,3.049046e-06,5189.646561845266
115.0,1.5265772e-06,6292.4265785897815
115.1,2.430589e-06,7333.071842276606
115.2,2.3320345e-06,7240.894551718141
115.3,2.7402643e-06,6201.779432486906
115.4,2.154889e-06,6486.19056717354
115.5,2.2706515e-06,6936.478896869102
115.6,2.125945e-06,7068.033479659722
115.7,1.7070772e-06,7324.123281846478
115.8,2.5770116e-05,7062.08469373202
115.9,0.0012755912,7192.996701650756
116.0,0.015512716,2018.659708211138
116.1,0.012043532,3200.8739401503735
116.2,0.0042937514,5213.716073665949
116.3,0.0035401569,3536.0251649831994
116.4,0.00083002687,2718.9919747972303
116.5,0.00017091837,4218.256889951554
116.6,0.000121321216,4152.822156370932
116.7,6.1692284e-05,4298.547061755441
116.8,5.0308092e-05,3885.145471007544
116.9,2.1948294e-05,3710.5112449407397
117.0,9.171112e-06,3901.563052446384
117.1,4.586699e-06,5165.901509632469
117.2,2.3872071e-06,6751.206197385434
117.3,1.9197844e-06,6358.324742713219
117.4,2.8569464e-06,6376.94039781565
117.5,2.0727534e-06,7432.83598134941
117.6,1.6210813e-06,6899.4697985896655
117.7,2.5441645e-06,6251.193698500549
117.8,1.5329344e-06,7274.240649587384
117.9,2.3922282e-06,7138.796134198978
118.0,2.142645e-06,6509.483777767133
118.1,0.0008644148,6234.9891289813795
118.2,0.009627228,6586.860573317854
118.3,0.018694676,1552.3363337944465
118.4,0.019582877,3068.970376095155
118.5,0.016393943,3885.504774801151
118.6,0.0327289,1440.835326821778
118.7,0.027141558,2741.2326283924913
118.8,0.017220834,3153.580934630832
118.9,0.00083958043,3247.7071367064755
119.0,0.017138403,2849.0997916029896
119.1,0.0085526,948.2783905168642
119.2,0.01203265,7927.743451732377
119.3,0.005781958,7528.16722761466
119.4,0.0013202459,3734.153494493964
119.5,0.0034960967,4613.523652490134
119.6,0.00022718016,4610.4188506529945
119.7,9.421153e-05,6619.093440484507
119.8,6.592395e-05,6521.853937264448
119.9,4.7384405e-05,6741.258254166956
120.0,2.683547e-05,7478.651009864097
120.1,1.553213e-05,7276.832950425774
120.2,8.01586e-06,6332.796295665186
120.3,3.7976113e-06,5960.159607985658
120.4,3.625837e-06,5989.242676129312
120.5,3.2391313e-06,6591.146707689795
120.6,2.0162552e-06,6147.862662089479
120.7,2.039251e-06,7276.284346864956
120.8,2.5949726e-06,6096.619223285741
120.9,2.429317e-06,7908.1307210899495
121.0,1.6472513e-06,6866.056602918126
121.1,2.8944642e-06,6812.0101403226345
121.2,3.205695e-06,6237.830494730904
121.3,4.241374e-06,5630.111560831569
121.4,2.0397104e-06,5925.107522430331
121.5,3.2658972e-05,2639.232884800885
121.6,1.1237527e-05,3311.5596517484246
121.7,5.262819e-06,5783.177921896798
121.8,4.3577456e-06,5809.658754706268
121.9,7.5502917e-06,4652.901877472548
122.0,7.657022e-06,3904.1680763535032
122.1,3.133718e-06,6532.665660227299
122.2,2.9342634e-06,6113.98699144443
122.3,2.5358775e-06,6833.709686268219
122.4,1.883468e-06,6819.5165760629
122.5,2.5948416e-06,7247.094875973561
122.6,0.009904297,3823.0421558971457
122.7,0.0008138631,3734.629061035854
122.8,0.025834069,2888.015642576307
122.9,0.011196614,3384.031657684527
123.0,0.01149299,2804.703133122991
123.1,0.0019972646,2401.563106246362
123.2,0.00050666777,2757.0449877544143
123.3,0.00013441656,4556.461026960378
123.4,0.00010182833,3943.9625614669067
123.5,0.00010477129,2983.8757051328885
123.6,5.6313856e-05,2831.690468103571
123.7,0.00031329718,4073.8265685005754
123.8,0.0005974742,935.0016473228193
123.9,0.00897981,2286.907859888127
124.0,0.022880726,1443.4382410318578
124.1,0.0062510124,4136.815591239666
124.2,0.008092691,4098.338481490805
124.3,0.028272381,1304.5495103005912
124.4,0.030358449,2208.3564018593706
124.5,0.0258542,3063.2158478981387
124.6,0.0088102175,3724.7446290659964
124.7,0.022064546,1149.9133659538195
124.8,0.033034302,3221.484902257067
124.9,0.02362445,11188.796602670252
125.0,0.014778319,4280.489126451761
125.1,0.0040776464,2614.3700364794026
125.2,0.00023488123,5983.76695698885
125.3,0.00016972204,5585.50436735585
125.4,0.0001335146,6448.328544131148
125.5,0.00014009183,5315.9425615577275
125.6,0.000109313456,5507.463679447191
125.7,4.1308118e-05,7172.135836124451
125.8,0.0001614505,3437.104630479118
125.9,0.0010915801,2570.8774782962505
126.0,0.0011364359,2503.3672690072135
126.1,0.000770831,2408.2415994644025
126.2,0.0003311231,2172.509577416873
126.3,0.00015008297,2028.3627164106952
126.4,2.249128e-05,2886.9895057723033
126.5,0.0022465896,1785.4861214927068
126.6,0.0045813774,2750.48534208216
126.7,0.044396807,7437.791634559946
126.8,0.055794407,1665.4948477757844
126.9,0.060370814,1150.111742373094
127.0,0.07832832,2278.2344607706987
127.1,0.06305502,1868.7071939875602
127.2,0.012954222,3583.837722436279
127.3,0.08368344,1699.2374111590614
127.4,0.038834374,8062.866285036822
127.5,0.023396183,5276.408686547025
127.6,0.037173096,2399.775545860185
127.7,0.012155949,1779.4569271928988
127.8,0.018901179,3506.6545289308433
127.9,0.0026823543,2621.713520063948
128.0,0.0019808346,2641.4057151660554
128.1,0.0020723671,2567.2823638199056
128.2,0.0011345348,2206.94888006181
128.3,0.00013032385,4156.136628254224
128.4,8.300371e-05,4205.929879609819
128.5,4.8669488e-05,3582.1022166556468
128.6,2.6453614e-05,3476.0017400024576
128.7,1.2389572e-05,3704.780560750691
128.8,6.44155e-06,4619.423033859502
128.9,7.3499396e-06,7817.938855500213
129.0,1.1809038e-05,8667.083649728589
129.1,0.005455638,1654.7713989343438
129.2,0.00015830707,3259.2799336136695
129.3,0.00011363792,2885.9560619514004
129.4,0.00094653905,1686.4348148192194
129.5,0.00019862375,1930.923639479069
129.6,0.00015023866,1350.2871097603124
129.7,4.6600842e-05,1547.7542276024897
129.8,2.9966915e-05,2005.895885718537
129.9,3.7255727e-06,6059.814590419781
130.0,2.5029337e-06,8047.653822483783
130.1,0.00015954107,2613.913685092563
130.2,1.0479905e-05,3588.7462418745836
130.3,0.0003480058,2296.532012681296
130.4,0.0052821287,581.4389932859386
130.5,0.027831925,2675.728203899675
130.6,0.021650663,8416.181990806748
130.7,0.023393348,2159.063232229877
130.8,0.00073932245,4864.421672618134
130.9,0.00049187697,3781.6762723788506
131.0,0.0038790675,3229.6626768008214
131.1,0.0013830706,3198.380260662309
131.2,0.00015809016,5090.575759805981
131.3,0.00017706766,4258.626504933419
131.4,0.00014201146,3620.238287666124
131.5,8.59205e-05,3561.942352266427
131.6,8.002773e-05,3222.8166968509777
131.7,1.4099545e-05,4615.850479059597
131.8,7.304899e-06,5129.618823213741
131.9,3.2754365e-06,6597.635798698361
132.0,2.7843744e-06,6552.205193360072
132.1,2.9259156e-06,6634.453043031937
132.2,4.705287e-05,4696.0937451380005
132.3,0.0077240057,9204.678081247708
132.4,0.013798272,2589.0566005583073
132.5,0.07009371,1499.4248724046006
132.6,0.021834828,3932.5738903378524
132.7,0.07273893,2534.073768460138
132.8,0.048645083,2560.553666715063
132.9,0.039167576,2230.533641676072
133.0,0.049741898,1284.7719898096618
133.1,0.040181268,1247.431119008706
133.2,0.026536906,1521.3231543315985
133.3,0.030458713,888.8647502195954
133.4,0.044542085,2295.67591035775
133.5,0.02876525,942.9224454912677
133.6,0.014682185,10121.738884939901
133.7,0.010532222,5121.865211408654
133.8,0.0041963635,3048.5388792717677
133.9,0.0016631638,2510.925070521855
134.0,0.00013223493,6231.307400860682
134.1,0.00014025522,6259.550184226585
134.2,0.00012629664,6402.858829652865
134.3,7.155725e-05,6831.468725178736
134.4,3.0144443e-05,6960.551731771016
134.5,1.6054626e-05,6692.332029309855
134.6,4.1346125e-06,6514.42412898636
134.7,2.3177333e-06,6580.876754635283
134.8,1.7647578e-06,6450.053466897327
134.9,1.6795595e-06,7144.933901273322
135.0,1.583805e-06,7265.142990882577
135.1,2.0887146e-06,8120.557799192019
135.2,1.7603397e-06,7503.074238633749
135.3,2.8210194e-05,2700.008885927287
135.4,4.3358687e-05,1844.7459064867273
135.5,1.4668054e-05,4382.319931592731
135.6,1.4655741e-05,3104.301267381116
135.7,4.5618728e-07,8668.574543705565
135.8,2.3718424e-07,10025.413133255366
135.9,1.2832963e-06,6717.100860281546
136.0,1.7556584e-06,5851.753916302689
136.1,2.3828808e-05,2036.9101046708643
136.2,8.369021e-05,4745.258153973285
136.3,7.816551e-06,5243.979004923541
136.4,3.9163388e-06,5892.706066469698
136.5,1.824263e-06,7287.790694935313
136.6,1.3853731e-06,7057.421404203662
136.7,1.4335764e-06,7136.440403867379
136.8,2.9071578e-06,6981.786424322002
136.9,2.2673436e-05,11298.846776992663
137.0,0.02324114,3700.889481784233
137.1,0.009287037,4825.8483541044825
137.2,0.0012445244,3862.9302444353652
137.3,0.0006115176,2974.543781327972
137.4,0.00012537144,5988.305327418941
137.5,8.703024e-05,5519.288454014185
137.6,6.371418e-05,5057.209534091018
137.7,3.7976435e-05,4772.308702428355
137.8,2.6632837e-05,3181.104150644876
137.9,7.4763775e-06,4219.983394757895
138.0,2.2434483e-06,5759.440643846735
138.1,4.011409e-06,5148.368507448411
138.2,6.0200924e-05,6858.218827430339
138.3,0.025635602,2810.674928751004
138.4,0.043080807,2060.6577433659895
138.5,0.027859597,1608.5439179488008
138.6,0.017449325,8653.34662327816
138.7,0.0021315499,6209.3986024409805
138.8,0.00070506585,4708.6574547702185
138.9,0.0003226313,5097.576093501409
139.0,0.00013501906,6044.91025824435
139.1,8.9707006e-05,7224.201893987255
139.2,6.625006e-05,7252.6928840101455
139.3,5.512244e-05,7042.055487650016
139.4,4.1066138e-05,7048.397855728338
139.5,7.0880594e-07,9289.566320989325
139.6,2.4364059e-07,9741.323099642399
139.7,2.3635019e-07,10244.719418008961
139.8,2.469265e-07,9836.82928872739
139.9,3.966587e-06,4612.76403326366
140.0,6.0166008e-06,4612.132978096658
140.1,4.126399e-05,1679.1125785475829
140.2,3.7560858e-05,1239.9055406416699
140.3,1.1015172e-05,2738.0239124529226
140.4,1.3360012e-06,6862.469904763071
140.5,1.1964457e-06,6926.699097242237
140.6,2.1708236e-05,7924.97951096078
140.7,5.772097e-05,7677.154757379828
140.8,0.021670718,3116.680626585844
140.9,0.023073288,1754.317833400434
141.0,0.011953096,4628.373800799133
141.1,0.014072431,1734.854469815987
141.2,0.0034868824,3406.3520655566217
141.3,0.00028488907,3809.1398343905967
141.4,0.0002769776,3431.414467954309
141.5,0.00014476116,3675.9183475098116
141.6,6.354469e-05,3586.6824845545193
141.7,4.5902143e-05,2894.613864238626
141.8,6.1019233e-05,1665.3211562789002
141.9,7.888041e-06,3625.8402033753255
142.0,2.0026819e-06,6197.922518080053
142.1,1.3568831e-06,7299.852111280287
142.2,2.258514e-06,6882.271045245292
142.3,0.00014502213,5232.352145256427
142.4,0.06328594,2953.127723992973
142.5,0.076610036,965.040873707427
142.6,0.07635405,2639.3071458063905
142.7,0.032393526,1455.9094671721896
142.8,0.01840212,3672.360576030735
142.9,0.01819252,1222.5278793301543
143.0,0.017607383,1871.1379849613809
143.1,0.0139524555,3878.6365127882254
143.2,0.017265573,8432.481677035596
143.3,0.006823506,3049.2601725012555
143.4,0.00025878075,5200.945969939523
143.5,0.00014951636,6191.047017272098
143.6,0.0001259276,6332.211193962041
143.7,6.559374e-05,7214.1488406752815
143.8,4.7650366e-05,8108.4592689948295
143.9,4.4295157e-05,7941.718351485613
144.0,2.0182764e-05,8026.538561919875
144.1,1.816822e-05,5239.284043292683
144.2,2.4064067e-07,10020.500360314616
144.3,2.4344158e-07,9789.37667876238
144.4,2.4322742e-07,10390.054442070968
144.5,2.3652869e-07,9975.344653008684
144.6,2.4880265e-07,10115.289496475954
144.7,7.1300396e-06,3722.6157457177833
144.8,9.5964915e-06,2872.2215154808773
144.9,1.7235926e-06,6060.482981553584
145.0,2.2991517e-06,6117.823417251552
145.1,2.0300167e-06,6028.754325791841
145.2,1.240777e-06,6938.326353067129
145.3,1.4286616e-06,6936.95388429169
145.4,1.1278798e-06,6595.731729283125
145.5,0.00043724352,3384.5217913395322
145.6,0.0015008413,2239.146055180809
145.7,0.04142353,3135.733261678026
145.8,0.049439874,838.631348583827
145.9,0.036739413,2687.9163629176137
146.0,0.017974844,1175.6506087182188
146.1,0.014285863,913.8858142390834
146.2,0.023885462,3287.2580784058196
146.3,0.06284243,930.6451237276805
146.4,0.046609048,801.8747867744962
146.5,0.043291826,1529.286056757531
146.6,0.018415146,1246.7178037378696
146.7,0.018606253,679.1810558745298
146.8,0.03135904,2015.2935414776093
146.9,0.06734792,828.370180236192
147.0,0.051730163,706.587686671601
147.1,0.045998726,1516.6596340750766
147.2,0.01830691,911.4444306057202
147.3,0.016368607,804.2689472810891
147.4,0.047726415,2350.398975439077
147.5,0.09160483,1109.732210211449
147.6,0.055749156,1215.1029990310726
147.7,0.091104046,1306.1125518417507
147.8,0.04368721,1473.7616108765
147.9,0.020446444,3415.808939744824
148.0,0.045603786,1289.0317998860476
148.1,0.0340677,1133.628050473122
148.2,0.034778424,2860.999885007576
148.3,0.022264706,7059.319930709542
148.4,0.029045248,8886.136502475063
148.5,0.011738749,7634.135116373954
148.6,0.0003636559,4417.906926825273
148.7,0.00021473582,5691.413543935587
148.8,0.00018962365,5925.129549536809
148.9,0.00016001504,5446.930509004183
149.0,0.0001241712,5731.326441097128
149.1,7.969997e-05,6347.010024213656
149.2,4.7605747e-05,6599.99559948625
149.3,2.6234598e-05,7329.303837182153
149.4,1.0544159e-05,7783.687652449222
149.5,3.6735453e-06,7614.419102588491
149.6,1.5314555e-06,7420.304594722217
149.7,1.1553979e-06,6981.493642882276
149.8,1.1932531e-06,6857.182906362189
149.9,7.83945e-06,5728.986258953328
150.0,0.0003205717,1414.9233170540026
150.1,0.00060374883,531.9231352859662
150.2,0.0017433381,984.0701326510921
150.3,0.0068124803,7269.282688554674
150.4,0.00021381641,5884.784441360109
150.5,0.010520677,4357.941667231369
150.6,0.0020812238,6244.944699765392
150.7,0.010752055,3750.1696927438315
150.8,0.0059910333,3907.3136791435522
150.9,0.004180997,2685.4667585875554
151.0,0.00079339236,2205.8780526548726
151.1,0.0001360508,4725.221362597767
151.2,0.00013094227,3825.9747745102477
151.3,0.00018608218,2247.4925298125563
151.4,0.0001137651,2110.951955741674
151.5,9.558071e-05,2554.1972381010287
151.6,3.0845265e-05,2205.9016436100937
151.7,2.4657002e-05,2098.999789421948
151.8,1.4701988e-05,2331.893760133128
151.9,7.4438714e-05,1740.0218158874718
152.0,4.471195e-06,4930.402292954593
152.1,2.081638e-06,7677.784854492286
152.2,1.4766327e-06,6560.09086746636
152.3,1.2387602e-06,6775.650509114966
152.4,1.1996486e-06,6937.803192011101
152.5,1.2638656e-06,6902.629856312855
152.6,1.4514493e-06,6841.682446151107
152.7,1.1155473e-06,7137.055911733328
152.8,1.2235789e-06,7091.249891066398
152.9,0.009772638,1233.4717887104787
153.0,0.048431717,2981.3530599234673
153.1,0.050131045,2606.70240411012
153.2,0.01009624,8066.007211996366
153.3,0.00031169414,6616.0095418845995
153.4,0.011188894,6743.547976522859
153.5,0.028342823,11318.35780339983
153.6,0.023203362,2219.987057359356
153.7,0.0068716616,4370.98150630026
153.8,0.01744341,5830.60257644237
153.9,0.0205278,1627.4600034116863
154.0,0.020800043,2586.0666742666053
154.1,0.0026059572,1804.2617165545446
154.2,0.005426549,3491.107808351293
154.3,0.00030551318,6061.361929184261
154.4,0.0029604062,1472.5897084639641
154.5,0.0002113428,5044.478727851982
154.6,0.00023144811,4470.200177748419
154.7,0.00013056683,5162.34674625035
154.8,9.466139e-05,4297.044310178813
154.9,4.0241594e-05,5159.229156862008
155.0,1.8491963e-05,6592.993924165085
155.1,1.8832101e-05,7046.618297378971
155.2,8.604087e-06,8656.825919078565
155.3,3.8950675e-05,4568.412779823015
155.4,1.3097459e-05,5988.140772428153
155.5,5.0918893e-06,5913.60329942391
155.6,2.6166467e-06,5793.393307276762
155.7,1.6763746e-06,8364.120671260602
155.8,1.8860284e-06,7445.445883390246
155.9,2.0963935e-06,6721.469250071467
156.0,1.732586e-06,7397.007035194994
156.1,1.4873216e-06,7496.871424015397
156.2,1.6179335e-06,7359.604264605497
156.3,1.9561658e-06,7949.684476717469
156.4,1.5402748e-06,7636.471075068824
156.5,2.6396342e-06,6710.916453901752
156.6,5.507386e-06,4562.354700379194
156.7,2.8320048e-06,6723.1161379882105
156.8,1.6293102e-06,7410.184485186908
156.9,1.4033711e-06,7281.148512386863
157.0,1.5014184e-06,7548.176149420593
157.1,1.1388274e-05,3366.861019556357
157.2,1.8362083e-05,2863.5322951196385
157.3,2.274434e-06,6897.35731071437
157.4,1.5656991e-06,7420.022751492833
157.5,3.183675e-06,6609.50166373776
157.6,3.3453693e-05,5808.787995005612
157.7,0.00023922563,8852.60148567542
157.8,0.0010073716,2577.0171964759797
157.9,0.018858656,8146.252598119153
158.0,0.018148378,6143.9457766389405
158.1,0.025305849,2524.383449708881
158.2,0.014123929,4313.141948079794
158.3,0.0016247719,4850.105906326669
158.4,0.007985545,4889.932353000574
158.5,0.014278272,8313.117915814699
158.6,0.021442454,2140.7855053500807
158.7,0.0055179405,4008.7399114363857
158.8,0.00032369964,5060.887506762269
158.9,0.00018089986,5854.667424232559
159.0,0.00015883063,6950.28974143193
159.1,0.00010923484,6475.815535409907
159.2,8.0207334e-05,6068.551902385409
159.3,4.7354897e-05,6056.752809527128
159.4,0.097060055,1234.3330443078657
159.5,0.009527853,6719.1061771366385
159.6,0.032447692,4399.279904453634
159.7,0.07120252,1438.7597990987672
159.8,0.0114256395,8212.353249937347
159.9,0.024318375,1513.52519959918
160.0,0.02348634,1283.7354542879461
160.1,0.007314818,2482.79761466777
160.2,0.00077098544,2369.9638272949796
160.3,0.00019880477,3919.4433038890884
160.4,0.00013163344,4240.732546780158
160.5,0.00014967647,3618.9667266011593
160.6,8.95384e-05,3089.0338124970517
160.7,3.391279e-06,6333.0895085146385
160.8,2.4132947e-07,9962.800966396173
160.9,2.4365454e-07,10198.666345008547
161.0,2.3992897e-07,9723.162386263424
161.1,2.5071347e-07,10204.681594861093
161.2,1.4126865e-06,6813.5261416780195
161.3,1.7002702e-06,7643.066747732455
161.4,4.489184e-06,5036.305474116782
161.5,7.4921104e-06,3941.383842277746
161.6,2.781233e-05,2320.085222089221
161.7,3.6598667e-05,1844.803581840206
161.8,0.0006146113,747.8663710228459
161.9,0.023859967,1880.1384316433296
162.0,0.07617326,1519.7305142792902
162.1,0.07109876,1921.7627307787461
162.2,0.011700014,1827.2657427528547
162.3,0.088806845,2140.123379891132
162.4,0.026560374,2271.160421333314
162.5,0.06448244,2382.216567508524
162.6,0.030619128,1963.89330553924
162.7,0.044847142,843.5873649150851
162.8,0.03858188,2730.5112056550843
162.9,0.025103059,4028.033122247254
163.0,0.010226766,1700.542765135501
163.1,0.0004499325,4039.449905125899
163.2,0.014573026,4339.729235753231
163.3,0.008192333,4234.350947105611
163.4,0.001467051,2912.4483912305
163.5,0.00024238862,4690.943963605588
163.6,0.0003644844,3006.6291623378315
163.7,0.00025136094,3522.3203601465752
163.8,0.0001608011,3086.3040359741726
163.9,7.9099955e-05,3705.461350782858
164.0,3.419048e-05,4100.718055136308
164.1,0.020175815,3798.4387534623647
164.2,0.067827396,2547.5490396064615
164.3,0.08065147,1916.707172350756
164.4,0.017293904,2267.232612388273
164.5,0.020482132,3792.5792805377546
164.6,0.02292407,2812.876859421891
164.7,0.027376665,8975.430934150845
164.8,0.012707932,4341.884925114606
164.9,0.026012119,1728.3874233861632
165.0,0.001740692,2452.67944666404
165.1,0.00020730682,5822.895258312443
165.2,0.0001609646,6264.990809294973
165.3,0.00011929341,6477.72615256734
165.4,4.8728252e-05,4008.3640087211397
165.5,2.5049292e-07,9911.510892690889
165.6,3.6607673e-07,9739.045927047851
165.7,1.4773209e-05,3982.832755381571
165.8,6.9946277e-06,4514.592187624645
165.9,5.651584e-05,2400.8680626906175
166.0,0.0005601488,2265.693105411916
166.1,0.0015746413,3011.5318233175926
166.2,0.0016425867,2645.709774202828
166.3,0.001372549,2008.5273556857196
166.4,0.0004926523,1972.443679062192
166.5,0.123795696,1374.7722584910723
166.6,0.10770751,968.4239779367306
166.7,0.05249114,1009.5980429477388
166.8,0.007419823,5032.258138233197
166.9,0.010810781,8974.668580094967
167.0,0.032914255,2854.4578947091863
167.1,0.037779227,2167.739469070824
167.2,0.03132338,2524.145031246232
167.3,0.041025437,2403.8806190756122
167.4,0.015383034,3633.370469559817
167.5,0.0014137473,2506.308455386843
167.6,0.0024977846,3467.715431401488
167.7,0.001906499,4316.2180945057635
167.8,0.01707317,6495.791126569899
167.9,0.029721744,7266.969717501721
168.0,0.08842566,2270.3421554789843
168.1,0.026859814,2798.660509717971
168.2,0.037848063,1915.785099818715
168.3,0.055183254,1153.1181076171426
168.4,0.087244235,1966.6310803191632
168.5,0.07289971,2464.382768243315
168.6,0.065776184,1944.9731438385443
168.7,0.065061815,2440.6521192455652
168.8,0.08923131,2188.0981853844223
168.9,0.08098555,1420.1121626903005
169.0,0.097107604,1984.7978878038195
169.1,0.014220094,3203.2305506256002
169.2,0.036601987,955.0477981737172
169.3,0.10958835,1911.3835955176216
169.4,0.055020217,2947.6020676482317
169.5,0.122087054,1903.2506444859855
169.6,0.0019724434,2337.9816893885827
169.7,0.079562835,1847.9793113032601
169.8,0.025821824,4169.130922497355
169.9,0.0058377986,3192.5788821427514
170.0,0.00035873576,4251.894595934791
170.1,0.0005152635,2988.4278738072167
170.2,0.00044627048,2734.7803592358496
170.3,0.0001442713,4273.665142273058
170.4,0.0004287343,3136.462313342827
170.5,0.020350328,4681.2881407869045
170.6,0.09236283,2947.628685322975
170.7,0.12819123,1860.96555463645
170.8,0.015317369,3500.2106464254775
170.9,0.036781866,3090.059992429348
171.0,0.032083534,4021.5449505650504
171.1,0.032015845,10451.316112263059
171.2,0.021678498,4641.961786086391
171.3,0.0036890921,3257.0026113120384
171.4,0.00020827394,6362.457477485114
171.5,0.00021448765,6259.152226707976
171.6,0.00015178742,6094.8558479545545
171.7,0.000114364455,6363.086869094159
171.8,6.28128e-05,6839.343600281346
171.9,0.000105020954,4865.431713521009
172.0,4.8531198e-05,5956.94879134073
172.1,1.8105453e-05,6864.8994580677245
172.2,2.3213364e-05,3595.4239657142953
172.3,3.7354312e-06,5538.313849332203
172.4,2.0361942e-06,6808.642119682275
172.5,1.6837876e-06,6812.91454599602
172.6,1.8051074e-06,7257.8880966913675
172.7,9.363016e-06,4847.594920622683
172.8,0.016222863,8547.25516219006
172.9,0.0792578,2699.0213878223867
173.0,0.034889523,8367.599452727254
173.1,0.08398853,2494.9811054700026
173.2,0.08384798,937.1533588002369
173.3,0.049153775,1684.0173625727125
173.4,0.05621135,1694.2441161175939
173.5,0.057134975,2365.72228148557
173.6,0.071785145,1740.506181678056
173.7,0.042639002,1975.2392888596632
173.8,0.02463776,3931.2451870734394
173.9,0.0037221808,3350.9835478909563
174.0,0.0020949224,3080.9312965841305
174.1,0.0054476494,3998.2009935423853
174.2,0.0063141077,4107.617610122021
174.3,0.06009553,1598.9957936348414
174.4,0.025550809,2678.1046622646036
174.5,0.122481294,2272.1157016597454
174.6,0.07000215,1197.7159937111835
174.7,0.17938234,1974.599313208182
174.8,0.07104108,2185.5871342171044
174.9,0.057334233,2797.2293066051047
175.0,0.10150386,1866.917165832228
175.1,0.060736682,1843.4722004347163
175.2,0.07148967,1648.9048457765261
175.3,0.002682534,3375.187445933354
175.4,0.20436092,1614.250073005089
175.5,0.102328494,1847.1013956197412
175.6,0.094061926,1423.712307238987
175.7,0.1420734,1862.1886934064432
175.8,0.060388576,2989.537779206169
175.9,0.058448914,1550.1546698020732
176.0,0.0031138032,2543.5113754519843
176.1,0.06102249,3935.8430005414357
176.2,0.03288441,3222.333649836067
176.3,0.0026411223,2748.535179122613
176.4,0.00037384534,3958.6400474896604
176.5,0.00027273176,4274.251183533314
176.6,0.00035319218,3209.466114831272
176.7,0.00024161012,3382.347642418666
176.8,0.00017709604,3302.5533220232433
176.9,0.00034956922,2999.179953447553
177.0,0.01811961,4315.698292652802
177.1,0.043074727,3683.697845211932
177.2,0.11566593,2206.3219915534373
177.3,0.023781862,3739.5002126245186
177.4,0.037822194,6266.0808853194785
177.5,0.020820329,5273.567909293068
177.6,0.038709737,7096.761104939404
177.7,0.0040347343,6998.950772348971
177.8,0.009239099,3078.6344958196914
177.9,0.00036558716,6227.548958253265
178.0,0.00025275766,5580.063850874001
178.1,0.00014532503,7050.713549979689
178.2,0.00016537965,6576.348468665531
178.3,0.00011223146,6901.825589026668
178.4,6.66394e-05,7110.722480214427
178.5,3.9259372e-05,7279.767279298043
178.6,2.0556585e-05,7727.292440724725
178.7,8.014968e-06,7313.373072895103
178.8,1.6419786e-05,4761.916121008444
178.9,1.6449876e-06,7448.482345927796
179.0,2.515067e-06,6651.255201845139
179.1,2.345725e-05,2488.6349697310998
179.2,8.059657e-06,3572.95767769149
179.3,1.4127324e-05,2564.525987264701
179.4,1.8829232e-06,6844.01058329465
179.5,6.5673285e-06,4394.754138714508
179.6,1.921294e-05,2593.5536644347894
179.7,4.54303e-05,2275.864860410332
179.8,6.9671864e-06,4621.470789413967
179.9,2.0101581e-06,6478.258797605061
180.0,1.2054748e-05,3645.7499097263203
180.1,1.8625869e-06,6592.845540736887
180.2,3.4237073e-06,6794.481559702494
180.3,0.0047253137,7000.410314025499
180.4,0.011303987,6891.783378621407
180.5,0.0014210184,3678.0127497061385
180.6,0.0079678,6305.412588551877
180.7,0.024310866,2894.999735936275
180.8,0.0038468426,4996.7945914453485
180.9,0.00015537799,6001.141381453701
181.0,0.008933426,4046.842398087774
181.1,0.0073906514,3256.791695059601
181.2,0.0027762053,2446.897722588331
181.3,0.00055060734,2766.5491535039187
181.4,9.765992e-05,5106.661332007708
181.5,8.934039e-05,4168.786903796904
181.6,6.693413e-05,3901.2855753529766
181.7,3.1116982e-05,3796.4358838672483
181.8,1.4408534e-05,3848.1416728432023
181.9,5.7454097e-05,2543.0573510739855
182.0,3.2432523e-05,2344.9999374132176
182.1,7.4507075e-06,4576.136327082933
182.2,1.0009945e-05,3550.4077118346822
182.3,5.0505587e-06,5671.2946484484455
182.4,5.093641e-06,4285.454500452585
182.5,7.588491e-06,4133.819945231682
182.6,2.3499529e-06,6708.115957396601
182.7,3.0358551e-06,6679.718532978219
182.8,4.0271316e-06,5715.76319188718
182.9,2.4416825e-06,7576.654618665678
183.0,0.00015083638,3740.958861528054
183.1,0.0020149592,3072.3115835939725
183.2,0.0017698829,2059.647824669477
183.3,0.007527389,3017.4222958595337
183.4,0.0037980964,1745.0786091809196
183.5,0.0039144764,2616.5452557898025
183.6,0.010234429,2856.4036275770145
183.7,0.004948068,5061.1397810009985
183.8,0.018378928,9846.64485551934
183.9,0.0022590805,6786.601099470088
184.0,0.0028377695,2583.2336885967284
184.1,0.00018477067,6350.817819446667
184.2,0.00013737554,6721.477357330369
184.3,8.722226e-05,7300.059869628634
184.4,6.4676526e-05,7729.792405553627
184.5,4.950366e-05,8003.837659178095
184.6,3.348074e-05,8171.979284251924
184.7,2.2135286e-05,8003.174320963323
184.8,1.1296885e-05,7469.979030204639
184.9,5.2504124e-06,6943.994670660388
185.0,3.4894788e-06,6662.312613983523
185.1,2.5372465e-06,6501.976697384825
185.2,1.0194763e-05,4335.689210459923
185.3,1.8995457e-06,6949.298027615401
185.4,2.8435188e-06,6318.940580486118
185.5,1.7354712e-06,8411.487179728509
185.6,1.7599597e-06,7013.617688882436
185.7,2.5623556e-06,6358.853184631463
185.8,4.0164036e-06,5514.990634522034
185.9,1.6366707e-06,7933.0640440265615
186.0,1.870763e-06,6983.347031255821
186.1,3.2105054e-06,6744.128654327871
186.2,8.083845e-06,3570.1921469868735
186.3,1.9609417e-06,6217.513911632521
186.4,6.7691058e-06,3702.658177295423
186.5,9.820848e-06,3632.839404722795
186.6,9.091758e-06,4081.0876399754698
186.7,3.5614705e-06,5378.54674962716
186.8,4.306276e-06,4931.263416513996
186.9,1.8579603e-05,2601.836788491791
187.0,0.00020053955,2436.751453732616
187.1,0.0012504461,4752.131146989077
187.2,0.0014133886,5219.732827254777
187.3,0.0012367142,5040.335734196269
187.4,0.0011030287,4672.0735851827885
187.5,0.0007971851,4600.858785542546
187.6,0.00057486864,4492.816165558799
187.7,0.0002642783,3582.8189669659887
187.8,9.581922e-05,3344.056920374469
187.9,3.137391e-05,4067.8896590832446
188.0,3.9783714e-05,2748.0756503766934
188.1,0.00011687357,6927.389819181737
188.2,6.660938e-05,2361.65653921647
188.3,0.006924489,3208.3143932222656
188.4,0.024119142,6955.198370254433
188.5,0.049607296,2463.517071284652
188.6,0.053865906,3159.139276940503
188.7,0.06539565,2199.0056839135796
188.8,0.0114006605,7943.461381281531
188.9,0.046857916,1034.5967185616385
189.0,0.01923031,2297.159683692552
189.1,0.014579096,2572.28112112557
189.2,0.012876606,3913.2733275540418
189.3,0.0036220872,2620.403240028526
189.4,0.0006214748,3497.4127386176333
189.5,0.00020954509,3902.6341686874966
189.6,0.0001714964,3759.558809134537
189.7,0.00017410933,2815.0770630245074
189.8,0.00012250096,2886.956269379408
189.9,9.436784e-05,2307.321948426996
190.0,0.0054439055,2986.872760562227
190.1,0.018309863,4318.5940437774825
190.2,0.025914373,7874.999349915387
190.3,0.058175474,1536.107527457944
190.4,0.017147258,1497.186860396261
190.5,0.022420432,4068.8986813469182
190.6,0.020258415,10407.388698810177
190.7,0.035220392,2768.4815484901283
190.8,0.04442609,2553.151834555755
190.9,0.017258862,4544.921420225364
191.0,0.033200826,2406.3763280320763
191.1,0.012790378,5044.029199861071
191.2,0.047015272,1738.301486568546
191.3,0.030991716,3099.819671832568
191.4,0.013660955,10959.57765748855
191.5,0.008522779,7998.4743296650995
191.6,0.0055546933,3609.016214233915
191.7,0.0031481208,1955.6773267896135
191.8,0.00029545,4651.659636472539
191.9,0.00014785117,5652.414886779711
192.0,0.00013283169,5518.220402207576
192.1,7.785696e-05,6251.824388423731
192.2,0.0002631818,3410.2366392982995
192.3,0.0011242898,3071.2012497057167
192.4,0.0040505626,3674.9950796665016
192.5,0.0033768348,3598.8509388996276
192.6,0.0010677943,2796.090685416845
192.7,0.00053119415,2400.0864336506165
192.8,0.00010267241,3168.0578486707486
192.9,0.000100488476,2753.333650163132
193.0,0.007892668,9694.724261392621
193.1,0.073468894,2394.0412374242887
193.2,0.06057026,2262.331431069496
193.3,0.0052815094,5053.044261280813
193.4,0.005331727,5077.961053967856
193.5,0.03377108,2921.4073947687757
193.6,0.035642583,3439.9867336466164
193.7,0.01717398,11659.774632633013
193.8,0.037449885,2296.8992675172603
193.9,0.026097085,2777.5788475341215
194.0,0.033945218,4258.04121581972
194.1,0.019302696,8392.809167862888
194.2,0.021452654,3741.9766622366888
194.3,0.01108427,4554.751630735529
194.4,0.001280677,2724.4790567956825
194.5,0.0007283875,2967.5143840701135
194.6,0.0009571485,2818.6990626783004
194.7,0.0004984224,2877.1183616840285
194.8,0.01171518,5360.489496575192
194.9,0.11938159,1122.9563434680417
195.0,0.15900803,1669.4029274179184
195.1,0.16717742,1635.0167548568893
195.2,0.025774527,9301.16039181286
195.3,0.09707569,1414.8239532297023
195.4,0.13176076,728.8714211436452
195.5,0.02714258,1215.7922507494382
195.6,0.16964164,2342.905742243666
195.7,0.011759931,1893.3239471422016
195.8,0.014674568,1819.9967239764483
195.9,0.09584777,2296.1429184183626
196.0,0.014773089,1847.927383495691
196.1,0.12982263,2573.2710447843906
196.2,0.07553574,2039.351026430675
196.3,0.036157694,10422.44879421743
196.4,0.016025217,12164.073798341535
196.5,0.0011638338,4007.2114162653284
196.6,0.00025461987,5427.710342210271
196.7,0.00032841117,4442.056115590491
196.8,0.00027583496,4759.089042500874
196.9,0.00023103095,5144.70865085391
197.0,0.0001941191,5135.640037467477
197.1,2.5865444e-07,10188.229112840418
197.2,2.5419686e-07,10116.902462580838
197.3,2.484872e-07,10127.821096946967
197.4,2.4514415e-07,10174.707769091012
197.5,8.382692e-06,3536.5122388579534
197.6,6.800298e-05,981.8429617493252
197.7,5.7168447e-05,779.9132563497119
197.8,2.5238178e-05,1810.7358365694581
197.9,6.0079346e-05,1269.5014846181189
198.0,0.011602566,3774.658273144949
198.1,0.004845575,4976.904119687755
198.2,0.043666627,2667.2772853594106
198.3,0.08783915,1086.5331086978897
198.4,0.073274,1367.3400101491843
198.5,0.032854285,5092.0442523324355
198.6,0.06489514,2131.0145340080194
198.7,0.048047666,2936.805606268036
198.8,0.08858358,873.8090320049703
198.9,0.06904581,741.433599953226
199.0,0.081931435,1364.5659579130631
199.1,0.07576062,1290.0950080863859
199.2,0.01725626,2706.2127552658476
199.3,0.05725026,1258.0972954061365
199.4,0.032211665,2799.5700472416447
199.5,0.042782947,4120.828083236915
199.6,0.017752131,3775.330581952976
199.7,0.00070212357,3335.224557750449
199.8,0.0004105476,3375.9706096836717
199.9,0.00034467975,3424.7388422424688
200.0,0.00031018758,2862.0940063408902
200.1,0.00024267517,2817.2621116132277
200.2,0.0001137155,3308.068261648811
200.3,0.033355933,570.2872624956713
200.4,0.09950926,1365.3497707387505
200.5,0.027008165,8143.675946400799
200.6,0.06482317,2346.6416812631437
200.7,0.06701352,2549.2665157242714
200.8,0.022581222,7779.116294334741
200.9,0.010160563,3727.975793811792
201.0,0.06996082,1852.5283375620443
201.1,0.06391035,2025.654425667864
201.2,0.0047788788,3116.578696688163
201.3,0.08891727,2448.5371274896706
201.4,0.07448842,1957.0302838399582
201.5,0.0034695466,5549.456113190541
201.6,0.013538648,3973.2627655735946
201.7,0.030738275,2659.1439050763124
201.8,0.00383514,2587.735984278663
201.9,0.0005883883,2644.785740780199
202.0,0.0008918668,2441.91037500873
202.1,0.0004997162,2232.5526091701113
202.2,0.00018105983,2364.760183218343
202.3,0.00015262424,2923.263948004442
202.4,0.002757403,2598.2960117197294
202.5,0.008599836,7097.926839829903
202.6,0.06309138,3399.869258724985
202.7,0.084903635,1198.9611761589817
202.8,0.030051444,2129.145656558412
202.9,0.024998743,2141.3767007153515
203.0,0.052966475,2605.93302456336
203.1,0.042850107,3093.8965119339573
203.2,0.025250155,5161.024482830927
203.3,0.030040706,7754.812967292912
203.4,0.051194217,1898.6309170939758
203.5,0.009147578,2750.5711442543634
203.6,0.00038699945,4646.211019799164
203.7,0.0002634498,5033.078017023084
203.8,0.00019018557,4997.714208580059
203.9,0.00010550439,5793.0548701381385
204.0,9.8828285e-05,5439.143749816325
204.1,6.329443e-05,5106.368959319386
204.2,3.2757114e-05,5080.777373366435
204.3,1.5209635e-05,5302.091204191157
204.4,3.5741527e-05,2847.3987611123703
204.5,0.00012858085,2088.871843321433
204.6,0.00013511382,2006.9976502337508
204.7,8.033638e-05,2158.615809053844
204.8,5.0728107e-05,2328.41414818582
204.9,2.9660787e-05,4156.762928444702
205.0,6.172724e-05,2116.2353297775435
205.1,0.00015961434,4057.8766484726407
205.2,0.04134882,4083.8738904631923
205.3,0.059423212,3056.0304117781293
205.4,0.08175722,3059.271252129691
205.5,0.08882788,3146.12877799248
205.6,0.13608429,2107.9912671662305
205.7,0.014527884,4646.464867861057
205.8,0.012834733,1343.257243142023
205.9,0.079269305,1579.5568666322595
206.0,0.033667535,1222.0499988228175
206.1,0.022402886,4797.240978432324
206.2,0.082942374,1280.3700309559463
206.3,0.08958251,2302.165688053629
206.4,0.047724146,3017.3149211306495
206.5,0.107180655,1513.4984437830121
206.6,0.061615687,2104.217188860024
206.7,0.027723731,2465.662242278019
206.8,0.039304987,1978.8407627022425
206.9,0.031022845,1789.4272906183799
207.0,0.04309207,3147.846141556625
207.1,0.043595456,789.1008265701212
207.2,0.017880036,3502.1216698859653
207.3,0.017459756,10078.90667977004
207.4,0.0014468888,6362.413785560357
207.5,0.00017444447,6571.812745867639
207.6,0.00019013019,5904.115216596363
207.7,0.00021091381,4998.239421833578
207.8,0.00016559399,5711.753070922976
207.9,6.26019e-05,7983.053369009072
208.0,5.4780863e-05,6855.926699297481
208.1,0.0076330663,3637.4623287569098
208.2,0.015363396,8690.373899169344
208.3,0.10918332,1894.8740474405884
208.4,0.1591759,1533.4923832789991
208.5,0.048452593,2939.0066766450573
208.6,0.023481619,10565.830794226402
208.7,0.07420382,2366.065960469268
208.8,0.09283751,1322.8840583202175
208.9,0.09698802,1340.9349665121758
209.0,0.04383343,3001.582829654041
209.1,0.0011274706,2764.137877057339
209.2,0.09850569,2854.6762768108824
209.3,0.07526772,928.6072425112593
209.4,0.02080655,8613.450499067323
209.5,0.019581506,12220.465568909596
209.6,0.0008516558,5025.539283114556
209.7,0.00014839708,6881.125691818587
209.8,0.00010987211,6987.70779584477
209.9,0.00010449234,7145.212805523266
210.0,8.947778e-05,7648.362026204461
210.1,6.1444356e-05,9105.74800899698
210.2,4.8624657e-05,9262.434232890644
210.3,2.2181159e-05,10978.81088287415
210.4,1.6906064e-05,10875.659141303528
210.5,5.360597e-07,10207.439789558939
210.6,2.4372082e-07,10102.071068479994
210.7,2.5008174e-07,9959.023839522531
210.8,2.4788116e-07,10021.855586548521
210.9,2.457655e-07,10112.762268091512
211.0,2.3904616e-07,10207.255450703731
211.1,2.4185e-07,9765.998845405102
211.2,1.6712872e-06,7246.308967716176
211.3,2.8069232e-06,6607.644898100401
211.4,6.258578e-06,5917.267605679726
211.5,2.7156311e-06,6855.549430395616
211.6,5.101151e-05,1061.1144645057248
211.7,2.3139564e-05,2766.127896101387
211.8,0.0024926504,7477.952498334831
211.9,0.0055961465,7673.318474298034
212.0,0.0025495968,2439.070945914897
212.1,0.024503343,747.9074532381477
212.2,0.021629542,1285.7152138225783
212.3,0.010693119,1440.1368059971423
212.4,0.0053708428,3501.380298814163
212.5,0.014715494,7782.335557978226
212.6,0.0022927495,4219.464300541282
212.7,0.006768907,3343.7292155668674
212.8,0.0025684205,2322.6273763033532
212.9,0.00020362706,5045.854053365069
213.0,0.00013275552,5526.050363465012
213.1,8.199296e-05,5252.670442903534
213.2,6.8425936e-05,4011.4905981072184
213.3,8.454714e-05,3153.296672255561
213.4,0.00011069966,2645.3449123938917
213.5,6.218441e-05,2476.4511335134157
213.6,3.7164566e-05,2342.428540146801
213.7,8.711906e-06,3599.299240304803
213.8,3.2643159e-06,6616.210035084972
213.9,8.731174e-05,4535.734912008714
214.0,0.002545163,1951.759382944701
214.1,0.024273232,919.6178836609714
214.2,0.020862453,1959.0814365616575
214.3,0.004409911,2659.190346085077
214.4,0.002969591,1649.721080754423
214.5,0.017298529,1568.77877275007
214.6,0.010001868,2031.0505284218375
214.7,0.0033805415,6697.17324616073
214.8,0.018071294,2569.826607448952
214.9,0.00043174333,4323.529586902662
215.0,0.019565588,2600.37369410345
215.1,0.014332064,1671.3672161158324
215.2,0.01921153,871.8382857773354
215.3,0.0021654465,2761.344560687717
215.4,0.013231338,6680.2654394940655
215.5,0.00518176,3689.8825665687127
215.6,0.0034871348,6478.3111402903
215.7,0.014837787,1116.4668876223984
215.8,0.0028618758,3352.9136704743805
215.9,0.009669924,6536.4230166045745
216.0,0.0017207098,2690.054878508554
216.1,0.0039619766,2980.220357023154
216.2,0.0024347447,2966.348419250608
216.3,0.00018224191,4891.909328946622
216.4,9.639021e-05,5420.593451908574
216.5,6.9521615e-05,5252.803994110178
216.6,3.785689e-05,5514.434782718439
216.7,1.9362344e-05,5877.319408911006
216.8,6.880696e-06,6531.6120496598905
216.9,2.9806176e-06,6449.741265715796
217.0,1.7845113e-06,6358.0278272831365
217.1,1.8253054e-06,7108.578252058947
217.2,1.8507457e-06,6792.550365175234
217.3,3.2873365e-06,6121.133544398887
217.4,5.0543463e-06,4283.1429425427705
217.5,1.4610334e-05,2218.145441700346
217.6,1.0637507e-05,3376.4160511650753
217.7,3.3331792e-06,5720.092175797405
217.8,2.087949e-06,7415.701383709524
217.9,2.0685068e-06,8021.551811092915
218.0,1.9768954e-06,6686.488508010101
218.1,1.5117945e-06,7104.481642745478
218.2,1.6011518e-06,7344.859572127305
218.3,1.8952333e-06,6825.497103282961
218.4,4.391337e-06,5335.361109158606
218.5,1.7394516e-06,6707.736880039749
218.6,1.4047697e-06,7485.698488226335
218.7,4.2678068e-05,5771.704527176344
218.8,0.005847904,2931.0370924380745
218.9,0.0065614344,4022.791607651313
219.0,0.011469214,8639.64687012633
219.1,0.0037369693,6558.159505222974
219.2,0.021747056,2758.0660719209163
219.3,0.007781362,3821.050093789495
219.4,0.0052397246,7413.519379082722
219.5,0.008701573,4993.953123318988
219.6,0.011255114,2083.6940400494577
219.7,0.012627011,8778.894093851868
219.8,0.0052346163,4296.510523187279
219.9,0.010675767,2318.5036488976075
220.0,0.0055664484,2782.732447831687
220.1,0.004958299,3608.4054927892944
220.2,0.0009480743,2721.809096733765
220.3,0.00019760433,5032.285673017439
220.4,0.0024047187,3141.4691097670266
220.5,0.0030317998,3443.611521067978
220.6,0.0011740709,2657.312101548732
220.7,0.00027943566,2662.189337584116
220.8,0.006564223,5040.221013292138
220.9,0.051453598,2533.049585924091
221.0,0.04449013,6032.192240934171
221.1,0.013241041,8911.155072160465
221.2,0.037544914,2736.3814153856742
221.3,0.02643353,3366.3457392242613
221.4,0.008468946,9155.988306279494
221.5,0.043027528,1906.075815839151
221.6,0.054626714,1651.7373580062697
221.7,0.044476982,2053.8440053324575
221.8,0.053255256,1823.6143038858602
221.9,0.035148006,2458.2555558011363
222.0,0.020717276,1434.7712259461455
222.1,0.018023228,1933.0413183841144
222.2,0.035647694,1457.8752330315076
222.3,0.06270786,1922.4469813555731
222.4,0.0010271268,2520.3231048642174
222.5,0.060186103,2475.4596664731853
222.6,0.010373418,4057.6368937309094
222.7,0.002241233,2763.5575708627835
222.8,0.00026612767,4176.914459388158
222.9,0.00017103994,4633.665937946845
223.0,0.00016479599,3739.3223888694374
223.1,0.00017849106,3179.3618401590697
223.2,0.00018146573,2810.772203056163
223.3,0.00012192886,2320.066828674631
223.4,4.522028e-05,2378.3345501671242
223.5,1.6100352e-05,2902.477392469501
223.6,5.843027e-06,4565.277772413645
223.7,0.00062839634,4619.287049756145
223.8,0.0059633567,3761.89657542846
223.9,0.020566633,2678.222712988453
224.0,0.008781182,3965.4325306381324
224.1,0.029196825,2128.4391037281443
224.2,0.023072442,2732.9846787881775
224.3,0.025638688,1883.4675884804465
224.4,0.020579383,776.9005972349539
224.5,0.009199939,5364.345383446896
224.6,0.004319212,9019.750751352298
224.7,0.0047831004,3082.4488943480956
224.8,0.00024238529,5195.162415958344
224.9,0.00017261393,5970.609938512931
225.0,0.00012333164,6202.883774922172
225.1,7.173741e-05,6315.388073349433
225.2,4.183196e-05,7004.316583755524
225.3,2.5104428e-05,7550.185836275439
225.4,1.0543583e-05,7921.8042927060205
225.5,3.8025198e-06,7524.073677952174
225.6,2.2520758e-06,6053.207204551202
225.7,1.5504422e-06,7120.643255245052
225.8,1.7174727e-06,7957.116071444861
225.9,1.7163693e-06,7572.608209215612
226.0,1.8001574e-06,6880.495962240573
226.1,3.4039724e-06,6393.1692630445905
226.2,1.945457e-06,7092.965483728145
226.3,2.0924924e-06,6536.145699890588
226.4,1.8088306e-06,6876.074555628552
226.5,0.0001592829,6144.509258094657
226.6,0.0045863437,2504.0737851106587
226.7,0.0043536643,2278.508933982846
226.8,0.01519962,2626.4789208755574
226.9,0.010846684,2551.214724182499
227.0,0.0042769373,2646.2287135283227
227.1,0.0015795861,2130.6639082614006
227.2,0.0002893094,2387.5182050296035
227.3,0.00010842554,3146.001901811873
227.4,8.132956e-05,2700.229586533724
227.5,7.9437865e-05,2063.805872201322
227.6,6.4313615e-05,1860.7039051621528
227.7,6.664215e-05,1919.4586165387134
227.8,6.3155894e-05,2033.5639293234344
227.9,3.488995e-05,2301.568878930097
228.0,9.211593e-06,3624.3385459226492
228.1,2.9246248e-06,6805.010412774865
228.2,3.375169e-06,6513.46939857601
228.3,2.9754942e-06,6970.060903930117
228.4,2.5123493e-06,6050.118582621467
228.5,2.6374233e-05,5578.14485436428
228.6,0.00040058434,3023.1364814692197
228.7,0.019590283,1568.3548365620904
228.8,0.0058440827,3291.3372601970905
228.9,0.029735051,2018.697569518114
229.0,0.012164507,2981.7186437153946
229.1,0.004057896,5041.505847706147
229.2,0.0062777256,3261.561976053784
229.3,0.01749885,3115.5115317116483
229.4,0.029658932,2124.6114329503043
229.5,0.016622934,2744.698841088552
229.6,0.00034840897,4008.817067934692
229.7,0.04019645,1782.2158923512716
229.8,0.025341118,1241.9023781834142
229.9,0.015355521,1048.5526377628482
230.0,0.012314013,1188.2576218811937
230.1,0.0063274717,6172.7312999793485
230.2,0.0067869993,9624.210073854472
230.3,0.0035575754,4210.4253963356505
230.4,0.0037745258,2572.937790076764
230.5,0.00037394027,3836.3275280453668
230.6,0.0001077299,6764.426081440808
230.7,7.7915865e-05,7012.414614102555
230.8,6.1020095e-05,6424.417496492268
230.9,3.693776e-05,6819.614249673686
231.0,1.7905446e-05,7256.709944195109
231.1,3.4849867e-07,9828.327410699092
231.2,2.4399833e-07,9932.274225145313
231.3,2.4626218e-07,10270.229923917756
231.4,2.511833e-07,10062.393453948078
231.5,2.43548e-07,9923.245229039676
231.6,2.48603e-07,10014.710252847184
231.7,2.4116244e-07,9947.19770270008
231.8,2.464501e-07,9931.981248313443
231.9,2.5076812e-07,9877.529752504763
232.0,1.2960027e-06,7563.67819345285
232.1,1.4075716e-06,7412.44231711963
232.2,1.5651835e-06,6770.222361001337
232.3,6.2630065e-06,5198.465187441663
232.4,1.1898893e-05,2949.5559903148483
232.5,9.871172e-05,637.0880951137403
232.6,5.770448e-05,1001.517802030585
232.7,4.5289595e-05,1679.282670533983
232.8,0.00011924945,893.9304625774178
232.9,0.00023938566,2427.221707163845
233.0,0.019550674,1312.1841702551865
233.1,0.0038184985,4521.848399620083
233.2,0.0039346293,3793.2058828799945
233.3,0.00087808387,2826.387916219706
233.4,0.00017626282,5635.7409682676425
233.5,0.00013541667,5404.0054850581855
233.6,8.047117e-05,5453.616377265347
233.7,4.4730168e-05,4647.711174323451
233.8,2.0040794e-05,3731.0813730683503
233.9,1.08135955e-05,4151.333090553225
234.0,0.00013566847,1208.7982144703533
234.1,0.0072533195,3864.93192173265
234.2,0.004863782,4434.254221958937
234.3,0.021032792,3738.784848042195
234.4,0.0065602874,2071.3598011618724
234.5,0.015548157,2355.392967984985
234.6,0.031523645,1190.4234627211936
234.7,0.011239529,5047.5465665375095
234.8,0.0122694,6128.987267794919
234.9,0.02121626,3157.7168131902877
235.0,0.0045389165,4439.133144276342
235.1,0.0028039133,2525.5488095451356
235.2,0.00023608137,5734.799876914431
235.3,0.000160312,5772.750742482074
235.4,0.00010839015,6066.289365553739
235.5,7.504776e-05,6006.77317172503
235.6,4.2414045e-05,5888.984284764996
235.7,1.7513004e-05,5333.4249982474075
235.8,5.787076e-06,5810.288540144246
235.9,2.393831e-06,6546.224513725021
236.0,4.933546e-06,5803.62141980791
236.1,0.00011786199,1954.0854952836073
236.2,0.00018703914,2046.7866424720346
236.3,0.00020617558,2187.009418085248
236.4,0.00010892688,2218.64486530428
236.5,8.0258185e-05,2301.7094125421495
236.6,3.387005e-05,2656.744976803245
236.7,1.057037e-05,3474.325743518862
236.8,2.262518e-06,5985.539306887447
236.9,1.6707909e-05,9594.388466967133
237.0,0.00032711224,3013.402481434029
237.1,0.011623578,3637.606122592775
237.2,0.02186365,7434.098958807789
237.3,0.0337691,4716.210174659882
237.4,0.054374646,2605.6919525196386
237.5,0.022107424,8995.521371862873
237.6,0.03573937,2219.152312670987
237.7,0.026853772,2233.1039501147243
237.8,0.007117623,2886.2901525731622
237.9,0.009521288,2923.4902868406307
238.0,0.0031735033,2827.8777219528192
238.1,0.00019281142,4888.768042897627
238.2,0.00015335438,4938.122284477717
238.3,0.00019013013,3778.479273358401
238.4,0.00012405425,3150.308415547962
238.5,7.753353e-05,2696.7862602661917
238.6,5.9687525e-05,2016.0542304882538
238.7,0.024956265,2374.8106470340053
238.8,0.042487245,2791.623867409776
238.9,0.028504057,7959.2171758406
239.0,0.050196677,2533.853220132496
239.1,0.06351592,2455.2455597682974
239.2,0.058010872,1119.6426467963238
239.3,0.07026356,2941.5709922871465
239.4,0.08669282,2480.3288157363822
239.5,0.095747866,2051.531547676762
239.6,0.071612276,2248.2408632713446
239.7,0.039380804,1774.2442996875723
239.8,0.0030341314,2032.6163582655054
239.9,0.046459757,3206.9573863924056
240.0,0.003057749,2907.7751929973724
240.1,0.038053017,2583.15300256075
240.2,0.03221702,2729.3418621957953
240.3,0.036631413,1082.1750232371894
240.4,0.021571472,3885.180666675312
240.5,0.0103872465,9438.685541211868
240.6,0.005421057,3831.943546929345
240.7,0.00027151816,5443.128205404288
240.8,0.00019653923,6106.005328165627
240.9,0.00018316341,6437.933984650838
241.0,0.00014547691,6778.181601280829
241.1,0.00010663083,7057.278074658667
241.2,5.080772e-05,7902.591121366031
241.3,2.5420962e-07,10179.750943150439
241.4,2.40954e-07,10274.16561865821
241.5,2.5246194e-07,10137.510404229575
241.6,2.4320312e-07,9828.912419513477
241.7,2.4437884e-07,10054.00664000082
241.8,2.2987452e-07,10060.239258069698
241.9,1.0345437e-06,7078.484088735556
242.0,2.2632385e-06,5888.4740855013115
242.1,1.9137753e-05,2432.5467763575975
242.2,4.2480606e-05,2001.5050022720704
242.3,5.2538355e-05,2125.3563511584016
242.4,6.398858e-05,2056.5159618803414
242.5,5.7899193e-05,2165.5959358102773
242.6,2.4290759e-05,3103.5233951577443
242.7,1.18989665e-05,3580.8254500778885
242.8,7.4440945e-06,4125.138607696974
242.9,0.0014751621,2232.083814855858
243.0,0.0069348086,5101.422883099614
243.1,0.013436189,7892.085949561757
243.2,0.011825074,2800.215393825828
243.3,0.032929216,2756.3345197817785
243.4,0.009540374,2865.803821182809
243.5,0.004618824,2405.0523604787804
243.6,0.0009371392,2265.340864492897
243.7,0.00016299552,4735.408132020153
243.8,0.00012763511,4409.279535895758
243.9,0.00011570767,3217.447328567604
244.0,7.268133e-05,3381.471236681972
244.1,8.454754e-05,2736.278780599295
244.2,9.560529e-05,2612.6338360446775
244.3,9.482744e-05,2743.263795920752
244.4,8.229324e-05,2679.538991755452
244.5,6.920977e-05,2590.3860682649724
244.6,6.187157e-05,2545.4099050777077
244.7,4.580485e-05,2917.121156533057
244.8,3.1301184e-05,2557.4923101432296
244.9,1.097073e-05,4576.585480645199
245.0,0.00021339569,3349.3766733522307
245.1,0.014052017,1708.0244747781094
245.2,0.10210979,1749.20365614106
245.3,0.09477527,2634.635409354491
245.4,0.0026594533,2005.0898896820527
245.5,0.054515652,1458.1327567926353
245.6,0.03006325,1526.8817809026882
245.7,0.034797333,1909.476831783841
245.8,0.02814744,1698.0517711563887
245.9,0.043975268,1275.2670595810664
246.0,0.07268585,826.0179635542617
246.1,0.037250817,1832.126233450655
246.2,0.031170439,1469.5241758191714
246.3,0.0051420354,1381.2634734586027
246.4,0.026892463,1319.7817545704222
246.5,0.021467822,1591.467666213083
246.6,0.011219453,744.387172298746
246.7,0.007351736,7213.5174219224355
246.8,0.0043404945,7726.617246268966
246.9,0.0054286527,2722.0085633208546
247.0,0.0013101856,3233.0422433818167
247.1,0.00015355968,6635.60878974125
247.2,0.00014988365,6379.466286206304
247.3,0.000103315615,6615.279140158755
247.4,5.3293494e-05,6829.421538091805
247.5,2.6833368e-05,7284.879634999803
247.6,1.3393838e-05,7368.885364664535
247.7,3.8340468e-06,6566.618182792199
247.8,1.3969031e-06,6998.623162938301
247.9,1.5920136e-06,6268.7400434499905
248.0,1.5735002e-06,6203.905560322945
248.1,1.2117339e-06,7727.19296749046
248.2,1.2101609e-06,6864.72857777277
248.3,2.7895344e-06,5784.105044010374
248.4,3.0125545e-06,4312.599914130737
248.5,1.6940144e-06,5560.155096604809
248.6,7.354616e-07,6605.268400948334
248.7,3.40375e-06,5386.254236885336
248.8,1.5767077e-06,5495.628145530187
248.9,8.6077637e-07,6222.611615619888
249.0,8.230231e-06,3365.9023726298446
249.1,2.275027e-05,1339.000006896424
249.2,6.328299e-06,3919.006235740924
249.3,1.686421e-06,6579.403682329785
249.4,8.274871e-06,2705.262556329022
249.5,9.3623754e-07,6333.62488801912
249.6,7.526029e-07,6668.815874993004
249.7,1.0193198e-06,7062.7128084726
249.8,1.1824653e-06,5597.558508393692
249.9,1.1023247e-06,6569.85470597401
250.0,8.312811e-07,6575.058988250252
250.1,4.65352e-06,3496.4145875015984
250.2,1.0199248e-06,6143.026964101589
250.3,3.562197e-06,3986.354380027928
250.4,1.5140185e-06,5285.76316673689
250.5,1.4332453e-05,1828.3819462276333
250.6,9.509406e-06,2360.2214800153165
250.7,1.397754e-06,6511.160506174942
250.8,9.669271e-07,6654.350514577891
250.9,1.46253215e-05,4380.438684378752
251.0,0.0017495924,7211.815774651757
251.1,0.004699894,7446.0655002492995
251.2,0.01401182,2816.3331662480327
251.3,0.015923973,3245.6134523558317
251.4,0.007090433,10003.443171389878
251.5,0.009613773,2615.6940259421617
251.6,0.004021644,3306.0176139030473
251.7,0.0013451806,2504.588339559499
251.8,0.00018911813,4160.958101305365
251.9,7.249729e-05,5757.381275363419
252.0,0.00011256128,4184.576768310013
252.1,0.00010521561,3348.776115514571
252.2,6.8281624e-05,3746.371834192278
252.3,2.3531731e-05,3577.664586516961
252.4,4.8479087e-05,2545.129715338512
252.5,6.267916e-05,2095.9293285198983
252.6,4.140101e-05,1561.75270327597
252.7,2.2064092e-05,1716.0710254492394
252.8,3.0227047e-05,5502.926092279321
252.9,0.013133213,3510.4734705025294
253.0,0.020062022,8257.659773151587
253.1,0.017720265,3592.0200794150214
253.2,0.0154310325,1257.5587440960223
253.3,0.004116647,2765.3308177469817
253.4,0.0037411314,2161.0922317600734
253.5,0.013680984,4765.121010750752
253.6,0.021844551,2481.449015238797
253.7,0.0078312475,3738.522242091144
253.8,0.0033219222,7096.259897678771
253.9,0.01254951,1742.7334792921363
254.0,0.0028171283,2365.519719442227
254.1,0.00029957684,2499.6969861553544
254.2,0.0007984416,2562.624746013394
254.3,0.00061044324,2486.5463420691
254.4,0.0002480195,2171.6046266617614
254.5,9.4252755e-05,2082.0101045442416
254.6,0.0034715128,4240.739594333305
254.7,0.014765544,7280.642728400694
254.8,0.044117037,2120.445698639922
254.9,0.053372737,1964.5159404303758
255.0,0.01663661,6930.271181309396
255.1,0.027212473,2136.0722556039027
255.2,0.025346277,1600.2242486418754
255.3,0.019450238,1597.756034503076
255.4,0.006404447,6563.888632461379
255.5,0.018781062,3434.1399926227696
255.6,0.02514896,2616.4063595158495
255.7,0.0065032216,3445.7468161897377
255.8,0.044871602,803.7265566245004
255.9,0.0059878416,3405.9342793504934
256.0,0.0066979122,5127.559956268891
256.1,0.014336831,2120.759820429043
256.2,0.003987605,4927.420296098015
256.3,0.012001784,3087.4324985059484
256.4,0.017941102,967.5010995466803
256.5,0.013625844,4294.576385156933
256.6,0.0072733006,8435.500977653866
256.7,0.0076591214,2220.2982583946564
256.8,0.0016106731,2627.6709239737247
256.9,0.00013910823,4963.66250578644
257.0,0.00011251171,4411.999255564733
257.1,7.663809e-05,5183.826754105083
257.2,6.242492e-05,4198.695553245419
257.3,6.941586e-05,3274.432432176694
257.4,3.3320965e-05,3306.754215082612
257.5,1.5400645e-05,3711.951591529722
257.6,1.045222e-05,3591.9989669707347
257.7,1.8800426e-06,4509.264602597608
257.8,6.9196863e-06,2606.9440328179226
257.9,0.0027699713,7083.378678397201
258.0,0.007623692,7709.853240205377
258.1,0.015279386,820.2073173002981
258.2,0.008383612,3177.6697365042055
258.3,0.014586706,2280.214600837865
258.4,0.0038146726,5215.918349329171
258.5,0.004636813,4509.697217275619
258.6,0.0010592442,2463.135146207465
258.7,0.00091709057,3084.2427805126513
258.8,0.0010669094,3018.147504617912
258.9,0.0011372032,3135.8734579415654
259.0,0.0006919075,2861.4029499930234
259.1,0.00047151998,2657.5375766420107
259.2,0.0115740495,2136.953720441008
259.3,0.06683782,685.6765174518373
259.4,0.051620238,856.8787111657532
259.5,0.046400122,2240.2578683659194
259.6,0.053867593,2093.2952214134693
259.7,0.03346305,1293.0866572348525
259.8,0.030384047,1950.3386112724747
259.9,0.010395977,8182.970521029234
260.0,0.031689133,1716.8285593677076
260.1,0.04254426,2018.8955258817323
260.2,0.031424485,1963.771532191874
260.3,0.013403393,6939.913864312728
260.4,0.0048448117,5107.176394985579
260.5,0.04051798,2330.651919479896
260.6,0.030487336,1864.0520716616766
260.7,0.0057605808,5792.796806824818
260.8,0.023032708,2207.1625523903103
260.9,0.02918089,897.802010609226
261.0,0.019398177,4619.633289833729
261.1,0.0023685722,7033.016693271521
261.2,0.014030281,2538.6320549187485
261.3,0.0031830687,2203.3289673433055
261.4,0.0018181948,1490.2115959791147
261.5,0.00014311602,4682.296108029304
261.6,0.00012636126,3952.0205800492085
261.7,0.0001386732,3096.11090741269
261.8,2.305514e-05,4106.950972185119
261.9,1.4551594e-07,9735.047926363623
262.0,1.4278439e-07,10137.040258174758
262.1,1.3911816e-07,10018.500962889353
262.2,1.4016726e-07,9985.008071369328
262.3,1.4577773e-07,10086.39059690087
262.4,1.4018975e-07,10004.541164856491
262.5,1.4565282e-07,9849.608431211764
262.6,1.4411245e-07,10010.029865473807
262.7,8.0498444e-07,6005.530201547365
262.8,3.236319e-05,3376.068798188143
262.9,6.056836e-06,3799.6803226163174
263.0,0.00022073399,10462.526511842068
263.1,0.024267247,3079.3847483393993
263.2,0.035870615,1397.9791448348615
263.3,0.01054676,8767.906527482173
263.4,0.024998384,2577.5799269558765
263.5,0.047075097,2281.0288990170357
263.6,0.07567008,2279.482507403584
263.7,0.06544243,982.6955602288472
263.8,0.059609205,2017.7067947548308
263.9,0.058409438,1320.5004267112522
264.0,0.056686934,1692.4520846472524
264.1,0.06512606,2322.2905517987465
264.2,0.017698338,10160.61269680192
264.3,0.021677194,2902.6229035339293
264.4,0.0057910117,2532.460599091629
264.5,0.00041538963,4599.1233611671105
264.6,0.00018364153,4044.7934122533575
264.7,0.00012480792,3635.0883141859313
264.8,1.5591678e-07,10038.072053871501
264.9,1.5411274e-07,9941.635108214648
265.0,1.4714406e-07,10062.513219356873
265.1,3.3110977e-05,2830.228307121556
265.2,9.780647e-05,1712.8339662517412
265.3,0.000114938375,1240.3590638398498
265.4,0.0026342252,3026.5445103308566
265.5,0.03954715,2518.7978254987866
265.6,0.051705644,2352.690054419268
265.7,0.03221024,1936.9239952309765
265.8,0.055138443,2509.384400362338
265.9,0.042342823,5561.322546622009
266.0,0.07554091,2224.872264159513
266.1,0.053786565,2231.352614217004
266.2,0.05187191,1763.8587545120117
266.3,0.086440586,1451.6594326738355
266.4,0.027053693,2336.408703053755
266.5,0.015529216,4585.389751205612
266.6,0.009884767,10688.125447786046
266.7,0.060965605,1032.691634983287
266.8,0.041264128,1966.0005591184974
266.9,0.04385973,1894.1256022815428
267.0,0.026186367,2678.4329911460272
267.1,0.011765577,3856.668184423973
267.2,0.0009150229,3072.6663725728486
267.3,0.00034462044,3245.997996257844
267.4,0.0002064492,3428.713334896424
267.5,0.0046961145,4318.495961057574
267.6,0.031103434,2943.395380848413
267.7,0.057174392,1863.9280197695316
267.8,0.027492652,1799.4670514968777
267.9,0.02834034,1925.2744691831908
268.0,0.010270509,3735.656046410094
268.1,0.06830364,1275.2223821569842
268.2,0.06475187,1429.8759471954982
268.3,0.0443922,2165.914518705024
268.4,0.033013374,1716.1534196293578
268.5,0.018660055,1413.1263156165235
268.6,0.024392473,2013.2257564742629
268.7,0.057528574,943.9813707168857
268.8,0.01673933,8044.5351867080835
268.9,0.009216328,7590.9716858702395
269.0,0.0012438957,4128.988734114935
269.1,0.00018915765,4470.189042820017
269.2,0.00043829478,2738.024491000221
269.3,0.00039706606,2889.121023931951
269.4,0.00022720537,3219.594704242789
269.5,0.00014190153,3792.4548112946127
269.6,9.035111e-05,3503.8216363217134
269.7,2.1033598e-05,5388.40270346533
269.8,1.3245696e-05,3852.589052805667
269.9,0.00444536,7033.797766433521
270.0,0.018591495,7455.123161011586
270.1,0.045791063,1532.072718905015
270.2,0.05900865,2072.048676075312
270.3,0.071011685,2532.0257073210096
270.4,0.037245538,1715.01334126511
270.5,0.05405838,1873.820398416106
270.6,0.06369655,2343.1129532234354
270.7,0.077206925,2087.5554224814014
270.8,0.048799157,1852.4867176965852
270.9,0.050240602,2566.9039010381116
271.0,0.036479406,4318.740818148852
271.1,0.004175168,5998.161960022071
271.2,0.009576319,4012.1043081183316
271.3,0.002966977,3219.8453846619104
271.4,0.00017194342,4281.069657640236
271.5,0.00040116865,3167.5027897796153
271.6,0.0005709049,2921.9620752618293
271.7,0.0006366805,2854.7579352532725
271.8,0.0002973999,2954.807112354064
271.9,0.00013587721,2988.322676835359
272.0,0.00012196843,1956.2314604295088
272.1,0.0010360841,4435.78362018199
272.2,0.055841193,4353.886341607324
272.3,0.08763938,1604.378302161362
272.4,0.038659744,6717.607344533881
272.5,0.041343465,988.4329127759895
272.6,0.027077846,892.2083071158578
272.7,0.0142551,1095.2311577724536
272.8,0.041349042,5472.3561562617915
272.9,0.004383043,5173.710873219373
273.0,0.050103694,1643.832615119109
273.1,0.018210245,9080.662227703351
273.2,0.046203844,1973.910144419967
273.3,0.04135698,1308.5792578864348
273.4,0.07173672,1715.6599923356503
273.5,0.005955398,2723.8315236801923
273.6,0.001871831,3357.8630015166536
273.7,0.0017398804,3252.5282476242683
273.8,0.0005713925,2552.0170457343365
273.9,0.003959866,1892.228398266826
274.0,0.10120597,2673.175489836473
274.1,0.041209336,5407.992059680675
274.2,0.0022853725,6754.8656926864205
274.3,0.053209443,1818.0833056381116
274.4,0.01595705,4575.461263101212
274.5,0.034369674,2747.373944265206
274.6,0.013750049,3781.457186461309
274.7,0.065437675,853.0481463890625
274.8,0.07940457,1580.7470880228216
274.9,0.004281649,1807.5407231102906
275.0,0.05837581,1393.4325933509463
275.1,0.034227364,5606.313705086555
275.2,0.028791428,4317.451990462132
275.3,0.059670262,1506.4826349966788
275.4,0.054227658,2165.8954036476466
275.5,0.030655012,2094.179205397677
275.6,0.09573891,2242.1623909268483
275.7,0.06864879,2502.4297254730363
275.8,0.08130783,2024.8957127452331
275.9,0.0007468865,2579.1693427459672
276.0,0.022085616,3969.8764566377413
276.1,0.008823681,3853.148120249455
276.2,0.00028852499,3433.7282724615425
276.3,0.000998208,2904.717130368778
276.4,0.0006960625,2551.700055185874
276.5,0.00034476348,2598.5074174885963
276.6,0.00018403666,2859.8118991819
276.7,6.365189e-05,3418.8321289018354
276.8,2.8432165e-05,3616.644318081198
276.9,2.5543484e-05,2788.32757597268
277.0,8.528925e-06,3061.63580673972
277.1,3.5290683e-05,7110.53230894176
277.2,0.009252196,4695.542685683959
277.3,0.009594917,5635.0014182439045
277.4,0.012772361,7033.602585866593
277.5,0.012276032,5077.268565997396
277.6,0.030796552,2115.2608959475865
277.7,0.04386761,2380.330518019716
277.8,0.018569231,3808.724787936715
277.9,0.027712096,2486.828417990132
278.0,0.021113088,1305.814011185291
278.1,0.005561482,1653.2022941652222
278.2,0.0030906731,4741.217870242409
278.3,0.00021610143,3871.4138429844984
278.4,8.852526e-05,5197.527211663471
278.5,0.00011281342,3344.860387216945
278.6,0.00012960905,2547.047790042033
278.7,8.568581e-05,2333.8734442294212
278.8,3.1130763e-05,2830.8143724151364
278.9,2.3428627e-05,2197.33160250025
279.0,1.3453342e-05,1828.0926940194295
279.1,1.1905453e-05,1883.378144430049
279.2,2.0257869e-05,1816.9362405672605
279.3,1.3370716e-05,2204.775177991437
279.4,1.560085e-05,1463.4004811290702
279.5,2.6023243e-05,1344.8789355314852
279.6,2.4600402e-05,1417.8529729945585
279.7,2.1086983e-06,4673.940011566768
279.8,9.443177e-07,6351.205260052859
279.9,1.3353526e-06,5736.705002390497
280.0,9.090052e-07,6189.46662496263
280.1,1.6843213e-06,5627.733727590154
280.2,1.1337983e-06,6316.92441647985
280.3,1.0506043e-05,2194.377025338277
280.4,0.0149330385,1192.5700307182683
280.5,0.039720282,851.7958450082751
280.6,0.038195685,2552.5586001589404
280.7,0.028700799,2368.1806641070925
280.8,0.0073550167,2190.5694081763227
280.9,0.017903289,2381.9539519676346
281.0,0.02746888,1938.4836483613158
281.1,0.034763902,2417.904690677931
281.2,0.027997242,698.230733172909
281.3,0.0060171504,6381.517963026623
281.4,0.0029083928,8988.792519581904
281.5,0.0029011734,3463.2909987987296
281.6,0.0002476689,3746.862972331775
281.7,8.4020685e-05,6528.840453539437
281.8,6.021503e-05,6760.093704755652
281.9,5.0965486e-05,6083.148371918061
282.0,3.7396923e-05,6098.5977387777475
282.1,1.711765e-05,6140.057548593436
282.2,6.170668e-06,7564.893709700205
282.3,1.7999915e-06,6737.754321783158
282.4,7.7302855e-07,7668.41968909141
282.5,1.6595075e-06,6168.335239987724
282.6,6.7161195e-06,3280.9614380658463
282.7,1.5796462e-05,11575.093565556093
282.8,0.016142096,2318.7687009365936
282.9,0.012215428,3624.709612668381
283.0,0.015850658,5788.755576619421
283.1,0.020763127,1486.026047382311
283.2,0.036675733,2785.7133187166837
283.3,0.022745678,1752.1973002648347
283.4,0.014401766,2285.7943404930948
283.5,0.022308167,1571.2732096266086
283.6,0.019801011,2359.1129216883614
283.7,0.014488855,519.2240124600362
283.8,0.004067712,6571.943710686035
283.9,0.0027621211,8896.34704208923
284.0,0.0016784555,2439.3783579854717
284.1,9.241877e-05,5978.777852780628
284.2,7.588654e-05,6595.666327474708
284.3,6.432844e-05,6658.312667062515
284.4,4.3695498e-05,7168.909181167743
284.5,1.7569984e-05,9162.38086717172
284.6,1.1113713e-05,9517.769105348329
284.7,1.3951585e-07,10196.288364871769
284.8,1.386585e-07,10060.678026241989
284.9,1.4215716e-07,10166.950495206887
285.0,1.4217055e-07,9867.96686155739
285.1,1.3491014e-07,10048.28927672959
285.2,5.444518e-07,7100.081040399257
285.3,7.3106315e-07,7268.4816900106025
285.4,9.153884e-07,6647.250119022358
285.5,6.7761715e-07,7246.173438542228
285.6,7.837977e-07,6580.176858207937
285.7,6.594594e-07,7420.121489233448
285.8,7.5492045e-07,6571.538180472445
285.9,1.6948043e-06,6850.347580924921
286.0,1.3313233e-05,10620.39091496814
286.1,0.002913278,6930.282050808106
286.2,0.025743522,7040.31489828298
286.3,0.04584963,4177.441543896377
286.4,0.09872907,2795.8909096385696
286.5,0.05575455,1978.4269211542723
286.6,0.047422953,2922.431626648645
286.7,0.089373454,1319.826146467292
286.8,0.08091843,3914.6069199218646
286.9,0.018906279,11555.588660121075
287.0,0.03268019,6113.3324342861615
287.1,0.021349534,3294.5715020200987
287.2,0.016219987,2371.0117613325215
287.3,0.01875763,5263.868275468967
287.4,0.010832447,5519.36116288726
287.5,0.00039050414,4037.234298598793
287.6,0.00013546647,5181.154548492246
287.7,0.00018756831,3743.033624831519
287.8,0.00011863353,4317.169179674533
287.9,7.119672e-05,5494.838780165109
288.0,6.6721856e-05,4341.355451060859
288.1,3.578402e-05,4234.4491736372365
288.2,7.96811e-05,2573.64942891397
288.3,0.00031183794,2251.7645435503805
288.4,0.00044750609,2263.5374281590866
288.5,0.00026184367,2211.9386804417436
288.6,9.048531e-05,2049.903504105975
288.7,1.1758799e-05,2805.8544979487524
288.8,0.002427387,2018.341291626747
288.9,0.007225509,6658.906706535341
289.0,0.025673293,8342.756706198994
289.1,0.030345485,4780.765887427073
289.2,0.047389533,3322.816151772683
289.3,0.034661762,3046.892339690251
289.4,0.013356184,8163.551241870289
289.5,0.015542033,7082.7958511505585
289.6,0.030665573,3613.7481074272328
289.7,0.014049594,3188.8314215807777
289.8,0.036442906,4865.033008275934
289.9,0.015776517,4876.776179512699
290.0,0.0030367554,2908.738854735825
290.1,0.0004717022,3123.158458644174
290.2,0.00037189,2994.302471980426
290.3,0.00018758641,3838.938963519509
290.4,8.853602e-05,5476.28251568993
290.5,6.14215e-05,5739.5924638052475
290.6,4.557054e-05,5410.377761751302
290.7,3.7417867e-05,8162.125626545096
290.8,0.019457346,4356.112387726625
290.9,0.028798481,2261.102532860837
291.0,0.10219347,2743.9444774748263
291.1,0.046488665,2362.4582498523378
291.2,0.0452201,2144.0011221379054
291.3,0.04760587,1914.7004613139688
291.4,0.05994528,1638.7029196893304
291.5,0.029800968,1420.7414912647143
291.6,0.034605756,1975.3146348358016
291.7,0.047931813,1324.8398605375041
291.8,0.021211628,738.9770862137957
291.9,0.01161554,5386.629565293582
292.0,0.020548278,11868.552025355595
292.1,0.00966812,11777.590668301924
292.2,0.00013946541,8490.834574826406
292.3,0.00014431501,5192.69601103933
292.4,0.00010891915,6315.700613913437
292.5,8.478838e-05,6533.615347617073
292.6,6.0973198e-05,7362.279345407813
292.7,3.662284e-05,9099.555765661611
292.8,2.1245156e-05,10202.653212762703
292.9,1.3495072e-05,11682.730412459488
293.0,8.318194e-06,11820.111150095448
293.1,3.7518694e-06,10829.730499092537
293.2,1.103336e-06,8440.751169137582
293.3,7.7803753e-07,6731.553977458964
293.4,7.0876325e-07,6827.084136802818
293.5,6.818209e-07,6857.581597934559
293.6,7.629186e-07,7365.392533389307
293.7,7.692019e-07,6996.823925673404
293.8,1.1447794e-06,7353.715347863095
293.9,3.0340361e-06,4818.499787036499
294.0,0.0010146442,4914.849971389729
294.1,0.024359902,5999.745093902755
294.2,0.0001961037,6416.726374565101
294.3,0.01520613,6438.778982990669
294.4,0.02042256,10459.217666293858
294.5,0.026182717,3296.9732297330006
294.6,0.022555273,2393.789573126628
294.7,0.022876794,1410.788893167643
294.8,0.021062987,4159.330762676862
294.9,0.014643398,3675.5914267903827
295.0,0.013213217,2891.87601330314
295.1,0.014231598,4507.033757956104
295.2,0.025625149,3301.4907505619212
295.3,0.024907527,4510.407739260268
295.4,0.008736639,5387.793539881903
295.5,0.0067629167,4182.457452146603
295.6,0.000599579,2928.180177988934
295.7,0.0019154602,3904.0797576305913
295.8,0.0011859119,3273.9216181045504
295.9,0.00044133826,2616.2383977810587
296.0,0.00025274066,3479.6063550311546
296.1,0.0041968785,3879.3683369610544
296.2,0.044475574,853.4867165452816
296.3,0.03989226,5906.6330885762645
296.4,0.12096375,1995.499854523749
296.5,0.013213878,934.1291435368679
296.6,0.081516,2488.2585194055832
296.7,0.054104865,1237.8037798488094
296.8,0.10015033,1475.6748260813508
296.9,0.105636515,2004.7283408984392
297.0,0.10085722,2457.7850160477938
297.1,0.048825752,2855.6997381894507
297.2,0.058378287,1177.3390462281293
297.3,0.09878312,2803.626139104385
297.4,0.009877753,4839.578052603198
297.5,0.10085833,1633.916335124953
297.6,0.09557967,1715.3953901379023
297.7,0.137627,1977.9098887258638
297.8,0.0013250689,2314.2254519950006
297.9,0.0005348712,5547.36077272166
298.0,0.0123572415,4002.738807645291
298.1,0.003326298,3081.027626977601
298.2,0.0006167863,2493.510385496254
298.3,0.00010198469,5913.2606023579965
298.4,8.486044e-05,5575.840681454574
298.5,6.8249996e-05,4977.966989340857
298.6,7.066626e-05,4003.8754257901705
298.7,7.571476e-05,2876.2761826939595
298.8,0.00015212443,2349.746126930895
298.9,0.00020081391,2262.6208936029857
299.0,0.00018046977,2197.412714473149
299.1,0.00024059623,2164.4827225705226
299.2,6.173354e-05,2103.1911838408805
299.3,8.247314e-06,2939.1133990054905
299.4,7.4223485e-06,3234.6325924613557
299.5,2.9878188e-06,4590.649661128853
299.6,1.4242475e-05,1797.8531989460703
299.7,0.00027356934,6493.59688147911
299.8,0.004728366,4999.774995039861
299.9,0.018816732,8526.162821908249
300.0,0.043821607,3090.735822814736
300.1,0.02282437,8595.582681524074
300.2,0.034917355,6071.111170989072
300.3,0.027891798,3035.7919217571903
300.4,0.014134248,1892.9231704926278
300.5,0.003992175,7236.660997672511
300.6,0.0056514097,3790.7806840997655
300.7,0.00025072065,4219.681447543415
300.8,0.00011125258,6053.404626913421
300.9,9.968935e-05,5141.635466276443
301.0,0.0001489892,3737.811300362101
301.1,4.3243035e-05,5884.234738401711
301.2,2.8714328e-05,5695.598886602635
301.3,9.560807e-06,5739.884169569204
301.4,3.1036404e-06,5047.849093063825
301.5,7.851053e-06,13040.50781158988
301.6,0.0034797853,8904.597708560756
301.7,0.01288704,10246.380861444974
301.8,0.020235872,4563.605401501985
301.9,0.004347419,4704.4893813891795
302.0,0.0046581947,4945.7535384408075
302.1,0.037331462,3486.2957283673736
302.2,0.020746486,12295.503102230137
302.3,0.050000146,2943.6146751872807
302.4,0.027857414,3375.71555868795
302.5,0.0122095505,7577.630861800155
302.6,0.033904243,3717.3216303830086
302.7,0.03245941,8953.538155330234
302.8,0.020516288,7010.821444021176
302.9,0.07733937,1479.7403701213377
303.0,0.09456283,2361.462264866196
303.1,0.04370311,1679.9066083966836
303.2,0.08314666,3007.442742065427
303.3,0.031007135,6539.35968714505
303.4,0.0049513555,5789.559679012327
303.5,0.035278987,3459.8852881162315
303.6,0.019894168,2122.22891177366
303.7,0.0075561176,2473.3691945716723
303.8,0.0002284801,4665.531677365234
303.9,0.00010693953,6018.133622391364
304.0,9.652366e-05,5379.940572539079
304.1,0.00028713816,3190.67989242891
304.2,0.0007647518,2975.7132015318857
304.3,0.00083209516,3353.79953048437
304.4,0.0007004477,3331.7435447853945
304.5,0.0003967772,2579.6474668939277
304.6,0.00010737217,2583.0628487847744
304.7,2.4402354e-05,3404.472249215837
304.8,0.0029207983,4089.401263508681
304.9,0.015139723,8715.82075672532
305.0,0.03714977,8584.314269128421
305.1,0.10300775,2168.332735227209
305.2,0.0898591,3014.1676176991814
305.3,0.057746068,2703.2885637554896
305.4,0.111420274,1851.7956923303834
305.5,0.10489594,2859.499705511797
305.6,0.12758759,2709.533203237469
305.7,0.11086756,2351.438708899812
305.8,0.17329274,2373.7079048719384
305.9,0.12674405,3138.988643372542
306.0,0.011044888,8990.991710787068
306.1,0.17960656,3181.176364127424
306.2,0.12821712,2882.0722510782825
306.3,0.0029442855,2001.1800986938463
306.4,0.004913452,2481.44650772635
306.5,0.0050137592,5379.673725107988
306.6,0.0004954727,4618.114835073099
306.7,0.000423243,3060.1667454924186
306.8,9.360373e-05,6430.916317654386
306.9,9.707686e-05,5058.1332832749695
307.0,8.081451e-05,5063.412257161166
307.1,6.017812e-05,4803.879326869366
307.2,0.00022144876,2228.5977631493624
307.3,0.00034546934,1795.9072246709434
307.4,0.00019349602,2039.6136308902562
307.5,7.858367e-05,2236.7413853972776
307.6,4.285785e-05,2192.7098059632376
307.7,2.9839593e-05,2615.8058992521915
307.8,1.912366e-05,2729.0337611845202
307.9,1.6443972e-05,4528.443654133458
308.0,8.947926e-06,5885.763273180579
308.1,1.4709734e-05,2483.3394450331407
308.2,2.3025325e-06,6199.50765290587
308.3,2.203488e-06,6668.605465398782
308.4,0.00018063148,2076.855689063326
308.5,6.502897e-05,1511.4246414939498
308.6,2.6865822e-05,3105.974049871959
308.7,0.00020880524,650.3198175571367
308.8,1.6164466e-05,1493.235906525721
308.9,0.00012040651,5707.3662148161675
309.0,1.0455557e-05,5614.008426415895
309.1,0.0002352052,1605.5275403819749
309.2,0.00070082326,2050.1328511054203
309.3,0.017995544,1201.4618155086487
309.4,0.008362022,3849.622038505419
309.5,0.017803278,9687.0626516284
309.6,0.053185906,3190.4653057494406
309.7,0.009862584,9099.214526361817
309.8,0.0008857794,5660.436396603003
309.9,0.009269811,5898.0983394898
310.0,0.00056273496,3519.7192040174627
310.1,0.00024991808,4689.631279150593
310.2,0.00010376616,5569.6068233572805
310.3,7.341196e-05,6672.993567598132
310.4,6.274662e-05,5640.917437798475
310.5,6.5887274e-05,4744.003938360669
310.6,6.888855e-05,3717.358422043565
310.7,6.264197e-05,3533.028477879866
310.8,6.5763647e-06,4924.154185803897
310.9,1.7536332e-06,5621.43199166094
311.0,5.5715195e-06,3630.5344592324554
311.1,8.88169e-07,7459.239716663587
311.2,7.3333763e-07,7143.5586784332645
311.3,7.7971015e-07,7284.18711854536
311.4,6.766687e-07,6790.9696612847365
311.5,7.032984e-07,6723.74898801096
311.6,6.410991e-07,6829.223080230319
311.7,6.359576e-07,6891.473021278051
311.8,1.3724399e-05,12393.298389381109
311.9,0.004308486,9693.011510249058
312.0,0.00574145,8576.66948363766
312.1,0.0114379525,2793.640998521566
312.2,0.007812563,5319.292708943409
312.3,0.015436105,3957.293073326367
312.4,0.003438214,2597.961654681951
312.5,0.011648696,5643.072261429354
312.6,0.0011932405,2661.8794741371958
312.7,0.0072758794,3586.5492748916845
312.8,0.018398168,10502.814458338467
312.9,0.011958394,11958.253043871711
313.0,0.00014676298,5654.989172898059
313.1,7.455111e-05,7401.363773670197
313.2,7.624166e-05,6892.394192077821
313.3,4.480695e-05,8929.377249684207
313.4,3.338051e-05,9337.464008406248
313.5,2.1154605e-05,10524.45420053936
313.6,1.7607417e-05,10967.020894086203
313.7,1.3152648e-05,11496.374711739554
313.8,8.302156e-06,11428.31223734548
313.9,4.101104e-06,10859.805833313158
314.0,1.3958999e-06,8797.736015160137
314.1,8.4177185e-07,7365.106374901536
314.2,7.259302e-07,7542.632272189921
314.3,7.095163e-07,6912.274341167745
314.4,6.886576e-07,7010.521570593711
314.5,4.9086657e-06,3935.165664062878
314.6,8.3908816e-07,7008.696166130156
314.7,8.241484e-07,6502.032702893881
314.8,7.4947235e-07,6987.033853056793
314.9,7.457363e-07,6978.425074385407
315.0,7.7029165e-07,7299.4560621006185
315.1,7.0413256e-07,6842.835869540849
315.2,6.530652e-07,7418.934802029632
315.3,8.301262e-07,6548.034134315814
315.4,7.4956756e-07,6787.492802098297
315.5,1.9231831e-05,1836.8757374942993
315.6,0.0016249369,8228.613243174223
315.7,0.014857651,11892.884477305915
315.8,0.0076999287,3990.4262016496514
315.9,0.0032403949,7528.093265077565
316.0,0.011507596,5679.2367603435805
316.1,0.005391108,4008.8736314002476
316.2,0.00025686002,4568.0000037112695
316.3,7.843136e-05,6552.602802370149
316.4,0.007532333,5529.979631446919
316.5,0.021276608,10169.63407106054
316.6,0.01556695,10296.419467510248
316.7,0.0048621097,3722.2469912294105
316.8,0.0026936315,3520.6763758265856
316.9,0.0013041125,4693.649432555145
317.0,0.00013304933,5853.872273512844
317.1,7.176716e-05,6619.761425741948
317.2,0.000111437344,4945.277526092359
317.3,0.0010080298,3800.6368164706882
317.4,0.0030783766,4168.511469430536
317.5,0.0039150575,4559.919646203295
317.6,0.0029644035,4146.620689967624
317.7,0.0010629094,3118.962245600119
317.8,0.00014493108,3986.96710738305
317.9,0.0030415647,2988.134112875838
318.0,0.044713974,1855.376936680164
318.1,0.08030757,5031.682801164359
318.2,0.053259972,1574.9609722301914
318.3,0.072222054,3243.7642100585426
318.4,0.02521576,4858.917780123922
318.5,0.011206527,4515.965582259844
318.6,0.0010288146,2278.200787891853
318.7,0.00010434682,6279.933861464342
318.8,7.626006e-05,6487.607882917153
318.9,9.347365e-05,5544.7125686137515
319.0,6.2396546e-05,5417.376229127952
319.1,3.9628776e-05,5595.187913918187
319.2,0.00375879,8639.475770161516
319.3,0.016405389,10137.543624880194
319.4,0.0765923,2489.255851537017
319.5,0.0014109899,2887.506998169456
319.6,0.124137364,3045.257965160649
319.7,0.019591564,2717.714370102886
319.8,0.020250339,4987.349972372303
319.9,0.031259425,11653.741124727389
320.0,0.00786795,11364.23310372608
320.1,0.00014737762,6206.0490871910915
320.2,0.0003892832,3336.817606923634
320.3,0.00037112262,3587.510252574232
320.4,0.0003457249,3768.3710194808755
320.5,0.00028090717,4000.375034484877
320.6,0.0003223404,3412.1782945406585
320.7,0.00015890448,4031.1045567229594
320.8,0.00034717587,10111.811109469809
320.9,0.042591434,2525.3721017788166
321.0,0.11871358,2768.6914861879945
321.1,0.036045164,8773.08355425907
321.2,0.12848811,1648.4369586904527
321.3,0.05263683,9408.415536994049
321.4,0.02009082,9856.962250952613
321.5,0.13230199,2596.709015906202
321.6,0.0018745967,2229.7275370990337
321.7,0.12746151,3091.432905971942
321.8,0.12298923,2444.867316830295
321.9,0.11680088,1962.2747003310074
322.0,0.06439956,1659.6026185794292
322.1,0.104596645,2690.8769256549767
322.2,0.0967073,2413.4668822463113
322.3,0.042031977,1919.1481569093366
322.4,0.034600116,2392.4196240040023
322.5,0.026832867,11286.74621057925
322.6,0.020420486,12275.875518267183
322.7,0.0032245626,10250.01496729628
322.8,0.00012407496,6596.913449390518
322.9,0.00013171548,5246.410567684575
323.0,0.00015416961,4718.819765426591
323.1,0.00012164012,5175.504710585747
323.2,6.544122e-05,6514.268371772154
323.3,4.8485683e-05,7298.869487255175
323.4,2.1132531e-05,9973.207259316747
323.5,1.4350634e-05,11724.587332932657
323.6,8.685299e-06,12063.150001409378
323.7,5.6730514e-06,10527.685687761848
323.8,3.6944932e-06,7586.164961284735
323.9,1.9528136e-06,5935.9272834906
324.0,8.041665e-07,7311.448149411616
324.1,1.939237e-06,6881.091067722018
324.2,9.0275025e-06,2533.4295784353344
324.3,8.074375e-06,3029.4770499000547
324.4,1.6220671e-06,5306.147400412248
324.5,0.0008856405,3234.9520572643655
324.6,0.009282275,10521.567139668614
324.7,0.0024761602,3694.836323180595
324.8,0.02111425,863.7928641595305
324.9,0.03381066,1423.8584397848717
325.0,0.025654003,5488.756622379502
325.1,0.011086605,5742.452536790627
325.2,0.0023221034,8799.180015686932
325.3,0.060608927,6539.950230975217
325.4,0.020641822,1510.2009787599222
325.5,0.015942983,2044.8403863456488
325.6,0.003165347,3797.8092811615415
325.7,0.00017365412,5135.488077798778
325.8,0.0005437656,3096.5730843956703
325.9,0.004402645,4731.652721576058
326.0,0.0034757147,4047.138666336464
326.1,0.0019319316,3832.1660664933943
326.2,8.870159e-05,5167.3229535424525
326.3,4.1378273e-05,6378.735898382706
326.4,3.004417e-05,6234.902332017862
326.5,2.2234373e-05,5827.378773920129
326.6,1.3017276e-05,5515.143664044139
326.7,5.042257e-05,4771.838650995625
326.8,0.03631834,2052.09873955448
326.9,0.04816499,2898.8824383095393
327.0,0.08610153,2495.2340954370925
327.1,0.07953531,1768.978852956517
327.2,0.057897333,1798.7207209347273
327.3,0.092284255,2195.867718266997
327.4,0.14788048,1766.1202242133866
327.5,0.11077748,2161.3548280842806
327.6,0.027365811,4655.839992452739
327.7,0.015788166,5018.42832307945
327.8,0.039637852,2164.4129761062413
327.9,0.15342024,2353.8891262948364
328.0,0.11291852,2003.554300283927
328.1,0.087850794,2136.932940901121
328.2,0.029049998,1435.0831863392084
328.3,0.027035475,10885.272513802218
328.4,0.007993785,5541.446644115671
328.5,0.04937904,1728.2522318337199
328.6,0.025833983,3661.418096550712
328.7,0.0034292634,3766.3463986026636
328.8,0.0004977551,2905.6924434046005
328.9,0.00010666197,5731.811418160718
329.0,0.00012012421,4900.393585846861
329.1,0.000636801,2403.7052870203624
329.2,0.002917021,3521.850835983233
329.3,0.0023471506,3572.6748840394757
329.4,0.0014716241,2823.798533509089
329.5,0.0006962449,2268.395134190717
329.6,5.3389667e-05,4409.598575212518
329.7,3.1001036e-05,4208.306591264818
329.8,0.0029675341,2872.8526788181143
329.9,0.014037841,5714.994696827567
330.0,0.04459888,9278.523548465928
330.1,0.1008344,2790.4134873439484
330.2,0.015227774,1345.9451231278558
330.3,0.16739857,2576.915365895834
330.4,0.016235376,10992.526914319871
330.5,0.15791386,2836.9791099407494
330.6,0.12529363,2711.9640044902485
330.7,0.06644276,2244.1688721597775
330.8,0.008348305,3353.216541830399
330.9,0.00041361307,3128.034166253381
331.0,0.00033161696,3316.0482007942446
331.1,0.00012523413,4447.728491047473
331.2,0.00010570439,7118.930413154398
331.3,7.366693e-05,5992.764442379258
331.4,0.03338121,1904.08617736733
331.5,0.04355566,2643.59412507704
331.6,0.13970558,2745.71549557709
331.7,0.048657812,6415.046093854332
331.8,0.01692231,2529.5394278799286
331.9,0.056532323,2224.1535763051024
332.0,0.046128206,2989.4905760250394
332.1,0.028008267,1941.1578372737033
332.2,0.15508956,2123.3086588448723
332.3,0.047906768,8119.475477781116
332.4,0.050966814,4571.982648440055
332.5,0.1658153,2673.361559202963
332.6,0.049593233,9813.858011102082
332.7,0.023475967,1386.6858616040483
332.8,0.03608512,2277.086896268108
332.9,0.12347556,2957.6960727100636
333.0,0.03560051,4395.0750256035735
333.1,0.0050532906,4034.2157191036604
333.2,0.0016896863,2556.2538967947235
333.3,0.013126671,5332.41929134169
333.4,0.009138123,4950.224810706511
333.5,0.0029156508,3863.4980156739884
333.6,0.00020362072,3960.318879244902
333.7,0.00034715846,4595.286321700548
333.8,0.119484566,3466.805117319087
333.9,0.1539438,3008.325184525696
334.0,0.023515971,9676.242196867584
334.1,0.13799454,2554.7879326124353
334.2,0.20334499,2967.2624673752316
334.3,0.16351674,1812.2232414813002
334.4,0.2423537,2207.0106589552643
334.5,0.19104205,2311.2139191140973
334.6,0.03663744,5236.260229405027
334.7,0.042551182,3182.542605808726
334.8,0.10434573,3722.0929412731443
334.9,0.11840466,2478.2985301333842
335.0,0.17481425,3729.998379890621
335.1,0.20888905,2799.196980594714
335.2,0.059260383,10851.933237837578
335.3,0.060808472,5714.132857646052
335.4,0.09601119,2085.4656307542423
335.5,0.0054577445,3579.9765803336627
335.6,0.00026564367,4060.8773706251686
335.7,0.00021401772,4451.761249496497
335.8,0.00014956215,5125.8989111207065
335.9,0.00012786385,5779.2877531056565
336.0,0.00012650761,5244.281703209177
336.1,0.000116938296,5257.990167833723
336.2,1.3593587e-06,7578.039678149362
336.3,1.4519611e-07,9767.5916585257
336.4,1.459242e-07,10007.517874534766
336.5,1.4312015e-07,10134.17930543529
336.6,1.4310957e-07,9991.511747455068
336.7,1.420098e-07,10090.365501501092
336.8,1.9517007e-07,9684.43109615787
336.9,2.792168e-05,1006.1238987355564
337.0,2.0097068e-05,1494.7997016944748
337.1,1.1677434e-05,2048.214481813605
337.2,1.5325599e-05,1445.588953009325
337.3,2.4899291e-05,1399.0698554361468
337.4,1.5837306e-05,1830.0208000731618
337.5,9.375029e-05,2095.4664107863287
337.6,0.008686863,4340.3817589220935
337.7,0.024985088,8730.328446493077
337.8,0.017526805,6088.739596824447
337.9,0.0026907339,4216.925617751767
338.0,0.0010274954,2835.2799234119047
338.1,0.00017462246,5707.3757934412715
338.2,0.00029158278,3563.9467929527627
338.3,0.0037146723,3619.8980043029355
338.4,0.0046960902,4055.7870532199067
338.5,0.004436181,4050.8104645603444
338.6,0.00084514904,2731.4337422952945
338.7,8.0006015e-05,5173.1798360611565
338.8,5.2502804e-05,5111.615656540524
338.9,3.7348993e-05,5006.786500194514
339.0,2.8021248e-05,4466.300657388201
339.1,0.00018993078,3746.9424554943266
339.2,0.00036982846,10886.858520508602
339.3,0.00786082,8700.4202194
339.4,0.0073262895,4964.176866387466
339.5,0.00566382,3050.484929369578
339.6,0.04031883,4660.990779710453
339.7,0.05242843,2448.308570901699
339.8,0.03170312,2720.792079118385
339.9,0.037492234,1520.0784538771852
340.0,0.0016853462,3605.4319451599386
340.1,0.006995331,4121.59109903648
340.2,0.0029032966,4232.370264696565
340.3,0.03661962,1438.9381921785994
340.4,0.0146257,1721.7444558852847
340.5,0.009829571,8467.777500831162
340.6,0.011488432,8394.512073131214
340.7,0.010166311,1832.0957176430845
340.8,0.023029713,1211.9035557752754
340.9,0.002746462,3082.193196806592
341.0,0.00013095861,5262.388628142759
341.1,7.183989e-05,6240.200118883815
341.2,6.176575e-05,5200.564962787098
341.3,4.1724317e-05,5335.966116059885
341.4,3.1371397e-05,5099.260360159523
341.5,0.00018032911,2640.7738587255926
341.6,0.003001531,4660.027154768051
341.7,0.0015712252,4305.61763896119
341.8,0.0004425615,5839.999095315836
341.9,0.005510195,4204.413325733109
342.0,0.00018070212,4735.489512645819
342.1,9.241012e-05,5909.640064969964
342.2,0.00017940451,5880.67881328504
342.3,6.388462e-05,5183.847052964121
342.4,5.033531e-05,5285.725144425744
342.5,2.1251735e-05,5563.582451242055
342.6,1.3848415e-05,4359.356473775796
342.7,2.9477465e-05,3283.4442935331135
342.8,7.19747e-06,3424.0463747612366
342.9,1.3122291e-06,6332.515835882323
343.0,2.5404481e-06,5735.243067057618
343.1,9.134292e-07,6907.45809960382
343.2,1.0574552e-06,7178.173319485411
343.3,6.976404e-07,7662.8817736150195
343.4,0.0003871792,1322.6080609512255
343.5,0.00048876135,3237.8805333727855
343.6,0.025268322,980.9467960168498
343.7,0.0958636,1609.560180458278
343.8,0.027687777,9041.066502937341
343.9,0.0064788708,8978.35729114006
344.0,0.015192129,4279.556139436896
344.1,0.0019325602,3587.1554038946847
344.2,0.000115416195,5939.40731669346
344.3,8.03858e-05,6378.253242973304
344.4,5.578573e-05,6863.148911971656
344.5,5.073066e-05,6961.701085168198
344.6,3.6730467e-05,6736.989087553141
344.7,3.0045941e-05,6418.008936033486
344.8,2.4891882e-05,6021.360540336677
344.9,1.5723572e-05,5098.432116784137
345.0,4.1716803e-06,5524.136830683483
345.1,2.101616e-06,5634.029186823212
345.2,7.1059515e-07,7265.571328232899
345.3,1.2336994e-05,7409.390714768322
345.4,0.0025888241,9455.83566946333
345.5,0.03720215,1193.0042057731464
345.6,0.010277383,1555.9685087684122
345.7,0.022288652,2162.461924066254
345.8,0.017106503,2079.201956116355
345.9,0.00019174351,4352.999996431025
346.0,9.2382266e-05,5129.872827310289
346.1,6.5513246e-05,4838.929878225108
346.2,0.005251646,7450.55426318964
346.3,0.03415783,7125.882981795413
346.4,0.05247795,8712.757396636827
346.5,0.09901286,2510.592370078279
346.6,0.11683907,1473.5277204130539
346.7,0.040418394,1020.6470419941304
346.8,0.062000096,2727.754390956985
346.9,0.02234726,2924.644088895395
347.0,0.03881271,1771.2024027608409
347.1,0.028441489,1731.161219456634
347.2,0.010875997,2527.1269921618364
347.3,0.0061647696,7851.181417583049
347.4,0.0040653623,6943.432006378896
347.5,0.0009146649,5163.0560214202505
347.6,0.00013059468,5767.400445319749
347.7,7.087223e-05,6778.030486911401
347.8,4.8767564e-05,7339.87194477641
347.9,4.768175e-05,7272.492267358448
348.0,2.7178354e-05,7947.819899879777
348.1,1.867887e-05,8510.089153882765
348.2,1.3873065e-05,8474.972186990995
348.3,8.233973e-06,8770.296655313701
348.4,2.0191849e-06,8025.363274529449
348.5,8.498521e-07,7447.833618884383
348.6,1.4002839e-07,9825.54097156401
348.7,1.4321832e-07,10052.621807990385
348.8,1.4308714e-07,9979.64963865804
348.9,1.4613947e-07,9879.225049254925
349.0,1.4066384e-07,9768.13331474003
349.1,9.0417007e-07,6587.680813723742
349.2,9.649095e-06,5592.203695582182
349.3,7.2488624e-06,5865.397018768239
349.4,4.7402623e-06,3668.4386967345363
349.5,5.0123395e-05,834.1085136577265
349.6,2.2255295e-05,1235.1663309999403
349.7,1.901434e-05,1465.7437487380694
349.8,3.23865e-06,4006.0662594742244
349.9,1.1309619e-06,5941.375245405659
350.0,1.0666773e-05,2665.012631179596
350.1,4.4014455e-06,3635.5372511910487
350.2,3.1682387e-06,5237.735625065696
350.3,2.8767321e-05,3172.4063668690333
350.4,0.0011581199,9443.926199389582
350.5,0.016967004,8931.2956322612
350.6,0.014088949,4417.354503718223
350.7,0.0029276155,5563.175076913344
350.8,0.0045095645,4483.400387517175
350.9,0.051793925,2181.238320454727
351.0,0.016923554,1885.038634405168
351.1,0.00023290871,4294.0195611249555
351.2,8.149973e-05,5811.266119442416
351.3,0.00012880944,4992.4774991099075
351.4,0.0076204557,5591.324228515509
351.5,0.0137417335,5311.375045241367
351.6,0.00041341482,3854.429869830737
351.7,0.0023749294,2151.043383243931
351.8,0.03252587,5258.893053198905
351.9,0.05934817,3146.5389761109786
352.0,0.11003262,2276.023747802749
352.1,0.00345038,3192.259459331991
352.2,0.09652779,3080.0625300983825
352.3,0.045445018,2508.5488052535425
352.4,0.11276343,2309.947561450774
352.5,0.114454046,2923.3169575140014
352.6,0.02603524,11212.911861322795
352.7,0.0061785826,6342.979672702164
352.8,0.034058426,2197.927252244965
352.9,0.009614217,3776.414536490038
353.0,0.00040085358,5130.689838701799
353.1,0.00011372209,5594.986325379796
353.2,8.411491e-05,5954.241276586046
353.3,0.0004115706,2910.2452491809863
353.4,0.0019053408,3394.1998587806393
353.5,0.002360811,3832.9239436328357
353.6,0.0023801865,3720.8975778525737
353.7,0.0011286766,2840.013436282464
353.8,0.031241687,2429.42834621081
353.9,0.009364983,6659.983091651048
354.0,0.03673972,7985.744676800152
354.1,0.08147746,2057.3081524745044
354.2,0.17315026,2300.700096400622
354.3,0.09942427,2142.8318855858383
354.4,0.11347537,2675.533895930597
354.5,0.030055169,7791.367084301539
354.6,0.068249166,2052.54773917253
354.7,0.08955836,2708.070979719372
354.8,0.026848508,7284.907495786021
354.9,0.033634145,3574.971361854048
355.0,0.005672988,2491.4161566408593
355.1,0.070905685,1268.1801093366157
355.2,0.15677555,2286.267714742546
355.3,0.07041509,3890.544881406119
355.4,0.0578894,3457.521117925474
355.5,0.119018115,2490.0937275851466
355.6,0.04949135,1374.1834274007865
355.7,0.09868015,4535.884173833589
355.8,0.025711307,8648.988337819554
355.9,0.002607498,2053.5615108763373
356.0,0.00024421883,4094.5223411663937
356.1,0.0004592898,3356.9878056998114
356.2,0.0018431654,3350.207687774574
356.3,0.0027322138,4049.794598233191
356.4,0.0013202913,3202.2246810780466
356.5,0.0056128893,6219.642033148207
356.6,0.046412997,3757.273761153413
356.7,0.028387612,2724.0244603858396
356.8,0.044874087,1782.9398103137353
356.9,0.074301295,2217.297560982154
357.0,0.054001804,4548.8766253379235
357.1,0.1083913,2013.2295598180926
357.2,0.013290724,6130.4725893327395
357.3,0.08998081,2302.251833339256
357.4,0.029012073,5604.361578878772
357.5,0.0035474396,5194.6217957967165
357.6,0.06925066,2176.720458340063
357.7,0.005309621,3281.9337584949276
357.8,0.008519256,4964.099069315
357.9,0.0071578976,4515.279190656418
358.0,0.0043366295,9229.11046601311
358.1,0.11840561,2300.2751428761935
358.2,0.05845991,1157.4667956118608
358.3,0.122606546,2407.1231758662598
358.4,0.067707114,2650.7459471735156
358.5,0.041916057,4021.69641912896
358.6,0.03605986,7326.310838227526
358.7,0.06591189,2376.5299454919614
358.8,0.11103535,2083.000722645422
358.9,0.057151377,2462.4041893899926
359.0,0.026365446,5242.649454774769
359.1,0.053857446,2608.0857945119087
359.2,0.23727313,2245.8481642317565
359.3,0.09072806,3952.54833276097
359.4,0.035393644,7016.9765334223075
359.5,0.072476685,2848.006976568784
359.6,0.08646377,2312.540130085276
359.7,0.06404608,3141.4662316290664
359.8,0.001412667,2733.9031298126174
359.9,0.00012044004,4877.524735512759
360.0,8.935439e-05,5340.269402635575
360.1,9.532714e-05,4753.426323214811
360.2,0.000114029266,4102.147711305407
360.3,9.953507e-05,3541.5753163864274
360.4,6.452753e-05,3131.97789177596
360.5,3.8408463e-05,3370.467060669437
360.6,2.8638056e-05,3119.2547453624256
360.7,2.7417122e-05,2641.772245107973
360.8,0.00021219847,4794.847289101506
360.9,0.0104675,4455.808416783149
361.0,0.028961148,3097.496743973904
361.1,0.03194744,1812.5011486900914
361.2,0.014236963,7529.245973981278
361.3,0.041171666,5344.835485255055
361.4,0.13415998,1652.8369137542268
361.5,0.012985455,10030.13299851443
361.6,0.05402071,1237.5261171849804
361.7,0.03371074,1546.0215008818925
361.8,0.019244509,1572.705982947352
361.9,0.029346349,2017.0738800678077
362.0,0.013383427,7626.57254296445
362.1,0.1087847,1706.6567720216515
362.2,0.07740618,2291.816721618942
362.3,0.00908699,1907.000106590714
362.4,0.03249382,3184.290798899663
362.5,0.04010113,2782.5705178382223
362.6,0.050903518,2721.420788185297
362.7,0.02249754,2115.873075106146
362.8,0.0045328583,2987.701140600124
362.9,0.0063001094,3168.345362776884
363.0,0.014602786,5056.526337267489
363.1,0.0075923824,4340.94332621915
363.2,0.00065863604,3779.3903530913053
363.3,0.0003195556,6201.077832181162
363.4,0.00090207136,1247.8115259908475
363.5,6.714803e-05,5338.990697291588
363.6,0.017679445,4379.924887362702
363.7,0.012264401,3539.5228567666127
363.8,0.13253511,1780.3611893328743
363.9,0.08536358,2592.089486474986
364.0,0.06277381,2576.1425997930373
364.1,0.10488457,2368.7109585783687
364.2,0.15552226,1796.240749223065
364.3,0.08334829,2720.341251880595
364.4,0.01667452,10276.605825598523
364.5,0.007531279,7196.393299001573
364.6,0.00026607863,4048.8536671679344
364.7,0.00010353038,6330.592521128341
364.8,7.228516e-05,6599.658705803561
364.9,7.409707e-05,5890.650693507244
365.0,5.451025e-05,6648.7786297730445
365.1,4.5334837e-05,6589.825445201244
365.2,3.182781e-05,6597.7116910799605
365.3,2.3353746e-07,9245.324729717198
365.4,1.4172404e-07,10001.946709146487
365.5,1.3141441e-07,10248.410259371965
365.6,9.89588e-08,9996.083734780083
365.7,1.0119132e-07,10018.276922825715
365.8,9.8290904e-08,9999.474754843657
365.9,9.911349e-08,10098.371049601556
366.0,9.789891e-08,9818.461194175312
366.1,9.896828e-08,9932.68829874519
366.2,9.787783e-08,9871.783968703925
366.3,1.3390479e-07,10039.710233950245
366.4,1.5991563e-06,6555.496134684352
366.5,5.3378226e-06,6047.544345454726
366.6,5.7051297e-05,957.0690326769263
366.7,1.3988475e-05,4171.783500859076
366.8,7.6239266e-06,4345.598330390556
366.9,4.658698e-06,3720.701724743889
367.0,1.3349149e-06,5463.6573727878185
367.1,1.7343934e-06,5040.996346392054
367.2,9.202882e-07,6185.290738164561
367.3,9.975405e-07,6201.990024486079
367.4,8.69936e-07,6598.664225484683
367.5,9.029403e-06,2994.0321116797168
367.6,2.6222235e-06,5642.642588442568
367.7,1.7548447e-06,6228.84655057923
367.8,0.0007200507,5957.191451720702
367.9,0.007698789,9084.339078866362
368.0,0.008142398,9424.582842666572
368.1,0.007749352,8874.098619935743
368.2,0.005347034,3791.8301654487614
368.3,0.02024213,2697.09665766256
368.4,0.019542042,1349.176461813718
368.5,0.009241281,2998.023167869918
368.6,0.02740293,2928.6852886034694
368.7,0.019825058,2493.8799102995017
368.8,0.0043171644,3996.3311988389687
368.9,0.00390964,2114.543929620476
369.0,0.00059586536,2291.903869317897
369.1,0.00014151423,4507.486881551198
369.2,0.00010953431,3129.8577251101947
369.3,5.527949e-05,2962.8288100455834
369.4,6.604023e-05,1867.3554371685962
369.5,4.1748113e-05,1405.2881910640094
369.6,1.6938642e-05,1676.2913289939327
369.7,8.488328e-06,2645.7286266407773
369.8,4.267429e-06,3911.3461759725233
369.9,5.39723e-06,3988.2805914248447
370.0,4.0755144e-06,4493.996677188481
370.1,1.131741e-05,2625.7408513245073
370.2,0.0019453145,1929.656246398345
370.3,0.0048620086,3041.4939903175245
370.4,0.0033700813,4029.4319003871033
370.5,0.006904686,5659.537149320066
370.6,0.014729785,7533.383907488059
370.7,0.026520405,2450.2410644194783
370.8,0.0026739452,4594.611584766846
370.9,0.005653986,5720.998754757997
371.0,0.0045454847,2852.9822266281026
371.1,0.00019726125,4484.357564103784
371.2,0.00014425624,4654.775403790762
371.3,0.0007209012,2333.9701125610763
371.4,0.00381011,3488.852117207261
371.5,0.0028736102,3116.7384864366577
371.6,0.0023165192,3126.0190424387742
371.7,0.0013543485,2700.0972618702654
371.8,0.0007282316,2412.2898281502107
371.9,0.0001746184,2507.5411329518056
372.0,5.541666e-05,3006.874296794429
372.1,0.0033071567,1945.0849288074446
372.2,0.00529763,2854.16024787483
372.3,0.032122564,4228.1002709974055
372.4,0.029553553,8048.958041074042
372.5,0.03385597,2572.204757861209
372.6,0.044630006,3450.3901489737714
372.7,0.012040394,10758.398530124876
372.8,0.01352138,4442.23727629168
372.9,0.0068919975,3386.7604595551074
373.0,0.055534974,1282.284266078361
373.1,0.041564435,2066.051566768747
373.2,0.007471349,9677.767996705923
373.3,0.032463435,3503.3519278091917
373.4,0.013405562,3774.173640951559
373.5,0.029292012,2917.452322622389
373.6,0.03666614,2308.687610109608
373.7,0.006386432,6053.262746721245
373.8,0.0022211906,2692.2304977003987
373.9,0.00014554929,5548.898873523973
374.0,0.00013338719,5016.313137170241
374.1,0.00015271522,3216.02804991882
374.2,0.00011789777,2961.583012044148
374.3,0.00014351084,2393.1816398272954
374.4,0.0005105196,2374.426855655786
374.5,0.00042597472,2368.213903489393
374.6,0.00035677518,2319.9354769409606
374.7,0.00017647728,1957.580156598568
374.8,5.0354396e-05,2087.3825509497465
374.9,1.4771528e-05,2246.345402823892
375.0,8.668387e-06,2677.19371215188
375.1,4.699154e-05,764.935974170468
375.2,7.7778306e-05,4703.447607657054
375.3,0.024772706,3184.16755743046
375.4,0.026748588,8513.975873600955
375.5,0.060736213,2528.830456361165
375.6,0.026483184,4447.362122546354
375.7,0.050694212,2716.012324650893
375.8,0.030823633,6305.19638583814
375.9,0.04627809,1200.877859965054
376.0,0.03499935,1047.8556071936
376.1,0.0063134753,1366.4850096486657
376.2,0.025784405,1288.2529066652935
376.3,0.05336103,2110.990005673337
376.4,0.07735521,1612.7859380021348
376.5,0.006646188,10696.130062451228
376.6,0.005487238,7637.876611723814
376.7,0.03805482,3455.37035832934
376.8,0.015308544,2318.5169940886863
376.9,0.000480899,3619.9222999450685
377.0,0.044347566,2637.7436613881246
377.1,0.008494585,4545.819914979404
377.2,0.0017907432,3347.8050566499387
377.3,0.00012615045,4898.990419349664
377.4,0.00014187236,4000.442380391254
377.5,0.000102481725,4107.396738185669
377.6,9.5974654e-05,3326.1854676466346
377.7,5.2906147e-05,2928.9811465411717
377.8,0.003512548,7031.01738736677
377.9,0.010527513,8688.553636879882
378.0,0.06351723,1822.7865191924725
378.1,0.06433021,2085.7232657359496
378.2,0.055756014,1562.1940771778031
378.3,0.076022714,2407.92258532151
378.4,0.01820887,4836.718758199739
378.5,0.08750644,1478.1689336725535
378.6,0.013010326,8096.90945157766
378.7,0.118740305,1997.0396871768737
378.8,0.022246491,2141.027217838547
378.9,0.065867506,1640.2605005106202
379.0,0.008431262,835.3511064227607
379.1,0.060723152,3447.350620989593
379.2,0.10935151,2736.4395336477487
379.3,0.13480686,2438.221704365073
379.4,0.0023317123,2476.7477051062997
379.5,0.025911624,1184.91237482587
379.6,0.0020340348,2509.196490755889
379.7,0.00024849427,4404.126491155388
379.8,0.00018730384,3795.243996332071
379.9,0.00014477623,4360.210214445771
380.0,0.00034622368,2518.3671958973114
380.1,0.0008466243,2632.487401287582
380.2,0.00040029097,2331.502770414086
380.3,0.00035236942,1216.2656288851456
380.4,0.047746714,4338.014545153246
380.5,0.040164266,5779.852461955003
380.6,0.06339799,1871.2755247865264
380.7,0.028410092,4496.6607480469875
380.8,0.15410678,2509.426784293765
380.9,0.038608447,9819.74241942486
381.0,0.075876094,4919.22900969862
381.1,0.08714129,2187.847397574947
381.2,0.0073996857,2848.051959448737
381.3,0.00034317648,3593.3589069566015
381.4,0.00014940326,5026.28127972727
381.5,0.0025870441,3432.6780718016694
381.6,0.0055462127,4654.710921735994
381.7,0.0018682564,4609.028267844646
381.8,0.00083365233,4206.840346691322
381.9,0.025876427,8921.32802278371
382.0,0.0917994,3346.0981966379845
382.1,0.051872462,7809.97833545765
382.2,0.06469442,4372.5566085941855
382.3,0.10308728,3031.6690854332714
382.4,0.109436765,1491.8678768281395
382.5,0.17512515,2431.8746888834676
382.6,0.07213976,1680.2118621094342
382.7,0.07517804,2495.0097813779453
382.8,0.016796341,5193.778483686514
382.9,0.008162979,4864.310322214399
383.0,0.10395345,5613.385452842509
383.1,0.18122147,2226.117765893625
383.2,0.020285085,9295.884053222564
383.3,0.17117359,2533.450724369498
383.4,0.10823144,1059.272381077534
383.5,0.23587836,2115.972976203574
383.6,0.013144592,2487.5174464948727
383.7,0.34786096,1778.9589441515232
383.8,0.059900083,2232.7182968928837
383.9,0.051368598,2893.853415852275
384.0,0.1890392,2724.7671973022366
384.1,0.021132106,10365.874846317703
384.2,0.23056717,2605.20752862263
384.3,0.06273488,2958.686204408249
384.4,0.058936384,1499.2272975631267
384.5,0.010291923,3314.3332983002992
384.6,0.0004343758,3236.9259283628544
384.7,0.0016921811,3035.3628677857882
384.8,0.0018889431,3007.0023265545515
384.9,0.00084962155,3208.4912645170552
385.0,0.00021800265,2786.8511314180673
385.1,0.0062105795,6294.210760074928
385.2,0.037114453,5359.230579577637
385.3,0.048349272,4561.765469087958
385.4,0.013994381,9477.809315186407
385.5,0.20487295,2413.651539882267
385.6,0.16725236,1927.6267719337366
385.7,0.16534401,1417.418797157355
385.8,0.088533916,3156.6736609897675
385.9,0.087725885,3632.4240984980747
386.0,0.109198995,2212.6228606412774
386.1,0.004754808,2746.854438589314
386.2,0.0037148916,3620.756936037922
386.3,0.006116513,4321.058384845406
386.4,0.0029447915,3654.904262704314
386.5,0.000623513,3504.9969715075104
386.6,0.09402413,4166.023888825407
386.7,0.0059739975,1703.8891432662774
386.8,0.09299348,2239.041526796025
386.9,0.035482265,4346.3924066182335
387.0,0.13082634,3516.627915040195
387.1,0.06239834,1597.0703595745026
387.2,0.055384606,5099.807890521855
387.3,0.13478713,2058.0228325526055
387.4,0.0023748362,2751.114137045886
387.5,0.0054479456,4491.896129093336
387.6,0.002752589,3565.5569326570803
387.7,0.0072236815,4760.702786708118
387.8,0.04849985,4588.212032570317
387.9,0.12886499,2696.6777640317696
388.0,0.062212817,4415.745828497915
388.1,0.07793854,2760.4094479239093
388.2,0.13435274,2140.365499895694
388.3,0.08704481,1745.1080590697334
388.4,0.043087948,1198.1393035824917
388.5,0.036145996,6534.703431176914
388.6,0.17514665,2471.570379982988
388.7,0.14782102,2817.349950886295
388.8,0.13508983,2388.6059478422226
388.9,0.12960507,3910.1047702822325
389.0,0.06789637,3962.651711586118
389.1,0.11013191,3799.210534712188
389.2,0.06690108,3213.834969352387
389.3,0.17143904,2526.3247762187257
389.4,0.037513867,8602.797643197893
389.5,0.11141218,3161.156810165041
389.6,0.10291275,2817.491458304226
389.7,0.08185637,2223.6282224941424
389.8,0.21819398,2738.765431512945
389.9,0.23777223,2789.541755120322
390.0,0.12632814,2917.066721542449
390.1,0.07143025,1805.8057817717447
390.2,0.01021062,3443.002390371199
390.3,0.00056738796,3046.0012869637126
390.4,0.0040334226,3493.5547072337586
390.5,0.0032445218,3907.3130838986954
390.6,0.0024286413,3675.0904203109417
390.7,0.0014788258,2975.230778534088
390.8,0.00082395884,2289.222462045749
390.9,0.009079577,5222.7454540946765
391.0,0.05925048,5330.098832956079
391.1,0.104803406,2785.1708062672
391.2,0.0692096,2815.23250199635
391.3,0.013913249,8138.935495670402
391.4,0.04297475,1274.6089118505008
391.5,0.029334106,1866.6850141606374
391.6,0.035576604,8773.18301353945
391.7,0.07430979,3034.1246807831303
391.8,0.039152626,2311.2249101812395
391.9,0.02137405,11076.13392094828
392.0,0.17592397,2931.0950457874706
392.1,0.08725388,4906.540837352755
392.2,0.14215507,3098.3019251038013
392.3,0.042968865,8135.672578659893
392.4,0.14518614,3183.9719115900066
392.5,0.011056775,1629.7330950352
392.6,0.14683041,2679.356769428785
392.7,0.0073292917,3772.8369365785
392.8,0.022818219,4693.776363780406
392.9,0.008014273,4852.853009453647
393.0,0.07213391,1307.899261273695
393.1,0.04544589,1980.471192490595
393.2,0.23941125,2109.475269247194
393.3,0.08495589,2386.4485526453886
393.4,0.08807132,3341.392758750768
393.5,0.058654886,2462.119225430201
393.6,0.06266422,3115.688289691145
393.7,0.010287529,7535.922579972963
393.8,0.012918349,2121.4245987430263
393.9,0.15682688,2531.377053535472
394.0,0.01950094,9350.247108286585
394.1,0.29305166,2399.3754986464373
394.2,0.18953732,2526.078370584291
394.3,0.079872,1834.624503267409
394.4,0.017724935,3310.3886293663786
394.5,0.0009807162,4420.182881070794
394.6,0.00085227645,2663.4234387335528
394.7,0.0007021087,3946.3409891232154
394.8,0.0005239424,2623.6221858837907
394.9,0.00022017611,2991.306246840594
395.0,5.6630855e-05,4836.349426538969
395.1,0.00020232347,2744.0645458817003
395.2,0.0031955559,4182.714196750536
395.3,0.023352208,3828.9490135490205
395.4,0.08178558,2434.3911667699012
395.5,0.10960313,2149.282494633388
395.6,0.0039835153,3569.526801753355
395.7,0.00035815543,2960.7835673599848
395.8,0.013243366,5200.659867680826
395.9,0.013854665,6505.080613282726
396.0,0.0017606252,2551.9683479632304
396.1,9.234741e-05,5267.470024234718
396.2,0.00059053197,2441.1599180254993
396.3,0.022811491,4350.01058101876
396.4,0.33930913,2319.8221742917804
396.5,0.348422,2154.968615140761
396.6,0.010349597,2572.526462867616
396.7,0.12691757,2228.292257076978
396.8,0.033323016,2283.590052996648
396.9,0.0007335485,2100.9602925996387
397.0,0.0001801191,4190.149695805621
397.1,9.5508156e-05,5075.277505973156
397.2,5.848286e-05,5248.569067467064
397.3,4.811074e-05,5027.585967270063
397.4,5.644995e-05,4079.1288413441334
397.5,5.1556286e-05,3314.2578398221262
397.6,4.2187185e-05,2887.9868044565505
397.7,3.6731395e-05,2514.4961683691026
397.8,3.1445186e-05,1974.6544336617796
397.9,3.4611191e-06,4601.3799375485105
398.0,1.2730057e-07,9928.390130026914
398.1,1.2714933e-07,10320.212313560682
398.2,1.2841674e-07,10158.559136101892
398.3,1.2486595e-07,9966.209805029766
398.4,1.2969547e-07,10284.054996017094
398.5,1.2722013e-07,10142.772497328033
398.6,1.2422144e-07,9958.376883392508
398.7,1.2689188e-07,10209.596235431378
398.8,1.277216e-07,10182.696347364154
398.9,1.2482317e-07,10071.390334247226
399.0,1.2403974e-07,9938.392842045174
399.1,1.2929809e-07,10052.212280668582
399.2,1.2835606e-07,10103.481296995833
399.3,1.288314e-07,10121.241066809682
399.4,1.3079894e-07,9906.092758214489
399.5,1.2591846e-07,10025.405352020882
399.6,1.2627561e-07,10037.307992651582
399.7,1.253676e-07,9973.205959550483
399.8,1.310648e-07,10004.529372089886
399.9,1.2645252e-07,10045.161444306807
400.0,1.22545e-07,10064.939709576918
400.1,5.9567637e-06,4243.082754271456
400.2,0.015615555,401.59671712609696
400.3,0.045736596,478.8300119919068
400.4,0.007489221,326.50566851919217
400.5,0.00028188372,1973.592888888633
400.6,0.00018904379,430.207728051118
400.7,1.8285184e-05,1295.2522656823849
400.8,1.2677124e-07,10058.267501837041
400.9,1.2664663e-07,9935.344661475057
401.0,1.2632277e-07,9887.535937487133
401.1,1.2772384e-07,10155.650931545355
401.2,1.2336898e-07,9972.625134544953
401.3,1.2442999e-07,9877.402086719478
401.4,1.2551558e-07,9892.355621434117
401.5,1.254837e-07,10087.292523308177
401.6,1.3089807e-07,10357.453955094323
401.7,1.2313681e-07,9973.544975581135
401.8,1.262899e-07,10073.022668220552
401.9,9.979918e-07,6048.79672490586
402.0,4.700857e-06,3605.8539490009393
402.1,3.230025e-05,1994.9960654495974
402.2,0.0014495037,3362.3623866981848
402.3,0.0040324833,4977.8850895409305
402.4,0.0034279171,4603.533048065921
402.5,0.0004964372,2957.3109353006585
402.6,6.14433e-05,4926.192225131803
402.7,0.0003769053,3041.774069086505
402.8,0.00032388524,1685.9895885080578
402.9,0.00023730766,4065.4497196106267
403.0,0.0062796697,5630.127859384719
403.1,0.02492218,4404.23524172322
403.2,0.022412712,8657.902867681403
403.3,0.012420352,4484.646052669152
403.4,0.015654923,4258.614902496356
403.5,0.008860543,7821.286740201382
403.6,0.044007007,1092.4633045808825
403.7,0.052231718,1388.500587763439
403.8,0.020898335,2850.2140929465213
403.9,0.0039305994,2168.1944588657316
404.0,0.00045913193,2684.1474281704595
404.1,9.8714496e-05,4807.202853314471
404.2,0.00011237481,4238.782774088596
404.3,6.9746464e-05,3656.190318529878
404.4,6.259138e-05,2604.7408824399276
404.5,4.691112e-05,1765.6922296133541
404.6,3.6955636e-05,1233.224275140404
404.7,2.489915e-05,1107.9019798983798
404.8,0.00024157726,1534.3907225274772
404.9,0.042567044,2903.9841197360283
405.0,0.05545813,1781.3421145090185
405.1,0.050161146,2228.8421702080377
405.2,0.04196676,3379.3339890369625
405.3,0.057374325,1854.7607726455421
405.4,0.04352251,2888.5517063949765
405.5,0.053254697,2598.0315033909187
405.6,0.045491215,1468.2109307972844
405.7,0.01611491,3762.5797699389714
405.8,0.047207166,1056.2103684914719
405.9,0.037297603,2107.0032666724674
406.0,0.03155449,2055.398753332127
406.1,0.029254477,1972.404554784421
406.2,0.004662578,1490.0188842238463
406.3,0.010672225,1926.366333927614
406.4,0.015382309,1226.0391936789665
406.5,0.014947501,1462.6844563560337
406.6,0.018489003,1752.2626404240384
406.7,0.022616714,2028.4406461658236
406.8,0.019947324,1904.0575901429916
406.9,0.0064983526,9701.42376409515
407.0,0.0065114754,4748.553929696487
407.1,0.0019082001,2959.6398722733693
407.2,9.650905e-05,5722.246322648876
407.3,0.00010662768,4863.969088796259
407.4,5.9530357e-05,5869.786789861932
407.5,5.338753e-05,5555.599529269804
407.6,2.7415057e-05,5751.88637187458
407.7,1.2910598e-05,6095.384747288779
407.8,5.409136e-06,5928.188079408912
407.9,1.4942864e-06,6268.903574116435
408.0,1.2980937e-07,10072.456300871092
408.1,1.2410035e-07,10132.58175577098
408.2,1.2777905e-07,10190.05902973148
408.3,1.2442885e-07,10051.438962568342
408.4,7.744611e-07,6448.394289294596
408.5,9.888839e-07,5799.631720394712
408.6,9.779949e-06,2483.026266760513
408.7,1.686223e-06,6497.57412810592
408.8,1.1446796e-06,6339.502238199571
408.9,3.4289737e-06,4365.425083793956
409.0,1.0197433e-06,5809.239422967656
409.1,1.414349e-06,5761.531844763326
409.2,1.510313e-06,5281.745464884713
409.3,8.428805e-05,2758.3586926244884
409.4,0.00058818364,3163.927326023235
409.5,0.00085923675,2743.6887365575535
409.6,0.00079944055,2428.1214004221033
409.7,0.00032442308,2595.9103789357077
409.8,0.00011597013,2115.178168740571
409.9,0.00011246083,3377.6819267005303
410.0,0.03621194,2638.0925489716515
410.1,0.060324088,3149.522180218828
410.2,0.023836587,7876.034724267116
410.3,0.094521984,1980.7116961511686
410.4,0.089169875,1946.2862104708092
410.5,0.012241766,9898.440245800053
410.6,0.088291615,1570.7887773301154
410.7,0.04269483,1569.6447731736025
410.8,0.08137718,1940.9126009373754
410.9,0.17755084,1449.4639845632757
411.0,0.066985965,2980.3407143136114
411.1,0.010026487,4471.286569733471
411.2,0.066452876,2914.2497499612164
411.3,0.053858187,1089.858360070467
411.4,0.06268148,1120.6996400863268
411.5,0.065355085,1555.3182004239877
411.6,0.05163515,2343.1837974807113
411.7,0.0025847934,2488.0175439333343
411.8,0.13417257,1468.9579482348263
411.9,0.010753851,4099.529147300598
412.0,0.037480786,1549.4903673873266
412.1,0.030778637,3354.661701099073
412.2,0.025627963,3131.511831696632
412.3,0.0024247987,2595.3660785051743
412.4,0.00014786297,4648.170858705384
412.5,0.00063426327,2711.5627872814675
412.6,0.0012096073,3150.1655406208124
412.7,0.0011426156,2807.7963432618585
412.8,0.0006638553,3444.0806063211994
412.9,0.00019931776,2432.252584411561
413.0,0.014728269,4459.36258761138
413.1,0.023583699,7634.866011799757
413.2,0.06099646,2045.692283314343
413.3,0.047076568,2541.853913838503
413.4,0.024328377,7443.466305952299
413.5,0.0333547,2725.269505668822
413.6,0.028204288,1430.024569210525
413.7,0.017202685,3504.491544957968
413.8,0.0014270146,2946.6936587198284
413.9,0.0002836305,3357.9238258873406
414.0,0.0007940859,2295.6671130781824
414.1,0.0067613935,9164.257572809225
414.2,0.018840909,6696.682538677091
414.3,0.08762091,1662.5067560557243
414.4,0.0012931767,2132.831043002582
414.5,0.07160355,1950.6270192762402
414.6,0.048810415,2023.3259610225302
414.7,0.022572335,6410.957780443234
414.8,0.03108141,5193.028879097959
414.9,0.045168173,2137.9954127944266
415.0,0.0058576474,5498.518120372626
415.1,0.03975996,4220.161602167842
415.2,0.0032466508,3880.451362952857
415.3,0.038591415,2305.478557176395
415.4,0.045784596,1899.8731146116002
415.5,0.019731456,5154.289063841943
415.6,0.03128911,854.5203242118824
415.7,0.036278453,3203.4997477517823
415.8,0.0074451603,3810.354586706145
415.9,0.00019391427,4624.538785285489
416.0,0.0012098444,2842.340257509831
416.1,0.0013898594,3216.7535626541576
416.2,0.0011282607,2801.688481539729
416.3,0.00077069405,2823.6793828421482
416.4,0.00019827163,2353.01925173524
416.5,0.000103967715,2499.327338074048
416.6,0.00019845614,4234.512481645815
416.7,0.011765406,10758.229788380824
416.8,0.03836967,3678.9657183069853
416.9,0.003925975,6498.809170763511
417.0,0.04898947,1447.0757657244021
417.1,0.022735827,4165.952770434363
417.2,0.06843817,2664.1531742340826
417.3,0.0040525957,5977.33029985198
417.4,0.04753521,876.7695274346106
417.5,0.061205555,2509.3290417363523
417.6,0.0016143494,2396.720381761824
417.7,0.046327945,2081.0862583717844
417.8,0.051163312,2803.5724271053855
417.9,0.0018312642,2300.8559388636554
418.0,0.0044210437,4212.6565789274455
418.1,0.002780454,3207.8583042347077
418.2,0.058925167,1284.2354985441843
418.3,0.092304155,1987.1874948763584
418.4,0.036281954,4150.692847486704
418.5,0.022702798,3351.870226388945
418.6,0.0034268338,6543.4098508151255
418.7,0.058489688,1675.453498970935
418.8,0.04357217,2173.501344577008
418.9,0.06471695,2322.5646877678505
419.0,0.0031084898,6333.7123859613785
419.1,0.0627872,1994.0546744210137
419.2,0.021487163,5616.736164540573
419.3,0.0405473,2371.7999282343444
419.4,0.040408395,2388.705264424746
419.5,0.051833175,2126.4545886030446
419.6,0.07721068,1743.2506308293423
419.7,0.019769339,8032.000221212132
419.8,0.07350632,2197.558302072133
419.9,0.014878538,4703.581227235121
420.0,0.008928693,1264.45159194639
420.1,0.05580225,2293.4484838607427
420.2,0.012813606,7838.124409220567
420.3,0.05375494,2461.1648598995453
420.4,0.058495965,1820.8848372673133
420.5,0.050331783,1946.4005954516165
420.6,0.02258273,3554.447494716118
420.7,0.0041745426,2652.151153492663
420.8,0.0017508356,2867.157620996125
420.9,0.0030981202,3527.29987503655
421.0,0.0017891751,3139.723770199429
421.1,0.0005064711,2491.9565874862988
421.2,0.00016145957,3141.879651474568
421.3,0.038680483,4051.7526474474207
421.4,0.0032627298,3357.4278576428214
421.5,0.004105669,4206.598788048053
421.6,0.0015464209,3143.6000145185744
421.7,0.000591769,2396.226930485279
421.8,0.002366299,4976.869662857291
421.9,0.047771137,4603.108004121123
422.0,0.062459175,2537.88130585494
422.1,0.050721344,3130.13310970292
422.2,0.037983373,4170.485350583067
422.3,0.055521075,1435.8803579807184
422.4,0.051718593,1848.956572417152
422.5,0.042127278,2167.317104466303
422.6,0.032337762,3304.350174990779
422.7,0.07797682,1913.9740038868113
422.8,0.062490404,2486.474485955175
422.9,0.07211509,2586.35342878085
423.0,0.00053558213,3394.4310678895363
423.1,0.047364064,2120.5588168556087
423.2,0.0036526232,4009.547814775373
423.3,0.007409682,3506.50482048926
423.4,0.044409417,1790.3993541962316
423.5,0.03440739,2540.418777816986
423.6,0.0059436793,6366.2719474713285
423.7,0.06221503,1017.4765088710897
423.8,0.04811011,1057.1600963914466
423.9,0.053028714,1341.0377808594799
424.0,0.020350803,7402.728260607895
424.1,0.05454501,2319.860638158319
424.2,0.02270972,7180.407284159453
424.3,0.012546863,2884.5956955411534
424.4,0.0031826969,3915.0217385186606
424.5,0.0019813187,3077.2951256705046
424.6,0.00024894834,6501.0723364932455
424.7,0.047376305,4716.029730240585
424.8,0.09659858,2083.0314946258286
424.9,0.039139695,6518.403298722671
425.0,0.060133617,1729.3314736902287
425.1,0.0024288443,4276.579327644108
425.2,0.040740423,2282.1312538077104
425.3,0.055891603,1787.438400340369
425.4,0.05185907,2043.0977160339514
425.5,0.05170999,1955.1296413560544
425.6,0.010654843,9900.235013464091
425.7,0.04524207,3544.613738434082
425.8,0.020471264,5769.704205892131
425.9,0.044204313,2676.263848548012
426.0,0.036820393,2971.913926762921
426.1,0.03459788,4197.089723020021
426.2,0.004512517,3095.8103606671257
426.3,0.0014824835,2839.891372389192
426.4,0.0025800327,3299.8996397138917
426.5,0.0013790005,2543.497533197921
426.6,0.00066011265,3808.399199347624
426.7,0.00051915116,3649.1912072274545
426.8,0.00028232616,3032.003311190289
426.9,7.7151446e-05,3316.8322502382875
427.0,0.0005250917,1279.2240957050751
427.1,0.06824527,1308.4257608711796
427.2,0.031428743,6502.512140644136
427.3,0.040982906,2098.304525077654
427.4,0.03856404,1900.5135501733305
427.5,0.037302006,4876.0207064953265
427.6,0.030141287,4330.313729728898
427.7,0.070376076,2183.0691094696413
427.8,0.0304796,3205.3117116213302
427.9,0.05423881,1656.704320635261
428.0,0.017797166,3153.6679518179662
428.1,0.048564654,1669.587632463923
428.2,0.016725343,7970.989108347616
428.3,0.052966204,1975.2675961436014
428.4,0.048448376,2565.0324558497828
428.5,0.045548446,3102.8589097554986
428.6,0.002035343,2582.779881931285
428.7,0.0048251417,4461.7428186992065
428.8,0.0017948055,3111.28624679736
428.9,0.01329,9488.22249850117
429.0,0.053092655,2569.3514950080253
429.1,0.15829365,1765.169826392702
429.2,0.0074277734,6057.101843362838
429.3,0.04087127,4301.130734878318
429.4,0.07488036,2603.707651912616
429.5,0.04512095,2383.6447210953434
429.6,0.14667736,2141.1050992345345
429.7,0.023109272,3486.071560473228
429.8,0.0019699696,2905.973305511676
429.9,0.003077015,3745.770279072675
430.0,0.0015039407,3008.030267585955
430.1,0.00084545306,3186.709712545159
430.2,9.487449e-05,4541.3608097726865
430.3,0.08685862,2059.623137422585
430.4,0.13408399,1820.1472407478386
430.5,0.024152566,8556.581846772751
430.6,0.08954073,2283.7387744491807
430.7,0.021742402,10326.135925612203
430.8,0.087293014,2681.880021576921
430.9,0.06390256,2571.565973992376
431.0,0.03296409,3753.5033384997964
431.1,0.033878576,8019.690342606727
431.2,0.10357014,1974.362924490782
431.3,0.12184324,2562.3427033447624
431.4,0.11655397,2345.546026734069
431.5,0.017048227,4939.448147316528
431.6,0.048727825,7868.100086585975
431.7,0.03926055,4308.375993638078
431.8,0.0036178464,2962.582336718298
431.9,0.0038806864,3027.378845492097
432.0,0.0021736878,2871.609403427877
432.1,0.0015161015,2556.5654930449264
432.2,0.0008480095,2518.0751260534375
432.3,0.00036016383,2640.719663517143
432.4,0.00010994832,3640.893925462442
432.5,3.7984923e-05,4265.841729046732
432.6,3.0404324e-05,3848.2729971732806
432.7,5.5182707e-05,2758.898650380904
432.8,0.0043610847,6945.3796505445325
432.9,0.032716338,4014.8257210249844
433.0,0.07962838,2683.5572374971516
433.1,0.07090093,2528.2778123512912
433.2,0.056665543,1574.5760172448072
433.3,0.027463172,2215.8193436814063
433.4,0.051301014,1795.371962927302
433.5,0.054334432,1952.74124247287
433.6,0.060984135,2905.754224460752
433.7,0.060179967,1055.405017923413
433.8,0.049091972,2813.6961313691636
433.9,0.0020597961,3188.6329274310783
434.0,0.0026915278,4055.121883857136
434.1,0.0012012667,2391.68094208422
434.2,0.047576826,2530.4547189256027
434.3,0.033340536,5625.534724326407
434.4,0.06347816,2241.933220520687
434.5,0.034341797,2679.8356657883387
434.6,0.012773123,10034.711156046256
434.7,0.020497797,2765.5187958220636
434.8,0.06316143,2490.5588287396263
434.9,0.090736635,2307.161112684584
435.0,0.0006503201,3220.8905222499166
435.1,0.05626478,2248.7721504353835
435.2,0.044139266,1041.3699743226312
435.3,0.04812835,2300.071074953835
435.4,0.0247193,3299.6726527702303
435.5,0.0008072211,2401.497210533207
435.6,0.0015663776,2858.2033247428085
435.7,0.0012753638,2542.379716580287
435.8,0.00089858664,3016.1080039320777
435.9,0.00018645704,3074.727285675968
436.0,7.933145e-05,3161.4629745520288
436.1,7.8535384e-05,3219.813202397945
436.2,0.020430943,8259.552555163436
436.3,0.017764093,7899.514703216172
436.4,0.057759255,1228.1255300701705
436.5,0.04808175,2838.7348579131763
436.6,0.032591082,2204.0664702632885
436.7,0.005018093,5316.867165343378
436.8,0.060493857,2576.731724815565
436.9,0.025738915,3835.6084531352544
437.0,0.04034919,1829.3082738923367
437.1,0.025976848,2027.6632851972079
437.2,0.0013459284,2631.939522072396
437.3,0.0034107317,3482.9437816639297
437.4,0.0021507705,2633.78284049224
437.5,0.0009286144,2208.3503504367895
437.6,0.00012675689,2760.1494545062505
437.7,0.0083074,1446.5245610578756
437.8,0.030788613,2726.154100511206
437.9,0.03327673,3863.206647063137
438.0,0.027504059,5213.631942845679
438.1,0.05595641,2337.5950049172234
438.2,0.019017726,6746.089659464287
438.3,0.056590755,917.7386937962381
438.4,0.038749285,1372.9772398331381
438.5,0.025491327,1918.3514255996856
438.6,0.0005046012,3164.1616629627897
438.7,9.7783246e-05,5014.867240628405
438.8,0.006809179,5150.720898986423
438.9,0.031661324,2435.1022262184024
439.0,0.037595924,1749.9898988833784
439.1,0.028596181,705.7753735887964
439.2,0.007841983,4345.979825553692
439.3,0.006013591,2449.5469910636484
439.4,0.030798845,1168.3967323331478
439.5,0.027341982,2575.3388518538213
439.6,0.033857655,1834.7945645959298
439.7,0.015949313,1473.9942184189676
439.8,0.01772323,2553.320661326447
439.9,0.0039549056,3288.156835521864
440.0,0.00022254002,3276.4277549700614
440.1,0.0010386164,2364.2434362153804
440.2,0.0005389084,4277.18283863225
440.3,0.00041479088,3472.7414887807754
440.4,0.00019615906,2856.4055176065804
440.5,4.7279893e-05,3835.7026018915994
440.6,0.031627104,2447.1679538016415
440.7,0.06665408,2407.872582478841
440.8,0.07284125,2132.8531459446117
440.9,0.07164245,1932.6887676924316
441.0,0.03421995,3412.6174041543727
441.1,0.049831633,2172.00606857117
441.2,0.013148871,2449.547672001012
441.3,0.03866262,3294.9751012007814
441.4,0.037854865,2741.9107289710464
441.5,0.0020941324,1687.011895102901
441.6,0.008147715,4949.275026165264
441.7,0.0058092163,4171.124786078549
441.8,0.0027816545,3013.7896444420244
441.9,0.08075011,2100.230467505076
442.0,0.09123567,2188.5852110089604
442.1,0.064700365,1720.814669730646
442.2,0.0713728,2059.8738051492505
442.3,0.055746235,3179.9557864188414
442.4,0.0112744775,6106.678339862285
442.5,0.09205039,1706.4382732935048
442.6,0.04765191,3085.4552634729425
442.7,0.021890016,7178.423250337149
442.8,0.058503173,2753.4243964915886
442.9,0.07027698,2266.5352383592067
443.0,0.07613754,2105.233984051175
443.1,0.045912664,2227.5565566400205
443.2,0.070033066,1442.8077886402634
443.3,0.024260359,3503.2808574522414
443.4,0.0013821719,2223.384805373606
443.5,0.0033945567,3584.267045942989
443.6,0.0014916374,2566.3281521082317
443.7,0.0003492898,2632.0298088327418
443.8,0.0030773138,3286.1934972809186
443.9,0.1607734,2276.710530368083
444.0,0.0042123664,1615.3399786981922
444.1,0.0958489,1617.8880336019097
444.2,0.026480861,6329.8606358582665
444.3,0.068508536,2971.6053716796896
444.4,0.0050874655,2273.5284210568025
444.5,0.049922474,3281.067557364966
444.6,0.12198609,1745.1771940078693
444.7,0.046087835,4815.987139836476
444.8,0.06947425,863.2409309543433
444.9,0.102183394,2186.859875840786
445.0,0.018308142,2445.7384033784274
445.1,0.052657437,2873.3208301821014
445.2,0.036163133,3921.904227366641
445.3,0.0021178299,2943.870962411147
445.4,0.0058249817,4128.278868313797
445.5,0.0026568782,3146.005976414069
445.6,0.00080848153,2489.130737543782
445.7,0.00031904862,2545.24551344843
445.8,0.00015161137,3043.2874821264413
445.9,8.8943736e-05,3890.3772237934186
446.0,5.895706e-05,3846.3830220660498
446.1,3.0006868e-05,3523.726455128435
446.2,0.00022206696,986.677979246425
446.3,0.008426611,885.746709314969
446.4,0.019947112,868.343661403942
446.5,0.011383294,1020.6922858221594
446.6,0.0052571045,773.7969296804216
446.7,0.009151614,543.8946228930627
446.8,0.0003108898,2004.9384712276576
446.9,0.0001024082,1690.0651481016268
447.0,9.834098e-05,2375.078330794087
447.1,0.0064834035,967.0112750916892
447.2,0.0046296488,6839.063417831563
447.3,0.015641864,2282.227811908184
447.4,0.016675523,1424.0741192535213
447.5,0.0073230583,3829.9942162340767
447.6,0.0037556533,7623.871135837637
447.7,0.0057326374,3188.432757569607
447.8,0.011423313,3636.881275742543
447.9,0.0009931277,2129.4124932529394
448.0,0.00082217687,3622.784526409543
448.1,0.0007407456,3063.8922773214626
448.2,0.00039231774,2811.146936157628
448.3,0.00020211938,3719.4300921740823
448.4,0.052081965,1589.6541625299342
448.5,0.016265363,7575.392815629713
448.6,0.013940474,6120.385991121683
448.7,0.038416628,2430.4062915219806
448.8,0.023933569,3184.096408551552
448.9,0.026040478,1870.896027642341
449.0,0.020900305,2088.894624998517
449.1,0.021333432,2153.363372860981
449.2,0.0051907483,5017.071569442616
449.3,0.025603715,2308.366566564198
449.4,0.002505014,1626.5818236179005
449.5,0.031151645,2295.30552417542
449.6,0.009557133,3696.3407478731942
449.7,0.030775653,2087.519616168961
449.8,0.017966893,1993.13278100983
449.9,0.016417047,2070.5830254546736
450.0,0.012304908,3686.5013392689784
450.1,0.003797427,3434.936544468839
450.2,0.00086328544,1922.1880149269523
450.3,0.00036463368,2735.713212179648
450.4,0.00036748807,2727.0787396217147
450.5,0.0002543715,2418.1721140614113
450.6,0.00012833362,2352.476906580488
450.7,7.132395e-05,2311.8857275149257
450.8,2.788998e-05,2585.581744473031
450.9,0.015768172,2216.660049156532
451.0,0.031108167,700.9740394074576
451.1,0.020096116,1833.9244125368473
451.2,0.028842814,1768.3893946033604
451.3,0.0074922335,2186.4991299577046
451.4,0.019645492,1364.8286427288847
451.5,0.022030279,2240.7584140413637
451.6,0.0034419207,10423.091843326469
451.7,0.020195961,1721.8003160748613
451.8,0.014630406,2961.4171345361087
451.9,0.017464222,3903.6161753351075
452.0,0.0033204127,3425.0488188315007
452.1,0.027508086,1400.2729470280128
452.2,0.020079866,1246.075919875835
452.3,0.012066968,2788.7926231012316
452.4,0.010329116,2557.276830774937
452.5,0.020415144,964.1863008541646
452.6,0.0096197,894.0583183493205
452.7,0.0057177334,1675.1028423211746
452.8,0.0027713557,3107.6631742938202
452.9,0.0024485232,2584.290097694409
453.0,0.00057935365,2014.4223538052615
453.1,9.794445e-05,3424.4716571564854
453.2,7.4555464e-05,2985.978848693065
453.3,4.1168107e-05,2809.3573633300275
453.4,2.4359208e-05,2656.780486493043
453.5,1.7731998e-05,2431.0977938030364
453.6,5.2938803e-06,3340.930515425878
453.7,0.0001940224,2525.1583646664776
453.8,0.0012802191,8146.3975407584185
453.9,0.0050506783,1086.0669697537573
454.0,0.00621263,2526.0928017844744
454.1,0.005793592,7166.950200498854
454.2,0.010920325,2390.963208330865
454.3,0.01653783,887.6589019945368
454.4,0.0059830416,2695.3215292452187
454.5,0.005562386,2648.0411556909276
454.6,0.0030140162,2141.021377130632
454.7,0.00034865635,2131.280202729215
454.8,9.119082e-05,3395.0495286643322
454.9,8.377184e-05,2898.8052651824964
455.0,6.4595195e-05,2450.8343694865575
455.1,0.00025419818,2249.6203190588963
455.2,0.0005526735,2368.6882459969925
455.3,0.00038900838,2304.5224889590822
455.4,0.00028022978,2312.7562192104597
455.5,0.00014348057,1960.592553096631
455.6,6.127629e-05,1962.9385827421295
455.7,2.1731126e-05,2407.650071132769
455.8,5.3984995e-06,3581.4623559695106
455.9,6.032465e-06,4100.007600575854
456.0,7.2001235e-06,3378.1700770816183
456.1,7.56231e-06,3002.014437790651
456.2,0.0020455376,3034.3094078707554
456.3,0.02464952,2517.025736902073
456.4,0.010448015,10919.534449144669
456.5,0.021940174,2968.1391377490922
456.6,0.0051875818,3051.0401786530947
456.7,0.0022134513,3047.3241097025593
456.8,0.0009392214,2532.267630149244
456.9,0.00010264627,5773.179097487623
457.0,0.011056727,7029.007810431831
457.1,0.030026596,2652.90797141386
457.2,0.016272476,3360.126086429695
457.3,0.04344709,2026.7258959184041
457.4,0.0040419395,5540.9301051433395
457.5,0.030389408,3256.321910055529
457.6,0.041278634,2559.359929141331
457.7,0.06651195,1880.0791164869402
457.8,0.031606123,2016.3444556981065
457.9,0.027259946,1500.962711480039
458.0,0.010298682,3963.252060425688
458.1,0.02145082,3241.8443881182893
458.2,0.023190945,2542.702692022316
458.3,0.03245167,1373.1472785937162
458.4,0.0015797701,2314.312636129047
458.5,0.022914495,2535.6765462640697
458.6,0.017759707,2460.4788129079666
458.7,0.009933761,3764.141596181041
458.8,0.0008069923,2889.0621065280216
458.9,0.0014647889,2903.682334020724
459.0,0.000812662,2859.253993480773
459.1,0.00036051744,2512.580892692239
459.2,0.00021737075,2629.237659110312
459.3,6.365415e-05,3881.056605325415
459.4,6.001161e-05,2654.052962743727
459.5,0.017041098,665.8988368188976
459.6,0.027020935,2735.7327867882204
459.7,0.042422507,2612.011138982133
459.8,0.041913565,968.5492719061119
459.9,0.027074456,2291.1093226597422
460.0,0.028743166,2320.6057397334234
460.1,0.026469978,2785.044040973583
460.2,0.012544226,7905.175686881614
460.3,0.0182425,2091.484622643799
460.4,0.0005346658,3817.7181875897436
460.5,0.008593828,2374.547339839332
460.6,0.015329788,2533.8453855590174
460.7,0.0075865854,3345.842386007691
460.8,0.0008126246,2293.2102338490386
460.9,0.0005821257,2921.737246046349
461.0,0.0011294151,2919.7246692239
461.1,0.0005635638,2452.7258635940975
461.2,0.00018220772,2432.3388350477876
461.3,7.739728e-05,2617.846104234973
461.4,2.5117502e-05,3366.174081230491
461.5,1.5251826e-05,3178.492596258501
461.6,0.0026809664,1774.8217695369087
461.7,0.014124959,1525.0643759517368
461.8,0.016346274,1554.4949644349024
461.9,0.025147028,3409.3444418737026
462.0,0.012317922,3369.2457077262743
462.1,0.016432265,905.3223591449078
462.2,0.013879781,848.4311097547177
462.3,0.01406376,940.7113248171124
462.4,0.014507767,1442.9877463198222
462.5,0.005679033,2799.9047561416346
462.6,0.00094601064,2096.313750395714
462.7,0.0006212653,2394.068930443535
462.8,0.0064014364,4285.178642737679
462.9,0.005428419,4181.3332709037895
463.0,0.003138979,3881.4738358569916
463.1,0.00068579975,2570.7946213288474
463.2,0.00013018235,3884.692804042188
463.3,3.759076e-05,5692.039394408141
463.4,2.7051343e-05,5443.477290711251
463.5,0.0069692014,3987.081151081423
463.6,0.019723082,3791.9922671792574
463.7,0.007949159,4199.966322450115
463.8,0.0032442077,3930.0198959754607
463.9,0.005781056,4388.046432143141
464.0,0.0118064685,2436.5276568397912
464.1,0.008781765,1743.0875542427884
464.2,0.0064731645,2390.1387854062036
464.3,0.019749781,2481.859012788373
464.4,0.014041488,2676.645503478933
464.5,0.010368326,2693.692087209582
464.6,0.009212662,2825.2591636414923
464.7,0.010029876,2960.443856320111
464.8,0.007874852,3071.5416958962414
464.9,0.002228917,2376.055998444187
465.0,9.231764e-05,4940.36612301418
465.1,8.833725e-05,3831.604448390982
465.2,4.4527344e-05,4285.689377044293
465.3,3.5705867e-05,3596.5646035890136
465.4,2.3428549e-05,3521.964665755039
465.5,1.528642e-05,3479.555189162672
465.6,9.843263e-06,3309.213336450041
465.7,0.00025616592,3650.98674773963
465.8,0.0021242276,10211.70672938834
465.9,0.0013759471,6725.096676507084
466.0,0.0021269703,3828.6879856103683
466.1,0.006045243,1527.577394705067
466.2,0.006291176,1583.7005625297786
466.3,0.011507671,1871.7307007504533
466.4,0.004161373,3211.283034200577
466.5,0.0028486724,2868.0657609882273
466.6,0.0008554202,2358.871712434574
466.7,0.00014668325,2984.3767311044294
466.8,3.9276867e-05,4096.287538486804
466.9,3.320637e-05,3897.950596724285
467.0,2.7999176e-05,3159.4180158901077
467.1,1.8082499e-05,2854.4578377593084
467.2,1.1359987e-05,2757.715859612389
467.3,6.412004e-06,3471.216123674055
467.4,1.549565e-06,6031.109675742422
467.5,2.1710393e-06,6160.029969867805
467.6,6.3620886e-05,1068.638161177669
467.7,0.010152736,2773.285840653645
467.8,0.0065640025,3617.743838642416
467.9,0.0059779915,8090.302097209134
468.0,0.0017660526,6383.626489309416
468.1,0.029858187,2132.79507091184
468.2,0.0147331385,2620.3764687322528
468.3,0.0033282205,3389.702265975935
468.4,0.00867716,2245.8856450589474
468.5,0.018850455,1921.1466621604463
468.6,0.0042244447,3286.8792330633773
468.7,0.0009629035,2871.956304134445
468.8,0.00013149748,4000.6239688784426
468.9,2.3787123e-05,4362.15072961664
469.0,1.3198047e-07,9657.521851346177
469.1,1.3056786e-07,9848.640650518086
469.2,1.2771348e-07,9847.435601581608
469.3,1.2790755e-07,10022.029534601294
469.4,2.148348e-05,1842.1481772186999
469.5,0.0016923685,1138.3437745990916
469.6,0.0019398525,3017.515373315787
469.7,0.00033117962,2292.7084115334073
469.8,7.247464e-05,3172.5517009770733
469.9,4.2922427e-05,3160.4302917943423
470.0,2.353889e-05,3544.2353795364297
470.1,1.1900386e-05,3388.690051546508
470.2,5.3297854e-06,4022.358688194494
470.3,3.5182698e-06,5054.375520942861
470.4,1.8058445e-06,5867.639991140144
470.5,1.5749984e-06,6471.262611531038
470.6,4.9858236e-06,6012.562865915661
470.7,1.7872977e-06,6597.417797239455
470.8,1.4432229e-06,6889.84558407182
470.9,1.3389554e-06,7135.035865705751
471.0,1.063738e-06,6787.98511230694
471.1,9.592242e-07,7637.027031379372
471.2,1.0212506e-06,7237.438375375143
471.3,1.4293415e-06,6339.445312599909
471.4,1.128397e-06,8942.320625382137
471.5,1.2089321e-06,6919.785863859219
471.6,1.4010984e-06,6628.982882063561
471.7,8.462881e-07,6990.829300610058
471.8,1.2363668e-07,9872.010086285436
471.9,1.252375e-07,10022.332496299316
472.0,1.2490489e-07,9902.67841691016
472.1,7.0280674e-07,6592.444512294365
472.2,2.4972328e-06,4847.325566687898
472.3,8.8707503e-07,6377.8934665270535
472.4,3.7157058e-06,3804.4849303078054
472.5,0.00040254174,1924.912156893712
472.6,0.00091994443,5097.888663812143
472.7,0.0047509125,2561.255168168821
472.8,0.00013565582,3851.2241661700627
472.9,7.173828e-05,3731.1126315627807
473.0,4.339754e-05,3487.650824899789
473.1,3.0544426e-05,3043.173028679669
473.2,1.0055466e-05,3735.0910524321416
473.3,3.4247096e-06,4515.005348265311
473.4,1.3333344e-06,5067.611426462121
473.5,7.0911256e-07,6791.486171687142
473.6,2.3128507e-06,4896.751996947271
473.7,4.6383952e-06,3650.779521198445
473.8,1.4111781e-06,5389.886742837451
473.9,1.1610199e-06,5927.467426949319
474.0,9.152615e-07,5811.726230053906
474.1,3.9095994e-06,3924.644242350598
474.2,8.923548e-07,5812.42930790398
474.3,1.1014888e-06,6130.795524843355
474.4,9.43897e-07,6740.114941042203
474.5,4.5543648e-06,3508.1648991043853
474.6,3.2747426e-05,911.1875263932103
474.7,4.6572677e-05,814.2034877175157
474.8,2.4125782e-05,1240.5657151510118
474.9,0.000423268,8613.817948333815
475.0,0.009044846,7103.4176868010045
475.1,0.0018219665,3059.059195462953
475.2,0.004471903,4500.74579805411
475.3,0.010903181,1151.767272187898
475.4,0.011142169,2508.181566062596
475.5,0.010046267,1590.8697547813736
475.6,0.005943516,3295.75143813937
475.7,0.0025953923,3316.8499010184555
475.8,0.0012878898,3299.6937668658347
475.9,0.0004959121,2375.0209007998656
476.0,0.000110670124,3506.1567227738406
476.1,6.691152e-05,3192.639757407843
476.2,4.4113884e-05,2572.38064538458
476.3,1.8659986e-05,2454.4261578704018
476.4,8.65076e-06,3040.003139692043
476.5,2.6330865e-06,3894.9054156036054
476.6,8.577238e-07,6256.900910111948
476.7,9.018714e-07,6306.434739366824
476.8,0.0005446747,5465.186356217213
476.9,0.007959994,7332.352672343422
477.0,0.010693792,1120.9362522808924
477.1,0.008201156,1880.2561512044847
477.2,0.0062157228,3278.3510870308337
477.3,0.011581889,8004.468576303579
477.4,0.0052066115,7712.395524212763
477.5,0.00701281,3299.8072831943637
477.6,0.009839128,3182.270533363787
477.7,0.0032184983,3902.3895932796113
477.8,0.004989272,3178.725648551038
477.9,0.0014419315,3487.117111886379
478.0,0.00020303296,3138.785261199905
478.1,6.558589e-05,4463.645007781562
478.2,0.00014601384,2699.182291284468
478.3,0.00023586577,2214.0649892696065
478.4,0.0002297459,2077.0718607834688
478.5,0.00016528074,1884.598384868561
478.6,9.097276e-05,1781.3008403290921
478.7,1.31851075e-05,2072.809867959463
478.8,0.0023481585,8314.563594356357
478.9,0.017033817,2223.2394119753912
479.0,0.02100008,1631.2389908856626
479.1,0.023530925,1966.0484136616965
479.2,0.0034364273,4538.24570450917
479.3,0.0090280175,3851.7458129397614
479.4,0.016011097,2470.840619881155
479.5,0.009385183,2564.5590101734315
479.6,0.018662525,2739.924772475003
479.7,0.022742515,1954.1823705504903
479.8,0.009214916,6723.983278245957
479.9,0.017122077,3384.870541173158
480.0,0.0075776684,9286.90232389998
480.1,0.010779191,3506.1881816408145
480.2,0.008997591,3010.1664896064967
480.3,0.0001452851,5300.896019519088
480.4,0.0070447642,3269.484092879776
480.5,0.0021870239,2510.5402651648574
480.6,0.0013205768,4139.151487243252
480.7,0.00033057763,2994.852821118816
480.8,6.98828e-05,3825.493139276372
480.9,5.99928e-05,3539.9742493935437
481.0,3.246366e-05,3777.3965839890507
481.1,1.0867032e-05,3662.1099289244867
481.2,3.655128e-06,4115.297057543432
481.3,7.585294e-07,6176.068024316286
481.4,1.2824465e-07,10150.476019731188
481.5,1.2665123e-07,10045.524078903578
481.6,1.2402353e-07,10027.37797036636
481.7,1.2295935e-07,9980.827915368056
481.8,1.262073e-07,9863.266370501944
481.9,1.325613e-07,9840.5999435259
482.0,7.2697156e-07,6216.162620431309
482.1,1.2448782e-05,1939.7543348177087
482.2,1.2517075e-06,5732.19199617224
482.3,9.920263e-07,5782.709157633168
482.4,7.2998955e-07,6438.295508654321
482.5,1.7878256e-06,5569.27078702898
482.6,0.00014961703,13095.379072585285
482.7,0.0033970748,2409.3805506337962
482.8,0.0099277515,7630.943519122538
482.9,0.004108973,6679.512648493062
483.0,0.0073669218,2365.6022081812675
483.1,0.0034766432,3712.2011856068475
483.2,0.0010496163,2677.5131772063983
483.3,0.0001264118,4040.8933978666814
483.4,0.000103243845,4215.964176408333
483.5,6.81035e-05,3772.6593613702485
483.6,8.2149476e-05,3244.430928384481
483.7,3.1137093e-05,3315.0218962755666
483.8,2.7339049e-05,2453.528411360515
483.9,1.3105142e-05,2473.006623783346
484.0,2.6535707e-05,1732.1624058087593
484.1,0.00011552954,3304.0244037304565
484.2,0.0040800693,1718.5994554413683
484.3,0.005979539,1214.5825029853418
484.4,0.020227758,2263.0644927607004
484.5,0.013194248,2528.376623359168
484.6,0.012157633,2193.505696086135
484.7,0.011945618,1623.0174004022529
484.8,0.009181707,7645.968696151482
484.9,0.021222442,2047.3592950826205
485.0,0.014917403,1885.0101416982925
485.1,0.0035237987,3805.5157510753133
485.2,0.006588489,1898.2052519433532
485.3,0.0025666382,4083.8591800953573
485.4,0.0120964255,1716.4646678920449
485.5,0.003283702,1405.779734326727
485.6,0.007041639,2544.5104859280755
485.7,0.0052539334,2151.148747832335
485.8,0.0043667792,7734.239062056251
485.9,0.0055637266,11466.732923305779
486.0,0.0019340692,9742.228966246392
486.1,0.00010489803,6232.547762016521
486.2,0.00011877921,5054.807763184196
486.3,7.938587e-05,6199.764715677285
486.4,5.77612e-05,6907.722653543971
486.5,3.7461294e-05,7390.684574273313
486.6,2.8181792e-05,8565.996539630052
486.7,1.8650171e-05,8498.423390253809
486.8,1.861487e-05,5001.935359089917
486.9,2.4387917e-05,2380.929149977236
487.0,5.0267678e-05,674.0620289575193
487.1,2.6568403e-05,1443.227960329968
487.2,1.5873076e-05,1857.525056141893
487.3,1.2358757e-07,9986.882439678426
487.4,1.2636642e-07,10146.8304359184
487.5,1.2755325e-07,9942.39754592802
487.6,1.282554e-07,9911.234317096629
487.7,1.2824924e-07,10061.096393016871
487.8,1.2238424e-07,9979.721214042787
487.9,1.2655772e-07,9792.304754297355
488.0,1.2723736e-07,10125.53490173383
488.1,1.2536701e-07,10044.846245650157
488.2,2.0850214e-06,6005.630160145306
488.3,8.563808e-06,3426.627454473297
488.4,4.5297755e-05,978.3468383918444
488.5,0.0040067076,3047.7555702939953
488.6,0.008365326,6826.767453796883
488.7,0.007634803,6632.485560632824
488.8,0.01105896,3074.455885727114
488.9,0.009817859,7954.6649968233005
489.0,0.0038726095,4140.157219745007
489.1,0.0019986525,3406.484947057619
489.2,0.0029778662,5139.4079438247445
489.3,0.00013903852,5366.925183949899
489.4,0.0001029917,6706.63690992205
489.5,5.4396773e-05,6045.7028384900805
489.6,3.4533707e-05,6742.294955995191
489.7,1.802932e-05,7184.470466799701
489.8,9.923754e-06,7048.938551215985
489.9,4.63229e-06,6093.088520553285
490.0,1.0758635e-06,6556.762972992539
490.1,2.6122267e-05,1219.2590398922327
490.2,6.8032605e-05,2491.4569449615196
490.3,0.005982301,1241.7770077166374
490.4,0.009190049,2953.8809215840797
490.5,0.018955044,2373.4118356942568
490.6,0.021339754,624.9536906930305
490.7,0.0014613541,3215.4441965767555
490.8,0.00017264698,3684.327667748228
490.9,7.847913e-05,4698.997639246221
491.0,5.9387028e-05,4158.0059565925485
491.1,4.8628666e-05,3458.9621878614244
491.2,5.290977e-05,2225.2686528932422
491.3,3.4202214e-05,1794.5028275204147
491.4,1.7040566e-05,1809.2836575609945
491.5,0.0042772773,4426.6973121451865
491.6,0.009510943,3026.615397544994
491.7,0.02353424,8523.420551970094
491.8,0.027462326,8158.968155356446
491.9,0.0066485107,4191.382251749948
492.0,0.0071371463,1983.0540642026624
492.1,0.00019135897,5352.938543795979
492.2,0.00016341214,4311.366393285437
492.3,8.7200024e-05,6036.928676814841
492.4,6.276946e-05,5934.039754483856
492.5,1.3695046e-07,10001.618474605599
492.6,1.2778327e-07,10291.717540468828
492.7,1.2535212e-07,10056.867958100203
492.8,1.2651468e-07,9868.003846095395
492.9,6.679709e-07,9017.369427301184
493.0,6.956418e-06,4150.80133376269
493.1,4.663944e-06,3539.559709112029
493.2,4.6155815e-06,4292.494849640438
493.3,1.8733508e-06,5822.3801651887925
493.4,0.00024485035,6694.177976523381
493.5,0.009396199,8591.897306047438
493.6,0.007021372,8363.361410940766
493.7,0.0050557135,2350.3415482848995
493.8,0.014414836,2458.819559164189
493.9,0.0021862858,1707.0566559784731
494.0,0.009965107,4452.267583797209
494.1,0.0005150269,3817.6891372181726
494.2,0.00012347844,5831.247894948664
494.3,9.9452096e-05,5974.910942143145
494.4,7.750842e-05,5430.380050204687
494.5,4.4525626e-05,5962.4463440951
494.6,4.2202497e-05,4664.189998078434
494.7,2.6562255e-05,4029.5334879153347
494.8,5.8907965e-05,3189.7160174424453
494.9,7.936652e-06,3424.906557460845
495.0,0.00031591472,4045.4743633368203
495.1,0.007675287,7993.116718605195
495.2,0.0029310146,6565.4072345265695
495.3,0.00480944,4423.511698751211
495.4,0.02939639,1589.0952390972143
495.5,0.021244973,1275.8645292115266
495.6,0.0041330983,1002.7448127127066
495.7,0.00010131205,4566.397580989507
495.8,9.656963e-05,3609.564066030711
495.9,6.895415e-05,3300.491603951149
496.0,5.4849115e-05,2567.8064661717103
496.1,4.3671705e-05,1836.5748122667055
496.2,3.6728226e-05,1339.9915289762107
496.3,1.8331619e-05,1192.297702323238
496.4,1.2657149e-07,9972.748083367675
496.5,1.2746273e-07,10088.764950179399
496.6,1.2991204e-07,9972.432729621141
496.7,1.2478411e-07,10031.989294005263
496.8,6.147805e-07,6773.218552510761
496.9,7.6964005e-07,6409.133810287683
497.0,1.8196633e-06,5115.872712147364
497.1,5.3893444e-05,3503.5508939108954
497.2,6.8711574e-06,3836.513710300529
497.3,0.0014215237,2852.6637288288975
497.4,0.016233481,4731.681219047918
497.5,0.0053901174,4616.036099495936
497.6,0.002880769,3676.5089887008216
497.7,0.00024166358,4816.68484639748
497.8,0.0092492085,4599.841922726067
497.9,0.019113215,4988.439436450656
498.0,0.038766082,8327.205036246498
498.1,0.028751247,2489.2809843639043
498.2,0.02505655,3432.2150123109996
498.3,0.005406707,3676.938432623932
498.4,0.000490108,3072.231592527294
498.5,0.00010600636,5849.876653383974
498.6,9.077091e-05,5422.282171170344
498.7,0.00011317177,4490.305297976711
498.8,7.597803e-05,4884.8973779475555
498.9,3.3963162e-05,5610.338192174111
499.0,2.0911933e-05,5488.3129940278095
499.1,1.730967e-05,4898.889481552878
499.2,0.022497436,7744.326916996808
499.3,0.020891625,8655.79162377584
499.4,0.074532464,2217.371034342794
499.5,0.113069564,2123.2575975045484
499.6,0.016485304,9694.014130807393
499.7,0.029562525,2144.3468242210192
499.8,0.025125576,2640.581701676899
499.9,0.0008598957,3172.148019335821
500.0,0.00013745311,5589.402026871048
500.1,9.910847e-05,5649.496234415123
500.2,9.843306e-05,4750.905448682119
500.3,7.798395e-05,5202.293911854103
500.4,5.023671e-05,5357.571267809924
500.5,4.4352124e-05,4867.718593803814
500.6,2.9623168e-05,3479.2877014000296
500.7,8.354661e-06,3680.56993283201
500.8,4.922068e-06,3638.4540516845645
500.9,5.2075284e-06,3484.042471208068
501.0,7.1007607e-06,5476.913934646814
501.1,0.031040948,4622.1222682177195
501.2,0.0046810335,10251.935693074123
501.3,0.053782046,1604.2200225932854
501.4,0.11003724,2696.9566881253836
501.5,0.016599914,8693.901432714569
501.6,0.026513789,1772.1212706771987
501.7,0.013175847,2576.1105776243116
501.8,0.00022939226,4145.326654738487
501.9,0.000112257476,5274.392462641415
502.0,9.9920326e-05,5385.269996834551
502.1,8.5545435e-05,4759.8000512457365
502.2,8.287164e-05,4421.179452813606
502.3,4.3300606e-05,4048.205901703493
502.4,3.3207107e-05,3229.473242655881
502.5,2.6749996e-05,2876.867125980389
502.6,1.684007e-05,2679.908168744576
502.7,0.00079064036,2193.7534827225913
502.8,3.764118e-05,2700.073271111341
502.9,2.6685933e-05,2624.319570099291
503.0,0.0067159114,4545.68810721346
503.1,0.0013557852,3060.6784889543096
503.2,0.013018134,2393.717291101444
503.3,0.020013174,4081.0162774805285
503.4,0.0016410169,3049.818979834785
503.5,0.00012119114,5458.005452380422
503.6,9.74024e-05,5076.211774495125
503.7,0.0032047853,2054.460119782505
503.8,0.0018272199,5554.913479116027
503.9,9.283447e-05,4901.239452295258
504.0,5.6939116e-05,5093.2318537412775
504.1,3.8209633e-05,4828.895650157996
504.2,2.7521413e-05,4229.768454122075
504.3,1.8943374e-05,3289.323424914575
504.4,1.2041572e-05,3782.171374609007
504.5,6.957676e-06,2859.5573331638584
504.6,0.0008509668,3288.127698463985
504.7,0.016227206,5872.602674813671
504.8,0.0109134205,4907.864039981145
504.9,0.0003598714,3670.3142191803154
505.0,8.272357e-05,6023.344459282107
505.1,5.2903113e-05,6409.942731748546
505.2,0.011644837,884.9558647776641
505.3,0.10559613,2881.9622896972473
505.4,0.10973358,1472.2153386009793
505.5,0.027673852,5645.546003560411
505.6,0.02804167,2365.032263607059
505.7,0.042899203,7248.4422708620095
505.8,0.07442422,4228.661676032441
505.9,0.18518613,2493.925344932953
506.0,0.23889324,2354.717406309844
506.1,0.07853311,7835.154966317094
506.2,0.033910606,1653.7157390254133
506.3,0.11123141,1962.1164917330686
506.4,0.19586697,2261.1659098544214
506.5,0.009444536,7439.345193298289
506.6,0.20353141,2617.993934288024
506.7,0.26041806,2055.578113178109
506.8,0.12474174,1586.3401870148705
506.9,0.118232235,2743.48259842062
507.0,0.011077059,10890.515717997421
507.1,0.016289277,4266.1150868031145
507.2,0.0011869745,3763.929306129676
507.3,0.000101778,5872.088675796296
507.4,7.192986e-05,6376.493486740148
507.5,7.7117824e-05,6527.742276617686
507.6,5.6280445e-05,6736.721820964353
507.7,4.501032e-05,6504.102257887842
507.8,3.9555063e-05,5969.604377321947
507.9,3.887958e-05,4922.958087894747
508.0,2.005511e-05,4007.7829253478794
508.1,2.2540496e-07,9147.83661995145
508.2,1.285657e-07,9910.004897341216
508.3,7.098763e-07,6545.86268680621
508.4,1.0128574e-07,9769.831279017708
508.5,1.0103982e-07,10143.04311295537
508.6,9.65507e-08,10012.96336869918
508.7,1.1547521e-06,6562.376841106599
508.8,1.5806197e-06,6905.815907789969
508.9,1.2088411e-06,7434.553798199702
509.0,1.4658663e-06,7242.878154224711
509.1,3.5086157e-06,5112.444959964501
509.2,1.3732988e-06,6910.17822508618
509.3,1.427177e-06,7336.310430352524
509.4,3.6672358e-05,8906.347935583704
509.5,7.4275713e-06,6791.184950540906
509.6,0.007183206,3330.2160537239383
509.7,0.01450003,6102.457987159944
509.8,0.01680656,8144.46361291175
509.9,0.032603446,5299.016929035817
510.0,0.021329965,5515.488375344716
510.1,0.028492637,2378.5221755805487
510.2,0.003990724,8279.557746664768
510.3,0.008057441,1074.191105979517
510.4,0.014355017,1708.5589362116068
510.5,0.0013189497,3192.709497392178
510.6,0.00010464089,5183.903361889991
510.7,9.976132e-05,5464.538732659769
510.8,7.230822e-05,5225.481284176393
510.9,5.3180192e-05,4997.064559378234
511.0,3.486072e-05,4166.949143190976
511.1,3.1516458e-05,2661.293379850439
511.2,1.8079409e-05,2375.716927938087
511.3,1.1710037e-05,2474.615813311531
511.4,4.271118e-06,3697.4876743030272
511.5,3.2025373e-06,4743.017838272774
511.6,1.0396965e-05,2542.0499404305647
511.7,1.8245533e-05,1955.0960776345657
511.8,3.913278e-06,4134.239919552838
511.9,1.0129038e-06,7142.29209342735
512.0,1.0816118e-06,8340.95035660546
512.1,1.0911472e-06,6863.390917651424
512.2,0.0029757754,660.5897537839019
512.3,0.040131073,1460.1617689903992
512.4,0.0589257,1928.8373989611373
512.5,0.08214201,1881.8503596616777
512.6,0.012902729,8439.288164423264
512.7,0.05655541,1981.1035130526438
512.8,0.037647247,2106.5311743677153
512.9,0.009034076,7408.9805127380605
513.0,0.0012478884,6538.762332332565
513.1,0.009087885,4863.722874457153
513.2,0.023908494,2668.9301443882964
513.3,0.010547611,8000.580842204947
513.4,0.006659449,10930.62959139131
513.5,0.00050292513,6886.892248642451
513.6,8.2834646e-05,7248.765348861356
513.7,6.066484e-05,7354.921189776542
513.8,4.384946e-05,8023.00040517201
513.9,3.3954162e-05,8207.311626988336
514.0,2.6744327e-05,8320.705430435468
514.1,1.0756523e-05,8280.286608223578
514.2,9.983574e-08,10189.165159649952
514.3,9.639467e-08,9860.846394723618
514.4,1.1006409e-05,8708.978697917682
514.5,1.5372714e-05,8430.257903296966
514.6,7.885093e-06,9234.572277852443
514.7,1.1785972e-05,5014.491688805608
514.8,1.1020602e-05,3287.1248210057643
514.9,2.8236194e-05,1818.4476049932723
515.0,9.719954e-06,3700.0806746915414
515.1,6.9105795e-06,3904.352490432215
515.2,3.094925e-06,4980.402586739419
515.3,3.2562748e-06,5489.411816652742
515.4,0.007146818,3936.662202941471
515.5,0.03851916,2660.434737237396
515.6,0.02263454,8569.688854772945
515.7,0.03567527,2594.576280188932
515.8,0.025493247,3313.3891016236266
515.9,0.0065903496,3961.0512287998563
516.0,0.00047024386,3284.619674225179
516.1,0.00012657008,5740.055675167616
516.2,0.00012040802,5474.042860088886
516.3,8.969068e-05,4805.867892171331
516.4,8.7773326e-05,4186.46103272714
516.5,8.585044e-05,3574.970478981177
516.6,3.699575e-05,3697.7142040143913
516.7,1.9020757e-05,3959.384006725102
516.8,0.00017600565,2154.1851771451866
516.9,0.0048200455,6080.898047601024
517.0,0.008562058,3905.18733509749
517.1,0.029221805,3011.0525767452364
517.2,0.008227097,4506.905367557381
517.3,0.010100765,6241.428895170792
517.4,0.0031610227,9007.163806562823
517.5,0.032513883,2018.8302674883105
517.6,0.004215764,3222.149660040403
517.7,0.0011294135,4281.897671399151
517.8,0.00014932636,5306.315690416499
517.9,8.898666e-05,5462.259273328362
518.0,7.039974e-05,5348.43207097095
518.1,6.752939e-05,4173.8317700262605
518.2,4.987804e-05,3800.6988529744094
518.3,2.281762e-05,3364.148856370788
518.4,0.00036025746,3028.6548699259715
518.5,0.018667325,5126.812038144692
518.6,0.009699378,1799.2803769400982
518.7,0.062443394,2105.910255782389
518.8,0.07536132,2364.693988682082
518.9,0.031707764,8316.725500964589
519.0,0.054743875,2790.7438167899395
519.1,0.06593815,3325.9974807759822
519.2,0.0028308704,2549.2060082124085
519.3,0.0003962142,4291.535650089599
519.4,0.010468419,3990.2149476832674
519.5,0.005405144,3838.0766030542245
519.6,0.0019338825,3254.8111105821795
519.7,0.00043682667,3067.1747331644774
519.8,9.904689e-05,4757.230482407715
519.9,0.00042759086,2531.490097849151
520.0,0.028672297,4350.561881370786
520.1,0.029861936,6394.893489464616
520.2,0.07951979,2603.8597005837114
520.3,0.04384869,4161.31375463254
520.4,0.06274205,3684.7270011503797
520.5,0.12042866,2068.7656294809485
520.6,0.07600322,1858.1458886938765
520.7,0.06309113,1706.1487312695488
520.8,0.03848135,2405.8832523167525
520.9,0.15749888,2111.6581695737177
521.0,0.03096126,1225.9231457944065
521.1,0.037176806,3259.840423402005
521.2,0.02784016,2272.0279068565906
521.3,0.021184107,1414.7917717057667
521.4,0.04153497,3267.381062402497
521.5,0.012945574,10646.391726215386
521.6,0.022428794,1883.2028139046647
521.7,0.039034773,2551.9831938751972
521.8,0.012399325,3695.7170263001763
521.9,0.00023764692,4128.231050152304
522.0,0.00011509322,5596.915900786581
522.1,9.3954564e-05,5413.290951188372
522.2,0.000127256,4269.657574781503
522.3,0.00010544256,4003.4693002850945
522.4,0.000101786405,3660.864640849277
522.5,7.516924e-05,3172.424937247112
522.6,5.107543e-05,2800.3346846251106
522.7,4.2110667e-05,2776.740944303473
522.8,1.0253592e-05,3119.777751207499
522.9,0.00013561545,2674.0164333043585
523.0,0.0002136686,2178.9006317928606
523.1,0.024867656,956.4456460156706
523.2,0.007272479,5298.704695666349
523.3,0.019159697,4004.9271165353566
523.4,0.042195898,3311.107157701846
523.5,0.08753786,1976.4015044867024
523.6,0.034377974,2630.9856073777637
523.7,0.07415977,1865.3193302767127
523.8,0.043772884,1155.9167424418556
523.9,0.06769667,2179.682573677074
524.0,0.009302139,10366.283371600239
524.1,0.0033602223,3901.7672397485394
524.2,0.028697357,2073.4995750285657
524.3,0.008720478,3741.673821971048
524.4,0.00019682458,4782.850461132259
524.5,9.667638e-05,5780.204074929339
524.6,6.3792155e-05,6296.863364776324
524.7,4.5654146e-05,6334.805296898765
524.8,4.3166096e-05,5304.516758700424
524.9,3.708589e-05,4679.862111343932
525.0,2.5705516e-05,3889.4919518506235
525.1,1.5302921e-05,3877.4380708951953
525.2,7.3347323e-06,4222.561572003238
525.3,2.6919322e-06,5396.036273539552
525.4,9.113153e-07,5661.180894205703
525.5,9.873902e-08,9999.908096473508
525.6,9.784298e-08,10029.572585418648
525.7,9.965682e-08,10018.618424517648
525.8,9.953636e-08,9845.618261600088
525.9,9.7166584e-08,9776.419859206962
526.0,9.4616155e-08,9929.056050988838
526.1,1.6411066e-06,6627.384966736432
526.2,1.5763102e-06,7082.5392703700745
526.3,9.86218e-07,6879.9925976062605
526.4,4.9771993e-06,4185.733036619974
526.5,1.4706575e-06,5575.432419106321
526.6,2.79904e-06,5327.171851081181
526.7,6.805034e-06,4438.9194750437655
526.8,8.842683e-06,4373.273311354111
526.9,5.672354e-06,4060.000277573108
527.0,2.637106e-05,3238.4262269819055
527.1,6.8461435e-05,3126.522357009428
527.2,9.7075994e-05,3123.9827158523585
527.3,0.00012319034,3351.015637457443
527.4,9.016745e-05,1794.840185911407
527.5,8.502398e-05,7134.252071714882
527.6,0.005155308,4708.591061519279
527.7,0.0072875875,1268.8759433808516
527.8,0.007036408,3906.478365109415
527.9,0.0002675915,3980.2605076283
528.0,0.00011232141,5734.096931240247
528.1,0.019422276,2138.249020829404
528.2,0.0101979505,1410.5983018862114
528.3,0.027964022,2469.3939418018135
528.4,0.027280802,2026.0660312433183
528.5,0.0105217295,1274.3363976380806
528.6,0.0031618474,3384.6266697858973
528.7,0.00025978126,3448.2335626529725
528.8,0.0028669534,4157.259602186076
528.9,0.0026332007,3770.2801118591433
529.0,0.0008873962,3171.700640537892
529.1,0.00051752495,3736.5401341909474
529.2,0.049629454,1486.1447349682398
529.3,0.012264328,1309.9504753840172
529.4,0.04347791,4594.487645666479
529.5,0.094826855,2833.4584506765596
529.6,0.0143979,1406.0961372719053
529.7,0.031246236,2476.0397362728772
529.8,0.0034936783,2421.8142708233036
529.9,0.017761545,2106.7019555435995
530.0,0.063897,2461.6950396361417
530.1,0.098404214,3621.201555888911
530.2,0.035236735,4132.402165564104
530.3,0.0048364005,5170.503639513735
530.4,0.024193607,2520.2011731438056
530.5,0.0035521812,3757.506971135609
530.6,0.00019340432,4698.808178232899
530.7,7.723355e-05,5899.3947649596885
530.8,5.4003864e-05,6434.10794045846
530.9,4.225333e-05,6005.107077597875
531.0,3.5011097e-05,5326.21855446478
531.1,3.03013e-05,4045.490289747011
531.2,2.0416142e-05,3545.9276531196288
531.3,2.244517e-05,2849.0240267324775
531.4,2.3490915e-05,2844.5728742795864
531.5,4.8817703e-05,2669.079623030565
531.6,4.819285e-05,2839.669589960282
531.7,5.6086807e-05,3046.474910743363
531.8,6.0598853e-05,2488.0867849979445
531.9,2.3382692e-05,2050.511416921366
532.0,5.3648364e-06,3378.7318046785103
532.1,2.228684e-06,5207.856246315698
532.2,1.0425777e-05,5004.072168649001
532.3,0.007750974,716.2081169050466
532.4,0.02257544,1527.1722229594989
532.5,0.04373578,2194.092334321538
532.6,0.015125465,2061.182052314402
532.7,0.0071422746,3271.8429113001175
532.8,0.0033620938,4032.6738942062248
532.9,0.0054568048,1929.3477782268083
533.0,0.0027522577,4383.979699596104
533.1,0.0025442054,4946.30374847104
533.2,0.0037243492,2539.8991419122667
533.3,0.0017821146,3253.8658313360347
533.4,0.00041304718,2918.3652532392125
533.5,0.00054142583,2851.6852554606007
533.6,0.0008480272,3143.861371649834
533.7,0.001108749,2816.8116889045427
533.8,0.00027854834,2596.57071569759
533.9,0.04480919,948.6191549157267
534.0,0.10143724,2015.4558988164615
534.1,0.25788435,2577.5588279593135
534.2,0.0044069528,1670.9992375163383
534.3,0.21011785,2454.6317388342068
534.4,0.14642332,1942.8849636497853
534.5,0.22508088,1944.1565410914059
534.6,0.045132384,2232.0956790066816
534.7,0.0029018759,2425.3409539891186
534.8,0.00027799304,3616.7396171874702
534.9,0.00016370458,4791.564646176119
535.0,7.4818825e-05,6024.797990018024
535.1,6.2771345e-05,5973.642625867129
535.2,5.9486618e-05,5456.439894154244
535.3,4.4045675e-05,4236.941524026334
535.4,1.2746479e-07,9833.413928307371
535.5,1.2797541e-07,9860.54984670176
535.6,1.2707754e-07,9946.425476052247
535.7,1.2522426e-07,10039.924764201536
535.8,1.2652386e-07,10105.776468133665
535.9,1.2557615e-07,10231.483623964192
536.0,1.2765405e-07,9732.560911097004
536.1,1.3240016e-07,9949.852687654264
536.2,1.2816568e-07,10101.881712642808
536.3,1.238095e-07,9837.674724708406
536.4,1.2924006e-07,10019.291764321544
536.5,1.2656365e-07,10226.7084512377
536.6,1.2832167e-07,10151.710193856474
536.7,1.2582613e-07,10098.536152944065
536.8,1.5589399e-07,9781.6491251929
536.9,1.9585292e-07,10128.301231614634
537.0,1.9225611e-07,10092.180449275946
537.1,1.9449776e-07,10006.375042172467
537.2,1.8539343e-07,9934.565004363616
537.3,1.8497713e-07,10039.455133125985
537.4,1.8403372e-07,10016.988345426867
537.5,1.8831275e-07,10088.761299189662
537.6,1.8559498e-07,10022.52720491662
537.7,1.8901827e-07,9869.158089054883
537.8,1.870123e-07,9893.46761723916
537.9,1.9019608e-07,10049.548244842237
538.0,1.8533564e-07,9901.045286899262
538.1,1.8271157e-07,10161.197384209836
538.2,1.8333323e-07,9940.808503404822
538.3,2.6747373e-05,7077.301041134046
538.4,0.004912957,161.63475045427043
538.5,0.0035389448,570.1740002754804
538.6,0.0047838967,156.9713652450547
538.7,0.0032266125,244.5371074160654
538.8,0.00063548173,791.4734716444531
538.9,0.0007553394,760.0072730057528
539.0,0.0008609812,85.31231075922696
539.1,0.0012266377,39.53033421215124
539.2,0.0030755785,344.5314483076388
539.3,0.00650312,254.12230731864767
539.4,0.0049898517,329.56957502096344
539.5,0.0006513637,199.56733969438267
539.6,0.0021682198,128.60390866285312
539.7,0.00061128236,244.0767382005418
539.8,0.0018171781,251.4450435585175
539.9,0.0023288068,262.8106946791137
540.0,3.622189e-05,2024.171685308364
540.1,0.00058686465,69.8733873093951
540.2,0.00030153114,157.33783615271238
540.3,0.00042089046,243.16411762271633
540.4,0.0004438162,203.89485574188464
540.5,0.0008199061,93.87592413955811
540.6,0.0011958882,82.69943044402763
540.7,0.0004667804,695.4832057444121
540.8,0.003539732,3982.276980069741
540.9,0.019870203,1290.8255431552152
541.0,0.01549755,1493.9576305258265
541.1,0.014817755,3738.6110246712947
541.2,0.011307557,10107.54110645249
541.3,0.008277991,4024.002103849671
541.4,0.0072746812,4576.658665603257
541.5,0.0003591758,4549.2891478939055
541.6,0.00010273536,6470.085834459425
541.7,9.491917e-05,6208.265781991573
541.8,8.444429e-05,5880.67747584412
541.9,4.429592e-05,6678.42646300311
542.0,3.1092743e-05,6124.270052278583
542.1,1.6872178e-05,5777.783940320138
542.2,6.975196e-06,5014.6137951523
542.3,2.6694001e-06,5033.161463817794
542.4,0.000160912,8810.702454416292
542.5,0.011815945,8571.749031861002
542.6,0.015255893,2741.4749220446897
542.7,0.012325218,4311.2652189803075
542.8,0.0024767662,2698.396151693626
542.9,0.0010344593,2579.1459888840727
543.0,0.00015761257,4390.748396278093
543.1,0.00012964137,4106.111483640668
543.2,6.716845e-05,4300.416349416968
543.3,6.4491185e-05,3829.569015797424
543.4,3.2363187e-05,3127.4222450757356
543.5,1.6607566e-05,3201.4987912485462
543.6,2.478457e-05,3949.4035762427034
543.7,0.0026640156,3387.0404604258165
543.8,0.021635475,2874.1056464197873
543.9,0.06736467,1001.5318207142905
544.0,0.031910226,3096.0768724593227
544.1,0.017829994,8260.050312220223
544.2,0.027189968,2063.1484648316314
544.3,0.024348143,3312.0432336840577
544.4,0.0099348705,8113.343618997696
544.5,0.0049456093,3473.3309191978665
544.6,0.00027897322,4019.4414242462244
544.7,0.00010792862,6685.345401749193
544.8,8.717967e-05,6231.162414629776
544.9,7.105638e-05,6493.967396696242
545.0,1.8881885e-07,9970.395081703617
545.1,1.9288201e-07,10015.20787696143
545.2,1.8430161e-07,10000.765033576688
545.3,1.8825403e-07,9881.759791940312
545.4,1.8231785e-07,10049.661115788742
545.5,5.859762e-06,3343.022483940723
545.6,4.883971e-05,1351.7633409378286
545.7,0.00017317971,2327.545919880453
545.8,0.0003395133,2433.7456135370385
545.9,0.00046506166,2274.9795497900905
546.0,0.00038308138,2063.665810445192
546.1,0.00018436843,2042.2458005772178
546.2,7.7099314e-05,2105.499705096794
546.3,2.3275354e-05,2201.1726098435065
546.4,0.0021767204,3312.5027346944244
546.5,0.02556969,3925.4206939211376
546.6,0.014330127,5064.638259256729
546.7,0.009586595,4206.933013364787
546.8,0.0012890368,3441.878323285551
546.9,0.0011024589,2442.8538835673153
547.0,0.0003112355,5876.008777320461
547.1,0.0053419606,3150.3939610781013
547.2,0.03640707,1747.6339879474908
547.3,0.0016534266,1782.8138029921208
547.4,0.015620925,2398.2241174404116
547.5,0.010536065,3987.4112761310935
547.6,0.0015212726,2534.8714927361225
547.7,0.0035231733,3227.5853652048672
547.8,0.003962958,3581.6009866625564
547.9,0.0028195116,3569.4682037712573
548.0,0.001261087,2811.7395591313334
548.1,0.0004316687,2440.955169023504
548.2,0.00011625162,2966.985465979373
548.3,4.196912e-05,3499.979778483149
548.4,2.0414105e-05,4261.198074165052
548.5,1.2814823e-05,3338.5465316805976
548.6,5.676084e-06,5317.933253582206
548.7,4.752541e-06,5724.8038680297805
548.8,0.0010712467,9409.76853560217
548.9,0.033851676,8376.910244227283
549.0,0.03886455,3938.99457431888
549.1,0.035115678,2755.9343979415453
549.2,0.096692644,825.1539155849144
549.3,0.031522494,3798.512339582279
549.4,0.010128743,10201.387178278326
549.5,0.008189156,4297.474365900549
549.6,0.0021215135,2808.4888596934534
549.7,0.00016460186,5477.799478906447
549.8,0.0001196708,6348.132069396313
549.9,8.698794e-05,6360.6063870536245
550.0,9.534596e-05,5651.2529450489355
550.1,6.332493e-05,6212.259426307884
550.2,4.0574243e-05,6047.2671108328395
550.3,1.4117517e-05,6354.553707258715
550.4,3.5393336e-06,6631.183148297026
550.5,1.0938584e-06,6822.026627452826
550.6,1.2259321e-06,6373.544859446916
550.7,1.696422e-06,5818.107552102427
550.8,1.1135844e-06,6763.029735643769
550.9,1.0729219e-06,6787.4235714859
551.0,0.025582531,1345.8128966691845
551.1,0.008360203,3192.6968203273445
551.2,0.040438488,1841.6933257042956
551.3,0.0033114403,3882.9853616027585
551.4,0.023526119,6607.399140493317
551.5,0.031854264,2095.061999725391
551.6,0.041017514,2405.0535450271523
551.7,0.033451356,2686.2485639763518
551.8,0.027540557,1565.567815478763
551.9,0.038243074,2083.142633940168
552.0,0.0537854,641.8899373305219
552.1,0.007977826,4372.8870301494335
552.2,0.021387244,10490.338320630279
552.3,0.0032336076,8605.132188322794
552.4,0.00021498218,7607.545835883117
552.5,0.00014365085,6033.485159443163
552.6,9.499247e-05,7261.242269916632
552.7,6.165899e-05,8348.83272851589
552.8,4.3595308e-05,9121.740185105464
552.9,3.0321438e-05,9733.311820044668
553.0,6.878927e-05,11461.819371571703
553.1,0.0010913351,1717.307327150611
553.2,0.004269383,1344.1102187191689
553.3,0.0023306385,3314.8967278243704
553.4,0.016144855,1693.461066277041
553.5,0.017096698,1021.7163004834308
553.6,0.0010007673,3399.22799389097
553.7,0.00010964881,3591.523829601255
553.8,0.00011224516,2663.6940227685664
553.9,9.217275e-05,2321.9724931117607
554.0,6.250353e-05,1700.6025154194235
554.1,3.3129796e-05,1603.8131631261674
554.2,2.1121845e-05,1735.0550811916828
554.3,1.1025997e-05,2174.7395345177383
554.4,9.738711e-05,2027.8805177876745
554.5,0.00017893902,2316.4734748661567
554.6,0.0001867444,2261.5557694685945
554.7,0.00011417094,2087.9706054989715
554.8,5.9268677e-05,2059.689697863153
554.9,1.6885348e-05,2404.260997075004
555.0,4.3801842e-06,3957.7789755930694
555.1,3.006221e-06,5245.337204432055
555.2,1.009414e-06,6546.209328350247
555.3,0.000112138994,7819.602886317579
555.4,0.004596205,2370.1441145635577
555.5,0.010538462,6660.632209057398
555.6,0.028620252,2412.479024186764
555.7,0.010868762,7591.011892799366
555.8,0.03159725,2359.7407121423767
555.9,0.004570823,8015.167986193106
556.0,0.021835938,1147.2600907992169
556.1,0.014932932,1736.738351163105
556.2,0.012259119,2504.262148673406
556.3,0.013974383,2615.092660160934
556.4,0.021087103,800.1355902565651
556.5,0.011568767,3133.9824497962586
556.6,0.003898885,3507.0486786569113
556.7,0.00020072814,4659.467616983222
556.8,0.00016595524,3783.9119634965286
556.9,8.63333e-05,3639.742760567832
557.0,5.755771e-05,3733.2461646024854
557.1,3.348398e-05,3567.3276540178604
557.2,2.4047238e-05,5666.561346641532
557.3,0.016132804,1781.6749891400423
557.4,0.010170147,8717.002545282725
557.5,0.03299345,2463.5983430669685
557.6,0.032205448,2049.8238477887326
557.7,0.018023914,2613.0740823366023
557.8,0.009264092,10541.57826508765
557.9,0.007330199,3967.658692728186
558.0,0.006215239,4124.1417750466935
558.1,0.001423835,2403.48927300815
558.2,0.0001184466,6224.780528704159
558.3,9.468047e-05,6342.093910175249
558.4,5.545105e-05,6936.2742654258855
558.5,4.3286265e-05,6364.631430174348
558.6,2.529389e-05,6088.616018963495
558.7,1.1847453e-05,5539.228629200004
558.8,4.114586e-06,4648.362358929535
558.9,4.6601785e-06,4669.260602289525
559.0,1.8141208e-06,5241.381930269762
559.1,6.5040076e-06,3561.298768265182
559.2,4.9122154e-06,4254.416739188494
559.3,2.6006376e-06,4932.973730388749
559.4,0.00071566715,6863.671259660327
559.5,0.0041533536,7348.867784973674
559.6,0.005966585,3412.763467046088
559.7,0.004305811,5851.503333054425
559.8,0.00086361385,3268.9660460877453
559.9,0.008838277,3636.153330893286
560.0,0.0055539533,3837.6310225460784
560.1,0.0016325962,3645.810989049975
560.2,0.00010564995,4956.942816310293
560.3,8.0346945e-05,5139.305325615179
560.4,6.037898e-05,5009.665555115236
560.5,3.672419e-05,4542.861808297225
560.6,1.5670794e-05,4365.330215366559
560.7,0.00010600303,3519.7111818978137
560.8,0.012262096,7469.492984416878
560.9,0.01021978,2667.2904802427583
561.0,0.0014164834,5849.042509983889
561.1,0.022036918,1503.339679789795
561.2,0.0038812563,1634.11189277682
561.3,0.00654308,5590.446064069074
561.4,0.007136038,10442.147626704289
561.5,0.00035390543,5891.683715510642
561.6,9.708504e-05,7228.637833554261
561.7,7.53845e-05,7588.806190775491
561.8,5.0032708e-05,8549.697309203279
561.9,3.3448414e-05,9859.748077629367
562.0,2.5117888e-05,10107.673956313676
562.1,1.7701275e-05,10054.047776853564
562.2,1.0996556e-05,9283.300209092928
562.3,4.8235634e-06,8803.568883812997
562.4,1.4507498e-06,8007.1540963260395
562.5,2.6303246e-06,5482.147234225691
562.6,1.5834854e-06,6132.446235708472
562.7,1.3712086e-06,6655.160143675832
562.8,4.871646e-06,4390.913677992836
562.9,1.4958944e-06,6249.619971444971
563.0,3.5018845e-06,4541.027348348073
563.1,1.1045121e-06,6684.634377788434
563.2,2.3024892e-05,1921.4572536918795
563.3,7.4427608e-06,3214.2580119406466
563.4,1.6029768e-06,5481.053858934609
563.5,1.1403579e-06,6815.203441953746
563.6,2.263071e-06,5286.922970735758
563.7,3.342456e-06,8333.496566265656
563.8,0.0046136733,3352.2420235275504
563.9,0.021848924,1185.2048881742455
564.0,0.0045867036,2492.163679653
564.1,0.0027006008,3098.019167663769
564.2,0.0005490266,1991.5003619672734
564.3,0.00021181747,3227.98272508229
564.4,7.035074e-05,3537.269648272547
564.5,5.558317e-05,2740.3114930944053
564.6,3.8346483e-05,2498.5847699658225
564.7,1.4968646e-05,2232.6085172833937
564.8,3.9275365e-06,3906.6086251670713
564.9,2.0034935e-05,5693.7878325600595
565.0,0.0001569247,3525.808950388102
565.1,0.0046510072,3894.6120122762177
565.2,0.02002331,4062.092831864961
565.3,0.013366895,6230.303637556556
565.4,0.03904334,1828.2344296060182
565.5,0.0056401202,6946.7819516671
565.6,0.014778194,954.8504967999436
565.7,0.022807704,1910.0202474238959
565.8,0.0029345937,2052.658672199407
565.9,0.00021952618,3509.4570438429027
566.0,0.00010968275,4822.421175198926
566.1,7.521012e-05,4567.4338227591
566.2,4.7958933e-05,3769.6307091151994
566.3,4.1640815e-05,2821.049652292675
566.4,2.3353825e-05,1697.4377230422597
566.5,5.373714e-06,3654.926308790441
566.6,3.1546394e-06,4293.811095919506
566.7,3.4590867e-05,1533.3928023412077
566.8,0.00042605415,2319.2003178910254
566.9,0.0010095007,2464.399801919978
567.0,0.00067310804,2437.294662732947
567.1,0.00034222243,2088.854059159974
567.2,4.3408483e-05,2496.2025426149876
567.3,9.5763826e-05,3042.414913775995
567.4,0.072126344,1671.324848086899
567.5,0.058519267,1694.4817826836052
567.6,0.027766114,3860.4415887130126
567.7,0.0038206724,3166.9710265928834
567.8,0.018338976,2298.7863233945914
567.9,0.03251031,2716.412977435949
568.0,0.040410876,2740.922605929931
568.1,0.027957821,3473.0736896453127
568.2,0.032564584,1663.998953545407
568.3,0.030648787,3929.481773205919
568.4,0.0060989563,3316.0080464644943
568.5,0.00024109996,4576.706214609973
568.6,0.00017270047,4631.528506324856
568.7,0.00429412,7275.1901425592605
568.8,0.01413018,3772.7412178914574
568.9,0.06089984,1558.5202301289708
569.0,0.064567946,2029.335437784625
569.1,0.019715413,1012.2947031516571
569.2,0.029656196,2714.0570443924535
569.3,0.023709353,8081.620164980905
569.4,0.016809465,6363.122237379764
569.5,0.008046778,4374.50239077132
569.6,0.00851293,3925.564389636962
569.7,0.010610079,9934.06387191507
569.8,0.0055502057,4000.6946781743554
569.9,0.0025971741,4096.443022494597
570.0,0.0002328295,7192.917352521886
570.1,8.370109e-05,6634.817710480907
570.2,8.061623e-05,6409.94454747395
570.3,4.2946154e-05,7192.588214651264
570.4,2.736538e-05,7450.14034357572
570.5,1.5461663e-05,7000.133722437709
570.6,7.438024e-06,6064.059971877958
570.7,3.341735e-06,5102.290142298058
570.8,8.392123e-06,3468.001125568585
570.9,1.6509484e-06,5689.083107350657
571.0,1.1208674e-06,6561.818837544005
571.1,2.0419038e-05,8423.115404944972
571.2,8.302401e-06,10383.50653309384
571.3,7.6541575e-05,3393.063754624319
571.4,0.00056025956,3242.151954681844
571.5,0.0005877342,2742.7432697386134
571.6,0.00047746714,2639.564531250878
571.7,0.00040870043,2770.2026741983163
571.8,0.00033265605,2413.8849198465095
571.9,0.00022821574,2884.4428657929407
572.0,0.0001737653,2667.676389606955
572.1,0.000109590546,2351.1775565669586
572.2,1.094947e-05,3164.0160456856615
572.3,5.3169597e-06,3531.386608526527
572.4,1.5609617e-06,5668.859697499109
572.5,0.00063228153,220.62757644830214
572.6,0.007774249,3520.5587438554703
572.7,0.032000847,8252.378961582017
572.8,0.04146427,4817.353074079563
572.9,0.055564377,3091.024909826447
573.0,0.045681402,2963.3029812780924
573.1,0.024772922,3818.078009333013
573.2,0.019923674,2094.663543006777
573.3,0.0051598223,5968.750016982129
573.4,0.02214575,2248.611559189479
573.5,0.046574462,1325.838492281536
573.6,0.027905209,8530.693054930287
573.7,0.029002618,7582.7418836314955
573.8,0.007648381,4882.509330512623
573.9,0.0031711233,3434.4143727157075
574.0,0.00015247002,5951.321272707388
574.1,0.000101530306,6552.1951522130075
574.2,0.000100563,6051.275457450336
574.3,7.9298006e-05,5951.949921923075
574.4,6.206812e-05,5816.7190235978
574.5,3.502993e-05,6291.7120133529115
574.6,1.7999695e-05,5907.03427805755
574.7,1.0509839e-05,6144.907669499026
574.8,1.4006541e-05,4271.793714694736
574.9,0.050052475,823.095810076858
575.0,0.03250079,8583.984258406374
575.1,0.04739179,3722.178388210599
575.2,0.007058509,2808.679233740179
575.3,0.017587759,2110.4139523964623
575.4,0.07304341,1092.592175705734
575.5,0.0017126676,1912.6898963011479
575.6,0.06034885,1912.4525179400534
575.7,0.05264591,1323.370464565834
575.8,0.029694526,3892.3253700492232
575.9,0.0036505493,3243.41615799972
576.0,0.0020740083,3076.1138403908976
576.1,0.0023459324,2901.0564129511085
576.2,0.0017227377,2361.564390959046
576.3,0.00077016343,2209.36649842103
576.4,0.0002928221,2155.7015535173573
576.5,0.00012788056,2248.649564616882
576.6,6.493953e-05,1976.3839735748684
576.7,3.361743e-05,2101.809491081504
576.8,1.3011718e-05,2648.393830081807
576.9,0.049494065,1645.6043480937715
577.0,0.13664685,962.4539484987323
577.1,0.059927795,2604.26253155424
577.2,0.023290914,6863.81972065505
577.3,0.045449264,1617.4396027453738
577.4,0.016522618,5431.609871045572
577.5,0.0048734345,8357.626952951568
577.6,0.040963158,4983.189277674482
577.7,0.0650654,1748.0504749791573
577.8,0.035155058,1341.2716505175579
577.9,0.003304763,4408.891481091179
578.0,0.019614102,2133.8226533309953
578.1,0.044606224,2265.058477046744
578.2,0.03983208,2103.856651240791
578.3,0.024382621,2893.503434989808
578.4,0.02143199,3059.890133531002
578.5,0.0065738983,2264.8075222186962
578.6,0.00963559,3592.1747061188576
578.7,0.001338106,2221.775959536041
578.8,0.00013518891,5171.219314289564
578.9,0.00011325518,4601.808164702399
579.0,0.00015043214,3126.8228721234973
579.1,0.00011106971,2415.2817468023977
579.2,1.8881009e-07,10167.988227268823
579.3,1.9064261e-07,10086.408102696158
579.4,1.90005e-07,10258.232490049053
579.5,1.8450669e-07,9913.172453583593
579.6,1.080362e-06,6551.990338471824
579.7,5.1466897e-05,1642.9027878209333
579.8,1.4329438e-05,2576.627804376877
579.9,2.9215248e-06,5015.769752281257
580.0,6.179517e-06,3590.823790467688
580.1,1.743007e-06,6359.566756163349
580.2,0.0027913307,8162.224502712226
580.3,0.009727269,7386.70746734324
580.4,0.020831758,2171.548921907295
580.5,0.033353817,1963.241488074732
580.6,0.0225372,883.9175791259456
580.7,0.011975279,1806.85674448365
580.8,0.023964517,3930.5300187580574
580.9,0.022811158,5849.235613370178
581.0,0.037682895,2676.223081652573
581.1,0.010953987,3486.778669708995
581.2,0.0043211454,3558.1711958734
581.3,0.0030541979,3289.316688186107
581.4,0.0015579978,2344.847402910851
581.5,0.00011966254,4873.732414549158
581.6,0.019169142,2682.0133867978802
581.7,0.073582724,911.2690800022
581.8,0.033187497,2008.7770491469544
581.9,0.041997474,2014.7277158555412
582.0,0.06439697,878.26834275376
582.1,0.024517814,1856.3872706123225
582.2,0.031837806,3290.3853643630623
582.3,0.014982644,4162.121038972348
582.4,0.0056402762,2333.2254893256236
582.5,0.012694693,4046.40179104881
582.6,0.022128688,7871.424625154477
582.7,0.008472709,3623.8882570743776
582.8,0.012238861,3764.6980457216405
582.9,0.00042126278,3609.8815446215012
583.0,0.00012113457,5775.742771363046
583.1,0.000104405946,5858.594806521968
583.2,0.00012823501,4428.449639923537
583.3,6.7055967e-06,4117.517663418189
583.4,1.9606985e-07,9642.54049356013
583.5,1.8984291e-07,9956.340511801849
583.6,1.8894391e-07,9788.733654815527
583.7,1.8540969e-07,9977.90796663461
583.8,9.81569e-07,6242.825413153132
583.9,2.0058285e-06,4666.986456147137
584.0,1.9760375e-06,5571.534178125588
584.1,1.185475e-05,2956.8828109060814
584.2,5.912068e-06,3628.0696066668065
584.3,7.0993015e-06,3425.7451817406436
584.4,4.381308e-06,3651.925378207136
584.5,6.6611133e-06,3297.412111892239
584.6,4.3317937e-06,4535.644448839758
584.7,1.5204325e-05,3098.55548428346
584.8,1.3631605e-05,3345.3178048183686
584.9,2.9639593e-06,5757.030191796316
585.0,2.1743501e-06,5968.053785565982
585.1,5.9179747e-05,858.2150987729981
585.2,0.0019035196,2858.603879316207
585.3,0.01617181,3083.37902502017
585.4,0.027348546,7907.717918720107
585.5,0.0077605243,3758.676811426334
585.6,0.00845331,2792.993905066204
585.7,0.0061002276,4283.73508068918
585.8,0.0010582969,2282.5293133125147
585.9,0.00015473785,5210.823286860643
586.0,0.00010588146,5787.56732499074
586.1,7.566585e-05,5257.993787530588
586.2,6.50146e-05,4849.49844414862
586.3,3.3254484e-05,5114.005039551612
586.4,2.190975e-05,4409.311975453669
586.5,5.891467e-06,5050.779909261009
586.6,1.1205782e-05,2764.103530124113
586.7,1.3470257e-06,6050.478448529349
586.8,9.894369e-07,6820.829223993589
586.9,3.5721146e-06,5214.611945417005
587.0,0.006568636,8769.4060889337
587.1,0.017887227,9811.148260763493
587.2,0.050965827,1540.877727600727
587.3,0.079472736,1303.1150659536734
587.4,0.047849588,2557.1748659811096
587.5,0.030567039,2898.169431024838
587.6,0.03136812,3262.761905043366
587.7,0.024848418,1743.844452912765
587.8,0.016681941,2288.7280715026573
587.9,0.020945586,2510.167434115228
588.0,0.011159184,3036.9035051788333
588.1,0.019566907,10174.509685547411
588.2,0.008315161,10015.263387538158
588.3,0.00018229237,7118.2326565898675
588.4,0.00011823658,6822.637953456586
588.5,8.586547e-05,7446.133897732442
588.6,4.2254775e-05,9425.17296560701
588.7,3.8023933e-05,9358.817115469894
588.8,2.7522095e-05,10318.907802079388
588.9,2.1527523e-05,10443.824366817193
589.0,1.4975713e-05,9870.209287517227
589.1,7.4943623e-06,9184.300682062098
589.2,1.938859e-06,8261.984563517794
589.3,1.0355261e-06,6693.64895669901
589.4,1.7232844e-06,5252.501762731471
589.5,1.0256013e-06,6255.498706543462
589.6,9.7595e-07,6512.23033453432
589.7,1.5936034e-06,6516.2585075426505
589.8,1.5153139e-05,2000.9517448227016
589.9,1.6652301e-06,6021.431872480275
590.0,5.6112603e-06,3856.843041092987
590.1,6.2868553e-06,3121.361154668558
590.2,4.2108727e-06,4160.579484980711
590.3,1.3333918e-06,6076.634679207773
590.4,1.9555043e-06,5768.52339580674
590.5,1.2470858e-06,6426.326651083692
590.6,2.0721877e-06,5679.176685448056
590.7,2.1394042e-06,6136.748572677466
590.8,4.2502083e-06,5289.27248848787
590.9,0.0045107882,3714.1215810085905
591.0,0.011139054,4044.996783148911
591.1,0.00090748037,3154.539032478882
591.2,0.00013374882,4871.6692209105
591.3,8.488494e-05,5078.8037646837165
591.4,5.9834365e-05,4429.8801389717955
591.5,4.2679218e-05,3831.5005732079885
591.6,3.4868102e-05,3561.762388405153
591.7,6.967713e-05,4563.872268804784
591.8,0.0023018944,2233.2882258804834
591.9,0.049190648,1105.0387004917402
592.0,0.004914661,5510.190376693444
592.1,0.005002152,4540.5688757122525
592.2,0.009184079,6996.184518223666
592.3,0.012163944,11151.719971678467
592.4,0.0010106191,7457.611453685411
592.5,0.00019978358,4985.821049270771
592.6,0.000110080065,7319.133605932386
592.7,8.5224754e-05,7852.980933967468
592.8,7.1017064e-05,8254.239541412753
592.9,4.476329e-05,9371.924289807823
593.0,2.7159938e-05,9623.19355399071
593.1,1.9973893e-05,9833.292370167006
593.2,1.1074024e-05,8718.795334485734
593.3,2.0078112e-05,2688.2201001280773
593.4,2.7379424e-06,5640.490069958428
593.5,2.0344958e-05,10992.931400278063
593.6,0.007170636,7778.724477846219
593.7,0.042701755,1587.4369737840998
593.8,0.019567717,4233.2395519609945
593.9,0.046639726,2390.277983627056
594.0,0.03554659,2891.6738897312125
594.1,0.00032666398,4708.626998023884
594.2,0.02232611,2492.891344706738
594.3,0.025664957,1912.6277128849588
594.4,0.028580636,1969.7647649092132
594.5,0.028598174,2005.9885393626787
594.6,0.019004473,890.5623329267454
594.7,0.02067092,2566.7164849594933
594.8,0.020241585,845.4853950207844
594.9,0.015870698,3161.315349100084
595.0,0.0042672576,10099.910615615423
595.1,0.0038134907,3610.5607207241655
595.2,0.0003312865,5076.273145596593
595.3,0.00011508779,6498.663108256001
595.4,7.5775955e-05,6871.097390430339
595.5,6.0361497e-05,6646.8819834186
595.6,3.5903828e-05,7054.836000039779
595.7,1.7357102e-05,7318.070518382652
595.8,1.0344317e-05,6568.2348356634975
595.9,2.482282e-06,6793.778492373302
596.0,1.0146446e-06,7228.052416613976
596.1,1.4075649e-06,5786.454973869244
596.2,1.1216198e-06,6475.409504273383
596.3,3.3890476e-06,5194.39307448088
596.4,1.3647386e-06,6101.221547366632
596.5,1.879981e-07,9959.346151358153
596.6,5.701365e-07,11378.267829874141
596.7,4.851157e-05,18067.77480707446
596.8,5.1994215e-05,17666.036865393304
596.9,5.6602934e-05,17899.019756957616
597.0,5.3888078e-05,17748.69174851307
597.1,5.8164318e-05,17708.455225798807
597.2,5.956243e-05,17833.378223616117
597.3,5.34366e-05,17756.97083699711
597.4,5.6312674e-05,17890.64568225544
597.5,5.8911235e-05,17981.11426649144
597.6,5.6116274e-05,17831.399358673265
597.7,5.4498763e-05,17832.840875261034
597.8,5.62588e-05,17714.710926098327
597.9,5.551995e-05,17815.620514729566
598.0,5.8780097e-05,17888.550094987168
598.1,5.3391905e-05,17947.726854346925
598.2,0.0032039187,8823.163798955939
598.3,0.010386963,9178.600338160164
598.4,0.02468536,2590.9679361280814
598.5,0.0364628,969.678257318132
598.6,0.027943848,1931.1111516036503
598.7,0.040254183,2347.3703574155134
598.8,0.01889643,6572.840302170378
598.9,0.022691334,7685.546800663573
599.0,0.037503872,3370.5424675517615
599.1,0.03798767,3336.175778961615
599.2,0.021429826,2712.3034782643795
599.3,0.0076053906,4119.131755594193
599.4,0.009751971,3696.5181254192516
599.5,0.00987231,10683.910102051552
599.6,0.0077797147,2557.4332437056096
599.7,0.0026125223,5390.481920096846
599.8,0.00060002797,5003.405078155281
599.9,0.000102967366,10120.424922019936
600.0,9.036796e-05,10609.300217716445
600.1,0.00010010456,9593.012153760441
600.2,9.5464304e-05,9847.84706248235
600.3,0.00013245146,8027.379556849342
600.4,0.000112544825,9219.868118432694
600.5,9.015545e-05,10607.190463956116
600.6,6.2508036e-05,14056.22834528307
600.7,5.5608234e-05,16133.644884847192
600.8,5.4342054e-05,17492.564898216086
600.9,5.598625e-05,17649.373297901584
601.0,0.0017900668,12489.98464294839
601.1,9.068124e-05,14515.14941376625
601.2,0.0221444,4562.252644749877
601.3,0.031064155,4269.042820095928
601.4,0.015337745,7688.218405017384
601.5,0.025295109,2229.2247090240544
601.6,0.015309553,2232.619001014363
601.7,0.0044632554,4889.262252199621
601.8,0.020366265,11196.901234502397
601.9,0.007874657,10711.417551977327
602.0,0.0001909801,9315.556835002564
602.1,9.689997e-05,11707.242670211206
602.2,8.80325e-05,12180.143459746845
602.3,8.560329e-05,13191.052210785929
602.4,7.6723445e-05,13767.704822269163
602.5,0.0001921092,8194.419307687775
602.6,0.00061922916,4493.485486230846
602.7,0.0010806707,3885.62609015799
602.8,0.0009647479,3948.7345464340133
602.9,0.00054813403,4394.590533768523
603.0,0.0002889013,5344.194005942253
603.1,9.3846196e-05,10020.861270144362
603.2,6.622745e-05,12732.410406283892
603.3,5.981315e-05,15473.253718087812
603.4,6.0322323e-05,14402.057213835998
603.5,0.013872887,2973.0575431754396
603.6,0.017748052,4357.967495027045
603.7,0.015490646,7861.32702960175
603.8,0.02084326,3929.1227758646246
603.9,0.02959404,2940.571633856262
604.0,0.023153706,1745.0022264075526
604.1,0.030606927,1826.9804146426889
604.2,0.019953992,1874.8559605442485
604.3,0.0052861357,4065.570873887
604.4,0.000650795,4187.575273717892
604.5,9.654572e-05,10167.278698054664
604.6,8.355562e-05,10490.456288764146
604.7,7.120697e-05,10892.310770732773
604.8,6.723386e-05,12917.150682541656
604.9,0.0016706779,7143.7998661151505
605.0,0.015378924,8024.074388356118
605.1,0.069469914,988.4554943519169
605.2,0.047261182,2349.5374000864444
605.3,0.057518046,2433.186020911374
605.4,0.051075637,2707.5764970409455
605.5,0.03730558,3008.7191969482183
605.6,0.009642392,1743.1649990333817
605.7,0.014632453,4080.421167739326
605.8,0.019564062,2243.2967165951604
605.9,0.034508727,2057.473586306821
606.0,0.0005656291,7281.623797118356
606.1,0.017173223,3399.0370599345642
606.2,0.011041884,4009.8961331358933
606.3,0.008335852,10449.282003393446
606.4,0.011980197,1925.1836264079848
606.5,0.0021544513,3895.811353696584
606.6,0.00018301263,9603.394008178595
606.7,9.557414e-05,10442.169115297444
606.8,8.788372e-05,11314.683791286125
606.9,7.408315e-05,11436.059920233518
607.0,1.9422204e-07,10029.646283599199
607.1,1.8837673e-07,9994.042102227604
607.2,1.9793038e-07,10010.487079538529
607.3,1.8874717e-07,9935.978123266019
607.4,1.8850727e-07,10080.9192379073
607.5,3.3633743e-05,17985.542465877683
607.6,5.811414e-05,17924.761557188063
607.7,5.0671955e-05,17728.88624635979
607.8,5.8303438e-05,17842.84109571052
607.9,5.8096382e-05,17921.198219157468
608.0,5.5261717e-05,17788.13982898419
608.1,5.8818994e-05,17970.554234130028
608.2,5.3396645e-05,17679.363444051825
608.3,5.8975576e-05,17843.642617040812
608.4,5.731516e-05,17882.79575855703
608.5,0.0054114535,2004.2018140665027
608.6,0.011126081,1426.6320360390198
608.7,0.004767084,2660.177664254009
608.8,0.00045475268,4683.342515651948
608.9,8.262209e-05,10172.779026374646
609.0,7.6144235e-05,10417.068490836453
609.1,7.276257e-05,12250.510376678729
609.2,5.592184e-05,14559.47380246185
609.3,5.8145728e-05,16978.09883267563
609.4,5.9767695e-05,17562.685027844083
609.5,0.0061555235,8478.632318789754
609.6,0.0142907975,7380.882350767424
609.7,0.0205435,3443.1519896952864
609.8,0.014610338,2466.972698460471
609.9,0.007692661,9962.513792556696
610.0,0.008280193,3410.3302554451443
610.1,0.0046912753,3300.7557497199973
610.2,0.00885437,2816.206769008228
610.3,0.005556397,3183.7330677539303
610.4,0.00018722753,8900.687457066915
610.5,0.000100357174,9667.368920026109
610.6,7.466178e-05,10667.210204458006
610.7,6.756465e-05,11416.240184895943
610.8,1.5960378e-06,11515.68816387765
610.9,1.7875111e-07,9912.151660085481
611.0,1.9156508e-07,10097.492498663843
611.1,1.8320182e-07,9954.78523433946
611.2,3.6471112e-05,18276.79904156952
611.3,4.892291e-05,18019.900367080845
611.4,5.2733158e-05,16406.59564596696
611.5,6.4953725e-05,15139.321396028181
611.6,6.593124e-05,13644.59239434368
611.7,0.00010969038,8560.723577747762
611.8,0.00017078451,6999.059026999049
611.9,0.0001588921,6764.968482620474
612.0,0.0001292423,8339.823455096759
612.1,8.3095874e-05,11014.199336439735
612.2,5.2468502e-05,15566.644228430077
612.3,5.66878e-05,16754.05444479706
612.4,6.343568e-05,14336.22176571069
612.5,0.0444878,2016.2469424803755
612.6,0.0028700095,3456.079440444738
612.7,0.00024202646,7725.355007200185
612.8,0.026888445,1799.0935701173585
612.9,0.015549238,3490.146929212857
613.0,0.0043290043,6310.275070278851
613.1,0.0009958943,8745.411083456029
613.2,0.041890077,3055.7981335199092
613.3,0.0019431625,7484.2779922563695
613.4,0.0001999515,9369.53229593957
613.5,0.021137243,2597.2235343438424
613.6,0.005031425,3133.6024843551018
613.7,0.022659361,2271.22713640046
613.8,0.016389802,3234.2263498982506
613.9,0.0051139016,5984.804716961242
614.0,0.0041852794,4111.855084406547
614.1,0.0012755679,3923.2554511778
614.2,0.00014341003,9344.652325231818
614.3,9.662473e-05,10192.207220117434
614.4,7.506615e-05,10961.858873346613
614.5,6.6252935e-05,12733.09204549916
614.6,6.482333e-05,14482.75856469325
614.7,5.8924576e-05,16244.129469371761
614.8,5.1139326e-05,16749.375027572656
614.9,5.6170364e-05,17303.44712638073
615.0,6.811786e-05,14735.669102730653
615.1,4.330605e-05,17030.94019994025
615.2,1.4703276e-07,9701.773083649932
615.3,1.529956e-07,9980.281571758043
615.4,1.5217388e-07,10087.350192586695
615.5,1.4629924e-07,10155.467179194804
615.6,1.5229853e-07,9845.548980003772
615.7,1.5216855e-07,10106.65581934286
615.8,1.514142e-07,10115.086232697067
615.9,1.5291063e-07,9915.354755604538
616.0,1.5072928e-07,10119.919411472874
616.1,7.69536e-06,15970.401520593616
616.2,3.6075944e-06,13804.540761229386
616.3,1.4250405e-06,7415.055606777888
616.4,2.0569971e-06,5697.05257814435
616.5,6.4658716e-06,3304.929681114053
616.6,5.8017813e-06,3637.987718648699
616.7,1.5647494e-06,6259.9282333597275
616.8,1.137228e-06,6069.891270110613
616.9,2.7691176e-06,4927.831738998862
617.0,1.1910829e-05,2553.1098740293146
617.1,7.681073e-06,3866.8665422941954
617.2,6.1046426e-06,5186.683184901735
617.3,6.4697574e-06,3735.7629017456825
617.4,0.0001696868,624.6299785567223
617.5,0.0008179569,2125.390175881154
617.6,0.020276854,2564.763389671038
617.7,0.014015461,946.3665076734217
617.8,0.006032209,2311.048826315351
617.9,0.0021489959,1984.624601007124
618.0,0.0008549624,1631.088498594861
618.1,0.0005248014,1324.372471949751
618.2,0.00015815684,1856.694056141411
618.3,8.0758386e-05,1379.8622966885052
618.4,1.8776862e-07,9803.904482457296
618.5,1.9215194e-07,9964.778682473872
618.6,1.8529121e-07,10201.63052992203
618.7,1.874552e-07,10302.64125672747
618.8,1.8566388e-07,9824.35749327251
618.9,1.8617085e-07,9861.646598031388
619.0,3.4965637e-05,978.213030660276
619.1,4.236288e-06,4490.3696668796865
619.2,1.2988436e-05,3139.69369468991
619.3,0.007950052,4335.1628641075295
619.4,0.028861856,2558.4875370946993
619.5,0.042156287,1472.0685355059254
619.6,0.009563299,2430.4295195318878
619.7,0.007932583,3776.8586225499794
619.8,0.0006618417,2545.578203146176
619.9,0.00013297536,4811.172823678389
620.0,9.658019e-05,4332.9484397851675
620.1,9.807046e-05,3475.780767636123
620.2,6.223281e-05,3401.511965608614
620.3,5.120692e-05,2873.2085490664294
620.4,5.6444725e-05,2177.4630736118193
620.5,0.00013858445,1469.3750873685613
620.6,9.015132e-05,1895.0569539586172
620.7,6.930495e-05,2343.094307703877
620.8,4.9344166e-05,2606.7166555432723
620.9,4.3760378e-05,2474.25522106636
621.0,1.5129738e-05,2464.7000149247788
621.1,5.177706e-06,4065.8958052184644
621.2,2.8505194e-06,5093.570231603939
621.3,1.0502436e-06,6315.288871810093
621.4,9.963724e-06,2897.39998933635
621.5,4.85996e-06,4903.508469414826
621.6,0.0034874673,8511.40256934337
621.7,0.022661537,2222.3754348623975
621.8,0.026487516,1890.7830665531797
621.9,0.029027248,1598.6856670013162
622.0,0.0150083685,3615.747985992661
622.1,0.0072600245,2532.277617360694
622.2,0.00017551813,4084.205305898261
622.3,0.000104539016,4708.676606980673
622.4,0.00012122935,3728.5505291846694
622.5,0.00010062745,3239.6013941603314
622.6,7.242738e-05,2930.1249941601636
622.7,3.807417e-05,3136.3212433749372
622.8,1.42247e-05,3388.4187696699996
622.9,7.3107303e-06,3587.7421822624055
623.0,1.3980314e-06,5887.157491121159
623.1,0.0003944639,741.5989597532854
623.2,0.009298602,2877.3557766837907
623.3,0.021239636,6992.5969950686795
623.4,0.015813373,6749.328399939761
623.5,0.06715002,1953.2523392647634
623.6,0.015495625,9060.23335471103
623.7,0.052845884,1711.6852867733728
623.8,0.027007803,2162.8459198266505
623.9,0.017388243,2198.30898153711
624.0,0.015061523,1417.4724914055012
624.1,0.008182624,5638.186207428909
624.2,0.004139678,1717.769608504574
624.3,0.012004758,1848.172580800865
624.4,0.007232864,9077.339197299672
624.5,0.054417167,1030.2687615232744
624.6,0.006383573,2980.8216041018013
624.7,0.0014604161,2393.245277899495
624.8,0.0057953605,5225.285474859576
624.9,0.017004197,11071.512364624474
625.0,0.0017153259,9052.33893662057
625.1,0.00012688353,7192.642609579286
625.2,9.3063834e-05,7482.185323127231
625.3,5.791487e-05,8685.134543278997
625.4,4.307525e-05,9381.433320701342
625.5,3.1260002e-05,10327.576415731026
625.6,1.585385e-05,10563.06419373826
625.7,1.9668639e-07,9801.221100414641
625.8,1.9211548e-07,9784.813293355834
625.9,1.1262034e-06,6926.8334429552515
626.0,1.240001e-06,6595.67954362402
626.1,1.3794327e-06,6398.548755689759
626.2,5.1635657e-06,3762.473609616753
626.3,1.0069636e-05,3153.5392634191176
626.4,1.2225646e-05,2693.112901082772
626.5,1.6328846e-05,2407.855407644895
626.6,2.0902959e-05,2566.9465047609365
626.7,3.342192e-05,2038.7050102120847
626.8,4.5007837e-06,4191.525915664271
626.9,2.2167433e-05,1786.1853071309345
627.0,7.037559e-06,3679.504234157236
627.1,3.827282e-06,4555.3904396934795
627.2,1.1761301e-06,6432.805496459972
627.3,1.955549e-06,5046.637318633362
627.4,1.0713907e-06,6745.5974732909
627.5,0.01956428,2129.437006454104
627.6,0.013145167,5039.444264139067
627.7,0.025862364,7999.397420114168
627.8,0.026600763,4418.54824978455
627.9,0.039025526,2328.4092307525557
628.0,0.015327084,7498.974457007605
628.1,0.01202374,5694.349077895233
628.2,0.025660157,2540.2368521132657
628.3,0.01817976,1964.8757103543371
628.4,0.007246803,9490.56767697652
628.5,0.015177602,2688.6302417097036
628.6,0.00187973,3193.457133968146
628.7,0.008614262,2769.5916285208314
628.8,0.0005311723,3134.4329847214276
628.9,0.000113029506,4705.692341602329
629.0,0.00024653433,2876.4797263537935
629.1,0.00039531552,2613.3347409551984
629.2,0.00043006887,2493.147113795695
629.3,0.00034349586,2316.6130594580104
629.4,0.00032671526,2261.7480912740566
629.5,0.00022829157,2268.1610679124624
629.6,0.00010931779,2198.7000141437647
629.7,3.6360983e-05,2394.708630930973
629.8,0.0002471536,3217.6656307983694
629.9,0.0236022,1988.7133666375994
630.0,0.03317635,6792.1730066022665
630.1,0.06035012,2091.3328112795252
630.2,0.03099255,5528.3378933911135
630.3,0.06219968,2126.3172140746547
630.4,0.011487349,7514.137529587813
630.5,0.041870907,874.4421759467939
630.6,0.03292541,1671.8190279198802
630.7,0.017234264,1113.579757961138
630.8,0.0293689,1328.224122482719
630.9,0.03450281,1982.8819774379074
631.0,0.040311884,2104.3611580100915
631.1,0.067114435,1579.8285408987017
631.2,0.022995437,7687.421384596424
631.3,0.009636366,4662.053973824992
631.4,0.021258203,1498.9156491082217
631.5,0.015795266,2730.828786962691
631.6,0.03489332,2094.572210658989
631.7,0.007407253,1216.4214419135815
631.8,0.005238568,5418.444583735418
631.9,0.009060784,11208.664585166229
632.0,0.00058625435,6048.096626372371
632.1,9.782938e-05,7229.186740017609
632.2,0.00010806057,7235.393849911241
632.3,6.212087e-05,8289.154283075002
632.4,3.638058e-05,9467.34426999446
632.5,2.0164255e-07,10145.619528015195
632.6,1.9298596e-07,9892.949621189226
632.7,1.8935344e-07,9707.107391448579
632.8,1.8461475e-07,10130.521871405048
632.9,1.5230974e-07,9827.359817338645
633.0,1.508432e-07,10120.86244020944
633.1,1.5407231e-07,9986.599424472543
633.2,1.4857399e-07,10151.410039882343
633.3,1.4995166e-07,9985.451238057372
633.4,1.4936664e-07,9914.948344862976
633.5,1.4780487e-07,10109.988916389682
633.6,1.535145e-07,10015.014955309927
633.7,1.5498159e-07,9984.847513384786
633.8,1.9204732e-07,10060.94245333725
633.9,1.7846862e-07,9963.863974831354
634.0,1.9008928e-07,10062.554572815041
634.1,1.8622788e-07,10124.907522628462
634.2,1.8390523e-07,9770.641265495098
634.3,1.8419598e-07,10240.276514332138
634.4,1.8410284e-07,10160.57963795029
634.5,1.8374018e-07,9995.463495989135
634.6,1.847499e-07,10041.335737879976
634.7,1.906224e-07,9954.213321201882
634.8,3.7768589e-06,4503.366088365474
634.9,1.0492714e-05,2859.1302633547793
635.0,9.949538e-06,2406.1475475188245
635.1,1.2218074e-05,2561.696484724828
635.2,0.0006828117,3350.861282702261
635.3,0.015002001,2416.228779758779
635.4,0.0027128207,5049.953288757733
635.5,0.024764756,8306.89608117217
635.6,0.03154088,3437.391117495671
635.7,0.032228407,2385.425019869645
635.8,0.06680389,613.5058129576956
635.9,0.027054165,4546.307796150323
636.0,0.0120309265,11323.939369049043
636.1,0.009345261,4738.7471394690465
636.2,0.006505714,4626.669001625145
636.3,0.0026562663,2752.1324116860396
636.4,0.0002182282,5086.169504032969
636.5,0.000115468305,6139.372661811483
636.6,8.5946085e-05,6681.267271914027
636.7,5.4423967e-05,7291.855906529539
636.8,0.00033353674,3213.1514814893417
636.9,0.0007496617,2886.1422047886654
637.0,0.0006734663,2524.13937064491
637.1,0.0003843809,2263.693761119798
637.2,0.0001472569,2222.9477795369835
637.3,5.382506e-05,2201.6302074357545
637.4,1.7519662e-05,2402.8138011762603
637.5,5.242517e-06,3597.632013571343
637.6,0.0018070245,3468.9724661927685
637.7,0.010148661,6485.611706704174
637.8,0.00047353076,5430.017477602445
637.9,0.00012209654,6847.740865246774
638.0,0.018599017,2423.2508287829214
638.1,0.013459517,10043.094064050163
638.2,0.026801031,4818.114529604572
638.3,0.00032790488,5221.471591724608
638.4,0.005651358,5672.910814933171
638.5,0.02753877,3101.1595952942516
638.6,0.007594302,2425.8249221260867
638.7,0.00026027628,5258.621424982063
638.8,0.000116986834,5599.367823652041
638.9,0.00013824573,4508.818613295537
639.0,0.000142791,4035.7092315197174
639.1,0.0021293918,3597.549277287596
639.2,0.027106967,7839.988474531472
639.3,0.017862996,7208.566187592191
639.4,0.041475505,862.0208692503151
639.5,0.035476565,1915.214266609793
639.6,0.031335007,666.0981237259259
639.7,0.018956453,3448.5346431524026
639.8,0.013978052,10221.28212555582
639.9,0.0029716846,9649.187350553995
640.0,0.00018657472,6023.4636511237895
640.1,0.00014204926,6740.098430887618
640.2,0.00012635534,7274.224096024074
640.3,0.00010545086,5505.712036315603
640.4,3.0823194e-05,8150.733249857953
640.5,6.7592755e-06,9841.786556657531
640.6,1.0105856e-06,9698.203257924826
640.7,1.8937706e-07,9843.179028836454
640.8,9.0579874e-07,6902.9182168288735
640.9,5.0434624e-05,2286.146264061814
641.0,0.00014551487,2260.0902234294817
641.1,0.00021559831,1953.8533360114636
641.2,0.0001720708,1818.58249718641
641.3,5.5825432e-05,1909.2601179729138
641.4,3.0515192e-05,1740.3240409393577
641.5,3.736485e-05,1320.6715164680368
641.6,0.010579935,9620.449073286582
641.7,0.018340705,4045.69990173828
641.8,0.02876757,3163.921196834621
641.9,0.030102577,3322.324535268912
642.0,0.028148329,3108.4698096027214
642.1,0.0015127885,5581.294353268364
642.2,0.005460135,8129.681648098902
642.3,0.022040166,2316.437332737224
642.4,0.009751641,4174.898765010839
642.5,0.0020942774,2787.919966493004
642.6,0.00022458629,8060.886544783034
642.7,0.00024031413,3859.956095253541
642.8,0.00024737295,3724.8210529037246
642.9,0.00020509622,3899.6834915980216
643.0,0.00013468952,3312.3223353269723
643.1,8.3020175e-05,2382.925644947002
643.2,0.0010999588,1343.5171320349814
643.3,0.014280556,4128.283746194458
643.4,0.029998735,7881.715674175722
643.5,0.051671688,3108.0034903092665
643.6,0.0634792,2339.271942618241
643.7,0.026009822,7983.21332656929
643.8,0.026248725,3067.4966590937993
643.9,0.024415528,2331.158751072707
644.0,0.030150533,2710.9226083475423
644.1,0.002396995,6014.619339632485
644.2,0.025950994,6971.473216511917
644.3,0.05024947,2216.430958806469
644.4,0.014894082,1666.4503087023686
644.5,0.04986716,2175.9242008827973
644.6,0.018849198,10103.442714908584
644.7,0.03628784,2905.0080562224434
644.8,0.03304859,2042.2957089293182
644.9,0.04948779,1372.0789173826956
645.0,0.021232182,1712.3276492186556
645.1,0.010587584,2920.2012413386465
645.2,0.023652561,5184.461113942885
645.3,0.004366295,4171.6965166141
645.4,0.004522859,4659.624579977696
645.5,0.0057204766,4870.379147475
645.6,0.013909196,3083.415303624034
645.7,0.009841444,3712.760384047343
645.8,0.00041292442,3782.479878524159
645.9,0.00037745613,4175.538666618808
646.0,0.00019030276,4371.416723965116
646.1,0.0004217565,2453.437827078616
646.2,0.0008243207,2564.550104078125
646.3,0.00074386393,2383.9626740218227
646.4,0.0004092438,2317.7881684981085
646.5,0.00028376275,2027.7119022176478
646.6,0.00011347097,1927.0524444236623
646.7,5.1803916e-05,1755.5823550562338
646.8,5.2300213e-05,1403.6962358834217
646.9,0.00014043244,1132.4292442595104
647.0,0.017451912,3032.614133487091
647.1,0.028326051,4482.00099751535
647.2,0.023435572,7248.378434307316
647.3,0.077464156,847.7617361826229
647.4,0.069914535,1830.0183393618972
647.5,0.02046193,7678.721286828899
647.6,0.046759553,3207.481949126041
647.7,0.0808697,1470.061287745492
647.8,0.008477713,8378.934355226142
647.9,0.051759034,2103.4744177144075
648.0,0.038867187,2341.559163444622
648.1,0.05570652,2461.1000939644464
648.2,0.035744235,2649.95474741931
648.3,0.008950671,6433.263227144777
648.4,0.060597006,893.3080790078731
648.5,0.023724258,1806.4811829436092
648.6,0.024586415,2543.117045371
648.7,0.013365875,2261.684304881491
648.8,0.020939574,1717.951787228491
648.9,0.011473564,5749.605595492683
649.0,0.021499088,11409.641525151374
649.1,0.0010698028,5908.45545339799
649.2,0.00030979305,4702.899191775775
649.3,0.00018420347,5402.374060303369
649.4,0.00014934319,5610.369228850459
649.5,5.2643165e-05,6950.8102956702005
649.6,1.4980345e-07,9892.422477018783
649.7,1.5009208e-07,9996.981848350897
649.8,1.5026147e-07,10190.106561800916
649.9,1.4756021e-07,9920.24586583679
650.0,8.0648046e-05,6650.421389810795
650.1,6.1049235e-05,7962.834252214898
650.2,5.0866794e-05,8729.901674281644
650.3,3.677219e-05,8938.233768621696
650.4,5.3409916e-05,6418.386668065597
650.5,3.4104596e-05,5047.773238961758
650.6,4.6589277e-05,1450.1817425029035
650.7,2.521808e-05,1597.2045351587644
650.8,0.00017652585,3632.3741933581396
650.9,0.0009073896,2831.159168634583
651.0,0.028697744,2606.4804338672043
651.1,0.0135394335,7581.132638781824
651.2,0.054600753,2616.6284875101264
651.3,0.057132386,1496.6853085635212
651.4,0.012434868,10345.06218002578
651.5,0.021960331,3291.693294254038
651.6,0.040025227,1930.6138843299211
651.7,0.030084537,2286.9315355042454
651.8,0.042530023,1869.9836506106085
651.9,0.028891334,1189.6616869435923
652.0,0.027496148,2283.4381065853663
652.1,0.015143653,7552.819354836182
652.2,0.017832585,7134.497761406983
652.3,0.037029684,1700.2426749110557
652.4,0.042778,1933.2517300558166
652.5,0.040477358,2292.6764214674977
652.6,0.025290767,2212.1792455647046
652.7,0.0155306645,2267.129025288223
652.8,0.016459167,2733.9739988067
652.9,0.036173757,1834.7819625730997
653.0,0.024832316,1780.3950765727323
653.1,0.013394865,1811.843419424018
653.2,0.025901046,1517.9194213675914
653.3,0.0020514356,4265.951763717092
653.4,0.0003416162,2669.9697779180137
653.5,0.00016312361,2866.919592625379
653.6,0.00012850937,2591.437184121602
653.7,9.145633e-05,3073.89872214412
653.8,5.034665e-05,2500.22028832948
653.9,3.6648893e-05,2282.921964651711
654.0,1.8140112e-05,2396.2383985345386
654.1,2.6228947e-05,3230.118009448663
654.2,0.00027334568,3797.2770654828832
654.3,0.00058906927,3126.542213359125
654.4,0.0010620089,2246.719578563454
654.5,0.00073399016,1918.0628627602985
654.6,0.00037603852,2175.505954520633
654.7,0.00010156803,2039.3473031484766
654.8,0.00092512777,318.7515040383836
654.9,0.04734647,2534.289584032397
655.0,0.11595581,1566.9771424693631
655.1,0.0586448,1912.9326423425423
655.2,0.055421982,1371.3196080752696
655.3,0.038883734,1861.1884124164883
655.4,0.037905563,2568.499879800921
655.5,0.04896272,3045.1781920127587
655.6,0.034812424,8071.655859823699
655.7,0.034467343,2240.6040319703143
655.8,0.042664632,2890.7453487175676
655.9,0.005924984,3641.353541589586
656.0,0.0010568363,2530.131283767032
656.1,0.0028166352,3536.184927529534
656.2,0.0025805854,3294.840864364951
656.3,0.0018381706,3173.237354015407
656.4,0.0005206892,2552.22484502809
656.5,0.0015498728,3752.972877207815
656.6,0.071473666,2520.3728567197995
656.7,0.03704185,7750.932812491365
656.8,0.09052417,1856.4249803762987
656.9,0.07242546,2860.9064945442433
657.0,0.073784634,2045.5156067844046
657.1,0.04291138,2868.4587112623117
657.2,0.051008366,1445.557793790395
657.3,0.0478196,1399.5273656183363
657.4,0.007438759,3572.5200672866163
657.5,0.08665346,1900.9602463852752
657.6,0.048039053,1695.2720786788884
657.7,0.008778914,7307.9127428695465
657.8,0.058823608,2288.056018860251
657.9,0.027250733,5138.144774935612
658.0,0.040793106,2392.6500977816654
658.1,0.05636338,1654.1509235953952
658.2,0.02128677,873.0825612383622
658.3,0.08090339,2233.329232250294
658.4,0.070813,1864.0572398160584
658.5,0.032204438,1721.0856111396279
658.6,0.05030378,2213.3894149312187
658.7,0.0076650446,4878.623013152071
658.8,0.00093627174,3069.890587386527
658.9,0.00023066805,3805.139234217647
659.0,0.00019019528,3533.022197362835
659.1,0.00021277319,2705.439822358274
659.2,0.00019329309,2313.394147309939
659.3,0.00016089306,2029.3799751751462
659.4,8.044126e-05,1667.9011585263893
659.5,5.2400916e-05,1581.2066616890727
659.6,1.3156159e-05,2649.2425742439477
659.7,3.3279198e-06,4560.9556497989015
659.8,2.8763513e-06,5886.776735025886
659.9,4.9219084e-06,4610.257974974518
660.0,0.012855192,8915.709522525709
660.1,0.0066638733,7136.12053843973
660.2,0.00021066121,6021.411417623902
660.3,0.00012770137,6439.448155000654
660.4,0.012013194,4583.269392118376
660.5,0.024436321,2669.4686423105336
660.6,0.01617814,2562.30591102625
660.7,0.0188665,3275.105680174399
660.8,0.023428109,2484.699305945334
660.9,0.012313839,10864.839622019488
661.0,0.015786089,1043.0275966097092
661.1,0.0049400628,2795.8119475486446
661.2,0.0039987457,2293.523310174054
661.3,0.012151678,2740.646908030595
661.4,0.0025818816,3531.7861832147037
661.5,0.00018908955,4755.031319522568
661.6,0.00022320636,3804.1992730853
661.7,0.00016906232,3606.2373109790888
661.8,9.367853e-05,3464.166005693781
661.9,8.8350826e-05,2746.977811497442
662.0,6.1754596e-05,2279.091787060184
662.1,4.3569333e-05,1846.780110876453
662.2,2.7834498e-05,2114.3810541579915
662.3,1.2001645e-05,2101.342948873529
662.4,4.7563594e-06,5040.037578171661
662.5,0.00017349885,6406.956481075146
662.6,0.013023731,4370.122243806031
662.7,0.013321622,7539.210929898616
662.8,0.012402936,4878.58221095239
662.9,0.035374094,1113.8086695820766
663.0,0.024184126,926.5602020761648
663.1,0.01666104,1666.5593802063604
663.2,0.010701593,2446.9501625876824
663.3,0.021797556,1699.4104997149943
663.4,0.016054258,691.6486387015382
663.5,0.008101199,4735.898272368304
663.6,0.009057067,11314.86666953667
663.7,0.00037310348,6050.447263325368
663.8,0.00014637406,6363.695219866851
663.9,0.00010423452,6740.413763874384
664.0,8.872335e-05,6957.604295996965
664.1,5.9568334e-05,8163.637582914705
664.2,3.8598035e-05,8589.28089350045
664.3,2.5360094e-05,9071.018642404273
664.4,1.2782471e-05,10481.56364867719
664.5,5.017524e-06,9937.69180995059
664.6,1.5284872e-06,7499.388690249865
664.7,1.1453373e-06,7080.249448448689
664.8,1.3415088e-06,6509.716858212309
664.9,1.0924238e-06,6761.161421242245
665.0,1.2615842e-06,6592.976144547355
665.1,5.176869e-06,4221.722952494842
665.2,2.9784587e-06,6744.08867238872
665.3,0.00051909586,2375.1729316594606
665.4,0.021620017,1655.5845514010337
665.5,0.012148101,3359.8988094166234
665.6,0.009649137,2880.165113688963
665.7,0.0034062022,2160.4003788359637
665.8,0.00042644847,2490.770119306148
665.9,0.00019986166,2957.0604678302525
666.0,8.1357415e-05,3065.8092548543254
666.1,5.0477374e-05,3013.633309145238
666.2,5.220937e-05,2493.618044361634
666.3,0.0015021674,2535.6800279551085
666.4,0.005765494,4145.567778188244
666.5,0.0032178662,3580.252766364937
666.6,0.00049835467,2518.693776666023
666.7,7.893513e-05,5025.75613244656
666.8,0.003925417,3099.44026064086
666.9,0.01440194,502.42216070477156
667.0,0.014309059,901.4117867694235
667.1,0.007957822,7572.712038564725
667.2,0.003643355,4571.0577942001955
667.3,0.010115047,2276.799825515123
667.4,0.0014569346,1821.6796669321182
667.5,0.0076847947,3759.806253201792
667.6,0.010569155,3074.5841902310412
667.7,0.014716703,3625.7906992599765
667.8,0.0071113515,1772.2059048837273
667.9,0.00015068358,4850.062251811742
668.0,0.00013539605,4724.456714909298
668.1,0.006399807,5630.817636885031
668.2,0.015541976,3953.987337221043
668.3,0.009718931,3384.9637311387073
668.4,0.0033728287,2258.7849702496583
668.5,0.0004206345,2832.236157198742
668.6,0.00010422015,4775.687354066613
668.7,9.57364e-05,3801.0590832171647
668.8,0.023559233,2067.7413105551045
668.9,0.0102376565,2953.983043330521
669.0,0.023953166,2327.7935485254975
669.1,0.02186793,786.9849742158151
669.2,0.00914387,1756.9239871505015
669.3,0.015322184,2490.050705872879
669.4,0.0071393517,4506.258242612017
669.5,0.00021935636,4623.0510593529225
669.6,0.00010354303,5292.870696168769
669.7,7.40959e-05,4832.945951666214
669.8,6.7843874e-05,3962.5546837193724
669.9,3.9402337e-05,3453.8825679885035
670.0,2.3573008e-05,3142.3395917350467
670.1,1.0204488e-05,3572.384630509186
670.2,7.873357e-06,3611.7473335114187
670.3,4.5312763e-06,4593.4094365141855
670.4,1.1009017e-06,6597.262268287164
670.5,1.1693037e-06,6952.119036463917
670.6,2.0378093e-05,3162.518383518821
670.7,6.9362366e-05,1718.8115856352372
670.8,5.5166063e-05,2859.0795892421693
670.9,1.6442611e-05,2798.3206140060993
671.0,1.0515912e-05,3260.9421961853823
671.1,1.1059755e-05,2592.9221243152647
671.2,4.1901236e-05,1105.92544392035
671.3,1.9723717e-05,1568.370018348325
671.4,3.4633176e-06,4496.378920647451
671.5,3.2918954e-06,5010.839394301834
671.6,3.1644815e-06,4772.444621637339
671.7,3.8781454e-06,4678.096248207637
671.8,1.359409e-06,6685.946199149105
671.9,0.00012027171,7422.232869719162
672.0,0.0068079913,8680.159205800212
672.1,0.008891034,4527.598200942335
672.2,0.011906641,2750.856400329123
672.3,0.019726403,3006.392802597252
672.4,0.0076042577,2239.7564763766277
672.5,0.008241344,3509.7460560423465
672.6,0.013728464,6577.185151448741
672.7,0.0076448014,6066.9104950822
672.8,0.022349712,2102.1311840248954
672.9,0.0058189533,4122.128996609674
673.0,0.0030547935,2783.093996944488
673.1,0.00015376006,7583.60835490528
673.2,0.005627671,3057.9983733495696
673.3,0.00077466964,2921.334571055426
673.4,0.00013924988,4538.591976495471
673.5,9.503646e-05,4204.647131914472
673.6,7.735589e-05,3257.8694800969074
673.7,0.00012101298,2253.237654307999
673.8,0.00012550481,1860.7674851094396
673.9,9.464092e-05,1942.5121857765105
674.0,9.1410824e-05,1985.9583704688255
674.1,7.417609e-05,1891.5697744375493
674.2,7.814434e-05,1769.628408407754
674.3,3.765731e-05,2012.2291268143233
674.4,1.2377875e-05,2759.16608097086
674.5,1.5534963e-05,2509.9758883018335
674.6,0.00058362045,2606.062348584666
674.7,0.004520752,6215.731202571059
674.8,0.034442693,3504.727074649948
674.9,0.050897904,2563.69677686587
675.0,0.025074705,4984.307010282408
675.1,0.029181847,7631.038618923252
675.2,0.030539697,3896.68089412022
675.3,0.04353008,2589.748809769094
675.4,0.02720305,4222.519132975616
675.5,0.033776734,2459.594277687447
675.6,0.044338163,2347.345742105722
675.7,0.00897728,7240.368889945947
675.8,0.047246158,2239.215272872907
675.9,0.019072685,9877.678103093082
676.0,0.016496371,7647.986549535053
676.1,0.014980546,3797.7222402503503
676.2,0.009417227,3232.152844452065
676.3,0.0008569256,3018.608790662773
676.4,0.0036729402,5015.411341912218
676.5,0.010734405,11602.803062810863
676.6,0.0010584596,7738.063704633696
676.7,0.00012257068,6776.349489607233
676.8,8.255108e-05,7770.51773575398
676.9,5.5966473e-05,8443.072234331856
677.0,3.4843935e-05,10478.397889606484
677.1,1.9879785e-07,10152.6631893663
677.2,1.8683896e-07,9987.186982783229
677.3,1.8609309e-07,10137.841193368307
677.4,1.8919457e-07,9844.587992031338
677.5,1.8886105e-07,10015.279591883716
677.6,1.8429168e-07,9895.596401468654
677.7,1.8594379e-07,9884.065464348772
677.8,1.8595742e-07,9881.845238521228
677.9,1.8704709e-07,9921.264459524882
678.0,1.8722764e-07,10049.252648019603
678.1,1.8825278e-07,10080.496320800574
678.2,1.8944903e-07,9922.18458829235
678.3,1.8526019e-07,9969.326137294476
678.4,1.8714792e-07,9937.095035135448
678.5,6.246157e-06,4650.1371744097
678.6,3.7803587e-05,1648.6802971719735
678.7,7.550948e-06,3575.309475913657
678.8,3.613857e-06,5152.414002226645
678.9,6.109444e-06,5784.462471485873
679.0,0.00058469566,3900.638616865731
679.1,0.0051979925,4763.273028162534
679.2,0.016381506,3029.4974166648403
679.3,0.01125034,3362.301856790857
679.4,0.0169865,4710.725992448557
679.5,0.0051474557,2926.6165312676985
679.6,0.000648045,2713.7435272230114
679.7,0.0001395715,5635.28544640201
679.8,9.515082e-05,5631.528611791485
679.9,6.085505e-05,5124.542887303744
680.0,5.378143e-05,4332.362819011582
680.1,3.429835e-05,3728.5532160414396
680.2,2.545968e-05,2668.856785484247
680.3,1.3465173e-05,2545.9312714934154
680.4,7.187367e-06,3075.748566132328
680.5,3.7357263e-06,6244.839713233012
680.6,0.006575113,4662.374726839311
680.7,0.01587168,7181.8656478659705
680.8,0.020514121,4198.102241351547
680.9,0.029975409,2969.2351937164435
681.0,0.04119144,2440.816468295522
681.1,0.009689727,5260.205593350969
681.2,0.0204644,729.7050967242383
681.3,0.010716861,2694.7764741561564
681.4,0.006091503,2499.833301370873
681.5,0.00030072854,4392.468210684237
681.6,0.00010849589,4829.1664357209975
681.7,7.8497666e-05,4241.207293544513
681.8,7.5972814e-05,3675.502965587144
681.9,4.828121e-05,3335.2142457579525
682.0,2.5132624e-05,2857.0816364838784
682.1,8.737652e-06,3076.7750759820433
682.2,4.157161e-06,4297.491763312163
682.3,3.1828774e-06,4999.276231118445
682.4,1.4433741e-05,9205.420298881909
682.5,1.6809503e-06,6930.188292698749
682.6,1.5097085e-06,6081.224742515271
682.7,9.4134964e-07,7114.626622882199
682.8,1.6198819e-06,6133.639484755582
682.9,5.2363863e-05,4720.9548675314945
683.0,0.013528022,865.9212463159846
683.1,0.0046519446,1422.1369853879332
683.2,0.018031778,2057.585965202111
683.3,0.011646924,3592.5007741336462
683.4,0.0027126654,2368.3432302619876
683.5,0.00024597463,3898.282646954957
683.6,0.00017462473,3740.721064247621
683.7,8.9107925e-05,3628.54451763605
683.8,6.3813655e-05,3356.0308749272012
683.9,3.835881e-05,3371.431904556884
684.0,1.9003071e-05,3916.1437405844604
684.1,6.58647e-05,9427.560042565217
684.2,0.021836096,876.9269709672304
684.3,0.003960364,7529.548162294168
684.4,0.006088483,4670.692681020461
684.5,0.002678149,4663.183313699656
684.6,0.010521797,4010.2018055431026
684.7,0.01023855,9007.422876881294
684.8,0.013030698,3628.546230587842
684.9,0.019490654,3338.7122818299317
685.0,0.0032728368,3142.3894014447046
685.1,0.00022203216,5167.171499212772
685.2,0.00010824402,5600.042734374555
685.3,9.0785405e-05,5268.002300760865
685.4,7.1699455e-05,4964.025550417698
685.5,5.0375987e-05,4730.967818428686
685.6,2.630529e-05,4505.323419016644
685.7,1.9205769e-05,3618.4845973591914
685.8,9.032615e-06,3734.3652588555033
685.9,2.9258561e-05,2506.9712292865775
686.0,0.0005232928,2554.4005058694693
686.1,0.0017388739,3208.706425351055
686.2,0.002280029,3306.648323481346
686.3,0.001823879,3215.109857276739
686.4,0.0013023653,2703.4605251644525
686.5,0.0008767474,2580.6828966480193
686.6,0.00040968967,2501.3645875399425
686.7,0.00010392786,2571.0057829661573
686.8,2.4124995e-05,3215.0508074215245
686.9,5.4328786e-05,3872.608227806912
687.0,9.932964e-06,3493.7607367326164
687.1,2.5362311e-05,4808.072234473212
687.2,0.0071252272,2832.9037118481792
687.3,0.014321676,4992.816657293035
687.4,0.030964667,8050.864318212316
687.5,0.069029875,2333.864717639252
687.6,0.074199066,1862.7815563077097
687.7,0.04063931,2409.5090759093655
687.8,0.052925494,895.1269951430608
687.9,0.050417874,3306.0968081605915
688.0,0.06261382,2872.007390633832
688.1,0.006942176,4881.101555091884
688.2,0.0011675605,3225.3832493542623
688.3,0.00015163423,5075.807704172969
688.4,0.00016183768,4536.124573278452
688.5,0.00012667301,4227.488240668993
688.6,8.851141e-05,4365.296547535387
688.7,8.2810075e-05,3329.445682920874
688.8,3.550995e-05,3588.777718406796
688.9,2.2998047e-05,3243.863190639956
689.0,1.44606165e-05,2540.129527236574
689.1,1.6611715e-05,1587.0963590145107
689.2,1.6370668e-05,2036.0838464567541
689.3,1.7254793e-05,2448.21893257751
689.4,0.0056240936,1441.078705036576
689.5,0.025755819,2637.4714608169006
689.6,0.012875061,8845.43377454577
689.7,0.012264803,5606.826218964794
689.8,0.0042961896,5605.865660015552
689.9,0.030847944,5174.542997958597
690.0,0.035270087,3581.5734258374932
690.1,0.015398545,8991.29958244237
690.2,0.012169061,4288.575384332848
690.3,0.005750015,4077.5437645387174
690.4,0.00026900257,5102.973889044159
690.5,0.00016571522,5559.612753595138
690.6,0.00013506087,5876.762757561346
690.7,8.5587024e-05,5805.612245802159
690.8,6.453637e-05,5589.960496534294
690.9,2.055099e-07,9685.89731831029
691.0,1.8512787e-07,10052.764888527176
691.1,1.8866736e-07,9909.654717395792
691.2,1.8629049e-07,9896.865307946782
691.3,1.9438382e-07,9945.392461630996
691.4,1.813706e-07,9945.03434351649
691.5,1.9338106e-07,9942.853554918032
691.6,1.901328e-07,10159.096676159545
691.7,1.2869218e-06,5658.719751413543
691.8,1.00982015e-05,2545.5440995176436
691.9,1.9113366e-05,1438.6708803345145
692.0,2.2726495e-05,1773.5275981716914
692.1,3.4401874e-06,3697.3836801291955
692.2,4.980852e-05,1157.5943625066293
692.3,5.9607326e-05,1520.2565945395695
692.4,3.3724427e-05,1913.795553079081
692.5,0.0015513304,5460.914954737277
692.6,0.051029354,8110.04985571289
692.7,0.013109045,5938.146937151838
692.8,0.04065961,2285.653865751917
692.9,0.06711267,1515.3240427284363
693.0,0.04978961,1568.0095019399382
693.1,0.040796466,1755.889172635733
693.2,0.049344696,1569.3175667471023
693.3,0.027383935,8665.654945646776
693.4,0.0627892,2814.4846934474776
693.5,0.04131563,3183.7949815393295
693.6,0.012789272,5983.802217833254
693.7,0.017596545,2486.978737935968
693.8,0.019332413,1304.5666582866947
693.9,0.005725878,3553.8172620979067
694.0,0.0006265976,3920.8293076635427
694.1,0.00036394387,4176.089515876585
694.2,0.0002213552,3892.4496825042775
694.3,0.00017140934,3527.023495568016
694.4,0.0001036573,3081.66400306776
694.5,0.00014417536,8801.584490357907
694.6,0.02386388,6971.410111196334
694.7,0.031559765,1538.0858176875786
694.8,0.06270093,2220.0780565315536
694.9,0.08104301,1646.7848743655088
695.0,0.05048169,1541.6515416745888
695.1,0.052630335,2234.7217125571374
695.2,0.028011734,2123.5155157769705
695.3,0.002893092,1939.4455829222293
695.4,0.0443393,2495.9579024777877
695.5,0.061613936,1975.1397762875945
695.6,0.09419632,2423.535417833044
695.7,0.13205598,1954.5142299712309
695.8,0.094450146,1347.9720760753644
695.9,0.027803803,2666.0544215994955
696.0,0.039225508,3350.0091652565816
696.1,0.024494514,5380.555033850012
696.2,0.021591906,11111.879594024986
696.3,0.0062857987,9890.489530935673
696.4,0.0003332587,6445.06907731234
696.5,0.00016198249,5416.364642235285
696.6,0.00020684292,4976.406503253046
696.7,0.0005470985,3437.8727149890315
696.8,0.0009640187,3386.846621355583
696.9,0.00085637195,3252.434358583885
697.0,0.0003026545,3375.8815581378876
697.1,4.25027e-05,6323.949369607451
697.2,0.00041187168,3446.9367134643135
697.3,0.013291928,4679.570327379615
697.4,0.017577313,3551.915785806752
697.5,0.042241618,2749.5525482561784
697.6,0.051843617,2895.9699357305076
697.7,0.07535104,3276.0010202306116
697.8,0.040141955,2051.1476965369984
697.9,0.03583211,3356.155743289587
698.0,0.04810814,8469.511428892982
698.1,0.031938575,3300.531229434281
698.2,0.054038405,2940.926032040911
698.3,0.019745197,3527.521023549391
698.4,0.0010546278,2670.541775003569
698.5,0.0067108707,4339.20208335475
698.6,0.0053989785,4354.934456713279
698.7,0.0016412315,3254.5004912665618
698.8,0.0001663068,4246.474067246968
698.9,0.0005694706,10015.137200529794
699.0,0.0118613485,3304.619028302465
699.1,0.028727503,6862.497561109075
699.2,0.05418448,4857.221322221241
699.3,0.07729573,3614.567363022962
699.4,0.07786055,2619.199794044017
699.5,0.07652,2578.2653774331625
699.6,0.0629902,1045.97714924713
699.7,0.057139564,1291.4609914977602
699.8,0.026021196,1865.7022056345716
699.9,0.06205341,1647.6107399064283
700.0,0.142976,1728.9577353967532
700.1,0.012718858,7786.403403463137
700.2,0.10040852,2516.260090775417
700.3,0.023386002,2254.6973591431497
700.4,0.030673964,1337.6604080082188
700.5,0.055694625,2684.3701638744433
700.6,0.008123527,8220.218188219184
700.7,0.06683263,2743.5851830349548
700.8,0.017620243,3848.0820356232334
700.9,0.0045982474,3186.6883762017405
701.0,0.0002502445,5298.4784219544
701.1,2.104002e-07,9717.921110795254
701.2,2.0733246e-07,9992.006430355194
701.3,2.0300274e-07,9973.781293250851
701.4,1.9723308e-07,9544.620748835741
701.5,5.5342276e-05,3270.5627600647435
701.6,5.933967e-05,1990.7125554133574
701.7,0.00027447558,2049.3174371803166
701.8,0.00023163986,1884.955579942141
701.9,0.00014808813,1873.0157670345739
702.0,9.72684e-05,1780.0870101304774
702.1,1.7550745e-05,2184.070181167427
702.2,0.00053627393,1462.1513347905543
702.3,0.045273494,2132.6757846452374
702.4,0.06853112,3083.090978478167
702.5,0.15562056,2342.097614922137
702.6,0.010330767,10801.552676356401
702.7,0.025338672,6071.610500588286
702.8,0.0031774342,2629.346903270396
702.9,0.00020239926,5542.493873243441
703.0,0.13599834,1895.952303045944
703.1,0.025392529,4221.768942464172
703.2,0.00066588586,2865.3658053108115
703.3,0.0007329793,3504.4734165766904
703.4,0.0003505042,3493.626506163128
703.5,0.00019573889,3720.258584865276
703.6,7.526575e-05,5491.659081687363
703.7,6.0525723e-05,4842.404581876635
703.8,5.515065e-05,4044.5487085367536
703.9,8.773189e-05,3796.1845157215134
704.0,0.05690776,3743.074722421525
704.1,0.04096775,6459.379142921745
704.2,0.059128426,4512.9170771797435
704.3,0.11870257,2379.9967777517218
704.4,0.12577523,2275.9542456539502
704.5,0.06780981,1071.3924032514517
704.6,0.024009574,9102.239385800018
704.7,0.011814136,4478.832037494129
704.8,0.013515517,3515.2373316304765
704.9,0.0123219155,3504.663719803715
705.0,0.00046423337,4756.2830883711995
705.1,0.00024983686,4123.656063136365
705.2,9.8293785e-05,5589.483571949906
705.3,8.877929e-05,5409.1895755636
705.4,6.09344e-05,5150.653949747459
705.5,5.9581573e-05,4202.469877116883
705.6,5.887325e-05,3175.5992344728047
705.7,7.575419e-05,2317.9639995234365
705.8,1.0410414e-05,2544.5168953269485
705.9,1.5239537e-07,9922.924039806021
706.0,1.5089459e-07,9926.661672723647
706.1,1.482518e-07,10087.965600099556
706.2,1.5129578e-07,9782.765916971704
706.3,1.5260183e-07,10053.55876757704
706.4,1.5082404e-07,10007.595025607276
706.5,1.2233019e-07,10089.612722849977
706.6,4.8141933e-06,3200.6337585752854
706.7,3.6092033e-06,4008.626333220427
706.8,1.3132725e-06,7098.762033327068
706.9,1.0750715e-06,7894.887478724544
707.0,1.0611967e-06,6821.6018576404895
707.1,1.0315998e-06,7091.894114431126
707.2,9.928248e-07,7740.876818326435
707.3,1.0131579e-06,7577.872968447797
707.4,1.2934579e-06,6807.158590611839
707.5,1.0558808e-05,6346.714450622221
707.6,0.0005130054,550.4514584376801
707.7,7.180531e-05,749.0757679529377
707.8,0.0057343114,546.8242533879436
707.9,0.030829003,1902.3594307454987
708.0,0.047785353,2007.8976054056388
708.1,0.010300929,3570.359317606625
708.2,0.01827435,4045.6213074699936
708.3,0.005336547,3654.74179218429
708.4,0.00073307287,2818.423039987838
708.5,9.856891e-05,5723.137700715845
708.6,0.00055334315,2830.931598056439
708.7,0.06373038,1441.173567631138
708.8,0.0435393,2650.1545579135172
708.9,0.006891686,3641.456560243719
709.0,0.06303013,2768.580470898465
709.1,0.005852277,4894.471418849518
709.2,0.00060732535,4769.098486187095
709.3,0.000113219845,5444.993098814966
709.4,6.660329e-05,6118.318263581581
709.5,4.835275e-05,6045.728794729523
709.6,4.801082e-05,5259.674075922857
709.7,3.3952005e-05,4521.457737176457
709.8,2.2854316e-05,4240.884895424126
709.9,1.4283867e-05,3517.6010242202287
710.0,7.3542083e-06,4247.384468257524
710.1,6.87711e-06,4651.121659483675
710.2,0.0121389,5695.6452277342305
710.3,0.015112398,5731.80377958291
710.4,0.0011722201,3097.788614016805
710.5,0.00017379774,4900.401945034312
710.6,0.009029373,2831.2825072754813
710.7,0.055075448,3384.6261700007594
710.8,0.024452647,3490.1292818869706
710.9,0.0025970526,3316.574098434221
711.0,0.0002419524,3828.4314439156074
711.1,0.00013730513,5085.551921674545
711.2,0.002840247,4498.672820839317
711.3,0.0044520083,3510.0897931482564
711.4,0.0015892311,2780.536342993876
711.5,0.00026599792,2996.0366831781093
711.6,6.258945e-05,4819.914590303776
711.7,0.001568558,2294.6720580260308
711.8,0.0050995806,8323.45535345807
711.9,0.07254979,3031.063453097924
712.0,0.071801834,2072.8305853972897
712.1,0.07056068,1617.658788688222
712.2,0.10726719,2315.5664854627094
712.3,0.0042155124,2518.1641687508545
712.4,0.021728674,2709.162775947054
712.5,0.009806853,4894.614144802263
712.6,0.16876733,2378.1696281897707
712.7,0.020608425,2399.17318973507
712.8,0.17111392,2273.027095141081
712.9,0.14341143,1976.1415882101653
713.0,0.08248964,1784.8471975449527
713.1,0.042970553,2890.475548124892
713.2,0.030770713,2648.6947548329067
713.3,0.006225219,3326.32846981289
713.4,0.06413572,2641.449317492897
713.5,0.017052298,6487.357232734555
713.6,0.13820802,1953.1428339031488
713.7,0.008522044,3626.354919056414
713.8,0.00072538975,4017.5988061217104
713.9,0.00016697145,5363.901181101907
714.0,0.00011689828,6315.877261652244
714.1,7.030851e-05,6241.859172489506
714.2,5.5300057e-05,5877.080617250924
714.3,4.3022017e-05,5666.289312661853
714.4,3.6446658e-05,4522.538368875
714.5,2.3652205e-05,4161.320709014871
714.6,4.2174855e-05,3046.3468431588385
714.7,0.028474282,5469.041512971888
714.8,0.011979588,5045.851493375769
714.9,0.0002071396,4910.873407424011
715.0,9.518615e-05,6280.114399018639
715.1,6.8049805e-05,6381.720408071882
715.2,4.7456408e-05,6768.783226311221
715.3,0.00048007394,1993.2245607741452
715.4,0.0004002584,3702.84267430206
715.5,0.00010661533,4853.538940405241
715.6,0.07640803,3214.5130326901744
715.7,0.024377553,3217.819155279762
715.8,0.053184897,3341.020050767965
715.9,0.037011784,2077.260852921566
716.0,0.06799061,1555.0193229987533
716.1,0.02340842,2233.3383097206993
716.2,0.0035165302,9543.348815914942
716.3,0.043294776,1502.5586916221605
716.4,0.07322331,2275.4912904689545
716.5,0.032987516,3333.69740110315
716.6,0.035587873,2775.421565617788
716.7,0.021152185,3339.0329596584743
716.8,0.01660574,1218.9555737961819
716.9,0.069948554,2520.5678359950566
717.0,0.01826592,3393.0476564738556
717.1,0.019796753,2343.3245541990173
717.2,0.123879,2133.012318675198
717.3,0.03786989,2428.497309350695
717.4,0.016841345,1036.6541715089375
717.5,0.04230547,1641.0894328229292
717.6,0.08463079,1485.2378023114418
717.7,0.009398881,3748.6748787086362
717.8,0.0004351955,3161.2223584641542
717.9,0.00012678283,4913.648655105715
718.0,8.610819e-05,6289.861133363835
718.1,7.9171485e-05,5021.461723885257
718.2,5.5916265e-05,3820.8433221758983
718.3,0.00346376,1973.7562656486866
718.4,0.00069794944,2643.5983268721193
718.5,6.554222e-05,3921.9867338582217
718.6,3.5469893e-05,3390.182994331614
718.7,2.5604371e-05,3249.871796419611
718.8,1.788067e-05,2990.866916431952
718.9,1.2441151e-05,2986.8779460592905
719.0,2.88791e-05,2584.549082296756
719.1,1.7324024e-05,4909.070903095376
719.2,0.015353577,5316.091498446589
719.3,0.017655186,5338.6049576994355
719.4,0.00039847207,4307.553554205014
719.5,0.0015982832,5019.472975947252
719.6,0.07861107,2793.706435868401
719.7,0.046052627,2976.649436881724
719.8,0.019712439,8909.774922152408
719.9,0.017811447,5607.738904445838
720.0,0.011751291,4101.089745143867
720.1,0.0004072121,3842.650611464972
720.2,0.000111059555,5867.1814499653665
720.3,7.2599185e-05,6698.5856300770765
720.4,5.567201e-05,7036.355414000436
720.5,0.01090407,3105.0714047895563
720.6,0.0009726747,3547.990698787231
720.7,0.00010429845,5184.126333275554
720.8,3.925516e-05,5309.540177607247
720.9,2.7660068e-05,4628.381461670936
721.0,2.1813845e-05,4158.961759196104
721.1,1.540157e-05,4143.639689734784
721.2,1.1050266e-05,3662.847008068432
721.3,8.365073e-06,3570.264772842542
721.4,0.0016175075,4370.956591732302
721.5,0.026603276,6121.482813430355
721.6,0.0062867654,4245.615233054967
721.7,0.00065614894,5326.135568586622
721.8,0.09469667,2387.898839151949
721.9,0.13186812,1926.358473604434
722.0,0.03852694,4755.029448429081
722.1,0.010961783,6195.496685699534
722.2,0.07463425,2941.5626722714096
722.3,0.013856282,10334.244956793322
722.4,0.044638425,3256.8735544309625
722.5,0.0048654736,3934.037460916199
722.6,0.011207708,3671.841818442421
722.7,0.0010335811,3708.942550114358
722.8,0.00011356512,5962.998083654465
722.9,6.232545e-05,6723.279386780099
723.0,5.09254e-05,6272.2723868443
723.1,3.9987088e-05,6055.798645420573
723.2,3.4580964e-05,5334.429602096245
723.3,2.2713837e-05,4788.500988025062
723.4,0.0010830094,5498.974710905739
723.5,0.00019904198,3744.43423044513
723.6,3.93662e-05,4935.579479652626
723.7,2.1920958e-05,4913.504293079839
723.8,1.1979121e-05,4913.550572207252
723.9,1.3023016e-05,4291.661694234014
724.0,6.9071266e-06,4367.2783232365355
724.1,5.3661333e-05,4983.251994469896
724.2,0.04457206,3398.834495647845
724.3,0.011229142,4275.976442806836
724.4,0.0002935164,4279.0487323401185
724.5,0.0013973084,6200.586718173009
724.6,0.015877768,5064.6446747030295
724.7,0.001682197,4591.267246780793
724.8,0.00010846391,5523.341179319204
724.9,7.0067006e-05,6184.352886835684
725.0,6.770543e-05,5444.792951610558
725.1,3.677657e-05,6140.7504209153085
725.2,2.6310745e-05,5530.496641277528
725.3,1.8971032e-05,5163.382541040428
725.4,1.0663131e-05,4919.16505128927
725.5,5.7343186e-06,4529.3232427136845
725.6,5.45572e-06,4383.599321126327
725.7,0.011217273,3852.138529105536
725.8,0.0012878546,3717.0233204502547
725.9,5.1483144e-05,6173.432208319416
726.0,3.8164086e-05,5512.708800913846
726.1,2.9844732e-05,4995.906011956055
726.2,2.114092e-05,4508.038324767853
726.3,1.9719895e-05,4094.1864804562347
726.4,1.035171e-05,3988.7418208050194
726.5,7.460723e-06,3678.696959618953
726.6,5.612688e-06,4413.594670506932
726.7,2.9399944e-06,3941.6494698280194
726.8,9.1593944e-07,6292.207350815241
726.9,9.93705e-05,2915.0816554451962
727.0,0.01242435,6277.201402067828
727.1,0.0101974765,6331.406747604756
727.2,0.002951956,3715.1471077450897
727.3,0.00011029919,5413.795889681456
727.4,6.0710965e-05,6414.128947337371
727.5,4.5847264e-05,6344.735535664462
727.6,3.4441804e-05,6140.254838068385
727.7,2.0817357e-05,7451.606943185312
727.8,1.4535479e-05,7063.253126492524
727.9,1.6444934e-05,4860.595183159828
728.0,1.4817116e-05,3762.1421955685446
728.1,1.6803355e-05,2308.723156918962
728.2,1.0310709e-05,3500.6118053291766
728.3,9.679513e-05,4236.32471327286
728.4,1.3734339e-05,3648.186601171003
728.5,0.0060316627,5231.090169505804
728.6,0.009098589,5294.665678377052
728.7,0.006647183,1108.4615062430985
728.8,0.00010719027,5886.945081315835
728.9,8.137833e-05,6212.7744932032
729.0,0.00023313028,4569.844440718987
729.1,6.26574e-05,5523.4304727153885
729.2,6.7052635e-05,4822.022340723513
729.3,1.9411551e-05,4957.045277282524
729.4,1.4671637e-05,4233.010849376419
729.5,4.5022094e-05,6511.071287630264
729.6,0.011153917,3277.539451811993
729.7,0.024991,1311.7427901507122
729.8,0.0332633,2760.9907641656973
729.9,0.023423357,3854.0135487172106
730.0,0.024970623,3998.2483422918212
730.1,0.005388245,2338.720555625649
730.2,0.00054345204,2460.8443929652362
730.3,7.503054e-05,5903.775248063293
730.4,6.76531e-05,5645.562942572787
730.5,5.9903647e-05,5166.856469804817
730.6,3.966345e-05,4764.622791733764
730.7,3.1714517e-05,4385.811705097483
730.8,0.0010478973,786.5376383634033
730.9,0.020398337,1353.4762809830852
731.0,0.024710182,1863.9137300467164
731.1,0.0030080932,4453.560879443985
731.2,0.026404787,3359.8010103046586
731.3,0.007270789,3423.040458926738
731.4,0.00042656684,2999.3292824189466
731.5,8.935356e-05,5438.191974964657
731.6,0.00021256127,4253.273122683421
731.7,8.571343e-05,3607.8756370146766
731.8,7.2292445e-05,3232.739744806641
731.9,7.592984e-05,2858.6500540664642
732.0,0.0023924594,2788.7882041213466
732.1,0.010116671,4302.751972827994
732.2,0.013088736,4417.7005324297315
732.3,0.010169199,4296.036791869898
732.4,0.005476098,3680.45486029845
732.5,0.004699038,3865.604387502065
732.6,0.009433034,4552.886061085303
732.7,0.012675331,3923.7790156398214
732.8,0.008234984,4191.163685690026
732.9,0.011372978,2235.972582835634
733.0,0.005882674,2202.805805568954
733.1,0.004370087,3908.5671317293873
733.2,0.009004939,2802.44454572603
733.3,0.0032990037,5223.303322936277
733.4,0.0007320858,4480.004782839853
733.5,7.945305e-05,6248.155323241699
733.6,6.3022104e-05,5819.969773768649
733.7,4.4538316e-05,4738.742965971176
733.8,0.00021542599,1821.9783068365286
733.9,0.0044131647,8955.987277710878
734.0,0.015184154,3670.185173571879
734.1,0.04497128,3257.3891955017993
734.2,0.043467212,3462.121898597849
734.3,0.0038536082,2575.1562511189136
734.4,0.034493163,2249.0960302143485
734.5,0.08279523,1684.9478974554545
734.6,0.023393244,3208.6403721907595
734.7,0.0050039766,2702.660373137475
734.8,0.0003409716,3430.1060864441706
734.9,0.00011814793,4651.753926671471
735.0,0.00014795997,3267.89364529675
735.1,7.3316674e-05,3839.271832039717
735.2,6.0125487e-05,3523.6806394416194
735.3,5.896209e-05,3141.4377048446404
735.4,0.012465091,6871.444119336305
735.5,0.11264963,1429.706951811446
735.6,0.09185209,2427.6590251890993
735.7,0.0010971453,2430.6283911129362
735.8,0.0256421,8350.404897083205
735.9,0.014457501,11167.373200845297
736.0,0.09394851,2165.69165996721
736.1,0.09195957,1657.8506869305688
736.2,0.025163827,1522.3545202746707
736.3,0.03626869,1782.6502316789436
736.4,0.03072282,1118.711815704462
736.5,0.094719045,1964.2728677964958
736.6,0.05504294,2461.520856806716
736.7,0.08820063,2695.0696770288605
736.8,0.12270447,1970.8100076860487
736.9,0.085392594,1432.4606519494464
737.0,0.030729484,1772.1340866543674
737.1,0.051093444,1895.1775987955452
737.2,0.036838803,1233.0555640272592
737.3,0.039098296,3343.9283425996796
737.4,0.016891155,11376.230914018714
737.5,0.019830141,3979.210249184596
737.6,0.0051162387,2949.9158391515684
737.7,0.00031422733,3372.9568838517343
737.8,0.00028229793,5138.547666459577
737.9,0.00022960162,4917.752470308649
738.0,0.00015546077,4140.446826769561
738.1,5.619465e-05,6354.927493556888
738.2,3.1828982e-05,6524.025420968226
738.3,2.61548e-05,6231.269190043936
738.4,1.2943248e-05,5738.322661664753
738.5,0.00017617381,2589.3089893804404
738.6,0.0048949057,4693.234698919673
738.7,0.008405164,5159.7019720202015
738.8,0.0072978684,5170.722272507879
738.9,0.004535056,4735.910456922363
739.0,0.0014720698,3773.335876428414
739.1,0.00025089676,3067.4135448667403
739.2,0.0072723725,3905.1541872496264
739.3,0.015492629,6686.065454923259
739.4,0.038515043,4510.667324649417
739.5,0.039546337,3572.8424304279024
739.6,0.053788576,2303.547702983829
739.7,0.0067547713,9912.379650750987
739.8,0.030905748,811.3685404144178
739.9,0.020614792,1224.8238149751019
740.0,0.023822982,1104.5553053304752
740.1,0.025559073,3075.2931477526704
740.2,0.019559477,3169.217572410816
740.3,0.003980812,2690.2830670545313
740.4,0.00032090562,3101.565288074433
740.5,0.00012217215,4415.043630132758
740.6,6.412679e-05,4452.069182182181
740.7,0.0009248612,2283.1734002315256
740.8,0.028726462,2568.7807045949407
740.9,0.018395148,10443.771210452302
741.0,0.060112983,1031.3498835968412
741.1,0.043691717,1912.7292254131758
741.2,0.036443677,2383.7106369671433
741.3,0.013767714,4090.7935402970425
741.4,0.040291943,2433.5179058315634
741.5,0.00028810752,3585.200160954932
741.6,0.07700167,2698.0851241250984
741.7,0.08619898,1158.7504472121993
741.8,0.017742608,2670.051857774608
741.9,0.0021776846,1791.6868104268285
742.0,0.008957627,3363.020357317361
742.1,0.0065998575,4152.644976530659
742.2,0.003785989,3642.077481009215
742.3,0.0014958818,2502.4994800340373
742.4,9.364403e-05,4445.29590087478
742.5,0.0048522674,793.082307776927
742.6,0.00944949,1033.6162624950275
742.7,0.054439165,6006.241494864997
742.8,0.10445892,2105.6264201399954
742.9,0.11520538,1742.6237425169866
743.0,0.0017317701,2127.3012840482597
743.1,0.016840247,4487.861546283613
743.2,0.10204205,1697.8834558865442
743.3,0.03477154,3747.9074661436853
743.4,0.08610656,2561.8282162946807
743.5,0.029491102,1649.6390129849374
743.6,0.06170861,3309.5824758079907
743.7,0.04541995,2739.9198148400055
743.8,0.022521805,10850.110062159034
743.9,0.012767972,5538.872699085154
744.0,0.014509124,2921.978673194725
744.1,0.022575,3360.2531784306807
744.2,0.0027584967,2133.687371219796
744.3,0.000118303935,5649.289981379357
744.4,8.428645e-05,5463.07276113716
744.5,7.571339e-05,5611.211571709571
744.6,5.7855177e-05,5247.4829628818425
744.7,4.5188674e-05,5072.441346067954
744.8,3.523459e-05,4244.977370363172
744.9,2.3265917e-05,3614.6780738320913
745.0,8.434494e-06,3322.9838205383617
745.1,3.839162e-06,3877.3690971802293
745.2,1.1483512e-06,5636.554473623016
745.3,8.484709e-07,6419.5499841130795
745.4,3.255359e-06,4915.075477893623
745.5,8.2323766e-07,7062.3261896777785
745.6,6.8811005e-07,6690.985633095616
745.7,7.4205263e-07,6853.126338547374
745.8,8.241714e-07,6378.151311916566
745.9,2.4102935e-06,5499.385790978629
746.0,1.1353656e-06,7065.821287766137
746.1,3.0990077e-06,4133.0287341004105
746.2,1.590043e-06,5155.475442879957
746.3,3.930532e-06,5371.678891358004
746.4,0.0027296485,568.9165334895869
746.5,0.017917253,1034.8276217391272
746.6,0.0009831778,3057.803879068449
746.7,0.00015582288,2523.1968924198586
746.8,0.000111271074,3415.361214460384
746.9,0.00014533316,3747.911785234871
747.0,5.156962e-05,1950.0647157214005
747.1,5.1873405e-05,1975.74161534823
747.2,2.5069423e-05,2610.0635415357497
747.3,4.8218983e-05,3012.076291496174
747.4,2.2219854e-05,3696.9814316870597
747.5,1.2398592e-05,4002.2487777647048
747.6,3.9242636e-06,4266.514616637376
747.7,1.5546196e-06,5456.149554528223
747.8,9.463868e-05,13604.168288567653
747.9,0.005742848,3600.99766225217
748.0,0.007930374,4457.500083761196
748.1,0.00567258,9469.706609207926
748.2,0.011916597,7473.809241082738
748.3,0.008907994,3271.0586905803993
748.4,0.0028287305,6894.947825195206
748.5,0.0013573401,2178.1218077550975
748.6,9.7915276e-05,5846.643130323503
748.7,0.0001036507,5040.988370062776
748.8,7.106319e-05,5616.959498774429
748.9,3.1544747e-05,6417.234852967369
749.0,2.8967757e-05,5217.144395926876
749.1,1.023905e-05,5832.40489105883
749.2,3.653474e-06,6275.423805677488
749.3,1.3682613e-06,6831.930209619198
749.4,6.508082e-06,3638.834393394752
749.5,1.4548126e-05,3850.7582900852935
749.6,2.1082597e-06,5295.425049401352
749.7,9.287457e-06,2542.0715373383337
749.8,3.259832e-05,1841.1320100404178
749.9,2.376839e-05,2237.3961906176187
750.0,1.5668727e-05,2200.8504722730754
750.1,0.006421388,2888.568289900073
750.2,0.009829352,4807.518291832832
750.3,0.011621208,7526.7607745448295
750.4,0.01919317,1819.17944250214
750.5,0.009559854,3137.9024274880144
750.6,0.0068229637,3817.508218551184
750.7,0.0052199736,3127.1158769118424
750.8,0.018273855,2255.773566544707
750.9,0.022366371,2271.9369768661672
751.0,0.022284161,2048.5024180162764
751.1,0.019522516,932.5686541705762
751.2,0.0070816227,9437.666301491992
751.3,0.009225515,3691.600836735015
751.4,0.018382903,1274.7413392321753
751.5,0.0025605261,2693.9025390001107
751.6,0.000624937,2316.9104743817115
751.7,8.720894e-05,5205.1508687442
751.8,7.2829396e-05,4708.11088133482
751.9,6.8196954e-05,3743.41359706049
752.0,3.822333e-05,3938.932654332124
752.1,2.7750559e-05,3359.1096629212443
752.2,1.2722218e-05,2175.145883700715
752.3,4.522386e-06,2852.9055990594043
752.4,1.255009e-07,10016.223815979789
752.5,1.2790049e-07,9924.760626524932
752.6,1.2669686e-07,10082.210977931678
752.7,1.2376739e-07,10103.329532619162
752.8,1.2634608e-07,9745.402348175527
752.9,3.281431e-06,4147.577120938328
753.0,1.2535045e-06,5794.830247074369
753.1,3.661873e-06,3882.147003161107
753.2,5.9606746e-06,2770.43452102137
753.3,2.873216e-05,1159.5266320031246
753.4,1.9496727e-06,4764.967760987102
753.5,1.1856429e-06,5737.018775284047
753.6,1.0798732e-06,6254.647691503669
753.7,7.994164e-07,6093.71638963146
753.8,1.2320455e-06,5849.632543787819
753.9,0.00047182594,2305.4228238535025
754.0,0.0058949976,2553.7174246658255
754.1,0.0035940085,3081.62997164408
754.2,0.002618265,5638.430208562628
754.3,0.0034731887,8677.941678921012
754.4,0.008233001,7985.53173445762
754.5,0.0047302833,7066.167167405026
754.6,0.00048098213,3722.8765806227943
754.7,0.00037491764,3670.1017186819363
754.8,0.00070811715,3172.9458848737127
754.9,0.008731265,1860.1234505057168
755.0,0.0017143013,3153.322050011901
755.1,0.0046130097,8206.575952733056
755.2,0.0055424185,7732.333704830266
755.3,0.0015997497,6078.382879936823
755.4,0.00029998395,3616.529449120265
755.5,6.1986044e-05,6690.963781708797
755.6,2.8900318e-05,7525.994457331398
755.7,2.1010082e-05,7343.275624177555
755.8,2.1450993e-05,6231.124828827371
755.9,2.217657e-05,4899.902639659934
756.0,6.6592576e-05,2879.296237439234
756.1,5.7776804e-05,2256.8882782596215
756.2,7.5089076e-05,1989.2052593196786
756.3,6.3922096e-05,2050.7104040565614
756.4,2.2426448e-05,1930.055680596869
756.5,6.2690074e-06,2777.0707253909723
756.6,5.897668e-05,1443.881483723234
756.7,0.0074176257,2345.4037113305485
756.8,0.006031199,2481.8914360799063
756.9,0.0037435521,8405.98822680371
757.0,0.0063240826,8333.754564007193
757.1,0.0042087077,7538.56240217045
757.2,0.0006537504,4771.23396486238
757.3,0.0003916511,3520.342929771905
757.4,0.00036675754,3180.4975497790174
757.5,0.0002768983,3131.386428438833
757.6,0.00063431053,2989.8580075120053
757.7,0.0031198014,2262.3342223082823
757.8,0.0020936257,3776.930251904163
757.9,0.0066480585,8561.951057355483
758.0,0.0089758765,8530.274894154583
758.1,0.0037763007,7853.214836323486
758.2,0.00037713366,3558.1042321669593
758.3,5.224978e-05,7197.460207576025
758.4,3.403723e-05,8502.208094335396
758.5,2.6737875e-05,8828.864200219527
758.6,2.0105523e-05,8820.427694893122
758.7,1.5967624e-05,8255.947140363238
758.8,1.0280271e-05,7762.534478187705
758.9,6.2395484e-06,7493.017246090209
759.0,3.2599746e-06,7332.575022472525
759.1,1.1429548e-06,7152.499687173463
759.2,7.3135207e-06,3183.0374261805123
759.3,2.146183e-06,5316.7483378591005
759.4,1.0117832e-06,5295.340984932763
759.5,1.6007891e-06,4876.015932260211
759.6,7.2895534e-07,6498.062526818765
759.7,1.019463e-06,5901.059859989779
759.8,5.0782564e-06,3614.3770342392368
759.9,2.7364931e-06,6326.568940630907
760.0,7.997841e-06,6064.7038024903395
760.1,0.0032716002,4677.55931129421
760.2,0.011777788,2419.910839310364
760.3,0.013403066,2701.8728300585694
760.4,0.009166736,2494.948844513291
760.5,0.0015175748,1938.984702533517
760.6,0.002800525,6980.0285344099575
760.7,0.0052522183,1272.5251928475595
760.8,0.0023147375,2475.0538822549215
760.9,0.0030306892,7552.151857848212
761.0,0.00235194,5049.117754340126
761.1,0.00013755508,4352.252936059091
761.2,5.9964746e-05,6458.479503782411
761.3,3.7843125e-05,6701.513169357143
761.4,2.295517e-05,6832.8234476125745
761.5,1.5380356e-05,6889.32790376635
761.6,1.1785774e-05,6156.458826153185
761.7,1.3085603e-05,4817.247817765789
761.8,6.8133913e-06,5073.097609119601
761.9,8.720255e-06,3569.532815333333
762.0,1.0906346e-06,6272.382699685262
762.1,1.1317705e-06,6117.492826726841
762.2,1.393405e-06,4682.04086528898
762.3,0.0028229808,10073.643029316387
762.4,0.0122692855,2998.1083976320206
762.5,0.023080232,1215.5010797001905
762.6,0.019729896,932.570697090769
762.7,0.01300998,1483.4864146256803
762.8,0.012338856,817.3167587012246
762.9,0.008171388,1202.4782201582814
763.0,0.0051487465,9034.453598434668
763.1,0.027643612,2129.3625155540876
763.2,0.03169293,819.8505682513983
763.3,0.018635256,3020.031826537551
763.4,0.014019835,2211.0540222881946
763.5,0.013873253,3168.368324398848
763.6,0.0062596444,7724.741812476243
763.7,0.004573473,7436.667969329725
763.8,0.010364591,2490.3429528920187
763.9,0.0075978274,861.4492872684742
764.0,0.0036021227,5119.71543731854
764.1,0.005655694,6602.725296121722
764.2,0.003945672,2185.8463266737654
764.3,0.0006689994,2851.5270240900372
764.4,0.0019577057,3956.524044918946
764.5,0.0003242944,2901.6972377414077
764.6,5.61887e-05,5157.708684057846
764.7,4.2577933e-05,4879.720045651806
764.8,3.352862e-05,4804.293520070225
764.9,4.9627665e-06,5845.292740574303
765.0,1.2688145e-07,10160.772850285406
765.1,1.2853684e-07,10131.289524327534
765.2,1.2594614e-07,10172.050551526328
765.3,1.2806207e-07,9825.990393671282
765.4,1.2424084e-07,10111.226987363683
765.5,1.2538702e-07,9985.18023151632
765.6,1.2721517e-07,10138.963535719839
765.7,1.268082e-07,10114.524291082815
765.8,1.258769e-07,9878.962797872147
765.9,1.2744599e-07,10119.899412507586
766.0,5.128677e-07,7040.830150092822
766.1,7.136929e-07,6789.0791356801055
766.2,8.3739616e-07,6149.082662756616
766.3,6.8652474e-07,6712.138478143645
766.4,2.1311387e-06,5034.093462130608
766.5,1.1920458e-06,5757.814970025556
766.6,3.0421747e-06,4132.025185695578
766.7,8.90349e-07,6031.095136930309
766.8,5.740205e-06,2915.665021012262
766.9,8.252063e-05,2361.47313669589
767.0,0.004996706,2995.172501174168
767.1,0.009971683,2442.8167556643
767.2,0.0048949393,6929.22721033126
767.3,0.007568812,7714.1628874104445
767.4,0.0074476153,7354.044180119728
767.5,0.002346773,6490.737934788551
767.6,0.00064992957,4853.324875310043
767.7,0.00014706411,4630.471801420188
767.8,8.017178e-05,5647.669368982322
767.9,0.00021292204,4251.155261108689
768.0,0.0016179176,3436.8925477729526
768.1,0.0029608617,3064.5740691679557
768.2,0.0059154886,8049.800609221016
768.3,0.0063478923,8138.04032582651
768.4,0.005066085,7467.985716448844
768.5,0.00020603814,4835.288861975054
768.6,5.984772e-05,8177.768694984921
768.7,2.6349206e-05,8568.955630334167
768.8,2.2000439e-05,8629.973455211832
768.9,1.8652074e-05,7839.600301963899
769.0,4.9077335e-05,4175.724321634779
769.1,9.6960706e-05,2583.1737475173973
769.2,6.6967375e-05,2665.6117023962224
769.3,4.9390906e-05,2308.201104464737
769.4,6.329431e-05,1949.547194690519
769.5,1.50972055e-05,2099.6567320644035
769.6,3.0146682e-06,3938.6057866208953
769.7,7.611031e-05,1393.880010995734
769.8,0.00096841936,3902.1077007278686
769.9,0.005211672,2502.953491970112
770.0,0.0042243055,2345.9121912957294
770.1,0.0028855444,6164.772004391994
770.2,0.005902787,8242.505166298493
770.3,0.008329498,7368.036926275922
770.4,0.0032060712,6396.757262493225
770.5,0.0006320678,3396.3820057435396
770.6,0.00036744014,3175.4547311691585
770.7,0.00021362705,3578.9041563594305
770.8,0.0004843939,2882.1405600979283
770.9,0.002330319,2412.1137638780237
771.0,0.00403246,1991.8269974721006
771.1,0.0018895352,5500.762020301245
771.2,0.0045272917,8112.976354689249
771.3,0.006191379,7670.059869837154
771.4,0.0021920984,5323.0346133798075
771.5,0.0006441513,2689.6929481724173
771.6,0.00030161015,3004.4000947002323
771.7,6.096408e-05,5299.533333467977
771.8,2.6883752e-05,6162.1567707771055
771.9,1.820865e-05,6288.275039153255
772.0,1.320921e-05,6258.481530074595
772.1,7.4959835e-06,6610.388070423505
772.2,5.405218e-06,5523.089080200475
772.3,5.1407583e-06,4109.590094936175
772.4,7.772789e-06,3574.525807826849
772.5,1.4480275e-05,2037.3158112980452
772.6,7.3597466e-06,2996.608401212262
772.7,5.3273525e-06,3328.4572343743953
772.8,1.4480403e-06,5447.871945035698
772.9,8.307665e-07,6552.7433138641
773.0,1.8553017e-05,1216.8787576352627
773.1,0.0012921783,4436.110126285419
773.2,0.0064323335,2992.089234272084
773.3,0.0038146188,2875.638884201161
773.4,0.0016025183,2716.4770251723644
773.5,0.0015095894,6417.936857568119
773.6,0.0041858647,7863.808907268828
773.7,0.0038311386,6790.724647669933
773.8,0.0009913638,4555.91560634957
773.9,0.00028817658,3516.254088168479
774.0,0.00014688351,4024.919468911108
774.1,9.370453e-05,4210.236349611556
774.2,0.00014798084,2844.729434526434
774.3,0.0010515926,2943.9615459257984
774.4,0.002898619,2141.3790679276112
774.5,0.0007563318,2823.91946418084
774.6,0.0028122156,7824.99384723068
774.7,0.003413564,7428.063203833854
774.8,0.0025460199,6201.220669697457
774.9,7.791713e-05,5648.232340082335
775.0,2.6067251e-05,7766.371478877875
775.1,2.136259e-05,7762.309685714159
775.2,1.8128558e-05,7150.061773246587
775.3,1.3209522e-05,6938.539467948256
775.4,9.844654e-06,6452.148180426549
775.5,6.171635e-06,6147.836429015905
775.6,4.5158813e-06,5762.059247107398
775.7,0.0010796183,2994.90904598707
775.8,0.003919113,2052.97032486247
775.9,0.001408577,4842.962693851578
776.0,0.0028019126,7794.863214040902
776.1,0.0031780384,6811.9845178381765
776.2,0.0011935941,5507.005628911546
776.3,0.00018717749,4177.686588154254
776.4,5.9628175e-05,5221.428943440042
776.5,0.00010473976,4346.983760081082
776.6,0.00041418264,2445.786132859724
776.7,0.0019762623,3440.1133850348347
776.8,0.003987385,7331.948449103446
776.9,0.0059224432,7268.643235192243
777.0,0.002676954,6776.657045458409
777.1,0.0002662786,4893.0432760595795
777.2,3.6003716e-05,7310.379020766446
777.3,0.00050688663,1681.4133349192957
777.4,4.2801606e-05,5930.026784657115
777.5,1.9844423e-05,6439.79766121086
777.6,1.9067536e-05,5814.020174168788
777.7,1.890125e-05,4882.4071437723
777.8,4.335077e-05,2999.6330191870284
777.9,0.000106957625,5712.262119723421
778.0,0.00015023854,5111.336979522639
778.1,0.00016570618,5846.062362132443
778.2,0.0001180152,5069.24723227506
778.3,9.525944e-05,3337.46192290168
778.4,8.4155334e-05,2236.340970789282
778.5,5.0452083e-05,2033.9501095811456
778.6,4.3740725e-05,1512.2315293961155
778.7,1.9796282e-05,1533.6716516286965
778.8,3.9324927e-06,3422.8507894361373
778.9,6.0792695e-06,3679.0117696644993
779.0,8.283352e-07,6070.371357753771
779.1,0.00014701863,2974.9269798182268
779.2,0.002153234,3391.2437524093416
779.3,0.004360541,2724.821633947811
779.4,0.0021899112,3068.3928331652355
779.5,0.0011432016,2679.0485573728592
779.6,0.0019597511,6499.456941348201
779.7,0.0024899552,7677.200898973236
779.8,0.0015583645,5881.277554107453
779.9,0.0003938508,3680.756501367614
780.0,0.00016396453,3615.193447457702
780.1,0.000115151255,3462.360472624109
780.2,0.00041755923,2896.843592135471
780.3,0.0013763674,2248.7952275344387
780.4,0.0015316048,2191.8516631753805
780.5,0.0013651995,5168.766275050044
780.6,0.0048043136,7792.877540442138
780.7,0.004284781,7811.791568524292
780.8,0.002521492,6612.5113841210705
780.9,0.0003370132,3693.152850522577
781.0,9.440683e-05,4696.810555041318
781.1,2.9238536e-05,7334.360559759323
781.2,2.3083128e-05,6794.0226912962935
781.3,1.690494e-05,6675.735094283915
781.4,1.6887912e-05,5707.206416298177
781.5,9.074432e-05,2911.8977628688144
781.6,6.542922e-05,2591.5983613250373
781.7,2.8372402e-05,2376.167388386916
781.8,2.6963464e-05,2201.5725682023544
781.9,1.0095056e-05,2502.8622972932862
782.0,2.001662e-06,5336.580945407324
782.1,9.961844e-07,6392.80120447001
782.2,1.4279618e-05,2876.713250832394
782.3,0.00083863013,4887.6939834367695
782.4,0.0017067364,2379.3159659570206
782.5,0.0033685726,1935.9950492170187
782.6,0.0013917193,2208.0910847958803
782.7,0.0007848447,2149.900904809401
782.8,0.00074279367,6363.61508565604
782.9,0.0020751525,7310.615060130325
783.0,0.0038704192,7379.171165262413
783.1,0.0017391968,6304.053298619127
783.2,0.00038074167,3170.639661862957
783.3,0.0003077064,3112.074464043266
783.4,0.00015279186,3321.9864372303623
783.5,0.00015537383,2689.8199603439193
783.6,0.000626818,3272.2779392410494
783.7,0.0031199385,1838.406876263344
783.8,0.0012973555,1790.666130730699
783.9,0.00093528826,1708.1223843465586
784.0,0.00052513974,1535.1704327716598
784.1,0.00038634514,1652.5545104748282
784.2,0.0011405112,6691.551310355615
784.3,0.002585494,7323.467535250851
784.4,0.0026114895,7441.934204783435
784.5,0.0009713613,5803.167462138612
784.6,0.00031579836,3602.9463707541718
784.7,0.00012215409,4080.8490194968617
784.8,4.0552106e-05,5253.262642582031
784.9,1.7186918e-05,6082.170954172844
785.0,2.1686363e-05,4830.54047905463
785.1,3.4739103e-05,3232.830622721021
785.2,3.0409888e-05,2406.474519062118
785.3,2.1196434e-05,2498.679507617883
785.4,2.0997488e-05,1894.6825921301324
785.5,8.161964e-06,2420.252731263584
785.6,1.5300576e-06,4536.687781522702
785.7,1.7837006e-06,4564.758880285119
785.8,0.00027327932,4410.435029867557
785.9,0.0019411433,2987.1049762676284
786.0,0.004087135,2417.7849128643616
786.1,0.0018687643,2592.232286001029
786.2,0.00095385604,2675.910202859899
786.3,0.0005541439,4725.318329917944
786.4,0.0026237494,7827.952392130371
786.5,0.004386822,6911.639460017892
786.6,0.0015240415,6123.333414547396
786.7,0.00036161108,4789.289261738645
786.8,9.505173e-05,4182.7275756080135
786.9,5.4661126e-05,4890.462571007942
787.0,0.0001100633,2893.2100382069943
787.1,0.00085093756,2581.953601598762
787.2,0.0029606097,1767.470193568371
787.3,0.0014817996,1772.9212932449273
787.4,0.0007695989,2345.2551510212547
787.5,0.00059710874,6327.515667378267
787.6,0.0016949968,7527.857829600494
787.7,0.00048644372,4995.010588889611
787.8,9.737261e-05,3937.5015640351994
787.9,2.4343304e-05,5769.374429950707
788.0,1.3235745e-05,6516.674255568129
788.1,1.0156076e-05,6580.123320149367
788.2,6.6523585e-06,6567.495875952149
788.3,4.114592e-06,6648.474134156229
788.4,1.7212277e-06,6842.978196819079
788.5,2.3538587e-06,4864.707123509175
788.6,0.00019138587,2570.945358434099
788.7,0.0009911719,2526.225640886412
788.8,0.0011817754,2160.6377371260346
788.9,0.0009101313,6908.9479135761085
789.0,0.0027296438,7721.816787936971
789.1,0.0037369975,7477.2044338930855
789.2,0.0020512803,6413.421992908732
789.3,0.00058079243,4880.564907027245
789.4,0.0002548742,3525.098712917201
789.5,9.77673e-05,3749.4784224984724
789.6,4.0874296e-05,4895.645851402463
789.7,4.8149268e-05,4284.173507461658
789.8,0.0001564847,2609.889067125984
789.9,0.0007982379,2322.4623987168025
790.0,0.0014379629,2282.1747691209976
790.1,0.0007647136,4127.315823343257
790.2,0.0039804527,7628.861446901888
790.3,0.002664166,6859.818621412025
790.4,0.00040761763,5181.5387719737555
790.5,3.4573994e-05,7488.171382122026
790.6,2.6002544e-05,7676.850989511362
790.7,1.8632341e-05,7898.479078838722
790.8,1.6228461e-05,6939.15250330796
790.9,1.0779121e-05,7043.380103690692
791.0,7.2938724e-06,6737.043492537915
791.1,3.7454301e-06,6684.118221019475
791.2,9.279041e-06,2999.106153692339
791.3,7.4502685e-05,1924.7817354688234
791.4,0.00025548023,2136.3195833772716
791.5,0.00023113811,2403.250053288883
791.6,0.00014636277,2192.023044068076
791.7,8.941429e-05,2168.3055865052465
791.8,4.249301e-05,2087.685290199733
791.9,1.2490605e-05,2366.6814361781535
792.0,4.2234383e-06,3560.2545838213587
792.1,3.8140065e-06,3543.426059877629
792.2,9.054828e-07,7201.153154511438
792.3,4.1414838e-05,1340.5482103907152
792.4,0.00013402865,2099.998575999914
792.5,0.0005354268,2307.476026124628
792.6,0.001648889,2541.720309393987
792.7,0.0046316613,2202.8409779169865
792.8,0.001898921,2923.270090604716
792.9,0.0011672601,5092.061356668413
793.0,0.0041350387,7665.296137859291
793.1,0.003394657,7261.330084945253
793.2,0.002144616,6849.760560861416
793.3,0.00095872063,5945.607976216405
793.4,0.000275296,4220.758487751746
793.5,6.979171e-05,5061.460639696804
793.6,2.5007268e-05,6183.544327731384
793.7,1.7806968e-05,6284.548069359833
793.8,1.8075329e-05,5377.849456636967
793.9,7.540121e-06,6583.054625039605
794.0,4.8143747e-06,6532.586781816988
794.1,2.8770799e-06,6479.998547616498
794.2,2.3735134e-05,2345.209557377691
794.3,0.00039115068,2718.2469931881874
794.4,0.0011687913,2307.8606259169987
794.5,0.0010038612,2612.951453984524
794.6,0.0032208748,7362.9648341568045
794.7,0.0036036046,7404.691194368351
794.8,0.0014574315,6891.440430679571
794.9,0.00022987141,5988.078509224126
795.0,2.7504811e-05,7533.839742306606
795.1,1.965537e-05,7392.612743345402
795.2,1.711956e-05,7279.627297414388
795.3,1.3273179e-05,6980.534420571594
795.4,9.28904e-06,6977.399999433382
795.5,6.5383642e-06,7057.808907502899
795.6,5.7749926e-06,5115.153867637362
795.7,5.6747836e-06,3139.334859197517
795.8,7.2856637e-06,3121.691868067513
795.9,1.1716123e-06,6071.38711698937
796.0,1.248448e-06,5890.979865758354
796.1,7.632388e-07,6499.98195670926
796.2,1.3195428e-06,5148.739898051943
796.3,9.797532e-06,2221.4409630767987
796.4,0.00023944327,2747.0099280441495
796.5,0.0017167771,2587.7747917946285
796.6,0.004269257,1997.6296800930036
796.7,0.0010061169,2859.4367054018608
796.8,0.0027380073,7606.973789015763
796.9,0.0032769667,7624.946778435893
797.0,0.0028046614,6959.393992162086
797.1,0.0016864247,6137.055814975051
797.2,0.00021838179,3932.5642356245617
797.3,6.005051e-05,5129.501677878536
797.4,4.973821e-05,5707.201701340136
797.5,4.3905937e-05,5305.977666636337
797.6,3.0765397e-05,5550.976048330246
797.7,6.22231e-05,2802.5980762348595
797.8,1.0025053e-05,4623.226450837204
797.9,8.290556e-05,1717.2387914229257
798.0,0.00047784654,2694.6790219516515
798.1,0.0013152821,3172.20273472629
798.2,0.003175724,3085.051287901177
798.3,0.003282278,7231.846910539504
798.4,0.0029783188,8701.466744810092
798.5,0.0055119577,8182.6742625511215
798.6,0.004462416,7818.171413884228
798.7,0.0015978272,6768.960391033243
798.8,0.00014066303,4933.471953482979
798.9,4.7648566e-05,6651.015988135348
799.0,2.5355293e-05,7833.16567266518
799.1,1.8901183e-05,8220.065877297397
799.2,1.4692371e-05,7774.765342384015
799.3,1.0227948e-05,7410.605482364352
799.4,6.577901e-06,7061.436774282932
799.5,3.2380253e-06,6822.451829435811
799.6,1.6455808e-06,6615.808366193087
799.7,7.979735e-07,6641.320845963577
799.8,7.759376e-07,7063.555311510985
799.9,8.5426296e-07,5931.933567409454
800.0,2.0895422e-06,4824.938708199676
800.1,6.580606e-07,6777.752660966521
800.2,5.6859364e-05,700.1867502442094
800.3,0.000114729555,2059.563328960356
800.4,1.7353219e-05,3583.1031156029244
800.5,0.00013976522,2191.684413904538
800.6,0.0014856441,3517.2254449818006
800.7,0.0025212057,2774.5368469263576
800.8,0.001665556,3634.2467122878297
800.9,0.005696999,8567.84645183848
801.0,0.0041789333,7618.424371098589
801.1,0.0011523069,4753.0715677991875
801.2,7.239857e-05,6295.296417119463
801.3,5.7940055e-05,8239.85221528245
801.4,0.00023010069,11345.65620558832
801.5,2.3376231e-05,8365.297864445505
801.6,1.774369e-05,8982.425547857736
801.7,1.1318435e-05,8809.12738219433
801.8,7.789608e-06,7827.7883028595315
801.9,4.4499316e-06,8087.518496886392
802.0,1.1918046e-05,11534.660255752242
802.1,0.00019884532,2917.289104793376
802.2,0.0009989775,3446.201155060828
802.3,0.0018500246,2722.7860975137037
802.4,0.0010305453,2763.0529912427182
802.5,0.0016656662,7639.595319530767
802.6,0.002677069,7630.690929048813
802.7,0.0019145933,6799.8344499050745
802.8,0.00011224862,5028.334588080588
802.9,2.8560293e-05,7382.491542700057
803.0,4.4466735e-05,9549.417894135877
803.1,1.7943195e-05,8152.576866954474
803.2,1.3643199e-05,7732.446094686882
803.3,9.125537e-06,6827.722235404826
803.4,6.262387e-06,6118.567088508905
803.5,1.909505e-05,8862.152035830422
803.6,2.495498e-06,8604.408944552957
803.7,1.9433023e-06,6916.262267364777
803.8,1.0103761e-06,6171.420199333446
803.9,1.1792928e-06,6636.263249858448
804.0,1.039402e-06,6613.9686712323255
804.1,9.361095e-07,6203.975196396885
804.2,2.2470429e-06,4388.83741692786
804.3,1.2988568e-05,12044.566147533022
804.4,2.5726122e-05,10813.6787400327
804.5,0.0003328193,3562.5945783534007
804.6,0.0017731711,3638.055693177837
804.7,0.0022214423,3240.3635443339954
804.8,0.0009936062,3737.2772380666943
804.9,0.0037518241,8607.082367396028
805.0,0.0044434434,8201.390327206404
805.1,0.004542578,7859.936894582066
805.2,0.0016719695,6423.861695331601
805.3,0.0002158987,4204.252157111476
805.4,4.5413057e-05,7234.031445633111
805.5,2.6562764e-05,7833.1914482673565
805.6,2.0336012e-05,7933.325427522599
805.7,1.6013935e-05,7475.836626648453
805.8,1.2445186e-05,6886.166265724032
805.9,6.6598204e-06,6758.487565373424
806.0,5.3803415e-06,5494.835570776735
806.1,4.308899e-06,7701.768505396043
806.2,2.3152908e-05,7471.323486971527
806.3,0.0002088161,8348.52411149835
806.4,0.0013549897,3319.2433590659293
806.5,0.0014657433,3362.663223543728
806.6,0.005638923,8517.805780761755
806.7,0.005728351,7663.40434352588
806.8,0.00065153796,5482.644892941469
806.9,4.370524e-05,7868.833915696694
807.0,3.6294216e-05,8385.848389416817
807.1,3.989438e-05,7227.539890618338
807.2,2.2838276e-05,7486.52990684814
807.3,2.7503267e-05,6459.808359886038
807.4,9.85672e-07,8306.246788229932
807.5,1.2421039e-07,9975.611365850162
807.6,1.2477153e-07,9894.969661977037
807.7,1.2727313e-07,10147.726594239288
807.8,1.283645e-07,10087.413438675754
807.9,1.288373e-07,9928.271803468593
808.0,1.2869687e-07,10128.66346174956
808.1,1.2805766e-07,9862.937444585163
808.2,1.2757748e-07,9751.999098976503
808.3,1.2492481e-07,9981.946362691964
808.4,1.2620454e-07,9790.660514333304
808.5,1.2583182e-07,10091.906503289567
808.6,1.254735e-07,10078.695544893484
808.7,1.2810939e-07,10065.4618729022
808.8,1.2401837e-07,10144.719216353233
808.9,1.2585178e-07,9949.022335751364
809.0,1.2909786e-07,10129.233574169913
809.1,1.2427067e-07,9848.070912713025
809.2,1.2518717e-07,9918.135248803294
809.3,1.122846e-05,5585.712068321072
809.4,1.1313136e-05,1536.611939389803
809.5,2.172617e-05,1203.1506630098481
809.6,0.00013326794,11228.43402461888
809.7,5.0301755e-05,8969.886903426746
809.8,0.019786311,2961.840552076342
809.9,0.013840561,6443.268070220259
810.0,0.0030822838,10034.639092558999
810.1,0.001168326,7215.821562308985
810.2,0.059510645,922.817041873247
810.3,0.028465811,2409.9192996918914
810.4,0.0050321007,7571.399029154116
810.5,0.0047357823,4685.412910137109
810.6,0.003848416,4729.176278824095
810.7,0.0009609834,3437.142360480916
810.8,0.00014655016,5007.316464832556
810.9,0.0001303903,4105.365720086847
811.0,0.00010302132,4268.564266264852
811.1,6.151618e-05,3782.8722685856583
811.2,4.3496322e-05,3559.314474743694
811.3,3.3990324e-05,3210.740683046443
811.4,6.3507854e-05,1239.8801507850255
811.5,2.2821077e-05,1366.5198912694225
811.6,2.5230577e-06,4484.752833992437
811.7,1.2646937e-07,10240.730974432001
811.8,1.2904842e-07,9987.241266902218
811.9,1.2276139e-07,9918.837374947308
812.0,1.2761484e-07,10134.086862901268
812.1,1.2682067e-07,10005.02961457606
812.2,1.275379e-07,10014.20130088431
812.3,1.23528e-07,10004.963441868691
812.4,1.2708433e-07,9898.989690804448
812.5,1.2772298e-07,10027.547207027543
812.6,4.7750753e-05,582.9696723687136
812.7,3.4655583e-05,736.5516887865425
812.8,2.0614838e-05,1491.805233317678
812.9,8.495434e-06,2942.8091434412127
813.0,1.2329222e-06,6047.978356723663
813.1,7.7964063e-07,7070.398725621987
813.2,9.924672e-07,7313.287117376765
813.3,2.3306531e-05,5646.304112069471
813.4,0.0045328634,2048.3638412173864
813.5,0.007695269,2319.2239603888847
813.6,0.0048034675,3145.6358698999315
813.7,0.001725796,2678.6468655637555
813.8,0.00058209855,2034.5070912724916
813.9,7.585866e-05,3447.7825470185553
814.0,5.07938e-05,3072.876887611661
814.1,2.9504841e-05,3027.892444606163
814.2,1.8106457e-05,2923.3383346136284
814.3,1.0843118e-05,3160.0387157687264
814.4,8.214423e-06,2729.5387372428413
814.5,3.265977e-06,4637.590167884916
814.6,2.5111044e-06,6291.478050852447
814.7,5.68163e-05,1258.9824118891866
814.8,0.015375271,794.3999189504801
814.9,0.019567454,1847.2672606941933
815.0,0.010299514,1815.2411162395279
815.1,0.0019022672,2336.592115858024
815.2,0.00020082275,3781.2303265118285
815.3,0.006756336,5750.983831975529
815.4,0.011050838,2786.423690470487
815.5,0.007138875,1775.0235261764578
815.6,0.001679256,3013.643804774985
815.7,0.005976109,4055.260533241908
815.8,0.0052084425,6570.136904586635
815.9,0.00011577372,5450.569664470157
816.0,7.043967e-05,6475.854337382236
816.1,0.010751106,9061.142513320436
816.2,0.0068185464,3194.696625390831
816.3,0.010686563,2644.859066349174
816.4,0.006838542,8932.76313523629
816.5,0.00894115,3712.8587353974895
816.6,0.015576828,3206.66970811369
816.7,0.0061121914,10429.412628904378
816.8,0.0057053654,2311.481290523022
816.9,0.0022351972,4621.076190765803
817.0,0.002734344,3498.3841585236323
817.1,0.0001268555,4848.995325751331
817.2,6.059416e-05,6020.359076496166
817.3,5.164395e-05,5400.021271248672
817.4,3.2698936e-05,5762.677748008251
817.5,1.4550078e-05,6435.135790685377
817.6,8.974001e-06,5658.919797419936
817.7,4.798368e-06,4759.4645438664065
817.8,6.3686035e-05,2291.516243711944
817.9,0.0003156753,2233.910522719333
818.0,0.0005751752,2332.0690632797
818.1,0.00046498774,2339.588723097587
818.2,0.00025880797,2367.860727774696
818.3,0.00013065664,2243.0972693111507
818.4,5.0323917e-05,2186.1462715487187
818.5,0.001390685,4759.429059662292
818.6,0.0032807086,6045.619709183294
818.7,0.021883756,2746.671274249463
818.8,0.019748377,2934.6164265219295
818.9,0.009562951,10285.832596141085
819.0,0.0007132159,5945.607688408209
819.1,0.011540693,2896.010431920569
819.2,0.011321046,2998.8500365901646
819.3,0.0062339697,4119.944653856177
819.4,0.00087471335,2657.499088373952
819.5,0.00010067282,5739.816354412154
819.6,7.306369e-05,5560.094162549369
819.7,6.294363e-05,5403.051249330851
819.8,3.8094033e-05,5147.802207160337
819.9,2.12003e-05,4857.004382806417
820.0,1.2265872e-05,4141.593401863136
820.1,0.003942958,2342.486831576905
820.2,0.018491268,4324.436640341042
820.3,0.0026473978,8555.157553595287
820.4,0.0046847067,6723.279788997377
820.5,0.012131167,2280.3953118652507
820.6,0.0031939214,1492.155427454004
820.7,0.0048041902,4856.579749614179
820.8,0.0022913648,2070.407218651158
820.9,0.0061228997,1416.1629431982947
821.0,0.0048052873,3277.0446831482004
821.1,0.0030490775,6577.029328027802
821.2,0.0027528573,3443.0236928152644
821.3,0.00027520163,3835.50054674605
821.4,8.068019e-05,6188.28566621505
821.5,8.935486e-05,6150.630230236407
821.6,4.9075526e-05,6170.686200910652
821.7,2.7630142e-05,6356.877730799428
821.8,1.42761755e-05,7089.430438947202
821.9,1.2467355e-07,9761.029473283708
822.0,1.287046e-07,9721.880788822142
822.1,1.2862755e-07,9982.197249690249
822.2,1.2750937e-07,10303.631945927453
822.3,6.953309e-07,6547.533240134565
822.4,5.6607596e-06,2700.731327234857
822.5,7.759787e-07,6598.838259425818
822.6,5.8927293e-07,6696.990360719938
822.7,9.9292784e-08,9946.121599525439
822.8,9.9840896e-08,10044.616080641854
822.9,9.711006e-08,9971.235229291844
823.0,9.694028e-08,9983.760171807393
823.1,9.699297e-08,9786.382796396418
823.2,1.0000522e-07,10169.703110750492
823.3,9.778543e-08,9953.061301215977
823.4,8.571851e-07,6763.759439008715
823.5,1.033155e-05,2603.569208990864
823.6,6.8181275e-06,3533.5776650138814
823.7,1.077612e-05,10331.285120964585
823.8,1.3586987e-06,7465.343603675508
823.9,4.7420053e-06,3991.0165737728653
824.0,4.752423e-05,6036.978697231458
824.1,0.00024395015,6787.964940304094
824.2,3.8873895e-05,8600.040829740794
824.3,2.6173755e-05,9832.63807292989
824.4,2.2030239e-05,9723.827039108495
824.5,1.6731385e-05,9620.299161312305
824.6,1.0423385e-05,8388.608917618902
824.7,1.240695e-07,9991.5799137672
824.8,1.2836972e-07,9756.446485837374
824.9,1.2591089e-07,10091.562807801678
825.0,1.2598437e-07,9596.31926278696
825.1,1.2598153e-07,10100.795035364114
825.2,5.3742483e-06,3592.259456775741
825.3,2.1727976e-06,4918.145413551692
825.4,8.110227e-06,6298.14126338846
825.5,2.9250805e-05,875.1806260959996
825.6,2.6656087e-05,931.9004101127473
825.7,8.2689956e-05,11117.005987272427
825.8,0.0108525455,1854.1210162510524
825.9,0.009854556,2764.3081731248076
826.0,0.004230151,4310.718784851123
826.1,0.0016537317,3153.1246245523307
826.2,0.00016417509,4630.634870558293
826.3,6.138104e-05,4694.577634732583
826.4,0.00013261796,2730.1097001394787
826.5,5.901114e-05,2979.2910764631024
826.6,7.872585e-05,3372.5861032718567
826.7,5.6712983e-05,2932.9131361059044
826.8,4.8843583e-05,2711.9157599048895
826.9,2.3165223e-05,2645.41253964482
827.0,2.4019084e-05,1628.3383243249298
827.1,9.053928e-05,4048.900661414087
827.2,0.0039718295,7531.569126966748
827.3,0.0058263587,10810.374363713068
827.4,0.01784371,3724.687419836711
827.5,0.01428646,2922.9201342170018
827.6,0.0096467,7293.452820470261
827.7,0.010968543,874.5354405036364
827.8,0.0071073924,3055.650436651512
827.9,0.009917951,7684.329000133948
828.0,0.0074234307,1728.615414155579
828.1,0.000120087694,5069.914170318547
828.2,0.0001208625,3937.0344686867165
828.3,7.854993e-05,5098.02770259383
828.4,5.6187157e-05,4586.179757752819
828.5,8.0602214e-05,3741.7610944223748
828.6,0.0001485521,3538.25061484676
828.7,0.0002070676,3739.9289702098663
828.8,0.0002987397,3528.1665315593896
828.9,0.00029038996,3672.288653504951
829.0,0.00057399884,2382.904624091597
829.1,0.0014815617,2084.4905227799436
829.2,0.038841497,2494.134045700136
829.3,0.041532572,2090.5346601535707
829.4,0.045151755,2822.2329128894844
829.5,0.040460587,2634.5291092594507
829.6,0.0091980975,4106.830312255174
829.7,0.004744331,7755.855524709595
829.8,0.00909395,11245.740911445802
829.9,0.0465141,1757.9865139418177
830.0,0.036635235,2203.725482312148
830.1,0.028885592,1745.4624616113344
830.2,0.02596682,2708.086625161182
830.3,0.0356045,892.9993910774328
830.4,0.035633016,2554.1266716055907
830.5,0.011081734,2885.2815648012256
830.6,0.009331249,2382.835702760762
830.7,0.006353813,2106.734300300094
830.8,0.0012981043,4012.5020377033215
830.9,0.0013488065,2260.301176892857
831.0,0.000110128196,3334.0276471229863
831.1,7.541289e-05,3483.020401461013
831.2,5.0181956e-05,2945.667547351928
831.3,3.9266648e-05,2655.4621646639284
831.4,0.00021239725,6685.463987642943
831.5,0.00032233933,4325.508608343248
831.6,0.0045079174,9282.394374498223
831.7,0.010807243,2939.594640573339
831.8,0.0012635805,2740.499601604544
831.9,0.00010440497,5387.340368821784
832.0,8.4059575e-05,5778.677683657578
832.1,6.477298e-05,5715.474194730961
832.2,4.583092e-05,5685.928256710343
832.3,2.9915764e-05,5599.085571490815
832.4,1.8251247e-05,5119.739995756568
832.5,1.3800978e-05,3999.82660872191
832.6,8.884492e-06,4756.452478802951
832.7,2.8618836e-06,4756.23925589605
832.8,3.4826317e-06,4723.9469470984695
832.9,1.650906e-06,4956.524039910485
833.0,2.0885884e-06,4455.5317639300465
833.1,2.1513222e-06,5013.96480288326
833.2,4.9874684e-06,3462.7247772701758
833.3,8.147522e-06,3095.935228494489
833.4,9.866639e-06,3373.0683273553686
833.5,1.7343818e-05,2563.346796735885
833.6,1.29287455e-05,2763.4136405872578
833.7,8.0039335e-06,3213.605958554519
833.8,6.6113466e-06,3310.539939078059
833.9,1.215261e-05,2667.8116534426817
834.0,1.0275936e-05,2495.53318565468
834.1,9.720309e-06,2696.013646004153
834.2,9.725603e-06,2449.2169752286372
834.3,5.0511976e-06,2811.996994138187
834.4,4.395243e-06,4021.780264451965
834.5,1.4057349e-06,6423.011605162726
834.6,2.8559673e-06,5754.113721914527
834.7,0.0015753465,7513.107998062783
834.8,0.005727496,9707.061618572101
834.9,0.0109993275,3712.685773709019
835.0,0.013580726,740.276800602803
835.1,0.013052713,1273.7011260354398
835.2,0.006178033,1176.7059212231786
835.3,0.00043877034,2825.468615125093
835.4,0.00013013957,3530.4779244590345
835.5,7.00197e-05,4076.713936563961
835.6,7.877719e-05,3323.308783933822
835.7,3.5451692e-05,2675.858141775707
835.8,1.6378921e-05,2042.163136611316
835.9,1.3416173e-05,2289.62226358896
836.0,2.1330793e-06,4910.036353817781
836.1,2.1892067e-06,5551.668535593054
836.2,7.2949194e-07,6527.8749760936325
836.3,3.7632299e-06,4827.4203190711705
836.4,1.5678855e-06,5024.878564364796
836.5,8.180178e-07,6744.881490124364
836.6,0.0044538076,990.7518348319518
836.7,0.00916067,2659.808444521587
836.8,0.009018141,2712.2030009593063
836.9,0.004728522,4324.7718035569405
837.0,0.0022239243,4505.627401339525
837.1,0.0021151712,6285.343901330994
837.2,0.0075382777,8167.170078037698
837.3,0.010733955,1401.6046909062534
837.4,0.016820176,2144.009179641849
837.5,0.015261944,7989.594851877537
837.6,0.012809194,3520.46519224591
837.7,0.009502383,2185.1779314553623
837.8,0.011728245,3259.717619829677
837.9,0.0075649116,7967.846679484231
838.0,0.0068466216,2679.3302488587938
838.1,0.011381372,1084.6327241272272
838.2,0.011036522,939.7902891849249
838.3,0.0038615167,2605.099402283922
838.4,0.007480648,903.482694597659
838.5,0.005821369,4652.966716205453
838.6,0.0045836214,7143.985055501089
838.7,0.0037609688,2561.7214020898664
838.8,0.00045798032,3387.2237109272273
838.9,7.7550816e-05,5512.771019083463
839.0,5.600227e-05,5705.477911345226
839.1,4.4732922e-05,4839.540072268869
839.2,3.8479713e-05,4575.278623772185
839.3,5.5973796e-05,3764.536753524261
839.4,3.3201235e-05,3050.4010885310454
839.5,5.3628763e-05,1438.2682932532111
839.6,8.627624e-06,2424.5349203929463
839.7,8.340825e-05,7218.364196723865
839.8,0.0038913675,9221.212779383262
839.9,0.03544019,1577.8969936718986
840.0,0.033191606,2324.903736129142
840.1,0.03608396,2058.6662371156117
840.2,0.035909418,1524.167617765455
840.3,0.033976898,1234.6916947074335
840.4,0.013615097,1864.2366991563777
840.5,0.015895223,2406.248749557296
840.6,0.005684632,3524.158662795724
840.7,0.0002124882,4977.740188415957
840.8,0.000104343875,4937.951870568893
840.9,7.593707e-05,4361.286544409475
841.0,6.1964325e-05,3726.7320760598714
841.1,4.3311513e-05,3528.9913992877573
841.2,2.2434457e-05,3401.7118829819674
841.3,1.1538781e-05,3182.8043966249434
841.4,6.048843e-06,2894.5875368195893
841.5,2.8430263e-06,3619.460619538607
841.6,1.979963e-06,4117.081333406648
841.7,1.9917213e-06,4562.274425979656
841.8,1.3020666e-06,5248.7491587434015
841.9,1.9815754e-05,6760.926558202112
842.0,6.873666e-06,4046.290518854668
842.1,1.1769465e-05,2344.8781616650167
842.2,3.5535334e-06,4438.635386757253
842.3,9.4717217e-07,6352.071299923537
842.4,3.4845518e-06,4212.819617541543
842.5,7.9010954e-07,7164.070822590249
842.6,1.4502143e-06,5008.111413429804
842.7,9.967132e-07,6148.5575616555125
842.8,2.4548121e-06,6527.4551401238205
842.9,8.501429e-06,4712.161810513501
843.0,1.7103392e-05,6246.664449462547
843.1,0.0067422558,1051.6151535143629
843.2,0.0070012133,4084.8094241839917
843.3,0.00017890848,4302.50702334778
843.4,0.0018901221,7652.644341499405
843.5,0.006148336,3705.6685913055803
843.6,0.0023205485,3791.3704406369234
843.7,0.0039440636,1928.6270980253148
843.8,0.0027296492,4422.639884465596
843.9,0.001054402,4523.506377000229
844.0,0.00049051194,2602.8583217514247
844.1,0.000106391824,3673.4183515568266
844.2,7.448966e-05,3678.323448857468
844.3,8.5700725e-05,2783.6257862142706
844.4,0.010160982,743.6343257056366
844.5,0.04534924,1790.713764904678
844.6,0.0330027,2474.705801260712
844.7,0.013089789,9900.939420441755
844.8,0.024391087,1869.2039592184392
844.9,0.027015924,1068.8128680798093
845.0,0.012763563,1676.56949943759
845.1,0.013759168,1619.3697891196211
845.2,0.014717908,2422.7037886855114
845.3,0.00079902465,2873.0203801633684
845.4,0.014954415,1872.597355212718
845.5,0.020715583,2131.0729814216993
845.6,0.021115607,784.4423779492164
845.7,0.008306303,3888.254104540243
845.8,0.0037199443,6712.177547981404
845.9,0.0113034,2007.3389503221272
846.0,0.012396548,2631.439774985565
846.1,0.001490942,2442.648014853351
846.2,0.0001351247,4720.904805884666
846.3,9.246122e-05,4571.987446725419
846.4,7.413796e-05,4422.422454464619
846.5,0.00055755296,2697.900891219547
846.6,0.0011019349,3354.522226427414
846.7,0.0011797353,3386.874986521233
846.8,0.00082845363,3037.038905091266
846.9,0.0006443259,2785.9213976593755
847.0,0.0006622524,2780.199199621044
847.1,0.05444954,1675.2418282044941
847.2,0.06765279,2734.4429810200636
847.3,0.03665896,2873.3298791867346
847.4,0.0051135565,11493.433186697202
847.5,0.018737523,3111.53709378668
847.6,0.032948762,2191.5794754089484
847.7,0.0061520375,3300.5340090851446
847.8,0.0003904307,3377.966389955285
847.9,0.00010594165,5448.650722922421
848.0,9.0337686e-05,5186.731390955856
848.1,9.827322e-05,4473.747683841188
848.2,0.00020018447,3081.5023877493386
848.3,0.004322297,8993.473386001311
848.4,0.012259158,1624.445272597413
848.5,0.03789135,1604.2567486342627
848.6,0.034980644,2326.365540616292
848.7,0.019830791,2746.693967455712
848.8,0.01871631,3048.294290501606
848.9,0.0239333,2362.122873140484
849.0,0.020436626,935.0942214394927
849.1,0.00790605,2446.7377581433784
849.2,0.002890938,2096.1726991649184
849.3,0.00012769992,4074.481389138476
849.4,8.547961e-05,3895.4760087893637
849.5,6.8499685e-05,2967.1109990120985
849.6,5.5516026e-05,2465.835410860103
849.7,4.254184e-05,2181.140158375857
849.8,1.6800868e-05,2052.7786116706097
849.9,4.0365572e-05,1124.0038779434858
850.0,1.83623e-05,1540.7204176675048
850.1,1.0132908e-05,2578.475898181758
850.2,8.517851e-06,4648.262320333932
850.3,0.00049833884,2834.6342659651937
850.4,0.0124961585,2105.083031006183
850.5,0.0018254112,2361.3147005697615
850.6,8.0380865e-05,4300.5100870965325
850.7,7.9644975e-05,3557.432389575032
850.8,5.094777e-05,2917.0437689516243
850.9,5.3459084e-05,2447.9993650273836
851.0,6.4822976e-05,4151.772957184746
851.1,0.028800095,2056.96733622768
851.2,0.039465707,2328.087254383087
851.3,0.010329901,3604.6420073782238
851.4,0.015416392,1719.4421310705654
851.5,0.008608193,3460.3657840787337
851.6,0.006243976,3444.617250045957
851.7,0.009568544,3082.8571605784327
851.8,0.0045831394,8553.746476026856
851.9,0.0075947465,2840.755664802629
852.0,0.0001394775,4622.238304322415
852.1,9.167981e-05,5136.520096689272
852.2,8.17371e-05,5027.771274710236
852.3,6.466712e-05,5082.1734133403925
852.4,4.3165815e-05,4608.779787736507
852.5,1.316656e-07,9752.045956307185
852.6,1.3043241e-07,10039.793110410776
852.7,1.2490092e-07,9890.389172767307
852.8,1.2513934e-07,10131.072594942672
852.9,1.2237551e-07,10115.532141970209
853.0,9.818656e-08,10066.715758521223
853.1,9.9662316e-08,9695.622297058333
853.2,9.887758e-08,9970.49392902054
853.3,1.2463353e-07,10153.379292931388
853.4,1.2431626e-07,9906.584917015665
853.5,1.281751e-07,10042.774689627186
853.6,1.2258326e-07,10015.429714264817
853.7,1.2700909e-07,10229.590628646
853.8,1.2576592e-07,10094.947279607415
853.9,1.2469782e-07,10122.752814104211
854.0,1.3200953e-07,10230.805874647405
854.1,1.2816082e-07,10013.748041102455
854.2,6.76669e-07,6633.983495462464
854.3,8.156107e-07,6557.220863818986
854.4,1.0122927e-06,5868.854879214053
854.5,6.4973806e-06,3937.461269445274
854.6,9.057741e-06,3243.7947093150788
854.7,6.6582033e-06,3343.553301158143
854.8,0.007919065,1976.9410092137362
854.9,0.00022371228,3800.630182108025
855.0,0.024849294,2585.7968956218956
855.1,0.009229074,8453.161489073718
855.2,0.015263288,2685.347538446935
855.3,0.013166178,1707.2261774408348
855.4,0.00838075,1518.3550960713906
855.5,0.002367345,1503.2289679203618
855.6,0.00014658633,3991.1193815589945
855.7,0.00010870857,4179.338691028838
855.8,6.986441e-05,4012.1090985344917
855.9,0.000112373054,3337.7662974439318
856.0,4.0456594e-05,3303.52962578996
856.1,1.9276924e-05,5558.973428869982
856.2,0.029845519,1750.2849803066374
856.3,0.03825318,1974.9116326605117
856.4,0.038066585,2111.8315646958135
856.5,0.029776307,1826.6409941793027
856.6,0.0103302235,7948.924116375952
856.7,0.010457098,7097.32740903189
856.8,0.028911721,2109.1374028160435
856.9,0.035383265,1101.0860935665355
857.0,0.02461146,2144.5048595122585
857.1,0.0027743073,4517.469110335462
857.2,0.010832088,1705.076220807977
857.3,0.015085499,2304.687518569832
857.4,0.0026175673,5810.311694879573
857.5,0.0061097825,1920.1983104223075
857.6,0.0014560649,3196.627182844496
857.7,0.00027937588,3317.7203683617527
857.8,0.0067900536,1331.0137657758667
857.9,0.0023610387,4198.3401505851225
858.0,0.004878664,2031.3829659182788
858.1,0.006220313,2110.464712669692
858.2,0.0029321644,2386.003849318158
858.3,0.0019293599,1256.4057171587403
858.4,8.156553e-05,3486.6346847857876
858.5,5.7995177e-05,2840.7805058229324
858.6,4.9429556e-05,2297.8794789665044
858.7,1.0153342e-06,6242.221992555882
858.8,1.251049e-07,10098.294117281677
858.9,1.2931658e-07,10228.816391295957
859.0,1.2773499e-07,10052.718494601999
859.1,1.2310626e-07,9780.588685826948
859.2,1.2609753e-07,9922.10516586754
859.3,6.7899265e-07,6703.167331829005
859.4,8.1801323e-07,6441.977947915939
859.5,7.907087e-07,7022.497649582295
859.6,7.0570405e-07,6694.747986631639
859.7,8.0395847e-07,6253.8087011790485
859.8,1.3631668e-06,5665.640744718312
859.9,7.037538e-06,3765.7428933945775
860.0,0.00539653,3685.560770006818
860.1,0.0036491142,3162.3824323425742
860.2,0.0004341988,2985.5124151761693
860.3,8.3216706e-05,4844.136583699382
860.4,6.0578102e-05,4630.932337952052
860.5,5.1831827e-05,4235.624097876876
860.6,2.1597878e-05,4034.510985790849
860.7,0.0018242201,3119.938224856711
860.8,0.00892122,4646.1142214401
860.9,0.0067641637,4615.505218258082
861.0,0.0024472491,3815.1308211011547
861.1,0.00074932835,2897.496984555473
861.2,0.0001143176,4781.160163357528
861.3,0.0011913076,4874.8209286948495
861.4,0.036527388,2251.641441328145
861.5,0.012752568,9241.535337609104
861.6,0.015463805,8491.304044020595
861.7,0.029909536,1902.1635812706074
861.8,0.053681694,2386.225169696294
861.9,0.008052293,6832.094663344623
862.0,0.06179694,2028.1013636156715
862.1,0.056095537,1367.0523847014742
862.2,0.02807665,2845.9677263044764
862.3,0.04321025,2430.5376699029075
862.4,0.0037850824,8570.182571063613
862.5,0.030019622,1120.4038077699197
862.6,0.01012154,1421.6647908751634
862.7,0.006755603,2855.461615535914
862.8,0.0070759933,8962.628660318625
862.9,0.012233759,1507.1132702712114
863.0,0.008126318,1280.9397917216202
863.1,0.027974283,3538.8409155560184
863.2,0.004906752,10512.306483348399
863.3,0.0069990363,1694.8667020262299
863.4,0.00820348,2792.4636315469716
863.5,0.013395952,2923.3029470414995
863.6,0.0027720027,2375.744172551761
863.7,0.00013892184,4935.953353877732
863.8,6.712705e-05,5593.332223505295
863.9,0.00011388365,4284.8391113135385
864.0,5.108501e-05,3944.4249340517044
864.1,3.395413e-05,3352.001632955092
864.2,2.292934e-05,2869.1745108860496
864.3,6.577128e-05,9645.705837698659
864.4,0.007088707,8223.684797361613
864.5,0.0026453289,8471.256213419509
864.6,4.1557294e-05,8622.309866279596
864.7,0.057064332,2407.467309437631
864.8,0.033712894,2627.354973635381
864.9,0.014718455,10018.0171102508
865.0,0.0133465,5909.317841052506
865.1,0.01123533,2464.1963001959866
865.2,0.0045675486,1353.50135871772
865.3,0.0019935137,1831.079179148214
865.4,0.00020761535,3807.141294060769
865.5,7.1359085e-05,6542.657970177675
865.6,0.00011244839,4122.834946914833
865.7,0.000120877376,3902.1433459785494
865.8,5.4156e-05,4048.004954309027
865.9,0.0010267957,7553.948440449447
866.0,0.008815931,3066.233343515887
866.1,0.014618719,1207.3984149969515
866.2,0.014481994,1500.605965422274
866.3,0.0035166885,2105.1619228625705
866.4,0.010539108,2136.59718844995
866.5,0.005957715,2966.9568755881355
866.6,0.013591197,1482.1017037747815
866.7,0.0009756958,2594.559523689971
866.8,0.00012642072,3358.119302284103
866.9,8.591421e-05,3186.267489739395
867.0,7.687908e-05,2540.486213106509
867.1,7.6474935e-05,1660.1101468168654
867.2,5.6677804e-05,1285.698793235324
867.3,1.2723699e-07,10293.039604992775
867.4,1.2601828e-07,10001.504735160028
867.5,1.2560663e-07,10193.856149381154
867.6,1.2634143e-07,10029.974566194582
867.7,1.2398701e-07,10043.096037703031
867.8,1.2905421e-07,9922.408136390324
867.9,7.5706275e-06,3229.1585021023548
868.0,3.9378206e-06,3591.0330603378807
868.1,1.1381602e-06,5637.891543832114
868.2,3.3877811e-06,4382.641448555099
868.3,2.917198e-06,4634.669572297307
868.4,0.00056196,3097.493266939179
868.5,0.013931675,2178.787760996591
868.6,0.031966884,2379.307472189479
868.7,0.03933176,2034.339752822354
868.8,0.041103676,2050.8308824943997
868.9,0.028736211,2634.189858262078
869.0,0.019715669,2975.0899118541083
869.1,0.007678948,6951.139050912955
869.2,0.030962428,1477.2974893169917
869.3,0.0022917206,1815.0758384465787
869.4,0.00010372999,5714.500976559204
869.5,7.8256955e-05,5226.969444893482
869.6,6.606809e-05,4669.16890869069
869.7,5.0998497e-05,4320.041788316938
869.8,6.0096234e-05,3592.629812303401
869.9,3.3861983e-05,3029.672604051246
870.0,1.8123566e-05,2930.2865721662038
870.1,2.9405104e-05,2285.8004504383703
870.2,0.008635338,3469.2382736298187
870.3,0.0035089855,2045.1255039199912
870.4,0.0001435666,4898.470720456156
870.5,0.0023535755,4003.928278831234
870.6,0.00077797956,3775.4619297201593
870.7,0.00016704241,3696.8782151209402
870.8,6.6914654e-05,4315.913321393073
870.9,5.4522472e-05,3656.4051238308475
871.0,4.1562012e-05,3034.6214675499405
871.1,2.36601e-05,2771.1491066448207
871.2,1.0326712e-05,2884.2787020599553
871.3,2.4272738e-06,4541.785312129361
871.4,1.0764081e-06,5918.8743549821675
871.5,0.0006145019,2919.252195561741
871.6,0.018994551,2779.4496173597345
871.7,0.032128777,2998.297173360595
871.8,0.014557745,7727.1119591297265
871.9,0.025172304,2538.734682557989
872.0,0.014956934,6833.849737051152
872.1,0.01780283,4179.6342736707975
872.2,0.044795517,1448.4135700726456
872.3,0.046086874,947.398757730956
872.4,0.029113967,2236.945142320575
872.5,0.02538904,2106.8030204544507
872.6,0.013068497,1758.8733495270312
872.7,0.009574578,7738.888242367813
872.8,0.009010086,6704.195384486802
872.9,0.060836744,727.0499168176534
873.0,0.006900597,1891.7224940245458
873.1,0.007836966,1787.3252580496364
873.2,0.016913677,2208.3804958782566
873.3,0.010797184,1196.198476489248
873.4,0.0073429747,8213.55568744677
873.5,0.0029120422,3730.9378888139386
873.6,0.0034617116,2155.524417726844
873.7,0.0011405414,2212.4258389884217
873.8,0.00012720376,4590.912598208977
873.9,6.726611e-05,5362.679355825965
874.0,4.892314e-05,5308.545563075653
874.1,2.7557833e-05,5223.11107171026
874.2,1.4864303e-05,4789.796793880404
874.3,5.745223e-06,5203.682308201678
874.4,1.5221592e-06,6045.531520730969
874.5,1.194318e-06,5471.449771185411
874.6,4.8551283e-06,11873.279450940061
874.7,3.4692574e-05,17492.212956601405
874.8,3.9785686e-05,17554.66447677809
874.9,4.0059254e-05,17749.782643627423
875.0,4.1925057e-05,17689.997060929494
875.1,4.169137e-05,17640.938066889903
875.2,4.020631e-05,17480.30394127501
875.3,3.814536e-05,17286.72955100408
875.4,4.1783056e-05,17627.82102926076
875.5,3.868009e-05,17659.460195285857
875.6,4.110241e-05,17656.12796570004
875.7,4.5098248e-05,17820.820261450346
875.8,4.4361826e-05,17824.538668394525
875.9,4.4052264e-05,17870.85879800611
876.0,3.902065e-05,17473.742869607424
876.1,3.972087e-05,17589.07935297356
876.2,0.00010479274,12094.071714459604
876.3,0.037043255,1791.5438700199093
876.4,0.065979205,2321.751257967301
876.5,0.027695049,2987.521691199576
876.6,0.010855889,9581.626023647274
876.7,0.026344083,1937.543591225493
876.8,0.008722635,3289.3846608030663
876.9,0.01124488,9793.469097542511
877.0,0.0033621872,8835.82517159492
877.1,0.0073743174,2673.615504220631
877.2,0.021574214,1523.3972621820576
877.3,0.0012100114,3068.221229809987
877.4,0.00020204078,6625.7395946832075
877.5,8.5132546e-05,9830.709749287638
877.6,6.282856e-05,11096.984969038298
877.7,1.0960245e-05,10769.457941099561
877.8,1.2721354e-07,9628.481584351379
877.9,1.2625128e-07,10033.717476765883
878.0,1.268742e-07,10193.406332377972
878.1,1.2095059e-07,10036.242983441685
878.2,4.5268152e-06,3411.5047085411284
878.3,2.5751846e-05,4200.272110952503
878.4,2.7640344e-05,6405.205471677843
878.5,0.0008141521,3505.0935154764193
878.6,0.0007617287,3383.20142555057
878.7,0.00031846174,3175.0683655714915
878.8,5.997702e-05,3174.4995384462
878.9,0.002667569,8382.678381697031
879.0,0.032322895,2872.476212136836
879.1,0.0011100926,6950.983939960112
879.2,0.00010966396,5664.381730501788
879.3,0.033904802,1253.403808986955
879.4,0.040699396,1592.9300849506487
879.5,0.037787355,971.7625972791081
879.6,0.025660295,1399.6495441477332
879.7,0.029038679,2587.5187032953245
879.8,0.04140372,977.811943776305
879.9,0.014833704,8321.364536532154
880.0,0.018196372,3795.3017003010277
880.1,0.019500593,3320.060438417584
880.2,0.03007925,1230.9472559399187
880.3,0.024253637,1075.9965831210193
880.4,0.0028531472,848.9832345293994
880.5,1.4370465e-07,9699.907690225853
880.6,1.39728e-07,9845.605802261485
880.7,1.4429611e-07,10009.13650821339
880.8,0.00013850917,1768.9275668962305
880.9,0.0007527673,2899.732090411547
881.0,0.0007504764,1185.8363547533888
881.1,0.028595252,1444.31779720354
881.2,0.03515313,2415.3194491724116
881.3,0.056311518,1515.3434266184172
881.4,0.026141582,3744.624474403694
881.5,0.023285875,2169.128839869386
881.6,0.00053811085,2719.4064462509396
881.7,0.011976656,3435.620414087488
881.8,0.032174565,1998.186272186819
881.9,0.009752617,3573.3016055264816
882.0,0.017874632,2498.401855259186
882.1,0.015503843,2295.477102545404
882.2,0.04290686,1455.6638120852988
882.3,0.032369275,1320.94713936498
882.4,0.025992263,2710.2295723904326
882.5,0.03677769,2139.4106105742094
882.6,0.035792463,2761.3431646026334
882.7,0.012729835,3213.1004191514407
882.8,0.016387798,1189.3163898350267
882.9,0.015858669,1234.0646567470376
883.0,0.026937407,1119.3246966127913
883.1,0.039047897,1023.11505818654
883.2,0.027367098,1075.8331880173087
883.3,0.00425653,1979.0635296960627
883.4,4.7384888e-06,5244.266170851444
883.5,1.328068e-07,9855.132271240156
883.6,1.2904638e-07,9911.434324559435
883.7,1.2828266e-07,9866.735854967388
883.8,7.025951e-05,1297.8387181872788
883.9,0.00050115614,2553.0393518731034
884.0,0.00048561028,2544.7198534158642
884.1,0.00023997406,1810.9278450098739
884.2,8.2583436e-05,1725.6224197048034
884.3,0.00016002684,1772.3848849401554
884.4,0.013633583,1324.206079846608
884.5,0.0136786625,1703.5393606672192
884.6,0.005887758,1505.8239684788314
884.7,0.0024256932,2058.345123431027
884.8,0.0003475202,2546.302110889017
884.9,0.00058697216,1517.3393557601448
885.0,0.000109934306,1922.8317721673593
885.1,5.653351e-05,1640.6757356059975
885.2,0.0012592305,5327.7905390288415
885.3,0.009507002,9927.648968876401
885.4,0.067979254,3106.638084580933
885.5,0.03592968,3598.093667653902
885.6,0.025142264,11384.651736402007
885.7,0.04468487,2116.4875773242557
885.8,0.034386825,3227.5736061428433
885.9,0.018457793,3752.2027233256813
886.0,0.01868842,3214.2652976637664
886.1,0.009840972,1980.3209435113267
886.2,0.0025304295,5457.4604895783805
886.3,0.012126152,7994.102977017146
886.4,0.03566272,3087.717641790454
886.5,0.036065754,2574.1049736501154
886.6,0.0087853065,5391.692351078598
886.7,0.004049892,2420.412717201825
886.8,0.00012853925,4846.676307032248
886.9,0.0047780112,5369.219280171859
887.0,0.00010537695,5448.094966872357
887.1,9.506944e-05,5232.9997029837505
887.2,9.780413e-06,5916.019429448477
887.3,1.3317543e-07,10056.851767804514
887.4,1.3540689e-07,9997.723789170179
887.5,1.3028153e-07,9799.955210382926
887.6,1.2665804e-07,10027.462561253737
887.7,1.283004e-07,10169.927178142245
887.8,1.262272e-07,10108.614543295325
887.9,1.2496498e-07,10043.814303988458
888.0,2.6518674e-07,9520.829124502492
888.1,5.7079177e-07,7101.553144154816
888.2,5.762237e-07,6893.0960304953915
888.3,5.8382034e-07,6840.076381277492
888.4,0.00040507034,4014.803770627948
888.5,0.017638335,2663.454263443778
888.6,0.029264282,2816.604995639002
888.7,0.053575993,2220.21812100233
888.8,0.07181551,2190.8117684756176
888.9,0.050787326,645.9432551762233
889.0,0.043489017,2143.9680230458916
889.1,0.00095417735,3647.821865151759
889.2,0.0014858512,3936.9420626580495
889.3,0.0016040367,2953.8516272773013
889.4,0.064136155,1118.8302658503685
889.5,0.07181177,4374.966955856589
889.6,0.07704831,2221.4213728973996
889.7,0.05274861,1807.7038057321752
889.8,0.027208496,3783.0456933578234
889.9,0.023682443,1151.81188653897
890.0,0.011678925,5433.668163083842
890.1,0.012038404,10901.029481985606
890.2,0.00996649,2996.8470666874355
890.3,0.013562823,5317.751176296674
890.4,0.0028982314,3403.095033286172
890.5,0.000115921976,5266.630843217493
890.6,7.603586e-05,6421.380918192179
890.7,5.531301e-05,6334.817038703322
890.8,1.3807379e-07,9960.08654453067
890.9,1.3606343e-07,9873.735766957716
891.0,1.3378201e-07,9832.537883051074
891.1,1.2574722e-07,10043.752961357093
891.2,1.2474422e-07,10018.205218474703
891.3,9.739382e-07,6449.299447761801
891.4,7.2907784e-07,6392.648477719735
891.5,5.807846e-07,6759.578266260825
891.6,6.121748e-07,6999.186439733537
891.7,2.2838567e-05,3205.151902889116
891.8,0.019282326,1169.3726863412571
891.9,0.0032256597,2412.970307558009
892.0,0.009015678,2428.0364937124964
892.1,0.024717735,1886.7704978906283
892.2,0.0032285308,2244.6117961007967
892.3,0.002270576,4388.966117904319
892.4,0.0020141085,4678.671956666729
892.5,0.001305141,3719.3077017109968
892.6,0.0007720291,1986.7769655568438
892.7,0.064692244,2532.4367538005235
892.8,0.0202324,8403.134798197294
892.9,0.05790828,2631.756366503574
893.0,0.042760015,2415.281193500128
893.1,0.026788156,3880.3641770275935
893.2,0.018415254,4264.468050366743
893.3,0.02593376,1492.580972755281
893.4,0.022083294,1782.4191297076147
893.5,0.017069796,2487.121145838869
893.6,0.023522835,1018.2005114516462
893.7,0.074560344,1751.692402613613
893.8,0.060464438,1005.106392980611
893.9,0.06050544,2781.1269690111667
894.0,0.018041123,3168.204144566858
894.1,0.015373657,1578.2962662091124
894.2,0.009433655,2278.864334220093
894.3,0.02859225,3499.817749179027
894.4,0.022089709,5602.291855842352
894.5,0.04082654,1558.4547790899232
894.6,0.014084516,4774.202132401853
894.7,0.01368638,5348.014768863302
894.8,0.037346717,1895.5307690621157
894.9,0.013068472,2678.968908333826
895.0,0.030768365,1807.655108522802
895.1,0.006354431,4178.565741706398
895.2,0.029918002,1289.3128830102216
895.3,0.059830867,1734.1652679377912
895.4,0.0009483983,1839.73712941968
895.5,0.04549262,3321.4247406752293
895.6,0.023724873,3726.563451723288
895.7,0.015804209,5812.7733957978035
895.8,0.018490953,2551.878968106773
895.9,0.012057852,3490.4104903286166
896.0,0.0008117792,3051.8312965716527
896.1,0.002424831,4076.7239147467917
896.2,0.0013117618,3767.4634602464225
896.3,0.00058176415,3110.036671833676
896.4,0.00011707365,2943.8199112735683
896.5,5.26338e-05,3643.985805488531
896.6,3.0893796e-05,3126.936180622242
896.7,1.3523871e-05,3287.5623005441375
896.8,4.6770324e-06,3984.9813781281036
896.9,2.7521364e-06,4297.030112401114
897.0,1.2052238e-06,5817.662695314226
897.1,5.4154157e-07,7147.180352698256
897.2,5.338431e-07,7025.267714958515
897.3,5.660278e-07,6534.5049364939705
897.4,5.0459875e-07,6951.315627505393
897.5,0.0031590927,5841.199946136207
897.6,0.0064422847,2721.330655990556
897.7,0.000109226916,4248.363096404351
897.8,8.0687496e-05,4295.788661466098
897.9,5.511376e-05,3305.740815742339
898.0,5.0361694e-05,2432.870722385883
898.1,4.0173214e-05,1831.2987371923728
898.2,0.0031781108,6282.173320852027
898.3,0.03320431,2898.380229061694
898.4,0.00322915,3556.9437556400712
898.5,0.021614632,1048.3277852830622
898.6,0.00074393087,2491.055209889681
898.7,0.013660981,3070.64647453033
898.8,0.024180567,2704.2432544533576
898.9,0.014751788,1592.0619420699013
899.0,0.004290195,5652.28809119489
899.1,0.006363162,7651.718020411149
899.2,0.029939318,2845.5738587739206
899.3,0.03652385,2250.762619145242
899.4,0.038317703,2904.7644263722887
899.5,0.005480364,10015.791679273512
899.6,0.019687245,2133.5858975063215
899.7,0.0004574584,2975.209098462552
899.8,9.660766e-05,6614.176587773835
899.9,7.04163e-05,6488.775371681237
900.0,5.96493e-05,6577.449451567932
900.1,4.8699905e-05,6717.844489271111
900.2,4.707092e-05,6829.716383777413
900.3,2.0052688e-05,7647.925223314482
900.4,8.418479e-06,8093.348450984664
900.5,1.1478016e-06,8732.50558488855
900.6,1.2812258e-07,10210.554819071805
900.7,1.4215364e-05,17954.174153858792
900.8,3.6835463e-05,17537.513506861527
900.9,3.8895934e-05,17794.42310744158
901.0,4.151026e-05,17891.74125164687
901.1,9.102162e-05,13519.661357974408
901.2,0.008782386,2169.112077949526
901.3,0.0042369287,2967.3427053721225
901.4,0.0028309359,1664.958407143174
901.5,0.0062936796,4832.925097015539
901.6,0.014889552,7846.2515571232425
901.7,0.009447058,6471.677913886733
901.8,0.05407797,2117.3867269056714
901.9,0.048074454,1657.994583659039
902.0,0.009229917,5459.926927147335
902.1,0.014140569,4826.632184512635
902.2,0.015444186,3551.377827896177
902.3,0.0480211,968.1595631845091
902.4,0.011271449,9595.677405719058
902.5,0.031450305,1742.2406703196964
902.6,0.010550713,1368.7206173899165
902.7,0.030806089,1804.7065799446152
902.8,0.015385102,3327.754962489623
902.9,0.0001848183,7854.545012566899
903.0,0.01808114,3314.4927227898092
903.1,0.029228717,1219.7532252462152
903.2,0.010923216,977.4026700915847
903.3,0.0002453016,5876.928508175732
903.4,8.1200815e-05,9694.401894586092
903.5,5.9195947e-05,10717.60565375262
903.6,5.8124755e-05,10507.068610472132
903.7,4.9818937e-05,11575.629843491968
903.8,4.639812e-05,14149.795490193344
903.9,4.0217426e-05,15905.450994462924
904.0,4.0968145e-05,16855.42816002744
904.1,3.9479517e-05,17535.171521712382
904.2,0.0082438355,3636.5976588354215
904.3,0.0031099482,2399.064383667773
904.4,0.00010987963,8584.817984706211
904.5,6.5343935e-05,10221.545069094485
904.6,5.1845385e-05,11556.127453492514
904.7,4.790237e-05,13410.561047763602
904.8,4.161933e-05,15554.616484369362
904.9,4.0844418e-05,17353.759177040003
905.0,4.1750827e-05,17481.837640220925
905.1,4.209134e-05,17788.6240067527
905.2,0.00024618566,8735.594936370657
905.3,0.0032864646,6738.370148051127
905.4,0.00072721054,5777.010686354388
905.5,9.9957295e-05,9616.031056872922
905.6,6.491414e-05,10651.891308735623
905.7,0.0046686213,3453.8700756102703
905.8,0.011807117,925.1321690531082
905.9,0.003907222,1605.3823148539855
906.0,0.00022269643,6659.487084148155
906.1,0.000121189485,8347.463728161281
906.2,9.4331495e-05,8452.374222472434
906.3,8.2990206e-05,8952.163970816293
906.4,0.00012901556,8199.16800761375
906.5,7.678018e-05,10367.73097112452
906.6,4.7174948e-05,15493.349041973092
906.7,4.3256056e-05,16653.638591618386
906.8,3.994896e-05,17386.04322180133
906.9,3.8141632e-05,17679.293312760317
907.0,3.7640228e-05,17661.83208848893
907.1,0.030250488,2654.155893264106
907.2,0.025654513,1953.3647378615285
907.3,0.028723098,1730.312822307296
907.4,0.024049094,3423.421228836234
907.5,0.016256018,3212.338480637003
907.6,0.006654,1678.324771568995
907.7,0.014203682,1269.0961436810726
907.8,0.015455107,1001.6312549600407
907.9,0.01152257,1089.812676965835
908.0,0.0064420393,3215.0299907647386
908.1,0.0038149839,2671.1367148455324
908.2,0.0012149791,4538.5844075066825
908.3,0.0003272625,6150.010082716573
908.4,6.588681e-05,10178.380438615284
908.5,5.878759e-05,10924.533201764785
908.6,4.900417e-05,13629.44967071364
908.7,3.8456652e-05,15599.26894535357
908.8,0.0010278894,1990.4263531915117
908.9,0.006331762,1952.1473025644332
909.0,0.021335911,3924.474988505578
909.1,0.011718267,10991.175227178634
909.2,0.00012263484,9812.007636964478
909.3,0.004941915,7562.116485606081
909.4,0.0069800518,2497.739753939819
909.5,0.018313855,1204.6684936952106
909.6,0.01202077,2713.772987021889
909.7,0.00041305454,5508.678581586073
909.8,0.00049299555,3983.5737294486935
909.9,0.0008406898,3507.648958728977
910.0,0.00071842107,3525.7161859270946
910.1,0.000797239,3084.8118862462293
910.2,0.0007239538,3072.470076994978
910.3,0.00022366781,5709.03038875351
910.4,5.2293097e-05,10868.281047810022
910.5,4.5910805e-05,12690.102348102777
910.6,0.0005481617,7218.329344586296
910.7,0.007490563,8815.040465514874
910.8,0.047739472,1489.9842755367886
910.9,0.023186035,2357.2370126284222
911.0,0.08610048,2511.615869345273
911.1,0.07394556,2224.2959296379927
911.2,0.069311745,2352.4934890043287
911.3,0.015802668,2166.5994356659317
911.4,0.0006049448,3984.3035210939433
911.5,0.00012684069,8393.320105107385
911.6,0.000982868,4573.144922835105
911.7,0.008535323,10338.662220417775
911.8,0.020144058,8115.56878475675
911.9,0.015092481,1338.4007072062523
912.0,0.00041829105,6905.386889807472
912.1,0.017230831,2493.298598778164
912.2,0.024077369,1809.4212776290676
912.3,0.05499534,1708.975370613465
912.4,0.030070256,2998.5910736428877
912.5,0.011319527,1392.513733121755
912.6,0.009156168,7556.4121441445795
912.7,0.004180235,9492.364608093292
912.8,0.0033594193,3612.5144342611993
912.9,0.0013942511,3763.850449672603
913.0,9.8516684e-05,9836.335210121819
913.1,9.376421e-05,9775.197041045358
913.2,6.4813685e-05,10632.54906414665
913.3,5.600584e-05,10814.3389464731
913.4,4.688996e-05,13367.982188225984
913.5,4.1032028e-05,14880.190771211961
913.6,5.5108558e-05,15070.958459984082
913.7,4.0125407e-05,16815.004961785085
913.8,4.208214e-05,17582.949831334656
913.9,3.676722e-05,17486.932016712006
914.0,3.9542396e-05,17612.76613278987
914.1,3.8980368e-05,17250.109184835725
914.2,4.420393e-05,17531.032983945377
914.3,4.1983814e-05,17833.577774090478
914.4,3.9496517e-05,17768.80997764623
914.5,4.215917e-05,17591.51021569759
914.6,4.2610693e-05,16809.128697174176
914.7,4.627746e-05,15797.12719369339
914.8,4.4861426e-05,16132.642955781028
914.9,5.1527004e-05,15175.841512717589
915.0,4.1521344e-05,15652.894240150737
915.1,3.762138e-05,16884.50867188374
915.2,4.1137162e-05,17365.521045851183
915.3,3.7156533e-05,17234.25471295075
915.4,4.011843e-05,17256.165323947735
915.5,3.7704e-05,17647.08343761987
915.6,5.317751e-05,12457.853528572696
915.7,6.699864e-05,14934.847010590518
915.8,0.0046257093,8735.716461455657
915.9,0.007362592,8695.930775332185
916.0,0.034161296,1735.7182963082505
916.1,0.021504758,1987.5405407700257
916.2,0.009005193,4339.906483241411
916.3,0.006300329,9922.098767317184
916.4,0.0063265096,4088.7839018112745
916.5,0.008856191,3134.9449415918516
916.6,0.008517038,3379.052051610157
916.7,0.0014875057,3029.959044131068
916.8,0.00013849101,8754.013709529854
916.9,8.648179e-05,9777.456044797207
917.0,6.0990977e-05,10341.28149358284
917.1,5.151977e-05,11567.853695900592
917.2,0.00013462645,6588.941830617293
917.3,0.00035506082,4227.074237537577
917.4,0.00039827783,3946.304961023461
917.5,0.00024222262,4666.981117369153
917.6,0.00012980509,6389.08893219326
917.7,6.7280285e-05,9478.878525091537
917.8,4.0733477e-05,14163.162885376629
917.9,4.313371e-05,16643.800941352005
918.0,6.473759e-05,13222.785397730104
918.1,6.3832515e-05,13366.957771942605
918.2,0.05060535,2197.846686798336
918.3,0.027836211,7366.053812128772
918.4,0.027186925,4570.585726913117
918.5,0.03817923,2206.757349102848
918.6,0.021621138,3804.678097091358
918.7,0.01686528,3645.937862344973
918.8,0.019580903,2470.2010630452282
918.9,0.015698707,1958.6411016984798
919.0,0.014382874,1149.000995396641
919.1,0.018235289,3624.8695722823713
919.2,0.030480659,2371.7573935429673
919.3,0.021632278,3021.58818200935
919.4,0.00831925,10069.902460127212
919.5,0.013249127,3471.817505750614
919.6,0.01468227,3982.3563182603093
919.7,0.021152139,3527.4101644351294
919.8,0.0034481292,4739.999746767293
919.9,0.0003212558,6002.090839173421
920.0,8.373356e-05,8852.623482764087
920.1,6.328033e-05,10136.714689023054
920.2,0.00032167698,4375.754990121974
920.3,0.0045399917,8936.684425423515
920.4,0.023773737,2282.565315915189
920.5,0.028991,1736.7355133261296
920.6,0.022398943,1032.3059416570954
920.7,0.017257618,909.2656071566047
920.8,0.018978886,1747.4675938657338
920.9,0.00064317905,5107.201395973741
921.0,0.02601033,2919.9190704644734
921.1,0.03883256,2264.5732524668474
921.2,0.062166456,1236.5681816224894
921.3,0.052793633,1383.1614664276149
921.4,0.051068433,1407.3828274020357
921.5,0.0010698619,3649.7261782265305
921.6,0.01640637,3104.7041128349947
921.7,0.011838382,4470.715979031521
921.8,0.031056441,1583.5870025506533
921.9,0.0067851385,5504.740248657656
922.0,0.022762857,2888.0595747047228
922.1,0.012914176,1961.593208572091
922.2,0.00097154983,5316.4294922668005
922.3,0.0068677585,2821.5353266221346
922.4,0.013797536,2953.104868614985
922.5,0.003393649,2427.484177418764
922.6,8.61806e-05,9771.958540908117
922.7,0.0055286814,2327.231228104955
922.8,0.00026668646,5776.2868975964175
922.9,8.196857e-05,9397.349799945847
923.0,6.0628037e-05,9770.031326945216
923.1,5.040562e-05,11388.871212172704
923.2,0.000110899324,11442.020755657375
923.3,4.2976775e-05,15607.778411701202
923.4,3.8405782e-05,17320.664193842058
923.5,3.5507204e-05,17675.159986921986
923.6,4.0919917e-05,17506.332206201427
923.7,4.200635e-05,16891.268103478713
923.8,0.0011441591,2908.7771231194365
923.9,0.025338022,1204.0437247597952
924.0,0.0034080194,5678.489750627594
924.1,0.016248949,1477.600135656481
924.2,0.010941057,1875.863100653302
924.3,0.0031166784,2157.0060542560295
924.4,0.00047363294,3623.737771145453
924.5,0.00088333274,3717.546960791322
924.6,0.0007282183,3502.735687333622
924.7,0.00040886525,3564.5881491148975
924.8,0.00019040059,5530.594243777711
924.9,4.741092e-05,10957.331419464917
925.0,5.304542e-05,12202.214690475745
925.1,0.0067435596,9341.96419139486
925.2,0.04699158,1179.571620318857
925.3,0.036853272,1776.4590977586895
925.4,0.041938424,2111.4347823556263
925.5,0.04354934,2950.39064161011
925.6,0.013338775,4643.54055436777
925.7,0.004878009,5050.483524717557
925.8,0.0008437819,5503.034443502053
925.9,0.017729094,2666.861024826647
926.0,0.007978436,1561.428371905391
926.1,0.0060794796,7748.413771689971
926.2,0.0052232966,8086.235665199359
926.3,0.0013318885,4801.180719842552
926.4,8.6267886e-05,9999.555103582936
926.5,6.65915e-05,10730.485598147086
926.6,6.015169e-05,11914.58282117316
926.7,5.317912e-05,12284.52856282399
926.8,5.0237883e-05,13195.909965989833
926.9,4.5320918e-05,13070.116712453495
927.0,1.708539e-06,11722.623943463139
927.1,1.280878e-07,10008.14552867234
927.2,1.2723616e-07,10133.405423785149
927.3,1.2387603e-07,9919.176477117544
927.4,1.2675922e-07,10140.944298857965
927.5,1.2520402e-07,9754.63903857013
927.6,7.3788516e-07,6527.762311819144
927.7,2.790677e-06,4409.43374785973
927.8,2.8584873e-06,4204.602529732959
927.9,8.359942e-07,6573.160538403796
928.0,1.2162176e-06,5808.681890803602
928.1,1.2343298e-06,6306.902870440772
928.2,0.00012551417,2401.863473208552
928.3,0.0031105725,5803.727398001714
928.4,0.00012986308,3426.174805625593
928.5,0.0022692112,886.1651886860635
928.6,0.000116333336,4766.845543363568
928.7,0.06332056,1539.399898725737
928.8,0.0766522,2579.813361437974
928.9,0.04899532,2625.4558200612464
929.0,0.033063646,2687.263127928317
929.1,0.0011284216,2608.134338036799
929.2,0.07290406,2248.220011530082
929.3,0.07613127,3444.0334814053444
929.4,0.003238207,4111.104403387273
929.5,0.00017022343,4881.340629972686
929.6,0.00015658556,4686.688269493612
929.7,0.00022219676,3686.6594664864506
929.8,0.00015206866,3878.994535880211
929.9,0.000109559754,3880.6847317137294
930.0,0.00011257026,5874.330139309693
930.1,0.0071677263,8973.94005220316
930.2,0.06815771,1420.9465887097094
930.3,0.06498969,892.8833884226794
930.4,0.075577274,1696.801777987172
930.5,0.06259185,1454.6214157339925
930.6,0.045104455,2073.840174901389
930.7,0.011946047,9901.166875816529
930.8,0.022237564,2637.1555755244412
930.9,0.038439635,1723.4228234684106
931.0,0.04912192,1189.2195572348512
931.1,0.054180045,985.9979307164599
931.2,0.03742003,2158.715765639556
931.3,0.0166163,1986.800693233862
931.4,0.0037993577,2826.4092736906805
931.5,0.0015203159,3102.818627625469
931.6,0.0025228155,3569.9062715562477
931.7,0.0022489731,3564.3327851599547
931.8,0.011752048,1907.503967165871
931.9,0.05002872,1930.6777683468833
932.0,0.056267716,1783.3970840353525
932.1,0.03274289,6546.259138160123
932.2,0.016147293,7649.101440099098
932.3,0.06504473,1950.6931867710232
932.4,0.03619996,2565.868212338566
932.5,0.017088968,2547.045777097316
932.6,0.018487481,1611.2314544607048
932.7,0.022247225,2423.2050029354177
932.8,0.027680948,1557.1761412734459
932.9,0.011643822,1753.0971684596557
933.0,0.009868254,2592.453849771018
933.1,0.0002625212,3572.7185637413813
933.2,0.011611983,2974.819709796886
933.3,0.017473834,1358.8305937981856
933.4,0.034339998,586.6038915520243
933.5,0.004932154,2552.5681914554707
933.6,0.005745762,10084.142544006674
933.7,0.008367124,2655.683864909725
933.8,0.00049569306,2788.821577688317
933.9,0.00012814828,4930.984823248962
934.0,8.724608e-05,5765.16132145689
934.1,4.2971984e-05,6557.22620062859
934.2,0.0006748453,1796.038191678949
934.3,0.0053194696,8401.066566594065
934.4,0.013558961,1785.6251723327775
934.5,0.04635825,991.2605225819259
934.6,0.016151672,7990.79685477698
934.7,0.042011537,1874.2594068950286
934.8,0.047356095,1950.8978157105084
934.9,0.03577505,1997.1660691075347
935.0,0.013185077,1836.9606912855284
935.1,0.0008998512,4246.854988677005
935.2,0.00017885759,3593.7771223919744
935.3,0.00010798706,4752.1140431029835
935.4,9.178198e-05,3738.8455769542884
935.5,8.151111e-05,3327.202846881447
935.6,6.088639e-05,3674.5429902368014
935.7,0.010671738,1663.7307995628703
935.8,0.011050588,3163.7761042106204
935.9,0.021733161,892.1953637928912
936.0,0.049185533,1189.1160484664929
936.1,0.057249654,1338.210290530146
936.2,0.020056635,2246.3819649118564
936.3,0.015138265,2339.6001305305153
936.4,0.019209793,889.7362685953216
936.5,0.03553882,1979.6523671446862
936.6,0.056864757,2177.95094223421
936.7,0.024079926,2252.0338244434365
936.8,0.009124655,6991.038626611426
936.9,0.011172588,1124.6897162316682
937.0,0.00375925,1839.1135482684351
937.1,0.0010233397,2600.5954647815543
937.2,0.00010671623,4935.392225920443
937.3,7.4456504e-05,4430.714109016833
937.4,5.148811e-05,4041.1906832941095
937.5,5.3951604e-05,3286.3180178640496
937.6,0.0064342674,1461.692756870414
937.7,0.009371591,1706.3531368289941
937.8,0.0012987928,1730.613146261476
937.9,0.00034615875,1774.1152514932824
938.0,6.13908e-05,2839.223132957763
938.1,6.9402166e-05,1798.1661941563839
938.2,4.83577e-05,1227.599057654526
938.3,2.1580945e-05,1311.9336310929145
938.4,9.642687e-06,2227.722815927794
938.5,1.4695057e-06,4946.83564496348
938.6,1.2755191e-06,6157.960883009652
938.7,9.836725e-08,10004.083390357515
938.8,9.942801e-08,9993.188814512427
938.9,9.601079e-08,9980.781560631858
939.0,9.6744756e-08,9874.427679899674
939.1,1.0114944e-07,10118.687917412837
939.2,2.1094886e-06,7847.516705191778
939.3,7.9124055e-07,7071.690105536395
939.4,1.0168196e-06,6307.483858798298
939.5,1.0711856e-06,6552.898760387621
939.6,1.2992322e-06,5446.477986989332
939.7,1.023318e-06,5843.995584687104
939.8,1.162272e-06,5826.024263508575
939.9,9.260566e-07,6319.622294684787
940.0,2.0398487e-05,1246.5710965057563
940.1,5.515718e-06,3095.811764063512
940.2,1.5808702e-06,5025.4398327132485
940.3,1.7002527e-06,5290.606379360946
940.4,4.8089905e-06,3779.926431909579
940.5,2.923417e-06,4436.183694073124
940.6,0.025998112,2272.150661718266
940.7,0.02026314,2337.1957861664714
940.8,0.0002081893,4243.720390772739
940.9,0.024101883,1817.9665249297093
941.0,0.03813701,1399.0924218708246
941.1,0.017119857,6620.285046858226
941.2,0.04396918,1967.1123500876333
941.3,0.02691829,3249.1163053913447
941.4,0.028013105,2518.494916449172
941.5,0.004922229,8492.57163872365
941.6,0.009829342,952.6963573959479
941.7,0.005273916,1515.722864009975
941.8,0.00020407978,4302.8115984983015
941.9,0.0003676921,2787.2244297959996
942.0,0.0009214065,3231.9465157066716
942.1,0.0008891137,3003.8001558597807
942.2,0.00048196752,2761.0747035743752
942.3,0.0005330736,2757.7840774081496
942.4,0.04816391,2428.0867957565843
942.5,0.003910332,6735.31395925021
942.6,0.05594796,1700.0008737445687
942.7,0.05787185,1860.1510753397251
942.8,0.06591326,2442.3060094183375
942.9,0.0012336507,2640.8313516766857
943.0,0.046358917,1296.7977951616558
943.1,0.023076091,1525.3627443526714
943.2,0.018616334,2263.15239855197
943.3,0.0059431246,4498.059798384078
943.4,0.02111706,3153.7841077012818
943.5,0.0028422296,2150.5056204318553
943.6,0.022570578,4734.832362422749
943.7,0.002298633,6978.787239220044
943.8,0.008112776,1659.3395932883645
943.9,0.043335576,1346.5408838256362
944.0,0.031769518,2689.572586510174
944.1,0.0038722807,6136.918382717035
944.2,0.0039423127,2073.79360354723
944.3,0.00021061198,3737.099635594323
944.4,0.0001244785,3974.576286547327
944.5,8.741168e-05,3563.2571941930796
944.6,9.0586174e-05,2724.2314694845586
944.7,6.602307e-05,2082.544982218357
944.8,3.9768063e-05,1754.0213338776525
944.9,1.525171e-05,1963.5734668888283
945.0,5.4895268e-06,3080.436586587626
945.1,4.553554e-06,3119.243197536851
945.2,2.1944045e-06,5358.74641462814
945.3,1.4269824e-06,5245.925577634804
945.4,1.3778382e-06,5935.560464084305
945.5,7.9076676e-07,6696.103838153063
945.6,9.2839656e-07,6088.555887347649
945.7,2.3230661e-05,17213.376046158235
945.8,4.7812067e-05,16187.751315958532
945.9,4.1593357e-05,17541.68529084235
946.0,3.9881783e-05,16882.796681729993
946.1,4.072825e-05,17215.77387271702
946.2,3.9580616e-05,17334.020735989834
946.3,4.010778e-05,17394.594734786457
946.4,3.9009217e-05,16923.580316860887
946.5,4.4542743e-05,17549.949487955357
946.6,3.9501712e-05,17175.97477673162
946.7,0.00020288103,5840.202060677433
946.8,0.030705502,2602.0885251079276
946.9,0.00049107394,5303.6225824316125
947.0,0.057774488,2340.3412434665643
947.1,0.06730537,1477.6483368282877
947.2,0.038140465,6576.989852090124
947.3,0.016510816,6051.636607778856
947.4,0.032676417,3216.8661006235097
947.5,0.022631362,1276.013261545169
947.6,0.042544626,3108.7637581137396
947.7,0.008306344,5192.691517122366
947.8,0.00081738434,4193.040339256885
947.9,8.2449915e-05,10126.45733845215
948.0,6.99206e-05,10100.920277753266
948.1,0.00031943282,4947.1397784606
948.2,0.012224288,3395.125000452233
948.3,0.05537296,1605.0702898053237
948.4,0.04852117,1088.8302872257314
948.5,0.035289448,1821.8323522185456
948.6,0.015443118,8056.562877123421
948.7,0.014249995,6961.615655093886
948.8,0.028293923,1560.8231889143347
948.9,0.08465418,1311.688028281656
949.0,0.04161003,1660.6351459111354
949.1,0.03911685,2143.7630182487505
949.2,0.014009786,1908.9587311808027
949.3,0.029973429,3114.707435155596
949.4,0.0072049433,1828.2139271557865
949.5,0.010078581,5997.4836943502905
949.6,0.00094537967,4293.6293311750715
949.7,0.00013182168,8769.54976618357
949.8,0.0075101308,2610.898438326584
949.9,0.00010942061,8278.4371013514
950.0,9.833217e-05,9313.78017629443
950.1,6.3168685e-05,10093.14454685323
950.2,5.2550535e-05,10751.687615557763
950.3,4.2949363e-05,13632.345047310346
950.4,3.9174585e-05,15793.004459358372
950.5,4.237406e-05,15674.598046931587
950.6,3.88404e-05,17085.60780107699
950.7,5.1502528e-05,14196.799304978023
950.8,6.9599875e-05,10657.837158389237
950.9,8.41575e-05,8674.408690113154
951.0,8.7715656e-05,8984.561510402875
951.1,7.9527184e-05,8936.457342783917
951.2,4.8403486e-05,14021.727577333664
951.3,4.072617e-05,15933.16289976474
951.4,3.906808e-05,16438.95851025142
951.5,0.0005166003,6449.697174848471
951.6,0.02176515,7246.71927305118
951.7,0.04370465,2961.5396848137802
951.8,0.028703008,1092.694087990039
951.9,0.02853546,2243.7218341836196
952.0,0.013440145,8973.996545425942
952.1,0.018365776,3635.8091810471624
952.2,0.0046172016,7236.595213198804
952.3,0.029091632,2299.9289169288927
952.4,0.023574363,3788.690040841855
952.5,0.0014882348,5303.567513247511
952.6,0.00037827977,7148.068457780912
952.7,7.039576e-05,10394.403789026725
952.8,5.8154696e-05,10826.37097357636
952.9,5.2621086e-05,11845.619577881313
953.0,4.62191e-05,12719.32295723075
953.1,0.0003065543,7273.396533482649
953.2,0.05461467,1785.406824051544
953.3,0.0004688531,5543.442515512373
953.4,0.018721769,3022.669589688109
953.5,0.024002114,2082.357451405727
953.6,0.022355953,3428.558032265
953.7,0.02677137,2912.588638822662
953.8,0.021561125,1158.7162205982304
953.9,0.008307103,4751.262653644897
954.0,0.017024918,2742.133385184689
954.1,0.0013655933,2879.738204862287
954.2,0.000104889354,9577.671322381813
954.3,9.3347764e-05,9654.913546483795
954.4,6.4911845e-05,9974.607593752453
954.5,5.7279463e-05,11088.930577043859
954.6,4.9557377e-05,11970.217073673784
954.7,4.4520766e-05,13286.700263151084
954.8,4.1961917e-05,14730.135275513843
954.9,4.395538e-05,16021.019853760636
955.0,4.0964347e-05,17016.861699084206
955.1,4.0086543e-05,17506.865960589672
955.2,3.9613627e-05,17339.318843471938
955.3,3.7912952e-05,17578.83059848744
955.4,3.9678125e-05,17797.680450048032
955.5,4.0654362e-05,17839.670349270033
955.6,4.0346884e-05,17832.42246635512
955.7,4.320094e-05,17810.359051875945
955.8,3.7111993e-05,17830.025288144258
955.9,4.6646153e-05,16056.869873807387
956.0,4.1480092e-05,17542.78902226735
956.1,3.8821625e-05,17675.20885067612
956.2,3.9663108e-05,17750.35748174798
956.3,3.8916616e-05,17754.855621032737
956.4,4.1919524e-05,17604.585510503104
956.5,4.380901e-05,17104.927761716062
956.6,3.902546e-05,17571.27813656397
956.7,4.0637657e-05,17905.540175673323
956.8,4.014599e-05,17831.38057139802
956.9,3.9473776e-05,17786.106660591093
957.0,4.074879e-05,17739.50836421454
957.1,0.0035936402,4645.855397281892
957.2,0.009774556,4338.036512374774
957.3,0.014808924,4146.847884128907
957.4,0.012271311,4413.814880786054
957.5,0.0087934,5003.007629660788
957.6,0.007933879,5023.876700962108
957.7,0.009119936,4610.2469223442495
957.8,0.0062408126,4894.174440830359
957.9,0.005015703,4536.3741366422255
958.0,0.0025539584,4734.759564972442
958.1,0.0012274149,4808.228505842779
958.2,0.0007338315,4577.224528625968
958.3,0.00039248314,4564.815785271523
958.4,0.0001763153,6612.657430816131
958.5,6.124359e-05,9926.954325855124
958.6,4.470261e-05,12647.311811421085
958.7,4.253921e-05,13872.936827381276
958.8,4.174755e-05,15466.179991372495
958.9,3.9035192e-05,17039.397690127415
959.0,4.0486862e-05,17695.691791102137
959.1,4.2653282e-05,17850.19049790685
959.2,4.1266347e-05,17733.525294729552
959.3,4.3217504e-05,17719.913776825582
959.4,3.8632013e-05,17795.307362989253
959.5,3.9068156e-05,17781.163082751136
959.6,3.909855e-05,17827.71861277123
959.7,0.009504265,592.0710069371013
959.8,0.017275585,2084.8787077729376
959.9,0.014126258,2248.5314452617904
960.0,0.0091173425,2215.0777057681753
960.1,0.0039419383,2446.1064367672584
960.2,0.0006239966,4581.106955616355
960.3,0.009656992,2888.863835609179
960.4,0.008609357,7576.161731590944
960.5,0.0097198365,8107.344743564265
960.6,0.0043479674,3815.9897316559836
960.7,0.003932626,3850.9917722236232
960.8,0.005698753,4280.2284842822955
960.9,0.021369899,3479.732514874433
961.0,0.0025706152,5176.671567697
961.1,0.00073170767,3769.7846698003195
961.2,0.00013143802,8576.391135694099
961.3,6.450874e-05,10875.341613165057
961.4,8.183677e-05,10708.880707276106
961.5,0.0004219478,3926.319211980002
961.6,0.0006560428,3854.4359459646244
961.7,0.0004129569,4055.8657830795837
961.8,0.00019241663,5149.5429526367425
961.9,0.00012631618,6752.60418128126
962.0,9.443267e-05,8129.242033837865
962.1,0.0137698315,2287.6260321827835
962.2,0.0353292,1945.2862548316266
962.3,0.030248227,1998.3603293655387
962.4,0.016991304,3493.366438311831
962.5,0.010167641,2239.500509358525
962.6,0.011849707,3245.508908123148
962.7,0.012700213,2349.778065460605
962.8,0.025686285,2518.2438455155093
962.9,0.036465563,3152.0371549386014
963.0,0.018199036,6477.975645507851
963.1,0.009481021,7894.047399281333
963.2,0.006392749,2135.7982365098787
963.3,0.00017740078,7380.722866954251
963.4,9.4957744e-05,9903.98918023086
963.5,0.002131427,7133.946184325267
963.6,0.041374885,2077.6915909311238
963.7,0.06447197,1671.9072462488518
963.8,0.013924254,7893.096076671347
963.9,0.04766965,901.8529187941344
964.0,0.026346939,2178.793013927869
964.1,0.023158131,2580.1648635963375
964.2,0.0029474748,5196.07015539208
964.3,0.032242924,2542.3069171561037
964.4,0.01327759,3223.950733059281
964.5,0.008619166,8170.448586862281
964.6,0.0047768545,6722.74828204665
964.7,0.002215781,2691.6487244846157
964.8,0.00018116592,7499.688858173132
964.9,8.163097e-05,10086.806827157307
965.0,6.503113e-05,11048.937978119699
965.1,5.5728935e-05,11664.30869763847
965.2,4.4845303e-05,12527.1993124691
965.3,4.210274e-05,13567.295133755364
965.4,0.010447416,1313.630310893004
965.5,0.0002327196,6172.826363932937
965.6,0.0023933256,1810.9705620910568
965.7,0.00016225819,7497.709476084568
965.8,0.0008148385,3777.181682817959
965.9,0.0010068384,3540.734519415425
966.0,0.0007515204,3535.265008110166
966.1,0.0010084101,3378.97315802264
966.2,0.009422831,1360.5888804089955
966.3,0.014420507,1661.7992906076693
966.4,0.038102932,2288.740837701588
966.5,0.035798386,2167.1324423298183
966.6,0.025252307,1471.797479304646
966.7,0.010304457,9063.972683945805
966.8,0.012998678,1971.4788607031878
966.9,0.018976133,4551.466963004537
967.0,0.017688747,3201.904487445873
967.1,0.013838712,1924.2570767377592
967.2,0.026026264,3351.1267753354714
967.3,0.027103527,3848.403549161959
967.4,0.011357004,7797.312086872751
967.5,0.005433307,4048.8811010090258
967.6,0.0011477596,3446.5084756283245
967.7,7.552377e-05,10252.995895991744
967.8,6.3313135e-05,11268.5084062187
967.9,6.014653e-05,12074.311146405791
968.0,5.1541803e-05,11840.080783860749
968.1,4.54647e-05,12729.766566571427
968.2,0.00013296542,12143.3481050779
968.3,4.5866702e-05,14039.315765027408
968.4,3.850078e-05,15987.781886070123
968.5,4.3753957e-05,17784.166981632196
968.6,3.8426286e-05,17620.10552589578
968.7,4.161216e-05,17436.368645958988
968.8,3.9403127e-05,17438.779625582665
968.9,3.8894465e-05,17795.68219577603
969.0,4.3124437e-05,17939.666129809597
969.1,4.1543797e-05,17760.468596651255
969.2,3.97639e-05,17843.435410189
969.3,3.9652547e-05,17862.084965725215
969.4,4.1158113e-05,17028.020190979074
969.5,0.0062394217,8972.439440439346
969.6,0.016040646,2908.841999701627
969.7,0.012859378,3631.5086669357424
969.8,0.009176685,4949.2214678352175
969.9,0.006726459,3247.5681507620047
970.0,0.041347098,1414.2387831452731
970.1,0.007354904,2356.8324498814654
970.2,0.011275709,3142.6504281254547
970.3,0.00011263614,8673.695117056728
970.4,0.0017065126,9477.24097899127
970.5,0.0024380593,4431.314826344618
970.6,0.00047012692,4474.26484929283
970.7,0.00020503206,5831.010181268594
970.8,0.000115287025,7829.324100810055
970.9,5.824452e-05,10013.59605099334
971.0,5.0761937e-05,11943.173389149431
971.1,0.0007288173,4109.515297523328
971.2,0.0066330587,3627.11869646695
971.3,0.037244115,1523.386489001232
971.4,0.061856195,1214.3153701220742
971.5,0.002351467,2628.324270981887
971.6,0.021887116,2698.76331644942
971.7,0.035605207,1960.853283742948
971.8,0.015063716,1065.4278640073437
971.9,0.00028043007,5940.707597353892
972.0,0.00013150754,8154.911605858539
972.1,0.00017216572,6760.196219669412
972.2,0.04098882,3590.2444321613007
972.3,0.022530112,10263.492710850118
972.4,0.00070145645,8098.807941161345
972.5,0.006654733,2377.817617875591
972.6,0.0019472966,4293.401324341021
972.7,8.657957e-05,10316.24403309156
972.8,8.3523315e-05,10491.942845201993
972.9,7.307167e-05,10526.923950226123
973.0,6.138004e-05,11553.57728678575
973.1,3.3313114e-07,9855.669826027219
973.2,1.2877194e-07,10181.846874374394
973.3,1.265806e-07,9949.50241148163
973.4,1.2651284e-07,9628.708017458004
973.5,3.1066782e-05,17783.121214193165
973.6,3.676889e-05,17788.081847034588
973.7,4.1616633e-05,17614.233336797814
973.8,3.7948943e-05,17560.1150138798
973.9,0.0011699903,9140.898332433952
974.0,0.037214678,3586.055653052594
974.1,0.000930809,6017.692772706421
974.2,0.030349277,2740.380680367847
974.3,0.031321574,908.206523995939
974.4,0.027032284,2438.1533153401297
974.5,0.042230006,2692.901780622933
974.6,0.050084516,2221.1210425529093
974.7,0.033594042,3134.959976878952
974.8,0.034290902,3170.1476511697183
974.9,0.017855326,7882.239819552979
975.0,0.021201909,2736.7202741710057
975.1,0.011633368,2561.057141111788
975.2,0.017977888,3824.501306979621
975.3,0.0010060109,4134.217594474892
975.4,8.738035e-05,9515.023523324422
975.5,6.957807e-05,10294.940054855957
975.6,6.361417e-05,10613.700191384632
975.7,5.600333e-05,10936.809968379344
975.8,4.462369e-05,11827.926927745695
975.9,3.98124e-05,13232.20233782662
976.0,4.4222143e-05,16313.670457608427
976.1,3.5812627e-05,17174.388533260666
976.2,4.18976e-05,17679.73416923648
976.3,4.116394e-05,17843.74430468934
976.4,4.1666484e-05,17801.205795392187
976.5,4.0194107e-05,17634.040353477754
976.6,4.1269315e-05,17418.347795084585
976.7,4.598311e-05,17813.759303149003
976.8,4.2335756e-05,15832.138367991813
976.9,3.7421763e-05,16602.091080423423
977.0,4.2968702e-05,17430.58632752339
977.1,4.079032e-05,17367.005985224325
977.2,4.1516018e-05,16906.863705911986
977.3,3.6332178e-05,17396.310042893732
977.4,3.9656472e-05,17698.777651911332
977.5,3.8148923e-05,17498.76891443441
977.6,3.8515034e-05,17567.023707554654
977.7,3.7948277e-05,17673.233604195575
977.8,0.0088102715,817.8190794489465
977.9,0.031865098,3586.450891754731
978.0,0.004706063,5305.05013745281
978.1,0.0009316213,3158.415771261026
978.2,0.00020303405,7762.402027743708
978.3,7.82611e-05,9706.421999308237
978.4,7.1854985e-05,9962.730809139492
978.5,5.3941487e-05,10542.484501281944
978.6,5.016139e-05,11612.667711319897
978.7,4.398371e-05,13616.589857800765
978.8,3.6421992e-05,15434.507791750964
978.9,6.350472e-05,15256.198412899586
979.0,0.0039014532,9429.461919761754
979.1,0.034828562,1497.042071964374
979.2,0.024953656,1835.2484091121642
979.3,0.028590603,2377.691756616398
979.4,0.028230801,2652.8439552569725
979.5,0.040366035,1469.916735958
979.6,0.036549896,2284.0974375096966
979.7,0.022754624,897.5733852184876
979.8,0.013636164,3484.255560045994
979.9,0.0065953783,10054.007383681877
980.0,0.011919932,3539.276181865459
980.1,0.0013475007,2991.1014642127425
980.2,0.00014156109,8600.731078572351
980.3,8.516165e-05,10267.819924320578
980.4,7.202384e-05,10193.245336168487
980.5,6.358794e-05,10492.031314527592
980.6,5.217379e-05,11919.283748983367
980.7,4.3369153e-05,13257.26853945802
980.8,4.682577e-05,14293.993509608123
980.9,0.00027619436,4963.454718244978
981.0,0.0006468141,3649.821376724314
981.1,0.00033816975,4277.601067230713
981.2,0.00012837978,5992.3852105061005
981.3,7.5782984e-05,9997.164823555067
981.4,0.015975483,1923.5218107448222
981.5,0.0031131753,5325.0185688373085
981.6,0.044717263,3441.125158371725
981.7,0.01886091,8754.582486595998
981.8,0.037969667,2081.227724264929
981.9,0.034502465,2211.052426944869
982.0,0.011740277,1642.8210323135563
982.1,0.0006199679,4131.078316671687
982.2,0.0001845839,7969.175336719989
982.3,0.00018729079,6548.025559552158
982.4,0.00014453278,7193.3462117705785
982.5,0.0001140894,7316.040965806071
982.6,8.3825886e-05,8519.540839435533
982.7,5.537879e-05,11667.993419344335
982.8,0.0003176898,11843.220431096559
982.9,0.044403758,1634.0801556335432
983.0,0.042780604,3024.7867019682963
983.1,0.036591385,6608.524089878922
983.2,0.024586905,7038.265585389567
983.3,0.08082461,1806.713441350184
983.4,0.019378671,8478.866974932964
983.5,0.027961472,3341.5928873242715
983.6,0.024338465,2743.4450089404077
983.7,0.012631306,3129.5254627581844
983.8,0.014593113,2892.4955939024685
983.9,0.010565613,7981.132280254282
984.0,0.014590174,7942.193695851482
984.1,0.055454157,1559.5763699428153
984.2,0.045429002,2640.5434629030656
984.3,0.018669521,3164.29666335227
984.4,0.034176674,2825.46245485842
984.5,0.06601741,2631.9877277190362
984.6,0.035520636,2133.053932420124
984.7,0.009077886,3282.3828433102217
984.8,0.007284783,8699.256483929708
984.9,0.0040806904,8835.186347771269
985.0,0.000109671695,10007.68327752418
985.1,9.068142e-05,10230.72648301719
985.2,7.047226e-05,10422.197507999852
985.3,6.119421e-05,11103.24975949037
985.4,5.3672105e-05,12800.91377819785
985.5,4.9414994e-05,13925.102697006258
985.6,4.1189192e-05,14648.907080440154
985.7,0.00016895743,11815.197209025077
985.8,0.010371715,7919.175576479163
985.9,0.053006206,1232.8557939552716
986.0,0.044742268,2187.392075340515
986.1,0.04892124,1741.4194018491694
986.2,0.0026039775,5357.460161500814
986.3,0.036604725,2764.6889931929945
986.4,0.023016319,825.4868409374474
986.5,0.014625416,3524.9735431259733
986.6,0.031091444,2799.080983350772
986.7,0.03478817,2481.3596798128738
986.8,0.012543874,3237.298713875642
986.9,0.029423531,2943.634402916102
987.0,0.0047445446,4638.35896690157
987.1,0.03562029,3121.015974810431
987.2,0.035132185,2403.8090934029647
987.3,0.0123246135,2251.6833900950737
987.4,0.008978708,10097.526651423203
987.5,0.0040295906,5000.516426420014
987.6,0.00047573738,6993.743383594572
987.7,8.1072e-05,10496.122384984295
987.8,7.2563795e-05,10806.620507324871
987.9,6.2627274e-05,11781.746287663951
988.0,8.642951e-05,9794.361597927154
988.1,0.00043535559,4159.600912992339
988.2,0.00045942413,4276.263122553297
988.3,0.00034872795,4377.190518658031
988.4,0.00016583048,5845.090499518229
988.5,7.688083e-05,8773.839652853705
988.6,5.703787e-05,11744.126451367625
988.7,0.0005482085,7607.45703073512
988.8,0.0277348,5102.433690322033
988.9,0.0013138793,4805.756520432857
989.0,0.007039608,6381.0054082849865
989.1,0.01121179,3893.3991483422233
989.2,0.009150604,7365.2582555069
989.3,0.021422883,3382.4518342349124
989.4,0.016331235,4411.312384453906
989.5,0.016776862,6546.839656944816
989.6,0.0023156032,2945.7532594961704
989.7,0.00014639022,8794.076788769822
989.8,0.00019491656,9215.703460858322
989.9,0.0003895256,4423.135317093294
990.0,0.00048465916,4121.990995218467
990.1,0.07645328,1555.6757721755387
990.2,0.07281393,1311.4871793175448
990.3,0.07682723,1607.8725889035584
990.4,0.0060354825,1910.2104514147964
990.5,0.041741833,1230.9527954590371
990.6,0.04485784,1607.9398274356927
990.7,0.013393226,1863.4524883601425
990.8,0.016716076,3601.292798160016
990.9,0.08273812,1083.4164747241932
991.0,0.07244814,1741.8956067763465
991.1,0.036281,1615.9816291445998
991.2,0.02396266,3344.8077289231974
991.3,0.011498681,944.377669946319
991.4,0.015105932,7043.64767698983
991.5,0.00061137835,7838.448133668335
991.6,0.027335377,3055.4796461015294
991.7,0.03820211,2699.060835719213
991.8,0.007456595,3322.5738908012027
991.9,0.006159861,9812.975240121825
992.0,0.002767015,3096.1305639200023
992.1,8.555791e-05,10073.453124260359
992.2,6.986307e-05,10662.120975726884
992.3,6.344566e-05,11184.223056363558
992.4,5.596004e-05,11438.736063242312
992.5,4.9291204e-05,12403.004326136106
992.6,4.0829524e-05,13288.950625711206
992.7,4.3725584e-05,14929.671618763725
992.8,4.0811115e-05,15900.777607330503
992.9,3.9000624e-05,16920.642616676312
993.0,4.175791e-05,16092.185791736623
993.1,4.0179104e-05,15698.280812507108
993.2,4.0504146e-05,17010.87783031603
993.3,3.894036e-05,16839.973997976704
993.4,3.7792117e-05,16659.55475124431
993.5,4.052606e-05,17134.788595102294
993.6,4.0208073e-05,17330.789027697512
993.7,4.2873377e-05,17639.82750162936
993.8,0.0044415854,9959.800269287047
993.9,0.021753838,2753.358830889809
994.0,0.034626905,2621.702647738154
994.1,0.041790284,2404.4308637980585
994.2,0.023983208,3099.644143842307
994.3,0.0063407635,5190.510033070347
994.4,0.03420264,2451.4898458198363
994.5,0.043435674,2739.98352475601
994.6,0.019879505,5644.766338533984
994.7,0.03507524,3532.5768853246605
994.8,0.0032806008,4875.803944895737
994.9,0.0050684386,2721.2621555410633
995.0,0.022317063,2529.4344312707813
995.1,0.00016692054,7762.798155435056
995.2,0.009428055,2208.550902682806
995.3,0.00016800831,7164.479659543871
995.4,0.00010183431,8540.497455869649
995.5,8.4044914e-05,9801.88980603442
995.6,6.174042e-05,10008.707244866067
995.7,5.256856e-05,11505.233328818791
995.8,4.3111744e-05,14046.812530048233
995.9,0.001974368,6018.507802849372
996.0,0.042293333,2589.793436596756
996.1,0.045357984,2217.3770603926405
996.2,0.020046948,1018.8524502102522
996.3,0.00941779,7649.200177900353
996.4,0.0050298013,7762.934059559217
996.5,0.016164334,2672.417875374994
996.6,0.0009985372,3241.4681342598738
996.7,0.00010314696,9846.934761150209
996.8,7.763715e-05,10378.225259340197
996.9,6.606299e-05,10545.461387181098
997.0,5.894275e-05,11038.108404806922
997.1,5.4020955e-05,12096.919393168175
997.2,1.2735319e-07,10213.680976111611
997.3,1.2620637e-07,9904.871846875028
997.4,2.6656694e-06,4691.245741526761
997.5,1.2770548e-06,6575.45705868305
997.6,3.1040665e-05,1124.926142551058
997.7,5.3468946e-05,765.2113208308015
997.8,3.2752632e-05,879.1651470166926
997.9,9.860653e-08,10067.917248985743
998.0,1.0054939e-07,9722.701766322445
998.1,9.658599e-08,9959.365306925862
998.2,9.786829e-08,10178.725050342733
998.3,1.0126342e-07,9888.77356367233
998.4,9.584e-08,10231.869557441316
998.5,1.5359945e-05,1545.1450641527779
998.6,3.1300904e-05,1784.2935902004608
998.7,5.169298e-05,2257.6764379389856
998.8,2.7729791e-05,2796.246893491545
998.9,3.0120902e-05,3927.7463090769434
999.0,2.6080483e-05,2890.2096413182203
999.1,1.8038943e-05,2537.590371393849
999.2,1.3502766e-05,1780.7854691069613
999.3,7.317823e-06,2958.939906601635
999.4,8.600528e-06,5238.5864149840745
999.5,1.5919426e-05,1818.576235945422
999.6,3.3240472e-06,4140.421808657901
999.7,4.2616568e-05,2882.500037424569
999.8,0.0040778415,8678.781253406869
999.9,0.0031188547,7562.666052984395
1000.0,0.008188847,3727.1966499206746
1000.1,0.023319662,1013.4028689524142
1000.2,0.025698831,2996.5562267929076
1000.3,0.011184389,2788.669455047085
1000.4,0.0131397825,2880.361098012829
1000.5,0.013804466,8367.076633054041
1000.6,0.0069898413,3868.0792398575977
1000.7,0.0052625663,4361.402472786316
1000.8,0.0006726622,3542.8909555718865
1000.9,0.0001041912,5378.432420050474
1001.0,0.00016325068,6328.551746918412
1001.1,0.00020604995,3329.6027429898522
1001.2,0.00019383657,2944.5671696898094
1001.3,0.00016868577,2695.8484235444535
1001.4,0.00014403313,2327.969091321462
1001.5,6.310598e-05,2409.717639927807
1001.6,2.9200837e-05,2247.929932301754
1001.7,0.00024293925,2524.9055440055026
1001.8,0.04418076,2036.8461084227963
1001.9,0.048766356,2557.587045130045
1002.0,0.013495004,8116.305321241992
1002.1,0.051721748,2429.7970969954154
1002.2,0.027210487,1916.7525779109496
1002.3,0.015731132,2919.27032692333
1002.4,0.0035530129,4720.4317078237145
1002.5,0.0017018162,5895.846923668325
1002.6,0.035638284,2681.3667097070684
1002.7,0.013861964,2200.242638778616
1002.8,0.030110849,1660.0768495509121
1002.9,0.012596518,4983.268248762683
1003.0,0.02707027,2937.917965690021
1003.1,0.022701371,2380.6890074917583
1003.2,0.029042492,2744.3770284830757
1003.3,0.042513058,1954.691821542817
1003.4,0.012080656,978.70602649293
1003.5,0.0085891895,4229.281271984817
1003.6,0.0050732857,10402.656995755344
1003.7,0.0049504256,3139.9469513249055
1003.8,0.0039633773,3512.0027904762555
1003.9,0.00086306245,2696.2463683859332
1004.0,0.00014223518,4987.590208918955
1004.1,7.890201e-05,5868.573062363754
1004.2,4.7407117e-05,5860.224541480501
1004.3,3.8500806e-05,5201.075264281862
1004.4,1.50109045e-05,5957.687678854607
1004.5,5.154343e-06,7043.63853344329
1004.6,0.011251271,2066.1240008146597
1004.7,0.004236798,1525.8902748274104
1004.8,0.009334946,594.8872365167231
1004.9,0.015761873,1576.3558421578377
1005.0,0.005707793,5631.999458068372
1005.1,0.024113202,3390.3081052009356
1005.2,0.000915227,3217.554117401268
1005.3,9.716167e-05,5924.875226354255
1005.4,0.04758932,2544.5975414010054
1005.5,0.013683458,2161.9924723352497
1005.6,0.00675647,4144.960758406563
1005.7,0.010629195,3876.634584334452
1005.8,0.0016440646,2852.2682802237823
1005.9,0.0014076676,2878.4649347734517
1006.0,0.0009998658,2869.7182357639126
1006.1,0.0006933014,2593.905680769216
1006.2,0.0002942558,2334.454050176276
1006.3,0.00022417,3670.807722147939
1006.4,0.013994413,2695.07306328332
1006.5,0.033108,3641.936119700408
1006.6,0.029041374,4711.864618937556
1006.7,0.038239,2327.1851037488937
1006.8,0.00572317,7942.497886780336
1006.9,0.026314959,4181.077166584702
1007.0,0.043039702,2701.466447848439
1007.1,0.014318035,7361.503196328881
1007.2,0.046806708,2747.6299551135153
1007.3,0.020786893,3750.3125640892413
1007.4,0.0012293905,2500.4124521308554
1007.5,0.020982098,3467.456043479423
1007.6,0.017196434,2286.200839754032
1007.7,0.017736819,3160.473141222207
1007.8,0.0075239073,10104.523847590957
1007.9,0.0477572,3478.1928475765344
1008.0,0.058759067,770.2503045583683
1008.1,0.018241862,2179.443098960061
1008.2,0.017208172,2716.981697230117
1008.3,0.030643035,2525.918791139821
1008.4,0.021057663,1863.0045396496353
1008.5,0.010053098,2336.798682727653
1008.6,0.0056287786,8745.71583483051
1008.7,0.0035004965,4456.02805815141
1008.8,0.003237337,4939.645853740935
1008.9,0.0035509313,2805.372960893364
1009.0,0.0002110074,4045.7971871356194
1009.1,0.00015300675,4188.541238826203
1009.2,0.00021016783,3083.448000921464
1009.3,0.00031838837,2524.956319301918
1009.4,3.561563e-05,3885.278153534983
1009.5,3.3486067e-05,2848.8247119121843
1009.6,4.476378e-05,3165.7922276009804
1009.7,3.7804864e-05,3567.6271196535617
1009.8,4.408506e-05,3601.4079942939143
1009.9,1.1265534e-05,3579.743556698167
1010.0,3.4478696e-06,4638.156821315936
1010.1,5.621442e-06,3946.9814910430814
1010.2,4.84413e-06,3490.622997093754
1010.3,1.1434456e-06,6178.558202579462
1010.4,1.2917797e-06,5893.328275805965
1010.5,4.404968e-06,4684.576432525436
1010.6,6.191781e-06,3449.2165420392885
1010.7,5.9634312e-06,4771.995211798522
1010.8,2.162034e-06,4869.143120223038
1010.9,5.425734e-06,4034.347483942357
1011.0,2.527685e-06,4757.7929852283105
1011.1,5.963249e-06,5122.58306006022
1011.2,2.0474074e-05,5206.693619165085
1011.3,3.1166094e-06,5725.431928566022
1011.4,6.7339884e-06,9087.267111954943
1011.5,0.000109418484,9797.88030002829
1011.6,0.043821633,2967.479105809609
1011.7,0.0437829,2805.361831642757
1011.8,0.023671035,3085.5155852077714
1011.9,0.07183052,1756.319448768153
1012.0,0.0593916,1464.5681797004631
1012.1,0.01145247,9700.140454744853
1012.2,0.007271618,5054.8017069977805
1012.3,0.0040842784,3934.076313188162
1012.4,0.006920559,2800.6325890587646
1012.5,0.0017560845,2826.320921746338
1012.6,0.00013643088,4687.725975644418
1012.7,0.00010112827,5381.444593041448
1012.8,7.584613e-05,4510.941693858309
1012.9,4.547785e-05,4299.734148211683
1013.0,3.2924087e-05,3676.5818940587574
1013.1,1.1359743e-05,4421.231410618382
1013.2,6.356702e-06,4233.451744876474
1013.3,1.3528858e-06,5409.422376724742
1013.4,1.3918593e-06,5877.254523839771
1013.5,1.0371953e-06,5742.162578307918
1013.6,3.499496e-06,5358.432043849927
1013.7,1.4974514e-06,5919.075534072752
1013.8,1.617925e-06,5580.203457567863
1013.9,1.5815679e-06,5229.965346097739
1014.0,0.003007569,2033.0491307808315
1014.1,0.0055129332,2611.9818871639327
1014.2,0.025983112,3255.2200877511486
1014.3,0.013586311,8148.848097864789
1014.4,0.03270422,1978.4309885803975
1014.5,0.0077301236,2473.292906358405
1014.6,0.0002070858,5063.764054084864
1014.7,0.000112524816,5586.473254751519
1014.8,9.9719444e-05,5400.331939220673
1014.9,6.3788386e-05,5511.232514386306
1015.0,4.7223333e-05,5044.132285633841
1015.1,3.567704e-05,4516.580935485133
1015.2,2.8430919e-05,4058.6098678807753
1015.3,1.4880204e-05,4317.329450450528
1015.4,6.0744724e-06,4491.05355679027
1015.5,9.646517e-07,6193.97268181907
1015.6,1.5979349e-06,5570.833092791328
1015.7,0.0020633517,1762.632603092485
1015.8,0.044173334,1697.8186925755208
1015.9,0.011570865,2814.9366584019995
1016.0,0.018109618,2173.141651377448
1016.1,0.0029235783,1842.3593958776444
1016.2,9.950634e-05,4816.973804942044
1016.3,7.639067e-05,4463.96522176856
1016.4,9.6414034e-05,3683.8189505213622
1016.5,0.00011018893,2468.064329832643
1016.6,0.00022427757,1182.6027225814958
1016.7,0.0025607354,4240.664144399137
1016.8,0.0052414476,8444.766691838071
1016.9,0.0034141114,8170.134172080366
1017.0,0.005379661,2254.851595217646
1017.1,0.001573433,3774.8483220256207
1017.2,0.00096595887,2596.3791755475313
1017.3,0.0001469192,4377.4286637036985
1017.4,8.092133e-05,5406.496523515354
1017.5,4.382386e-05,5709.2668574359905
1017.6,2.9643568e-05,5215.947834499568
1017.7,1.9409656e-05,4965.1860195476875
1017.8,7.929756e-06,4140.91981765444
1017.9,1.1571388e-05,2408.1210420476555
1018.0,1.2307628e-06,6162.307091762976
1018.1,2.1122132e-06,4656.1139848226685
1018.2,0.00012902422,1420.8340480330846
1018.3,0.0009372736,3038.9566869586515
1018.4,0.0010802256,3422.8437348553516
1018.5,0.0006758274,2902.420668474435
1018.6,0.00022620501,2275.77168722817
1018.7,0.00022582019,1857.0978701065023
1018.8,8.122992e-05,2508.1469949873544
1018.9,0.0055452827,1788.5330979139842
1019.0,0.00251846,3878.64063136393
1019.1,0.049359016,1792.3879930463368
1019.2,0.070597775,2232.3354611116984
1019.3,0.025621278,7466.514060322165
1019.4,0.07477323,1269.0160542391634
1019.5,0.061468415,1833.0966297042064
1019.6,0.092482656,1469.4057541882894
1019.7,0.011689045,10850.937013597462
1019.8,0.03318367,1029.6131428801534
1019.9,0.03515888,790.294434735713
1020.0,0.013195615,5166.888932854574
1020.1,0.010724471,7149.151627358613
1020.2,0.039290696,1237.9484891085992
1020.3,0.039633162,3059.4893524903523
1020.4,0.016861076,8057.963033051579
1020.5,0.007598504,3414.796566031022
1020.6,0.0029569932,3855.159756078
1020.7,0.0011005622,3334.6421224680626
1020.8,0.0006474379,3077.5377310725003
1020.9,0.00023749651,3400.369929608173
1021.0,5.8025922e-05,5834.681561681363
1021.1,0.049701985,1935.119111750365
1021.2,0.08890794,1714.6572702610754
1021.3,0.08996992,1621.0769554167105
1021.4,0.080457196,2240.6667033945173
1021.5,0.0019084021,3391.007547059865
1021.6,0.03336792,1532.6525071575825
1021.7,0.03761764,1509.5692217483863
1021.8,0.009067828,10707.36184396166
1021.9,0.012147667,6144.440291072231
1022.0,0.09691577,1977.117113544593
1022.1,0.01403124,3418.672493176882
1022.2,0.004693963,3290.1650191116405
1022.3,0.009562536,3408.023718025198
1022.4,0.07356794,973.6185147641479
1022.5,0.036112502,983.1373583779491
1022.6,0.058181282,2548.2332159933912
1022.7,0.018075654,3861.38182951368
1022.8,0.013955404,9391.0357573007
1022.9,0.0033336754,4400.513788423255
1023.0,0.0012426915,2756.9862977226085
1023.1,0.00031332142,3380.553160099372
1023.2,0.00021060806,3821.737981443468
1023.3,0.00011314067,4350.069661092363
1023.4,8.3616775e-05,4606.297165555111
1023.5,4.6256035e-05,5658.012681982227
1023.6,1.952962e-05,6313.132284435449
1023.7,9.21246e-06,7348.49863017849
1023.8,0.011515309,7522.972793198669
1023.9,0.015737163,8042.225847447379
1024.0,0.07793298,2159.7944960014242
1024.1,0.026281267,8433.549961247827
1024.2,0.08339722,2213.7333802954054
1024.3,0.0143398065,7683.222328300537
1024.4,0.059545852,1870.948564834028
1024.5,0.05948156,830.647983819586
1024.6,0.039790146,2469.939264402389
1024.7,0.019213919,2096.466308446992
1024.8,0.0047866157,1544.2969423711386
1024.9,0.000114563,4985.447386966053
1025.0,0.0001327112,4411.1595380850185
1025.1,9.6671676e-05,3999.044362447871
1025.2,8.488751e-05,3273.1315041573
1025.3,5.7765526e-05,2486.2863315600753
1025.4,4.013205e-05,1914.5690473284435
1025.5,2.872296e-05,1351.4922709459215
1025.6,1.3668922e-05,1531.6597793525661
1025.7,0.00036786025,248.261306236638
1025.8,0.009208149,5147.901135677848
1025.9,0.010485202,9030.602322184277
1026.0,0.0048478744,7588.818353851058
1026.1,0.0011140319,4308.933428006279
1026.2,7.603823e-05,7069.145228446182
1026.3,0.000102922284,5475.285557780717
1026.4,0.00010294832,5299.435999345382
1026.5,6.3684616e-05,5559.244201311592
1026.6,2.9895096e-05,7006.271966474348
1026.7,1.3978571e-05,7715.424290835017
1026.8,7.935366e-06,7796.551533116151
1026.9,3.20067e-06,7590.476608043337
1027.0,1.3557163e-06,6979.969990647795
1027.1,9.035187e-07,7014.843627739367
1027.2,6.3888046e-07,7039.204766452096
1027.3,6.581539e-07,7126.747754214521
1027.4,8.235795e-07,7353.66258535717
1027.5,2.319972e-06,5689.6544810282085
1027.6,2.8707377e-06,4896.211722107542
1027.7,1.3017724e-06,5789.829867425848
1027.8,7.980652e-07,7017.5968355475015
1027.9,0.00295199,4430.894503930102
1028.0,0.010346562,3137.6996784260227
1028.1,0.004568732,1615.4792359790392
1028.2,0.00013392205,4222.671433996151
1028.3,8.2757346e-05,4346.216380359457
1028.4,0.00042756705,2442.704666968574
1028.5,5.6413362e-05,3474.8916521165
1028.6,0.005510299,3190.864934944052
1028.7,0.0032129756,6626.893263333644
1028.8,0.020358372,3684.9881266514185
1028.9,0.030735215,2776.1229707563125
1029.0,0.027452411,2698.9723743213976
1029.1,0.00035998755,3929.145899303681
1029.2,0.037053276,1594.0037555913227
1029.3,0.014131232,2256.6985879813724
1029.4,0.007132408,7681.532296506095
1029.5,0.0065472,7264.72018662496
1029.6,0.030868864,1399.685173823363
1029.7,0.015133582,7399.701952843838
1029.8,0.055041794,792.5045581909801
1029.9,0.024570791,2034.3511928850712
1030.0,0.0039249123,4436.128386507717
1030.1,0.0051333667,7365.688026103646
1030.2,0.0070050047,1354.6005471241106
1030.3,0.0047128983,2935.5243130184667
1030.4,0.0012019493,1766.9524249893593
1030.5,8.822202e-05,4398.776790562064
1030.6,0.000115805546,3429.9427994012685
1030.7,0.0002063976,2351.0997821194505
1030.8,0.00021318403,2200.304746151684
1030.9,0.00013334047,2087.3113248737
1031.0,7.8744284e-05,1717.120530269079
1031.1,1.7212877e-05,1776.3483024816069
1031.2,8.640647e-06,2414.4342962251217
1031.3,5.2967143e-06,3040.7359346420335
1031.4,1.2280497e-06,5876.336137560449
1031.5,3.3795432e-06,4894.319731236024
1031.6,1.1705348e-06,5999.3056299881555
1031.7,0.0005396843,722.8149702816506
1031.8,0.038280908,3462.329999227669
1031.9,0.018537985,7798.326833970558
1032.0,0.039280206,2161.9986503111977
1032.1,0.02298342,3038.8058347306305
1032.2,0.014949886,2039.2080885448936
1032.3,0.0039587147,5117.16398304527
1032.4,0.01243156,7406.9225051507165
1032.5,0.0073914393,5860.478302247365
1032.6,0.006167246,4265.848721040891
1032.7,0.00044298495,3384.9344302380173
1032.8,0.000733717,2947.4771605813185
1032.9,0.0007557711,2535.525507774503
1033.0,0.00030910125,2214.3074503233265
1033.1,0.02631762,1451.0302989822494
1033.2,0.022073038,10223.009004946733
1033.3,0.060130045,1204.700434244178
1033.4,0.045254555,1024.412903282103
1033.5,0.03719396,2043.6162837707002
1033.6,0.017559012,4026.0858657844833
1033.7,0.06437368,1446.9866253381547
1033.8,0.020505935,1076.330144272183
1033.9,0.037495457,1165.5515892764556
1034.0,0.023716094,1738.457688836515
1034.1,0.014896375,6407.52959737438
1034.2,0.00858997,5620.1058060716405
1034.3,0.008348085,7033.998494047144
1034.4,0.018952334,1780.0214064272225
1034.5,0.0025674547,3195.477612694949
1034.6,0.00013043277,4844.414100450993
1034.7,0.00016290834,3779.5710966267025
1034.8,0.00011475046,3644.6740074581494
1034.9,7.492123e-05,3745.0488829215974
1035.0,5.0322877e-05,3728.9942462630324
1035.1,2.5905436e-05,4196.876683456257
1035.2,1.5495863e-05,4270.601241095704
1035.3,0.00011388029,5568.754028464268
1035.4,0.022992136,1953.6866668322082
1035.5,0.04090376,1350.4946791570574
1035.6,0.03420404,1907.3112979533216
1035.7,0.016538506,3040.86104543516
1035.8,0.00203642,2062.7534175400474
1035.9,0.00842345,8033.8562380918975
1036.0,0.029454924,4505.476078861686
1036.1,0.037456784,2064.3972001593575
1036.2,0.013483713,8196.475981107586
1036.3,0.00041872458,5794.0912336885085
1036.4,0.0125662675,2196.1900274159448
1036.5,0.012217342,2192.956235314123
1036.6,0.021898193,2598.475259201905
1036.7,0.023434361,3291.2252272292035
1036.8,0.011424938,6968.041536628038
1036.9,0.00050157553,6078.294863862974
1037.0,0.011641238,3738.1458360937213
1037.1,0.008946475,6370.347761910979
1037.2,0.0038143017,4151.7526870640795
1037.3,0.0009756575,3951.9509543456948
1037.4,8.7167726e-05,5885.550329307935
1037.5,9.027603e-05,4783.483443804258
1037.6,6.5965e-05,4718.251641610641
1037.7,3.924604e-05,5295.410838245025
1037.8,1.9562503e-05,5439.319197781004
1037.9,1.467751e-05,5629.196247996293
1038.0,7.865496e-06,5711.302978840652
1038.1,1.1094469e-05,3843.68262907299
1038.2,2.762794e-05,1357.3326455855004
1038.3,3.629858e-05,822.2547235692018
1038.4,4.5422723e-05,958.3337564213464
1038.5,5.598258e-05,654.0121082544258
1038.6,5.4766584e-05,701.7772171239269
1038.7,2.9002167e-05,1177.0803357566083
1038.8,1.7312754e-05,1696.1709306182506
1038.9,5.4840484e-06,3964.530071471174
1039.0,1.6588841e-06,4929.561848067344
1039.1,4.748059e-06,3680.6015617175726
1039.2,0.0031544175,343.435827316131
1039.3,0.020434888,2436.1634471777106
1039.4,0.0041231513,3086.4863622236408
1039.5,0.004715289,1811.0101890234077
1039.6,0.0024983983,3055.373762443627
1039.7,0.0015230416,3224.76979458364
1039.8,0.000392023,2021.3757904307386
1039.9,7.4104035e-05,3754.642344296071
1040.0,0.00010049865,2262.4060378846607
1040.1,5.8880923e-05,1917.0175488259074
1040.2,3.207077e-05,1480.6820184541264
1040.3,1.1905688e-05,1961.3931837529722
1040.4,4.594028e-06,2830.6227322968184
1040.5,3.0523097e-06,4540.793751190541
1040.6,2.5924296e-06,5216.267032841883
1040.7,0.00036782518,299.6704803022182
1040.8,0.013775636,2605.6471342671284
1040.9,0.010708867,7439.316678943842
1041.0,0.015152479,6454.995643748052
1041.1,0.052483734,1810.0043241102328
1041.2,0.012536001,6541.534651907368
1041.3,0.01183625,2608.388719837567
1041.4,0.00808243,2117.515027343576
1041.5,0.0071606543,1041.3430792342415
1041.6,0.00187647,4948.773099039369
1041.7,0.00020366031,4633.545728814239
1041.8,6.816899e-05,5549.605492002438
1041.9,6.547635e-05,4958.5155881474875
1042.0,4.6028646e-05,4756.305606255065
1042.1,2.5645617e-05,4603.737235110382
1042.2,1.38240985e-05,3933.1478035951336
1042.3,1.1795915e-06,5822.827220802929
1042.4,7.001956e-07,7150.749883650136
1042.5,1.2938632e-06,5892.730137478411
1042.6,8.5463574e-07,7078.119141586786
1042.7,2.0503796e-06,5076.64160779269
1042.8,2.615626e-06,4495.055380946272
1042.9,6.0484956e-05,4080.0096950075404
1043.0,0.0014605682,10127.006965234876
1043.1,0.009987378,1752.9906508915738
1043.2,0.0045357803,1985.247650884333
1043.3,0.0008058224,4446.684214051156
1043.4,0.0008291142,3042.4196181557327
1043.5,0.00033998734,2589.8341176550675
1043.6,0.00015427389,2790.9220235186885
1043.7,5.6241166e-05,3135.2705794140256
1043.8,2.4093006e-05,3065.6481862877895
1043.9,1.0167187e-05,2864.494345350443
1044.0,1.630037e-06,5415.73151110795
1044.1,1.1801629e-06,5510.410275432319
1044.2,8.1725653e-07,6544.983262612749
1044.3,9.470023e-07,6501.897864916278
1044.4,5.3538242e-06,6193.101206363375
1044.5,1.5847398e-06,6057.8736750656935
1044.6,3.4568232e-06,4314.428203202328
1044.7,7.701188e-07,6641.940117420798
1044.8,5.4928412e-05,3377.9386766104394
1044.9,0.015314491,2424.506272210343
1045.0,0.025536366,2166.8981246074795
1045.1,0.00045131022,2807.8674644707103
1045.2,0.000118825585,5104.240438580773
1045.3,0.02497347,1911.2180306377222
1045.4,0.01572198,1321.192971813624
1045.5,0.012079416,1988.5907059402257
1045.6,0.013078481,1546.219588251298
1045.7,0.010189736,1293.8835013330163
1045.8,0.00023905373,2880.5119437387807
1045.9,0.0022375707,3031.4979293646843
1046.0,0.007855439,881.5530503505963
1046.1,0.007082342,774.7248419558322
1046.2,0.00138826,1408.3393260027024
1046.3,8.849073e-05,2244.81199809767
1046.4,0.0022736406,4636.5789677778575
1046.5,0.00029144844,3062.4185449438364
1046.6,6.499483e-05,5070.37185045078
1046.7,4.4425786e-05,4896.694646009839
1046.8,2.6379234e-05,4792.31418579018
1046.9,1.5461554e-05,4493.834112605167
1047.0,1.626789e-05,3514.1010524198896
1047.1,2.9808289e-06,4774.214616970232
1047.2,1.1749593e-06,5419.901285545744
1047.3,2.7146036e-06,4255.276146531713
1047.4,8.1688154e-07,6027.276612190721
1047.5,8.133879e-07,6233.784448854781
1047.6,7.895206e-07,6947.170255073217
1047.7,8.72905e-07,7238.862533655528
1047.8,6.7585523e-07,6714.513242863735
1047.9,2.3853006e-06,4939.642118216372
1048.0,2.439027e-06,4952.46706285348
1048.1,8.67428e-07,6592.845447124917
1048.2,0.0017547517,5827.493953785395
1048.3,0.0043205475,9601.346359621719
1048.4,0.029834518,2218.1943069920185
1048.5,0.009769977,8559.437889149494
1048.6,0.022679126,3317.0000818940644
1048.7,0.036982078,1800.738498328102
1048.8,0.014607671,1919.1087734414928
1048.9,0.0013784929,3105.359220436215
1049.0,0.002818704,8271.965223201372
1049.1,8.4495114e-05,6434.809260995025
1049.2,0.0045410353,5109.859198889515
1049.3,0.009920529,2098.6278696779623
1049.4,0.0003822212,3136.070785806328
1049.5,0.00048632003,2544.0186496037595
1049.6,0.00020174327,2486.5641460077168
1049.7,6.79797e-05,3332.2788931404766
1049.8,3.42828e-05,2730.583693064078
1049.9,0.00090491783,4095.9523172767567
1050.0,0.011405651,7521.576924398536
1050.1,0.041799046,1947.6651110485373
1050.2,0.04943505,998.911278879024
1050.3,0.014094385,5018.25504888459
1050.4,0.01894882,2722.323494279249
1050.5,0.020013737,1067.3375046843798
1050.6,0.011411342,1311.318538774201
1050.7,0.013642241,2612.339424540453
1050.8,0.012791423,2366.2354574181454
1050.9,0.0015408386,1696.0069919273842
1051.0,0.0061231037,2134.8345411166497
1051.1,0.007087217,991.0223740892704
1051.2,0.004051823,2548.278481317144
1051.3,8.6419306e-05,4148.873138865034
1051.4,5.9702506e-05,3747.976192893212
1051.5,6.2687075e-05,3762.6571760630864
1051.6,0.002425106,3503.1876569678857
1051.7,0.0010905126,3716.0973220732703
1051.8,0.00019649348,2686.9663597271165
1051.9,5.3761865e-05,4072.057577050401
1052.0,3.236729e-05,4006.9767598937647
1052.1,1.810629e-05,4229.686986749258
1052.2,8.480116e-06,4099.318250981027
1052.3,1.0810587e-05,5588.657508943542
1052.4,8.573361e-06,6327.874636334373
1052.5,5.2420382e-06,6358.147815090768
1052.6,2.2480504e-06,6994.691559012009
1052.7,2.7233687e-06,4630.402577571879
1052.8,8.58602e-07,6485.863004045822
1052.9,8.827327e-07,6339.385179138631
1053.0,7.08487e-07,6953.0454317973235
1053.1,2.918459e-06,4373.563658507841
1053.2,9.41605e-07,6158.780126658243
1053.3,3.04685e-06,4359.85310881101
1053.4,8.237502e-07,6218.313195681227
1053.5,7.519635e-07,6814.702035728064
1053.6,6.732925e-07,6758.307384911779
1053.7,9.3680814e-07,5993.430609336194
1053.8,3.4986285e-06,4327.4742702989115
1053.9,1.5549244e-06,5379.16872761477
1054.0,2.2845115e-06,4296.6502706894735
1054.1,5.1210964e-06,3170.027178477508
1054.2,0.003760353,2844.581446129362
1054.3,0.015418918,1963.8984976815711
1054.4,0.10229178,2175.646837896331
1054.5,0.07535435,3504.995945429754
1054.6,0.05594067,1089.1967472697147
1054.7,0.07342817,2626.4324433996007
1054.8,0.045702197,1879.977997552233
1054.9,0.03554577,2023.2983941126317
1055.0,0.12669237,2697.25820151077
1055.1,0.1344048,2679.7557747074848
1055.2,0.03188012,11184.52568454671
1055.3,0.096851535,2875.7619667006425
1055.4,0.06897012,3863.9807724843577
1055.5,0.0065980726,3434.1242205568333
1055.6,0.004072752,3543.075367990648
1055.7,0.00029130155,4519.707304299373
1055.8,0.103961624,1397.9284955242817
1055.9,0.09699451,2248.2260693264916
1056.0,0.10885272,2355.57271250947
1056.1,0.12674344,2516.224345791999
1056.2,0.029509082,8816.869788521839
1056.3,0.1050327,1939.9894284493903
1056.4,0.106761195,1055.7226944023864
1056.5,0.26199865,2118.0724563093413
1056.6,0.14172049,2551.0586575909633
1056.7,0.050484687,3847.2771999364186
1056.8,0.001978707,2834.3464038145917
1056.9,0.00114716,3000.6798224680124
1057.0,0.00078831264,2799.881236988497
1057.1,0.00027333148,3386.289572887982
1057.2,0.00019934142,4801.224090574992
1057.3,0.09620269,1556.4661777861252
1057.4,0.13665071,2120.1142688289283
1057.5,0.020733386,3892.0661699441953
1057.6,0.0010045089,2562.918007733193
1057.7,0.0017783847,3198.5973535803723
1057.8,0.0019414423,2556.4061371568187
1057.9,0.030699492,1124.602041012754
1058.0,0.0041140006,1145.729373750357
1058.1,0.14286722,1796.8398843540676
1058.2,0.095909566,1903.1280588601894
1058.3,0.004541147,2434.6150571959574
1058.4,0.08365155,2554.6962000105505
1058.5,0.15331295,1494.9648428658802
1058.6,0.08000043,2532.592356345226
1058.7,0.122397855,1625.1247449500797
1058.8,0.031282134,7745.737225597987
1058.9,0.08233305,2168.492854381281
1059.0,0.05049351,2060.129869252235
1059.1,0.031294193,3652.633631088388
1059.2,0.0046995594,2768.6509086634787
1059.3,0.00027367016,3824.488577434021
1059.4,0.0001296625,4981.763161279257
1059.5,0.000120754274,4942.458156588192
1059.6,8.7127235e-05,4946.000031442585
1059.7,8.494084e-05,4312.545210447973
1059.8,6.29543e-05,3412.4704354034448
1059.9,0.00038491585,1461.94397986734
1060.0,9.669149e-08,9999.889661158824
1060.1,9.7309155e-08,9973.479790519112
1060.2,9.726697e-08,10092.650573881867
1060.3,9.750212e-08,9895.867344307335
1060.4,1.0088436e-07,10016.583046394746
1060.5,9.791112e-08,10207.23471911935
1060.6,9.935252e-08,9892.064080562002
1060.7,1.0002714e-07,9785.346459089858
1060.8,0.0005704274,4536.3922579040955
1060.9,0.0021396035,3995.315181853506
1061.0,0.0028182038,4379.628345510918
1061.1,0.0038792072,3509.384444897169
1061.2,0.002046483,4668.695281923329
1061.3,0.0014844792,3590.3294212506817
1061.4,0.0033440953,2453.5808238721934
1061.5,0.002129765,4089.23707260257
1061.6,0.000613668,3979.051113896125
1061.7,0.0002509522,4443.250979537648
1061.8,0.00012074457,3645.067757003042
1061.9,4.9598028e-05,1950.5166273398563
1062.0,1.2986851e-05,3205.9696212049075
1062.1,1.5950667e-05,1755.1128786202476
1062.2,8.541055e-06,2961.16589141066
1062.3,1.2425658e-06,6329.61657659388
1062.4,3.3535161e-06,4203.011599320284
1062.5,0.010819195,691.5661259051692
1062.6,0.011362851,8512.169220405867
1062.7,0.04325164,3065.5379918419153
1062.8,0.04847998,1922.6536512920566
1062.9,0.00071182265,3047.855365830259
1063.0,0.00015921493,4786.192074930494
1063.1,9.965243e-05,7627.306105708282
1063.2,0.027023477,2606.376862487184
1063.3,0.015949432,3245.769956003792
1063.4,0.003127814,3919.1920921467727
1063.5,0.0005221487,2756.027846999254
1063.6,8.4327046e-05,5167.474452789393
1063.7,0.00014417047,3134.412774799336
1063.8,0.00012285114,2578.4998710372283
1063.9,7.92224e-05,2490.796896508236
1064.0,4.887101e-05,2274.2713893666
1064.1,2.9370209e-05,1985.0724597193707
1064.2,1.034052e-05,2370.3275870554316
1064.3,4.241614e-06,3265.8858246413547
1064.4,2.0606542e-06,4388.804938352895
1064.5,0.00010969551,866.4066653470563
1064.6,0.07174592,1935.0505712881811
1064.7,0.084307484,1044.1806147938798
1064.8,0.028486552,2779.3633309866836
1064.9,0.03289908,1836.0934682659556
1065.0,0.05622381,2082.2324002270343
1065.1,0.058100715,2345.7749592190403
1065.2,0.07045356,1935.5732145936047
1065.3,0.03954673,1466.7339764549943
1065.4,0.032007027,2377.863065121668
1065.5,0.018694798,7358.080444418224
1065.6,0.040986087,2147.714972793371
1065.7,0.053266115,2072.4194564054296
1065.8,0.054115828,713.1512567427513
1065.9,0.021815842,3297.012875570914
1066.0,0.005238647,9344.54315098725
1066.1,0.037155505,2247.6122112801936
1066.2,0.014287008,3042.982490084334
1066.3,0.00034789767,3689.429400626208
1066.4,0.000106796986,5625.096470171286
1066.5,6.993025e-05,6082.996060752289
1066.6,6.7199544e-05,5226.440795149283
1066.7,5.502016e-05,4636.544836880901
1066.8,5.3887314e-05,3974.6027527941546
1066.9,3.49203e-05,3508.0143367278033
1067.0,1.8451668e-05,2141.430514785477
1067.1,9.161811e-06,2290.2235442972024
1067.2,0.0014280605,7807.464694956292
1067.3,0.006371681,8982.723293818613
1067.4,0.03661715,2632.315550132478
1067.5,0.05209389,1315.151086179369
1067.6,0.06430323,1970.9646459812022
1067.7,0.03798095,2461.201852994228
1067.8,0.015199044,6856.855646122618
1067.9,0.048543032,637.9745528377425
1068.0,0.023160882,1779.88012997337
1068.1,0.03489797,2576.128595287014
1068.2,0.009973729,7385.878490869851
1068.3,0.007735702,8277.536965735995
1068.4,0.0043224464,3101.2053124628983
1068.5,0.041126158,1677.3582257265743
1068.6,0.0025317753,2820.231422238636
1068.7,0.0034212144,2899.4931439364273
1068.8,0.00031395277,3270.2846267568857
1068.9,0.0017078301,3428.020647079643
1069.0,0.0012725475,3511.1724260320516
1069.1,0.0006360326,2246.193052391903
1069.2,0.008242445,2235.6096025903057
1069.3,0.054551464,1581.9737325939748
1069.4,0.06817572,1875.9539942779058
1069.5,0.10052409,2216.643655543234
1069.6,0.053232566,1188.7802720424804
1069.7,0.10031717,1989.5411774558104
1069.8,0.090558134,1803.3630492878835
1069.9,0.06677994,1912.4519902545794
1070.0,0.08125795,2106.166161509057
1070.1,0.034661382,2373.454799662668
1070.2,0.06974534,2205.892602200828
1070.3,0.018764202,3577.0034381632877
1070.4,0.0070393323,5124.205294895372
1070.5,0.009734016,3156.3594950126662
1070.6,0.001655593,1908.5392642685529
1070.7,0.00010233478,5583.755655776409
1070.8,0.00011079768,4935.612826570174
1070.9,0.000106858315,3739.9649957651445
1071.0,8.611782e-05,3432.5065188158655
1071.1,4.0986364e-05,3834.5783317197192
1071.2,2.7916081e-05,3696.435819123403
1071.3,1.0637097e-05,3861.0739163756853
1071.4,5.1359766e-06,4029.226594900931
1071.5,3.5706842e-06,6283.101709665232
1071.6,2.4729877e-06,3978.2512173983764
1071.7,9.789106e-07,6136.459209168763
1071.8,9.724615e-07,6103.657914816637
1071.9,0.0010940186,1342.9721719217825
1072.0,0.02611145,1557.3296761823526
1072.1,0.011248836,3243.919607743703
1072.2,0.0018757846,2304.7304757669513
1072.3,0.0003293906,2808.0318753447773
1072.4,0.00045688872,2540.555284605122
1072.5,0.00047821057,2301.2991554127475
1072.6,0.00036008898,1380.9291661443467
1072.7,0.014169262,3266.4250262678434
1072.8,0.06866188,1602.0977707613952
1072.9,0.0649756,2608.494267800539
1073.0,0.048352547,3075.5928741949792
1073.1,0.0003545764,4406.386305057749
1073.2,0.00010186776,5873.6583961893575
1073.3,0.031649165,1846.3930642203857
1073.4,0.021809377,4025.4800419453354
1073.5,0.0022718997,3610.439603686875
1073.6,0.00013797534,5327.3289680983635
1073.7,0.0007482712,5439.244192595427
1073.8,0.0021486206,3856.9897160079677
1073.9,0.002865284,4312.157928098033
1074.0,0.0039211046,3445.1401497562147
1074.1,0.002056282,4500.705878082648
1074.2,0.0014371744,3466.8801369821085
1074.3,0.003367756,2372.69060915261
1074.4,0.0021056312,4129.39516255994
1074.5,0.00062420306,3950.041442894199
1074.6,0.00026651676,3660.572457043121
1074.7,0.0006249847,2410.7591467159427
1074.8,0.0006651547,2621.7795052279316
1074.9,0.00032668677,2271.44235018751
1075.0,0.00013291267,2079.549683510923
1075.1,5.8002148e-05,2057.2324143792375
1075.2,1.6827958e-05,2596.1127300650255
1075.3,1.0148724e-05,2836.728030195748
1075.4,4.141274e-06,3706.60918798055
1075.5,1.0360135e-06,5815.877361755848
1075.6,0.013730917,366.37198758504735
1075.7,0.0254326,7248.937731135746
1075.8,0.05529881,3324.0189210625003
1075.9,0.06063201,2333.201973336155
1076.0,0.06257392,1783.460537018801
1076.1,0.06305738,1805.91130013615
1076.2,0.06649798,1993.296451108541
1076.3,0.06146561,1869.268935003998
1076.4,0.05539919,1856.9137340741704
1076.5,0.04973165,1840.7038481865234
1076.6,0.0483908,1747.7299784936708
1076.7,0.042130593,1673.1621956810154
1076.8,0.042354815,1857.0121770783746
1076.9,0.040782016,1968.969613910899
1077.0,0.03214748,2769.51794287539
1077.1,0.017344246,4815.334941441313
1077.2,0.013695794,4170.604812543632
1077.3,0.004107233,3082.3684706045333
1077.4,0.0011064679,2035.372611482883
1077.5,0.00014570363,4462.627300320059
1077.6,9.4552066e-05,4584.307290492452
1077.7,0.0013929567,2823.4226216081274
1077.8,0.003674022,3864.5034922991317
1077.9,0.0027627745,3205.390139024539
1078.0,0.0020439466,2787.426890805219
1078.1,0.0009247968,2622.5787180276307
1078.2,0.0005579348,2695.8000621515503
1078.3,0.00012022175,2308.6490948003197
1078.4,4.9739076e-05,2628.9672892662
1078.5,2.6969185e-05,2748.669365656521
1078.6,1.708032e-05,2491.3545300363867
1078.7,1.7020946e-05,2441.187035158755
1078.8,1.1664437e-05,2134.0320851342053
1078.9,4.970062e-06,3130.72585724728
1079.0,9.9668005e-06,2626.086364462426
1079.1,1.753734e-05,1612.7678765929495
1079.2,1.9470055e-05,1308.5139918313776
1079.3,5.5241344e-06,2893.8721033845463
1079.4,4.4380895e-06,3391.4779905940495
1079.5,9.4787665e-06,2283.095968267644
1079.6,2.7122649e-05,1722.6015057290795
1079.7,0.004523355,1617.9870237097507
1079.8,0.020030063,2834.9930714274105
1079.9,0.022733202,4004.1663822430464
1080.0,0.033454657,7696.555773570658
1080.1,0.04974823,3211.3270104879985
1080.2,0.061209314,1562.0352209784244
1080.3,0.0038940297,6035.301658024198
1080.4,0.048180625,2006.3080790271124
1080.5,0.056193262,2140.551886514787
1080.6,0.007212606,10157.70532128814
1080.7,0.08336332,1588.3854282424809
1080.8,0.05625284,1646.4708627560678
1080.9,0.020287018,2242.678562904234
1081.0,0.008885345,2317.0590031516845
1081.1,0.010896897,3544.2486888979674
1081.2,0.0017369951,2928.71572704708
1081.3,0.00015295082,4195.931988410583
1081.4,0.00018841939,2798.8111293862103
1081.5,0.00020471467,2538.4872997028533
1081.6,0.00017698665,2303.1065672263244
1081.7,0.00014000053,1966.6239602735227
1081.8,0.00011643145,1611.3084572750981
1081.9,0.000123846,1499.371646798204
1082.0,4.3540866e-05,1123.291784777344
1082.1,3.9639406e-05,1304.20518490495
1082.2,0.056667466,1784.636623907978
1082.3,0.05662617,1805.737346641365
1082.4,0.109025784,2517.6252046092245
1082.5,0.11202424,934.5187337817089
1082.6,0.12114467,2205.009519160815
1082.7,0.033401307,1847.8243287403832
1082.8,0.0327615,7907.425165174171
1082.9,0.08052128,3258.2181164762924
1083.0,0.065221034,1892.384635240396
1083.1,0.034537014,1612.1444410610088
1083.2,0.012552188,5338.8236409421515
1083.3,0.08856071,2839.3425983682096
1083.4,0.034791864,2856.9892589102874
1083.5,0.015786355,10940.501036039233
1083.6,0.015512054,2245.2298735597233
1083.7,0.0002660028,4214.186329487111
1083.8,0.00010060874,6321.9922806356535
1083.9,8.394358e-05,6204.576938409944
1084.0,7.1193004e-05,6476.97139137349
1084.1,6.5320004e-05,6428.961994838492
1084.2,4.8299407e-05,7307.292656210353
1084.3,3.8630988e-05,7259.763209908287
1084.4,5.5037194e-06,6674.225611911702
1084.5,1.2975931e-07,9858.15635347247
1084.6,1.2616718e-07,10309.886273798184
1084.7,1.2754046e-07,9931.393991676006
1084.8,1.2604342e-07,9888.912507652742
1084.9,6.8047893e-07,6727.212720231071
1085.0,7.581242e-07,6658.429320810227
1085.1,1.1502171e-06,5886.379507350874
1085.2,8.9475964e-07,6684.23669281796
1085.3,1.0209279e-06,6835.460188109017
1085.4,1.1129107e-06,5855.096633491272
1085.5,0.00026174609,678.195672036712
1085.6,0.008287614,608.554600946834
1085.7,0.011585058,1806.8752274298984
1085.8,0.008898417,2211.781435223436
1085.9,0.036928363,2304.1137722615103
1086.0,0.0008441143,2501.8587678546783
1086.1,0.028763331,2282.8447612909135
1086.2,0.027284974,2065.6861739780516
1086.3,0.01623047,3103.5371931426907
1086.4,0.004090696,4081.8512487110947
1086.5,0.00091654196,2361.543451401608
1086.6,0.00011752412,4678.849730157937
1086.7,6.214774e-05,4897.0641273514475
1086.8,2.9339199e-05,3816.460165336897
1086.9,1.3158346e-07,10040.9702770721
1087.0,1.2677216e-07,9911.302575877664
1087.1,1.2592146e-07,9885.729659440905
1087.2,1.2379338e-07,9885.189039905857
1087.3,1.2745909e-07,10015.065628177948
1087.4,9.1707716e-07,6308.013093104497
1087.5,2.636048e-06,5037.697666460413
1087.6,4.50935e-06,3271.7081933566606
1087.7,2.8514069e-06,4203.218567305243
1087.8,0.009920026,1112.4002448819292
1087.9,0.014859307,1553.5062347683843
1088.0,0.010343624,1551.7755230671214
1088.1,0.007640375,1435.2519547147006
1088.2,0.0067596324,961.2553607814998
1088.3,0.005336845,917.166714778794
1088.4,0.0023184316,1254.3495512185254
1088.5,0.0014229497,1589.8563970325024
1088.6,0.00043488873,1969.7671581028874
1088.7,0.00018395083,1376.6162011624867
1088.8,4.105471e-05,1681.7438347911689
1088.9,3.6649973e-05,1545.7271682432408
1089.0,2.6677619e-05,1951.7788031955722
1089.1,2.9663106e-05,2052.732442226651
1089.2,2.109203e-05,2279.4747755786707
1089.3,1.8017725e-05,2033.9222542349353
1089.4,1.5686945e-05,1656.551557906445
1089.5,2.9857805e-05,1082.0110671139278
1089.6,0.0011495186,3884.230437250643
1089.7,0.0064129177,8418.947644657124
1089.8,0.048164245,2149.4566935577086
1089.9,0.00073421595,2541.1401048963135
1090.0,0.032100417,2965.9259285026346
1090.1,0.031441208,2730.531874176217
1090.2,0.0009393401,6200.313391828762
1090.3,0.011125692,7595.469891244725
1090.4,0.033143084,1512.5297577967276
1090.5,0.05214633,1374.2058785252907
1090.6,0.050994284,1642.2383825591435
1090.7,0.014045105,7248.273305459821
1090.8,0.005942871,5134.297294109778
1090.9,0.010490527,2031.7442405191812
1091.0,0.017010286,1365.8414350032513
1091.1,0.0005687344,2425.3988388027933
1091.2,0.000109521636,4396.226311643966
1091.3,8.924239e-05,4132.579653214786
1091.4,6.830761e-05,3574.9083696916646
1091.5,4.8240036e-05,3391.6192657807974
1091.6,3.0099409e-05,3262.8425321668437
1091.7,3.0722567e-05,2254.9490873675445
1091.8,2.0041258e-05,1642.2094732950895
1091.9,1.9790554e-05,1609.555917109363
1092.0,3.448972e-05,1746.2086936392252
1092.1,1.0610856e-05,1947.4568215408735
1092.2,1.6051144e-06,5023.591912449032
1092.3,7.9819085e-07,6546.1245571576
1092.4,2.4234343e-05,1206.8703370343515
1092.5,9.755167e-06,2511.6466792528095
1092.6,1.9567858e-06,5630.98485459976
1092.7,0.00038000898,9212.460526023073
1092.8,0.0073734694,10425.700627669285
1092.9,0.015280328,1754.0542393704804
1093.0,0.054030925,1151.7309360221057
1093.1,0.026480293,3421.342416009442
1093.2,0.027264886,2110.471775425126
1093.3,0.012803058,9429.212231231868
1093.4,0.017281557,3177.7578299294737
1093.5,0.0048106173,7914.488615088203
1093.6,0.0268211,2242.297349718664
1093.7,0.02118696,2124.1481192696197
1093.8,0.0014718799,3070.613004358894
1093.9,9.7556105e-05,5390.050011845766
1094.0,7.377297e-05,5303.640406718385
1094.1,7.456675e-05,4450.002102712138
1094.2,0.007714676,3667.6015281081854
1094.3,0.05052571,2370.653897236196
1094.4,0.025358582,7029.052434856319
1094.5,0.025760124,5184.479688290712
1094.6,0.055571396,2046.5529498591163
1094.7,0.012338844,9000.083647080575
1094.8,0.026589692,1726.9953722405016
1094.9,0.021809457,1632.72311939051
1095.0,0.01626104,1319.0021959800213
1095.1,0.008553348,3637.186326450591
1095.2,0.03987979,1796.0386522372937
1095.3,0.027002355,1343.2824112186202
1095.4,0.02766209,3609.8501524315852
1095.5,0.008657778,7461.802135908561
1095.6,0.024088504,1882.9154666569984
1095.7,0.008905929,1434.8156266814992
1095.8,0.016102944,3749.3554912804075
1095.9,0.0063203378,6773.960761644204
1096.0,0.009708356,2475.9084272568507
1096.1,0.011470121,3227.47173989775
1096.2,0.0007024386,2955.6738971297686
1096.3,0.0001196907,5493.660209829737
1096.4,7.88439e-05,5697.740556661522
1096.5,5.816585e-05,5549.322306181649
1096.6,4.333202e-05,5667.542908939233
1096.7,3.0154313e-05,5448.503473342978
1096.8,1.3576412e-05,4755.672741032151
1096.9,5.062787e-06,4088.3108139614187
1097.0,1.040901e-06,6076.468077453655
1097.1,1.725118e-06,5781.94863407088
1097.2,3.3114957e-06,6271.797240290766
1097.3,0.013034285,4324.153495599905
1097.4,0.007466991,3293.055837307159
1097.5,0.017381947,880.4143986616344
1097.6,0.00025867228,3844.372511482044
1097.7,9.45221e-05,4210.634145709895
1097.8,7.0666865e-05,4214.7044774630085
1097.9,0.007877809,3519.001062381644
1098.0,0.0076164776,4503.610472458837
1098.1,0.004301435,4392.756773187466
1098.2,0.0012696328,3161.9255989795283
1098.3,0.00021784814,3148.0866297765106
1098.4,0.00016763703,3288.7355268978763
1098.5,0.000104181876,3946.54067325315
1098.6,0.010377136,7562.886358875519
1098.7,0.053477325,2650.5098417762138
1098.8,0.040954605,2741.6128991858095
1098.9,0.020606242,3877.310534293936
1099.0,0.02810281,4143.337002406144
1099.1,0.018710347,6660.036010181746
1099.2,0.015700972,10379.06192365988
1099.3,0.032282803,1440.3806785764718
1099.4,0.043618668,1560.0255941861749
1099.5,0.030430581,2737.610284632684
1099.6,0.012984095,10745.361498042588
1099.7,0.01517893,2819.813123032171
1099.8,0.020117925,2610.756265144127
1099.9,0.001962085,4591.5822057584155
1100.0,0.00026954705,5129.913993938704
1100.1,0.00016158343,4097.419379881543
1100.2,0.00016624114,3835.257012672959
1100.3,0.00023525541,3394.8443225329506
1100.4,7.877221e-05,4309.046453045751
1100.5,0.02157456,3938.618569205905
1100.6,0.09554243,1496.826916346675
1100.7,0.026717419,2121.8698759023196
1100.8,0.05781008,2573.5905770487857
1100.9,0.08204738,1942.9611485469752
1101.0,0.081496,1266.9379542563915
1101.1,0.00800346,7009.570754335626
1101.2,0.09759432,1792.7874462333023
1101.3,0.04195895,5874.658502050457
1101.4,0.011159971,8723.461702368919
1101.5,0.028583199,1406.6999341983067
1101.6,0.018253053,1749.9286967459898
1101.7,0.015455012,3113.0488959687095
1101.8,0.025602262,1540.0430953671553
1101.9,0.013339961,7826.527599539949
1102.0,0.009053882,4895.582531967475
1102.1,0.0025603191,2549.832983591717
1102.2,0.00027312292,4537.434078349846
1102.3,9.4837844e-05,5860.8320708210085
1102.4,9.400541e-05,5288.42835517817
1102.5,6.383637e-05,5140.137699784278
1102.6,4.591598e-05,4829.438227528601
1102.7,0.0006219934,2736.875873096206
1102.8,0.00046770525,2505.737679952115
1102.9,0.00050463586,2647.559031494133
1103.0,0.00049060624,2441.805795378241
1103.1,0.00024299746,2061.9538958016033
1103.2,0.000110199835,2091.2777425575987
1103.3,0.012627005,1479.300043832924
1103.4,0.027151065,6146.261254884561
1103.5,0.017646974,8106.327118768171
1103.6,0.032065913,2414.9703093181256
1103.7,0.02883545,2957.9528202634447
1103.8,0.029549858,2188.898823704878
1103.9,0.04350762,1301.9575183728618
1104.0,0.05350231,2257.005234812145
1104.1,0.051414132,950.6239771998858
1104.2,0.020593992,2339.2989525876037
1104.3,0.011814888,6932.898444602155
1104.4,0.00032759193,4263.068446862357
1104.5,0.00016932253,4607.472136516481
1104.6,0.000117413954,4591.146018900364
1104.7,0.00010948125,3766.7902992668023
1104.8,9.9804936e-05,3563.90253737686
1104.9,6.123627e-05,3520.1891636659384
1105.0,3.2530235e-05,4104.49950259254
1105.1,1.3578641e-05,4599.487775005632
1105.2,0.01801865,1049.1138502688054
1105.3,0.0008373754,2042.115459861257
1105.4,0.017459236,2744.0863138605937
1105.5,0.0018473023,7319.691854098787
1105.6,0.019607846,1617.788367357255
1105.7,0.0041704313,7196.894170140989
1105.8,0.011775023,1657.3271579244747
1105.9,0.025428215,1082.1458848653701
1106.0,0.02042428,822.0174522400456
1106.1,0.0054965685,1015.5710610078168
1106.2,0.0052361824,1480.6389188792314
1106.3,0.011628141,982.9863907435566
1106.4,0.008346986,1730.693209599174
1106.5,0.0031304818,2114.1574041439862
1106.6,0.000996913,8722.256382569754
1106.7,0.00053901627,4011.1515971498466
1106.8,0.00034217155,1766.8281354925123
1106.9,1.6123791e-05,3318.997582772609
1107.0,9.525079e-06,2595.9340304073894
1107.1,6.6378516e-06,2142.328121055548
1107.2,1.7409835e-06,3365.8279960508767
1107.3,4.324972e-07,7298.483487586888
1107.4,1.5848394e-07,9165.570012841628
1107.5,1.7883904e-06,8137.184166157237
1107.6,0.0064169797,1237.4734117875714
1107.7,0.002556278,2804.45102895858
1107.8,0.0061153267,1292.6126740253546
1107.9,0.0039366107,1799.7944127217029
1108.0,0.0005705858,9354.667265008982
1108.1,0.0017635282,1428.1580642247463
1108.2,0.0019891795,701.0031937838445
1108.3,0.0025940905,1625.7458131552396
1108.4,9.335651e-05,2104.568862603781
1108.5,3.7696736e-06,2567.358305232203
1108.6,4.9440945e-07,6962.565472818965
1108.7,2.8229306e-07,8499.226031816499
1108.8,1.361038e-07,9904.023972957068
1108.9,1.2283834e-07,9815.27200852215
1109.0,1.29918e-07,10068.889777739205
1109.1,9.442221e-08,9984.600742964443
1109.2,5.6505126e-08,10269.522797650678
1109.3,5.799901e-08,10022.752896511358
1109.4,5.6271226e-08,9929.502426031217
1109.5,5.5701715e-08,10012.318297196394
1109.6,5.7241166e-08,9875.639188325818
1109.7,5.67313e-08,9954.223582479635
1109.8,5.529045e-08,9948.941245749487
1109.9,5.5422227e-08,10250.925456296229
1110.0,5.7445142e-08,10082.393813538196
1110.1,5.7554352e-08,9993.251392589013
1110.2,5.76163e-08,9975.129090928795
1110.3,5.722941e-08,10005.359785926903
1110.4,5.6903456e-08,9842.688786332441
1110.5,5.8603472e-08,9987.403564231103
1110.6,5.697225e-08,9959.745855904475
1110.7,5.63884e-08,9804.63474076858
1110.8,5.6888062e-08,9814.935259281505
1110.9,5.698547e-08,10038.434818581898
1111.0,5.5618468e-08,9943.110015935526
1111.1,5.5745964e-08,9914.966275491839
1111.2,5.9255715e-08,9921.297802623045
1111.3,5.7342497e-08,9934.105552128194
1111.4,5.868351e-08,9983.28215805637
1111.5,5.7341364e-08,10099.82388317188
1111.6,5.743205e-08,9947.057557228716
1111.7,5.4999184e-08,10009.84419482748
1111.8,5.620963e-08,10107.451103785948
1111.9,5.709317e-08,10289.846615721064
1112.0,5.5306913e-08,9913.068407070612
1112.1,5.5714672e-08,9801.733615950097
1112.2,5.579871e-08,10213.24579991901
1112.3,5.788569e-08,10009.455032843209
1112.4,5.6710654e-08,9880.656486106644
1112.5,5.8008766e-08,9993.533686416324
1112.6,5.7748995e-08,10023.054208378573
1112.7,5.7525472e-08,10202.386903666602
1112.8,5.60509e-08,9801.412859482494
1112.9,5.7608624e-08,9766.351046080863
1113.0,5.7083525e-08,9747.802744279265
