timestamp_sec,amplitude_rms,frequency_centroid_hz
0.0,1.3666924e-07,10424.994924611678
0.1,1.9915082e-07,9817.122248464171
0.2,1.9864157e-07,9968.67965246562
0.3,1.9881453e-07,10000.25876745573
0.4,0.055683903,494.8329650218414
0.5,0.022773767,350.34936758170056
0.6,0.003896421,427.98883706317815
0.7,0.060050175,352.89320911808034
0.8,0.013346011,300.1901220370306
0.9,0.0020573668,397.9106118505243
1.0,7.384945e-05,2690.449422079366
1.1,1.9802195e-07,9863.543857430159
1.2,1.9495957e-07,9810.759452456528
1.3,1.9726703e-07,10122.771901481654
1.4,1.9549006e-07,9997.16008909008
1.5,1.991692e-07,9825.134097251848
1.6,1.9836925e-07,10084.397254916532
1.7,1.9740564e-07,10005.388636585338
1.8,1.9232176e-07,10096.279512058354
1.9,1.9575654e-07,10019.57652864712
2.0,5.209772e-05,1743.9270182173636
2.1,0.056383807,178.5597609178224
2.2,0.02618976,670.4151115426646
2.3,0.0017866527,491.76450146205013
2.4,0.00018922029,428.3700281244842
2.5,0.013135767,419.79424671466535
2.6,0.011858852,623.0338548083276
2.7,0.0019965318,506.71876213317535
2.8,0.00013014421,1187.4638378080665
2.9,0.00020149916,2590.036721365296
3.0,0.05216256,262.9106005030544
3.1,0.0044404054,665.0640977545544
3.2,1.9364447e-07,9784.404345037294
3.3,1.3808151e-05,4417.714569503683
3.4,0.10362067,136.40841893086707
3.5,0.0133567285,1208.0450470565722
3.6,0.00489524,267.76878053400605
3.7,0.00038348098,684.361441037799
3.8,0.00014114237,379.24825386914597
3.9,0.020310048,1501.0057807819896
4.0,0.019152693,2480.7627203328802
4.1,0.018859519,4830.547568916697
4.2,0.009068902,3419.8804065744785
4.3,0.0053839157,1416.7176803101459
4.4,0.00020515404,3257.6970968913015
4.5,2.0680127e-07,9839.41985249241
4.6,2.0022851e-07,9605.12369854388
4.7,2.0083259e-07,9709.64756362974
4.8,1.9184526e-07,9834.580780615668
4.9,1.9060228e-07,9864.359952047429
5.0,1.9398824e-07,9975.37724847858
5.1,1.9706245e-07,9968.061711175715
5.2,1.9703013e-07,9835.538356741608
5.3,2.0157256e-07,10013.004269596096
5.4,4.3934466e-05,3473.742115116663
5.5,5.7479312e-05,3029.0341693928394
5.6,7.945416e-05,3468.2453781612708
5.7,0.01220929,1561.3773294709551
5.8,0.099787876,2663.2884222150296
5.9,0.017896347,5421.482229714632
6.0,0.06729378,1033.796873501044
6.1,0.062249698,3505.751807672349
6.2,0.005088673,7974.432089809348
6.3,0.06462854,2285.2153043182425
6.4,0.09490796,1878.235118079588
6.5,0.016856572,3153.455538189256
6.6,0.002762471,1555.87620478485
6.7,0.00036070423,3117.1404218874004
6.8,0.0005038605,2801.641418630087
6.9,0.03620911,1788.8086489514956
7.0,0.018217959,8805.400118761932
7.1,0.042755473,3295.3426137019987
7.2,0.05465442,1841.8136346602412
7.3,0.01774434,6683.555342148688
7.4,0.02188344,2471.7443210585307
7.5,0.070930935,1662.618998241996
7.6,0.009389966,2948.220854006572
7.7,0.00034128604,3818.873993818118
7.8,0.00013645182,4732.145770571458
7.9,0.000115388575,4862.685741292593
8.0,0.00015101819,3956.2838265582996
8.1,0.00010944168,4101.3223115600595
8.2,1.928062e-07,9523.565421355475
8.3,1.879731e-07,9992.685577422815
8.4,1.9350789e-07,10016.485958275538
8.5,1.9464449e-07,10259.708289844137
8.6,1.9464953e-07,9914.335142499353
8.7,2.064327e-07,10259.997120961258
8.8,3.394598e-05,4647.613449556211
8.9,6.981212e-05,3384.240097318689
9.0,5.1857765e-05,3782.5034934533005
9.1,0.00059770653,2704.5353923077314
9.2,0.025491193,2083.822552006247
9.3,0.0037826383,2676.6730570864584
9.4,0.00027242964,3563.735686972691
9.5,0.00014595641,4287.527431396112
9.6,0.00011746093,4489.156562194556
9.7,0.00038196667,5509.8254537144985
9.8,0.004871583,3812.889062232812
9.9,0.047518276,1184.2536451932679
10.0,0.08198933,1411.007040902637
10.1,0.037798163,6827.734963026888
10.2,0.033260733,1035.8184206716464
10.3,0.011190081,2858.017401961923
10.4,0.018074926,3648.7634863793683
10.5,0.011355845,3196.9384979962742
10.6,0.00021374028,4370.044787298177
10.7,0.00036928203,3020.1194256136546
10.8,0.00014226734,4510.590842648852
10.9,0.00011543372,4491.493853028517
11.0,0.000105140054,4124.497895948907
11.1,7.361941e-05,3398.3846127948937
11.2,1.8666329e-07,10100.674809437889
11.3,1.994027e-07,9965.272099333106
11.4,1.9243288e-07,9986.167809330545
11.5,1.9588181e-07,9825.02688713876
11.6,6.6187684e-05,1389.9876873400283
11.7,0.050582442,147.2203530798839
11.8,0.018940205,301.46033665425455
11.9,0.0014764324,627.9438690581842
12.0,0.0001580345,468.15970267554684
12.1,0.015266131,252.1835381601709
12.2,0.010184843,754.5518216574376
12.3,0.0014113127,521.9476890643462
12.4,0.00010965441,2820.2992355565843
12.5,0.005117494,1059.1809760555345
12.6,0.032605797,358.8602146612252
12.7,0.0021520765,2161.614889447712
12.8,1.9285315e-07,9881.920668712071
12.9,1.5030864e-05,1878.396425149425
13.0,0.09798027,215.78031168702285
13.1,0.015014093,616.9097395590036
13.2,0.0037433393,381.7984317350673
13.3,0.0003148851,714.434070944247
13.4,0.00013100158,285.9610901171086
13.5,1.9620376e-07,10034.599335750805
13.6,2.1132584e-07,9520.600071779125
13.7,0.00013362963,1980.207266601293
13.8,9.372673e-05,2524.997359521389
13.9,0.00011343023,2330.024865295397
14.0,0.00038608932,1319.3728123616734
14.1,0.032109164,438.3884021046904
14.2,0.0005747303,1548.9625010992784
14.3,0.00016749786,1889.3469802353093
14.4,0.000115797084,1913.1629969970254
14.5,0.00011049303,2151.6987111631843
14.6,0.00013693003,2047.3000337207532
14.7,7.110091e-05,2764.761709783511
14.8,0.00012961865,2055.2401708675343
14.9,0.00010145443,2260.571972943982
15.0,6.8118825e-05,4089.5182906221708
15.1,0.0001378358,2080.116160253123
15.2,7.603728e-05,3111.04445718265
15.3,8.920297e-05,2819.844807920388
15.4,8.5994536e-05,2830.291509561576
15.5,0.011585397,561.4313739535194
15.6,0.018212302,2625.779892188102
15.7,0.018288154,3317.0467380400833
15.8,0.032138295,1217.4074956735503
15.9,0.007085582,953.6728082879644
16.0,0.00026261728,4019.6045380462942
16.1,0.00166074,3273.648153474277
16.2,0.0045333654,4435.049030414171
16.3,0.00374158,3761.6304268624403
16.4,0.00089181366,2586.5494917344627
16.5,0.09205434,2151.8586555398756
16.6,0.100462094,2148.0369593472833
16.7,0.07939826,2288.3713054533305
16.8,0.07001037,2171.021495021134
16.9,0.08594909,695.4047041035572
17.0,0.07536365,1710.0026846868336
17.1,0.010154488,7821.677552110197
17.2,0.062812045,2165.16138252305
17.3,0.06577806,1655.892437062054
17.4,0.07904868,659.4344833660094
17.5,0.035787936,2958.8097575731795
17.6,0.0058000414,9205.921163230412
17.7,0.051310785,2030.5343969257285
17.8,0.011127338,3152.314252218285
17.9,0.00051850604,3232.7071127543595
18.0,0.00012726948,4940.776426369077
18.1,0.0001267125,4431.472766358347
18.2,9.975759e-05,4661.338465919342
18.3,0.00018475119,5534.803061584754
18.4,0.10302476,2210.3206074166324
18.5,0.07566841,2294.367720812745
18.6,0.005606508,5181.5251537632375
18.7,0.0032271822,4458.331968598353
18.8,0.036304265,1190.9765508302037
18.9,0.0011423933,5042.282405722941
19.0,0.059255935,2272.4945409732213
19.1,0.0071640355,5280.970742478176
19.2,0.048806664,2477.7925670597238
19.3,0.028604018,2415.2817367779494
19.4,0.02723647,2620.488423581891
19.5,0.008250238,8383.576133886601
19.6,0.026730051,3020.772168295888
19.7,0.0040242714,4469.102246783285
19.8,0.00018043473,4354.294355232346
19.9,0.00014008021,4636.140431762656
20.0,0.00010469659,5129.713573557219
20.1,0.00011344165,4636.553613573504
20.2,9.600911e-05,4146.50704421046
20.3,0.00010338042,3789.04287850289
20.4,6.5648936e-05,3828.1346984607153
20.5,1.9360547e-07,10138.99098736639
20.6,1.9976204e-07,10038.373528816624
20.7,1.8949271e-07,9899.66275649692
20.8,1.946527e-07,10208.784527625878
20.9,1.9864957e-07,9966.342735398204
21.0,1.8972851e-07,10128.454065875208
21.1,0.019115852,270.07912825865253
21.2,0.08199339,220.29909031419254
21.3,0.017195571,242.12437057154688
21.4,0.00031773376,2954.4670009461815
21.5,0.0006118801,767.8978818995131
21.6,5.2374926e-05,1476.3500397580474
21.7,1.4145769e-06,7698.338102958654
21.8,7.562458e-05,3108.06174667141
21.9,0.00010703999,2520.9817273268072
22.0,6.88841e-05,2958.7921901497293
22.1,3.8911687e-05,4359.133568281545
22.2,6.286611e-05,3186.4771192302014
22.3,6.285539e-05,3377.355901590686
22.4,3.451345e-05,4623.700163159936
22.5,4.3647076e-05,3582.590621440678
22.6,7.3864176e-05,3043.7956760659213
22.7,4.4720156e-05,3719.9557837934144
22.8,4.3698146e-05,3797.3703026846633
22.9,5.84821e-05,3689.0062797848464
23.0,5.3023097e-05,3160.882409499474
23.1,6.1229446e-05,3711.282958576703
23.2,0.0055101286,8847.131269506626
23.3,0.00633377,7078.724929630211
23.4,0.0005605646,3427.1823523852136
23.5,0.0046488605,3882.4567205181847
23.6,0.00017901235,4522.55945168987
23.7,0.00013611041,4533.235143419612
23.8,0.00010849032,4486.654953269443
23.9,0.00010681544,4633.0947663311745
24.0,0.00021246567,2745.327574749259
24.1,0.0011969866,2769.61654141561
24.2,0.0016562759,3397.8389698027718
24.3,0.0018721623,3308.8727986341587
24.4,0.0014231626,2916.7610821180356
24.5,0.06525077,687.2024062365003
24.6,0.0990118,2479.6973539364976
24.7,0.09388976,1023.9428623286285
24.8,0.041116666,3844.974943138127
24.9,0.009260812,3127.3156295167973
25.0,0.025226166,2643.390994359796
25.1,0.007682118,3916.502654958722
25.2,0.029873842,2155.018152544394
25.3,0.07588819,1173.144690812375
25.4,0.086564824,1309.8877562240004
25.5,0.002661182,1649.178185091855
25.6,0.00023602226,5456.922071537353
25.7,0.024026066,4442.737679408278
25.8,0.07847291,1008.949032115169
25.9,0.021433285,2146.954855198568
26.0,0.07062521,2883.032677619214
26.1,0.05084269,1229.2514068768392
26.2,0.01443103,7398.7275501024415
26.3,0.05695972,1569.1700701119853
26.4,0.025952943,6280.451791867592
26.5,0.0039829123,7825.53867595804
26.6,0.04122717,1982.0279210084038
26.7,0.062499568,591.805361472856
26.8,0.013419895,2103.8611274380714
26.9,0.03084545,2191.6879910718376
27.0,0.012201436,1804.3766012907554
27.1,0.007862546,4242.917254137452
27.2,0.0075570834,6560.969697857735
27.3,0.0038938536,5978.694710818715
27.4,0.01870777,1973.8920106974842
27.5,0.0009900598,2758.625620581224
27.6,0.00013126491,3807.939193962685
27.7,0.000115812305,3895.59794184833
27.8,2.0037545e-07,9875.684260581673
27.9,1.9406792e-07,9771.57153206934
28.0,1.8600254e-07,9811.787807711633
28.1,1.9467133e-07,9856.703582358354
28.2,1.904705e-07,10032.27247905947
28.3,4.2673862e-05,4158.259729177691
28.4,4.256549e-05,4356.092133693466
28.5,3.3675475e-05,4699.972593368669
28.6,5.157402e-05,3707.7270679815865
28.7,5.0497158e-05,3380.150456595199
28.8,7.712559e-05,2777.6282255139286
28.9,0.041871514,1553.2035493027383
29.0,0.0149321575,9257.98560359735
29.1,0.009967938,6482.439459613448
29.2,0.016489828,2682.180586856487
29.3,0.011277765,1995.8668141967455
29.4,0.034686293,2484.3587132777093
29.5,0.005412066,3033.328965235198
29.6,0.00023653854,4085.860952861083
29.7,0.00023439761,6099.414515624902
29.8,0.00029223293,2955.3017065665626
29.9,0.0009998762,2813.6829828509613
30.0,0.00083823234,2655.78608555809
30.1,0.00039510886,2300.7828751529464
30.2,0.00023477017,2219.688527070785
30.3,0.0023541714,3066.8570687112424
30.4,0.11791202,1807.784787960786
30.5,0.03676334,1588.7227818449005
30.6,0.07972945,2213.7210877538096
30.7,0.08201134,1977.6838995311264
30.8,0.06376747,2599.9364375680707
30.9,0.06123553,1719.7393143307754
31.0,0.046737652,2166.598003755256
31.1,0.020451535,1348.2359223964186
31.2,0.010179258,7370.2650076276295
31.3,0.04168862,931.2133514320101
31.4,0.019842831,6664.456301939236
31.5,0.03319572,2037.1935770336654
31.6,0.0013877641,2302.1565906862734
31.7,0.013372198,3675.036690303129
31.8,0.0002442293,4047.7194689804555
31.9,0.000114985865,5030.360942794902
32.0,0.00013382029,4549.815749491669
32.1,9.913374e-05,4507.29386124009
32.2,0.00011236908,3802.617769678331
32.3,7.587731e-05,4036.2328627044258
32.4,8.487332e-05,3440.945845248136
32.5,6.3279e-05,3433.862818525499
32.6,4.7326903e-05,3481.733550113202
32.7,5.1353873e-05,6143.968781750734
32.8,0.014548452,1581.5047536586508
32.9,0.014433441,1860.1397552317205
33.0,0.00043421908,2826.728261652088
33.1,0.00017298813,4045.56068264772
33.2,9.590179e-05,4212.412850477571
33.3,0.0001326843,3262.7724236646977
33.4,0.000113718546,2489.662441211037
33.5,0.00012438031,4151.9060184020145
33.6,0.023876442,1370.2949095406536
33.7,0.040883925,2030.5533542775872
33.8,0.033692956,2296.9776485513185
33.9,0.002510858,2586.5039300761564
34.0,0.00016086461,4053.7587452209054
34.1,0.00013182388,4208.318022234196
34.2,0.000104269486,4353.810481739516
34.3,0.00010630541,3460.2321812059113
34.4,9.333479e-05,3023.0958805652626
34.5,8.076481e-05,2800.573307528937
34.6,4.810297e-05,3674.5433593617063
34.7,4.9000562e-05,3587.0270980763617
34.8,2.4604038e-05,4023.024149217874
34.9,1.9580916e-07,9767.089361965176
35.0,1.981091e-07,9994.005597168956
35.1,1.9765073e-07,9908.326539504636
35.2,1.9317747e-07,10182.29073215888
35.3,1.9954223e-07,9824.754495576006
35.4,1.9698422e-07,10106.22299669831
35.5,1.9941811e-07,10040.85217524887
35.6,0.002347565,217.4259282743878
35.7,0.05541011,315.66372814556536
35.8,0.023542307,252.20850055365923
35.9,0.0029463943,785.5480668741724
36.0,0.0007531184,1117.823314040549
36.1,0.00011148997,901.8454419388823
36.2,8.7701056e-07,6389.9570754070055
36.3,1.9665454e-07,9989.904340840167
36.4,1.9898752e-07,9912.83823015567
36.5,1.9593622e-07,9867.014691947896
36.6,1.9674835e-07,10223.920983862308
36.7,2.0101402e-07,9930.39177398222
36.8,1.9314223e-07,10062.156664633923
36.9,1.9568374e-07,9938.32487915572
37.0,1.9590008e-05,4439.475674125996
37.1,6.3263615e-05,3783.5193575460207
37.2,7.864831e-05,6764.297621042701
37.3,6.626832e-05,4016.6710961340514
37.4,0.00028319066,2502.840980612161
37.5,0.004314917,4461.882527732538
37.6,0.012026174,1664.6358489874433
37.7,0.00089198805,3160.646419874502
37.8,0.00043933172,2766.0589330268685
37.9,0.00013245553,3891.988890693695
38.0,0.000119075,3250.8987326363012
38.1,0.00012069052,3504.649930183533
38.2,0.000112092814,2715.115171700452
38.3,5.664445e-05,2470.8556318237847
38.4,2.0140077e-07,9988.110561113936
38.5,2.0354989e-07,10023.457468900328
38.6,2.0043129e-07,9785.08162725547
38.7,1.9780933e-07,10240.807577904969
38.8,6.286381e-07,7926.31180035838
38.9,7.73813e-05,3584.563591988328
39.0,0.00010718837,2332.834544038015
39.1,0.0044503943,7815.561518015032
39.2,0.020018302,3121.980445403541
39.3,0.02524475,1762.0169889386275
39.4,0.01643336,3075.4505936931946
39.5,0.010076038,1837.0140027625534
39.6,0.005553407,3672.580427260148
39.7,0.0050084023,3823.2034106087076
39.8,0.0066651497,3174.6778607711567
39.9,0.0073166084,2719.3780472010108
40.0,0.0071611186,7335.189528940219
40.1,0.010291215,3284.4361020127803
40.2,0.0002783779,3794.9795983724043
40.3,0.00013926048,4354.71045878535
40.4,0.00013159231,4844.5756126590695
40.5,0.00013568492,4588.141244267605
40.6,0.000109444336,4334.9503405250925
40.7,7.733865e-05,4270.474690334254
40.8,1.914251e-07,9947.248549312286
40.9,1.9896517e-07,9886.479993117035
41.0,1.9512805e-07,10161.396684330914
41.1,1.9535355e-07,10089.448793638374
41.2,1.9582053e-07,9981.730442418739
41.3,1.9263317e-07,9960.746109167423
41.4,1.9648682e-07,10033.355747706799
41.5,1.034573e-05,6194.223957881513
41.6,4.3632786e-05,4143.980086317495
41.7,3.2679378e-05,4612.721876099777
41.8,3.1606563e-05,3953.030305286741
41.9,0.0001257126,2070.341162258868
42.0,0.0026121319,2775.1398887329547
42.1,0.013888636,1945.6746581963898
42.2,0.00026492635,4874.121723928405
42.3,0.00024045903,2776.3987910855612
42.4,0.00012532124,3449.9571174167704
42.5,9.018863e-05,2930.9853425489155
42.6,0.00010234687,3605.264806509217
42.7,0.0005325559,2387.732426345113
42.8,0.0010488516,3000.4261845276624
42.9,0.0007562764,2737.2244534418364
43.0,0.00041282445,2514.8711716513308
43.1,0.00015693091,4402.593855167068
43.2,0.000112567344,2446.65948221297
43.3,8.2768805e-05,2811.983595957128
43.4,0.00030332943,1285.792770559061
43.5,0.0024158678,6743.906037545299
43.6,0.029915005,2942.112716849426
43.7,0.037409365,1950.1031253809433
43.8,0.039925527,1636.3504699333346
43.9,0.035980705,1466.9281545591225
44.0,0.03435839,1472.6507768419347
44.1,0.02819347,1518.2751756369662
44.2,0.026834965,1560.144127416219
44.3,0.027025945,1484.249008446175
44.4,0.027831696,1472.7568301770098
44.5,0.027092477,1380.2267838094792
44.6,0.026874108,1427.7997803285268
44.7,0.028615667,1375.0390826907305
44.8,0.025615165,1296.0018054995887
44.9,0.025652923,1164.1688489493845
45.0,0.023497216,1096.1000491359277
45.1,0.022557927,1099.026834921929
45.2,0.021406077,1006.5205178542772
45.3,0.01936759,859.6212366528158
45.4,0.019696726,864.1320236295489
45.5,0.020192904,822.0717607276939
45.6,0.01918537,783.2992992492068
45.7,0.017684834,757.2969639794353
45.8,0.016527286,787.1740816283848
45.9,0.0153705515,752.2800526116337
46.0,0.013466442,758.6951920260381
46.1,0.009775112,658.651352778836
46.2,0.009190005,602.7025410797793
46.3,0.005082143,656.4447154156026
46.4,0.0016181164,3616.1206530598333
46.5,0.0043904604,3039.313465600461
46.6,0.0020725538,2294.119952773057
46.7,0.0008630476,2131.7256656300824
46.8,0.00042826845,1935.6433414478004
46.9,0.00023166876,2219.28401563034
47.0,0.00015856879,2359.596515735019
47.1,0.000117860254,2803.6004866897356
47.2,7.948487e-05,3022.3919909839997
47.3,8.4829626e-05,3141.137885157757
47.4,9.640304e-05,3181.8739373123617
47.5,6.6995206e-05,3578.882287300831
47.6,8.582789e-05,3126.118868437543
47.7,1.9320458e-07,10005.110736923427
47.8,1.9718257e-07,10252.88849697651
47.9,1.9690131e-07,10011.414536680992
48.0,2.0187187e-07,9817.09437505555
48.1,2.023846e-07,10052.358361771001
48.2,2.0435354e-07,9853.835103540663
48.3,2.0060592e-07,10352.638474188037
48.4,1.9678967e-07,10313.399193729965
48.5,1.9205139e-07,9799.62450130848
48.6,2.00847e-07,10183.87385646695
48.7,1.958858e-07,9856.038992463698
48.8,2.0051311e-07,10087.628506747955
48.9,1.9546074e-07,9871.52589124589
49.0,1.9444592e-07,10253.922870685308
49.1,4.7417234e-06,5515.117225902068
49.2,4.1202053e-05,4106.251937636112
49.3,4.7628135e-05,3718.95195063533
49.4,2.9274961e-05,4710.242503335443
49.5,3.933979e-05,3867.2668411959776
49.6,5.9441878e-05,3664.5370418552857
49.7,0.00040413166,1167.223534192363
49.8,0.038796086,2089.0652539150747
49.9,0.040612597,1974.0442406680936
50.0,0.02595058,3102.506387538169
50.1,0.01026845,10156.193747276679
50.2,0.032076612,2381.320704072313
50.3,0.0030700066,3344.14453043045
50.4,0.00015780439,4949.166930230349
50.5,0.00010838255,5133.696242591692
50.6,9.77782e-05,4792.815193372654
50.7,9.4798605e-05,4772.57963430882
50.8,7.847481e-05,4577.407791127249
50.9,0.00042130915,4474.645415987612
51.0,0.006033524,9965.991638473244
51.1,0.028217081,2996.17814315237
51.2,0.010655247,7407.72472935867
51.3,0.011699341,1869.5058048007254
51.4,0.02912024,1623.970546321243
51.5,0.027171234,2008.921424289632
51.6,0.03005252,2344.724986989044
51.7,0.027090942,1408.6582721886027
51.8,0.020749131,2313.9849978775796
51.9,0.012504963,4382.767053738185
52.0,0.016156388,7760.126063202103
52.1,0.0128266355,7122.518285411374
52.2,0.036587674,1042.8095928490716
52.3,0.029068302,1522.3873345391798
52.4,0.015559569,1671.8955698746686
52.5,0.006607819,4408.689661799473
52.6,0.014585031,3608.255339906579
52.7,0.014642593,2937.992164803084
52.8,0.000176768,4022.0249984942066
52.9,0.00013424049,4314.665077984468
53.0,9.942858e-05,4081.5812447423623
53.1,9.914071e-05,3950.759716742749
53.2,0.000101291065,3209.1034066217817
53.3,8.2396466e-05,3191.6997369957244
53.4,6.9009744e-05,2973.579800707973
53.5,4.315112e-05,3588.0241066825456
53.6,6.566292e-05,3012.540750456674
53.7,9.8253484e-05,2261.5321849674665
53.8,4.4004337e-06,3431.140356461944
53.9,1.921531e-07,10113.410789975529
54.0,1.9613992e-07,10175.31738503623
54.1,1.9422158e-07,9869.54588990466
54.2,2.0247951e-07,10282.901002993567
54.3,1.9968492e-07,9988.71371991307
54.4,1.9367252e-07,9967.353320540451
54.5,1.8984214e-07,10194.36305467149
54.6,1.9892059e-07,10200.641498685334
54.7,2.8385692e-05,4876.7865583599005
54.8,5.2881736e-05,3267.328425694268
54.9,6.60399e-05,3035.825206882896
55.0,7.301692e-05,2815.3990909248914
55.1,6.1929146e-05,3400.0393642002523
55.2,6.1285944e-05,3128.8442242921947
55.3,5.4128952e-05,3329.103740378714
55.4,5.1322495e-05,3413.88098627633
55.5,6.970182e-05,2875.6664107133574
55.6,0.04075896,1821.29163873739
55.7,0.03767802,2156.539425659228
55.8,0.00901959,3829.812384586479
55.9,0.0027712563,2649.6133723334724
56.0,0.00021967106,3953.6847400922206
56.1,0.00024652804,3123.229880038467
56.2,0.00019590564,2886.709844663852
56.3,0.00010151378,3762.8663002294365
56.4,0.003401908,4082.426834278155
56.5,0.036626894,3121.3079683219926
56.6,0.038308464,2977.4295712100256
56.7,0.025271637,5750.866025338447
56.8,0.10509655,756.2609138672054
56.9,0.021232791,7240.589702473117
57.0,0.024714256,2190.885265165592
57.1,0.0072778054,4603.475934302875
57.2,0.011915654,3849.7538775298112
57.3,0.0004154535,3640.090946590186
57.4,0.00011270322,4972.9911883584655
57.5,9.679864e-05,4582.667167780006
57.6,0.00011445963,4253.465875495736
57.7,0.00012532425,3763.5772941763817
57.8,0.00012089704,3074.7662582926614
57.9,0.00012561429,2670.2658995818097
58.0,7.294515e-05,2595.7855586340074
58.1,0.00010951956,1954.465059520137
58.2,0.00017622401,1352.8717347988254
58.3,0.000123844,1918.7975996208145
58.4,8.0415055e-05,2769.7080680910212
58.5,0.0007393852,7481.511200924255
58.6,0.036144596,2316.552279852945
58.7,0.0340512,6072.6820924015765
58.8,0.041853942,1971.5472762631734
58.9,0.008382796,8028.295590417034
59.0,0.0237768,2081.645672517824
59.1,0.00027757554,4603.430777888341
59.2,0.035203036,1212.987166220072
59.3,0.026656138,2407.2459927513705
59.4,0.014722478,4143.110749478205
59.5,0.012439946,3820.021701668643
59.6,0.0011635877,2423.257840228807
59.7,0.0010360258,2694.53612319818
59.8,0.0011489558,2730.5778782185707
59.9,0.00082869834,2760.856280470343
60.0,0.00034815382,2456.8341466589204
60.1,0.00014556383,2828.428675090258
60.2,0.018195475,3409.02794058425
60.3,0.023419486,7471.052925409143
60.4,0.053960834,2725.8686021725193
60.5,0.089470915,1889.345613826059
60.6,0.020104902,8971.568118014442
60.7,0.052313365,867.9836289794212
60.8,0.037976768,1574.0861967120202
60.9,0.03413872,1664.3742887375063
61.0,0.009964021,2904.3030852973766
61.1,0.036317237,2523.015383368865
61.2,0.04168442,944.5589917959724
61.3,0.04475108,2285.1473518546577
61.4,0.014441401,5895.467760703334
61.5,0.024812236,2751.566329763651
61.6,0.044424932,2093.390796435715
61.7,0.06988339,1632.023074010164
61.8,0.041700214,2125.0966663526533
61.9,0.036603525,729.2061047325793
62.0,0.013839492,3132.243622302747
62.1,0.005181245,8865.434696763981
62.2,0.0030186295,4336.968686091011
62.3,0.00085372425,1920.399743697974
62.4,0.00013800977,4733.3686229754485
62.5,0.00011587835,4901.5302448599305
62.6,0.00012382536,4240.807738668529
62.7,9.437933e-05,4866.195914144046
62.8,6.592411e-05,4684.284497466483
62.9,4.9661638e-05,4754.4992327312875
63.0,7.7368204e-05,3098.6934935885865
63.1,4.477552e-05,4065.4436441665944
63.2,4.4573437e-05,4202.155002861076
63.3,6.81117e-05,2977.756595885867
63.4,0.011251043,2216.369711656941
63.5,0.0060991943,5981.7824628603175
63.6,0.041700907,1403.5224526909592
63.7,0.031532116,1345.6132678877834
63.8,0.030023653,1034.3233889895105
63.9,0.0053856256,2499.732630458618
64.0,0.005312019,2596.28426789262
64.1,0.0018081408,2551.0995612942006
64.2,0.00066134054,2255.6168670220313
64.3,0.0009992473,2513.541335210958
64.4,0.00082488864,2453.3256964913176
64.5,0.0006044429,1792.7786984976742
64.6,0.00063036196,968.2443022713887
64.7,0.043683577,1647.4128001191389
64.8,0.045428712,2207.382758605732
64.9,0.010119335,10840.201516727979
65.0,0.0070372755,2681.705190146853
65.1,0.016243447,1292.8064055140535
65.2,0.046924964,1763.0505915150266
65.3,0.04637711,2334.6705244547757
65.4,0.0064319414,2883.770473227274
65.5,0.023964288,1714.8169013649017
65.6,0.019083606,1913.8340593506225
65.7,0.0019884577,2307.2810438831625
65.8,0.00984309,4020.151372856609
65.9,0.00084005756,2374.0078879956045
66.0,0.00013423251,4433.773963449998
66.1,0.00012100436,4047.691059754843
66.2,0.0001357891,3756.32046607556
66.3,0.00011347598,3364.8109540407536
66.4,6.738655e-05,3320.378958228981
66.5,6.132363e-05,3600.666477914453
66.6,5.2393694e-05,3489.074380391994
66.7,1.940976e-07,10003.267778610118
66.8,1.9775324e-07,10188.535086196429
66.9,1.9887048e-07,10025.33170728807
67.0,1.9765159e-07,9865.501692179283
67.1,1.9495923e-07,10135.147456298306
67.2,1.9559987e-07,9934.252905896388
67.3,2.0328666e-07,10087.385160108337
67.4,2.0408989e-07,10033.103072317184
67.5,1.9331156e-07,9899.102172678966
67.6,2.061709e-05,5431.283865547715
67.7,2.2712631e-05,4677.400836745454
67.8,5.9364447e-05,3690.363896212892
67.9,3.982986e-05,4257.425223585042
68.0,4.427917e-05,4822.114606682445
68.1,6.174322e-05,2776.114829228898
68.2,0.000100114106,1945.7652920101618
68.3,0.0004500428,1198.9388569917319
68.4,0.028235475,1916.379981697258
68.5,0.00097389676,1880.896653682642
68.6,0.0067478986,3354.586173936207
68.7,0.003580286,2209.563814527378
68.8,0.0002093896,3730.92464535538
68.9,0.00013619814,3718.028267397658
69.0,0.00011165862,3488.2782282559083
69.1,0.00028271382,2608.0799546954104
69.2,0.0012691467,1237.2485094150895
69.3,0.038122173,1766.9890465126118
69.4,0.0327873,2908.477169427532
69.5,0.02254796,2328.141289113862
69.6,0.028231893,2728.349892426802
69.7,0.03719432,906.6420111267988
69.8,0.03559122,2372.8484255239455
69.9,0.066168256,2278.827003901538
70.0,0.049421504,1291.074424171603
70.1,0.008783256,2500.5559115650794
70.2,0.006914924,4654.676683799524
70.3,0.0010716618,3575.3782704527102
70.4,0.00015993319,3698.012426517421
70.5,0.00015179114,3909.772324666884
70.6,0.0021060132,2126.5826955158263
70.7,0.033062637,1159.6959332999863
70.8,0.03395705,1395.2616650020127
70.9,0.03186588,2626.648873504022
71.0,0.028623614,2415.163709746873
71.1,0.019882724,2678.2952723452527
71.2,0.0077453805,6769.502744711263
71.3,0.009186174,5972.0280817719395
71.4,0.0415481,1035.8483574234199
71.5,0.04399138,797.6241593346041
71.6,0.03065134,2035.5246748913146
71.7,0.036473814,1642.854972769259
71.8,0.031235471,1198.5920082996759
71.9,0.0074395486,8566.587117455172
72.0,0.004828147,6372.353635914491
72.1,0.03187253,1134.9158640607811
72.2,0.0027575765,1769.1934055694937
72.3,0.00017785095,4757.031310156044
72.4,0.000108527194,4474.419200326373
72.5,0.00012280243,4356.124852612983
72.6,9.579824e-05,4039.026276700126
72.7,0.000108990534,2938.039677461178
72.8,7.636602e-05,3124.290330220756
72.9,7.751663e-05,3000.0905200122643
73.0,0.0011040163,2942.275945733654
73.1,0.0016306007,3024.120530756599
73.2,0.0012925254,2642.260286756105
73.3,0.00054183183,2380.9424001987563
73.4,0.00040140183,2322.6748832560506
73.5,0.00015995465,2218.0131988989397
73.6,7.229907e-05,3097.534219353223
73.7,7.168317e-05,2633.062349277491
73.8,0.00079403527,5072.7566299135615
73.9,0.012553915,10389.002403848337
74.0,0.061992787,1471.603953471794
74.1,0.01605765,8154.843169567595
74.2,0.025880437,3850.433254661568
74.3,0.03832849,1185.4464408537751
74.4,0.02495726,2120.4209509226876
74.5,0.0325317,2841.7707671595845
74.6,0.04217293,2632.773953979628
74.7,0.00024436045,3614.125044794696
74.8,0.013535835,9257.688358063093
74.9,0.005414312,8937.615347200417
75.0,0.022418937,2459.438820151776
75.1,0.0018369162,7013.67501308009
75.2,0.020776093,2075.887632844483
75.3,0.028512016,1401.0908405153832
75.4,0.0166787,1432.9690679896728
75.5,0.008449928,1682.8487512519591
75.6,0.0006712082,1909.3085974791593
75.7,0.00012378301,4139.0152015243
75.8,0.00012611065,3847.7906145290044
75.9,0.00011781403,3119.479260085746
76.0,0.007684355,2929.449840257711
76.1,0.09998853,1939.6913809801008
76.2,0.033941925,5508.88295477051
76.3,0.03789923,927.7284737759828
76.4,0.019564308,2792.3972481834603
76.5,0.008069337,3433.9972246757816
76.6,0.01010562,10603.593631311825
76.7,0.0052244337,5556.790699916356
76.8,0.001143236,2812.793226633589
76.9,0.000121517674,5805.198263266144
77.0,0.000109061555,5040.000169772886
77.1,0.000100462734,5086.072949052015
77.2,8.592668e-05,4779.996758391178
77.3,6.838681e-05,5195.70062095562
77.4,5.083182e-05,4994.936812331463
77.5,4.1671767e-05,4932.74813260735
77.6,4.459624e-05,4090.452039155197
77.7,3.255574e-06,3944.9712404714724
77.8,1.9487807e-07,9863.925371781374
77.9,1.9866945e-07,9946.333372761477
78.0,1.95532e-07,10098.849386247568
78.1,1.9914373e-07,9865.223319797326
78.2,1.9146982e-07,9994.681047241787
78.3,1.9509847e-07,9840.496005045949
78.4,1.9891922e-07,9804.858187606373
78.5,1.9469622e-05,5832.89227749109
78.6,6.0645758e-05,3130.5229533842394
78.7,3.5716617e-05,4281.935229272633
78.8,4.342439e-05,3899.636225554017
78.9,4.300099e-05,3952.874999294704
79.0,4.2527317e-05,3634.429170232461
79.1,4.611277e-05,3560.4179081373554
79.2,0.00013625337,2436.4431106554975
79.3,0.032748763,2204.1909664095606
79.4,0.05339246,1783.949619093322
79.5,0.072382204,2667.6135419173684
79.6,0.044672832,1306.7001751604294
79.7,0.052822463,3252.3115257312893
79.8,0.016628,10953.01269935985
79.9,0.012328247,5291.399186477534
80.0,0.025029987,2815.640621793771
80.1,0.044476133,1884.6889476614351
80.2,0.019358434,2652.522361095184
80.3,0.00063022383,2719.4760395106478
80.4,0.00012693806,4773.969628865965
80.5,0.0001271581,4498.255863422994
80.6,0.00013818286,4647.116110173735
80.7,0.00014986286,3842.4474247179633
80.8,0.00015030226,3014.8973970946013
80.9,0.00016154414,2454.5627366962585
81.0,0.00041727422,1098.5569790347677
81.1,0.07693306,1924.4836225140764
81.2,0.07180473,2328.7393031840834
81.3,0.06377215,2494.1417600330606
81.4,0.045352396,2180.7328823497787
81.5,0.007969066,5986.636830381817
81.6,0.04810545,2345.661657079698
81.7,0.0014165608,2299.399388565744
81.8,0.00018525514,4721.804504455657
81.9,0.00012377293,4564.761420320152
82.0,0.0047125663,3586.595984509101
82.1,0.00020478357,4127.511077881721
82.2,0.0001266215,3801.1491568960046
82.3,0.017624207,1102.3234712774117
82.4,0.037480645,1578.5901044699426
82.5,0.014915483,8985.339589763586
82.6,0.05246028,1531.9324076931368
82.7,0.034016944,2081.0323821417846
82.8,0.013506307,7148.922869237841
82.9,0.035636198,2015.9990087966642
83.0,0.03551537,2042.2310723542914
83.1,0.012586615,5750.477892766054
83.2,0.021656659,1177.719469877099
83.3,0.0005376912,2634.1051012374564
83.4,0.00011417221,4636.604101933717
83.5,0.000107173575,4516.6481391151
83.6,0.00010264447,3863.729030132623
83.7,9.764046e-05,3632.045045495805
83.8,0.00011908147,3053.8411171998673
83.9,0.00010589567,2596.3360330751716
84.0,9.145453e-05,2510.123305241844
84.1,7.413822e-05,2896.7035465906274
84.2,0.00039241213,1051.3345876714936
84.3,0.04793283,854.7220927019322
84.4,0.03254155,1090.7650171472158
84.5,0.013192645,802.2281207818215
84.6,0.008464167,605.8683962724893
84.7,0.006141073,575.3963544450166
84.8,0.017125057,678.8892447392922
84.9,0.008752742,2863.4245103692756
85.0,0.05587938,721.8320414972093
85.1,0.02257172,904.2114559411233
85.2,0.00876144,594.2859824694212
85.3,0.00019710384,2237.5130779299416
85.4,0.00015657538,2384.6818055520716
85.5,9.9138095e-05,2281.4326089278084
85.6,0.00014474022,2121.127482240902
85.7,0.003314735,2318.179943674351
85.8,0.002088988,2497.7039340190195
85.9,0.0009411129,2542.3556110074815
86.0,0.000459914,2314.094433984734
86.1,0.00025992587,2200.3788025564854
86.2,0.00017039565,2120.5006094003757
86.3,0.000106072635,2387.822137639546
86.4,8.059188e-05,2589.176721677867
86.5,6.167731e-05,2769.2307435370985
86.6,7.366417e-05,2796.889357204714
86.7,7.7490615e-05,2823.5466324524486
86.8,6.521742e-05,3575.9816796865543
86.9,6.645545e-05,2972.2814576641576
87.0,7.083613e-05,3359.6476625891423
87.1,5.8997142e-05,3192.8176692453553
87.2,5.232991e-05,3761.557586422633
87.3,5.5297147e-05,3244.0219522597245
87.4,7.4334e-05,3097.3201203638873
87.5,5.550718e-05,3654.1465428896
87.6,5.949388e-05,3586.124779904907
87.7,6.831948e-05,3228.5216613821012
87.8,5.1902898e-05,3427.481506213575
87.9,5.781646e-05,3500.8575922314076
88.0,5.4250868e-05,3774.582484707476
88.1,0.022347689,622.619370662719
88.2,0.03067051,919.9864061260358
88.3,0.042181425,746.06522934187
88.4,0.046868358,685.088926454484
88.5,0.017797986,1017.0843879187669
88.6,0.0007036525,2691.6305833150095
88.7,0.00038125695,1991.6006106626007
88.8,8.586236e-05,2773.358443743072
88.9,1.7284048e-06,6512.307607063791
89.0,1.9352159e-07,9620.349090336986
89.1,1.8604689e-07,9991.058095128225
89.2,1.9728752e-07,9918.369031455652
89.3,1.9592503e-07,10141.873150658834
89.4,2.0100546e-07,9988.343207035852
89.5,1.9054873e-07,10138.725434456146
89.6,1.9678934e-07,10086.457071152343
89.7,1.9779546e-07,9964.032118937037
89.8,1.9523193e-07,10101.809880762066
89.9,1.9937012e-07,9849.077651057367
90.0,1.92308e-07,10046.42765564
90.1,5.8692414e-05,2931.518549748222
90.2,6.609398e-05,3066.620502758203
90.3,0.00012083578,2340.3660915696873
90.4,0.007591177,7915.840419810709
90.5,0.018380202,2146.897770978144
90.6,0.03171375,2553.6184970974846
90.7,0.06264967,1767.0938496327713
90.8,0.076735586,1887.1158073949157
90.9,0.08278699,1102.7731457066338
91.0,0.020784445,1551.5572926859486
91.1,0.024105955,6276.003429292246
91.2,0.050350215,1712.9609867197476
91.3,0.029383045,1254.504806137357
91.4,0.011409965,966.2162786950162
91.5,0.0050217165,1037.5017484070554
91.6,0.0001524491,4078.011259580697
91.7,0.000108421154,4225.895770404593
91.8,0.00014795522,3253.262193091271
91.9,0.0001099843,3069.691802799381
92.0,0.019158022,1195.4051062108738
92.1,0.0069655376,2916.1884540367373
92.2,0.07546019,1111.6340433877094
92.3,0.052167244,1938.9176901942865
92.4,0.00106748,4583.031088028322
92.5,0.04009795,1601.06114536488
92.6,0.031567913,1781.988096345916
92.7,0.011978997,3546.3769274548004
92.8,0.014433011,2331.6150269084633
92.9,0.018434845,2448.5656693179053
93.0,0.029188544,2387.605880712961
93.1,0.024532178,2418.35542697422
93.2,0.009045716,7983.072689917681
93.3,0.012060929,1869.0630522546069
93.4,0.02223238,998.0759257587633
93.5,0.00076161604,2195.6141997538025
93.6,0.00013457228,4898.522558706384
93.7,0.000104623185,4891.304684765797
93.8,0.000108646746,4218.749287398659
93.9,6.293786e-05,3344.7181929606804
94.0,1.8624786e-07,10159.73594760142
94.1,1.9911994e-07,9923.744862808624
94.2,1.9377168e-07,9970.662357291574
94.3,1.9635294e-07,10044.56529969909
94.4,1.9814242e-07,9790.94001456202
94.5,1.9427209e-07,10218.41582155368
94.6,1.9283613e-07,9824.232174721861
94.7,1.9447695e-07,9813.31919254188
94.8,2.0067206e-07,9671.245567167281
94.9,1.9280955e-07,9976.084472589428
95.0,1.9395013e-07,10177.260848973992
95.1,1.9657307e-07,9953.281079029846
95.2,2.0147274e-07,9985.86554766092
95.3,2.0529322e-07,9958.77377883848
95.4,2.0386977e-07,9975.016698840645
95.5,1.8929351e-05,5523.416207819785
95.6,3.3078286e-05,4692.889140755917
95.7,0.00015208124,1976.8537993715072
95.8,0.00019505098,2806.424445119451
95.9,0.020231,2863.322337535754
96.0,0.016889952,1349.2230370783368
96.1,0.0029400757,2008.3933346721035
96.2,0.0009422348,2349.330022130276
96.3,0.000115486946,3948.4677085788367
96.4,0.0002403865,2537.7071369891282
96.5,0.00037352717,2098.4128832861434
96.6,0.0002964359,1896.0875816969226
96.7,0.00022892519,1790.9911000114764
96.8,0.0001384467,2682.309002111636
96.9,6.856325e-05,2679.024711601493
97.0,0.0023692162,5231.4789518304515
97.1,0.021941002,2380.9284219622105
97.2,0.015988985,6625.694065850038
97.3,0.028997978,3742.9047153494294
97.4,0.05980378,1779.40380642016
97.5,0.023663495,1954.869204585691
97.6,0.0038010795,9015.966693749335
97.7,0.01595522,1035.0138334059388
97.8,0.00887648,1396.8156032439015
97.9,0.007106859,6305.7743114613895
98.0,0.0077935006,6823.009905522704
98.1,0.007887105,6773.606465484577
98.2,0.00017173517,5305.932454443302
98.3,0.000120884186,7936.468711327672
98.4,0.00011470319,4383.310514611183
98.5,9.139429e-05,4704.738113490701
98.6,7.087702e-05,4840.7579971880905
98.7,5.034337e-05,4439.39359168721
98.8,1.9788241e-07,10064.16547414738
98.9,1.9229394e-07,9911.995670843207
99.0,2.0160788e-07,9856.708272469003
99.1,1.9184642e-07,9969.147450063876
99.2,1.9201559e-07,10033.969404119094
99.3,1.9882647e-07,10107.734419610868
99.4,2.8598473e-07,8785.244851024114
99.5,5.4835207e-05,4102.474114082329
99.6,6.027507e-05,3055.6509910485233
99.7,6.9189075e-05,2650.19933851152
99.8,8.881445e-05,2352.8130451706484
99.9,0.000961923,1625.0463118173016
100.0,0.031216,2398.0643384343125
100.1,0.030878656,3261.915826924742
100.2,0.007488928,5744.80946259921
100.3,0.0079806745,10096.545978230639
100.4,0.00017564095,5546.541732252588
100.5,0.002698165,7264.521916100006
100.6,0.006456699,2324.5439889045742
100.7,0.00063737587,2306.6617482322
100.8,0.00014242176,4504.762324412723
100.9,0.00012488275,4404.215620536688
101.0,9.288499e-05,4189.791829326462
101.1,0.000113025046,3775.894905634358
101.2,9.745963e-05,3443.4394563723126
101.3,7.167008e-05,3103.90108659779
101.4,0.00015289453,1903.315331291066
101.5,0.02069116,2146.6169784449403
101.6,0.004095319,7287.8793781260165
101.7,0.004140003,8763.661335603205
101.8,0.00641967,6895.345717544066
101.9,0.00045072834,4216.71588115013
102.0,0.00011856472,4668.192640825726
102.1,0.00012212161,4731.802845696821
102.2,0.00010997217,4507.795953505027
102.3,8.250769e-05,4730.096278702691
102.4,8.225904e-05,4066.4877422471664
102.5,0.00014056395,2658.411415525271
102.6,2.25194e-07,9709.385835194002
102.7,1.9384242e-07,10065.917105753602
102.8,1.9733608e-07,10006.40440751443
102.9,1.9916341e-07,9744.122166101108
103.0,1.9126122e-07,9950.211824728622
103.1,1.9629562e-07,9813.897763287463
103.2,0.00018653041,2337.2243075372994
103.3,0.00052309484,3453.533148687586
103.4,0.00045722528,5341.763080624905
103.5,0.00036482388,2839.4602327894577
103.6,0.00056627445,3182.192184775457
103.7,0.047078483,2130.3637005584965
103.8,0.06546219,2519.3675315073287
103.9,0.089749634,2018.2772039952479
104.0,0.0838183,2238.192248391897
104.1,0.056380305,2372.619988034909
104.2,0.016948417,1378.8424921499595
104.3,0.058112573,2348.57324143203
104.4,0.04601511,2593.0513801559773
104.5,0.039901342,2264.572696942684
104.6,0.063240506,1539.3195216442446
104.7,0.016034896,2465.9284729085916
104.8,0.020060621,3139.7692564422823
104.9,0.011577826,2756.542804108996
105.0,0.006516369,3647.8752165836663
105.1,0.017229153,9657.953780455344
105.2,0.0017407109,8952.969294936504
105.3,0.00026624632,4826.541401398269
105.4,0.00020180787,5024.937318691568
105.5,0.00016532198,5198.576046721621
105.6,0.00016050716,4740.828149427192
105.7,0.00016906635,4704.378880008337
105.8,5.7114696e-05,3783.019346531998
105.9,1.9739106e-07,10004.602314294267
106.0,1.963657e-07,9988.96202725665
106.1,1.9374383e-07,10164.366086537975
106.2,1.9055653e-07,9969.431699534956
106.3,1.9224234e-07,9986.15975041322
106.4,1.9587526e-07,10086.2531528105
106.5,1.9905184e-07,10297.685371419751
106.6,1.9300069e-07,10223.400747556556
106.7,2.00157e-07,10210.125203517064
106.8,2.0157825e-07,9801.34895657349
106.9,1.9275268e-07,9939.758272975916
107.0,1.975501e-07,10003.179050776243
107.1,1.928005e-07,9901.620175841108
107.2,1.977885e-07,10211.02597189547
107.3,1.9216503e-07,10095.86736401319
107.4,1.922103e-07,10079.603026980458
107.5,0.00014416841,1681.3857688530816
107.6,0.00018887004,1607.5963200825781
107.7,0.00019543793,1405.7913062210555
107.8,0.00014579609,1797.0885607127293
107.9,0.0001385964,1926.2085001690434
108.0,5.262868e-05,3100.7138358820107
108.1,0.00055389066,1800.2415473271244
108.2,0.022495296,1884.5674637980133
108.3,0.04347125,1691.041373375043
108.4,0.05956819,1629.44301769709
108.5,0.0015774539,2449.582756895212
108.6,0.00017326555,3295.9789667548393
108.7,0.00011608667,4107.420445908889
108.8,2.9411564e-07,8977.097853261654
108.9,1.9218233e-07,9781.68158973729
109.0,1.9687235e-07,9789.19304798276
109.1,1.9403845e-07,10052.516286933153
109.2,1.9206203e-07,10061.97776317232
109.3,1.8869773e-07,9817.690427978312
109.4,1.9358669e-07,9770.344142573507
109.5,1.9491733e-07,10036.341457697235
109.6,6.020114e-05,3245.6811273314042
109.7,7.427909e-05,2614.480854619181
109.8,8.060696e-05,2616.1235521219214
109.9,0.00021459225,2337.9395267784826
110.0,0.017212227,3654.8949659827435
110.1,0.108700536,1835.3986415739116
110.2,0.042714436,5017.9715335504825
110.3,0.08284205,1876.7055066099772
110.4,0.07159791,2118.7119272051846
110.5,0.032602247,2662.402433178562
110.6,0.015616904,6373.569181079669
110.7,0.057938576,1214.1982880641888
110.8,0.087338805,2055.965056021349
110.9,0.038830247,2428.645651259279
111.0,0.003862842,3228.9586289708805
111.1,0.037056364,2096.8942595863987
111.2,0.009772137,9314.159532147762
111.3,0.036668517,2419.7588565804067
111.4,0.027852032,2141.2403566762987
111.5,0.023201788,2580.0136760808246
111.6,0.040659904,2710.0704274335244
111.7,0.0010007112,2496.0750600343536
111.8,0.00013853036,4384.257977641136
111.9,1.9800584e-07,9714.141601258663
112.0,1.987938e-07,9631.02056102301
112.1,1.911344e-07,9857.403128017864
112.2,1.9820091e-07,9947.4624970941
112.3,1.9415994e-07,9836.442352084301
112.4,1.9172278e-07,9991.297665026039
112.5,8.009166e-05,2666.8664158934043
112.6,0.00023398713,1672.766597935672
112.7,0.0011664764,3050.8289647245065
112.8,0.0010584819,3240.1330869070925
112.9,0.0008677636,2715.253922365604
113.0,0.0005701943,2436.8736257607216
113.1,0.00030512852,1999.3633408030266
113.2,0.09237307,1928.4586634210423
113.3,0.012834593,4956.626599972026
113.4,0.07895084,2524.804639676761
113.5,0.05670311,2839.4523051662445
113.6,0.023163388,2577.6873058812726
113.7,0.022260938,1612.986966052361
113.8,0.054714464,2461.264477580391
113.9,0.08280253,2177.388375392682
114.0,0.07036045,1964.3501354209413
114.1,0.04046421,2760.6780607345827
114.2,0.023531636,7288.743019297481
114.3,0.0041683726,6041.302508815493
114.4,0.04996174,2135.9710007986578
114.5,0.028217316,3056.452670285825
114.6,0.010986445,7188.526700680593
114.7,0.035492584,2333.6213335964967
114.8,0.04161293,2660.7391350113685
114.9,0.01742599,6789.307892139571
115.0,0.0039552585,6104.194944190669
115.1,0.034078676,2678.880740449977
115.2,0.030239828,2741.0767827554305
115.3,0.03228688,2301.0521222053217
115.4,0.026601097,2794.7258884275616
115.5,0.00026792203,3781.5911039130146
115.6,0.023815654,3346.3908946682513
115.7,0.006346181,2958.408927400729
115.8,0.00019868008,3546.638726254501
115.9,0.00011427762,4676.38854324568
116.0,0.00010287046,4204.529200557585
116.1,0.00011701975,3802.709632502004
116.2,0.000111125126,3323.6042782957584
116.3,0.00011491143,2690.7012375734535
116.4,7.5499614e-05,2957.935252767729
116.5,9.433165e-05,2717.3606879939416
116.6,0.01404878,647.2324561578772
116.7,0.054942578,1662.6350641756098
116.8,0.049541052,918.4224402804991
116.9,0.008733682,1185.482974709741
117.0,0.048483364,2420.9140673453217
117.1,0.005633742,6072.6646366300065
117.2,0.07215224,1478.5541367213555
117.3,0.09753366,1897.9428550154648
117.4,0.028117971,3548.205464940758
117.5,0.018773897,1589.9802419055013
117.6,0.05144827,2828.280751609343
117.7,0.0074553015,7197.924861003496
117.8,0.043977402,2754.47074901031
117.9,0.03323532,2708.4859453372305
118.0,0.03342621,1358.4033913398382
118.1,0.04070207,2518.2237622997786
118.2,0.015112379,2811.899280000301
118.3,0.009623915,8811.630066576501
118.4,0.004713519,6795.448422586018
118.5,0.018704766,2269.401524438849
118.6,0.0039418805,2944.221036544224
118.7,0.0001815058,4636.428677843154
118.8,0.0001192095,4680.763993501282
118.9,0.0001034769,4709.6772658378995
119.0,9.399403e-05,4559.516289258746
119.1,7.7951794e-05,4172.47058115552
119.2,9.513308e-05,3127.177359185721
119.3,8.600147e-05,4221.442193033316
119.4,2.8167628e-05,7752.593457116155
119.5,2.03759e-05,9686.755789590923
119.6,7.407942e-05,5152.661153998573
119.7,0.00019768516,3243.9393871828206
119.8,0.00022377456,3217.0713341834953
119.9,0.00017696018,3262.5560498212967
120.0,0.00012921143,3713.4443689954874
120.1,7.4485535e-05,4918.339417053448
120.2,0.0012136137,4308.66272542975
120.3,0.0044277534,10381.12051514075
120.4,0.049445026,1905.579678740222
120.5,0.045168817,1707.3837367146866
120.6,0.043206383,2658.239685313304
120.7,0.029206613,2206.826620764373
120.8,0.023633258,2798.7600235676587
120.9,0.005900471,4780.891963570913
121.0,0.04217036,975.2345429679481
121.1,0.022077411,3199.4624556708504
121.2,0.0053768274,5480.095496966127
121.3,0.012761093,1534.2760888175676
121.4,0.022682635,2733.0560382450694
121.5,0.006622237,7943.886942769833
121.6,0.006943029,4055.8611322555107
121.7,0.0062579755,7904.6717910365805
121.8,0.020624647,2367.450805561945
121.9,0.005642688,4585.380060515494
122.0,0.006649026,10354.39544521414
122.1,0.0004414644,7743.82423571838
122.2,9.462945e-05,9079.473601360169
122.3,2.0183516e-07,9975.53646121723
122.4,2.0615886e-07,9698.812029032859
122.5,1.9830189e-07,9912.592403067198
122.6,1.6520578e-05,8073.133445931185
122.7,9.109677e-05,5668.307937777043
122.8,0.00013392152,4413.9934720490655
122.9,0.00014743512,3896.5615507521215
123.0,7.8892415e-05,4850.5932625049645
123.1,4.8568916e-05,6114.225919268056
123.2,6.703059e-05,5492.924119717297
123.3,0.047238253,2459.2424947528225
123.4,0.050245363,4734.563463807408
123.5,0.0033649607,6071.96054459946
123.6,0.018764455,2515.4207582980152
123.7,0.005449758,4247.868669088434
123.8,0.018491024,10962.059718006765
123.9,0.0031481555,10420.843078152076
124.0,0.00015003013,9387.862715720159
124.1,9.6408825e-05,9963.20662136825
124.2,8.288093e-05,9015.131366307582
124.3,6.7917885e-05,9032.544468135447
124.4,5.846501e-05,8967.128326703963
124.5,4.52554e-05,9745.240923181398
124.6,3.698148e-05,9607.289906823564
124.7,4.7880607e-05,8025.1526109822125
124.8,3.1609365e-05,8845.057334943864
124.9,3.9710852e-05,8060.58714838338
125.0,2.281476e-05,8858.067314749766
125.1,2.3988281e-05,9500.465559840373
125.2,2.6981481e-05,9115.601393462694
125.3,1.8953855e-05,10607.902544011253
125.4,1.8427323e-05,9834.152069176098
125.5,1.6020664e-05,10009.01681607525
125.6,0.00014107514,5325.903294934536
125.7,3.64722e-05,8995.503566523146
125.8,0.0028095194,2156.758127833221
125.9,0.015728684,1657.5906532135004
126.0,0.00078482425,2460.6397837024774
126.1,0.013476674,1823.943852396524
126.2,0.00908967,3037.6482628767
126.3,0.016424503,3078.389891379117
126.4,0.009184203,1247.0687050299152
126.5,0.0036474366,2486.48287418797
126.6,0.0027348904,3630.1495666335168
126.7,0.00056374015,2799.3743014433535
126.8,8.557058e-05,6467.896277285026
126.9,0.000106936175,4773.049870390907
127.0,0.00011818779,4196.631111086914
127.1,0.00018570444,3256.0908288166825
127.2,0.00017540067,3419.5309332934876
127.3,0.00010225684,4170.761835242872
127.4,7.02201e-05,4953.752177754385
127.5,3.0193141e-05,7580.583148899627
127.6,2.1978662e-05,8754.131242410273
127.7,2.6049513e-05,9999.076741351444
127.8,0.057907097,747.399279364912
127.9,0.076005,2019.0368758837635
128.0,0.053842526,842.0771286845193
128.1,0.02976993,2672.2956893637493
128.2,0.012370162,4416.930839759354
128.3,0.0115747,7141.945704874392
128.4,0.026623545,1081.326600709383
128.5,0.013205379,3873.5218258729383
128.6,0.0095902085,9262.793435042111
128.7,0.019887773,1572.2926487108862
128.8,0.0212872,2883.9228600329684
128.9,0.008019597,2615.7542341127187
129.0,0.00010399026,7350.928575623812
129.1,0.0046165185,3126.605622772983
129.2,0.0004876353,3702.8980850266726
129.3,8.2155784e-05,6081.00520007333
129.4,0.000101787635,5761.763830159822
129.5,7.213551e-05,5750.616015529683
129.6,7.7217366e-05,5519.429584045655
129.7,5.957334e-05,6156.317987401017
129.8,4.2107637e-05,6937.003606317084
129.9,2.6006946e-05,8246.917769094114
130.0,1.9771229e-05,10435.629361170486
130.1,1.7432669e-05,10797.340538874576
130.2,3.8968752e-05,10046.809200599966
130.3,1.7589715e-05,10166.004465856273
130.4,0.0032620688,9447.420560480039
130.5,0.015400944,7058.432775126318
130.6,0.035207834,2011.2083290311016
130.7,0.041201156,1702.1862627332116
130.8,0.025175532,2096.9662224860563
130.9,0.018835884,6385.44997719161
131.0,0.012323003,7354.6275386307725
131.1,0.029146103,2808.146161134588
131.2,0.011270285,2482.089470248981
131.3,0.0066423924,3800.1641648742384
131.4,0.0070992527,2548.5215445054637
131.5,0.0011790963,4317.250097600045
131.6,0.00013607352,5475.2297188940465
131.7,7.866231e-05,6501.194939509709
131.8,7.827695e-05,5996.211974635806
131.9,4.9618935e-05,6629.803560574211
132.0,4.6642923e-05,6382.12058650944
132.1,3.5875953e-05,7772.868327129145
132.2,0.0063881897,3202.4855975992486
132.3,0.016008615,3325.35987887562
132.4,0.0001145236,6612.445083680018
132.5,0.009553525,1929.939804697566
132.6,0.0041616913,2890.601281405713
132.7,0.0106054405,9863.766052459632
132.8,0.0047024773,9552.270647630272
132.9,0.00022537532,8508.25029153008
133.0,8.689438e-05,9462.954417187857
133.1,8.0787824e-05,8752.558392211638
133.2,6.225413e-05,8634.934430117057
133.3,4.3926724e-05,9365.202801039253
133.4,3.575442e-05,9447.058737502204
133.5,2.8982002e-05,9647.54477736789
133.6,2.1521368e-05,10336.344087516143
133.7,2.4319375e-05,9458.774355204001
133.8,3.878197e-05,7338.6313578273
133.9,5.6619276e-05,5782.841094962993
134.0,4.006768e-05,7007.835959833948
134.1,5.570286e-05,7025.7164550119505
134.2,3.4585588e-05,8726.562817157217
134.3,2.0604213e-05,9857.280572756816
134.4,1.8072855e-05,10702.695498199373
134.5,1.9097712e-05,10526.103025365279
134.6,1.8266817e-05,10203.656061476402
134.7,0.001156569,7948.286288533266
134.8,0.008848827,9276.597557324912
134.9,0.010298185,3179.196788445599
135.0,0.037344433,1465.304329334646
135.1,0.0575245,2057.4600505807057
135.2,0.039198842,2421.124125685681
135.3,0.023935191,2250.37158717693
135.4,0.012397191,2347.992637442411
135.5,0.0005001633,3992.554665509258
135.6,0.00014943097,4868.65466669025
135.7,9.151788e-05,5797.823666737263
135.8,7.275891e-05,6366.088291406825
135.9,6.311433e-05,6334.731897905813
136.0,4.4814384e-05,6721.653764736478
136.1,4.5234243e-05,7109.487521554982
136.2,0.0013819598,6882.5764629046735
136.3,0.0065280236,9309.894483280328
136.4,0.00017031818,8420.9342295823
136.5,0.0030265662,8070.944920612859
136.6,0.0038676139,3352.0609072981824
136.7,8.539515e-05,8312.212967653257
136.8,7.5736076e-05,7919.818786781846
136.9,6.175413e-05,7079.487487334254
137.0,5.0956838e-05,7776.069410417593
137.1,3.911147e-05,8297.543345616854
137.2,3.0113219e-05,8861.510619150235
137.3,2.4451843e-05,9335.185043494463
137.4,2.08048e-05,10716.92693556447
137.5,0.00019541505,2572.2669040920628
137.6,0.0016401019,3964.3190797136995
137.7,0.0023852845,4787.562346014422
137.8,0.0045524845,10066.062094788977
137.9,0.00393792,9898.344166400326
138.0,0.00019435065,6534.151362037592
138.1,7.023703e-05,9082.86980879157
138.2,5.548825e-05,9220.852011982239
138.3,4.1833464e-05,9579.444570569502
138.4,3.80745e-05,9586.299209000132
138.5,3.8655973e-05,9230.47265922145
138.6,3.205659e-05,9264.18250119653
138.7,2.3751252e-05,9487.53597933689
138.8,1.9709463e-05,9390.911561803365
138.9,3.4975732e-05,8462.107528724817
139.0,1.9838625e-07,10119.5819674584
139.1,1.9026568e-07,10067.051467300036
139.2,1.961821e-07,9933.457594478805
139.3,1.9743676e-07,9863.9269855035
139.4,2.3748366e-07,9687.392645845715
139.5,1.7629847e-05,6411.140839756179
139.6,4.5760567e-05,3630.6754649891623
139.7,4.5772034e-05,3162.7901077291835
139.8,4.078389e-05,3951.786580087267
139.9,3.5892408e-05,4597.6258063213345
140.0,4.8078473e-05,3639.108113281278
140.1,4.2061503e-05,4212.5329445404
140.2,5.9838352e-05,3472.089712933854
140.3,4.5605168e-05,3781.0736220137023
140.4,5.3503518e-05,3579.7315934890025
140.5,3.3894463e-05,4376.656516291237
140.6,4.2619835e-05,3956.1518168366556
140.7,7.7485114e-05,2726.3634736595104
140.8,0.0001312485,1988.1477733564893
140.9,9.8908684e-05,2206.0581956924357
141.0,6.967842e-05,3218.3682512660116
141.1,9.482867e-05,6219.476696932966
141.2,0.00017827355,1704.336843252186
141.3,0.035529383,696.5270072181194
141.4,0.059707988,1904.7187123882786
141.5,0.0076615834,1523.3772615545286
141.6,0.048806027,1747.5068689332581
141.7,0.032154284,1909.4964953301287
141.8,0.033971604,979.7651176800529
141.9,0.028371297,1333.9809063013963
142.0,0.0050853016,3768.729571765456
142.1,0.03462107,947.032866458735
142.2,0.019409278,4821.385525421592
142.3,0.005043165,5521.904492043324
142.4,0.0022086261,2281.282374331
142.5,0.013683685,2538.637335837844
142.6,0.0114505,1673.4364976210902
142.7,0.008097793,1377.390696093405
142.8,0.0013349399,1650.8129525894706
142.9,0.0005253623,2262.384768669075
143.0,0.0007253084,2348.360216339856
143.1,0.00044199402,2079.6353484298643
143.2,0.00024861394,2078.9830445711427
143.3,9.519902e-05,2955.4213520970998
143.4,0.008157978,8679.866163650884
143.5,0.0495425,2485.7057157267195
143.6,0.046234414,2239.0764829191703
143.7,0.052911855,2501.7402622881646
143.8,0.0040120347,3473.3998419391537
143.9,0.0427375,1049.1216243827162
144.0,0.0226039,2862.0833738865713
144.1,0.0064772535,9947.41345577508
144.2,0.004240399,6712.517195712611
144.3,0.010893903,1822.4707887072757
144.4,0.00018045111,4414.924310050021
144.5,0.022225527,2498.4162206796605
144.6,0.022824973,2309.7704767714304
144.7,0.019139333,1902.604253707721
144.8,0.014709936,2582.5023461655396
144.9,0.013762868,2294.328585812288
145.0,0.0006807897,2067.8644453672396
145.1,0.013083251,1511.5155081380028
145.2,0.008471058,1499.54236713481
145.3,0.000345686,4078.3601582688684
145.4,0.0001560012,3837.4995253519946
145.5,0.00011924067,3517.1319281058604
145.6,9.699534e-05,3308.5403694136867
145.7,9.094743e-05,2589.885566641817
145.8,0.00010016099,2484.115560220629
145.9,0.015821151,666.2478114462751
146.0,0.017651973,620.0030714546285
146.1,0.023683842,1695.8807093212372
146.2,0.01301118,1491.1852268923503
146.3,0.012275514,1588.3394001484737
146.4,0.004962485,1608.194135222062
146.5,0.004467645,3414.773951130006
146.6,0.007716605,1586.334693765233
146.7,0.0018161602,3312.437478335523
146.8,0.00042679146,2026.3650347366593
146.9,0.0001331403,3544.0846225306404
147.0,0.00018405679,2336.1946627814295
147.1,0.00022556537,2128.5900942482053
147.2,0.0002580049,1645.5860895205858
147.3,0.0002464497,1402.7984416822062
147.4,0.00017871795,1655.8795455683487
147.5,0.00011662789,1907.022106849709
147.6,7.235261e-05,2606.071899427298
147.7,5.2255727e-05,3275.286646863363
147.8,0.024060521,893.8970778355756
147.9,0.08257478,1808.3666265219604
148.0,0.03337784,6130.979233143839
148.1,0.005981524,2421.4117369013584
148.2,0.052398577,2680.8208002520387
148.3,0.023746716,7784.859577604548
148.4,0.058932897,2208.3464066742154
148.5,0.009585056,2257.022176384054
148.6,0.038686395,1853.6683807102245
148.7,0.04542554,1629.230345964695
148.8,0.018535562,7743.282949577207
148.9,0.070226,1155.436127990687
149.0,0.07381042,1804.2246844335982
149.1,0.011130982,9969.350957408817
149.2,0.049727432,1814.93726065286
149.3,0.00850249,1769.8521431561678
149.4,0.004581016,5146.05106587668
149.5,0.00022614548,4175.105292607743
149.6,0.00010602128,4997.692419161322
149.7,0.0001576349,4312.772616488913
149.8,0.00013182999,4307.867868896694
149.9,9.445861e-05,4233.592347600313
150.0,9.0703434e-05,3664.140837224782
150.1,8.719568e-05,3177.4838002280603
150.2,5.3584918e-05,3458.7654365211893
150.3,4.1972995e-05,4087.768049080163
150.4,4.4285996e-05,3591.543721108657
150.5,6.241402e-05,2962.266095085305
150.6,7.6655764e-05,2578.287303826456
150.7,7.122548e-05,2150.871640487744
150.8,7.821739e-05,2468.869287953786
150.9,6.1076404e-05,3074.635828423396
151.0,5.551728e-05,3372.4692108624217
151.1,4.743876e-05,3527.5082793046945
151.2,4.7417314e-05,3587.6652833216085
151.3,4.1783867e-05,3464.451670656145
151.4,8.8953406e-05,3274.6926401807536
151.5,0.04493938,747.3659095778178
151.6,0.011675944,8093.243666029999
151.7,0.0066591874,3595.8347709435807
151.8,0.015250003,6706.590439336063
151.9,0.0012458756,6359.480000976198
152.0,0.01910717,3135.107040399116
152.1,0.0065571866,3572.3051730529087
152.2,0.00053078105,2632.9009862412368
152.3,0.00059961394,2509.543695914331
152.4,0.0004560365,2287.748441491252
152.5,0.00017892673,3051.183668778872
152.6,0.0001358888,3103.7157956408278
152.7,0.0005093702,1564.0155824866838
152.8,0.005341287,5060.629692996268
152.9,0.060681485,1805.4039167125538
153.0,0.050964806,2099.4076144520445
153.1,0.07080483,1930.0267129930062
153.2,0.07503066,1232.5263036146443
153.3,0.03839553,1523.2125272760402
153.4,0.057752963,1311.5483192853749
153.5,0.06902467,821.3924697151783
153.6,0.045015547,1519.9933792815884
153.7,0.029956242,2227.141866146088
153.8,0.019108271,3566.5770366815
153.9,0.00089160027,2237.4337898307363
154.0,0.02725884,1511.763075791295
154.1,0.021902576,4321.530629326475
154.2,0.023597455,2271.391000108277
154.3,0.028004669,925.0086810857451
154.4,0.027814666,2409.8359229516564
154.5,0.018421425,2391.106815776679
154.6,0.0071678916,1673.7805052182732
154.7,0.00014489035,4149.347659379652
154.8,0.00010640029,4002.0438996335133
154.9,0.000120839955,3377.8709391729044
155.0,8.1947e-05,3613.844729275617
155.1,8.199752e-05,3311.501928256865
155.2,8.5497464e-05,2627.387780035753
155.3,0.0076722275,2655.6955724221502
155.4,0.005256476,9992.075473358396
155.5,0.0028277803,4154.787571731302
155.6,0.0050384356,2152.6215170560095
155.7,0.00012706092,4639.799520213743
155.8,0.000100052624,4992.986601901042
155.9,8.5961736e-05,4480.379932064363
156.0,8.2203434e-05,4457.064407260823
156.1,8.951352e-05,4117.509635647178
156.2,6.396368e-05,3891.3516192751404
156.3,4.6823403e-05,4234.974567335854
156.4,4.2158215e-05,3605.6405518562474
156.5,5.286464e-05,3355.6075462322115
156.6,3.5374578e-05,4070.8912417339734
156.7,4.072037e-05,4197.243152997626
156.8,4.983063e-05,4026.2844457647125
156.9,4.545106e-05,3514.3721363267064
157.0,5.151787e-05,3434.491157909879
157.1,3.4435237e-05,3830.198783066808
157.2,3.186772e-05,4234.671005184676
157.3,4.3759985e-05,4018.1952822143066
157.4,3.5613375e-05,4438.510675925351
157.5,5.916361e-05,3040.6240548872747
157.6,3.7906924e-05,3894.6815836926417
157.7,3.3900167e-05,4329.995454261339
157.8,4.124268e-05,4065.9204523588696
157.9,4.0522245e-05,3995.689215280267
158.0,5.3620926e-05,3562.1775426178924
158.1,0.00012754757,2342.51922462897
158.2,0.08902077,1875.7588919806853
158.3,0.093793266,2629.7848445182053
158.4,0.050690964,2820.8277866773687
158.5,0.062747724,2429.9730102782146
158.6,0.04738291,3410.6481180957685
158.7,0.0023445142,2195.364235515141
158.8,0.0024703308,3032.1342070400087
158.9,0.0017052533,2622.1397432404856
159.0,0.0006144556,2562.1944995612726
159.1,0.015468826,9999.519191234904
159.2,0.124780715,1079.9978218237143
159.3,0.029851278,8227.174560585609
159.4,0.096434124,1562.0811287795843
159.5,0.030588323,2234.912844882803
159.6,0.08574268,2498.5888927252263
159.7,0.07606126,1752.4692995855592
159.8,0.02433347,7327.720817845013
159.9,0.06350109,2172.152962396088
160.0,0.089881405,1202.1367663527935
160.1,0.07757345,1995.0822570652806
160.2,0.032591254,2436.709578205043
160.3,0.009762558,8769.980503021505
160.4,0.008283975,4097.429187902777
160.5,0.00027650554,3841.917548429883
160.6,0.00019317462,3858.0259751010417
160.7,0.00011144657,5141.738400993219
160.8,0.00019804087,3130.376944362746
160.9,0.000112303955,4049.429542507812
161.0,0.00028318044,2499.433003707363
161.1,0.00027764638,2121.4108101715274
161.2,0.00025429926,2229.7409893624117
161.3,0.00018985447,1870.8833694431623
161.4,0.00015563871,1942.3441521945542
161.5,0.05897392,1034.129131529951
161.6,0.025861321,7189.811780333661
161.7,0.09138109,1869.018073657198
161.8,0.042375986,4354.545838203506
161.9,0.068309054,1750.4177230327296
162.0,0.031277068,4940.829957311553
162.1,0.058223315,973.4421166015804
162.2,0.028079992,1615.8601311312236
162.3,0.033479597,1230.3309508197033
162.4,0.029865028,2042.9282076923644
162.5,0.051646326,2192.719787720581
162.6,0.015392804,7312.171081127135
162.7,0.06421958,1624.5288222626227
162.8,0.028997747,1380.606774628301
162.9,0.026955023,2746.3540983095622
163.0,0.013509023,926.0162711433608
163.1,0.061347067,2011.7663589924623
163.2,0.056310184,2592.3220696612416
163.3,0.009244876,8553.351946597342
163.4,0.03901395,1287.6397329750746
163.5,0.029155195,1212.8938433474887
163.6,0.014497022,1083.3731470343087
163.7,0.008677838,3170.4835725110556
163.8,0.006783135,7510.376633882252
163.9,0.005459138,2832.6632591226935
164.0,0.039906327,758.5451798004809
164.1,0.01780981,4416.7568290074905
164.2,0.010842087,10148.948202938678
164.3,0.00052416517,6913.42195942629
164.4,0.00012253849,5351.3896485571095
164.5,0.00014319779,5004.782055956946
164.6,0.00011432078,5267.608355062874
164.7,0.000118949254,4786.174666139894
164.8,8.249842e-05,4793.8880205829055
164.9,1.8361551e-07,10009.923077097832
165.0,1.9456454e-07,9979.87986030558
165.1,1.8871044e-07,9999.236924957235
165.2,2.0187767e-07,10040.678999024924
165.3,2.1206647e-07,9440.659108409796
165.4,4.213353e-05,3808.0552815522806
165.5,5.399941e-05,3452.7537023927694
165.6,8.697846e-05,2541.294555943269
165.7,5.9500508e-05,3138.538576439674
165.8,0.00045890792,1061.8565668737506
165.9,0.0002487152,2662.629830406052
166.0,0.026668215,1303.1791892176884
166.1,0.020926747,1152.048176568303
166.2,0.0059412224,7206.591936891191
166.3,0.017038427,1426.623456210254
166.4,0.033574067,954.666706179318
166.5,0.03575043,1097.2103237052434
166.6,0.022575768,1414.9781656939858
166.7,0.04850326,796.6254630432984
166.8,0.059644666,1524.2963686703804
166.9,0.0128045445,3090.8181027386345
167.0,0.0011682137,3269.8734609749945
167.1,0.0025277522,3574.956488073074
167.2,0.0023312701,3121.4686577815146
167.3,0.0014498845,2943.6914923875356
167.4,0.00078211864,2005.5859024254773
167.5,0.02444087,666.9243412469164
167.6,0.034303345,1349.4865336366292
167.7,0.03260795,1998.732615084603
167.8,0.031712588,2012.614662973571
167.9,0.00095705444,3554.930310340866
168.0,0.02241765,1871.3175521016956
168.1,0.03568288,1168.6155194320304
168.2,0.043653037,1104.6938286461027
168.3,0.052386787,1296.558534643531
168.4,0.0079383785,879.327417814318
168.5,0.036730662,1910.7788958597707
168.6,0.04694437,1948.2066507285165
168.7,0.06938524,1754.9615727239743
168.8,0.026028449,1388.3154441365598
168.9,0.009212481,9519.999781745897
169.0,0.027505916,2120.636552763758
169.1,0.031502184,2401.2308511065226
169.2,0.029458003,1835.1395112192545
169.3,0.0262911,1524.4044594179911
169.4,0.004676511,5985.040646619851
169.5,0.033446975,1294.473373691335
169.6,0.018407201,1091.4198966731412
169.7,0.018190654,1101.0472644171225
169.8,0.023956815,926.8383450775107
169.9,0.013609215,1451.8548055889407
170.0,0.010997711,1399.1538965146249
170.1,0.0045891088,974.2887128441638
170.2,0.00023544372,2864.5391900181894
170.3,0.022941578,1094.7335268523314
170.4,0.037862755,2074.530711725435
170.5,0.011360889,7652.7627621905995
170.6,0.0073648547,8920.185640717335
170.7,0.053886753,1317.6673669462423
170.8,0.030121408,2293.44060457226
170.9,0.002696079,6519.258982427925
171.0,0.013586894,2441.499098746782
171.1,0.010382181,6763.344214826302
171.2,0.0049965573,5821.23421920315
171.3,0.0023340683,4057.276579214624
171.4,0.00020354195,4241.2089740596475
171.5,0.00023370876,3418.979893704352
171.6,0.00017197405,3377.737517384423
171.7,0.00012294878,3812.1666697752617
171.8,0.00012166502,3394.27855037313
171.9,0.00011389317,3133.206611017968
172.0,8.0451224e-05,2917.380332922752
172.1,0.000107937376,2627.7628525725836
172.2,0.0001129321,2026.0866985914863
172.3,9.0825386e-05,2214.2692045420044
172.4,0.00011962922,2025.7719482690652
172.5,0.00013852325,1587.6132158464598
172.6,0.0001136125,2146.923092876058
172.7,0.00011410848,2085.6882305145573
172.8,0.007855494,8574.327564658812
172.9,0.0062245694,7816.557498388876
173.0,0.046287153,3208.1065369270427
173.1,0.004226694,3651.051502981113
173.2,0.021510335,1293.3925285839653
173.3,0.034262054,2178.508634261232
173.4,0.029589321,2020.7903294939451
173.5,0.044572424,1949.4899085109962
173.6,0.049750403,3036.121043844413
173.7,0.010148976,8210.573196875723
173.8,0.04067467,2119.1034938832663
173.9,0.026584,1619.9511353383878
174.0,0.014870766,1133.5105536618387
174.1,0.004105872,3743.8389306918216
174.2,0.02053871,2395.7287272316053
174.3,0.0069622453,3776.523150453123
174.4,0.0018692167,2937.237212674666
174.5,0.0014670473,2769.2663013338442
174.6,0.0007522966,2553.802463213617
174.7,0.00048277466,1890.0709955331401
174.8,0.009368519,8952.484945575303
174.9,0.08267168,2684.2824770278216
175.0,0.115782544,2151.9539333144485
175.1,0.11266624,2620.0304059905393
175.2,0.10231613,1735.1254760780976
175.3,0.07710546,2334.814228635797
175.4,0.022531139,9666.494430557144
175.5,0.036467183,6200.357804553045
175.6,0.03398521,1540.0106279521904
175.7,0.059321783,1281.6803996558792
175.8,0.026470346,1692.854697309001
175.9,0.01597131,1903.4115658900796
176.0,0.021558221,2366.9575185248073
176.1,0.0044232886,5705.557413986613
176.2,0.025423687,2787.454861688802
176.3,0.0050047436,2894.742487122191
176.4,0.0005421707,2205.4087583365667
176.5,0.0002864754,2874.244949035594
176.6,0.00023815718,2766.405542304673
176.7,0.0002460213,2578.9307854531644
176.8,0.022203036,2895.8772796095427
176.9,0.04398333,1691.2003651061218
177.0,0.041549243,2162.2051671060585
177.1,0.07714221,2001.2361911074574
177.2,0.093452156,1825.5982225080365
177.3,0.07949298,1203.8710380525656
177.4,0.006001728,6052.82705258267
177.5,0.016317893,1362.6655014456335
177.6,0.012117085,2997.6036048376845
177.7,0.00035516426,3830.87247000298
177.8,0.016882196,2356.7541193321586
177.9,0.0023789096,3321.0031063963897
178.0,0.0002570461,2923.6035351748787
178.1,0.00015500048,3496.308339766523
178.2,0.00014780175,3352.5703522644135
178.3,0.00013287069,2829.036211569351
178.4,0.000102279264,2661.9147068751313
178.5,7.880073e-05,2687.6398231780504
178.6,5.0326005e-05,2549.817380694357
178.7,1.9134818e-07,9879.09180578504
178.8,1.9422065e-07,9822.678117628928
178.9,1.8891312e-07,9969.897547011966
179.0,1.941202e-07,10009.559190450187
179.1,1.9663528e-07,9957.380499728548
179.2,1.9822141e-07,10092.491800617652
179.3,1.9825198e-07,10140.358317221599
179.4,1.9508693e-07,9860.256664857929
179.5,1.961596e-07,9633.698917278434
179.6,2.0233293e-07,10070.977717576767
179.7,1.9549307e-07,9861.740984854225
179.8,1.9396597e-07,9982.364134193569
179.9,1.9524782e-07,9825.989921476325
180.0,1.04053715e-05,10194.693946415977
180.1,1.4286196e-05,10687.569570790592
180.2,2.0132962e-05,9490.944689109476
180.3,1.9187126e-05,9497.936801049906
180.4,2.3775969e-05,8826.635803998917
180.5,2.1915233e-05,9174.598737002652
180.6,2.1974882e-05,9427.945475233077
180.7,2.5956897e-05,9200.506218630588
180.8,3.0170126e-05,8085.363533492696
180.9,2.1671676e-05,9904.427960161107
181.0,2.2318105e-05,9370.007756180703
181.1,1.8209355e-05,9623.337040643182
181.2,0.0010462867,2842.713047156579
181.3,0.0068967915,2995.6112722933253
181.4,0.013319637,6687.835289823266
181.5,0.021476025,7273.4489452255475
181.6,0.0050832573,2281.831231942271
181.7,0.025128337,2284.146514269796
181.8,0.012533715,7477.325422933287
181.9,0.010052482,6897.636265625044
182.0,0.0049529276,3837.049712498676
182.1,0.008142515,2402.1742848322065
182.2,0.0103129,3192.3622755323063
182.3,0.0077014356,3727.869129650292
182.4,0.0036500287,2908.0224797605642
182.5,0.00010150616,6823.993023937179
182.6,0.0015761984,10613.291240010756
182.7,0.0059050745,10512.333942748532
182.8,0.011324412,3923.5250710888877
182.9,0.010471335,2881.7020969660575
183.0,0.0016217391,3550.0285094507058
183.1,0.00017249469,9522.904502755759
183.2,6.906062e-05,7865.0902897201995
183.3,5.245028e-05,7477.471849461734
183.4,4.2894513e-05,8239.697871604712
183.5,3.9371298e-05,8517.508933523877
183.6,2.7153596e-05,8838.26254789121
183.7,2.4434108e-05,9724.41927023807
183.8,2.0183732e-05,9927.552672973578
183.9,1.6845437e-05,10230.855718849692
184.0,1.7872864e-05,10317.400445984316
184.1,1.5200609e-05,10785.128972417899
184.2,1.5647252e-05,10314.617063512143
184.3,1.4881667e-05,10423.55035920579
184.4,1.6355663e-05,9792.820485178956
184.5,1.5666603e-05,10646.411007301953
184.6,1.5759404e-05,10244.741270348497
184.7,1.4701742e-05,10840.87017059794
184.8,1.5442556e-05,10748.93449288267
184.9,1.6292213e-05,10771.675445675108
185.0,1.4450188e-05,10900.980052998746
185.1,1.5713345e-05,10346.5290729203
185.2,1.612912e-05,10703.888890751614
185.3,1.6878439e-05,9984.973689168533
185.4,1.6931792e-05,10643.277981858919
185.5,2.4615236e-05,9878.704459949931
185.6,2.2023449e-05,10078.48723457201
185.7,1.6155069e-05,10599.325383169851
185.8,0.005288045,2205.3588191240733
185.9,0.007287265,1554.046653406203
186.0,0.009958988,1757.0364016338392
186.1,0.0106449835,1713.0747074198757
186.2,0.008551368,1493.5394147484453
186.3,0.0054244106,1449.7941995928688
186.4,0.0013199983,1884.3965195956116
186.5,7.516314e-05,5096.661856172441
186.6,6.299816e-05,5472.501873422163
186.7,5.5939698e-05,5545.384979363032
186.8,5.170638e-05,5774.079079573135
186.9,0.0056966357,3307.33973933439
187.0,0.003965876,2746.605806567978
187.1,0.00010575383,6399.141571849847
187.2,0.023737105,2147.7445246445845
187.3,0.01644855,1852.1489674460947
187.4,0.008933452,2248.1785905082465
187.5,0.00014712643,5830.1763144922525
187.6,0.0007433588,3525.7527191054023
187.7,7.0570895e-05,5846.851500264144
187.8,5.5152996e-05,6465.241508948848
187.9,6.0076818e-05,6393.118089786585
188.0,0.011071803,9647.486283756942
188.1,0.0070718806,7877.594678645617
188.2,0.04601873,858.2539427027166
188.3,0.016731456,2455.8816808287047
188.4,0.0065533486,2378.241011066238
188.5,0.0073445174,2207.8438689867703
188.6,0.00024080704,5009.8145333614875
188.7,7.389962e-05,6564.4502980071975
188.8,8.31811e-05,6025.534795830676
188.9,6.490612e-05,6370.359381763365
189.0,0.00011922591,4416.029261771272
189.1,0.0004777614,2439.295896667762
189.2,0.00064726267,2825.298068891428
189.3,0.00070327014,2712.566283710425
189.4,0.0003526387,2413.5509284051063
189.5,0.000108931185,3894.383440425358
189.6,5.6453162e-05,5332.695311424861
189.7,0.0041321483,4126.999655486336
189.8,0.036090765,3553.8190262514227
189.9,0.035344597,4437.068232640357
190.0,0.031572647,5496.853138137601
190.1,0.02663658,7350.181565945872
190.2,0.012097893,6549.263233909515
190.3,0.048210867,1766.3694506121765
190.4,0.077889055,1975.8982017489361
190.5,0.07142035,2572.046293290375
190.6,0.013287711,8768.59036905218
190.7,0.05988051,1870.7501248412502
190.8,0.063227065,1361.7973539463492
190.9,0.06438091,1313.5393524750475
191.0,0.006584667,1756.8096162823972
191.1,0.00025278004,6270.723218021433
191.2,8.527126e-05,7119.551595462435
191.3,0.039246436,2171.6194509281477
191.4,0.014417359,2881.171603990825
191.5,0.0014477299,2515.266347682881
191.6,0.00015272167,5873.45715499943
191.7,8.661071e-05,6618.468516062266
191.8,0.00018460548,5036.933685354791
191.9,0.0054114405,4517.633400359229
192.0,0.06161164,1795.934221682544
192.1,0.03824171,950.6657493391258
192.2,0.03712802,2183.814778825717
192.3,0.0008342926,3288.646535483801
192.4,0.00013520534,6109.646749212101
192.5,0.0495096,2177.093039715924
192.6,0.025281494,2113.725012812921
192.7,0.022400942,1275.5706638893091
192.8,0.00061567785,3751.962037823504
192.9,0.03400971,1764.4648607259305
193.0,0.05183982,1210.9702797440186
193.1,0.045152538,2244.368192276642
193.2,0.03154342,1219.239971127227
193.3,0.022791246,2040.6097303764855
193.4,0.00038657838,4458.929711583116
193.5,0.009393704,3122.942320288352
193.6,0.0059625115,2733.144148097845
193.7,0.0028438985,2361.298062394212
193.8,0.000118834534,5813.0281920845555
193.9,8.852884e-05,5690.840118527866
194.0,0.0002721318,5253.465714559071
194.1,5.934867e-05,5865.312415455375
194.2,0.0034055032,3130.27166417782
194.3,0.0070346436,8890.088203598243
194.4,0.0035421334,10855.670341897396
194.5,0.00012660277,9026.234345145613
194.6,0.0023917777,3910.9664418974035
194.7,0.0020773627,2581.5387989346254
194.8,0.00049963925,3848.14838322104
194.9,8.816648e-05,7395.438134360813
195.0,6.097381e-05,7223.26955144582
195.1,4.8464488e-05,7532.512655117409
195.2,4.868437e-05,7007.225824692634
195.3,3.479219e-05,7509.447219353551
195.4,2.9526977e-05,8297.921730471453
195.5,2.3719636e-05,8913.01991754285
195.6,1.9061394e-05,9686.204148279408
195.7,1.6530304e-05,10535.182447689478
195.8,1.388646e-05,10652.689952251647
195.9,1.983702e-07,10114.972431631097
196.0,1.9062993e-07,10059.527954767877
196.1,1.9766414e-07,9994.047021478174
196.2,2.4787005e-07,9904.345826187735
196.3,1.4369604e-05,10431.81483393597
196.4,1.8864745e-05,9888.95512766503
196.5,1.5203271e-05,10017.079375729305
196.6,1.6418448e-05,10942.253910642472
196.7,1.9913236e-05,10254.702070102698
196.8,2.7279948e-05,9575.775241893562
196.9,1.6980348e-05,10303.423445773842
197.0,1.792055e-05,9775.252665232249
197.1,1.6252328e-05,10332.762665814991
197.2,1.9595122e-05,9077.228124099618
197.3,2.447267e-05,9856.521691138318
197.4,0.012790799,3114.0660302563438
197.5,0.003358031,2989.724246892413
197.6,0.0008078909,2462.9859307306933
197.7,0.00079335575,2598.5487029682463
197.8,6.841257e-05,5985.398951501312
197.9,5.785623e-05,5812.809154380977
198.0,5.0793184e-05,5846.357876966387
198.1,3.5433604e-05,7249.336764855188
198.2,2.5792371e-05,8143.01402013807
198.3,0.00079252355,3633.0902864532227
198.4,0.0031912636,5057.94506325205
198.5,0.001243109,5188.426610961407
198.6,0.00089458824,5335.952830009981
198.7,0.032337435,2020.541704918509
198.8,0.0003644705,4294.2803938071365
198.9,0.007040146,1564.3137749547514
199.0,0.00028543445,5774.694035701042
199.1,0.00016433858,4523.888789184326
199.2,5.798744e-05,5928.960797570995
199.3,4.7275338e-05,6133.4107337816795
199.4,4.508547e-05,6216.340718385352
199.5,3.6110872e-05,7407.478667531177
199.6,4.381554e-05,6552.574736784029
199.7,2.7891552e-05,8894.75610582122
199.8,2.0234847e-05,10265.04935807626
199.9,9.3813585e-05,6479.4685700597265
200.0,0.009779163,5288.603777247308
200.1,0.008171074,4622.9975842518925
200.2,0.0051593077,4857.259928402391
200.3,0.0031073017,4369.366731987051
200.4,0.0010706909,4828.652019455552
200.5,0.00056973536,3822.1365417585007
200.6,0.00026452763,3699.9652571076995
200.7,9.852918e-05,5869.209496281028
200.8,5.2228435e-05,6558.312388686971
200.9,4.1066243e-05,7159.106665277246
201.0,2.8207609e-05,8201.403486877909
201.1,2.0768502e-07,9679.612606490318
201.2,1.9254962e-07,10103.332729176196
201.3,1.93205e-07,9723.27557131818
201.4,1.9345588e-07,10180.536637369856
201.5,1.9736355e-07,10145.566376428204
201.6,1.3812542e-05,10707.17990127744
201.7,1.840507e-05,10030.563572215064
201.8,1.4656339e-05,10606.098231374202
201.9,1.3950953e-05,11371.505288428561
202.0,2.3990286e-05,10880.707472735297
202.1,9.151961e-05,6249.451676922643
202.2,0.0140329,4948.435822105546
202.3,0.042252712,3568.2997860267533
202.4,0.028922208,2323.0260453423107
202.5,0.0018189029,4799.347010217029
202.6,0.021974571,3068.497190139692
202.7,0.011053601,10717.694458579082
202.8,0.017785434,2233.9557746865003
202.9,0.013082868,1625.0803895200013
203.0,0.011371342,1946.0097326606547
203.1,0.00036146367,4821.423140722447
203.2,7.667879e-05,7999.312658745823
203.3,6.688455e-05,7472.414783710958
203.4,5.979713e-05,7311.9930090090475
203.5,5.099542e-05,7151.206044006579
203.6,4.1747397e-05,7743.785126077283
203.7,3.1774543e-05,8109.450480968
203.8,2.7626631e-05,8787.978061699512
203.9,2.0080422e-05,8888.267101978268
204.0,1.671172e-05,10192.067415765541
204.1,1.5821663e-05,10967.929413475329
204.2,2.3466991e-05,9659.589698295596
204.3,0.021412134,2691.7629054413683
204.4,0.018366031,1062.3044416181715
204.5,0.00957272,1239.009145913913
204.6,0.0035518764,1611.389639198556
204.7,0.00029406635,3562.4370438973697
204.8,9.7416094e-05,5312.242975333132
204.9,7.453846e-05,5503.601106508249
205.0,5.8799455e-05,6536.63795604283
205.1,4.6623787e-05,6647.940695403902
205.2,3.6931782e-05,7065.042810789242
205.3,2.5948058e-05,9105.505717553628
205.4,1.9046387e-05,9960.455549819888
205.5,1.8782346e-05,10319.758832850013
205.6,1.692224e-05,10685.6099922007
205.7,1.7236829e-05,11478.707645654844
205.8,1.5693557e-05,11476.066588144486
205.9,0.0003336677,4280.457508676964
206.0,0.017269976,765.9994849444529
206.1,0.011108164,636.5816263334534
206.2,0.008751753,631.0671385852359
206.3,0.008858771,542.0015429437905
206.4,0.009319149,527.4236545029203
206.5,0.003058521,931.2919805080026
206.6,0.0014769507,1514.1928705229639
206.7,0.00012210103,4143.924090432223
206.8,8.600344e-05,5528.79009138806
206.9,5.2395135e-05,7177.052676400997
207.0,5.915163e-05,6356.944381674711
207.1,2.7275477e-05,8957.97329656227
207.2,2.569277e-05,8955.437238488086
207.3,1.943605e-05,9221.83646664449
207.4,2.0431406e-05,9579.963682115607
207.5,1.9745401e-05,9193.8576480056
207.6,3.6120124e-05,6894.450958852579
207.7,4.047482e-05,6424.135799208861
207.8,2.3192282e-05,9449.44246052403
207.9,0.0013247499,6786.023160947909
208.0,0.007548011,10324.537343184355
208.1,0.003526988,3758.3890425923064
208.2,0.000105755,8632.371065170937
208.3,7.537915e-05,8526.61644894031
208.4,0.0040120548,5090.016955600093
208.5,0.0064276936,3161.851016616183
208.6,0.002902393,2986.7045848818516
208.7,0.0014200875,2319.2570769481795
208.8,0.00055328285,2561.040395586244
208.9,5.8376827e-05,6464.0118528768335
209.0,5.961653e-05,5917.6333379887
209.1,4.0401843e-05,6155.579089074035
209.2,3.7374422e-05,7010.087025409577
209.3,2.5005771e-05,8153.098681208709
209.4,2.3620849e-05,9041.605608849524
209.5,1.879226e-05,9804.935967304677
209.6,1.7769535e-05,10611.928571324645
209.7,0.00028488575,4224.86230265184
209.8,0.016422484,2873.683875650602
209.9,0.028940778,1885.573837506205
210.0,0.0051700026,4564.546877967635
210.1,0.03217046,1804.0729094627973
210.2,0.034041304,1858.1777974462736
210.3,0.033440616,1455.0660953991692
210.4,0.016305426,1412.3080068257248
210.5,0.007193907,1570.9588520317438
210.6,0.0048374664,1302.466943815004
210.7,0.003678533,1082.1163898756445
210.8,9.6127245e-05,6418.018282533179
210.9,5.6652378e-05,6255.573218025266
211.0,6.965537e-05,5598.668363421496
211.1,4.8901176e-05,5655.03841614368
211.2,3.7796613e-05,6948.505799595418
211.3,2.4238616e-05,9122.664513990227
211.4,0.000104642626,3482.1632864923868
211.5,0.00013355578,5117.663312640163
211.6,0.0112858685,4142.459260225269
211.7,0.022803038,3123.9508109841117
211.8,0.015955938,2472.9884715790968
211.9,0.011931629,2125.788600814356
212.0,0.011380561,1891.5815147841317
212.1,0.010300883,1766.7496835702036
212.2,0.008757025,1519.2058994706
212.3,0.0067988564,1108.8635979594394
212.4,0.009385195,730.8793770598795
212.5,0.0006495785,2849.9418311338395
212.6,8.855373e-05,4907.967322627068
212.7,5.0486608e-05,6617.945965880125
212.8,4.9400525e-05,6355.068782947261
212.9,4.5771205e-05,7617.244728096661
213.0,5.0611663e-05,7212.507995932561
213.1,6.201836e-05,6293.745598879023
213.2,2.82434e-05,8987.526541006286
213.3,1.8461456e-05,10607.417289637991
213.4,1.4194964e-05,10936.85269447355
213.5,1.5508866e-05,10760.665048044382
213.6,2.8891911e-05,8330.846559902722
213.7,3.0842984e-05,8353.614888144022
213.8,2.7637725e-05,8689.094315410595
213.9,1.8729965e-05,10479.949477062506
214.0,1.535821e-05,11051.361754931022
214.1,3.1196392e-05,9797.925646954547
214.2,0.0028752426,2566.9805969790536
214.3,0.003828995,6540.26193059898
214.4,0.0026064916,6839.086831011425
214.5,0.040444095,1385.9751046421666
214.6,0.0006615417,4062.5199115548558
214.7,0.00437021,1233.1506096253484
214.8,0.000110529094,5763.661335028617
214.9,7.128479e-05,6163.6083384104
215.0,6.5607885e-05,6078.230844838177
215.1,0.012810847,3023.162126804798
215.2,0.011780871,5153.56468077817
215.3,0.00838946,4852.963155911362
215.4,0.0055994787,4901.117095901949
215.5,0.005257763,5039.995672014288
215.6,0.0005446718,4434.65875005055
215.7,0.058831178,1912.7454987705185
215.8,0.047800276,1142.6800304066046
215.9,0.061106555,2138.2762819870204
216.0,0.04903536,1280.725056773531
216.1,0.05605314,1379.1163080272595
216.2,0.05753321,2072.1125945152635
216.3,0.027080076,3179.6820774003418
216.4,0.009108897,10360.231955069292
216.5,0.009069806,9106.588176457926
216.6,0.048688497,1650.5565224015986
216.7,0.05237817,1261.2696508564413
216.8,0.05230237,1244.536023152255
216.9,0.045726545,1353.8144327655837
217.0,0.006920594,3504.556785722152
217.1,0.0011004015,3438.5271185886277
217.2,0.00012014213,6343.768587137587
217.3,6.212693e-05,7111.923219351538
217.4,6.789862e-05,6294.1163933843345
217.5,5.4475222e-05,6139.381835083097
217.6,3.8574424e-05,6534.3742410443065
217.7,1.8433816e-07,10094.285317720638
217.8,1.8981855e-07,9833.791597194335
217.9,1.9633235e-07,10087.008926152917
218.0,1.4073023e-05,10615.189828915465
218.1,1.4499409e-05,10822.514154691775
218.2,1.5848662e-05,10280.011184274765
218.3,1.9424702e-05,9511.270235815404
218.4,2.679868e-05,9440.085544725149
218.5,0.0013273155,6972.328719167928
218.6,0.009614392,9317.236218710155
218.7,0.00056881586,3954.957511540665
218.8,0.000107751,7449.165255668712
218.9,0.00017487668,5673.284131067931
219.0,0.00061702606,3300.545234681719
219.1,0.00066589756,3450.2487728486567
219.2,0.0004905377,3404.673114304807
219.3,0.0002594679,3344.552708308163
219.4,0.00038548943,4177.507037798794
219.5,0.081340574,2149.737318466034
219.6,0.06741188,2268.540933932556
219.7,0.042116605,1778.2043605947285
219.8,0.027553288,2553.929403479835
219.9,0.018287674,9677.956517038792
220.0,0.052859202,2335.7277381650147
220.1,0.030689513,3140.27340563504
220.2,0.008502069,8940.135589875023
220.3,0.02065627,2725.0349279800253
220.4,0.011284441,3817.4927055256658
220.5,0.0054360568,4000.58312430998
220.6,0.00028529073,5897.088370272733
220.7,9.097637e-05,7713.058505815714
220.8,7.2514486e-05,7539.867310598827
220.9,6.608694e-05,7041.418351406153
221.0,5.9641097e-05,7178.752361332655
221.1,0.00021490509,4379.265329334818
221.2,0.026648799,1784.8635894651
221.3,0.025451148,2886.187042142395
221.4,0.02853941,2274.359959939203
221.5,0.011300362,7847.132231560265
221.6,0.026259232,846.5709287732927
221.7,0.023444599,914.7143299030674
221.8,0.011346686,5232.028061632431
221.9,0.01666348,3133.974885706367
222.0,0.0014586995,2674.790780820155
222.1,0.00012484321,8224.882383898235
222.2,8.257294e-05,7561.58871238195
222.3,7.750257e-05,7252.653796823223
222.4,6.489233e-05,6985.576026290817
222.5,5.7290075e-05,7051.336207085205
222.6,5.23253e-05,6567.386239458171
222.7,0.00031566838,3285.4092122181514
222.8,0.024720885,586.5372416590608
222.9,0.0014940196,3161.0120903348443
223.0,0.00010826177,5647.434085181945
223.1,5.402981e-05,6573.113909989068
223.2,4.9909686e-05,6447.735102523161
223.3,4.471647e-05,6324.713072282453
223.4,3.789419e-05,7049.082954150529
223.5,4.1537765e-05,7470.761723935932
223.6,3.0363159e-05,8381.250504797199
223.7,1.8639337e-05,9705.699140047918
223.8,1.7223774e-05,10423.718080709687
223.9,1.5123495e-05,11484.20676461096
224.0,1.4238973e-05,10945.976980400652
224.1,1.6195781e-05,10508.225892500932
224.2,1.54542e-05,10099.660164490004
224.3,1.9983188e-05,10395.847407498646
224.4,1.6587534e-05,11067.925951066676
224.5,1.7652965e-05,10822.131566300133
224.6,1.4574354e-05,11182.464111024541
224.7,1.8900915e-05,10727.068007018994
224.8,1.7219438e-05,10064.7611770834
224.9,8.227249e-05,2631.2883707181104
225.0,7.055472e-05,2348.1450729888666
225.1,6.918588e-05,2627.246476268747
225.2,7.482618e-05,2813.7494108500114
225.3,5.2551604e-05,3556.6478366086017
225.4,6.4994485e-05,3074.778524782443
225.5,0.00065004616,1564.2247597365972
225.6,0.04336998,2070.68538439953
225.7,0.023764618,4030.242592025922
225.8,0.010894363,3700.493145938158
225.9,0.003162115,3074.933168023709
226.0,0.0013831505,1884.6518775039085
226.1,0.00067516806,1915.8965105320763
226.2,0.00039184326,2845.968415455907
226.3,0.00015868651,3873.2273580254
226.4,0.00012823993,3445.895170085624
226.5,0.00039460944,1474.0307778567987
226.6,0.0461121,1941.4200285230186
226.7,0.018873515,7439.572199557011
226.8,0.02974406,4360.887258806081
226.9,0.04740168,1964.9886272711915
227.0,0.0154312635,6406.088722483977
227.1,0.019761888,2317.8926836800665
227.2,0.04962855,953.6376453055567
227.3,0.01832589,3007.956880249982
227.4,0.0011755553,1636.1026586858957
227.5,0.00017950806,4372.716026329252
227.6,0.0001182503,4520.953720286643
227.7,0.00012684791,4194.649625560238
227.8,0.000102510836,3912.116485232394
227.9,0.00010080886,3199.140160875265
228.0,8.867115e-05,2946.0593539997117
228.1,0.0001688033,2210.2679342052643
228.2,0.028317176,1419.383855933368
228.3,0.020702321,2820.177887218598
228.4,0.033166457,2190.2077140749975
228.5,0.034046996,2283.487830367754
228.6,0.031458892,2360.2075477446288
228.7,0.026556708,2725.6636119329105
228.8,0.012725359,2622.0501695714074
228.9,0.035338476,1725.2542015475665
229.0,0.028891273,1527.8813103095245
229.1,0.02360074,1360.6442150471137
229.2,0.015220057,1397.7295791982115
229.3,0.0023783932,8872.614826175293
229.4,0.016052717,1596.2261023944545
229.5,0.00031099346,3211.350971040956
229.6,0.00013807845,4489.013426565252
229.7,0.0001106108,4848.789381745046
229.8,9.9630684e-05,4738.900301873835
229.9,9.5276475e-05,4367.5422684352325
230.0,8.3919134e-05,4219.844360726929
230.1,5.827596e-05,4259.902619875191
230.2,3.500372e-07,9509.734931123374
230.3,2.0127342e-07,10123.457894356978
230.4,1.9485252e-07,9919.28450902414
230.5,1.9375113e-07,9953.98948524431
230.6,1.9404723e-07,10011.93598421913
230.7,1.9747928e-07,10013.544522977638
230.8,2.0081605e-07,10089.193252644167
230.9,1.983644e-07,10048.747314308206
231.0,0.0040945765,251.2511878361145
231.1,0.103250444,451.3574167974727
231.2,0.04424477,373.0732498962615
231.3,0.005820934,1347.0697395655486
231.4,0.0014177719,2074.4219105002867
231.5,0.00021229494,1922.6381568145598
231.6,1.7628378e-06,5080.882664604907
231.7,1.9535744e-07,10018.112128559947
231.8,0.013680711,689.8340178950951
231.9,0.031861812,1824.2763211160468
232.0,0.101823755,943.5055067590605
232.1,0.11281703,1251.107049283622
232.2,0.037342355,1691.8592872499944
232.3,0.016083831,877.6841340771277
232.4,0.004160107,1819.935534350403
232.5,0.0008385756,2188.4467497681144
232.6,9.8405486e-05,3806.7492716882944
232.7,9.902438e-05,3310.774355298283
232.8,9.7847595e-05,2634.3092721351713
232.9,0.00042816627,1280.943856048155
233.0,0.0003170355,1682.6980487308902
233.1,0.00013083158,2886.64917084019
233.2,0.070720226,1493.9382027532324
233.3,0.046073608,1348.528956371099
233.4,0.025050927,1433.0275070703844
233.5,0.0112577705,1413.2477461978513
233.6,0.007926723,1197.6468759670452
233.7,0.0060776705,2769.3316696805764
233.8,0.089384295,1563.7223090151037
233.9,0.08709039,1946.5043972802239
234.0,0.05627643,2187.3051699107305
234.1,0.061644427,1948.5901302945335
234.2,0.073576815,2095.212496994158
234.3,0.012138923,3341.344135506749
234.4,0.030348945,11272.884503096173
234.5,0.05531044,4556.091216158387
234.6,0.1247806,1345.0307913381744
234.7,0.087730855,1935.4136574781849
234.8,0.04539765,2012.8590025877593
234.9,0.00028936865,3713.4208198046317
235.0,0.052274622,2267.3566806707713
235.1,0.036139995,2266.0884060862563
235.2,0.022227526,1810.163403306988
235.3,0.012843251,1578.0703856944215
235.4,0.010347298,1668.4328836353732
235.5,0.0009476544,1732.0822101183778
235.6,0.00012564866,4252.148435543419
235.7,9.2775e-05,3471.79134760093
235.8,0.00013888394,2487.2183938581743
235.9,0.00013218507,1907.2866250667576
236.0,1.8740772e-07,10302.837286717388
236.1,1.9228331e-07,9809.033166849917
236.2,1.9854326e-07,10200.62572351288
236.3,1.4382294e-06,5147.198867048004
236.4,0.0001044119,2146.8175482230054
236.5,0.00012996959,1826.560627548641
236.6,0.0001058807,2182.626350028452
236.7,7.6261385e-05,2599.7210921545375
236.8,7.849624e-05,2592.9825277165955
236.9,0.00029774584,1390.6295910816948
237.0,0.030290011,657.9980388982128
237.1,0.03789706,1081.3381006705076
237.2,0.035211746,959.6158529102612
237.3,0.025861401,976.0052866774089
237.4,0.013433805,957.1245357573845
237.5,0.008438946,808.3049464214365
237.6,0.005734978,1095.2236942364204
237.7,0.00027462636,1976.2943834491139
237.8,0.00011998791,2592.0404496371148
237.9,0.00062964956,1784.2826595065246
238.0,0.0011612717,2536.1421001709723
238.1,0.0010881177,2516.7257568820733
238.2,0.0007795023,2334.9837108821525
238.3,0.00033910782,1962.4273699213431
238.4,0.002245409,1205.7541814411536
238.5,0.08898164,2114.847266802708
238.6,0.10552721,2358.1936580404913
238.7,0.08370349,693.7327519227606
238.8,0.06557324,2898.4062564889805
238.9,0.020032639,9711.435456496847
239.0,0.06654922,1574.9778908569538
239.1,0.062343743,842.5770647975498
239.2,0.055845592,2460.5529853715866
239.3,0.05710657,2215.569372873079
239.4,0.012746963,10357.473649673637
239.5,0.074241035,1553.1856255885964
239.6,0.062799096,2040.802895478288
239.7,0.05283009,1905.0608967524317
239.8,0.038693972,2588.103854806145
239.9,0.030999132,993.0378696052151
240.0,0.021855192,3309.7645851003417
240.1,0.009709231,9892.8767355651
240.2,0.0038262922,4710.717873206757
240.3,0.029614355,2252.628921332691
240.4,0.014490125,3561.3121444325407
240.5,0.0018499026,2558.348851795713
240.6,0.00059830863,2653.2581812413055
240.7,0.0002112588,3378.899425656976
240.8,0.0002091472,3271.200468107815
240.9,1.9745707e-07,9748.205850691635
241.0,1.8762586e-07,9954.209975288628
241.1,1.9674988e-07,9790.078265915316
241.2,4.819557e-07,8191.487257378671
241.3,0.000106925574,2198.535501907764
241.4,0.00012504958,2126.847370403408
241.5,0.00012847804,2200.676957651155
241.6,0.0023021933,5579.104442386478
241.7,0.006356318,9704.428994386366
241.8,0.012130314,1769.5576815959123
241.9,0.022238085,684.819543262017
242.0,0.0334824,734.3574107534162
242.1,0.010211495,3269.2964107846983
242.2,0.010053931,2668.4260302844373
242.3,0.01402774,2414.1656972355922
242.4,0.009241538,1843.1476200606285
242.5,0.0016535884,2077.7807866693597
242.6,0.00095242774,2551.6431779734176
242.7,0.0012638399,2765.6805095971686
242.8,0.0011342394,2597.7483346698154
242.9,0.00072981865,1976.158772423498
243.0,0.008284488,2420.6766097542095
243.1,0.08281665,1129.2995203406974
243.2,0.056598883,2066.8722457234744
243.3,0.005417049,8121.4689238273795
243.4,0.07237647,2031.7567477204818
243.5,0.0693737,1905.2571905405475
243.6,0.057491504,1661.647115590312
243.7,0.074225664,2082.5144880742455
243.8,0.05613501,1452.9843572524073
243.9,0.06048204,781.9185531746277
244.0,0.05604258,2022.9922060360286
244.1,0.045899652,2025.1996095843633
244.2,0.001743211,6112.749165515304
244.3,0.013473144,4883.9907941818665
244.4,0.06207525,859.6585464525002
244.5,0.055189595,1904.1458376229457
244.6,0.004150361,6244.420821737169
244.7,0.047579102,1995.2653033000508
244.8,0.059484474,1110.8633808952125
244.9,0.03566821,1001.8895543718622
245.0,0.0073256646,7806.694243427073
245.1,0.007795559,6572.893990514811
245.2,0.008592467,1193.7108667893654
245.3,0.004068471,741.7417223128438
245.4,0.00014755287,3889.986761671039
245.5,0.00013631939,4342.11505378629
245.6,0.00011511867,3972.5267766000793
245.7,0.00011121738,3486.404486880012
245.8,9.080102e-05,3381.8359465347876
245.9,7.5522665e-05,3325.1524680797356
246.0,7.729061e-05,2807.6485617881654
246.1,3.0991057e-05,7759.932990025765
246.2,2.012826e-05,9688.156588486534
246.3,1.7007602e-05,10292.527244540817
246.4,1.4443098e-05,10648.365880881644
246.5,1.6455395e-05,10153.415441966175
246.6,1.4228478e-05,10697.06539595054
246.7,1.4349136e-05,10743.661148893989
246.8,1.4827707e-05,10602.105164971697
246.9,1.4530201e-05,10670.40978439367
247.0,1.5305935e-05,10575.319230996996
247.1,1.57169e-05,11193.7307103963
247.2,2.3239096e-05,9454.394611137684
247.3,1.4213541e-05,10718.40097776287
247.4,1.5152366e-05,10702.654152538866
247.5,1.5439238e-05,10693.741677432223
247.6,1.7394299e-05,10403.58251604157
247.7,1.4821105e-05,10678.377407156857
247.8,1.7192317e-05,10549.266560071002
247.9,1.5068165e-05,11028.367653164456
248.0,1.5496824e-05,11349.249267106123
248.1,1.5889156e-05,10635.341645071074
248.2,0.0033879702,3667.6313062581094
248.3,0.0028796555,3094.801496904214
248.4,0.01633398,1141.6636761048283
248.5,0.0002529628,3374.4720334496483
248.6,9.006544e-05,5518.2685385886725
248.7,6.22107e-05,5387.144827679127
248.8,5.7042296e-05,5354.718272420826
248.9,4.1030842e-05,6144.3498980692375
249.0,3.445657e-05,6674.026621353458
249.1,5.6924255e-05,5860.1071446118185
249.2,6.729708e-05,5162.959688037292
249.3,4.164865e-05,6713.4524597785385
249.4,4.0058687e-05,7436.935739345904
249.5,2.583065e-05,7925.624013769337
249.6,2.0199068e-05,9100.682232552761
249.7,2.1142527e-05,9235.967303023817
249.8,1.7045966e-05,10212.898817128882
249.9,1.7612561e-05,10200.00722824426
250.0,1.611171e-05,11306.050255172398
250.1,1.5803042e-05,11218.375834309782
250.2,1.9750683e-05,10972.717014559948
250.3,2.4746721e-05,10557.166442634016
250.4,2.0690393e-05,10572.520569018416
250.5,0.00015514807,5253.826587837571
250.6,0.015120158,3080.358891243298
250.7,0.0136413155,6987.475962706714
250.8,0.022466755,3010.9916423886243
250.9,0.017883485,2605.910392835299
251.0,0.012584524,2868.4001707618863
251.1,0.0053305617,10242.905453593688
251.2,0.009569187,1374.3421403187317
251.3,0.016225338,2368.5420202673204
251.4,0.004007749,3837.4907191642674
251.5,0.00016261089,6290.705820961311
251.6,6.328429e-05,7538.233783429477
251.7,6.236196e-05,6984.325997978018
251.8,4.9775394e-05,7273.672640932213
251.9,4.217182e-05,6942.148824056289
252.0,3.3995377e-05,7450.560520265557
252.1,2.6932972e-05,8040.529783986194
252.2,2.362637e-05,9810.728117348108
252.3,1.449661e-05,10331.43030151734
252.4,1.3666731e-05,11521.085217158648
252.5,1.6444925e-05,10166.352283164955
252.6,1.3898416e-05,10401.562732540191
252.7,1.4879425e-05,11044.6302904293
252.8,1.4578898e-05,11291.679920243594
252.9,1.596103e-05,11259.257712262352
253.0,1.4476157e-05,10925.626804740108
253.1,1.4612887e-05,11306.313714908574
253.2,1.5501997e-05,11006.927963592709
253.3,1.6997408e-05,11321.012797111758
253.4,1.576595e-05,11593.068765465121
253.5,0.00016423268,8201.1696711121
253.6,0.006514688,9320.703055223497
253.7,0.010395976,6064.58890853047
253.8,0.016198628,2329.2839834146243
253.9,0.008197561,4938.84471692269
254.0,0.0042731655,10217.067982981864
254.1,0.011107772,2579.337148338608
254.2,0.0045556426,3236.6027706544455
254.3,0.00017984057,6881.5848277044715
254.4,7.988241e-05,7522.547470078376
254.5,6.8505426e-05,7532.20694601648
254.6,5.4754648e-05,6981.746410234414
254.7,3.8648298e-07,9793.351483153005
254.8,1.9770214e-07,9993.64137010638
254.9,1.9138487e-07,9992.08052158209
255.0,1.9893955e-07,9964.834521597417
255.1,1.9525183e-07,9883.106880919888
255.2,1.9324007e-07,9930.11444974427
255.3,1.943547e-07,10199.112118674577
255.4,1.9821113e-07,9911.408669505276
255.5,1.9315736e-07,9995.68720957195
255.6,1.096089e-05,10894.111724202812
255.7,1.39879e-05,10787.705696705087
255.8,1.3111508e-05,11045.01785355694
255.9,1.5346974e-05,11260.017834436592
256.0,2.595636e-05,9814.746956601273
256.1,4.9024973e-05,6007.2275905104925
256.2,9.974762e-05,4605.843767639042
256.3,7.894328e-05,4823.34113348509
256.4,5.2452782e-05,5502.200986601755
256.5,3.0580686e-05,7237.327589646877
256.6,2.4065203e-05,8930.128563636239
256.7,1.6453223e-05,10196.342749541669
256.8,1.4086824e-05,10722.810834745806
256.9,1.7089194e-05,10457.895222655336
257.0,0.00019501196,5515.137187266342
257.1,2.9513096e-05,9430.163055032586
257.2,0.0030722825,7895.250654581669
257.3,0.005459279,6937.990694801409
257.4,0.005770101,6746.0898415876045
257.5,0.012163433,3328.2574717252646
257.6,0.005953272,3695.2049549958965
257.7,0.008258391,10465.474583451482
257.8,0.0057024164,11290.775807570595
257.9,0.000592277,6699.6538901193
258.0,0.00015491515,7989.24737394321
258.1,6.819899e-05,9267.510710646635
258.2,5.3933694e-05,9350.932008927894
258.3,5.529477e-05,8923.226351672807
258.4,4.256086e-05,9283.761864348638
258.5,0.003912347,7321.921680810907
258.6,0.004689488,3414.369302082878
258.7,0.009059984,6689.343922021126
258.8,0.009347306,3818.6816474652164
258.9,0.0036815011,5863.0221670475885
259.0,0.0066830874,11702.569805770338
259.1,0.0007334689,6892.724569297014
259.2,9.139617e-05,8461.765483929319
259.3,8.1533755e-05,8589.923438812659
259.4,6.253806e-05,8784.392994095608
259.5,5.5701334e-05,9633.170972225023
259.6,3.838654e-05,9582.965686169835
259.7,3.0013647e-05,10326.443698962015
259.8,0.00035086303,5263.025433012307
259.9,0.00011827917,6585.900236516038
260.0,0.009921344,10011.980583863384
260.1,0.002582622,6661.692718263639
260.2,0.011655445,3176.2243412771813
260.3,0.0063493703,2323.0971651363334
260.4,0.0057989634,10404.99146675069
260.5,0.0028393385,10021.453972642852
260.6,0.0001538663,7922.539482721281
260.7,8.56259e-05,8640.860899803942
260.8,0.00014116628,5809.5806887721355
260.9,0.0030136963,6736.440313726453
261.0,0.0034739217,5981.422587966394
261.1,0.009739928,6951.911814770833
261.2,0.005445956,3786.719663476205
261.3,0.01475373,8520.936725510499
261.4,0.007626631,11167.780722990312
261.5,0.0006501194,4478.018068723631
261.6,9.263798e-05,9478.513975952397
261.7,8.15916e-05,9201.749854594374
261.8,6.1742794e-05,9416.552819425227
261.9,5.2907257e-05,9554.507310709621
262.0,3.8956015e-05,9859.225471372321
262.1,2.8781717e-05,10595.338919130412
262.2,2.3422117e-05,10385.99855224034
262.3,2.0075158e-05,10579.764392061625
262.4,2.246423e-05,9110.229719622905
262.5,3.9015362e-05,6469.819188484256
262.6,3.0343985e-05,8194.344385462577
262.7,2.6939844e-05,9188.80025094676
262.8,2.4259758e-05,8307.681528572417
262.9,1.6674898e-05,10875.620558478753
263.0,1.7815977e-05,10833.57986381049
263.1,9.0757974e-05,4304.220477555655
263.2,0.0027180638,5905.913169489437
263.3,0.011263106,4052.644628370391
263.4,0.009535388,3464.5324588714348
263.5,0.0070974063,3306.9975975720095
263.6,0.0072458806,3059.7652187300378
263.7,0.009192543,2548.9027278029325
263.8,0.009343275,2482.826292822965
263.9,0.009482768,2743.80987216328
264.0,0.0049216826,3246.152101845128
264.1,0.0055014705,7816.775462747979
264.2,0.0074310694,9562.144598702189
264.3,0.003099993,7366.8032374123095
264.4,0.0049288445,4931.605458064316
264.5,0.0049116933,6156.380826120874
264.6,0.018555352,11891.909026509176
264.7,0.001786525,6676.0365195454415
264.8,0.000105878564,10128.990100185929
264.9,8.67435e-05,9917.020310970396
265.0,7.209498e-05,9746.454204125508
265.1,6.3457206e-05,9625.179096864973
265.2,4.719362e-05,10348.19366807787
265.3,3.9474875e-05,10261.701383073938
265.4,3.3391876e-05,10706.679491773288
265.5,2.3956072e-05,10675.806815117397
265.6,2.58569e-05,8458.785237633365
265.7,1.9003292e-05,9776.241016669423
265.8,2.7948907e-05,9769.829428104742
265.9,1.9508512e-07,9866.414047855062
266.0,1.9205216e-07,10027.944172852676
266.1,1.9227762e-07,10083.388598679487
266.2,1.8986161e-07,9625.343707198705
266.3,1.9924181e-07,9865.210264240963
266.4,1.9514192e-07,10001.406502256697
266.5,1.8587052e-07,10133.227136196454
266.6,8.704216e-06,5454.046929425764
266.7,8.0977195e-05,2731.6812201683915
266.8,7.4097195e-05,3055.8154724626334
266.9,4.274425e-05,3926.671008371056
267.0,3.815373e-05,3926.5721091145656
267.1,5.5985613e-05,3544.140110150482
267.2,6.815817e-05,3294.203508785198
267.3,8.543981e-05,2802.848805083692
267.4,5.029357e-05,3723.0387072637363
267.5,0.0022439735,1768.1663080536582
267.6,0.0030536244,2653.4657757826585
267.7,0.0062943767,3037.7483711096374
267.8,0.0050150254,2963.7990154820845
267.9,0.00086929835,1903.430231313644
268.0,0.0049528233,2376.081876768889
268.1,0.005739331,2829.0751277004006
268.2,0.0035542478,3046.519718044722
268.3,0.0016731439,2218.2379701004147
268.4,0.00060740724,2158.749978025742
268.5,0.000215568,2331.220731578671
268.6,0.00015922885,2465.60091961892
268.7,8.9277055e-05,2857.198569682161
268.8,5.728136e-05,3068.6250729246913
268.9,6.593383e-05,2974.015852411305
269.0,4.6720485e-05,3430.106983623313
269.1,3.627107e-05,3828.696138705558
269.2,3.553388e-05,4067.936383508044
269.3,6.218747e-05,3075.868581113038
269.4,5.1266383e-05,3417.055219174769
269.5,4.6358688e-05,3411.6288626412634
269.6,6.187226e-05,2661.8059395147684
269.7,0.0012429452,6630.421099665295
269.8,0.005378344,9620.0372571058
269.9,0.005281023,4981.397238326581
270.0,0.0054249456,2859.677456763434
270.1,0.016026774,1091.5572721111923
270.2,0.02394207,873.6184534931277
270.3,0.0072574583,3089.8552066854413
270.4,0.0057646707,2292.4134258488457
270.5,0.00072315754,1853.9075460995957
270.6,0.00015194603,3456.3773828072817
270.7,0.00010971592,3677.766951939054
270.8,0.00012464347,3002.5970878611733
270.9,0.0002886898,1924.205760292543
271.0,0.002420542,2576.381672052794
271.1,0.0030142185,2608.579608314207
271.2,0.0029080615,2746.608101754673
271.3,0.0016520618,2234.0163742145864
271.4,0.0005089843,1712.8020964884972
271.5,0.0002946384,2117.8943323466583
271.6,0.00020358544,1995.9324145340913
271.7,9.555014e-05,2497.104483347898
271.8,6.638905e-05,2469.410167368183
271.9,5.6356574e-05,2932.867546721756
272.0,0.00012979598,6478.528026722867
272.1,0.009715672,9722.020251728169
272.2,0.029074872,2110.01723218565
272.3,0.05175132,1138.1280035520238
272.4,0.046157733,904.4784779701279
272.5,0.036507618,2432.622762609125
272.6,0.034316644,2299.717247801487
272.7,0.022432812,2327.329772589668
272.8,0.022597417,2132.1152697379885
272.9,0.027087627,1907.1365444407138
273.0,0.020416329,1907.0043117532225
273.1,0.010084735,2269.013920042239
273.2,0.01743553,2647.993003417968
273.3,0.006704934,3988.5874279972286
273.4,0.018680004,1772.4967283474068
273.5,0.024432389,2309.617956595976
273.6,0.023031358,3005.252037473274
273.7,0.02074747,3203.942619041621
273.8,0.021320917,2823.9224275519196
273.9,0.01029501,1574.0424561660986
274.0,0.0058600637,3691.278928782095
274.1,0.013702422,2267.713716214824
274.2,0.010398776,1704.041607126387
274.3,0.0077914265,1329.9518396152616
274.4,0.008218653,1358.0111788992288
274.5,0.002204034,2481.4092761493075
274.6,0.0005626269,2012.6777086245968
274.7,0.00015917595,2568.2385912047203
274.8,0.00023999494,2644.6667185209726
274.9,0.0001961413,1967.5397789573312
275.0,0.00029940286,1276.4066396169246
275.1,7.408467e-05,2601.5503881440163
275.2,0.00011157159,1911.0433953573286
275.3,0.022750631,1377.9865522707607
275.4,0.009879453,9169.269904191506
275.5,0.027868979,2062.358267795524
275.6,0.014291156,7398.522895006239
275.7,0.012807227,2771.0973555630667
275.8,0.0060220594,3800.800241559372
275.9,0.0017436908,4163.75988833325
276.0,0.019445779,3056.145815743079
276.1,0.0038484263,7149.668031469052
276.2,0.008705316,2165.8759060691573
276.3,0.014949069,2134.438166465756
276.4,0.009581444,767.1009856951381
276.5,0.005967437,2564.831812076985
276.6,0.0030084983,7758.801046333257
276.7,0.0087765725,1743.7470486249508
276.8,0.00273403,1912.4296293755124
276.9,0.00020525935,3827.681526509114
277.0,0.000115535346,4333.336783870962
277.1,0.00013391692,3618.115638185931
277.2,0.00013797742,3390.8225134838613
277.3,0.00012296936,2851.5357233737905
277.4,8.8882196e-05,2866.2354418872956
277.5,9.781664e-05,7601.280696279011
277.6,9.4734925e-05,2712.072827887331
277.7,0.000117969175,2338.9196126324464
277.8,0.0015414993,1673.609363852265
277.9,0.0022408094,3294.085042706025
278.0,0.0025091013,3674.3822743500486
278.1,0.0025532425,3524.7992227488476
278.2,0.0012028896,3017.648037667373
278.3,0.0005588616,2384.2390478141265
278.4,0.0002415204,2524.3289317214962
278.5,0.00013977126,2713.9653957544706
278.6,0.0002786727,1936.633743401374
278.7,0.021121966,2592.515889557179
278.8,0.023125093,7621.548478502427
278.9,0.016796602,4823.143968517103
279.0,0.013142468,5037.542493484065
279.1,0.013614122,3719.7807353573776
279.2,0.004839594,7525.566259515983
279.3,0.019075342,1124.2707013528575
279.4,0.013814228,2222.3386651826654
279.5,0.009079299,2248.4788863878152
279.6,0.010093444,2368.249005052974
279.7,0.005090266,3825.394292222566
279.8,0.0026026848,2834.8143033137426
279.9,0.0010404566,1965.5006354803363
280.0,0.00077744306,1489.1747713200634
280.1,0.0003986825,2435.6906788617052
280.2,0.024935905,2508.590336303468
280.3,0.016894864,2888.876262339688
280.4,0.025254622,2212.6131822535813
280.5,0.0012981389,2648.880508476864
280.6,0.017379943,1464.9984624344904
280.7,0.005720111,2277.708762024442
280.8,0.006713198,7950.353594245966
280.9,0.0060437513,2200.897128768962
281.0,0.0030718953,3657.17453511339
281.1,0.0020942038,2462.5010113597473
281.2,0.00023076855,3476.2358724304513
281.3,0.00017078566,3461.382028825253
281.4,0.00014253308,3354.8995317012345
281.5,0.0001395297,3009.1935016518933
281.6,0.00019002103,2473.030664890037
281.7,6.1542305e-05,3407.2240444173017
281.8,1.9440765e-07,10139.302181799732
281.9,1.9417867e-07,10008.176721163316
282.0,1.97458e-07,10232.509849766984
282.1,1.8870911e-07,10112.680560164357
282.2,1.9293645e-07,9880.37811948061
282.3,1.9806394e-07,10016.549153415981
282.4,1.8989455e-07,10185.551938455457
282.5,1.8764005e-07,10001.285510759926
282.6,2.12674e-07,9914.915253366018
282.7,2.787929e-05,4805.866886994092
282.8,5.0120652e-05,4040.66261482952
282.9,3.126376e-05,4444.543406581408
283.0,3.4646346e-05,4431.117107178901
283.1,3.6602487e-05,3909.316398862337
283.2,4.0579784e-05,4134.375470102074
283.3,4.8427024e-05,4075.475541319811
283.4,0.0007254034,2106.560495785937
283.5,0.017902149,2154.4448395167997
283.6,0.014198319,2556.0573842949684
283.7,0.003822726,3091.4579434889492
283.8,0.0007405212,1996.2859024225238
283.9,0.00014591821,4032.835186630713
284.0,8.850837e-05,4390.182732458533
284.1,0.00013658503,2999.015755908754
284.2,0.000119177625,2872.9278435651167
284.3,0.00010161792,2689.0448556281235
284.4,0.000116116214,2077.9527915641547
284.5,0.007657495,2602.5199477100637
284.6,0.0021229968,7220.049968407973
284.7,0.047551353,1804.0201056319615
284.8,0.044377588,1413.763375839477
284.9,0.0039102016,3558.2387373625206
285.0,0.029109357,2158.624029069151
285.1,0.022259,2068.8820308217137
285.2,0.014476714,1877.022743902161
285.3,0.003393364,3146.674583637116
285.4,0.0017019208,2602.5391196011888
285.5,0.00012658467,3821.8246953296352
285.6,0.00012298384,3434.0834902372762
285.7,9.523989e-05,3323.5286414979837
285.8,0.00010064641,2736.8239364624596
285.9,0.00011411747,2162.2091280095306
286.0,0.00014692951,1887.0827389357132
286.1,0.00020474743,1793.2361449991158
286.2,0.00018570875,2346.8379761675396
286.3,0.00013878699,2804.1875566128406
286.4,0.00014330033,5341.082725852307
286.5,9.362515e-05,3041.82801067276
286.6,7.5950236e-05,3219.021675255607
286.7,6.702305e-05,3030.512561504439
286.8,4.6522095e-05,3548.9008254352657
286.9,5.3776206e-05,3047.6377173107403
287.0,5.8147623e-05,3331.603832363259
287.1,3.343498e-05,4464.18259102554
287.2,4.902064e-05,3768.672597547593
287.3,3.872122e-05,4197.484964003681
287.4,0.0123225665,1057.4112677534147
287.5,0.053479098,1344.7175480557619
287.6,0.00035922008,2743.615238728882
287.7,0.00025771925,3439.3172064747405
287.8,0.02724064,1665.0605232630228
287.9,0.014823085,1200.5841786516003
288.0,0.008249599,4230.717328588287
288.1,0.025218524,1988.7533472071182
288.2,0.025660055,767.2512791392769
288.3,0.022421272,1878.810864528336
288.4,0.006704898,9659.838503083516
288.5,0.00908631,2752.2373999785123
288.6,0.003749042,3165.6548814323833
288.7,0.004168033,3260.804082419655
288.8,0.0033489298,3442.319989244815
288.9,0.0046098237,9506.015895181943
289.0,0.0036489097,3816.408985708077
289.1,0.0004060354,3418.0719417503396
289.2,0.00018826222,3973.692002998663
289.3,0.00010462573,4971.597354967984
289.4,0.0001045398,4459.969891014745
289.5,6.7300505e-05,4835.873941309514
289.6,4.9605736e-05,5078.76389151442
289.7,2.4966163e-05,3710.836510839047
289.8,1.9399079e-07,10301.515991899847
289.9,1.9757935e-07,9850.32839366746
290.0,2.010447e-07,10024.194757794376
290.1,1.904345e-07,9787.6034288618
290.2,2.0241674e-07,9675.757888189804
290.3,1.9411998e-07,10201.421764393817
290.4,1.9930123e-07,10072.047730378708
290.5,1.9597664e-07,9988.158613716161
290.6,1.9271342e-07,9999.92138531681
290.7,1.6484362e-05,6217.169787197405
290.8,2.6630883e-05,4883.504717334363
290.9,0.0005505174,706.6721342417941
291.0,9.994807e-05,2112.3078828540542
291.1,5.4561715e-05,3662.99879468486
291.2,0.00016362354,2554.195054148337
291.3,0.013489709,2387.285033151594
291.4,0.0091866385,3573.0737511500047
291.5,0.014715342,7324.720570030953
291.6,0.009008746,4639.588537954587
291.7,0.018302932,1724.5370923024204
291.8,0.00074203766,3187.4473798211375
291.9,0.005141624,2743.24053322083
292.0,0.010984359,1621.517747727997
292.1,0.005934961,1046.873063295703
292.2,0.011704403,1627.2973840565362
292.3,0.0020944118,2179.331726665717
292.4,0.00029711708,2276.3437160649783
292.5,0.0001593364,2459.4850993059063
292.6,0.000121461315,2506.5149955672423
292.7,0.00010045955,2589.5628851408082
292.8,7.510335e-05,2674.22447748304
292.9,6.13399e-05,3127.461242435338
293.0,0.0006200807,1183.5378566367394
293.1,0.008389339,7063.543170278226
293.2,0.009066528,2749.4793349534757
293.3,0.0053723543,1624.4964094999134
293.4,0.005062477,2703.434302412609
293.5,0.011882748,746.7786798631981
293.6,0.008409748,2410.130962299186
293.7,0.004407934,2895.40964480407
293.8,0.010589375,2156.697620115521
293.9,0.00046437277,2501.9474958720166
294.0,0.00013784006,3337.8778355156
294.1,0.0001328834,2882.334995327622
294.2,0.00010908768,2837.08016592886
294.3,7.314261e-05,2771.9777271545045
294.4,6.62552e-05,2986.673346325907
294.5,7.163582e-05,2790.3943060611646
294.6,6.169118e-05,3276.502191016807
294.7,4.9029983e-05,3701.7117138140575
294.8,4.0991625e-05,3959.479383792561
294.9,1.880579e-07,10030.443626823653
295.0,1.9702142e-07,10418.988972407966
295.1,1.9516655e-07,10195.631567200246
295.2,2.007583e-07,9883.901365021758
295.3,1.4210762e-05,10417.714492142273
295.4,2.3269973e-05,9257.38928821257
295.5,4.8057416e-05,9226.858415518029
295.6,1.8352222e-05,10694.208584687822
295.7,1.6092263e-05,10187.908014782119
295.8,1.4128928e-05,10893.418815909208
295.9,1.5894073e-05,11410.78992481878
296.0,1.5870324e-05,11163.290763825527
296.1,2.4374554e-05,10040.055750530462
296.2,1.46421025e-05,10493.13243427551
296.3,1.6617343e-05,10745.913843323655
296.4,1.6133301e-05,10196.090130835872
296.5,1.7331611e-05,10454.971301370386
296.6,1.562565e-05,9983.952933974986
296.7,5.457958e-05,7384.259370354669
296.8,0.0070188446,4356.853066913301
296.9,0.0052631414,3639.6414071199843
297.0,0.0017060961,2679.7470866893477
297.1,0.010490917,1493.194388095092
297.2,0.00044404189,2975.370475093752
297.3,7.511862e-05,6055.269643423877
297.4,5.662045e-05,5952.536177408697
297.5,5.63851e-05,6050.4005384331285
297.6,4.179896e-05,6804.709218995786
297.7,3.5655507e-05,6843.774935192136
297.8,2.4180203e-05,8610.28042076457
297.9,2.3662447e-05,8738.159691749772
298.0,1.65889e-05,10600.063467324162
298.1,1.5883743e-05,10252.488085339095
298.2,1.8416522e-05,10064.4114627519
298.3,1.743753e-05,10232.922834972536
298.4,1.8333772e-05,10026.993441488466
298.5,1.941255e-05,10123.408591528203
298.6,1.6989132e-05,10253.771238481717
298.7,1.737362e-05,11515.707571672061
298.8,1.790267e-05,11292.712980795157
298.9,1.6173057e-05,11614.29649259364
299.0,1.5655953e-05,11279.15316987841
299.1,2.0333347e-05,10520.713277003744
299.2,1.5553116e-05,10657.513838855786
299.3,1.4973101e-05,10577.730616856848
299.4,1.3687582e-05,10929.699033989924
299.5,2.5366806e-05,10198.165110505826
299.6,0.00031207988,2573.0231708770384
299.7,0.0014438896,2853.4082448891454
299.8,0.0025258067,3695.5114250554684
299.9,0.0043032896,3911.5115965380287
300.0,0.0031495963,3699.7137915205003
300.1,0.0016502239,3348.339185245626
300.2,0.0005125739,2991.022794068326
300.3,0.0002673258,3121.1660874485306
300.4,0.0001165281,4067.682733487953
300.5,5.0596464e-05,6102.555414388007
300.6,3.4771223e-05,7022.462152810628
300.7,2.705027e-05,7896.396500875799
300.8,2.1756363e-05,8832.924176838642
300.9,1.9055477e-05,9634.8042592324
301.0,3.9797324e-05,8580.625307529861
301.1,1.3958995e-05,11034.758695007224
301.2,1.4899997e-05,11141.927309437764
301.3,1.6126298e-05,10969.726949926358
301.4,1.80285e-05,10243.436638455698
301.5,1.4348655e-05,10874.469993535893
301.6,1.5780864e-05,10618.729947026006
301.7,1.6582304e-05,11261.44420243149
301.8,1.9994974e-05,9031.683546339878
301.9,0.00016503151,5655.868158110292
302.0,0.006991492,9586.18276844556
302.1,0.0021628668,7465.1553639692365
302.2,0.012292725,4106.090512950755
302.3,0.0051728752,3474.5985536242797
302.4,0.008094615,9013.353219823823
302.5,0.0075827073,11167.641881651482
302.6,0.0026842118,4297.809143988658
302.7,0.0001061414,10311.870701330436
302.8,8.3855615e-05,9474.046417537691
302.9,6.851837e-05,8877.739360354612
303.0,5.7009456e-05,9094.14666031321
303.1,4.3816173e-05,9481.947760225066
303.2,3.1537515e-05,10115.75050552898
303.3,2.7621621e-05,9576.580347071002
303.4,2.0277366e-05,10687.844886285557
303.5,1.695549e-05,10827.255883264304
303.6,2.382748e-05,10325.621600382934
303.7,0.0018066581,6094.336421261778
303.8,0.006185287,9104.133640230852
303.9,0.002961053,6490.435846502136
304.0,0.011248409,2988.2332100799417
304.1,0.0020042495,4223.960804218761
304.2,0.0073842546,10120.99406671769
304.3,0.0026405973,10914.400335134342
304.4,0.00011617022,8461.713997996856
304.5,8.112621e-05,8782.845399096052
304.6,6.25157e-05,9501.102119382205
304.7,4.957342e-05,9535.68817106865
304.8,3.9151197e-05,9827.638613515932
304.9,2.88986e-05,10333.202586020954
305.0,2.1119127e-05,10505.894066792485
305.1,2.1012906e-05,10483.82698070058
305.2,1.6147933e-05,11623.012596864595
305.3,1.5453803e-05,11002.321353160713
305.4,1.4487122e-05,10715.690044523752
305.5,1.5332493e-05,10920.323799607439
305.6,0.0011871698,6538.276501841762
305.7,0.005611032,9253.180860647466
305.8,0.0036848416,5971.05712640522
305.9,0.014716698,2154.905640245098
306.0,0.0020497371,3919.6608346478233
306.1,0.006872576,9069.41830808522
306.2,0.004618095,10978.22896542511
306.3,0.00047435946,6622.507956049938
306.4,9.795871e-05,9178.502095162665
306.5,7.336245e-05,9659.409198217152
306.6,8.714086e-05,8589.879756042916
306.7,5.4010055e-05,9018.799061763395
306.8,4.764679e-05,9259.730983313586
306.9,3.132936e-05,9766.115332256855
307.0,1.999532e-05,10610.101482553799
307.1,1.7072e-05,11561.782681850078
307.2,1.5168823e-05,11142.194093692655
307.3,1.5102308e-05,11231.78171667835
307.4,1.6129876e-05,10252.44193289801
307.5,0.00018124626,5051.547480872849
307.6,0.0057536247,9317.256224495904
307.7,0.0021741325,6341.526798957697
307.8,0.006212407,3903.9329331443005
307.9,0.0035748428,3009.1692429399054
308.0,0.0042078737,8543.751596842485
308.1,0.0069853133,10135.498560171187
308.2,0.0016321363,8729.096204557425
308.3,8.976997e-05,9354.920112600543
308.4,6.7350375e-05,9156.528369683749
308.5,5.1992516e-05,9381.789864925702
308.6,4.267972e-05,9817.780758484523
308.7,3.237654e-05,10094.044789083866
308.8,2.623695e-05,10746.782760558146
308.9,1.9909558e-05,10511.787396334601
309.0,1.7888262e-05,10721.551168960981
309.1,1.6443419e-05,10482.10283012372
309.2,2.0580746e-05,9539.186994639382
309.3,2.1672036e-05,9484.51255393323
309.4,2.6365771e-05,8427.635445219408
309.5,2.4956431e-05,8818.815987038477
309.6,2.071545e-05,9427.993116589198
309.7,2.0273457e-05,10225.091008210606
309.8,1.6052494e-05,10993.288924176008
309.9,1.5491478e-05,10625.040310629545
310.0,1.7807357e-05,10422.050560694797
310.1,0.00029141075,2153.318940231612
310.2,0.0017959768,3086.457761892947
310.3,0.0063474146,3464.417641436785
310.4,0.003310596,4040.910932046153
310.5,0.0043817484,7510.692939895291
310.6,0.0043966393,8795.97493545771
310.7,0.0019576205,6832.245680887741
310.8,0.0022751787,5469.369129247835
310.9,0.001648514,4121.479834387661
311.0,0.0054092193,9187.860922809403
311.1,0.0041676345,9857.673404221121
311.2,0.00024088104,7336.48527446975
311.3,7.045861e-05,8668.3669450058
311.4,5.7135003e-05,8617.923880059872
311.5,4.429336e-05,8615.5747685879
311.6,3.506851e-05,9233.051607183457
311.7,2.7014456e-05,9930.608533727453
311.8,2.1640704e-05,10514.577937680348
311.9,1.7232871e-05,10779.936992015151
312.0,1.5988719e-05,10893.890029551887
312.1,0.00029595927,4496.356082779037
312.2,0.0028700249,2223.3941101794153
312.3,0.0041224235,3668.2209354147553
312.4,0.0033866763,4299.35739756068
312.5,0.0026389966,4494.861355752992
312.6,0.0057435194,9746.397453533926
312.7,0.0014106472,5891.508739656896
312.8,0.0038294753,6514.417173434735
312.9,0.0015591133,4725.045230274073
313.0,0.0044596186,3321.2785430818753
313.1,0.0047888546,9940.131383626347
313.2,0.0041634585,10100.074827876277
313.3,0.0002756372,6424.321376014035
313.4,7.668615e-05,9478.757956488149
313.5,6.097746e-05,9029.246393030035
313.6,4.8190926e-05,9570.344888979103
313.7,3.629504e-05,9777.570033218783
313.8,2.8733808e-05,9841.83094208489
313.9,2.1834734e-05,10421.138880262513
314.0,2.3487413e-05,9837.513731551826
314.1,0.00024726405,2523.3676181685964
314.2,0.00019267683,2729.8820636726005
314.3,0.00021107696,2829.4795122965343
314.4,0.00019295445,2710.125707220831
314.5,0.00011061066,3766.591981215729
314.6,7.0324146e-05,5327.558988493347
314.7,3.3069748e-05,7268.571577604213
314.8,1.9806277e-05,8960.13341975501
314.9,2.1688224e-05,9865.756032593887
315.0,1.772016e-05,10743.584860046964
315.1,0.00014402159,4098.431715532658
315.2,0.0068458277,3123.195636753198
315.3,0.005278381,3905.9708637916174
315.4,0.0022228833,4169.424203803474
315.5,0.0012555426,4197.443117770767
315.6,0.0040770327,9182.19746761079
315.7,0.0017640751,7024.022305250025
315.8,0.002080229,7091.888125555547
315.9,0.00083952234,4343.943081343173
316.0,0.0016898848,3157.7302074053055
316.1,0.0025114212,6458.2982415393735
316.2,0.0061183316,10438.562721718987
316.3,0.0020658525,8503.397846099655
316.4,7.1313334e-05,9046.286329968352
316.5,5.999709e-05,8736.183943359983
316.6,4.6250363e-05,9266.34115582796
316.7,3.5548568e-05,9736.730255343411
316.8,3.200142e-05,9771.133201762677
316.9,2.839468e-05,9825.111971844624
317.0,2.8274935e-05,9255.42433369994
317.1,2.031965e-05,9883.499181499685
317.2,1.754892e-05,9855.139226329055
317.3,1.7142738e-05,9359.165468908875
317.4,1.7074579e-05,9731.691729555947
317.5,2.0217603e-05,9977.866604308827
317.6,0.0051255175,2636.6714080400434
317.7,0.0040621194,3909.955127386795
317.8,0.0033031853,4111.763572678183
317.9,0.0017366564,5065.211868502089
318.0,0.0029135132,9208.682390356465
318.1,0.00078849535,6067.474333406048
318.2,0.0025699534,6677.854369283238
318.3,0.0013774191,4309.979075394565
318.4,0.0011033576,4469.144443162673
318.5,0.0035536003,10773.783106270756
318.6,0.0009403758,9877.003385471402
318.7,9.6814016e-05,8107.288110168787
318.8,6.925093e-05,8430.63313708832
318.9,5.4553017e-05,8428.415904892016
319.0,4.017796e-05,9082.524475247013
319.1,2.7291482e-05,9731.877989812341
319.2,2.0966201e-05,10344.803263696578
319.3,1.8015586e-05,10291.439417404006
319.4,1.5694108e-05,10945.59629010224
319.5,1.453395e-05,10779.903048666018
319.6,1.5113224e-05,11214.777603019804
319.7,1.5436164e-05,10765.052245899644
319.8,1.6051565e-05,10320.843950999348
319.9,1.5793175e-05,10633.95353156349
320.0,1.7990948e-05,10603.690287906273
320.1,1.5709378e-05,10697.992320518066
320.2,1.6255248e-05,10509.02233863203
320.3,1.5377089e-05,10503.534021013009
320.4,1.5098341e-05,10186.848552354295
320.5,1.5656196e-05,11055.020597266743
320.6,1.7225831e-05,11009.567222087308
320.7,1.30752005e-05,10457.137089460155
320.8,1.5261248e-05,10297.921087183233
320.9,1.927095e-05,11917.961928294964
321.0,1.5584435e-05,10490.573413766024
321.1,1.4599643e-05,11143.714175313902
321.2,1.5367865e-05,10688.894404128425
321.3,1.5393292e-05,10245.637365174445
321.4,1.597491e-05,10735.398425523746
321.5,1.5210287e-05,10682.217550593417
321.6,1.4562417e-05,11106.489448233337
321.7,1.6187243e-05,10882.803506476837
321.8,1.4639712e-05,11130.051318541497
321.9,1.6662942e-05,10530.891824779137
322.0,0.0013235147,3001.8723283194126
322.1,0.0042284424,3101.379930103566
322.2,0.0018819751,2507.074021357455
322.3,0.0008123457,2281.6648352550746
322.4,0.0076705087,1277.113323560005
322.5,0.0018259747,2454.2960267712488
322.6,0.0021630735,1717.6672015748532
322.7,9.111593e-05,5029.2065898165165
322.8,5.8103105e-05,5177.812678722719
322.9,4.5649245e-05,5915.87710699698
323.0,3.154696e-05,7795.131480062052
323.1,2.9452114e-05,8337.206386518465
323.2,9.441587e-05,4603.952753885555
323.3,0.0076754787,1464.3605576162242
323.4,0.0050691785,1410.568089940038
323.5,0.008876395,1573.3531539360465
323.6,0.004529894,3370.2787044631705
323.7,0.0030274468,3780.9634744676227
323.8,0.00047938543,3420.942487254293
323.9,6.690513e-05,6952.100345737882
324.0,6.296622e-05,6071.114477328363
324.1,0.00088486815,2701.4185599140555
324.2,0.0050983597,4731.7984645190245
324.3,0.00405016,4488.546837814718
324.4,0.0015392615,3385.096230051386
324.5,0.00044122332,3187.976977428518
324.6,0.000112111855,5523.425768980959
324.7,4.951035e-05,6906.5167579117615
324.8,0.00010825269,5968.048014131438
324.9,0.003765417,3657.671195298622
325.0,0.0055051073,4383.695059322483
325.1,0.0069418517,3153.5044199031245
325.2,0.0051052254,2951.8734117383488
325.3,0.004422423,3857.8249267800784
325.4,0.0022325616,4175.992703665146
325.5,0.0029896912,3868.9546073646097
325.6,0.0004833592,3533.473453854671
325.7,6.0811395e-05,6430.018658812012
325.8,6.192366e-05,6157.1506251588125
325.9,4.570637e-05,6578.865520647586
326.0,3.5915822e-05,6959.965032511218
326.1,2.6036052e-05,7599.118206604765
326.2,2.1034197e-05,9138.735964304895
326.3,1.821869e-05,10087.837241288911
326.4,1.6951344e-05,11029.619412817205
326.5,1.6055232e-05,10786.92462486117
326.6,1.6180002e-05,10109.612177962952
326.7,1.6187665e-05,10565.274977762265
326.8,1.673318e-05,10589.139807108171
326.9,1.6168315e-05,11253.044812304954
327.0,1.8205892e-05,10451.511642142186
327.1,2.1625103e-05,9854.832935786597
327.2,2.0262894e-05,9170.682706404708
327.3,2.408656e-05,9222.090059144715
327.4,1.9034025e-05,9710.238715203133
327.5,1.7786148e-05,10441.141179038328
327.6,1.6812552e-05,10165.058901031774
327.7,1.8735156e-05,10096.3161022956
327.8,1.5709058e-05,10827.44837780474
327.9,1.5590032e-05,10850.127033794455
328.0,2.2702947e-05,10116.495290028073
328.1,1.7978242e-05,10107.219354495388
328.2,1.7790418e-05,9501.201817685524
328.3,2.982093e-05,10322.899371229756
328.4,0.005311378,4227.040100838232
328.5,0.010048457,2156.9415500205614
328.6,0.007894293,3042.586346108975
328.7,0.0068786037,1989.2557192988768
328.8,0.011265723,2574.902969233882
328.9,0.0035963536,8505.879625018482
329.0,0.0057005472,2849.222210861715
329.1,0.005561849,1991.3453997072352
329.2,0.00016283283,6850.840420946908
329.3,6.570001e-05,7942.876938259981
329.4,6.117273e-05,7368.9918693179525
329.5,0.00012607295,5555.845613884381
329.6,0.00028170928,3357.4938968902425
329.7,0.00023434799,2886.607966633551
329.8,0.00021397778,2774.59989979846
329.9,9.800058e-05,4119.564356724227
330.0,5.2009556e-05,5348.857461102133
330.1,2.4045255e-05,8947.943445454013
330.2,1.7359409e-05,9973.877725039492
330.3,1.6733009e-05,11057.837815674728
330.4,2.3152103e-05,9482.310490863352
330.5,0.00104558,2586.53263143017
330.6,0.012639102,2352.586692308088
330.7,0.01290556,2253.216893711986
330.8,0.0037569858,5968.662108101336
330.9,0.008300626,6005.227788999076
331.0,0.0021986377,3234.4869700051822
331.1,0.0017190205,7869.82469176615
331.2,0.0059377146,1614.9512182700387
331.3,0.008779618,2314.3626964299606
331.4,0.0012303535,6185.779898583044
331.5,0.008718494,2909.0255844972507
331.6,0.0039469907,4295.292570044339
331.7,0.0013027424,3004.617360417359
331.8,8.0168466e-05,6961.028607019059
331.9,0.0003105666,3234.5511426845833
332.0,0.00033300061,3086.786786200018
332.1,0.00028750306,2867.1865752996605
332.2,0.0002597117,2677.2670231541015
332.3,0.00014027205,3222.3591174732196
332.4,5.513964e-05,5398.002622216543
332.5,2.4457458e-05,7742.965319388622
332.6,2.219127e-05,9221.812574316104
332.7,0.009182189,698.1332926978359
332.8,0.0065925657,7853.776155142783
332.9,0.017164797,2144.464826886466
333.0,0.01581757,2140.193072463036
333.1,0.011861302,1720.2345936746033
333.2,0.007100954,9518.127625867146
333.3,0.008360861,3755.090995342623
333.4,0.0035964062,4842.683072801086
333.5,0.004264741,3201.120287420169
333.6,0.0027133306,2796.3049941328036
333.7,0.008555598,1993.5787263976074
333.8,0.008653101,2889.7942180525533
333.9,0.0059215417,10011.671965481206
334.0,0.011700143,2560.2835990337176
334.1,0.0070260605,1426.4746329130007
334.2,0.0029170446,4363.372514000581
334.3,0.0012418698,3942.708244084588
334.4,9.6045005e-05,6277.913775533347
334.5,7.0160226e-05,6371.0446407124
334.6,6.167622e-05,6753.435712126526
334.7,8.5044616e-05,6345.805847479103
334.8,4.775116e-05,7091.498225977789
334.9,4.384667e-05,7414.286975604922
335.0,3.293715e-05,8180.44298260092
335.1,2.069895e-05,9282.638896591312
335.2,1.0176024e-06,8948.648936052863
335.3,1.9470383e-07,9986.211458794585
335.4,1.97717e-07,9798.288508143276
335.5,1.9261837e-07,9996.981430817967
335.6,1.9793896e-07,10011.608457021288
335.7,2.0045114e-07,9988.653915776831
335.8,1.936052e-07,9845.999952540926
335.9,1.9286067e-07,10057.511007801331
336.0,1.9567237e-07,10051.379945509983
336.1,1.960159e-07,9892.93854951513
336.2,1.942256e-07,9979.62504103027
336.3,2.0051473e-07,10050.954759851846
336.4,2.0094937e-07,10124.61739107448
336.5,2.0169279e-07,10117.806335842572
336.6,1.943573e-07,9959.966908922393
336.7,1.9399806e-07,10083.185118007677
336.8,1.0038843e-05,8536.046930569366
336.9,1.6844933e-05,10006.344577198139
337.0,2.2175802e-05,9683.758337070942
337.1,1.6141114e-05,10433.245388800033
337.2,1.6879174e-05,11167.638044099695
337.3,1.5609225e-05,10958.26685535186
337.4,1.5798254e-05,10003.080068278296
337.5,1.5517246e-05,10768.169412558305
337.6,1.6249029e-05,11425.191269613275
337.7,1.588818e-05,11055.135353642618
337.8,1.521437e-05,11066.326766644499
337.9,1.47505025e-05,11243.657869970024
338.0,0.00018217317,2897.9849392018496
338.1,0.019777246,491.0469017740161
338.2,0.00042897914,2379.0757543902955
338.3,0.00010666905,4078.9839087227783
338.4,5.2447947e-05,6123.221613710432
338.5,4.235135e-05,7164.833179271435
338.6,3.9016224e-05,7956.04409513955
338.7,4.826597e-05,8340.2959465704
338.8,3.0933934e-05,8585.598171767077
338.9,3.9436934e-05,8284.151379665946
339.0,3.687697e-05,7566.706399599738
339.1,4.2406795e-05,7317.425794854784
339.2,2.911705e-05,9158.307574655515
339.3,2.2183098e-05,9596.41773787593
339.4,1.7565611e-05,10422.09163725985
339.5,1.7629807e-05,10935.536516754863
339.6,1.6145745e-05,10671.06792988444
339.7,1.4132874e-05,11626.456079052889
339.8,1.2984364e-05,11210.584483195029
339.9,1.589781e-05,10479.870896392316
340.0,6.326474e-05,5624.110590225157
340.1,0.00093899714,1483.3323701596332
340.2,0.02441563,1847.1861545540587
340.3,0.016515946,7355.473208104859
340.4,0.01806659,4436.721398922906
340.5,0.02733522,2195.215517859567
340.6,0.02226322,2834.806390679465
340.7,0.008845908,6323.411400431197
340.8,0.0112371985,1332.9498070195211
340.9,0.013182675,2360.161155491323
341.0,0.0008795104,2553.5249394434622
341.1,6.927645e-05,7394.2960056221145
341.2,6.5288514e-05,7009.323528222674
341.3,5.68298e-05,6661.671211574282
341.4,4.535735e-05,6866.843816710767
341.5,4.3182023e-05,7358.810049047812
341.6,3.2751443e-05,8029.265331984548
341.7,2.2180184e-05,9228.099519935384
341.8,1.692782e-05,10231.762536952443
341.9,1.4332147e-05,10797.915717601642
342.0,1.6891483e-05,11261.638689645351
342.1,1.4854268e-05,11060.86216600943
342.2,1.676029e-05,10906.174350093597
342.3,1.5087938e-05,11466.109233467092
342.4,1.8075414e-05,10019.502084010048
342.5,1.3750868e-05,10893.832492688465
342.6,1.5902895e-05,11053.348891952
342.7,1.3753282e-05,11023.200051421656
342.8,1.5971302e-05,10623.377960198855
342.9,1.4991899e-05,10374.550881350724
343.0,1.4648941e-05,11437.499634651567
343.1,1.572625e-05,11447.999459408944
343.2,1.7983759e-05,10222.769466727837
343.3,1.7321066e-05,10537.209778167155
343.4,1.472166e-05,11045.766600270876
343.5,1.9281008e-05,10130.875959558034
343.6,1.5963942e-05,10617.51849617835
343.7,1.6656166e-05,10849.323238275625
343.8,1.4946805e-05,10484.549803205018
343.9,0.00105569,1592.2382976548483
344.0,0.0036308116,1774.2938759685742
344.1,0.0021296744,1901.4856158704677
344.2,5.9092767e-05,5933.405254079819
344.3,4.05145e-05,6424.20729673725
344.4,3.8446527e-05,7366.138084491643
344.5,3.3231816e-05,7401.286769537976
344.6,2.6392881e-05,7839.481295841019
344.7,2.130715e-05,9210.273194201225
344.8,1.9897505e-05,10143.550799970491
344.9,1.4559384e-05,10813.413738420768
345.0,1.5226815e-05,11146.568517735552
345.1,1.6626398e-05,11085.049814002603
345.2,1.7873774e-05,10226.399751017161
345.3,2.243317e-05,10441.321098355958
345.4,1.4769676e-05,10410.550888824406
345.5,1.4449322e-05,11317.248736589203
345.6,1.4056446e-05,11384.455640957643
345.7,1.3955747e-05,10759.683431212521
345.8,2.3323255e-05,10196.846369585655
345.9,1.72099e-05,10697.635960038157
346.0,2.0752768e-05,9744.1805073734
346.1,1.3926269e-05,10718.014384864355
346.2,1.6764696e-05,11168.381402871077
346.3,1.6367887e-05,10802.398054619975
346.4,1.4734644e-05,10387.821237372937
346.5,1.404422e-05,10589.027074712432
346.6,0.003452477,2083.111332890896
346.7,0.013860442,1320.5598808422965
346.8,0.016745642,2957.7836294864937
346.9,0.01285169,889.8112964734024
347.0,0.0045021535,2636.548500947957
347.1,0.00036043563,3578.7348726716214
347.2,8.801494e-05,5855.602204056333
347.3,5.4812463e-05,6580.817443448161
347.4,4.3106018e-05,6397.033218959225
347.5,3.4867822e-05,7136.762627396243
347.6,2.8196633e-05,8067.060881521217
347.7,2.3575083e-05,8881.70242593744
347.8,2.382881e-05,9866.120983014229
347.9,1.7239692e-05,10684.485600200524
348.0,1.7887027e-05,10316.597240954892
348.1,7.198436e-05,6218.88947301654
348.2,0.0045108707,2679.690536839122
348.3,0.010964884,2077.78222215533
348.4,0.0076785763,2044.0413727809268
348.5,0.0052810945,1808.5355815108398
348.6,0.002696243,1746.4398492827472
348.7,0.00329024,1405.9410479982027
348.8,0.0021398745,1533.845025721848
348.9,0.0029702138,1428.879684342807
349.0,0.002266875,1469.280915328733
349.1,0.0020559682,1395.1695809422333
349.2,0.0008110114,1564.1516592792716
349.3,0.0003126835,2176.3665306277467
349.4,5.09002e-05,5955.522681223907
349.5,4.069723e-05,6543.486253671137
349.6,2.8707496e-05,7826.211204282009
349.7,7.217812e-05,8120.970685886141
349.8,0.0017719084,3178.7453790308414
349.9,0.00010263677,6616.2716188010045
350.0,6.828833e-05,6703.415488106413
350.1,5.087783e-05,6815.932555399426
350.2,4.1451618e-05,7130.064412173291
350.3,2.4550258e-05,7565.789763201724
350.4,1.8701703e-05,9906.67001181457
350.5,1.7006743e-05,10360.633738357152
350.6,1.6298969e-05,10756.23256534352
350.7,4.0503885e-05,6567.413493291755
350.8,0.00012526191,3836.0538431529367
350.9,0.00015657168,3160.1835060052017
351.0,0.00058676756,2641.968911727748
351.1,0.0012034508,2650.166394730162
351.2,0.00061038067,2574.4799025554985
351.3,0.00022154381,3005.61093833219
351.4,0.0001260151,3454.5436665969764
351.5,0.00010117128,3990.566419432112
351.6,9.010108e-05,4074.9204429424885
351.7,4.038646e-05,6342.673668969788
351.8,2.2630195e-05,9514.960089671315
351.9,1.4839192e-05,10345.121855341555
352.0,1.4640153e-05,10827.149886440493
352.1,1.5330015e-05,11321.923351580408
352.2,1.6865379e-05,11077.081061210562
352.3,1.3816272e-05,10968.755528407488
352.4,1.5754442e-05,10738.660765388604
352.5,1.7047167e-05,10667.767830650486
352.6,1.7840137e-05,10501.400899955917
352.7,2.8979712e-05,9346.199635757785
352.8,0.00013511909,4169.908689770678
352.9,0.016278347,3170.285123317118
353.0,0.011988978,1670.6520448488895
353.1,0.010325935,1834.2529637343714
353.2,0.008109555,2601.146387207661
353.3,0.015289603,1017.2108381316457
353.4,0.011352209,2422.9850334259145
353.5,0.0006233504,5048.2665924180465
353.6,0.0031620446,3957.673868650645
353.7,0.0035233097,3020.593287308076
353.8,0.0036233834,2569.8701266773796
353.9,0.007225224,6659.462428732111
354.0,0.0014245161,7492.189422522939
354.1,0.0072566452,2647.5010708127716
354.2,0.0023783494,2876.932550034794
354.3,0.00017792081,4972.194163244647
354.4,0.00012457027,5012.565829858001
354.5,6.601713e-05,6758.8999871916
354.6,4.3299715e-05,7198.308632864011
354.7,3.99378e-05,7222.82499645378
354.8,3.373555e-05,6826.680893430597
354.9,2.5693651e-05,8030.876364562295
355.0,1.8577013e-05,8443.163464778918
355.1,1.7260727e-05,9967.425243936212
355.2,1.722412e-05,10279.397771505966
355.3,1.7823013e-05,10145.020308395446
355.4,1.4489151e-05,9061.762139443475
355.5,2.0392704e-07,9881.957699771037
355.6,1.9297869e-07,9898.079048651423
355.7,2.0230159e-07,10061.622414780097
355.8,2.0108729e-07,9779.096049386293
355.9,1.9195134e-07,9990.360743292602
356.0,1.9920442e-07,9877.687106459261
356.1,1.9427641e-07,9750.199561921227
356.2,2.018613e-07,9996.914205396675
356.3,1.9507868e-07,10019.686882302572
356.4,2.0615813e-07,9731.894659424663
356.5,1.9850812e-07,10100.825976750966
356.6,1.9508387e-07,10183.44642093592
356.7,1.9527201e-07,10254.563748369448
356.8,1.98881e-07,10098.727141281635
356.9,1.9710615e-07,9980.50660550694
357.0,1.8593781e-07,9998.890054199826
357.1,1.976163e-07,9601.01318812025
357.2,7.725667e-05,3797.648496096548
357.3,7.4885655e-05,3815.0953843842053
357.4,5.7039637e-05,4559.091716095769
357.5,7.3081195e-05,3708.1030871694074
357.6,7.9723795e-05,3597.0288847359548
357.7,8.349982e-05,3425.086780340901
357.8,7.1813076e-05,3589.443370787986
357.9,6.4319574e-05,3590.81582378241
358.0,6.8395035e-05,3404.6418507556155
358.1,0.0006858771,3348.471446717079
358.2,9.731874e-05,3842.3597451722567
358.3,0.019798676,1825.2025673631774
358.4,0.024574587,1411.9705517194172
358.5,0.020101499,904.5673668164939
358.6,0.0040865582,7781.057820518232
358.7,0.0056140516,7305.44545025693
358.8,0.0037055428,6507.847881014473
358.9,0.02093054,1419.818340387858
359.0,0.014772502,1007.2510804633837
359.1,0.010800752,716.5808467459389
359.2,0.00043312868,2825.975853247987
359.3,0.00015652116,3812.831417163453
359.4,0.0001202872,3641.542525849678
359.5,0.000118723154,3489.1849157803235
359.6,0.00012563582,2961.7827254051526
359.7,9.58969e-05,3252.845005311589
359.8,0.0014445386,4712.366649153622
359.9,0.0064966967,6931.0333263532275
360.0,0.00056237564,6999.441241736385
360.1,0.0013960116,4848.642991386741
360.2,0.0012307691,2998.458201682613
360.3,0.00013327232,4595.916119332322
360.4,0.00012131186,4680.290733625034
360.5,0.00011095819,4446.102793858403
360.6,0.00010456295,4285.486179354231
360.7,9.63705e-05,4358.920171964732
360.8,8.381507e-05,3765.005143297616
360.9,7.550987e-05,3424.301357724376
361.0,7.908651e-05,3216.470789224987
361.1,9.969784e-05,3307.063926958279
361.2,7.5247044e-05,3874.1392633857436
361.3,7.55461e-05,3434.571102964858
361.4,9.261317e-05,3565.5472888092863
361.5,7.970135e-05,3579.8009206506576
361.6,7.6793076e-05,3475.614343931368
361.7,5.1218904e-05,4520.021214001747
361.8,6.994885e-05,3675.0489864690817
361.9,5.463276e-05,4032.5381831937216
362.0,4.5756282e-05,4549.650981299521
362.1,6.734393e-05,3610.1829170121664
362.2,9.7189215e-05,3397.9925900195867
362.3,0.0001074657,3107.5356290818218
362.4,6.931149e-05,4013.875593437677
362.5,7.4115225e-05,4033.6515390137392
362.6,8.236448e-05,3727.663708171968
362.7,7.95473e-05,3656.418596300309
362.8,6.731342e-05,3539.1860114779647
362.9,7.432417e-05,3448.014004824616
363.0,0.00016560154,3064.316830000481
363.1,0.002448025,8637.329349053107
363.2,0.0016129217,2421.9481665272197
363.3,0.00011349407,5062.622616631694
363.4,0.0037702767,2512.5909479850543
363.5,0.0015618429,2788.6260344045627
363.6,0.0004096991,2083.2402531977855
363.7,0.00017795454,3017.152200766161
363.8,0.00013692961,3227.3403319502363
363.9,0.000102849124,3162.3593824603513
364.0,0.00010505143,2701.0260030116415
364.1,8.471847e-05,3013.3884043955463
364.2,6.841308e-05,3319.164441309961
364.3,7.2492185e-05,3196.8720881062754
364.4,4.6692858e-05,4046.2715336124998
364.5,8.434512e-05,3154.960667594327
364.6,8.291674e-05,2977.07208564703
364.7,6.89391e-05,3145.296809452113
364.8,7.06353e-05,3098.6208665768445
364.9,6.594279e-05,3904.7233295455394
365.0,5.6198634e-05,3560.150839982246
365.1,6.694317e-05,3460.5796186957996
365.2,0.01239409,2218.0352947916035
365.3,0.01571534,2546.3030609361713
365.4,0.008359966,3603.1980591115325
365.5,0.004087519,7612.328140633579
365.6,0.006181526,6920.716482640458
365.7,0.008878409,2277.587124480889
365.8,0.004878106,1093.2865657834507
365.9,0.00030631304,3251.1771863544095
366.0,0.00013488506,4254.670649391118
366.1,0.00012610648,4280.016668850512
366.2,9.070201e-05,4283.958894846226
366.3,0.00011147464,3472.4381574160434
366.4,0.003135041,3055.8096762221885
366.5,0.0034913777,6800.601069455168
366.6,0.0022177931,8964.350822434819
366.7,0.000755771,4322.860562358562
366.8,0.0025876414,3729.005795678032
366.9,0.0006169255,2211.8654845771007
367.0,0.00013116527,4470.285217090881
367.1,0.00010785597,4257.778516135448
367.2,0.00010295788,4646.006966392219
367.3,7.890135e-05,4066.598061132493
367.4,7.057138e-05,3915.9484313471166
367.5,7.0487586e-05,4014.8070839904303
367.6,6.0989663e-05,3572.1645641124405
367.7,4.628369e-05,4198.051949592805
367.8,6.2259576e-05,4412.423301166389
367.9,4.556814e-05,4334.08656617107
368.0,4.8504455e-05,3680.327525841888
368.1,3.7483944e-05,4352.685174404564
368.2,6.6165965e-05,3853.0602729194143
368.3,1.954507e-07,10104.942854509965
368.4,1.9796309e-07,9977.112959656324
368.5,1.9539273e-07,10031.892969675624
368.6,1.9978924e-07,10015.603346018486
368.7,1.994022e-07,9827.824567153364
368.8,1.8876678e-07,9958.470671778268
368.9,1.8654224e-07,9876.484885425689
369.0,5.1140654e-05,4168.539275285157
369.1,7.052273e-05,3635.7779280784225
369.2,5.9498638e-05,4535.043077596527
369.3,5.9816757e-05,3803.9020462494327
369.4,6.311203e-05,4151.958298801894
369.5,6.455927e-05,4249.138273377728
369.6,6.41703e-05,3975.0388070282993
369.7,6.3233514e-05,3864.1445871874694
369.8,7.176152e-05,3728.830123492303
369.9,6.756595e-05,4238.508164735545
370.0,6.848367e-05,4208.371229869301
370.1,0.014188462,2119.8091770658666
370.2,0.011644893,7599.7208789441775
370.3,0.019634897,2111.5378510561222
370.4,0.014719395,3044.1296727241584
370.5,0.00957146,2855.7483777874463
370.6,0.0029115488,6004.074434246848
370.7,0.011820421,1288.8735546552114
370.8,0.009436298,3145.988496641391
370.9,0.0021551622,2381.511347876093
371.0,0.00025414352,3468.59188659943
371.1,0.00010352861,4618.56086997292
371.2,0.00010067399,4390.9259788683985
371.3,0.00010046044,4245.697374495362
371.4,0.000100388745,3290.56002508697
371.5,8.790733e-05,3340.2224436535134
371.6,7.0479065e-05,3418.367844824793
371.7,8.257115e-05,3171.090894627981
371.8,6.012129e-05,3596.173419554377
371.9,5.027411e-05,4297.483664931945
372.0,6.984934e-05,4289.151509938907
372.1,7.4850934e-05,3633.392738054649
372.2,4.9503462e-05,4569.896076429103
372.3,0.0001647578,3710.6209062409243
372.4,0.0029672014,7471.178213752847
372.5,0.0056462185,6504.466247020993
372.6,0.009840086,3129.4161575942035
372.7,0.008710467,1879.4735619976786
372.8,0.0036631594,7521.090980327326
372.9,0.00635861,2837.328686060113
373.0,0.0050781993,2650.344393352947
373.1,0.0033562153,4056.858739448231
373.2,0.0010655569,2715.0611677506517
373.3,0.00050242624,1932.4083237550535
373.4,0.009578914,1939.9127139970585
373.5,0.011449459,2445.818608702234
373.6,0.010015147,1067.0077891725468
373.7,0.007329789,2893.2335089522576
373.8,0.0022978827,8128.8454460600715
373.9,0.0041776607,2516.3394854141784
374.0,0.0011851334,3726.9725730398504
374.1,0.00021645123,3770.590997679325
374.2,0.00014864016,4456.226172477876
374.3,2.4877268e-06,6326.45248588079
374.4,1.9670308e-07,9808.940442951069
374.5,1.9753891e-07,10121.691125705654
374.6,2.002901e-07,9807.831139672253
374.7,6.4034175e-05,4259.6810768804435
374.8,7.9897465e-05,3191.0757741048174
374.9,6.493524e-05,3651.695447144697
375.0,8.5026484e-05,3735.874773938439
375.1,7.246871e-05,3825.2749374671844
375.2,6.473646e-05,3672.4009606088957
375.3,0.00038833468,2167.393018681373
375.4,0.0006588742,2547.99422719276
375.5,0.00057260646,2431.50726836741
375.6,0.00027317146,2132.731945287357
375.7,0.00013780623,2147.3319700655493
375.8,8.6374e-05,2795.5149830353466
375.9,7.121852e-05,3269.166956760383
376.0,0.00014660395,2876.756305476326
376.1,0.012374764,3588.686135933936
376.2,0.018989787,1570.8816074710282
376.3,0.009214298,1323.9169764019107
376.4,0.0026004775,1533.128996545749
376.5,0.00036577202,2439.5595662201968
376.6,0.0001705264,3642.3944773735393
376.7,0.00012422001,3875.7965359840136
376.8,0.00010038539,3264.0438674347783
376.9,0.02373308,2327.1847156519484
377.0,0.01135349,6612.973586533335
377.1,0.008360707,3153.743108411392
377.2,0.015739832,2728.8483284973577
377.3,0.008817153,1796.382256099526
377.4,0.01688796,2039.3017402784856
377.5,0.0032361862,3060.8023059549314
377.6,0.008408343,2294.288415855082
377.7,0.008148603,9624.4436597088
377.8,0.013961981,1278.9966196676614
377.9,0.007311381,2189.1623820192435
378.0,0.0045741666,1370.6256174517762
378.1,0.003161846,4477.035364486595
378.2,0.0010322421,2465.9585787388737
378.3,0.00014917144,4306.6549489576355
378.4,0.00011888452,4641.747448361763
378.5,0.00010732462,4464.3768936572515
378.6,0.00011026667,3871.292223040454
378.7,7.347275e-05,3716.195064651397
378.8,0.0001084743,3035.1432461251206
378.9,9.6636824e-05,3073.9270606623086
379.0,8.698756e-05,3773.4780107764627
379.1,6.7431334e-05,4306.553852364063
379.2,6.623013e-05,3996.23186370368
379.3,6.8501075e-05,3913.7367614219634
379.4,0.00010549706,2903.66156249466
379.5,9.967216e-05,2430.2734848251916
379.6,8.230426e-05,2680.955221695922
379.7,6.219374e-05,3501.0764155032675
379.8,0.00014029433,2373.2260481277517
379.9,0.0033883797,8769.968556486789
380.0,0.022475472,1444.1799096886741
380.1,0.024053996,1507.9060276052237
380.2,0.020904932,1762.5560034783034
380.3,0.016375529,2812.2357003327056
380.4,0.012525972,3373.3496944747767
380.5,0.0067178267,7753.420940402136
380.6,0.0050215223,2994.709080079835
380.7,0.007477054,2577.8106638077147
380.8,0.006570289,2006.2693675387832
380.9,0.007885596,2587.249769353974
381.0,0.0048661022,9790.075678741543
381.1,0.004662167,3238.5071990685383
381.2,0.00069203257,3567.158588110657
381.3,0.00012132648,4770.691927713338
381.4,0.00011433697,4764.9992284349155
381.5,0.00013815874,4579.968166798017
381.6,0.00010812341,4646.38018596106
381.7,9.634546e-05,4267.905579793335
381.8,8.103814e-05,4305.473173793302
381.9,8.847671e-05,3411.3880315467336
382.0,8.670116e-05,3472.845998530196
382.1,7.76341e-05,3784.9132727523956
382.2,2.8466013e-06,4481.7153831261285
382.3,1.8973145e-07,10045.565278609838
382.4,1.9605221e-07,10074.730294231776
382.5,1.9691564e-07,9913.77090995343
382.6,1.9702492e-07,10063.135043043963
382.7,3.3544136e-05,4703.1921044367955
382.8,3.2438897e-05,3998.109851255961
382.9,2.5011788e-05,4871.749933654776
383.0,3.8536604e-05,4192.215052905086
383.1,7.4777985e-05,3290.0094434384373
383.2,4.1296105e-05,3898.5296935332412
383.3,6.9701666e-05,2916.2067253937107
383.4,4.2132597e-05,3526.391564283017
383.5,5.7371504e-05,3547.0492612426456
383.6,3.9692666e-05,3886.091847286172
383.7,5.676157e-05,3506.8802962479276
383.8,4.4889573e-05,3671.767291638632
383.9,8.239508e-05,2832.5428741062324
384.0,0.00038164746,1838.348709991661
384.1,0.005408412,3495.730183225888
384.2,0.008553325,3211.81258781168
384.3,0.0001527481,3976.97171009242
384.4,0.00010424445,4704.9899497062215
384.5,8.736708e-05,4420.080740496787
384.6,8.746415e-05,3868.6447811614207
384.7,8.813624e-05,3596.280818535617
384.8,0.00010252846,2525.597896269678
384.9,0.00025063744,1858.811442370412
385.0,0.014187134,2597.26582554981
385.1,0.012988594,8401.762294614853
385.2,0.015162296,4694.425274775125
385.3,0.015981479,2221.434906534374
385.4,0.006845141,3197.4396523600235
385.5,0.013047529,8462.250261844125
385.6,0.006046689,10899.75069003781
385.7,0.00014793278,6190.059279582616
385.8,0.00010818709,5937.846282414941
385.9,0.00011668958,5938.568070368444
386.0,8.856044e-05,5970.2297245534555
386.1,8.984511e-05,5997.837728986947
386.2,5.9159785e-05,6108.952972844784
386.3,5.8036094e-05,5793.2670600472065
386.4,4.0208968e-05,5932.633636956471
386.5,0.0001964313,2093.078474915043
386.6,0.00027099645,2171.220967343251
386.7,0.00025744768,2030.1342140617649
386.8,0.00018383765,1833.0975427354572
386.9,0.00011889315,2209.99038622392
387.0,6.0126593e-05,2891.944023406219
387.1,4.730817e-05,3374.683519276807
387.2,3.8182006e-05,4204.217034701969
387.3,0.00046355478,751.7143223083302
387.4,0.008361687,2410.745431633183
387.5,0.027827626,1538.4928999232498
387.6,0.027941922,1025.0424845937523
387.7,0.025781395,2195.0339281277134
387.8,0.022574611,2307.0860298992857
387.9,0.019672345,937.1293606572624
388.0,0.013762928,2133.990531532392
388.1,0.014557595,2498.2631635836847
388.2,0.010189414,2354.9732341757945
388.3,0.012468017,2041.1648100257407
388.4,0.005784385,2295.940417825015
388.5,0.0040836968,3278.01125939522
388.6,0.001705302,2997.2530771250217
388.7,0.00016758252,4105.033743612297
388.8,0.00014516864,3613.287484410648
388.9,0.00011682207,3384.622619253086
389.0,0.00010553573,2873.3803505464057
389.1,6.774184e-05,3114.798423343359
389.2,5.583508e-05,3077.9654777698333
389.3,6.880403e-05,2911.432322689507
389.4,5.2490606e-05,3476.3378116928257
389.5,4.1027444e-05,4041.91289880561
389.6,4.371428e-05,3717.121709426896
389.7,0.00022984853,4157.261456962734
389.8,0.001332858,4885.277263180897
389.9,0.0061531663,3466.1808974549426
390.0,0.0035771073,3841.827253777554
390.1,0.0012442175,2699.7246687344677
390.2,0.00014521311,3757.8119071492174
390.3,8.956701e-05,4129.08346333382
390.4,0.00012934298,2971.804345184191
390.5,0.0006614032,2632.6064897654232
390.6,0.001121144,2971.927139418299
390.7,0.000945333,3002.6676917955924
390.8,0.00057665404,2378.9288277475935
390.9,0.00017974328,2177.176799195337
391.0,7.855802e-05,3098.4524552060293
391.1,0.00010674803,2477.624766270211
391.2,0.046510212,3142.712606864413
391.3,0.05764817,1101.141965562117
391.4,0.02814968,2307.9346919932677
391.5,0.00021061276,4205.638206121854
391.6,0.028073007,3000.919865622312
391.7,0.005672167,4004.166459515246
391.8,0.015808098,2762.2655241266175
391.9,0.023646383,1031.9740391542823
392.0,0.014553268,2346.514418601463
392.1,0.001941904,4816.154848709685
392.2,0.0108702,9688.361965413638
392.3,0.023017267,2865.4197217534656
392.4,0.024823865,2216.6617071902933
392.5,0.024896728,2015.708907202268
392.6,0.02392635,2273.613739123399
392.7,0.00025375668,4017.2379893079183
392.8,0.000121865276,4617.494210837974
392.9,0.0062394785,2802.1216857356076
393.0,0.011400147,2861.9893859305434
393.1,0.006691505,1905.1875272543496
393.2,0.0010534872,1486.5012507191357
393.3,0.00036643463,2605.6434112846614
393.4,0.00012618267,3637.6915080016906
393.5,0.0001164915,2941.315247283304
393.6,8.247554e-05,2944.0954665189565
393.7,7.722351e-05,2715.6651931521183
393.8,7.440029e-05,2806.6550384210655
393.9,0.011099873,3290.00268682528
394.0,0.00948912,3956.3295347016747
394.1,0.0045132968,8628.097418898647
394.2,0.0036492418,9089.567878642478
394.3,0.0006516354,3555.9994214488825
394.4,0.010070207,2350.447692130303
394.5,0.012913965,1650.5482794636368
394.6,0.00707672,8378.447302663055
394.7,0.006441899,9283.178899654604
394.8,0.0002104197,5228.504535981434
394.9,0.00015976149,4872.740298488263
395.0,9.5496594e-05,5320.210739235398
395.1,9.886899e-05,5035.796803729067
395.2,9.12774e-05,5063.9254844141215
395.3,7.631013e-05,5481.014454677188
395.4,4.2951695e-05,5658.003684919197
395.5,5.841593e-05,5025.493216222565
395.6,3.3576558e-05,5320.8101288588305
395.7,2.4328763e-06,4162.274193101606
395.8,1.9799027e-07,9894.712549361378
395.9,1.9572043e-07,10061.985875897575
396.0,2.002765e-07,9754.143210963655
396.1,1.96812e-07,9860.767903365844
396.2,1.9692186e-07,10036.740984812746
396.3,1.9321358e-07,10187.557053139704
396.4,1.9681276e-07,10017.191489471199
396.5,1.944357e-07,10039.638150622748
396.6,2.0290018e-07,10111.227312329796
396.7,4.878831e-05,3555.0572493742147
396.8,6.5049586e-05,3112.4295935749265
396.9,8.018529e-05,2574.8183935688603
397.0,6.00637e-05,2699.8261064581
397.1,5.619399e-05,3159.8885834215666
397.2,4.87041e-05,3266.9853603720935
397.3,6.236873e-05,2993.284937199729
397.4,3.7085014e-05,4069.6989355683327
397.5,4.0970594e-05,4137.942092704273
397.6,5.4663833e-05,4584.975495140178
397.7,0.00015030675,3714.658297951847
397.8,0.013356996,2223.9561837215533
397.9,0.04108141,2682.822953142362
398.0,0.005559597,3524.7316962228083
398.1,0.00028345754,3405.1053388859946
398.2,0.00010247324,4470.223183476095
398.3,0.00012605428,6348.41439722654
398.4,0.00014663482,5430.567525083093
398.5,0.0025316817,9296.098748590062
398.6,0.024595223,6116.037603757503
398.7,0.044343513,2266.3287458756795
398.8,0.033973034,1541.6381035748918
398.9,0.042514697,970.5981260306439
399.0,0.04192072,949.957268029009
399.1,0.0010088369,6866.074151613506
399.2,0.00014809718,3959.4153701909518
399.3,0.031278394,2341.033276539409
399.4,0.007114303,3806.8260223011434
399.5,0.016790526,9500.494670970951
399.6,0.008234642,10622.18416941382
399.7,0.00016879942,6081.040255417911
399.8,0.0001456966,5507.078096909987
399.9,0.00012453181,5557.079870254265
400.0,0.000109001936,5649.247391563429
400.1,0.00011262597,5646.89083236539
400.2,8.8007335e-05,5910.430453687608
400.3,1.8981167e-07,9975.22289235835
400.4,1.8624026e-07,9850.766342012263
400.5,1.8828338e-07,10019.526180869692
400.6,1.9171767e-07,10118.184320203905
400.7,1.9697056e-07,9865.163129080907
400.8,1.9391305e-07,9881.98350620276
400.9,1.978388e-07,10200.857377263605
401.0,1.9687532e-07,10292.925699032749
401.1,1.9894179e-07,9979.019300930631
401.2,3.48585e-07,9807.987660588182
401.3,4.428206e-05,3937.219918924447
401.4,7.624382e-05,2824.406289045758
401.5,0.00014381229,1995.6443826522445
401.6,0.00019936147,1710.3784095128362
401.7,0.00016358605,1747.5567643377285
401.8,0.0001402321,1810.5725452435809
401.9,0.000120081655,2756.460570755039
402.0,0.021019157,2620.073407915206
402.1,0.018424654,7669.731111973705
402.2,0.0037850977,4534.554223775671
402.3,0.03279634,1704.2820253981931
402.4,0.02125372,1586.9213450466923
402.5,0.0080458475,1735.1580612103967
402.6,0.00014139956,4323.304033139075
402.7,0.00012175218,4392.710912035169
402.8,0.00011880261,3834.7790743990686
402.9,0.00011077172,3529.9011441098364
403.0,9.203701e-05,3241.837390029739
403.1,0.00026894716,2794.241180202911
403.2,0.026983792,4143.827789367402
403.3,0.024024408,2616.5812655456825
403.4,0.0031913733,2066.4199227740564
403.5,0.0015194563,4633.505855441494
403.6,0.019562636,1485.9285914141153
403.7,0.016472492,1897.4805274411883
403.8,0.0032513628,1506.1883274467777
403.9,0.00022350135,3586.642636400564
404.0,0.00012212529,4127.60187102824
404.1,0.00022676437,2551.5914310141875
404.2,0.00038197255,2097.0664839983747
404.3,0.0003405039,1945.8137341605272
404.4,0.00017608286,2056.891284407663
404.5,0.00010247514,2185.5763482926695
404.6,8.422401e-05,2497.884114050927
404.7,0.0003798664,4357.375017622554
404.8,0.022792624,7317.600249891589
404.9,0.056522578,1919.1301222944076
405.0,0.060671117,1786.811603459445
405.1,0.05839725,1957.0116156383315
405.2,0.03147489,1248.4757583986957
405.3,0.030181963,1516.4686525998834
405.4,0.02183512,2815.536873287898
405.5,0.00021370027,3497.4010225675115
405.6,0.01203993,2749.175542573306
405.7,0.008372291,4154.498545542333
405.8,0.003121483,3125.6431507377188
405.9,0.00026856433,3472.1744983203503
406.0,0.0001232822,4049.5540622964754
406.1,0.00013776076,3996.444098566021
406.2,9.254384e-05,4080.3983744824213
406.3,0.032221165,1894.1640148133902
406.4,0.023248294,6147.841265392464
406.5,0.027737267,5762.719463117642
406.6,0.06699853,1759.4549907317598
406.7,0.05436913,2016.0700993911807
406.8,0.05046599,589.0769468792344
406.9,0.026876021,849.0282607932515
407.0,0.02039548,2208.030359526143
407.1,0.00066378113,3022.983650563863
407.2,0.0054079713,4099.349813024857
407.3,0.0023979358,3146.193700218223
407.4,0.00021796404,3626.863613068215
407.5,0.00011953654,4043.9344480849586
407.6,0.00014091816,3527.1393726969213
407.7,0.00012618555,2753.7000527048517
407.8,0.00013949916,2238.486418219831
407.9,9.620223e-05,2358.7520508814137
408.0,9.8401346e-05,2369.339411554052
408.1,8.572968e-05,2590.461826655437
408.2,5.6950623e-05,3253.0978654641713
408.3,6.550051e-05,2773.7262738450577
408.4,4.7825586e-05,3870.764491336691
408.5,4.6579615e-05,4189.352421313264
408.6,3.3633685e-05,4530.944771205643
408.7,3.8175054e-05,4051.8109549160167
408.8,4.0399693e-05,3991.044919525013
408.9,0.00019996463,3865.2979481801713
409.0,0.014662386,10557.201900520176
409.1,0.025132036,2729.803372336504
409.2,0.0009207675,4746.601390811465
409.3,0.00011278311,5669.56944623241
409.4,0.00013641432,5053.247599446921
409.5,0.017046219,2096.923907411124
409.6,0.0074269692,1536.6334729801536
409.7,0.002833131,6308.515640923311
409.8,0.007417226,8497.009074768259
409.9,0.019705903,1256.2515070614368
410.0,0.016439196,924.3346034908919
410.1,0.016926192,851.5862214584412
410.2,0.01695609,858.6812480756859
410.3,0.017041687,847.0741395815958
410.4,0.017694721,864.8099734304456
410.5,0.020641128,917.8208000220807
410.6,0.02797622,1278.1828653420494
410.7,0.012169565,1743.782487090644
410.8,0.0001315556,3589.676376867128
410.9,0.00012003996,3810.0800500503647
411.0,0.00011239665,3365.931759021205
411.1,0.00010162191,2928.799749116435
411.2,0.015147595,2014.6738192420703
411.3,0.007577405,2425.1192008313387
411.4,0.0012555915,1644.7746883452237
411.5,0.0006397164,1693.3190490349623
411.6,0.00044768405,1875.853298918467
411.7,0.0002939619,1860.2270534042987
411.8,0.00019974318,2067.0727065421165
411.9,0.00011458023,2133.3508900992133
412.0,7.243469e-05,2661.9387236084804
412.1,8.5903564e-05,2307.1337225592415
412.2,0.016376857,3113.7110623649223
412.3,0.011728461,3623.676446801534
412.4,0.0062887417,9991.57670780041
412.5,0.0022789692,6367.256741627138
412.6,0.004875046,5990.808283907953
412.7,0.0032530003,3660.0802061644413
412.8,0.0034381645,6313.306980425417
412.9,0.0019203415,4731.625691385185
413.0,0.0020127553,2926.2387828217675
413.1,0.005410877,2339.6817401041894
413.2,0.0009333438,2042.750481814649
413.3,9.523522e-05,4668.405411139927
413.4,0.00011301841,4206.68783683655
413.5,8.314446e-05,4068.2188458907567
413.6,8.365384e-05,3840.7767908844544
413.7,7.5983175e-05,2852.9957112333823
413.8,0.00011151913,2249.761357556223
413.9,8.087862e-05,2392.7006448930897
414.0,1.9529594e-07,9871.212535498747
414.1,1.9872489e-07,9909.71768835889
414.2,1.9555436e-07,9904.386687817576
414.3,1.8970059e-07,10168.698219694968
414.4,1.9607982e-07,9817.00925992124
414.5,1.992908e-07,10003.14594108895
414.6,1.928815e-07,9970.64321655143
414.7,1.0971661e-05,5076.671274367236
414.8,7.003459e-05,2847.681772244103
414.9,8.640913e-05,2688.114510072879
415.0,0.00016126568,1750.3079388652286
415.1,9.4451534e-05,2650.821442054559
415.2,9.164276e-05,2333.273084796374
415.3,6.347085e-05,2833.7670794006235
415.4,6.154611e-05,3049.915793204237
415.5,0.00011296422,5325.920985962145
415.6,0.015901625,2368.7603844431383
415.7,0.023543479,2340.7367184311142
415.8,0.0101638185,7440.0199635528315
415.9,0.0070141903,4325.027441918231
416.0,0.011708482,2454.288720371033
416.1,0.009201343,6510.041685036659
416.2,0.0001562024,5237.738194792415
416.3,0.006618621,3105.1863723424453
416.4,0.0017073047,3316.353582868881
416.5,0.00016967971,4040.17126201675
416.6,0.00015825625,3611.234718190947
416.7,0.00013276833,3471.1865155630367
416.8,9.15149e-05,3553.190065761543
416.9,9.398977e-05,3200.5625120494906
417.0,6.2067746e-05,3096.525830238766
417.1,6.444325e-05,3290.326745290042
417.2,3.9828963e-05,3813.909545876023
417.3,0.00040180876,1714.016985706182
417.4,0.010395341,2467.137058256711
417.5,0.004783251,5980.720326043583
417.6,0.006079987,8263.44443479103
417.7,0.009889295,1895.785622897597
417.8,0.0003138386,4031.4002477779386
417.9,0.0018797286,2826.2433793365035
418.0,0.0028458852,3324.2279387993485
418.1,0.003282448,7838.373965544541
418.2,0.0024131625,3157.757689488765
418.3,0.00014383289,4870.247212873257
418.4,0.00011707595,5138.752096293871
418.5,9.911459e-05,4330.094493235747
418.6,7.2748764e-05,4977.183946269673
418.7,6.5227396e-05,4485.554534200806
418.8,6.0486036e-05,4070.893955627318
418.9,4.791002e-05,4204.413265698415
419.0,5.0048384e-05,3390.198311043174
419.1,9.366947e-05,2868.3362301734187
419.2,7.071244e-05,2921.754825712674
419.3,4.1447445e-05,3836.8295931211824
419.4,5.3247968e-05,3614.377383216899
419.5,4.2593147e-05,3514.977863114581
419.6,1.9534171e-07,10059.874376070076
419.7,2.015949e-07,9998.771109101062
419.8,1.9898889e-07,10098.606587438248
419.9,1.9275983e-07,10025.593189044563
420.0,1.9736515e-07,9950.815605837452
420.1,2.0038522e-07,9938.765369168084
420.2,2.0306435e-07,9963.461141494023
420.3,1.9704026e-07,9833.021820259553
420.4,1.9205739e-07,10282.382575011741
420.5,1.9483e-07,9853.813155248103
420.6,1.9420736e-07,10028.579810174851
420.7,1.9871081e-07,10111.283218639024
420.8,1.9898667e-07,9933.676171885181
420.9,1.9185384e-07,10183.136433568345
421.0,1.9231152e-07,10268.471738090484
421.1,1.9558857e-07,10030.227929175635
421.2,1.8880775e-07,10069.156738877282
421.3,2.0018331e-07,9950.493207743253
421.4,1.9720352e-07,9969.462368495728
421.5,1.9254009e-07,10003.550730690398
421.6,5.552218e-07,9985.455342003592
421.7,0.00010221219,2483.0858398048576
421.8,0.0001422497,2087.1470782500114
421.9,6.4505795e-05,3393.4043441505983
422.0,5.7410507e-05,3375.9343742122237
422.1,4.855518e-05,3801.855042248537
422.2,0.00019482573,6021.9939135044315
422.3,0.00090420037,1330.5979587213349
422.4,0.00843474,2486.1249912624753
422.5,0.0116230305,7784.043556367181
422.6,0.010540981,2480.480906685394
422.7,0.005997118,7347.230814111482
422.8,0.0075756223,2275.631583167567
422.9,0.0036687485,7692.96242494005
423.0,0.0033804884,3567.3296903295422
423.1,0.0016882443,2108.8637590929666
423.2,0.00918146,2206.0543857683674
423.3,0.0010515926,2276.61141320747
423.4,0.00041750554,2137.3354410263914
423.5,0.0001549556,3404.0545070636276
423.6,0.00016367156,2979.1471159913413
423.7,0.00013643096,3064.0633066547985
423.8,0.00014779785,2061.940728748519
423.9,0.00015074649,1685.6942705904062
424.0,7.698746e-05,2883.5200768120944
424.1,5.6662626e-05,2928.0454494692285
424.2,5.8523245e-05,3288.9312584877434
424.3,8.244416e-05,2591.6090074316917
424.4,0.00024314644,1246.486559524517
424.5,0.00021915942,1952.1760715817113
424.6,0.00017794651,1551.8833971383099
424.7,0.00017043151,1792.2609544811849
424.8,0.00013919336,1933.7830517428865
424.9,0.00012909874,1625.3635276803263
425.0,6.4410415e-05,2913.2470260036253
425.1,6.0446077e-05,3533.5882500163216
425.2,8.104695e-05,3751.755623726212
425.3,0.0009182506,6576.426194881084
425.4,0.0020544266,5616.616886068695
425.5,0.0036328062,5660.628737335241
425.6,0.0028259123,5280.101365063718
425.7,0.005223301,8710.454914428106
425.8,0.0026569485,8886.279365176131
425.9,0.0013465385,3728.7041495723797
426.0,0.0019920971,2646.345111795018
426.1,0.00029311338,3026.7572846945104
426.2,0.00011359511,4684.706059020538
426.3,9.0994414e-05,4853.1688534923305
426.4,7.9366386e-05,4612.165649955086
426.5,6.46358e-05,4461.671875685395
426.6,5.3183085e-05,4119.669744704819
426.7,4.8454396e-05,3417.0203020945205
426.8,1.907778e-07,9982.048481370162
426.9,1.9720225e-07,10094.175905896076
427.0,1.993837e-07,10161.783191644157
427.1,1.901877e-07,9795.717886961054
427.2,1.9995075e-07,10096.793523165083
427.3,1.9329556e-07,10003.806485715228
427.4,1.9967364e-07,10161.771594787395
427.5,1.9641735e-07,9977.055720910059
427.6,3.8617123e-05,4020.8394160462376
427.7,4.1782765e-05,3816.896574587253
427.8,0.00018797725,1837.8272078125767
427.9,6.432677e-05,3150.695353556086
428.0,7.163024e-05,2615.144120050721
428.1,5.1665367e-05,3226.3341393244655
428.2,4.876982e-05,3625.586580261432
428.3,0.00014071353,3041.5385308635387
428.4,0.0049508573,8100.446482622497
428.5,0.0019316853,4777.82439668898
428.6,0.001703799,5224.881964647883
428.7,0.0018539295,3689.521586219684
428.8,0.004249959,8946.656619412446
428.9,0.0037224547,8729.466783224143
429.0,0.00045448943,2861.196726417469
429.1,0.00013003603,5495.557051028516
429.2,7.564405e-05,5790.739440238993
429.3,7.325168e-05,5749.505994341032
429.4,8.475612e-05,5340.077867023652
429.5,4.8489597e-05,5945.732680505335
429.6,4.5259832e-05,5087.418869519288
429.7,4.381197e-05,4298.546740366918
429.8,0.0032310234,8974.002942040079
429.9,0.00016252873,5684.129806519695
430.0,0.0020387874,5481.237273976545
430.1,0.0024579174,3502.5385263286435
430.2,0.0047855284,6872.718916989094
430.3,0.002528694,11016.303312168058
430.4,0.0022971507,1678.6524776071853
430.5,0.00024811015,3984.3175192447507
430.6,0.00021110203,4119.4370316008
430.7,0.0004655174,2528.8542949345997
430.8,0.0005421652,2398.348119998577
430.9,0.00060561387,1512.6474560673278
431.0,0.000106693165,3476.2728206470993
431.1,0.0002799314,1537.6240266343693
431.2,0.00018353321,1679.87670134244
431.3,0.000285618,1506.422611544541
431.4,0.00011238108,1811.1464527161756
431.5,0.0001124392,2016.062796108124
431.6,8.063564e-05,2221.6965886095077
431.7,8.9829846e-05,2177.2582402745766
431.8,0.00029152795,2756.242951475122
431.9,0.003062472,7461.6340914555685
432.0,0.002676844,5056.194296824863
432.1,0.0023440619,6181.088021339701
432.2,0.0024539088,4235.44099886137
432.3,0.0016398998,3591.1008401361787
432.4,0.0037750711,10120.75091489488
432.5,0.0019694497,7588.355349379841
432.6,0.00021925716,4354.005710518
432.7,0.000118253665,4888.8747532212965
432.8,9.628784e-05,5593.54696225219
432.9,5.4850178e-05,5894.972357352663
433.0,5.565591e-05,5752.065794232303
433.1,6.6842935e-05,5145.5534367124055
433.2,7.298304e-05,4188.3167367863725
433.3,9.22569e-05,3076.6431782815816
433.4,4.6386045e-05,3387.3826715645937
433.5,4.134211e-05,3967.2801830661356
433.6,6.7655004e-05,3096.252147428012
433.7,5.651551e-05,3775.3779369832373
433.8,0.002495073,7562.319046167202
433.9,0.0007436706,4207.890598352507
434.0,0.002315515,5828.991925552493
434.1,0.00097053184,3752.855230666087
434.2,0.0025738825,3110.6690942940263
434.3,0.004046256,8022.346164203987
434.4,0.0012861973,8476.286412322546
434.5,0.00021229105,3854.9389764763864
434.6,0.000118213335,5061.915598012801
434.7,9.5986514e-05,5101.205272249408
434.8,0.00012867666,4166.600391694642
434.9,0.00013316244,3765.775961733756
435.0,0.00018905036,2417.442043539381
435.1,0.00012052636,2423.796527433436
435.2,0.000114370996,2124.6430516568935
435.3,0.00013020218,1927.759493010095
435.4,0.000119320204,2159.599487188155
435.5,1.9796928e-05,2315.655650317259
435.6,1.9491924e-07,9968.546936465285
435.7,1.9153768e-07,9987.587639714868
435.8,1.977272e-07,9813.409892457446
435.9,1.9828995e-07,9928.343783750624
436.0,2.0292609e-07,10110.05226331526
436.1,2.001538e-07,9911.146174612446
436.2,1.9670463e-07,10176.39405435596
436.3,1.9453732e-07,10180.863650475929
436.4,1.8474427e-07,10245.711941585909
436.5,1.9641449e-07,9869.425296861242
436.6,1.9986392e-07,9780.979441363754
436.7,4.2070234e-05,4329.759529397073
436.8,2.6637848e-05,4789.7195971269775
436.9,2.3406817e-05,5176.020593023808
437.0,0.00011000374,2036.3162928836584
437.1,0.00018044634,1641.2726957537257
437.2,0.00014701294,1726.1131928850239
437.3,0.00011086755,2051.087811618314
437.4,8.624432e-05,2372.6926006838094
437.5,6.2453844e-05,2693.2861426122927
437.6,7.048539e-05,3218.374633421817
437.7,0.00044291985,1134.9241890599174
437.8,0.0031393983,3401.0815808618586
437.9,0.003766314,3563.4418739639996
438.0,0.0022806583,3636.8031293057807
438.1,0.0041564447,7937.905431425272
438.2,0.002589627,6068.272888407437
438.3,0.0027994807,6132.604882013404
438.4,0.0012798846,6162.386807935041
438.5,0.0014004702,4735.746715803278
438.6,0.0038197364,10309.77407058921
438.7,0.00024817506,4892.114636498236
438.8,7.681016e-05,5945.679078629644
438.9,5.304747e-05,6082.544497979623
439.0,4.959337e-05,6234.562154512622
439.1,5.0889033e-05,6024.392576438007
439.2,6.827011e-05,4848.3917172826805
439.3,4.3617965e-05,5553.315817612846
439.4,4.758373e-05,4137.710586414368
439.5,5.937732e-05,3604.4484232277196
439.6,3.6043788e-05,3687.123137006997
439.7,2.6886166e-05,4529.852767207811
439.8,4.3253796e-05,3797.1021764214365
439.9,8.937269e-05,2924.859879308714
440.0,0.00080751034,951.5022336982513
440.1,0.004944292,2977.8729718856803
440.2,0.0031976043,3323.9227905878843
440.3,0.0027875183,3207.1467377801005
440.4,0.0022496718,7172.267562313222
440.5,0.0028968775,7360.69308575197
440.6,0.0006581354,4944.8584655787445
440.7,0.0018496508,4819.258364441546
440.8,0.0009908632,4139.757663635894
440.9,0.002659103,2513.748296926111
441.0,0.004199907,9238.217607996734
441.1,0.00024140172,4881.33247760081
441.2,0.00010971819,5100.773556316599
441.3,0.00012168216,4383.821265065137
441.4,0.0001192068,4472.50080343039
441.5,8.845063e-05,4814.4302269419695
441.6,8.5067804e-05,4625.550244387078
441.7,6.3164676e-05,4324.505335788672
441.8,3.4779798e-05,5080.4904060479
441.9,4.0665152e-05,4222.445802937239
442.0,9.986953e-05,2163.921856361758
442.1,0.0003344932,2160.6018524808132
442.2,0.0006332925,2267.8841923676196
442.3,0.00082762964,2426.101663695313
442.4,0.0005885363,2259.105244839915
442.5,0.00042515955,1829.260170789071
442.6,0.00027863376,1839.1899805988933
442.7,0.0002201591,1738.3518467011108
442.8,0.00011146982,2286.565678710761
442.9,7.722287e-05,2712.899786548055
443.0,7.2800234e-05,2724.441812725062
443.1,0.0017900645,4328.264874533627
443.2,0.008663862,2897.7378676635544
443.3,0.004486123,3492.743010926115
443.4,0.0023986688,4030.9896601034025
443.5,0.0033949034,8829.907901709192
443.6,0.00088737236,5074.665899629646
443.7,0.0023360504,5776.074846692904
443.8,0.000671743,3101.9302393562602
443.9,0.002121626,3564.1714849976133
444.0,0.006088404,9200.115156546566
444.1,0.0022451668,8480.825574805298
444.2,0.0002472283,4428.423740276587
444.3,0.000111679394,5686.100945462064
444.4,0.00010704039,5322.783856771731
444.5,8.0130805e-05,5598.441740888464
444.6,6.413749e-05,5688.776611211948
444.7,5.2374493e-05,5883.821643999358
444.8,4.7434256e-05,5549.997627349334
444.9,5.716878e-05,4002.283021609037
445.0,4.2757798e-05,4641.523682441119
445.1,0.0004708273,1032.6083344990402
445.2,0.0027641607,2962.468193962676
445.3,0.0033843406,2901.3435203952035
445.4,0.002272507,2638.484605568633
445.5,0.0019311751,7224.4723631044935
445.6,0.0010458695,4168.505580050635
445.7,0.0018125693,6615.580363275833
445.8,0.0008868573,3957.707236198739
445.9,0.0010426759,2976.5137569552517
446.0,0.0013780306,7009.735875850104
446.1,0.0015465948,7643.2548301762035
446.2,0.0008039974,2982.881319624428
446.3,0.00015977587,3874.3704166313128
446.4,0.00011301093,4556.966882037479
446.5,0.00016890398,3689.936490986584
446.6,9.465483e-05,3989.9478193066852
446.7,5.9599795e-05,4268.359419637923
446.8,4.875428e-05,3742.5242241158976
446.9,6.407421e-05,3053.9279507228075
447.0,6.251804e-05,3190.588454495193
447.1,3.3721215e-05,3821.614837862453
447.2,1.9941142e-07,10061.087270818738
447.3,1.9847533e-07,9963.273253024377
447.4,2.0004288e-07,10131.23541220335
447.5,1.8937504e-07,9963.083352291836
447.6,1.908073e-07,9863.49661854813
447.7,1.9554017e-07,9985.566974769039
447.8,1.9106872e-07,10203.029979250437
447.9,1.952593e-07,9929.237263265433
448.0,1.9492843e-07,10160.699813208039
448.1,1.9501259e-07,9883.451534573069
448.2,1.9811051e-07,10199.949389059311
448.3,2.0045904e-07,10060.3951460443
448.4,1.9375705e-07,10058.002627144753
448.5,2.0348578e-07,9998.351388726598
448.6,1.9210995e-07,9809.217272076503
448.7,1.9933586e-07,9781.571794259555
448.8,1.9411334e-07,10304.847548656406
448.9,1.9568178e-07,10053.455550637516
449.0,1.9686028e-07,10070.419791664566
449.1,1.9864689e-07,10147.266258859476
449.2,1.9591192e-07,9825.532452582076
449.3,1.8963873e-07,10072.302975887718
449.4,2.0199782e-07,10126.81741199308
449.5,1.9645749e-07,10074.88805549623
449.6,1.9181579e-07,10142.851362481593
449.7,3.9185743e-06,5986.423613628713
449.8,1.9738885e-05,5373.6990764350285
449.9,4.082683e-05,4111.595579290864
450.0,3.9053462e-05,3722.6459377621054
450.1,6.769384e-05,3001.516533725069
450.2,4.6509438e-05,3235.425288990666
450.3,5.7030476e-05,2803.9043141217335
450.4,7.913506e-05,2437.1362059288385
450.5,7.831842e-05,2578.721490121337
450.6,4.151189e-05,4182.510491347856
450.7,4.9067407e-05,3283.78042783863
450.8,3.0354664e-05,4474.86875096538
450.9,4.2896954e-05,3597.1806936728863
451.0,3.456852e-05,3976.8365112558754
451.1,0.0001379113,2981.7393671430295
451.2,0.0012893033,7635.501714478243
451.3,0.00053807365,4453.356211194636
451.4,0.0013628555,5394.0142885719615
451.5,0.00035485055,4154.8403120271105
451.6,9.4777155e-05,4286.506404567825
451.7,6.3826454e-05,4732.974170352985
451.8,5.57164e-05,4914.842256984248
451.9,4.249772e-05,4831.785628607274
452.0,3.613045e-05,4375.0074237252375
452.1,4.9835853e-05,3675.8508087242963
452.2,9.171504e-05,3243.124503323199
452.3,5.1753665e-05,3413.0414064193833
452.4,8.748256e-05,2930.2611579249296
452.5,0.0011397811,6609.348577524332
452.6,0.0014855817,7960.363431400114
452.7,0.00010889473,6461.795022773879
452.8,0.0023091815,6646.342191574897
452.9,0.0012436368,3268.5804314054662
453.0,0.00030158533,2736.7286423869773
453.1,9.342608e-05,4486.9141885299405
453.2,0.00010971472,4534.764217009679
453.3,0.000115977695,3634.302079311117
453.4,0.00017402052,2279.567064813861
453.5,0.00015942322,1878.575845352872
453.6,8.7845285e-05,3008.6232183272296
453.7,9.826721e-05,2612.176571404585
453.8,4.4094166e-05,3967.1545997022413
453.9,6.446672e-05,3448.4857812816244
454.0,9.022962e-05,2837.4016353168254
454.1,6.173274e-05,3305.8187505514265
454.2,4.9842925e-05,3402.527337514052
454.3,3.9540133e-05,4246.901861945195
454.4,6.218552e-05,3401.630708233091
454.5,4.020288e-05,3959.8653945859437
454.6,0.0013476133,7169.64807643952
454.7,0.001658341,5665.543842100531
454.8,0.00010159401,6376.988945894791
454.9,0.0018253139,6911.859393649296
455.0,0.0007012381,4061.199711429389
455.1,0.00017475503,3802.555567158428
455.2,0.00012642784,3979.7233191281966
455.3,0.00010529407,3940.3111636969793
455.4,0.00013161231,2864.8141352979337
455.5,0.00015416481,2693.3313478381046
455.6,8.4094245e-05,3512.8663812027307
455.7,8.970897e-05,2821.955483207834
455.8,8.919227e-05,2735.647302664014
455.9,5.916448e-05,3454.637786094214
456.0,4.1729636e-05,4001.3223781092597
456.1,5.3397835e-05,3906.6404732103556
456.2,5.016864e-05,4101.736671042343
456.3,6.593926e-05,2987.2994455169473
456.4,4.890166e-05,3317.4961311805573
456.5,3.8779774e-05,4216.605339655765
456.6,5.0279792e-05,3775.7326961375484
456.7,0.0014186555,8423.4468661125
456.8,0.0014783612,5231.0078614795175
456.9,9.974077e-05,5183.034962610905
457.0,0.001684003,6727.464270140981
457.1,0.00013245152,4137.659248583132
457.2,0.00030123573,1876.02729996876
457.3,0.000110799985,3583.017688719223
457.4,6.8124646e-05,4204.095709091456
457.5,5.3567866e-05,4331.882217958255
457.6,0.000196408,3222.629120857373
457.7,7.1166236e-05,3001.3579149726265
457.8,5.5396817e-05,3305.480351573384
457.9,5.238355e-05,3703.1914230151965
458.0,4.606707e-05,3955.080473448319
458.1,3.1671916e-05,4543.247698990785
458.2,6.509491e-05,2962.232467145808
458.3,5.2590683e-05,3469.566195984767
458.4,7.373578e-05,3315.2295431291304
458.5,3.4895616e-05,3960.475585596677
458.6,4.1837953e-05,3684.011474273432
458.7,0.0014571112,6138.510586624674
458.8,0.0030909367,8545.534911144767
458.9,0.0015762832,4670.432742427312
459.0,0.0004356132,2684.06642154585
459.1,0.000116236064,5268.048702279538
459.2,0.0016960858,3927.989347725254
459.3,0.0015917604,3169.376283949464
459.4,0.00025729794,2960.954216912154
459.5,0.00012715782,3150.739028264893
459.6,7.8416364e-05,3540.358501753809
459.7,7.213901e-05,3502.188512295794
459.8,5.2409323e-05,3291.3868651507273
459.9,5.7463112e-05,3155.473462731321
460.0,3.2710846e-05,4176.814842149883
460.1,4.660602e-05,3910.0652323581826
460.2,5.285786e-05,3717.4461614288025
460.3,5.490272e-05,3286.916712284691
460.4,0.0017618053,8075.999587937084
460.5,0.00314277,8603.56348469304
460.6,0.0019295061,3204.316738071605
460.7,0.00013664612,5510.126137976178
460.8,0.0009647361,5914.8182044561945
460.9,0.00095655443,4514.553244724202
461.0,0.0015664123,3154.8808996345706
461.1,0.00062315684,2170.340502566388
461.2,0.000403375,1850.2008226556923
461.3,0.00032272033,1802.7253358239245
461.4,0.00055073056,1105.4816564963307
461.5,0.00021507811,1652.5600707364595
461.6,7.012757e-05,2682.4758667716496
461.7,9.4347524e-05,2173.8778966235022
461.8,0.00013355108,1703.9122703254116
461.9,9.3287556e-05,2035.6709520000522
462.0,0.00011814461,2019.9149396573405
462.1,7.6779055e-05,2728.6580924837663
462.2,7.7834055e-05,2580.8051474639774
462.3,5.4539832e-05,3101.947248219335
462.4,6.0068487e-05,3078.7354055372516
462.5,0.001656572,6665.621886028505
462.6,0.002771719,8353.700941935336
462.7,0.0011546988,3627.7606474952145
462.8,0.0009924188,2993.3558604605582
462.9,0.00057138054,2303.319298383122
463.0,0.0004896043,1911.2196216705395
463.1,0.0004332499,2038.4892621076224
463.2,0.00177737,6135.753913739752
463.3,0.0007120945,2970.825020836461
463.4,0.00035247378,2288.732396898975
463.5,9.526419e-05,4280.316528289664
463.6,6.474012e-05,3987.9400906457377
463.7,7.292767e-05,3825.188926809855
463.8,4.006259e-05,4099.261525485841
463.9,4.7048583e-05,3554.7565848202853
464.0,3.1197713e-05,4355.641921995983
464.1,3.333641e-05,4427.45708084932
464.2,4.77188e-05,3975.050264391153
464.3,4.6209756e-05,3443.741877627869
464.4,4.1121337e-05,4019.7143282662073
464.5,4.23806e-05,4072.7005783340524
464.6,0.00082369224,7270.287306070545
464.7,0.0018727849,6913.240980290983
464.8,0.0010180884,4431.050493060048
464.9,0.000106444364,4755.6473068676205
465.0,0.0011104632,6553.903780028471
465.1,0.00057888916,2496.28792918746
465.2,0.0001806754,3527.335097004221
465.3,9.236725e-05,4153.5375394526345
465.4,7.049094e-05,3896.398334590982
465.5,5.7068533e-05,3856.2894587187598
465.6,6.269371e-05,3524.197335732937
465.7,4.500036e-05,4294.049404042622
465.8,5.5390596e-05,3318.4977802873227
465.9,3.821669e-05,3766.3703621144095
466.0,3.3259814e-05,3916.815072544599
466.1,3.6576726e-05,4291.7640029887725
466.2,5.5774788e-05,3408.948195127793
466.3,2.0617277e-07,10034.813880544294
466.4,1.9350279e-07,9922.199808219622
466.5,1.938907e-07,9775.463676166684
466.6,1.96695e-07,9983.825481796805
466.7,1.9669214e-07,10076.115687424171
466.8,1.9038302e-07,9857.401999531288
466.9,1.968494e-07,10046.16618949819
467.0,1.8864453e-07,9820.132630255004
467.1,1.9258721e-07,10003.98762871806
467.2,1.9398513e-07,9846.757802713117
467.3,1.9006764e-07,10141.128297779691
467.4,1.9762317e-07,10253.161840797624
467.5,1.9392317e-07,9701.272923372802
467.6,1.992167e-07,10022.067888451049
467.7,1.9618726e-07,9967.487055186
467.8,1.9572384e-07,10209.8316152085
467.9,1.9392851e-07,9989.789107263585
468.0,1.9309384e-07,10102.299673337862
468.1,1.9633931e-07,10047.26467077632
468.2,1.9771306e-07,10092.921078326002
468.3,1.9359503e-07,10181.688089915977
468.4,2.0067512e-07,9833.88676552834
468.5,2.0054651e-07,10149.071218573059
468.6,1.9510536e-07,9649.789318349234
468.7,3.91712e-05,4368.497075964777
468.8,3.9613933e-05,4251.897561620481
468.9,6.0072307e-05,3203.489992493116
469.0,7.645993e-05,2790.5540133491595
469.1,5.798095e-05,3167.8139425091986
469.2,6.434798e-05,2710.960007899311
469.3,4.9925256e-05,3096.114581763857
469.4,5.3133856e-05,3160.3672612485766
469.5,3.760813e-05,4327.489616113509
469.6,5.065904e-05,3917.1137081751003
469.7,4.9958788e-05,3348.660941775553
469.8,0.0017026587,634.7397036187505
469.9,0.005570228,3026.245410608634
470.0,0.0070767417,2864.6241689869007
470.1,0.003355637,2910.3251177850266
470.2,0.0015035893,3541.1553725533226
470.3,0.0030204677,8436.715305766293
470.4,0.0023311058,8537.086320677348
470.5,0.0006172565,4752.7154375975915
470.6,0.00012343485,5858.108419830851
470.7,0.00157465,6291.590980188947
470.8,0.001053144,3874.219451336491
470.9,0.00090691115,2298.4482996562256
471.0,0.0004106089,2142.203107715165
471.1,0.00020930522,2525.073390936208
471.2,9.769193e-05,3233.3448530367077
471.3,6.6280365e-05,3359.959722173645
471.4,5.3481366e-05,3408.4373624837335
471.5,6.158281e-05,3171.7890689296346
471.6,8.314596e-05,3009.2800075246014
471.7,0.00013199929,1972.9157528721018
471.8,0.00017717713,2888.2270489664725
471.9,0.0019771953,3025.91685935183
472.0,0.0021516092,3454.5119344816135
472.1,0.0016633949,2998.245678728523
472.2,0.0016845406,5681.400664448408
472.3,0.0029408443,9095.73796669481
472.4,0.0005377939,4981.751869112482
472.5,0.0013181127,5778.084695257498
472.6,0.0005345859,2650.600513028162
472.7,0.000112484704,4539.61160086939
472.8,9.861266e-05,4497.278830257539
472.9,7.773979e-05,4191.2245604015225
473.0,0.00010653196,3755.475845059018
473.1,7.04307e-05,3651.5342861689787
473.2,6.874083e-05,3285.912955822242
473.3,8.2507584e-05,2538.8380085381295
473.4,4.070102e-05,2437.396939709428
473.5,1.9647571e-07,9985.170853496187
473.6,1.9289183e-07,9960.154842502448
473.7,1.9773405e-07,9687.651966809757
473.8,1.8461712e-07,10078.328037765768
473.9,1.9458518e-07,10103.343810732125
474.0,3.7647405e-05,4106.956575607379
474.1,7.459431e-05,2513.999137323719
474.2,8.283134e-05,2497.5021804598596
474.3,0.00011106262,1873.3841485060202
474.4,0.00011954117,2072.595412029461
474.5,7.804709e-05,2491.811920909937
474.6,8.245083e-05,2180.322845932662
474.7,0.0009449524,2444.045818186998
474.8,0.0028014444,3400.7157817443567
474.9,0.002889125,3419.02621493539
475.0,0.0013098805,3485.0798370921234
475.1,0.00088182586,4823.041520771445
475.2,0.0010920224,7699.856316513877
475.3,0.0013399242,6652.655553933595
475.4,0.00013958637,5648.1997495001215
475.5,0.00044289048,4060.0300276114594
475.6,0.00010592662,4845.680792350621
475.7,7.896114e-05,4330.241718956879
475.8,0.000107047454,4187.781767907854
475.9,0.0054909177,3842.0209359597193
476.0,0.0060866238,3010.405288373244
476.1,0.0050118323,2859.1924743600784
476.2,0.0035054532,6658.709812636498
476.3,0.0046677864,10595.7962464024
476.4,0.0026897606,6226.944918012905
476.5,0.00089785695,6952.545793240217
476.6,0.001179343,6533.26449480526
476.7,0.00018043233,4399.75767424628
476.8,9.350527e-05,5030.058234138243
476.9,8.1848855e-05,5105.177013353582
477.0,6.8233574e-05,5213.121712018095
477.1,6.265764e-05,4931.815521775074
477.2,0.0004062374,2254.039224191368
477.3,8.7389344e-05,2633.2962739693985
477.4,6.365408e-05,2650.2565516438217
477.5,6.6754124e-05,3066.3936385587567
477.6,5.513136e-05,3340.1500354875247
477.7,4.4058128e-05,3480.498004217763
477.8,8.404182e-05,3026.690039151574
477.9,5.1741215e-05,3207.6505673923166
478.0,6.019539e-05,3352.1645524990477
478.1,4.4749064e-05,3709.9466360147376
478.2,3.599075e-05,4515.279942041076
478.3,5.0215654e-05,3557.0201384466436
478.4,0.0003903789,962.7654539180063
478.5,0.0035197681,2685.4537871754424
478.6,0.0028819977,2935.5744257265164
478.7,0.002327271,3057.843251437536
478.8,0.0014841141,2754.4778750168334
478.9,0.0022902347,7027.143787172559
479.0,0.0024752924,9972.398004638428
479.1,0.0011339574,5000.626843342691
479.2,0.000109952365,5421.054937653822
479.3,0.0014453015,5094.991224175632
479.4,0.0003649708,3047.641013787612
479.5,0.0001008454,4438.464794888503
479.6,8.0113154e-05,5173.083408222296
479.7,6.184562e-05,4733.491941208432
479.8,3.782155e-05,5393.948499494707
479.9,5.271058e-05,4677.341078138135
480.0,0.0009690931,899.5268221581543
480.1,0.0055828253,2543.4758085801723
480.2,0.0063155903,2438.08319707048
480.3,0.0042939326,2822.938489773232
480.4,0.0013712068,3291.764739941888
480.5,0.0028285203,8314.00361330275
480.6,0.0024925754,9944.58448539253
480.7,0.00018171348,6225.464630533458
480.8,0.00010771285,6096.817606957724
480.9,0.0011691992,6992.554932211409
481.0,0.00037987344,2891.331289113908
481.1,6.7623805e-05,5136.329010500844
481.2,5.6209305e-05,5093.5961238887485
481.3,6.669267e-05,4786.529997617948
481.4,4.5005072e-05,4820.234025342545
481.5,4.3947795e-05,4263.528735456452
481.6,5.4416923e-05,3726.0951276119226
481.7,4.7258327e-05,4173.900796723559
481.8,3.972191e-05,3719.906417869749
481.9,4.1155887e-05,3587.7351310382646
482.0,5.2192132e-05,3464.5553988395727
482.1,3.901542e-05,3928.114987731763
482.2,4.8630234e-05,3391.176336285486
482.3,1.9478281e-07,9858.13620057879
482.4,1.926004e-07,9973.46353205428
482.5,1.9963053e-07,10204.551294106637
482.6,1.9794045e-07,10133.740970873487
482.7,1.9851186e-07,9733.17249673438
482.8,1.940047e-07,9907.48030679864
482.9,1.974142e-07,9937.379106874063
483.0,2.011804e-07,10120.413378512658
483.1,1.9481881e-07,10007.643837566815
483.2,1.9784882e-07,9795.834771718204
483.3,2.0150183e-07,10130.471770394875
483.4,1.9791199e-07,9988.183194944198
483.5,1.9431151e-07,9660.446070503887
483.6,3.823292e-07,9861.147244394997
483.7,8.733999e-05,2298.966656086641
483.8,0.0001765757,1554.5770125608447
483.9,0.00012945493,1964.5261181506646
484.0,0.00014795394,1865.1569905560375
484.1,8.193894e-05,2117.6931665925604
484.2,6.311013e-05,3419.072609717553
484.3,5.7891542e-05,3106.687775260373
484.4,7.132103e-05,2741.9324327392787
484.5,7.392221e-05,3073.4955122302035
484.6,0.00042875196,859.1971404183488
484.7,0.00038754698,1673.901102561033
484.8,0.000488753,1199.1857611890493
484.9,0.0032098773,1533.721066409762
485.0,0.0062771062,1632.920769871393
485.1,0.005032852,1419.2055944088538
485.2,0.002719505,1540.518188549087
485.3,0.001483641,1659.3442106031325
485.4,0.0007741237,2090.0814447667785
485.5,0.0007932939,2482.746375281475
485.6,0.0005069372,2594.0808461334273
485.7,9.5479205e-05,2961.8926149596637
485.8,6.413264e-05,3326.8115415510965
485.9,6.819094e-05,2919.7629904046807
486.0,7.355678e-05,5462.479765088483
486.1,0.0011744109,2573.9122472617823
486.2,0.0008335808,2586.440150018875
486.3,0.00030786011,2322.5066476985794
486.4,6.824643e-05,3644.4409578402074
486.5,8.753709e-05,2872.428185340964
486.6,5.6334145e-05,3052.9771072775493
486.7,4.593132e-05,3386.9048964493577
486.8,5.1880685e-05,3384.311116476413
486.9,6.301271e-05,3134.1883409303796
487.0,5.163442e-05,3595.795479200548
487.1,3.9351085e-05,3778.7681912279154
487.2,4.133868e-05,4166.825282549338
487.3,5.7283596e-05,3409.947616049195
487.4,0.00015967435,2632.260863600626
487.5,0.00024025321,1737.786605169378
487.6,0.00022282611,1742.582234785733
487.7,3.5387063e-07,10134.039984907567
487.8,1.9431579e-07,9946.141624365575
487.9,1.885403e-07,9933.581158964324
488.0,2.0273518e-07,10255.987768004277
488.1,1.940647e-07,9993.332710743474
488.2,1.9525754e-07,10038.393895310744
488.3,1.9947124e-07,10141.47090846859
488.4,2.064469e-07,9897.865149278476
488.5,1.9284572e-07,10277.320375908233
488.6,1.9419522e-07,9938.480408306079
488.7,1.9488618e-07,10159.392790584676
488.8,9.575973e-05,1785.936146465419
488.9,0.00015010554,1692.1736475456712
489.0,9.710418e-05,2104.9359286683584
489.1,7.6224555e-05,2869.056587211052
489.2,6.320784e-05,3251.3850278172604
489.3,4.798921e-05,4225.1034125196675
489.4,3.887259e-05,4117.935392049593
489.5,5.136956e-05,3859.7520065842
489.6,4.6997167e-05,3879.4454379330646
489.7,0.00015526544,3075.0812468009935
489.8,0.0015227087,6821.17366727313
489.9,0.0011217821,5011.554591081516
490.0,0.001043917,3069.049345219654
490.1,0.0015103694,2709.1998922379316
490.2,0.0011295271,4422.166163565948
490.3,0.003147855,9912.107770662198
490.4,0.00092900515,3200.160124457273
490.5,0.000103245446,5325.230339950831
490.6,8.03937e-05,5643.663881544509
490.7,7.4306605e-05,5602.171348794144
490.8,7.54828e-05,5203.3931552839185
490.9,6.0688235e-05,5434.426489170994
491.0,5.6505043e-05,4026.6441848834393
491.1,5.193869e-05,4214.521370653472
491.2,8.022467e-05,2632.6478786148195
491.3,0.00015746924,2447.5196223660505
491.4,0.003918634,9226.20680400478
491.5,0.0013493953,4801.874925651891
491.6,0.0020472857,5393.064231315895
491.7,0.0019295966,3927.960675100868
491.8,0.0020777364,3355.2681875237618
491.9,0.003745059,9037.92386354518
492.0,0.0020648357,7469.188476919655
492.1,0.00024522818,3740.1968234687038
492.2,0.00012872701,4701.844526150318
492.3,0.00011674099,4835.890164841174
492.4,0.00011761487,4690.063680532598
492.5,8.0257756e-05,4434.698163513234
492.6,8.940419e-05,4021.591563052496
492.7,7.372318e-05,3234.7569609344728
492.8,8.7237495e-05,2345.1933855416546
492.9,0.00012934707,1884.570380549665
493.0,0.00012771816,1818.5747668798824
493.1,0.00013859913,1719.9399353269332
493.2,0.00016108184,1594.6743835800817
493.3,0.00041356304,3254.732320929414
493.4,0.0032379748,6204.302290152517
493.5,0.0039073746,4380.554377787271
493.6,0.002283261,3465.3560198276155
493.7,0.0036462997,3645.882581006854
493.8,0.0019001826,3404.7594569459648
493.9,0.0045550405,9940.484041329211
494.0,0.003311454,8248.747562005025
494.1,0.00037163353,3265.267620540061
494.2,0.00015250826,4439.687034815905
494.3,0.00013513237,4731.587627091067
494.4,0.00016785924,3883.608611123217
494.5,0.00013036946,3758.397487765673
494.6,0.00014017402,3180.1266070979887
494.7,0.00012171532,2664.5813629375198
494.8,0.000106674925,2709.988362832741
494.9,0.00010791506,2105.9376598757017
495.0,9.950889e-05,2045.303879508142
495.1,0.00014603484,9691.285355322292
495.2,0.00026992368,2888.768152156727
495.3,0.0025605443,8622.78204186821
495.4,0.00022177945,4335.955281791716
495.5,0.002199735,5881.29756125578
495.6,0.0012702834,5423.21122632788
495.7,0.002260676,2734.321503856279
495.8,0.0032059895,7799.96226140358
495.9,0.002838922,9556.40765561553
496.0,0.00045617818,4986.6799917835215
496.1,0.0001713016,4006.952874424627
496.2,0.00014461234,4568.441868182058
496.3,0.00012931488,4270.185496956679
496.4,0.00014235509,3993.0046801437497
496.5,0.00012710298,3603.430851564708
496.6,0.00010964175,3406.3244532429953
496.7,2.5363477e-07,9197.375063957941
496.8,1.9794635e-07,9829.197972112128
496.9,2.0458377e-07,9986.228021573686
497.0,1.9767016e-07,9915.895052447791
497.1,1.9714425e-07,10185.91804902827
497.2,1.947546e-07,10049.862845714704
497.3,1.9818934e-07,9847.61654864813
497.4,1.9825563e-07,9957.230885230652
497.5,2.029092e-07,10031.993260733208
497.6,1.925663e-07,10058.881535232791
497.7,5.6113593e-05,3224.1793600355895
497.8,8.468612e-05,2898.0908163366666
497.9,7.003807e-05,2759.2333316797913
498.0,6.7517816e-05,2581.075102275464
498.1,8.768545e-05,2413.4077484788227
498.2,7.870375e-05,2940.162267721939
498.3,0.0015576101,559.939136192814
498.4,0.0029263208,3197.056494820134
498.5,0.004206256,2970.190266600947
498.6,0.0026185373,2909.940036788859
498.7,0.0050939047,10311.170998922125
498.8,0.003502257,9234.677022261443
498.9,0.0013680592,5623.30091233474
499.0,0.0009617017,4804.316946875983
499.1,0.0012986775,2826.2979603546296
499.2,0.003585956,7866.110866519413
499.3,0.0035027156,9337.57894552565
499.4,0.0001514428,5002.609904511908
499.5,9.474557e-05,5770.457919611252
499.6,6.630678e-05,6068.285380797439
499.7,8.508994e-05,5087.846657058855
499.8,8.218986e-05,4968.29138935389
499.9,8.158837e-05,4571.337628711652
500.0,9.110598e-05,3079.976153270492
500.1,5.139564e-05,3766.1440384905245
500.2,0.0005575897,2204.703411883015
500.3,0.00036876797,1968.5258862432395
500.4,0.0026779964,2590.6968583253997
500.5,0.0038137776,3041.649452080667
500.6,0.0021572125,6190.00396899041
500.7,0.0027447694,9076.907013617514
500.8,0.00257507,5809.7245917325
500.9,0.0022054599,5274.158890919767
501.0,0.0005690632,3793.4544994939615
501.1,0.0011997777,3000.3365250670245
501.2,0.00452843,9690.02569894835
501.3,0.0009635455,7189.33767452549
501.4,0.00015110652,4809.690791441415
501.5,8.8544984e-05,5182.528042386033
501.6,7.182477e-05,5626.079150832937
501.7,3.8039816e-05,6540.540809237174
501.8,5.0689363e-05,6043.579571873295
501.9,5.228371e-05,4779.824404492823
502.0,7.261028e-05,3684.0135152255134
502.1,0.00010883783,2213.3228597608854
502.2,0.0001158027,2132.148529280847
502.3,0.00018143519,1993.233525392703
502.4,0.00012734852,1964.4284111224047
502.5,6.172091e-05,2756.5995370759274
502.6,0.00023104818,1323.1619063636883
502.7,0.0028388088,2791.4890554187764
502.8,0.004312726,3177.2244378096348
502.9,0.0018466975,4230.687590203022
503.0,0.0038845139,9558.400563074807
503.1,0.0003424651,7141.558440155367
503.2,0.0010587426,5728.623024681778
503.3,0.0013287163,2353.615877757416
503.4,0.0012083745,5269.449958164021
503.5,0.0010806785,9319.372750370065
503.6,0.00019881994,3947.1562241553524
503.7,7.857034e-05,5526.164282301539
503.8,5.881268e-05,5854.608883507948
503.9,4.92838e-05,5901.703049226083
504.0,0.0020613202,768.2767080807114
504.1,0.0048586247,2773.8344857113107
504.2,0.0069206166,3316.285637609298
504.3,0.0053963186,7792.371541423499
504.4,0.0043569235,9309.522353327102
504.5,0.0028281831,4889.659520163246
504.6,0.0011850876,5149.110515026683
504.7,0.001280216,3120.122963162899
504.8,0.00436391,9218.408668666874
504.9,0.0022585,9686.678974024915
505.0,0.00012315814,5934.286426115002
505.1,9.507131e-05,5888.666027285704
505.2,5.8794853e-05,6437.92970901787
505.3,5.8818783e-05,6409.151675832338
505.4,4.1663166e-05,6747.321909444372
505.5,5.3386462e-05,5488.99482023733
505.6,5.702334e-05,4581.275936660036
505.7,1.9588202e-07,10085.507777376217
505.8,1.9644385e-07,10093.92258005242
505.9,1.982384e-07,9880.494857313892
506.0,1.900269e-07,9937.829906215444
506.1,1.9385391e-07,10210.312978009113
506.2,1.9724364e-07,10136.299159038728
506.3,1.9740492e-07,10098.071643873041
506.4,1.994023e-07,9880.370196438542
506.5,2.0146115e-07,10164.626656594115
506.6,2.0087374e-07,9695.944111068478
506.7,1.971471e-07,10063.215845229704
506.8,1.9243467e-07,10257.196521541788
506.9,1.9194042e-07,9916.165665533232
507.0,2.048205e-07,9845.178184270637
507.1,1.9269652e-07,10095.23415314485
507.2,1.9816603e-07,9918.558500729527
507.3,1.9305438e-07,9935.36486024927
507.4,1.9481134e-07,10022.374851178029
507.5,1.924683e-07,10236.381181294813
507.6,4.280209e-07,7456.597333768771
507.7,0.000110740206,2122.3642924143373
507.8,0.000119130615,1911.2111374951505
507.9,9.906849e-05,2247.663177942647
508.0,8.574604e-05,2381.9955135117852
508.1,8.1910424e-05,2341.909462967307
508.2,6.953185e-05,2810.7615658134673
508.3,4.763857e-05,3708.861650269503
508.4,4.0218372e-05,4170.256284406877
508.5,4.7778736e-05,3445.537651008485
508.6,0.00018221307,3849.093805468335
508.7,0.002198614,9601.183007650561
508.8,0.002151999,6499.415245891776
508.9,9.841625e-05,5893.864541729729
509.0,0.0017898965,5098.426249936597
509.1,0.0009156334,2708.460343558428
509.2,0.00013390514,4089.072354239506
509.3,7.52247e-05,4707.426867353508
509.4,9.075178e-05,4006.3059527524456
509.5,5.1775416e-05,4810.532480889185
509.6,4.8985545e-05,4134.99863608303
509.7,5.468477e-05,3530.556067308565
509.8,3.0388415e-05,4489.076065339096
509.9,3.9459548e-05,4143.768363437109
510.0,4.5063847e-05,3914.914366961757
510.1,5.546652e-05,3490.3746890626985
510.2,4.3999225e-05,3584.96619391778
510.3,4.7262034e-05,4278.3183846228185
510.4,0.0007954287,4274.580756145823
510.5,0.003108876,6975.759855294321
510.6,0.0012128557,5477.290315926821
510.7,0.00014007455,4680.281695157737
510.8,0.0015669742,4976.477791696951
510.9,0.0014418396,5526.05864431918
511.0,0.0004946742,2046.8081341884586
511.1,0.00013367065,3765.9834544530636
511.2,0.00011100844,4047.7887173388044
511.3,6.778413e-05,4217.8402536580115
511.4,4.525393e-05,4460.855935520126
511.5,4.271252e-05,4424.443956185794
511.6,5.9061014e-05,3355.341073944518
511.7,4.0244042e-05,4066.7387669272366
511.8,3.0146306e-05,4512.200599421278
511.9,4.9720937e-05,3645.4566415613813
512.0,3.4732027e-05,4133.118378589584
512.1,4.9061877e-05,3396.884828592679
512.2,0.00027345176,3891.86653303465
512.3,0.003501583,8068.363317707195
512.4,0.0023720444,4467.238092776663
512.5,0.000104094455,5076.746486389031
512.6,0.0014579769,3191.5393141383274
512.7,0.001015019,4302.361632635542
512.8,0.0002944149,2641.7973442043162
512.9,7.8689016e-05,4651.2052501738835
513.0,8.22828e-05,4400.118878458706
513.1,5.9017362e-05,4287.809757672324
513.2,4.815885e-05,4190.511079625838
513.3,4.866038e-05,3581.112297441814
513.4,3.2863e-05,4582.487416426087
513.5,2.683986e-05,4914.243732632287
513.6,5.926447e-05,3788.0301447357983
513.7,5.1954252e-05,3644.7892306659583
513.8,4.8988073e-05,3840.043859991121
513.9,3.5584388e-05,4164.724200139515
514.0,4.941679e-05,3537.9216440670198
514.1,4.3804877e-05,3585.887737687121
514.2,0.00028682488,3968.5509429775116
514.3,0.0009625784,6458.019149822283
514.4,0.0011100533,2326.824057791126
514.5,0.0003308386,3849.614484696716
514.6,0.00010535531,3749.5183789840253
514.7,0.0019326947,6133.70978208636
514.8,0.0007870167,3931.231499248441
514.9,0.00015907886,3715.657760935358
515.0,9.541924e-05,4132.383631754653
515.1,5.5892295e-05,4685.816619941413
515.2,5.5346627e-05,4449.575751009295
515.3,4.1970958e-05,4330.769661180657
515.4,4.687955e-05,3823.5185085467742
515.5,9.645128e-05,2181.460781613874
515.6,9.500135e-05,2292.5830370758213
515.7,0.00016092826,1805.95353479111
515.8,0.00021701652,1766.2658917656904
515.9,0.00021197183,1874.608090153594
516.0,0.00022208774,1508.8307970510484
516.1,9.90605e-05,2143.319165906182
516.2,0.00016001139,3795.021330593538
516.3,0.0015748595,8250.284687701364
516.4,0.0023538605,5885.910062911736
516.5,0.0020451052,2739.827433832823
516.6,0.00020432727,4344.767176015471
516.7,9.3639545e-05,4688.8845363141645
516.8,0.0012081416,6306.646205838153
516.9,0.0016570512,3466.115697960956
517.0,0.0007728784,2108.191955998429
517.1,0.00014570211,3286.821449127177
517.2,0.000106956926,3500.670314477576
517.3,9.666896e-05,3032.5219022590773
517.4,7.5828655e-05,2948.7155715064264
517.5,9.806195e-05,2496.631584581058
517.6,5.8897873e-05,3064.6776181927626
517.7,5.6615907e-05,3502.659728056606
517.8,5.3819003e-05,3338.776309347383
517.9,6.996168e-05,2492.0287977605003
518.0,7.3707895e-05,2537.7962696785653
518.1,7.594109e-05,2690.221772766223
518.2,0.0015179551,5600.391176494042
518.3,0.0048191617,9377.772457431463
518.4,0.00258531,4928.707347179217
518.5,0.0016667963,2567.102790400375
518.6,0.0008060128,2489.9692925864183
518.7,0.00047680072,3033.94378439846
518.8,0.0025976566,6703.070140410546
518.9,0.0022803019,3020.259390282468
519.0,0.00034349688,2355.338674454768
519.1,0.00013905896,3478.965165706659
519.2,0.00011245968,3465.192216142241
519.3,0.00013830478,3027.934627179441
519.4,0.00010443677,2693.6860829952852
519.5,8.977652e-05,2589.561806794055
519.6,0.00010661712,2296.15119406921
519.7,0.00015122672,1896.2152334111956
519.8,0.00011053265,2244.0636734399113
519.9,7.5175616e-05,2657.199518729317
520.0,0.00010053634,2556.4474094463058
520.1,0.00012261696,2160.102773222795
520.2,0.00012268004,1935.0235718936829
520.3,0.00010254604,2405.2032759070134
520.4,0.00021923959,3645.3792005729265
520.5,0.0018592709,7086.581705732167
520.6,0.00032625208,4213.785375623022
520.7,0.0012016494,4701.726079122751
520.8,0.00066657533,3795.6608756452088
520.9,0.00015867956,3257.340561529972
521.0,0.00011392742,3948.0149201730383
521.1,9.496033e-05,3419.6201508263157
521.2,9.2597824e-05,3035.360224026182
521.3,8.013869e-05,3055.73232350271
521.4,8.152432e-05,2626.646232547735
521.5,7.368836e-05,2816.5432663869374
521.6,5.7658162e-05,2797.005025038946
521.7,0.00037380264,1474.6797453308209
521.8,0.0028999406,8773.053151646853
521.9,0.001309739,5734.741294818801
522.0,0.0016128953,5530.285912435681
522.1,0.0017580369,5250.252653180977
522.2,0.00018702201,3869.4432463239955
522.3,0.00012222957,4032.3769874041755
522.4,9.657358e-05,4178.147929960198
522.5,9.03925e-05,4172.950689309115
522.6,6.343453e-05,4119.3201009682925
522.7,8.496018e-05,3078.032143658749
522.8,7.509973e-05,2903.301036885704
522.9,7.1413226e-05,2827.6262636077413
523.0,5.52415e-05,3027.5680117993306
523.1,5.3107407e-05,3063.2612231618186
523.2,4.6826193e-05,3157.619245556609
523.3,7.005294e-05,2813.281990253994
523.4,7.67767e-05,2593.3517888143374
523.5,8.783978e-05,2605.636179142747
523.6,4.6358262e-05,3532.244982827624
523.7,5.3622192e-05,3696.8683237277437
523.8,9.031917e-05,2894.410249434684
523.9,6.6066845e-05,3668.920397334183
524.0,4.9940983e-05,3603.532194704719
524.1,5.8179623e-05,3307.1734496676736
524.2,6.548849e-05,3388.329165108564
524.3,9.0386595e-05,2514.8124723195106
524.4,0.0016462122,3135.9271206310996
524.5,0.0019283046,3582.122164383489
524.6,0.0023308883,6494.503428307498
524.7,0.0033956268,10367.463481935602
524.8,0.001621735,5809.431896631831
524.9,0.00032883717,3735.2006254167763
525.0,0.0005312143,3824.141036255173
525.1,0.00010482968,5110.383353693556
525.2,7.60609e-05,5536.436851756789
525.3,6.599434e-05,5323.983445499423
525.4,8.817327e-05,4197.070256370598
525.5,5.5927332e-05,4546.633073785653
525.6,7.059166e-05,3669.7139484216323
525.7,4.7969086e-05,3899.953469989271
525.8,4.8952203e-05,3656.333502851692
525.9,5.9948525e-05,3652.017335112912
526.0,0.00026725605,1473.488382934069
526.1,0.0024974947,3594.1385699957405
526.2,0.009331149,2866.2879923750147
526.3,0.0051249014,3532.748832178563
526.4,0.0015396477,4893.445141825936
526.5,0.0007502112,9099.973903142207
526.6,0.0015317027,8246.052311036845
526.7,0.000107760796,5506.560233078024
526.8,9.543853e-05,5356.80198089397
526.9,0.00069620146,3771.470653334998
527.0,0.00012715383,4253.423022314737
527.1,7.7995755e-05,5067.844328825363
527.2,5.404995e-05,5033.732519833895
527.3,5.3109776e-05,4785.4569061440925
527.4,4.4150936e-05,4667.304859805321
527.5,3.9487935e-05,3998.6911576325815
527.6,0.00010332885,2791.1634299637435
527.7,0.00012986333,2201.250308801694
527.8,0.000108011714,2193.708098970067
527.9,6.1176135e-05,2757.830962189413
528.0,4.5305955e-05,3734.798206368874
528.1,0.00012457413,2310.4878350616173
528.2,0.0034079792,3925.85858205914
528.3,0.0026912326,3350.2943417788483
528.4,0.0021745665,3817.99073085382
528.5,0.0016086921,4916.118816442771
528.6,0.002029317,9386.829835836044
528.7,0.00055700255,5050.76412301204
528.8,0.00010343033,5509.517081143909
528.9,0.00020704688,4239.67914277327
529.0,8.911502e-05,5359.8090423052145
529.1,5.729167e-05,5179.585169148429
529.2,6.1821986e-05,4713.481264680086
529.3,0.0007822211,947.6325826637963
529.4,0.002711703,3405.9687689936563
529.5,0.0029850577,3594.7881694930456
529.6,0.0075612837,3244.5799704582914
529.7,0.0018391345,5861.16676430603
529.8,0.0023585784,10337.940029797248
529.9,0.0010722462,5639.317035838226
530.0,9.507691e-05,5841.999679080189
530.1,0.00061602,6846.233338557477
530.2,7.809138e-05,5696.529952267412
530.3,6.004597e-05,5422.007887499143
530.4,5.8640588e-05,5225.438827914623
530.5,3.947991e-05,5789.535171615936
530.6,3.4476092e-05,5133.423192928534
530.7,4.9923343e-05,4378.304983978815
530.8,5.7379577e-05,3246.366557879209
530.9,4.710028e-05,3514.6064319400252
531.0,6.1506595e-05,2986.7063587519033
531.1,0.00010879126,2013.830375844854
531.2,5.847088e-05,2964.5121283938743
531.3,5.5717777e-05,2748.947614550618
531.4,3.6670237e-05,3887.2293796188105
531.5,2.955203e-05,4235.475014123106
531.6,0.00015717575,1443.7226794165085
531.7,0.0017239803,2937.296964690395
531.8,0.0019057767,2894.7949034853477
531.9,0.0011795902,3044.1452495140024
532.0,0.0017497365,9108.545157444843
532.1,0.0018427039,8541.255957926518
532.2,0.00022837728,5192.523754949297
532.3,0.0011529127,5110.056444115664
532.4,0.00020912378,3529.5643013696354
532.5,8.719496e-05,4730.649005483062
532.6,9.5425494e-05,4609.7549889422635
532.7,6.720294e-05,4520.919771280442
532.8,5.2508287e-05,4582.322223181778
532.9,4.707953e-05,4088.548488072509
533.0,3.378122e-05,4282.200095157468
533.1,3.5249464e-05,4333.539103522947
533.2,4.459354e-05,3903.390454885364
533.3,6.116374e-05,3238.896100269899
533.4,0.00031035833,1122.241469639275
533.5,0.0015259614,2159.193594710821
533.6,0.002811261,3452.9080541900353
533.7,0.0022943693,3665.2753374262857
533.8,0.0012627785,3650.0287234592706
533.9,0.0016604192,8905.575123807263
534.0,0.0010672493,5335.346560911257
534.1,9.80756e-05,5175.873758041848
534.2,0.001309038,6547.596209546019
534.3,0.00011786017,4589.330039415365
534.4,6.8485795e-05,4705.215594909498
534.5,6.3425294e-05,4883.032906073593
534.6,4.860408e-05,4850.0667524702985
534.7,4.3245404e-05,4964.702604354649
534.8,7.9271376e-05,4270.247992336161
534.9,7.1560695e-05,3539.980439424644
535.0,4.9091916e-05,3462.4331515123713
535.1,7.106945e-05,3051.2616609507986
535.2,5.5513337e-05,3322.2312227605034
535.3,4.5816916e-05,3617.154722551711
535.4,3.945012e-05,3677.288903001188
535.5,0.00017302253,1745.780805991746
535.6,0.0014191287,1208.5239426466896
535.7,0.006423711,3276.497039189164
535.8,0.0040935418,3375.933740500196
535.9,0.0017514625,3595.9586640451753
536.0,0.0028823696,7160.936996559658
536.1,0.0024496424,9238.35950004443
536.2,0.00151231,5344.858502191384
536.3,0.00010542576,5899.922136164207
536.4,0.0007740158,4836.11514950232
536.5,0.00027588886,4645.620825069237
536.6,9.400288e-05,4636.295553436365
536.7,5.8992027e-05,4786.4811995168675
536.8,5.587304e-05,4464.201449780849
536.9,5.5510427e-05,4065.694822565534
537.0,4.3958404e-05,3978.5350933534623
537.1,2.204103e-07,9880.761532629444
537.2,1.9591342e-07,10281.84839813415
537.3,1.9381791e-07,9974.627203017506
537.4,2.0339667e-07,9768.914173113822
537.5,1.9378032e-07,10027.531671628865
537.6,7.3941974e-06,5181.417279644518
537.7,5.5948887e-05,4048.3097653145646
537.8,5.9262133e-05,3701.9831081968373
537.9,3.288711e-05,4549.208122493735
538.0,4.0608033e-05,3884.3718069051197
538.1,4.4580054e-05,4037.482842978492
538.2,0.0002514308,1224.525959559208
538.3,0.0024545332,3129.2970809042095
538.4,0.002653653,2721.6311246796636
538.5,0.0019913788,2791.438854879592
538.6,0.0012985145,2595.2116316403376
538.7,0.001129305,4096.362776517928
538.8,0.0015288814,7949.698484431368
538.9,0.0014359873,5970.242316282588
539.0,0.0003559822,3664.630688213591
539.1,0.00043918303,4930.124703067417
539.2,0.00054667867,5305.427955324125
539.3,8.107408e-05,4358.73690911596
539.4,7.0147544e-05,4673.877670041934
539.5,6.481294e-05,4346.627987518808
539.6,6.6353656e-05,3744.5259042820526
539.7,7.2703406e-05,3265.7296003776
539.8,6.1508516e-05,3239.015643249496
539.9,6.569041e-05,3329.7154701386116
540.0,6.942176e-05,3352.471542718467
540.1,8.4661966e-05,2831.6458549462427
540.2,7.366866e-05,2865.655283228286
540.3,6.701764e-05,3183.0706887676033
540.4,5.4114553e-05,3134.559682669002
540.5,3.8560658e-05,3699.5380796199333
540.6,7.227217e-05,2907.927296412759
540.7,5.6723224e-05,3564.91075625611
540.8,9.1652284e-05,2990.7259877200604
540.9,5.7086323e-05,3309.0002253950634
541.0,3.8599745e-05,4219.221184236833
541.1,3.502824e-05,4634.948835296345
541.2,5.2675132e-05,3618.5056083954123
541.3,5.0863277e-05,3562.952076676534
541.4,5.3103668e-05,3580.045165834584
541.5,1.9802108e-07,9916.114682834057
541.6,1.9565154e-07,9987.2280325595
541.7,2.027835e-07,10077.99263816473
541.8,2.007111e-07,10011.245820760418
541.9,1.9521362e-07,10103.427368595
542.0,1.9508228e-07,10077.04887081223
542.1,1.9427317e-07,9804.05216038017
542.2,1.941603e-07,10235.538687517434
542.3,1.9943916e-07,10291.233494082842
542.4,1.9677383e-07,10117.067975080841
542.5,1.9423685e-07,9952.049335765558
542.6,1.9469344e-07,9706.020813182833
542.7,1.9061852e-07,9864.568290345087
542.8,1.9776795e-07,9920.146756487346
542.9,1.9240004e-07,10033.080322835935
543.0,2.0014403e-07,10197.752924297409
543.1,2.000345e-07,9892.908059133275
543.2,1.9956897e-07,10174.390426307806
543.3,1.9994123e-07,9951.89607855893
543.4,1.9464277e-07,9986.959970318803
543.5,1.9499554e-07,10114.644067518024
543.6,1.9594043e-07,10061.223499507427
543.7,1.7366761e-05,6088.183697215017
543.8,3.3801087e-05,4430.681459238081
543.9,4.7350928e-05,3959.065970509001
544.0,5.6297824e-05,3480.2982052218
544.1,8.22737e-05,3162.4080569268112
544.2,8.62869e-05,3566.0637316164225
544.3,4.011457e-05,4129.320063597297
544.4,4.144242e-05,3887.622873179733
544.5,4.3008673e-05,4166.451240941796
544.6,5.8065794e-05,3369.1500426357907
544.7,6.449441e-05,2906.0644216528385
544.8,4.952032e-05,3743.149550421748
544.9,0.0026532887,1537.8714294651995
545.0,0.012385468,3545.7096190160973
545.1,0.0014835197,1699.346924620926
545.2,0.0058155106,3565.0446518054805
545.3,0.0096391,2416.1436455490903
545.4,0.0014092443,2634.644953750218
545.5,0.00026439628,3286.276987510861
545.6,0.00018885026,2786.9607924426236
545.7,0.00010201036,3420.587492570806
545.8,0.000100560625,2878.995817220893
545.9,0.0006888611,1475.6426224237684
546.0,0.004137208,2812.9329346476943
546.1,0.002865815,2746.1926817987996
546.2,0.0012237553,2326.5922996334275
546.3,0.004142423,2583.8585015908466
546.4,0.0013096561,1665.739082334822
546.5,0.00013323949,3146.762461957932
546.6,9.261761e-05,3027.2916686653707
546.7,8.117116e-05,2975.825807472488
546.8,7.981882e-05,2650.561657629196
546.9,7.498208e-05,2832.283975587001
547.0,4.9570877e-05,3518.6301800138717
547.1,7.372268e-05,3017.8396967065346
547.2,4.4720753e-05,3529.9496606135285
547.3,3.511997e-05,4483.504997718806
547.4,1.9518113e-07,9865.523265019554
547.5,1.9736275e-07,10102.50994743063
547.6,1.9338617e-07,9696.7500674919
547.7,1.9453323e-07,9892.485134638995
547.8,2.006705e-07,9789.929969677416
547.9,1.9709296e-07,10041.848378405186
548.0,1.9696557e-07,10065.20842241925
548.1,2.0180242e-07,9701.318997839762
548.2,1.9161185e-07,9899.012443073421
548.3,1.9522784e-07,10094.75302998815
548.4,1.9458803e-07,10069.652881789607
548.5,2.0233036e-07,10117.088222139562
548.6,1.8912471e-05,5397.756122473616
548.7,2.7929627e-05,4897.106903108885
548.8,2.822185e-05,4551.8971457225325
548.9,3.4657955e-05,4549.844929561734
549.0,0.00061407965,2215.241680242107
549.1,0.0034436896,3177.587209322279
549.2,0.0018241238,2491.3886679157804
549.3,0.00033817795,3045.5605920897224
549.4,0.00011395243,3312.4830088504837
549.5,7.4359625e-05,3614.99418164284
549.6,7.886656e-05,2763.476651914522
549.7,6.348441e-05,3009.8624029431617
549.8,0.0032474934,3046.7937827981923
549.9,0.0059369667,4012.8240724564744
550.0,0.003187126,3195.076669271255
550.1,0.0008295568,2428.8979828748224
550.2,0.0002673321,2837.006588680838
550.3,0.0001584881,3058.869814161301
550.4,9.880622e-05,3322.1324186022657
550.5,6.704118e-05,3362.9358274992082
550.6,5.4925524e-05,3124.6489925411342
550.7,3.7012785e-05,3731.658169792151
550.8,3.3224216e-05,3861.648160853216
550.9,3.3353972e-05,4199.592112872139
551.0,4.29379e-05,5833.114094479686
551.1,0.0073173945,8316.848809496276
551.2,0.011943038,7327.616808275407
551.3,0.010019599,3265.767847274912
551.4,0.008931113,3143.547558834864
551.5,0.0038419468,2306.2979262147637
551.6,0.006458493,7246.521177524083
551.7,0.0060215318,4008.650242032084
551.8,0.004556237,6683.964479804107
551.9,0.004694987,6921.891289422843
552.0,0.007328205,2304.230162928843
552.1,0.003802651,2397.478490259453
552.2,0.002798412,3536.829485161208
552.3,0.0032041653,1412.1747955492767
552.4,0.001813747,4008.635823293718
552.5,0.0022023532,1376.8244274073588
552.6,0.002120942,2665.840396501532
552.7,0.00176875,2225.283261157899
552.8,0.00027367802,2142.8844809455622
552.9,0.00010274027,3724.0161661478805
553.0,7.3000054e-05,3342.385401355773
553.1,6.399387e-05,3150.674490369814
553.2,4.8489957e-05,3279.7451024584916
553.3,4.7387934e-05,3219.610387160149
553.4,5.37828e-05,3198.056892139155
553.5,2.829876e-05,4832.629245048023
553.6,3.9041664e-05,4086.7224910071654
553.7,5.982533e-05,3530.5790269141326
553.8,3.366723e-05,4457.911281301378
553.9,3.513859e-05,4148.810962173447
554.0,6.543307e-05,3151.9520898357214
554.1,0.00018330643,1763.9527783165609
554.2,0.0005478145,1922.3838936230984
554.3,0.0004906126,1902.8159356549634
554.4,0.0003221803,1833.915957706935
554.5,0.00018874886,1880.9688388619534
554.6,0.000120056975,1965.451911354573
554.7,7.846685e-05,2468.5596901123286
554.8,6.80264e-05,2694.993028871322
554.9,0.0013824612,3658.0892445921545
555.0,0.011015206,3086.889949688131
555.1,0.005552573,3025.775994014696
555.2,0.0049443077,3032.9885571940263
555.3,0.0022249129,1445.538349807449
555.4,0.0015900977,3571.4750257286964
555.5,0.007133045,2549.093418893282
555.6,0.0016861496,3917.6612019674512
555.7,0.00081234024,2759.6763428623
555.8,0.00018161471,3015.734202288897
555.9,8.539319e-05,3927.6003044624326
556.0,8.982595e-05,3690.3759357871004
556.1,4.828493e-05,3795.547372135866
556.2,6.857824e-05,3234.7714823700308
556.3,0.0012660738,2081.6959534724147
556.4,0.0005404963,3307.5624709008157
556.5,0.0077587403,3550.4282719129674
556.6,0.002910846,3029.6225937023546
556.7,0.003460779,4134.395700473784
556.8,0.0056314515,1905.6046512914509
556.9,0.005031625,2294.3969638122485
557.0,0.0021157085,2493.5251098673516
557.1,0.0010232381,1460.9822873065682
557.2,0.0021816297,2920.973248538613
557.3,0.001400952,2356.485533442037
557.4,0.0005379665,1966.4555942397926
557.5,0.00019555532,2354.913104366321
557.6,9.2737806e-05,2862.9986859617084
557.7,5.9738057e-05,3011.554854543542
557.8,5.2323743e-05,3284.5509424065726
557.9,4.1597148e-05,3532.056208989192
558.0,3.7011403e-05,3929.425973058385
558.1,3.542631e-05,4069.573953390806
558.2,2.934508e-05,4659.967261944458
558.3,3.280708e-05,4535.784075320225
558.4,3.8157566e-05,4465.525160204313
558.5,3.5079547e-06,4558.02939327146
558.6,1.9593082e-07,9843.419184839995
558.7,1.9094566e-07,10059.865994042542
558.8,2.0037243e-07,10018.741990757788
558.9,1.9729926e-07,9783.516027097268
559.0,1.9480107e-07,10086.17161269503
559.1,2.0071006e-07,9969.574958736137
559.2,1.9377161e-07,10150.051472789797
559.3,1.9425164e-07,10005.976983631073
559.4,1.9438944e-07,9885.05903886869
559.5,2.0290368e-07,10207.40929386171
559.6,1.5389905e-05,6188.301365657931
559.7,4.6388504e-05,3858.722726261546
559.8,7.111548e-05,3261.049548382821
559.9,5.4697597e-05,3429.2854863585094
560.0,5.9455317e-05,3233.427085492298
560.1,6.61613e-05,2845.950409598288
560.2,6.1888604e-05,3022.3053633308673
560.3,5.5646913e-05,3434.7178816095734
560.4,5.289003e-05,3134.536530816121
560.5,5.610581e-05,3278.2244038232493
560.6,3.8672144e-05,4002.0950523006195
560.7,3.7648908e-05,4414.2597927645475
560.8,3.987421e-05,3963.595235188327
560.9,6.851682e-05,2839.5217547431466
561.0,4.826744e-05,3427.2518549457877
561.1,5.63927e-05,3160.2822707702007
561.2,5.498312e-05,3388.9954905151785
561.3,5.4162243e-05,3239.2431022935752
561.4,0.00014687981,3468.3299388841424
561.5,0.016707886,2460.813041790456
561.6,0.0084909145,6572.113107859506
561.7,0.009507527,4480.2036145548445
561.8,0.0055716066,5155.14519335334
561.9,0.016276477,2289.1091242625203
562.0,0.0034694728,9649.606093047076
562.1,0.0032705807,3466.4590064919794
562.2,0.004468532,1565.4760447347512
562.3,0.0028327215,3320.7611714479167
562.4,0.00027065285,2934.9628324226687
562.5,0.00011107095,4009.8305463538622
562.6,0.00012394451,3332.824901145521
562.7,8.238156e-05,3644.1541974679794
562.8,9.020439e-05,3156.9563339716583
562.9,7.7589015e-05,3085.861599245054
563.0,5.8618247e-05,3208.5464468533546
563.1,4.4705313e-05,3568.4797826388926
563.2,5.2592688e-05,3484.7500368802257
563.3,6.4586326e-05,3836.8428474462826
563.4,5.0505976e-05,4076.6610316457663
563.5,6.7120796e-05,3245.024062022219
563.6,5.4817356e-05,3792.8585697765684
563.7,6.280826e-05,3520.8304292515318
563.8,6.0093895e-05,3697.250353829925
563.9,0.00032382604,2177.8239007356046
564.0,0.0035532515,2426.382741869896
564.1,0.0049448116,1748.7801811909035
564.2,0.004509793,3504.8538111800963
564.3,0.0029136352,3665.6579602560405
564.4,0.005315809,2961.6557219073675
564.5,0.0009701362,4921.362702109495
564.6,0.00047313835,2717.3965137825307
564.7,0.00012663161,4210.789499068802
564.8,0.0002543241,2419.0548538467824
564.9,0.0010004746,2989.734501741358
565.0,0.0008524239,2631.7920395708297
565.1,0.00061782997,2539.8286742450787
565.2,0.00040732257,2010.509016409594
565.3,0.0008280399,3038.5071445146664
565.4,0.003958184,9598.7226874298
565.5,0.0018190199,5855.5843387581235
565.6,0.0053233816,3743.2817052004825
565.7,0.0042651943,3736.5703413208885
565.8,0.0035855398,10425.09266852017
565.9,0.0014840979,6313.463503092913
566.0,0.0015169563,3427.026401161596
566.1,0.0024021014,2518.9035231365597
566.2,0.00033853808,2669.347479102645
566.3,9.333779e-05,4514.914609722256
566.4,0.00010600523,4121.726070775268
566.5,9.154119e-05,3691.0655209314546
566.6,5.2025607e-05,3738.221552578871
566.7,5.9477723e-05,3022.966945168543
566.8,3.227705e-05,2982.5149267266406
566.9,1.9456652e-07,9999.99973546634
567.0,1.9452794e-07,10130.392918348804
567.1,1.9517654e-07,10143.071992035178
567.2,1.9271378e-07,10113.282402657682
567.3,1.9113568e-07,9972.574261538206
567.4,1.9855102e-07,9919.755765835867
567.5,2.0082736e-07,9967.6413314194
567.6,1.9453442e-07,10051.488171155283
567.7,1.8964024e-06,7796.385858818962
567.8,7.207434e-05,2880.405286621914
567.9,5.3866002e-05,3179.659931961499
568.0,3.5110534e-05,3970.1984295770894
568.1,6.6580884e-05,3604.239225856183
568.2,0.0043338845,3702.150135836874
568.3,0.004828937,3661.555294392184
568.4,0.0028941687,4104.818678753728
568.5,0.0035014895,9790.655823644349
568.6,0.0028621152,6678.069131123198
568.7,0.0016305238,5356.70988793221
568.8,0.0011750584,4211.897624044941
568.9,0.0025266735,3247.256292461349
569.0,0.0038225579,9156.057618753975
569.1,0.0041116825,4049.1326006701074
569.2,0.00011680056,5224.372071595908
569.3,0.00010908126,5321.801697215806
569.4,0.00010936578,5047.6084545912545
569.5,6.915833e-05,5210.940740672098
569.6,7.5205644e-05,5905.521981301004
569.7,0.0030515613,2621.9439622466916
569.8,0.011786712,2772.7264583315696
569.9,0.009739687,7070.313705613326
570.0,0.0007766369,6208.402199395615
570.1,0.0025695378,2519.3383548036486
570.2,0.00274625,3064.5404120080098
570.3,0.005784279,7931.593775590596
570.4,0.0080007985,9990.290166203315
570.5,0.00046760446,5720.165722362915
570.6,9.9555895e-05,5859.351152160914
570.7,8.434451e-05,6117.143932050007
570.8,6.526661e-05,6183.554042875888
570.9,6.923674e-05,5932.183960893402
571.0,5.696147e-05,6620.869787935244
571.1,0.00022069259,2719.634814906901
571.2,0.0010497398,2736.8263853182066
571.3,0.0012313109,2882.0667139667507
571.4,0.0010183409,2844.1992638167635
571.5,0.000537639,2467.629296707865
571.6,0.00033599246,1956.7060132274166
571.7,0.0011249637,4475.5067201527345
571.8,0.00903033,11148.673555813646
571.9,0.00010748943,7079.03892630045
572.0,0.002365567,5309.87866613967
572.1,0.0024763385,5148.7524807945865
572.2,0.0048907497,10510.307348475517
572.3,0.00095750723,5083.541037298481
572.4,0.0011111512,5519.5520328244575
572.5,0.0024339166,5476.980469912222
572.6,0.0058132117,2873.06193229284
572.7,0.0018223323,8133.200693659278
572.8,0.0004934802,4138.216135526514
572.9,0.00010983261,4769.5422721577015
573.0,0.002458996,6439.121502096204
573.1,0.0015098978,4245.582715821036
573.2,0.00481639,3181.888418620393
573.3,0.0035862606,3215.6903431838523
573.4,0.002816767,2959.0945194457418
573.5,0.0014432058,2896.8685006533947
573.6,0.0007907993,2952.9320349992195
573.7,8.6547014e-05,3895.2647537910034
573.8,0.0012226893,2740.9646967734457
573.9,0.002124965,7373.9764696393595
574.0,0.0021995627,9480.360606179947
574.1,0.0014944631,5068.423013804367
574.2,0.00043500104,3053.6886875433865
574.3,0.00011055862,4852.5099236237365
574.4,8.101764e-05,5323.1234151506815
574.5,7.164282e-05,5540.473947291253
574.6,8.929749e-05,4323.475582412579
574.7,7.851713e-05,3775.6802906270386
574.8,5.200941e-05,4152.338987058637
574.9,4.7519494e-05,3954.4005728799434
575.0,3.680605e-05,4362.572581762475
575.1,1.896903e-07,10162.811945853537
575.2,1.9705806e-07,10076.687743565668
575.3,1.9431832e-07,10018.387166810458
575.4,1.9766705e-07,9973.471679358398
575.5,1.9921099e-07,10131.914478299957
575.6,1.928559e-07,10069.328109399103
575.7,1.9966714e-07,9924.155211073183
575.8,2.0006661e-07,10222.168307570071
575.9,1.9349832e-07,10086.861821305603
576.0,7.58666e-06,6350.382962125124
576.1,4.478424e-05,4337.231104912587
576.2,3.9537772e-05,4671.1229051142245
576.3,5.6981153e-05,3802.711492627289
576.4,4.09876e-05,4282.745551704591
576.5,4.6734225e-05,3605.831696121081
576.6,4.4405646e-05,3778.823673675447
576.7,3.288757e-05,4910.082992525628
576.8,3.748857e-05,4264.938789960939
576.9,6.093217e-05,3455.6531747484405
577.0,0.01936548,777.8240658050756
577.1,0.011241734,579.71715139009
577.2,0.00015851803,2308.017341073972
577.3,0.00010901154,2801.4906857787646
577.4,9.422937e-05,2557.831943019837
577.5,9.679603e-05,2154.7769710373723
577.6,6.0992013e-05,3033.9086341498555
577.7,5.8642636e-05,3152.6437691621177
577.8,7.4765136e-05,2766.3450661964143
577.9,4.5443943e-05,3699.199156527637
578.0,5.021721e-05,3481.017540242181
578.1,4.9833143e-05,3571.452461225322
578.2,3.9265244e-05,3899.890563889968
578.3,3.9553783e-05,4133.9533404337035
578.4,4.1666437e-05,4051.223155313392
578.5,4.440204e-05,3790.655423578985
578.6,2.7792868e-05,4682.637222972455
578.7,4.495776e-05,3954.1684853503534
578.8,3.268245e-05,4401.1553417696
578.9,0.00029787977,8157.407440504202
579.0,0.020087227,812.0836789857359
579.1,0.00020695366,3004.231402176569
579.2,9.159985e-05,3416.4176447014434
579.3,8.7531975e-05,2892.4845458957125
579.4,8.525775e-05,2747.587019148308
579.5,8.554183e-05,2536.655139492935
579.6,8.381637e-05,2404.314836301003
579.7,6.811849e-05,2651.0698920291006
579.8,6.51697e-05,2997.0757245180166
579.9,8.7833905e-05,2919.2741533918384
580.0,0.0012537956,664.6800305919669
580.1,9.9120974e-05,2193.056540033632
580.2,9.4496965e-05,2166.735445137437
580.3,8.061864e-05,2817.180584085303
580.4,0.0041760034,3731.516451036807
580.5,0.006626046,3727.920382197519
580.6,0.0041007996,3221.115041789708
580.7,0.0017593856,2109.020301524224
580.8,0.0005196993,2690.568938869318
580.9,0.008334442,2005.892979103828
581.0,0.006301394,1939.469746263625
581.1,0.001697504,6984.24156470912
581.2,0.0015456927,4917.247594660581
581.3,9.0165595e-05,4637.784618825247
581.4,0.0043668123,3258.995412274647
581.5,0.0030232843,4068.446713349496
581.6,0.00078057626,2210.2476047247133
581.7,0.00014088236,3676.7516114862146
581.8,8.191232e-05,4209.655013318523
581.9,6.1165694e-05,3915.429377728883
582.0,7.3789146e-05,3193.4909480254983
582.1,5.4111297e-05,3198.7606117713067
582.2,5.048986e-05,3751.291913344923
582.3,4.6572768e-05,3929.457702267317
582.4,4.6387053e-05,3430.33836422455
582.5,1.9757798e-07,9887.820134772457
582.6,1.996962e-07,10276.778368204343
582.7,1.9055734e-07,10154.07682325947
582.8,1.974397e-07,10031.235162095962
582.9,1.9427787e-07,10167.201982396631
583.0,1.9181876e-07,10257.657894673523
583.1,1.9909672e-07,10069.289925383668
583.2,1.9655273e-07,9876.039656507039
583.3,6.2984805e-07,8966.044990484876
583.4,4.224831e-05,4328.637739363314
583.5,3.9664174e-05,4514.709689528456
583.6,3.3613473e-05,4375.13839912591
583.7,3.1619657e-05,4467.556633402128
583.8,0.008172837,1047.70562355416
583.9,0.012642642,1774.0247074156896
584.0,0.00806039,1356.9237505646065
584.1,0.0064716074,848.6389939949411
584.2,0.00045365258,1844.0263057363538
584.3,0.00012346594,2648.6724136502007
584.4,0.00013308611,2342.7389065189136
584.5,0.0005880726,2035.621683371547
584.6,0.0020559726,3439.9447222741023
584.7,0.0020649864,3671.323559780047
584.8,0.0017969994,3353.6107425201076
584.9,0.0010286253,2991.7704276400827
585.0,0.00033175785,7002.610865367335
585.1,0.028621469,2405.9160621649094
585.2,0.018151913,2571.350640468572
585.3,0.00017165106,5639.895262814856
585.4,0.00013251668,4361.385088971084
585.5,0.017194828,3059.9120194549487
585.6,0.00036577557,3478.063610782078
585.7,0.005927291,4203.433126154398
585.8,0.010366941,2854.482748428599
585.9,0.016632615,3052.386674219004
586.0,0.0039033927,4790.869608193165
586.1,0.0016480157,3869.0429454089463
586.2,0.00048600603,2557.1903049282387
586.3,0.00015270775,3798.405898909638
586.4,0.00011756565,4071.150750816195
586.5,8.887173e-05,4452.048485646294
586.6,0.0004546552,1651.8828844848304
586.7,0.015553115,2336.5362751880198
586.8,0.0069809523,4086.375107610789
586.9,0.049985263,819.7603073626573
587.0,0.014154858,1621.8124254131367
587.1,0.007228425,2537.637762039684
587.2,0.0016384388,6889.95229716315
587.3,0.01800806,1098.2444305496476
587.4,0.0033724662,2955.1701163339576
587.5,0.011420482,1850.7712815220289
587.6,0.0066175526,1667.124412785059
587.7,0.0019052268,3777.866011627616
587.8,0.0022358093,8911.94865931656
587.9,0.0062387786,3275.018037097245
588.0,0.009405655,1869.7755637631017
588.1,0.01272256,736.8121715474592
588.2,0.0060393163,2060.9203414884537
588.3,0.0022184583,9986.191832761971
588.4,0.0032194327,3628.000740301787
588.5,0.008209724,2471.8560836782763
588.6,0.008273455,2676.1619622515136
588.7,0.0029310926,2379.4967510472443
588.8,0.0005166588,2037.4543996691489
588.9,0.00012713316,3932.6799916398268
589.0,9.649489e-05,3517.96483236367
589.1,8.4310566e-05,3360.6691316314395
589.2,2.2418214e-06,6116.801129238249
589.3,1.8933167e-07,9977.146815954231
589.4,1.9648172e-07,10087.521297316904
589.5,1.9381322e-07,10081.776455352505
589.6,1.938979e-07,9964.928644078855
589.7,1.9100682e-07,10017.577498882321
589.8,1.9664256e-07,9816.991302438659
589.9,1.9965282e-07,9871.42090012713
590.0,2.2194687e-05,5371.137136709423
590.1,0.00023445628,1835.6566474158706
590.2,0.0022177747,3062.6807126204126
590.3,0.0020427795,3421.2497625313295
590.4,0.0015491748,2928.9357664004474
590.5,0.00064166053,2584.4297266241406
590.6,0.0003307426,2206.4715654330685
590.7,0.0001061687,2664.0696941124797
590.8,0.005413708,7866.770602046507
590.9,0.014096509,3365.071053087854
591.0,0.029715583,1859.855848576705
591.1,0.026763935,1220.6691559001408
591.2,0.022315511,2692.1917699554338
591.3,0.016602363,2923.629456663091
591.4,0.012997068,2423.909610213435
591.5,0.013961132,3158.756308718912
591.6,0.00022707615,3825.014155354398
591.7,0.004137551,3364.475230061323
591.8,0.009839683,1195.7501504563882
591.9,0.007952138,3259.0287315474266
592.0,0.009622978,2838.745954216589
592.1,0.0050963513,3441.779093211233
592.2,0.002094061,3418.271566964577
592.3,0.00015316006,3892.550744790269
592.4,8.752765e-05,4297.138451742184
592.5,0.0001009255,3777.903906744166
592.6,8.615258e-05,3818.942877888539
592.7,0.00017588078,2391.5979130244496
592.8,0.0057423282,3945.8695970172885
592.9,0.0015206303,2751.3052868131927
593.0,0.008594649,8112.858567213246
593.1,0.008743478,7408.883272527749
593.2,0.007565224,1455.3768100616933
593.3,0.011004789,2729.5469555302047
593.4,0.006269174,2313.832485799789
593.5,0.0016592426,2520.20145118019
593.6,0.0019841916,5550.3324662753275
593.7,0.0049326504,3089.1863627060084
593.8,0.0018951951,2325.936037560886
593.9,0.0011741127,3327.4416161704366
594.0,0.0037706012,10318.889510755907
594.1,0.0013922396,8559.908636838238
594.2,0.00013317821,4896.305910977553
594.3,8.140698e-05,5939.641333773856
594.4,6.6571956e-05,6050.599804095673
594.5,5.2780026e-05,6195.814797598914
594.6,6.1946994e-05,5680.361332878385
594.7,7.855505e-05,3427.814396699365
594.8,1.9223273e-07,9960.479796275731
594.9,1.9722393e-07,10021.423998396833
595.0,2.0299267e-07,10107.542205091531
595.1,1.961708e-07,10020.760159950038
595.2,1.9707457e-07,10116.527129524047
595.3,2.0066777e-07,10178.450261108137
595.4,2.0018662e-07,10244.19371352319
595.5,1.9317118e-07,10250.887739262173
595.6,2.0287291e-07,10148.243267751066
595.7,1.9297097e-07,10128.978773642435
595.8,7.6960976e-07,9179.756215124527
595.9,7.634419e-05,2527.6987851951126
596.0,9.7792e-05,2166.921991423731
596.1,6.8052424e-05,2645.4520806109967
596.2,5.4459e-05,3214.992744924214
596.3,0.00010122368,2212.9756445026837
596.4,5.2617772e-05,3719.704267167437
596.5,0.0056063314,7074.249444240132
596.6,0.005220436,4938.05055167962
596.7,0.009242091,2485.26779379035
596.8,0.0060294773,2526.08609424294
596.9,0.0048740422,2330.0997799514244
597.0,0.0046260613,2388.066863392196
597.1,0.0029367825,2479.1912944645373
597.2,0.0034098835,2497.451558668463
597.3,0.0019305815,2610.3032504904913
597.4,0.0011194157,2569.4067315122006
597.5,0.0007144474,2306.905911643695
597.6,0.00021326188,2265.184582676251
597.7,0.000121911566,2734.01299593614
597.8,8.277947e-05,2549.645222630884
597.9,7.625428e-05,2652.7633492736854
598.0,0.00015012384,4085.5505680687006
598.1,5.059394e-05,3614.024287097049
598.2,5.9336304e-05,3611.7254445753065
598.3,0.004013142,7475.79059555059
598.4,0.012375492,2157.6768041392725
598.5,0.015071199,1755.6878748356269
598.6,0.00881304,1949.3139082450998
598.7,0.0050511984,1828.080815473387
598.8,0.0017236826,2166.78546970396
598.9,0.0019454462,2227.438878039926
599.0,0.0054776585,1816.2122693249985
599.1,0.002513429,2038.919451551242
599.2,0.0015605827,2713.3845874263197
599.3,0.001497195,2842.386839156763
599.4,0.0006422004,2160.8203494285717
599.5,9.060701e-05,3794.151137460999
599.6,0.00013678316,2435.9499162959746
599.7,0.0001299476,2196.189224462814
599.8,0.0001253832,2054.8150493341186
599.9,0.00011897429,2027.2228056139816
600.0,9.4253104e-05,2085.345583742133
600.1,5.465171e-05,2881.5960417278247
600.2,8.847354e-05,2068.3227593233955
600.3,5.3096282e-05,3374.217945542724
600.4,6.3188985e-05,4772.435331698859
600.5,0.0040520565,7821.799938534304
600.6,0.006262651,2694.3203933212526
600.7,0.011415581,1604.1216028277659
600.8,0.007289298,1852.2076345518403
600.9,0.0036602425,2025.0012496122304
601.0,0.003081694,1809.0438210730977
601.1,0.0020039275,2213.7906545261244
601.2,0.0021693201,2105.622694781457
601.3,0.0024426205,1846.3789850353069
601.4,0.0020672523,1935.707337244485
601.5,0.0034410465,1705.8284113534587
601.6,0.0011488367,2315.988934445641
601.7,0.0008527425,2513.8540231141374
601.8,0.00079726864,3007.6807223453034
601.9,0.001123916,2312.660657423653
602.0,0.0019978369,1414.62096958146
602.1,0.00062691513,1334.1380267162247
602.2,0.00012410234,2185.1399972434424
602.3,0.000116806536,2808.8850045032677
602.4,7.043563e-05,2664.6965817818705
602.5,6.153194e-05,2960.9471551707466
602.6,6.651327e-05,2857.0572423671283
602.7,1.9248554e-07,10152.157826644026
602.8,1.9350956e-07,10028.080683441076
602.9,1.9260274e-07,10201.026750001356
603.0,1.9695575e-07,9987.275052765039
603.1,1.8869882e-07,10241.700414903346
603.2,1.9758465e-07,9895.945088373592
603.3,1.979021e-07,9880.266905399549
603.4,1.9655512e-07,9938.680781670848
603.5,1.9715861e-07,10063.096511170035
603.6,3.6874822e-05,4078.487432359828
603.7,5.0326536e-05,3125.7133364554593
603.8,9.075066e-05,2227.179279817771
603.9,5.136351e-05,3468.1780438686387
604.0,5.626608e-05,4915.962212669139
604.1,0.004759762,843.5713204213855
604.2,0.00022635973,3119.2523486424657
604.3,0.00038825418,2247.746808627879
604.4,0.0075252117,618.9963708426565
604.5,0.00702389,620.8582797983021
604.6,0.00016378908,2547.636166491837
604.7,0.00024052618,2471.8067776801868
604.8,0.010591062,814.8773320206992
604.9,0.0006816104,2599.187262021392
605.0,0.0010514135,1890.0363989672658
605.1,0.0013259614,1687.6927248935663
605.2,0.0010635772,1500.9128135007563
605.3,0.0012207872,2961.5062733291015
605.4,0.0030198786,3307.7661871479527
605.5,0.016570508,2667.8887436585496
605.6,0.005529773,3372.5941630488087
605.7,0.0039491504,2747.447885469555
605.8,0.0019360706,2053.7284454315686
605.9,0.0006852118,1904.3089936688257
606.0,0.00013252396,3317.325110291073
606.1,9.9141835e-05,3439.5298721601735
606.2,8.15361e-05,3100.5634110045394
606.3,0.000101025595,2294.9383820013836
606.4,8.235455e-05,2451.65545694025
606.5,0.00029487113,1873.4161457104444
606.6,0.0023205956,3016.320991131428
606.7,0.0027154803,3077.7788130599333
606.8,0.0015599227,2569.874490354187
606.9,0.0007218511,2349.853025902071
607.0,0.00040142058,2116.2270313261106
607.1,0.00043295784,1549.5505628695332
607.2,0.00022425911,1806.9927995553057
607.3,0.00015615985,1747.9807528713852
607.4,0.000110887195,2044.2190533948321
607.5,8.63565e-05,2479.720580012226
607.6,4.670903e-05,3722.5128847650076
607.7,3.7455033e-05,3673.990155695172
607.8,3.260733e-05,4704.15378002324
607.9,0.0004159642,942.6189036470918
608.0,0.004485716,3255.681843091728
608.1,0.009386942,6075.934247737541
608.2,0.006174288,3987.022162125641
608.3,0.006618141,8487.87183499569
608.4,0.011078902,2790.536234115351
608.5,0.007215468,3153.501586815273
608.6,0.0047118994,10733.997643863371
608.7,0.0055244477,2692.5988655812794
608.8,0.0035115434,2889.8491752341943
608.9,0.0011337665,2390.567108662656
609.0,0.0016161341,2511.0302974856104
609.1,0.0040177656,3856.658447736154
609.2,0.0031119792,3404.0442880649352
609.3,0.0028777046,3000.8722224526446
609.4,0.0023868235,1848.3009740999482
609.5,0.0023642455,3017.5458245920686
609.6,0.00011238452,3746.5090696403954
609.7,9.445219e-05,3634.4713444691142
609.8,9.485253e-05,3039.238308663802
609.9,7.177156e-05,2967.607041836297
610.0,6.382697e-05,3023.6596916422313
610.1,6.704449e-05,3215.992399352175
610.2,0.002217427,3354.4671107151444
610.3,0.0001554903,3467.2422979441817
610.4,0.000116103954,3363.69496650555
610.5,0.0034051968,2353.098877111341
610.6,0.00025874053,3364.6470446031867
610.7,0.004593367,2707.8607305292808
610.8,0.0031873223,1929.128253966245
610.9,9.560078e-05,3536.1330286300417
611.0,0.0006396886,1074.7392755409473
611.1,0.00010707712,2726.7228724731895
611.2,6.5737455e-05,2784.2338789768637
611.3,7.328498e-05,2931.451105875372
611.4,5.6583198e-05,2720.6407471862376
611.5,4.1329786e-05,3801.380811549504
611.6,3.7968417e-05,3912.820381475636
611.7,3.053187e-05,4554.909676420379
611.8,4.641958e-05,3545.1352845723827
611.9,4.714507e-05,3796.5996974220106
612.0,3.9844548e-05,4031.958469411976
612.1,4.498097e-05,3812.088989482093
612.2,3.394497e-05,4555.105759144626
612.3,3.688492e-05,4014.3184922949845
612.4,4.7500624e-05,3820.532690358893
612.5,4.3296906e-05,3294.8778734698008
612.6,4.6119305e-05,3783.959190855047
612.7,5.6162957e-05,3680.158511461973
612.8,3.5460664e-05,4336.653964085901
612.9,5.392358e-05,4007.9900997471536
613.0,7.243508e-05,2873.526303324248
613.1,4.494284e-05,3960.241507452737
613.2,4.0382918e-05,4273.871453698386
613.3,4.067661e-05,3928.073622293561
613.4,3.1834326e-05,4486.005358149812
613.5,0.0033433172,7818.009907718406
613.6,0.002708357,4464.301734096707
613.7,0.00277131,3317.204380316979
613.8,0.0020749082,1896.1625392397857
613.9,0.0013324171,4151.057523936665
614.0,0.001016266,3495.2568381244528
614.1,0.00052424846,2898.279176328402
614.2,0.00017924633,2753.2129971661725
614.3,0.00013885307,2754.4671843853775
614.4,0.00016607706,2341.383721504925
614.5,9.0228496e-05,2677.303727710295
614.6,6.680729e-05,3080.4518182065376
614.7,3.781916e-05,4225.590965441347
614.8,4.3956723e-05,4084.321580321827
614.9,0.000177146,1614.7360177453074
615.0,0.0004959724,1585.61107141166
615.1,0.001159095,1828.040003742783
615.2,0.0013930028,2400.556752110914
615.3,0.0016819261,2424.3359102470117
615.4,0.0017456774,2252.3140732072557
615.5,0.001742338,2455.9528224201204
615.6,0.0015303061,2671.5135062510435
615.7,0.0016640822,2265.2711634646653
615.8,0.001372648,2324.7641777873428
615.9,0.0012472353,2300.7491371830642
616.0,0.00119538,2194.467317159124
616.1,0.00077227526,1838.9964249592288
616.2,0.00042850027,1661.2687214560278
616.3,0.00019877715,1676.8522069666424
616.4,7.066053e-05,2654.5031697712584
616.5,5.91119e-05,2882.3935681921525
616.6,9.200949e-05,2891.372888546562
616.7,0.00015882679,2197.7277296654293
616.8,0.002507799,2944.522421762358
616.9,0.010444081,2700.4639322011994
617.0,0.005164435,2656.3395204906633
617.1,0.0037756327,2571.1730576902605
617.2,0.0017626125,2060.5390775334386
617.3,0.0008521064,1754.1879800134402
617.4,0.0002546463,1923.2463090999036
617.5,0.0001236766,2430.966617702904
617.6,0.000112358226,2409.693656024492
617.7,7.442252e-05,2827.812392601373
617.8,5.2666004e-05,3066.8618633631604
617.9,5.9816815e-05,3047.0263308539625
618.0,3.83133e-05,3697.1668890831597
618.1,2.8625314e-05,4480.217701277183
618.2,4.546258e-05,3560.7919459647246
618.3,5.627205e-05,3268.284863214123
618.4,4.1118776e-05,3602.0871155953846
618.5,6.568645e-05,2999.723810779798
618.6,5.641728e-05,3334.4197142803696
618.7,3.485504e-05,4234.7828217868455
618.8,4.7725443e-05,3758.6667012059825
618.9,6.5588676e-05,3385.8020059597184
619.0,4.94978e-05,3654.025265351029
619.1,3.457151e-05,4111.183682561852
619.2,0.00029198744,1871.1843435857322
619.3,0.004103875,5065.84582385324
619.4,0.004645016,3108.1475201702397
619.5,0.00905445,7057.665466805908
619.6,0.012382363,2153.456290243337
619.7,0.005797283,7227.708783012251
619.8,0.011861387,2708.495254211058
619.9,0.005287636,8006.480945029505
620.0,0.0030562866,4188.148427947088
620.1,0.004696142,1659.5701207851748
620.2,0.003613381,2902.977794349549
620.3,0.0022142492,3375.1932495593264
620.4,0.0009915499,1918.844982724046
620.5,0.0010511681,3292.2500439057644
620.6,0.0012927921,2648.498139085889
620.7,0.0023926687,2496.177908416034
620.8,0.0025184376,2402.1336327349886
620.9,0.00011196884,3615.739602242517
621.0,0.00010496797,3145.932323402326
621.1,7.131828e-05,3201.1686951597044
621.2,7.693072e-05,2721.5768964208955
621.3,6.0973027e-05,3391.746833621126
621.4,5.8310783e-05,3085.156934918228
621.5,8.006036e-05,2714.6200418643457
621.6,5.6897497e-05,3130.240976051842
621.7,4.567273e-05,3709.698804411595
621.8,3.661389e-05,3922.8350795390984
621.9,5.706202e-05,3515.540336909914
622.0,0.00016315552,2956.5647483226285
622.1,0.002693794,3911.6646357685577
622.2,0.0025419118,6985.993674768858
622.3,0.0018383857,4760.054544596917
622.4,0.0015684091,2491.6064526045866
622.5,0.0017704925,2725.3283453084005
622.6,0.0022362117,3003.8630510791463
622.7,0.0037362066,2828.088147830587
622.8,0.0011466582,3244.8784707877694
622.9,0.00013048906,3565.152045203445
623.0,0.00010003504,3617.0437002503954
623.1,9.45568e-05,3231.016329901571
623.2,8.0151935e-05,3022.4079641239605
623.3,4.7518315e-05,3343.3953449135884
623.4,4.5864457e-05,3432.0174376809355
623.5,5.86989e-05,3582.2140009239592
623.6,4.6942798e-05,3759.1655775403283
623.7,5.6014713e-05,7685.799926565411
623.8,4.359009e-05,4675.940475899119
623.9,5.1128234e-05,3798.7082937495206
624.0,4.1248e-05,4311.055824710108
624.1,1.981875e-07,9846.105616776753
624.2,1.9911501e-07,10159.218722582857
624.3,1.9302283e-07,10108.850252258966
624.4,2.0606154e-07,10079.001349359545
624.5,1.9811817e-07,9919.241645884507
624.6,1.9215561e-07,10054.37645917704
624.7,1.9671415e-07,9949.018066891897
624.8,2.073854e-07,9874.745115085363
624.9,1.9721686e-07,10234.49385936021
625.0,1.9631678e-07,9826.312358297715
625.1,2.0170152e-07,9857.135182259324
625.2,1.9377721e-07,9987.110414902992
625.3,2.024809e-07,10011.962674381952
625.4,2.7957098e-05,4978.481525437413
625.5,6.4076885e-05,3405.698045084023
625.6,5.718861e-05,3257.5427764211545
625.7,5.152907e-05,3407.2273063332327
625.8,7.066081e-05,3013.3312846401095
625.9,5.5002678e-05,3602.717320977537
626.0,3.9542632e-05,3628.9382987753866
626.1,4.9184757e-05,3330.1590056984187
626.2,4.3309654e-05,3989.2444153794813
626.3,0.00029769255,1446.615138741144
626.4,0.016093856,849.5881548778927
626.5,0.0080745965,1770.3541331971294
626.6,0.0022634265,2247.274203157491
626.7,0.0014843207,1176.6293301798642
626.8,0.0027663533,2688.429997557823
626.9,0.008776432,1090.9599842151065
627.0,0.009320787,1045.4517209609294
627.1,0.010758727,2003.46294053071
627.2,0.008500262,1174.6298473815043
627.3,0.005244839,2038.1887644619637
627.4,0.0015723953,2225.0464416902714
627.5,0.0004272947,2160.2462316831616
627.6,0.00010989467,3124.7254122818194
627.7,0.0001059239,2868.920752957954
627.8,7.330832e-05,2854.0909248821436
627.9,7.176476e-05,2758.6543458841743
628.0,0.0002288822,2718.035828232318
628.1,0.008032837,3278.3159986513697
628.2,0.009458176,2289.548493259659
628.3,0.0012662641,7067.079614110222
628.4,0.0035643694,3494.472744243639
628.5,0.0016360212,2018.2664390487448
628.6,0.00023770992,4506.132713483006
628.7,0.0020362504,2175.014647309727
628.8,0.002454389,2377.853942007174
628.9,0.0005713601,2261.048303675943
629.0,8.689007e-05,4048.3797402537293
629.1,7.3487594e-05,3665.9738920056366
629.2,6.0076625e-05,3381.6343519147326
629.3,4.981705e-05,3588.087496973911
629.4,4.555836e-05,3462.314367388115
629.5,3.725614e-05,4447.4180743471925
629.6,3.516135e-05,4515.11601384267
629.7,4.5257577e-05,3647.6559552888702
629.8,3.7852034e-05,4314.083549809835
629.9,3.3173965e-05,4117.965934828939
630.0,7.5734955e-05,3181.257094493088
630.1,5.8700043e-05,3580.779967612015
630.2,0.0002941339,1516.655184784765
630.3,0.0020234156,4248.077961977926
630.4,0.0025766392,1944.703908858649
630.5,0.00014157072,3765.8677493399978
630.6,0.000101042155,3475.3206425735534
630.7,7.24259e-05,3059.0977564713103
630.8,0.0013809843,1191.7390687652178
630.9,0.00088542694,2095.779306161672
631.0,0.0015978299,3211.933861536842
631.1,0.0010135956,3099.5542032639214
631.2,0.0007659269,3020.1438365620033
631.3,0.00055478915,2640.991147661471
631.4,0.00030229904,2377.463148032101
631.5,0.00018295136,2068.9433469041414
631.6,0.00010666885,2387.06919812254
631.7,9.373613e-05,2531.0565053762475
631.8,5.8928945e-05,2861.5576788805165
631.9,5.650022e-05,2911.783224061218
632.0,3.4791577e-05,3814.10380568373
632.1,0.0001475541,3968.532941207836
632.2,0.00025527753,2693.1068623850024
632.3,0.0036384873,3537.8387056806596
632.4,0.0076956037,1685.0373814507152
632.5,0.007586763,2789.413586471221
632.6,0.0064790775,1307.988541807455
632.7,0.0055203685,2003.7783726492944
632.8,0.003697486,8107.646835491572
632.9,0.013721287,1236.5002529847034
633.0,0.0090637645,1759.6506717731809
633.1,0.005096036,6959.168743935163
633.2,0.002120228,4101.201668758479
633.3,0.004461834,6983.697663294556
633.4,0.0029017772,4056.4892100947905
633.5,0.005630425,9020.641283091118
633.6,0.002973348,3409.571397841689
633.7,0.008145407,2057.373944836472
633.8,0.008711854,2390.616572721052
633.9,0.0062290104,1201.6108442026716
634.0,0.0046504107,2789.646754340173
634.1,0.0020468403,3850.104388140593
634.2,0.0015811116,3314.315943503775
634.3,0.0050424277,7894.818431574652
634.4,0.007912267,7463.894154639519
634.5,0.003396357,5266.653457298277
634.6,0.00011866215,5016.79398366217
634.7,0.00010860524,4818.8422598629495
634.8,0.00012726976,3986.4288575895207
634.9,0.00018398446,3017.1802543344793
635.0,0.0001600781,3039.5278467176945
635.1,0.0001657494,2597.18223955931
635.2,0.00017025683,2256.485136650961
635.3,7.0929695e-05,3406.1054539333136
635.4,0.0011064842,2135.064296573109
635.5,0.0057347044,2446.2195792972493
635.6,0.0072640977,2819.256325776808
635.7,0.0017949574,7519.377981094656
635.8,0.0055031735,3465.696205478786
635.9,0.004512956,2909.5679188382887
636.0,0.00047792585,1798.3533093715828
636.1,0.002868265,2573.134111821977
636.2,0.0068524973,2339.082882543818
636.3,0.0023838335,4341.3775354213885
636.4,0.0026023681,7606.830492425339
636.5,0.002906259,1926.5792418559151
636.6,0.00013664845,4279.9353470505275
636.7,0.0015470306,2483.459951509795
636.8,0.00047229722,2011.5381345215717
636.9,0.00017619513,3046.148978771318
637.0,0.000114169634,3330.32984800383
637.1,6.179497e-05,3642.8047284095524
637.2,5.1664323e-05,3256.0996569053436
637.3,4.703733e-05,3659.698460496981
637.4,4.354981e-05,3995.848115804843
637.5,4.7947808e-05,3740.5692797520533
637.6,6.7052366e-05,3526.5811304140607
637.7,4.8832328e-05,3878.829281983554
637.8,5.575075e-05,3187.353346800176
637.9,4.596861e-06,3878.3942589196186
638.0,1.9083039e-07,9774.848140645223
638.1,1.9670865e-07,9876.783031883428
638.2,1.9587162e-07,9852.152951263686
638.3,1.9912788e-07,10155.67371019047
638.4,1.9984097e-07,9840.956217807787
638.5,1.9699482e-07,9852.601981170992
638.6,1.9565759e-07,9952.374894145272
638.7,1.8904647e-07,9982.514313804782
638.8,1.9604937e-07,10332.822167725028
638.9,1.9046067e-07,9770.651725747908
639.0,1.95677e-07,9823.030193233863
639.1,3.0676467e-05,5297.179603212748
639.2,4.487921e-05,4416.549987380542
639.3,7.2993964e-05,3182.759017031992
639.4,5.0440918e-05,3570.7654945530676
639.5,4.5827168e-05,3585.059321489356
639.6,5.0045855e-05,3293.265049433246
639.7,3.7702357e-05,4036.3827867641735
639.8,0.00016709365,2699.1497053432645
639.9,0.0019936508,7267.236347230415
640.0,0.0016816448,3776.2553330702603
640.1,0.0018295306,3309.5029718795704
640.2,0.00093829236,4035.9147657762214
640.3,0.0009206548,4150.96055252905
640.4,0.0044433167,2389.9047757738545
640.5,0.00046967348,2640.2810875539885
640.6,0.00017713518,2775.9270458157216
640.7,9.585951e-05,3064.2739211051285
640.8,5.2795986e-05,3554.4900146417544
640.9,6.1409584e-05,3513.8490289563797
641.0,3.41291e-05,4112.074730621517
641.1,3.7311667e-05,3757.664531512001
641.2,0.00013465925,1960.2759699978435
641.3,0.00021776305,1880.9917940821874
641.4,0.00015856947,2018.567183930017
641.5,0.00012802728,2219.956211480154
641.6,9.0782814e-05,2361.197305211729
641.7,5.8145044e-05,2919.2522427135873
641.8,5.5839977e-05,3760.3973885707665
641.9,0.00019001916,2044.8303242457887
642.0,0.0051817526,3471.4187067588346
642.1,0.010512431,8096.487361689311
642.2,0.012933893,2781.6671338153255
642.3,0.009551374,2284.5031260230853
642.4,0.0029113155,4349.254901298661
642.5,0.002155646,4421.858584358262
642.6,0.002118442,2895.276799198573
642.7,0.003527025,3247.6688044636644
642.8,0.0015015997,4792.800096986566
642.9,0.0011319309,2492.8634508912037
643.0,0.0058869757,3166.570292441297
643.1,0.0066128913,1940.68516849775
643.2,0.004767874,2033.7870995244994
643.3,0.0043908535,2641.3204487675603
643.4,0.0011195746,3584.176327032116
643.5,0.0021062212,3211.450219032199
643.6,0.0012822716,1635.4170933941991
643.7,0.0006991671,3505.909220031601
643.8,9.318557e-05,3774.8027884957487
643.9,8.62576e-05,3698.4887009084955
644.0,6.640276e-05,3288.906434007093
644.1,6.43899e-05,3260.488344525341
644.2,5.784896e-05,3052.706418382557
644.3,5.9071368e-05,3260.0818037189583
644.4,4.31459e-05,3922.5480138489893
644.5,7.000378e-05,3439.9904439305683
644.6,0.0029534618,3773.2171460923123
644.7,0.005445695,2200.044576109198
644.8,0.006241015,2067.387325624321
644.9,0.0073954253,2307.2559937928754
645.0,0.0014319087,2381.628760361219
645.1,0.0016982278,2976.499279953471
645.2,0.000912586,4321.625186464496
645.3,0.0020598418,2779.455585342314
645.4,0.00010250177,4156.83811097299
645.5,0.0044904677,1969.4041800256366
645.6,0.0035268862,2503.4544337471743
645.7,0.00062766235,3389.7903245227344
645.8,0.00019063803,2919.5879514936896
645.9,0.00020566606,3108.0720620800194
646.0,0.00046815857,2571.2376994559518
646.1,0.00044820746,2431.2854287982727
646.2,0.0003253018,2266.2921611233323
646.3,0.0002027195,2050.374310335648
646.4,0.000110848516,2285.734356567625
646.5,7.98972e-05,2765.8045739941763
646.6,0.0023734577,8878.310618818956
646.7,0.00222063,3990.1149845445234
646.8,0.0071536656,1799.44965793172
646.9,0.005762185,6747.090551042683
647.0,0.0052078115,7658.247271731413
647.1,0.007637745,4222.0403987665695
647.2,0.012630826,1748.0697461448135
647.3,0.0030629786,2010.159445617404
647.4,0.0012445085,2471.008219080186
647.5,0.0011383959,1759.8426522574293
647.6,0.0019813853,4289.948365067676
647.7,0.00035652277,2447.73970716407
647.8,9.573886e-05,4332.136298837652
647.9,0.00010183103,3859.234512700641
648.0,7.2981114e-05,3382.7825785086657
648.1,6.5276734e-05,2992.252215668833
648.2,2.0106306e-07,9832.065944922262
648.3,1.9840869e-07,10248.567453126972
648.4,1.9933725e-07,10148.354728207452
648.5,1.9393894e-07,9995.964538789953
648.6,1.9470502e-07,10011.956188887769
648.7,1.9196034e-07,10129.385895188381
648.8,1.9403576e-07,10009.625192234056
648.9,1.9626572e-07,10223.99974329715
649.0,1.9859921e-07,9958.954849202455
649.1,1.9668548e-07,9802.638445677034
649.2,1.9585438e-07,10139.549601108083
649.3,1.9868519e-07,9724.687248343183
649.4,1.953558e-07,10083.053892572883
649.5,1.9362086e-07,9761.840935395154
649.6,2.783442e-07,9852.253550377614
649.7,3.4172113e-05,4646.987659197042
649.8,5.665853e-05,3680.755781459558
649.9,7.035028e-05,3555.207499896481
650.0,7.4933545e-05,2376.6572872189377
650.1,0.00010677407,2640.1211104133135
650.2,0.00019435867,2103.791379627558
650.3,0.0025135418,3760.6772854802166
650.4,0.0060338476,2785.4799456605297
650.5,9.373386e-05,4785.4483095941305
650.6,0.0012635635,2690.4427777702917
650.7,0.019606749,1582.963476920799
650.8,0.00043629884,3560.8203323834705
650.9,0.0081855375,2618.7323946493593
651.0,0.0030218393,1699.4373784358434
651.1,0.00042293366,2121.2850340670134
651.2,0.00012827945,3479.345084710871
651.3,0.0004815813,1690.7061576772026
651.4,0.0005055071,1784.3416653173244
651.5,0.00014988535,1855.173053849784
651.6,0.00013708806,2161.4891276272656
651.7,0.0001085567,2165.91481395133
651.8,0.00010689111,3332.929426024347
651.9,0.006790123,7609.463350983562
652.0,0.0033397537,2043.8481075885838
652.1,0.0061295517,4670.28497750285
652.2,0.0002735762,3499.174046577407
652.3,0.00022448035,3146.638828513021
652.4,0.0006103125,2379.904673726936
652.5,0.0003278028,2310.9242125209744
652.6,9.052681e-05,3939.007166897346
652.7,0.009012292,9946.190390389624
652.8,0.013365734,3410.871319442447
652.9,0.019461041,1313.6556509472243
653.0,0.009632217,4227.642656526996
653.1,0.01766048,1692.896518223047
653.2,0.013464444,827.5240885432572
653.3,0.0067636464,2292.6492206881626
653.4,0.004272047,2301.6857086441823
653.5,0.009243356,1988.3122105799948
653.6,0.00333768,3668.55869976784
653.7,0.02686565,1222.0495926145
653.8,0.019631881,2123.968078111425
653.9,0.004837509,5174.2227231760435
654.0,0.009273377,2311.7771107964063
654.1,0.017062383,2018.9353442207848
654.2,0.01575146,1892.4477814260956
654.3,0.002096282,2072.802577179974
654.4,0.0027099226,3114.983546144641
654.5,0.004435566,3934.7210334938827
654.6,0.010253173,1139.1383072136075
654.7,0.0033592437,2149.5040769591837
654.8,0.0039291424,2847.190709476782
654.9,0.008371791,2575.6013528423036
655.0,0.0016954358,3021.978349937182
655.1,0.00062652293,3005.373850283493
655.2,0.0020849737,2132.76163930963
655.3,0.00012518567,3503.6727746567913
655.4,0.00010714257,3219.630513844035
655.5,8.247546e-05,3417.544549005419
655.6,8.906357e-05,2665.6022702598752
655.7,7.784451e-05,2674.047570593163
655.8,6.536824e-05,3027.638599239468
655.9,2.5195679e-05,3606.862475374507
656.0,1.9593732e-07,10006.467906621152
656.1,1.9121023e-07,10209.231118052354
656.2,1.9478436e-07,9998.947635214165
656.3,1.9712354e-07,9919.984471080199
656.4,1.9329781e-07,9755.272727044796
656.5,1.9714399e-07,9919.126760365834
656.6,1.8953669e-07,9992.366875394098
656.7,1.9717126e-07,9930.605459377097
656.8,2.5501286e-05,5595.488990956858
656.9,5.8133093e-05,3391.5329100345293
657.0,8.54387e-05,3412.5986984942697
657.1,0.00010182752,2691.4719118108487
657.2,0.00010157938,2516.2172307788805
657.3,0.00047353754,2181.396259882266
657.4,0.00044838965,2287.1003883893504
657.5,0.0002636385,2215.504315654801
657.6,0.00021805089,2141.6674165399886
657.7,0.005094368,3732.4849093438106
657.8,0.005780298,9256.379098519405
657.9,0.005000463,2895.9923832936415
658.0,0.0023790055,1859.4844917718783
658.1,0.00016002177,4801.059655734594
658.2,0.0011873522,6759.763904296162
658.3,0.0032740182,3469.448165355023
658.4,0.00083074917,3333.2025606011534
658.5,0.00018648585,3394.751283386831
658.6,0.00013979757,3584.8779669958217
658.7,0.00012851859,3065.8497200865336
658.8,0.00010917195,2938.5625854181253
658.9,6.921975e-05,3252.493023390676
659.0,0.000117167685,2781.243362493085
659.1,0.009475003,1638.1247850584787
659.2,0.016653657,2293.9808876487323
659.3,0.011076888,2115.4194574271332
659.4,0.008474455,3968.001394045754
659.5,0.01142543,3387.5848178103315
659.6,0.011630137,2742.2383976576466
659.7,0.004145136,3807.9907166254393
659.8,0.010322811,2407.1465790916327
659.9,0.010420731,1948.1119725606827
660.0,0.006484467,2118.2143933944412
660.1,0.004135498,3075.066148970137
660.2,0.0065158987,7201.782128454568
660.3,0.005723312,6923.998743638798
660.4,0.010984985,1790.0875270833362
660.5,0.0068912082,1152.9606516649217
660.6,0.0021946006,2037.0298292910165
660.7,0.0034033158,3617.301717819947
660.8,0.00072279177,2842.621444547547
660.9,0.00019606054,2707.9695608316333
661.0,0.0003016456,2264.0987991949255
661.1,0.00020412856,2325.2023364400397
661.2,0.00012220151,2517.185066202631
661.3,9.7828764e-05,2534.2839752803047
661.4,0.000233864,2380.743762254556
661.5,0.005378504,2531.163099957651
661.6,0.01640513,1855.3089221866353
661.7,0.012543085,1777.7531273712234
661.8,0.008209849,2008.744008710984
661.9,0.0010158973,1510.449754105367
662.0,0.0003519688,3037.2935080606862
662.1,0.00137813,3805.541605843815
662.2,0.0018765425,4644.832701344101
662.3,0.019796826,1362.5811534724482
662.4,0.0023246275,2735.400817310826
662.5,0.000422827,9377.908742451527
662.6,0.0045655807,3259.311957643452
662.7,0.0010747195,1804.1149813685065
662.8,0.0004217115,2087.9741772783045
662.9,0.00011647055,3625.081501882522
663.0,9.213803e-05,3228.0545189355207
663.1,0.00023162347,1547.4567952456418
663.2,0.0001282348,2211.7968257855255
663.3,0.00041706485,1137.1697111336223
663.4,0.0012024557,1329.6373363848058
663.5,0.005664868,2299.658202736837
663.6,0.0013330183,3098.361131176583
663.7,0.0002958122,2269.3190550118916
663.8,7.930798e-05,3700.4288025568803
663.9,7.4274045e-05,3340.0740069201343
664.0,8.351111e-05,2965.8667005365724
664.1,7.4302836e-05,3085.635632510212
664.2,2.993509e-05,3099.170006562211
664.3,1.98042e-07,10054.623873690984
664.4,1.9348427e-07,9929.049908216522
664.5,1.8998028e-07,9757.120949265945
664.6,1.9291431e-07,9990.441712672102
664.7,2.0042484e-07,9955.103409561276
664.8,1.8913406e-07,10174.078002767352
664.9,1.9487487e-07,9846.701401777511
665.0,1.925187e-07,9883.945437627399
665.1,1.107897e-05,6573.8534354982485
665.2,3.671868e-05,4993.234911947251
665.3,4.8850492e-05,3703.4205022894257
665.4,4.9416034e-05,4070.749855136661
665.5,4.0444047e-05,3680.0815577921485
665.6,0.0009963376,3893.856108787429
665.7,0.0018580271,3965.2891113254855
665.8,0.0014489801,3762.107449393985
665.9,0.0010438676,3119.4579957766787
666.0,0.00050310633,2238.266147591254
666.1,0.00028307916,7549.861041625264
666.2,0.004898373,4195.06242023123
666.3,0.01283703,8802.329799989076
666.4,0.008104297,7562.973513783385
666.5,0.0012035358,3603.483847410904
666.6,0.00171637,3535.821189005913
666.7,0.0014938415,3297.4276026433613
666.8,0.000338306,3047.4434410998083
666.9,0.008435841,9157.704749979479
667.0,0.034028206,1745.8403559205299
667.1,0.0037790954,3079.5722626441657
667.2,0.00064094615,3627.329844727493
667.3,0.024059344,1161.7154757817725
667.4,0.014100547,2955.1117411893147
667.5,0.009760151,3232.1965441755447
667.6,0.004044875,3563.818166495274
667.7,0.0021648454,2813.715927432455
667.8,0.00021556219,3218.928790706926
667.9,0.00021199133,2651.0492707274407
668.0,0.00021301555,2693.3149733427335
668.1,0.0003898863,1934.2341316889085
668.2,0.023415321,2291.724459814065
668.3,0.024554744,1290.165149927123
668.4,0.025845597,1131.727735775213
668.5,0.01369384,1738.575298981813
668.6,0.009669258,2255.1114473898133
668.7,0.011811008,2624.5186420009636
668.8,0.0032116966,3093.3337410125787
668.9,0.008865259,5214.851408995479
669.0,0.00022432477,6548.807069760255
669.1,0.024949003,7405.622370100538
669.2,0.005392521,3515.3553106744425
669.3,0.0021506108,3179.2163026585918
669.4,0.0032186585,2666.4680818546344
669.5,0.005226271,3230.1252628141974
669.6,0.0007430757,2363.680919564892
669.7,0.0056277323,2714.756532461692
669.8,0.0016630993,2536.1132444777104
669.9,0.00039060946,2150.9079766287387
670.0,0.00012056546,3402.902179189543
670.1,9.137505e-05,3615.738261273078
670.2,6.7427885e-05,3443.3160059410607
670.3,6.798922e-05,2946.808755314639
670.4,5.8014244e-05,3320.0350581414377
670.5,4.501233e-05,3270.1243568902814
670.6,4.944775e-05,3533.0301135398317
670.7,1.9275915e-07,10055.378989345158
670.8,1.9395168e-07,9925.781126831222
670.9,1.979016e-07,10162.867352724901
671.0,1.9912024e-07,10069.020930650939
671.1,1.9567048e-07,10246.085269022067
671.2,1.9766952e-07,10013.570124451579
671.3,2.0044763e-07,10095.340616592606
671.4,1.9613493e-07,10061.317058399714
671.5,1.9847839e-07,9960.60319320111
671.6,2.5345988e-05,5129.9376192778245
671.7,3.6950943e-05,4369.535857211767
671.8,3.2341053e-05,4549.402581280567
671.9,5.5384604e-05,3410.448491407623
672.0,6.2537605e-05,3170.576233532624
672.1,4.648268e-05,3906.381640730042
672.2,0.00012434238,2280.311795611496
672.3,0.016145986,1334.7865614902869
672.4,0.008008498,3165.0049091284327
672.5,0.0047346544,2774.7233719959313
672.6,0.0021936982,2811.4299749597326
672.7,0.004326965,858.2182477356649
672.8,0.00024993057,3297.904298603021
672.9,9.114969e-05,3542.7688265601964
673.0,8.199772e-05,3168.136235701763
673.1,0.004965788,1585.217478357683
673.2,0.00012995652,3595.3999472648384
673.3,0.000121273915,3455.016921356223
673.4,0.00010698382,2849.822251798925
673.5,7.57421e-05,2717.1912772632195
673.6,6.016174e-05,2951.158612987665
673.7,5.6316956e-05,3017.2709553110526
673.8,3.695186e-05,3891.5443963235134
673.9,5.932759e-05,3005.3845980376855
674.0,7.974356e-05,2568.5671340252293
674.1,5.9715287e-05,2821.890347344564
674.2,6.956103e-05,2947.601233404427
674.3,0.00013692678,1935.3996911590039
674.4,0.00018709728,2853.279789343409
674.5,0.013526169,2620.117154686973
674.6,0.01065111,949.3874727472991
674.7,0.0046141287,3661.149747969423
674.8,0.0040290058,3258.7954350306727
674.9,0.0018628454,1996.3684448383658
675.0,0.0034766314,3028.049512682916
675.1,0.00011140819,4122.147866453186
675.2,0.00010561436,4002.30289229462
675.3,9.0926354e-05,3328.629444926241
675.4,9.6344855e-05,2665.890232655307
675.5,7.510864e-05,3012.296436584419
675.6,6.7431174e-05,3066.0503644418195
675.7,9.208498e-05,2638.458137034992
675.8,9.32273e-05,2409.8921643122676
675.9,3.417126e-07,9516.668292901648
676.0,1.8988317e-07,9848.416395820164
676.1,1.9931157e-07,10102.699533382003
676.2,2.0501487e-07,10090.027353236082
676.3,1.9471257e-07,9890.861060184598
676.4,1.8798822e-07,10142.595992219962
676.5,1.9786243e-07,10199.708582994263
676.6,1.99172e-07,10104.476561771224
676.7,4.0558654e-05,4657.224577243668
676.8,7.765087e-05,2688.602400190141
676.9,5.7898367e-05,3159.5680437680603
677.0,5.109159e-05,3679.5445061975274
677.1,4.536283e-05,3776.4823957096255
677.2,0.00018448099,5161.894508053209
677.3,0.0052250708,3528.161751118595
677.4,0.0007190045,3320.7016301696813
677.5,0.002550254,5900.693355769331
677.6,0.0031492847,8686.923032633467
677.7,0.0017307095,2811.607368700801
677.8,0.00012890846,5155.557635246922
677.9,0.0029893734,2989.705862475546
678.0,0.0018343725,3176.9251143450933
678.1,0.00026894594,3392.2887808868445
678.2,9.984651e-05,3833.576634836666
678.3,0.00010265159,3715.985374750458
678.4,7.37253e-05,3294.65096332105
678.5,7.101382e-05,3150.2287404755725
678.6,4.4550838e-05,3580.5280652503757
678.7,7.469568e-05,4621.146580471788
678.8,0.005067996,3272.5731454139964
678.9,0.005926647,9600.194551474216
679.0,0.00047395853,6354.328005666628
679.1,0.0023158148,3649.5695784277405
679.2,0.0019907893,3030.3039007729094
679.3,0.00061698403,2469.51296259962
679.4,0.0019856545,3379.0916939855556
679.5,0.0001523363,4091.034921937693
679.6,0.000119904915,3743.0006182937327
679.7,0.00010473388,3394.2079443754437
679.8,6.6930814e-05,3597.2191775721635
679.9,7.643252e-05,3211.186815726307
680.0,5.4462995e-05,3460.7535687172476
680.1,4.5229037e-05,3551.4472048238185
680.2,3.9260878e-05,3993.8374707985427
680.3,2.9119572e-05,4128.383505334291
680.4,1.9439706e-07,9831.938158383327
680.5,1.8904147e-07,9989.214601273974
680.6,1.9355447e-07,10043.292731826263
680.7,1.9374465e-07,10008.304892519067
680.8,1.9351785e-07,10139.096006032143
680.9,2.024326e-07,9802.560528431548
681.0,1.8621775e-07,9838.827355579182
681.1,1.9737108e-07,10095.27838891106
681.2,1.98414e-07,9789.118557209746
681.3,1.9448647e-07,9762.215513791498
681.4,1.9329701e-07,9994.846262057063
681.5,1.9397424e-07,10144.354447953474
681.6,1.9764221e-07,9907.637116810263
681.7,1.9065777e-07,9618.817766696278
681.8,1.9639012e-07,9954.609948940428
681.9,2.0088983e-07,9847.797498332573
682.0,2.0021899e-07,10004.253118781951
682.1,2.0114265e-07,10133.870384352913
682.2,2.0101962e-07,10021.700600190645
682.3,1.9817946e-07,9736.838315848261
682.4,1.9728043e-07,9918.030668537587
682.5,1.8671103e-07,10160.303042069236
682.6,1.9758198e-07,10164.31323369555
682.7,1.40837465e-05,5964.354456120488
682.8,3.0335746e-05,4647.1030027865345
682.9,3.4874025e-05,4596.002074780394
683.0,5.9701164e-05,3410.524936287395
683.1,3.4412787e-05,4012.8971817550737
683.2,8.069508e-05,2476.9367130388096
683.3,0.00012059249,2029.828719768957
683.4,0.00014666644,1992.3956722963217
683.5,0.00013139125,2078.1789371023733
683.6,9.592755e-05,2245.2856168344006
683.7,0.000102646714,2247.7870733340087
683.8,7.401265e-05,2649.1626434939276
683.9,6.9697875e-05,2724.5336751581663
684.0,5.051284e-05,3222.247797481384
684.1,5.0069546e-05,3125.941221202706
684.2,5.0564795e-05,4294.564543086182
684.3,4.1116225e-05,3607.90637724751
684.4,4.7986803e-05,3413.263917543167
684.5,4.1480715e-05,3885.430181037569
684.6,4.922687e-05,3416.660940843891
684.7,0.0002471548,2383.9669467615804
684.8,0.010241413,2228.671082295273
684.9,0.009468959,7447.286491716698
685.0,0.01257671,2446.908584191304
685.1,0.007786692,7593.706371955861
685.2,0.009147971,2618.703479587379
685.3,0.0051368754,6664.553907835758
685.4,0.002812189,5809.66113630183
685.5,0.009139493,1271.5925028517106
685.6,0.006867643,2423.301201465885
685.7,0.006047078,2400.837136638499
685.8,0.0034982595,2027.1539999566521
685.9,0.0007651626,1803.3818531315917
686.0,0.00021435607,2487.544101696932
686.1,8.56379e-05,3495.5787172015494
686.2,8.545556e-05,3056.2108801640215
686.3,7.782279e-05,2902.259537835021
686.4,6.0500075e-05,3259.333652240406
686.5,5.3810603e-05,3376.787557056654
686.6,5.85068e-05,3008.511205936547
686.7,4.4267355e-05,3450.783991295021
686.8,4.0090254e-05,4005.4656118846597
686.9,4.3617514e-05,4043.111075157877
687.0,6.9034766e-05,3241.1553687652886
687.1,7.21983e-05,3390.1811943196913
687.2,0.002156032,9659.8411927565
687.3,0.00022961348,4829.609598216934
687.4,0.002161577,5016.178379211356
687.5,0.0035623694,3673.5963529895225
687.6,0.0023381994,5145.907757335395
687.7,0.0023808738,10301.31933097132
687.8,0.0010188902,3433.0752918924204
687.9,0.0024923994,2706.1464323505375
688.0,0.0006256796,2360.7441518028145
688.1,0.00011078381,4627.908223540155
688.2,9.200895e-05,4337.498691143276
688.3,8.0443126e-05,3766.3148268564833
688.4,6.852954e-05,4075.737025335136
688.5,7.338936e-05,3226.1151587662625
688.6,7.9988975e-05,2930.0743763049327
688.7,9.0821356e-07,8529.222617937696
688.8,1.968855e-07,10102.809462399828
688.9,1.977336e-07,10204.968548950292
689.0,1.895163e-07,10022.413932677486
689.1,1.8723047e-07,9865.045025847083
689.2,1.856278e-07,10057.536971075275
689.3,1.9663595e-07,9976.023117684166
689.4,1.9669388e-07,10038.385673307741
689.5,1.9570867e-07,10132.946035582987
689.6,1.8647816e-07,9848.30372253558
689.7,1.6315935e-05,5942.854540363915
689.8,5.469653e-05,3584.5597987036763
689.9,5.1914634e-05,3655.189253701251
690.0,4.229294e-05,3997.313332218362
690.1,7.641733e-05,3154.412325313727
690.2,7.633694e-05,5385.386697373871
690.3,0.0021467886,9822.622992091914
690.4,0.00022203574,4073.40046552893
690.5,0.0019437425,6036.168796431837
690.6,0.0033152413,3235.983330112325
690.7,0.0016827544,3565.5441191845375
690.8,0.0040417747,10050.292352102548
690.9,0.00046189452,2783.021991421274
691.0,0.00012699299,4517.16109131298
691.1,0.00011871061,4468.326669439084
691.2,9.613268e-05,4659.316761712733
691.3,8.587533e-05,4461.232887458542
691.4,5.324038e-05,5272.669398359407
691.5,4.4656448e-05,4544.443640714249
691.6,3.726072e-05,4761.226913911626
691.7,3.6558606e-05,3987.1241438934676
691.8,4.0802595e-05,4229.869538198376
691.9,9.07994e-05,2523.1516445157727
692.0,0.0034977521,9368.713954213388
692.1,0.00086604356,4319.103386520619
692.2,0.0018333684,5362.522222666017
692.3,0.0040677264,2828.6844018126985
692.4,0.002540393,5191.587893574294
692.5,0.0029993271,10638.677575204374
692.6,0.00063425576,3760.8216004242386
692.7,0.00012245447,5254.596413498749
692.8,8.259629e-05,5608.168786535865
692.9,8.0646096e-05,5548.355470980082
693.0,5.6319095e-05,5460.514734828395
693.1,4.2830387e-05,5726.68441548332
693.2,3.3342676e-05,6202.46355381709
693.3,3.6894773e-05,5015.548687797122
693.4,3.027589e-05,4636.168352007283
693.5,3.6934074e-05,4468.2716387136215
693.6,2.9116729e-05,4744.598559847248
693.7,5.8665068e-05,5058.9828054838
693.8,0.00010586005,6857.080337036272
693.9,0.00089696137,8073.542475422871
694.0,0.0020415583,4738.85190358146
694.1,0.0043014004,5645.134174486958
694.2,0.0013336901,5967.946624125754
694.3,0.0015566982,3795.4202965030054
694.4,0.0024554955,9181.783595537192
694.5,0.00473676,10692.76869658166
694.6,0.0003993907,5391.416415791993
694.7,0.00012292368,5341.681486229605
694.8,8.594208e-05,5703.68696617304
694.9,7.7091485e-05,5805.573188983302
695.0,5.0337534e-05,6514.7521714081195
695.1,5.4872038e-05,6164.2767361527385
695.2,3.9082777e-05,5879.923737699228
695.3,3.3582175e-05,6010.141636025978
695.4,4.1763637e-05,4800.556122759419
695.5,3.4835874e-05,4354.659601257636
695.6,3.0316275e-07,9441.917324971088
695.7,1.9566694e-07,10136.304273183243
695.8,1.9508272e-07,10163.088992439541
695.9,2.0120706e-07,9975.86261666136
696.0,1.9979713e-07,9897.29019259952
696.1,1.9480467e-07,10300.28448489472
696.2,1.9405947e-07,9938.714505405333
696.3,1.9789265e-07,9926.976268016626
696.4,1.9712455e-07,9844.288624204928
696.5,1.9038623e-07,10119.18496721438
696.6,1.9449247e-07,10017.873689049924
696.7,2.1730793e-07,9628.83748918083
696.8,3.3178432e-05,5061.008467336393
696.9,5.3611817e-05,3406.181586840599
697.0,6.025116e-05,3274.822736698279
697.1,6.621938e-05,3339.858036900432
697.2,5.2872572e-05,4007.8842164295475
697.3,5.028548e-05,3530.3068783407944
697.4,6.6279936e-05,3595.7694661248756
697.5,0.00115975,1130.6406380941858
697.6,0.0057573817,2793.108724793034
697.7,0.0029984273,3053.2644447338885
697.8,0.0016045887,3854.2823798569298
697.9,0.0023543115,7481.333715683444
698.0,0.0019016564,4711.017569771126
698.1,0.0022776625,4516.93178570626
698.2,0.0010615691,4494.17782704091
698.3,0.00068939355,3152.878145737898
698.4,0.0026204998,8088.597307304211
698.5,0.0014675241,7839.881717273653
698.6,9.652759e-05,5366.54043821089
698.7,7.820106e-05,5219.337323690253
698.8,7.299391e-05,5298.258287712866
698.9,5.325469e-05,5576.882801819285
699.0,4.9725015e-05,5232.4601720534765
699.1,9.091409e-05,3038.9344665770564
699.2,0.0057317684,2101.349175741146
699.3,0.0034765743,3390.038588644142
699.4,0.007134914,3080.2419470408076
699.5,0.0029712876,5823.297745387436
699.6,0.0022979444,8388.126733238587
699.7,0.00015657858,4695.120641333497
699.8,0.0007832716,4550.825484261955
699.9,0.0012198244,2868.8612544786147
700.0,0.0014587553,4927.375861198703
700.1,0.0024128393,9765.107155736196
700.2,0.00032990126,4253.266608407535
700.3,8.3420884e-05,5879.861615435069
700.4,7.7721925e-05,5712.924865838456
700.5,6.033335e-05,6126.8185526779
700.6,4.9320166e-05,5969.846371479767
700.7,2.9718103e-05,6577.917417330652
700.8,3.90193e-05,5481.8723553745385
700.9,4.709709e-05,4085.5671870471797
701.0,3.5117147e-05,4311.816324603773
701.1,4.951699e-05,3801.357544751153
701.2,4.583259e-05,3646.920121237383
701.3,5.431446e-05,3229.801219276789
701.4,0.0028650195,2416.3099428698324
701.5,0.0024030611,2971.016395497088
701.6,0.001841774,3726.5136097252494
701.7,0.0021309387,9157.394624679207
701.8,0.00012671262,5178.895050844443
701.9,0.00088931393,5107.236102082028
702.0,0.001103008,3386.5762559470336
702.1,0.0016919321,5331.4800177859815
702.2,0.0015074704,7772.426933670125
702.3,9.269961e-05,5686.104209613833
702.4,8.813806e-05,5122.099947525287
702.5,8.676427e-05,4964.414279672657
702.6,0.00020455178,3416.2073271809145
702.7,0.0003323627,1913.0627301683949
702.8,0.0052525816,2434.32839503163
702.9,0.004411978,2890.874293821666
703.0,0.0029544886,4652.6954768412525
703.1,0.001812852,8336.53424425373
703.2,0.00017199482,4455.565875194985
703.3,0.002054822,4800.301365563177
703.4,0.0015700388,4104.9938868383915
703.5,0.0014146356,5365.346339987238
703.6,0.0020285873,10144.159457224501
703.7,0.00017795134,4908.8884957789005
703.8,8.5150714e-05,5925.669183155027
703.9,6.472669e-05,5827.25011262282
704.0,7.8042736e-05,5633.653710526434
704.1,7.6937686e-05,5367.988655358381
704.2,5.522487e-05,4969.593437339891
704.3,4.167904e-05,4524.688711038264
704.4,4.2601674e-05,4068.8445821741925
704.5,7.031904e-05,3522.9559309964425
704.6,4.6154913e-05,3985.350257243564
704.7,5.3187163e-05,4415.665767155966
704.8,2.5266427e-05,4246.765227492169
704.9,1.9012197e-07,9852.924474521751
705.0,1.9620211e-07,9785.678777481422
705.1,2.0179516e-07,9971.443187400419
705.2,1.8914876e-07,9953.464095515264
705.3,1.972375e-07,10013.893906978112
705.4,1.893088e-07,10140.821565923183
705.5,1.9929328e-07,9869.884608438957
705.6,2.0192716e-07,9968.416913367615
705.7,2.0368334e-07,10046.825234280102
705.8,2.0212842e-07,10266.347537161519
705.9,1.9953244e-05,5231.521381267512
706.0,4.469745e-05,3713.8673576490655
706.1,0.00014235661,3958.328974238101
706.2,0.00052579126,2373.343556048908
706.3,0.00061156484,2554.7820599712304
706.4,0.00038919982,2355.4967155066693
706.5,0.00022777551,2191.636393261472
706.6,0.00013840238,2110.406919637409
706.7,9.640486e-05,2359.028055213239
706.8,5.3593118e-05,2925.0181346206077
706.9,4.096928e-05,3519.7715919088473
707.0,3.7461483e-05,3740.204530226642
707.1,3.5534686e-05,4458.99973068373
707.2,0.00038933594,2425.6076774586436
707.3,0.004936009,3109.9314255997915
707.4,0.009219384,3012.5258814120643
707.5,0.01140498,2507.2556153664264
707.6,0.005734075,2343.458515117569
707.7,0.0034650355,4098.315725636061
707.8,0.004086025,3681.971671413589
707.9,0.003483614,3595.0430858330465
708.0,0.0012549281,3181.7256046791645
708.1,0.00041233818,2755.2981699351812
708.2,0.00014246457,3240.454215617783
708.3,8.390761e-05,3483.578780486344
708.4,6.4120344e-05,3332.335546547736
708.5,7.598106e-05,2975.995583621754
708.6,7.0377064e-05,3069.1449420046283
708.7,5.2060845e-05,3308.366288681846
708.8,7.59911e-05,2769.2593110450434
708.9,0.0038397745,2398.885286411488
709.0,0.008038146,2955.477370331406
709.1,0.0030496593,6449.257760587498
709.2,0.005435374,7644.820252338715
709.3,0.0045013404,4306.80553190396
709.4,0.00169836,3370.966686390083
709.5,0.001133801,1820.9703861833011
709.6,0.0012751602,2586.057320033516
709.7,0.0032210741,5536.221149826413
709.8,0.0053635365,10024.516085408974
709.9,0.00062474294,6724.795714486561
710.0,0.00012486824,5167.448258646453
710.1,7.7750956e-05,5548.514302314513
710.2,9.141846e-05,4814.726122323935
710.3,8.9601715e-05,4967.90566744564
710.4,6.4676155e-05,5590.771452739153
710.5,6.477946e-05,5172.93894912717
710.6,9.408354e-05,3828.8209178907455
710.7,6.9028174e-05,3759.239215865343
710.8,6.530699e-05,3028.857186041617
710.9,5.524662e-05,2967.3284421607505
711.0,5.5431396e-08,9907.193672837415
711.1,5.598604e-08,10213.444800628738
711.2,5.614078e-08,9887.292468539898
711.3,5.817429e-08,10075.195042669788
711.4,5.36646e-08,10042.470033683781
711.5,5.5801642e-08,9862.670388255192
711.6,5.781343e-08,9903.499939238678
711.7,5.7688954e-08,10081.532333730305
711.8,5.549856e-08,9945.266610792492
711.9,5.3542863e-08,9827.95931135834
712.0,5.7329487e-08,9906.43214038038
712.1,5.6494663e-08,9883.723736763131
712.2,5.5300188e-08,10011.425038386755
712.3,5.802662e-08,10209.312588910409
712.4,5.5658475e-08,9897.567616353692
712.5,5.5127888e-08,9856.244132936166
712.6,5.6004605e-08,9866.24164778629
712.7,5.6568318e-08,9959.34325201186
712.8,5.6128364e-08,10050.213412936824
712.9,5.6219594e-08,9834.90985032365
713.0,5.5591514e-08,9992.175017508187
713.1,5.758811e-08,9996.033272557628
713.2,5.6451398e-08,9832.45645339805
713.3,5.7079138e-08,10124.007990305363
713.4,5.7775264e-08,10042.61152943722
713.5,5.6913933e-08,10097.27138753453
713.6,5.643494e-08,10047.635144443117
713.7,5.55687e-08,9729.93870238967
713.8,5.729221e-08,10059.268644991083
713.9,5.449431e-08,9932.992827795282
714.0,5.859784e-08,10032.604986058708
714.1,5.5932937e-08,10034.979632543207
714.2,5.6579154e-08,9962.531064972909
714.3,5.6526858e-08,10021.202534726172
714.4,5.694753e-08,10074.524542907067
714.5,5.738195e-08,10029.581034623086
714.6,5.8892923e-08,10071.226152946378
714.7,5.7740753e-08,9782.000895091467
714.8,5.7365153e-08,10075.899741869018
714.9,4.5283922e-08,10006.736950624658
